7.949163987008656118e-02, 7.223890513851290163e-02, 3.486149148935525632e-01, 4.996545400978479878e-01
7.962145793787119008e-02, 7.234177737828219323e-02, 3.489962199576993052e-01, 4.990405447261472838e-01
7.975236586292734631e-02, 7.244569973067713220e-02, 3.493764273928637865e-01, 4.984255070135317767e-01
7.988436232205253784e-02, 7.255067117593312631e-02, 3.497555276524927370e-01, 4.978094388495216127e-01
8.001744598629409455e-02, 7.265669069098978916e-02, 3.501335112109255077e-01, 4.971923521117905809e-01
8.015161552088341523e-02, 7.276375724942506229e-02, 3.505103685637165900e-01, 4.965742586659750435e-01
8.028686958517006200e-02, 7.287186982138961489e-02, 3.508860902279585803e-01, 4.959551703654817012e-01
8.042320683255639591e-02, 7.298102737354135450e-02, 3.512606667426067530e-01, 4.953350990512954688e-01
8.056062591043239296e-02, 7.309122886897999327e-02, 3.516340886688024137e-01, 4.947140565517852417e-01
8.069912546011077936e-02, 7.320247326718171132e-02, 3.520063465901984712e-01, 4.940920546825090520e-01
8.083870411676220835e-02, 7.331475952393430584e-02, 3.523774311132841230e-01, 4.934691052460193350e-01
8.097936050935135299e-02, 7.342808659127207649e-02, 3.527473328677105946e-01, 4.928452200316660869e-01
8.112109326057241609e-02, 7.354245341741123820e-02, 3.531160425066171005e-01, 4.922204108153993563e-01
8.126390098678583362e-02, 7.365785894668537559e-02, 3.534835507069570282e-01, 4.915946893595716793e-01
8.140778229795488097e-02, 7.377430211948111938e-02, 3.538498481698250653e-01, 4.909680674127390732e-01
8.155273579758250124e-02, 7.389178187217387839e-02, 3.542149256207832164e-01, 4.903405567094604178e-01
8.169876008264888301e-02, 7.401029713706429314e-02, 3.545787738101892628e-01, 4.897121689700976166e-01
8.184585374354919063e-02, 7.412984684231425925e-02, 3.549413835135228346e-01, 4.890829159006135907e-01
8.199401536403164159e-02, 7.425042991188371411e-02, 3.553027455317144256e-01, 4.884528091923702742e-01
8.214324352113600014e-02, 7.437204526546749295e-02, 3.556628506914719656e-01, 4.878218605219244441e-01
8.229353678513252890e-02, 7.449469181843237919e-02, 3.560216898456103896e-01, 4.871900815508246607e-01
8.244489371946145395e-02, 7.461836848175444625e-02, 3.563792538733779880e-01, 4.865574839254059869e-01
8.259731288067247157e-02, 7.474307416195699605e-02, 3.567355336807864763e-01, 4.859240792765839312e-01
8.275079281836522638e-02, 7.486880776104823387e-02, 3.570905202009380108e-01, 4.852898792196485567e-01
8.290533207512965075e-02, 7.499556817645977591e-02, 3.574442043943542036e-01, 4.846548953540564253e-01
8.306092918648730339e-02, 7.512335430098511513e-02, 3.577965772493045815e-01, 4.840191392632230416e-01
8.321758268083280508e-02, 7.525216502271865615e-02, 3.581476297821347687e-01, 4.833826225143137423e-01
8.337529107937584338e-02, 7.538199922499495831e-02, 3.584973530375952788e-01, 4.827453566580338085e-01
8.353405289608370476e-02, 7.551285578632825624e-02, 3.588457380891692527e-01, 4.821073532284186891e-01
8.369386663762441725e-02, 7.564473358035246620e-02, 3.591927760394013625e-01, 4.814686237426218929e-01
8.385473080330985152e-02, 7.577763147576163649e-02, 3.595384580202249936e-01, 4.808291797007034907e-01
8.401664388504018199e-02, 7.591154833625046727e-02, 3.598827751932914820e-01, 4.801890325854178410e-01
8.417960436724812590e-02, 7.604648302045544095e-02, 3.602257187502970193e-01, 4.795481938619995388e-01
8.434361072684405658e-02, 7.618243438189632732e-02, 3.605672799133101680e-01, 4.789066749779495868e-01
8.450866143316169976e-02, 7.631940126891796627e-02, 3.609074499350996557e-01, 4.782644873628205673e-01
8.467475494790416279e-02, 7.645738252463271656e-02, 3.612462200994613348e-01, 4.776216424280016470e-01
8.484188972509061621e-02, 7.659637698686293239e-02, 3.615835817215449222e-01, 4.769781515665014737e-01
8.501006421100358590e-02, 7.673638348808421716e-02, 3.619195261481799597e-01, 4.763340261527322372e-01
8.517927684413678646e-02, 7.687740085536887147e-02, 3.622540447582026091e-01, 4.756892775422916220e-01
8.534952605514353752e-02, 7.701942791032993785e-02, 3.625871289627811134e-01, 4.750439170717454251e-01
8.552081026678574893e-02, 7.716246346906567577e-02, 3.629187702057409259e-01, 4.743979560584077326e-01
8.569312789388351670e-02, 7.730650634210431416e-02, 3.632489599638891731e-01, 4.737514058001230377e-01
8.586647734326519066e-02, 7.745155533434969208e-02, 3.635776897473399494e-01, 4.731042775750451956e-01
8.604085701371844142e-02, 7.759760924502671908e-02, 3.639049510998372816e-01, 4.724565826414176550e-01
8.621626529594154931e-02, 7.774466686762795953e-02, 3.642307355990785922e-01, 4.718083322373518018e-01
8.639270057249534562e-02, 7.789272698986038357e-02, 3.645550348570378851e-01, 4.711595375806064689e-01
8.657016121775618078e-02, 7.804178839359257602e-02, 3.648778405202867670e-01, 4.705102098683645040e-01
8.674864559786903129e-02, 7.819184985480265304e-02, 3.651991442703173552e-01, 4.698603602770110022e-01
8.692815207070155037e-02, 7.834291014352663673e-02, 3.655189378238616893e-01, 4.692099999619100958e-01
8.710867898579884028e-02, 7.849496802380709348e-02, 3.658372129332126965e-01, 4.685591400571814114e-01
8.729022468433857151e-02, 7.864802225364261878e-02, 3.661539613865432141e-01, 4.679077916754756927e-01
8.747278749908700413e-02, 7.880207158493773845e-02, 3.664691750082245125e-01, 4.672559659077507588e-01
8.765636575435595268e-02, 7.895711476345336488e-02, 3.667828456591445963e-01, 4.666036738230460723e-01
8.784095776595969574e-02, 7.911315052875779463e-02, 3.670949652370242844e-01, 4.659509264682580865e-01
8.802656184117325922e-02, 7.927017761417819164e-02, 3.674055256767345679e-01, 4.652977348679139258e-01
8.821317627869114386e-02, 7.942819474675276437e-02, 3.677145189506104139e-01, 4.646441100239457334e-01
8.840079936858678822e-02, 7.958720064718334541e-02, 3.680219370687663472e-01, 4.639900629154636302e-01
8.858942939227265612e-02, 7.974719402978876215e-02, 3.683277720794090881e-01, 4.633356044985295630e-01
8.877906462246114294e-02, 7.990817360245856815e-02, 3.686320160691502479e-01, 4.626807457059299855e-01
8.896970332312632845e-02, 8.007013806660766286e-02, 3.689346611633178008e-01, 4.620254974469483189e-01
8.916134374946604879e-02, 8.023308611713099447e-02, 3.692356995262659480e-01, 4.613698706071371336e-01
8.935398414786514809e-02, 8.039701644235937306e-02, 3.695351233616849251e-01, 4.607138760480906092e-01
8.954762275585934073e-02, 8.056192772401575553e-02, 3.698329249129089225e-01, 4.600575246072159952e-01
8.974225780209960091e-02, 8.072781863717193307e-02, 3.701290964632230618e-01, 4.594008270975055153e-01
8.993788750631764861e-02, 8.089468785020596797e-02, 3.704236303361693738e-01, 4.587437943073071622e-01
9.013451007929181025e-02, 8.106253402476053249e-02, 3.707165188958513879e-01, 4.580864370000962693e-01
9.033212372281416991e-02, 8.123135581570131714e-02, 3.710077545472376670e-01, 4.574287659142468598e-01
9.053072662965797046e-02, 8.140115187107649364e-02, 3.712973297364637881e-01, 4.567707917628017755e-01
9.073031698354595831e-02, 8.157192083207676081e-02, 3.715852369511333242e-01, 4.561125252332438040e-01
9.093089295911967185e-02, 8.174366133299587611e-02, 3.718714687206177705e-01, 4.554539769872666399e-01
9.113245272190942381e-02, 8.191637200119190887e-02, 3.721560176163538070e-01, 4.547951576605449020e-01
9.133499442830481097e-02, 8.209005145704947881e-02, 3.724388762521408935e-01, 4.541360778625047612e-01
9.153851622552654221e-02, 8.226469831394195298e-02, 3.727200372844366449e-01, 4.534767481760949015e-01
9.174301625159851648e-02, 8.244031117819489163e-02, 3.729994934126503736e-01, 4.528171791575562599e-01
9.194849263532108019e-02, 8.261688864905007701e-02, 3.732772373794358556e-01, 4.521573813361930427e-01
9.215494349624496484e-02, 8.279442931862994459e-02, 3.735532619709821534e-01, 4.514973652141428540e-01
9.236236694464608488e-02, 8.297293177190315228e-02, 3.738275600173033286e-01, 4.508371412661475452e-01
9.257076108150082139e-02, 8.315239458665017735e-02, 3.741001243925257125e-01, 4.501767199393233443e-01
9.278012399846272129e-02, 8.333281633343037065e-02, 3.743709480151749536e-01, 4.495161116529320378e-01
9.299045377783968225e-02, 8.351419557554903839e-02, 3.746400238484596801e-01, 4.488553267981515438e-01
9.320174849257173433e-02, 8.369653086902568984e-02, 3.749073449005556613e-01, 4.481943757378469839e-01
9.341400620621000128e-02, 8.387982076256270125e-02, 3.751729042248858059e-01, 4.475332688063415887e-01
9.362722497289661938e-02, 8.406406379751485414e-02, 3.754366949204007708e-01, 4.468720163091877695e-01
9.384140283734483667e-02, 8.424925850785940085e-02, 3.756987101318561284e-01, 4.462106285229395231e-01
9.405653783482086083e-02, 8.443540342016715716e-02, 3.759589430500888119e-01, 4.455491156949232812e-01
9.427262799112556824e-02, 8.462249705357385854e-02, 3.762173869122907299e-01, 4.448874880430097600e-01
9.448967132257793389e-02, 8.481053791975282086e-02, 3.764740350022819926e-01, 4.442257557553872527e-01
9.470766583599869726e-02, 8.499952452288761506e-02, 3.767288806507808618e-01, 4.435639289903328675e-01
9.492660952869526325e-02, 8.518945535964612958e-02, 3.769819172356722037e-01, 4.429020178759862647e-01
9.514650038844717217e-02, 8.538032891915506295e-02, 3.772331381822748853e-01, 4.422400325101228380e-01
9.536733639349259661e-02, 8.557214368297499929e-02, 3.774825369636058414e-01, 4.415779829599265072e-01
9.558911551251571270e-02, 8.576489812507659405e-02, 3.777301071006430311e-01, 4.409158792617646205e-01
9.581183570463470967e-02, 8.595859071181721767e-02, 3.779758421625865061e-01, 4.402537314209616914e-01
9.603549491939099292e-02, 8.615321990191827928e-02, 3.782197357671165383e-01, 4.395915494115743005e-01
9.626009109673892838e-02, 8.634878414644374389e-02, 3.784617815806506913e-01, 4.389293431761666087e-01
9.648562216703668315e-02, 8.654528188877889938e-02, 3.787019733185982839e-01, 4.382671226255860919e-01
9.671208605103787104e-02, 8.674271156461002552e-02, 3.789403047456127993e-01, 4.376048976387394429e-01
9.693948065988385043e-02, 8.694107160190493733e-02, 3.791767696758417405e-01, 4.369426780623694717e-01
9.716780389509735438e-02, 8.714036042089433332e-02, 3.794113619731755982e-01, 4.362804737108327835e-01
9.739705364857642600e-02, 8.734057643405339355e-02, 3.796440755514927656e-01, 4.356182943658773454e-01
9.762722780258978328e-02, 8.754171804608493201e-02, 3.798749043749040655e-01, 4.349561497764212192e-01
9.785832422977257250e-02, 8.774378365390265999e-02, 3.801038424579934460e-01, 4.342940496583314602e-01
9.809034079312334287e-02, 8.794677164661539315e-02, 3.803308838660572899e-01, 4.336320036942038492e-01
9.832327534600168728e-02, 8.815068040551231332e-02, 3.805560227153417796e-01, 4.329700215331442337e-01
9.855712573212686844e-02, 8.835550830404852174e-02, 3.807792531732761554e-01, 4.323081127905485377e-01
9.879188978557724987e-02, 8.856125370783159145e-02, 3.810005694587059732e-01, 4.316462870478852132e-01
9.902756533079065671e-02, 8.876791497460920222e-02, 3.812199658421224213e-01, 4.309845538524777475e-01
9.926415018256552758e-02, 8.897549045425673375e-02, 3.814374366458893606e-01, 4.303229227172883919e-01
9.950164214606317670e-02, 8.918397848876657985e-02, 3.816529762444682006e-01, 4.296614031207021123e-01
9.974003901681051387e-02, 8.939337741223743472e-02, 3.818665790646407210e-01, 4.290000045063112610e-01
9.997933858070402746e-02, 8.960368555086505038e-02, 3.820782395857287850e-01, 4.283387362827021927e-01
1.002195386140145444e-01, 8.981490122293296630e-02, 3.822879523398112767e-01, 4.276776078232411571e-01
1.004606368833926427e-01, 9.002702273880497374e-02, 3.824957119119397064e-01, 4.270166284658626910e-01
1.007026311458752710e-01, 9.024004840091742752e-02, 3.827015129403498195e-01, 4.263558075128576208e-01
1.009455191488930620e-01, 9.045397650377287602e-02, 3.829053501166715390e-01, 4.256951542306625647e-01
1.011892986302784792e-01, 9.066880533393444075e-02, 3.831072181861364112e-01, 4.250346778496506550e-01
1.014339673182748786e-01, 9.088453317002082033e-02, 3.833071119477814426e-01, 4.243743875639227614e-01
1.016795229315465843e-01, 9.110115828270202998e-02, 3.835050262546514932e-01, 4.237142925310998232e-01
1.019259631791897130e-01, 9.131867893469611253e-02, 3.837009560139981734e-01, 4.230544018721160149e-01
1.021732857607436096e-01, 9.153709338076644608e-02, 3.838948961874757426e-01, 4.223947246710142989e-01
1.024214883662037529e-01, 9.175639986771998158e-02, 3.840868417913357313e-01, 4.217352699747405342e-01
1.026705686760348984e-01, 9.197659663440606315e-02, 3.842767878966177331e-01, 4.210760467929411943e-01
1.029205243611856641e-01, 9.219768191171631710e-02, 3.844647296293369765e-01, 4.204170640977611395e-01
1.031713530831033093e-01, 9.241965392258488787e-02, 3.846506621706701767e-01, 4.197583308236415567e-01
1.034230524937501255e-01, 9.264251088199002004e-02, 3.848345807571385002e-01, 4.190998558671213958e-01
1.036756202356201167e-01, 9.286625099695570984e-02, 3.850164806807866436e-01, 4.184416480866375299e-01
1.039290539417566661e-01, 9.309087246655481374e-02, 3.851963572893603582e-01, 4.177837163023281897e-01
1.041833512357712571e-01, 9.331637348191247627e-02, 3.853742059864802560e-01, 4.171260692958360106e-01
1.044385097318629857e-01, 9.354275222621052932e-02, 3.855500222318130055e-01, 4.164687158101134101e-01
1.046945270348386553e-01, 9.377000687469265461e-02, 3.857238015412399190e-01, 4.158116645492287988e-01
1.049514007401339405e-01, 9.399813559467015689e-02, 3.858955394870218769e-01, 4.151549241781739563e-01
1.052091284338356331e-01, 9.422713654552866691e-02, 3.860652316979619747e-01, 4.144985033226737392e-01
1.054677076927042351e-01, 9.445700787873557991e-02, 3.862328738595653399e-01, 4.138424105689949006e-01
1.057271360841974955e-01, 9.468774773784825738e-02, 3.863984617141949518e-01, 4.131866544637593508e-01
1.059874111664953766e-01, 9.491935425852290886e-02, 3.865619910612256849e-01, 4.125312435137560296e-01
1.062485304885250198e-01, 9.515182556852440354e-02, 3.867234577571946885e-01, 4.118761861857559436e-01
1.065104915899870025e-01, 9.538515978773659532e-02, 3.868828577159486026e-01, 4.112214909063278134e-01
1.067732920013824832e-01, 9.561935502817367483e-02, 3.870401869087882751e-01, 4.105671660616555529e-01
1.070369292440408321e-01, 9.585440939399215987e-02, 3.871954413646099824e-01, 4.099132199973569701e-01
1.073014008301484135e-01, 9.609032098150349643e-02, 3.873486171700439851e-01, 4.092596610183041328e-01
1.075667042627781456e-01, 9.632708787918760340e-02, 3.874997104695890870e-01, 4.086064973884451779e-01
1.078328370359195182e-01, 9.656470816770729160e-02, 3.876487174657453072e-01, 4.079537373306279524e-01
1.080997966345099287e-01, 9.680317991992294646e-02, 3.877956344191426652e-01, 4.073013890264243764e-01
1.083675805344666149e-01, 9.704250120090845977e-02, 3.879404576486672473e-01, 4.066494606159578029e-01
1.086361862027189207e-01, 9.728267006796760541e-02, 3.880831835315832201e-01, 4.059979601977303232e-01
1.089056110972425606e-01, 9.752368457065128948e-02, 3.882238085036530673e-01, 4.053468958284530133e-01
1.091758526670933011e-01, 9.776554275077556366e-02, 3.883623290592536081e-01, 4.046962755228774578e-01
1.094469083524422237e-01, 9.800824264244013817e-02, 3.884987417514892960e-01, 4.040461072536282727e-01
1.097187755846118218e-01, 9.825178227204799108e-02, 3.886330431923019080e-01, 4.033963989510382930e-01
1.099914517861123459e-01, 9.849615965832519970e-02, 3.887652300525774041e-01, 4.027471585029849255e-01
1.102649343706794544e-01, 9.874137281234229846e-02, 3.888952990622499550e-01, 4.020983937547282783e-01
1.105392207433124607e-01, 9.898741973753533152e-02, 3.890232470104012519e-01, 4.014501125087510114e-01
1.108143083003131496e-01, 9.923429842972845971e-02, 3.891490707453583164e-01, 4.008023225246001853e-01
1.110901944293255228e-01, 9.948200687715695600e-02, 3.892727671747869822e-01, 4.001550315187304419e-01
1.113668765093766971e-01, 9.973054306049089490e-02, 3.893943332657824330e-01, 3.995082471643498501e-01
1.116443519109176913e-01, 9.997990495285949408e-02, 3.895137660449565775e-01, 3.988619770912661400e-01
1.119226179958655726e-01, 1.002300905198764830e-01, 3.896310625985216491e-01, 3.982162288857362675e-01
1.122016721176464366e-01, 1.004810977196656241e-01, 3.897462200723711967e-01, 3.975710100903167010e-01
1.124815116212386085e-01, 1.007329245028875941e-01, 3.898592356721574115e-01, 3.969263282037163720e-01
1.127621338432171078e-01, 1.009855688127670736e-01, 3.899701066633647906e-01, 3.962821906806511252e-01
1.130435361117984594e-01, 1.012390285851204469e-01, 3.900788303713813576e-01, 3.956386049316997222e-01
1.133257157468864629e-01, 1.014933017483848204e-01, 3.901854041815656093e-01, 3.949955783231630657e-01
1.136086700601184746e-01, 1.017483862236470415e-01, 3.902898255393111859e-01, 3.943531181769233118e-01
1.138923963549127449e-01, 1.020042799246736465e-01, 3.903920919501064901e-01, 3.937112317703070352e-01
1.141768919265159915e-01, 1.022609807579416552e-01, 3.904922009795933624e-01, 3.930699263359490048e-01
1.144621540620520544e-01, 1.025184866226697411e-01, 3.905901502536200387e-01, 3.924292090616581241e-01
1.147481800405711350e-01, 1.027767954108502607e-01, 3.906859374582923317e-01, 3.917890870902863698e-01
1.150349671330994361e-01, 1.030359050072818389e-01, 3.907795603400205375e-01, 3.911495675195980626e-01
1.153225126026902608e-01, 1.032958132896027031e-01, 3.908710167055643447e-01, 3.905106574021428023e-01
1.156108137044746798e-01, 1.035565181283245040e-01, 3.909603044220717472e-01, 3.898723637451291246e-01
1.158998676857138366e-01, 1.038180173868670925e-01, 3.910474214171174578e-01, 3.892346935103015992e-01
1.161896717858515865e-01, 1.040803089215935201e-01, 3.911323656787363823e-01, 3.885976536138185389e-01
1.164802232365674262e-01, 1.043433905818460378e-01, 3.912151352554539829e-01, 3.879612509261326503e-01
1.167715192618305614e-01, 1.046072602099824000e-01, 3.912957282563130357e-01, 3.873254922718739612e-01
1.170635570779546553e-01, 1.048719156414132520e-01, 3.913741428508978326e-01, 3.866903844297343018e-01
1.173563338936526590e-01, 1.051373547046395851e-01, 3.914503772693537220e-01, 3.860559341323540616e-01
1.176498469100928645e-01, 1.054035752212912347e-01, 3.915244298024045388e-01, 3.854221480662115007e-01
1.179440933209552483e-01, 1.056705750061657373e-01, 3.915962988013656498e-01, 3.847890328715134478e-01
1.182390703124886200e-01, 1.059383518672679519e-01, 3.916659826781545006e-01, 3.841565951420889413e-01
1.185347750635680625e-01, 1.062069036058502641e-01, 3.917334799052965555e-01, 3.835248414252850346e-01
1.188312047457536769e-01, 1.064762280164531782e-01, 3.917987890159293496e-01, 3.828937782218637120e-01
1.191283565233488412e-01, 1.067463228869467984e-01, 3.918619086038017119e-01, 3.822634119859026902e-01
1.194262275534601486e-01, 1.070171859985726975e-01, 3.919228373232705454e-01, 3.816337491246966085e-01
1.197248149860572763e-01, 1.072888151259864115e-01, 3.919815738892940549e-01, 3.810047959986623822e-01
1.200241159640335620e-01, 1.075612080373004181e-01, 3.920381170774211443e-01, 3.803765589212448339e-01
1.203241276232673018e-01, 1.078343624941280748e-01, 3.920924657237780386e-01, 3.797490441588265431e-01
1.206248470926834376e-01, 1.081082762516274581e-01, 3.921446187250509086e-01, 3.791222579306383067e-01
1.209262714943158956e-01, 1.083829470585462862e-01, 3.921945750384654983e-01, 3.784962064086723754e-01
1.212283979433703696e-01, 1.086583726572672298e-01, 3.922423336817636996e-01, 3.778708957175986871e-01
1.215312235482878811e-01, 1.089345507838536398e-01, 3.922878937331756855e-01, 3.772463319346827659e-01
1.218347454108084926e-01, 1.092114791680961622e-01, 3.923312543313898226e-01, 3.766225210897055087e-01
1.221389606260358807e-01, 1.094891555335592986e-01, 3.923724146755185327e-01, 3.759994691648863019e-01
1.224438662825023671e-01, 1.097675775976291596e-01, 3.924113740250609883e-01, 3.753771820948074711e-01
1.227494594622341867e-01, 1.100467430715612593e-01, 3.924481316998625346e-01, 3.747556657663420610e-01
1.230557372408177946e-01, 1.103266496605289776e-01, 3.924826870800705025e-01, 3.741349260185827252e-01
1.233626966874659392e-01, 1.106072950636725338e-01, 3.925150396060871905e-01, 3.735149686427742255e-01
1.236703348650850243e-01, 1.108886769741485173e-01, 3.925451887785189053e-01, 3.728957993822475392e-01
1.239786488303422085e-01, 1.111707930791797916e-01, 3.925731341581218392e-01, 3.722774239323560219e-01
1.242876356337335869e-01, 1.114536410601058986e-01, 3.925988753657451702e-01, 3.716598479404152888e-01
1.245972923196524001e-01, 1.117372185924341843e-01, 3.926224120822697228e-01, 3.710430770056437066e-01
1.249076159264579516e-01, 1.120215233458908693e-01, 3.926437440485446295e-01, 3.704271166791065495e-01
1.252186034865448716e-01, 1.123065529844731597e-01, 3.926628710653197740e-01, 3.698119724636623196e-01
1.255302520264127419e-01, 1.125923051665015939e-01, 3.926797929931750142e-01, 3.691976498139107332e-01
1.258425585667364566e-01, 1.128787775446726538e-01, 3.926945097524467965e-01, 3.685841541361440377e-01
1.261555201224366374e-01, 1.131659677661122076e-01, 3.927070213231507734e-01, 3.679714907883003261e-01
1.264691337027505635e-01, 1.134538734724289538e-01, 3.927173277449013122e-01, 3.673596650799191843e-01
1.267833963113038642e-01, 1.137424922997686549e-01, 3.927254291168278399e-01, 3.667486822720995576e-01
1.270983049461819892e-01, 1.140318218788686916e-01, 3.927313255974883566e-01, 3.661385475774609488e-01
1.274138566000024841e-01, 1.143218598351129073e-01, 3.927350174047789522e-01, 3.655292661601056703e-01
1.277300482599877940e-01, 1.146126037885870780e-01, 3.927365048158404370e-01, 3.649208431355847049e-01
1.280468769080379265e-01, 1.149040513541346592e-01, 3.927357881669618078e-01, 3.643132835708656203e-01
1.283643395208038385e-01, 1.151962001414129078e-01, 3.927328678534808826e-01, 3.637065924843023157e-01
1.286824330697613206e-01, 1.154890477549495309e-01, 3.927277443296807169e-01, 3.631007748456083206e-01
1.290011545212847444e-01, 1.157825917941995714e-01, 3.927204181086841328e-01, 3.624958355758315931e-01
1.293205008367214193e-01, 1.160768298536026949e-01, 3.927108897623439177e-01, 3.618917795473319265e-01
1.296404689724666992e-01, 1.163717595226411022e-01, 3.926991599211308026e-01, 3.612886115837614098e-01
1.299610558800384785e-01, 1.166673783858973162e-01, 3.926852292740175554e-01, 3.606863364600465527e-01
1.302822585061529925e-01, 1.169636840231128155e-01, 3.926690985683607971e-01, 3.600849589023734088e-01
1.306040737928001183e-01, 1.172606740092467098e-01, 3.926507686097785443e-01, 3.594844835881746414e-01
1.309264986773195916e-01, 1.175583459145349147e-01, 3.926302402620259757e-01, 3.588849151461195319e-01
1.312495300924770014e-01, 1.178566973045495764e-01, 3.926075144468671452e-01, 3.582862581561061521e-01
1.315731649665407288e-01, 1.181557257402589128e-01, 3.925825921439441424e-01, 3.576885171492562576e-01
1.318974002233582188e-01, 1.184554287780872350e-01, 3.925554743906427557e-01, 3.570916966079119015e-01
1.322222327824335020e-01, 1.187558039699753987e-01, 3.925261622819557483e-01, 3.564958009656353233e-01
1.325476595590042994e-01, 1.190568488634416167e-01, 3.924946569703426369e-01, 3.559008346072114470e-01
1.328736774641196550e-01, 1.193585610016424658e-01, 3.924609596655866395e-01, 3.553068018686512675e-01
1.332002834047179562e-01, 1.196609379234340326e-01, 3.924250716346482371e-01, 3.547137070371997325e-01
1.335274742837045114e-01, 1.199639771634338908e-01, 3.923869942015169032e-01, 3.541215543513446806e-01
1.338552470000304306e-01, 1.202676762520827197e-01, 3.923467287470582265e-01, 3.535303480008286092e-01
1.341835984487707023e-01, 1.205720327157064620e-01, 3.923042767088597560e-01, 3.529400921266630520e-01
1.345125255212031024e-01, 1.208770440765789406e-01, 3.922596395810728498e-01, 3.523507908211450657e-01
1.348420251048870755e-01, 1.211827078529844753e-01, 3.922128189142517485e-01, 3.517624481278767146e-01
1.351720940837426999e-01, 1.214890215592806799e-01, 3.921638163151907608e-01, 3.511750680417858872e-01
1.355027293381302900e-01, 1.217959827059618416e-01, 3.921126334467567309e-01, 3.505886545091510542e-01
1.358339277449295834e-01, 1.221035887997223290e-01, 3.920592720277210064e-01, 3.500032114276270256e-01
1.361656861776194549e-01, 1.224118373435200274e-01, 3.920037338325863541e-01, 3.494187426462741497e-01
1.364980015063577412e-01, 1.227207258366405512e-01, 3.919460206914123224e-01, 3.488352519655895101e-01
1.368308705980610662e-01, 1.230302517747609709e-01, 3.918861344896380494e-01, 3.482527431375398996e-01
1.371642903164852489e-01, 1.233404126500143583e-01, 3.918240771679014078e-01, 3.476712198655989017e-01
1.374982575223050729e-01, 1.236512059510542494e-01, 3.917598507218560955e-01, 3.470906858047845267e-01
1.378327690731949162e-01, 1.239626291631192589e-01, 3.916934572019855620e-01, 3.465111445617003461e-01
1.381678218239091593e-01, 1.242746797680978482e-01, 3.916248987134145487e-01, 3.459325996945784576e-01
1.385034126263627041e-01, 1.245873552445936477e-01, 3.915541774157181298e-01, 3.453550547133255044e-01
1.388395383297117980e-01, 1.249006530679904331e-01, 3.914812955227273128e-01, 3.447785130795704700e-01
1.391761957804343863e-01, 1.252145707105176697e-01, 3.914062553023331947e-01, 3.442029782067147492e-01
1.395133818224116029e-01, 1.255291056413160300e-01, 3.913290590762872334e-01, 3.436284534599851614e-01
1.398510932970080944e-01, 1.258442553265028130e-01, 3.912497092200000748e-01, 3.430549421564889623e-01
1.401893270431533167e-01, 1.261600172292382527e-01, 3.911682081623370499e-01, 3.424824475652713529e-01
1.405280798974225531e-01, 1.264763888097910904e-01, 3.910845583854111740e-01, 3.419109729073752102e-01
1.408673486941179609e-01, 1.267933675256047998e-01, 3.909987624243744797e-01, 3.413405213559029261e-01
1.412071302653495897e-01, 1.271109508313638947e-01, 3.909108228672054652e-01, 3.407710960360810226e-01
1.415474214411170384e-01, 1.274291361790600985e-01, 3.908207423544955983e-01, 3.402027000253272093e-01
1.418882190493900575e-01, 1.277479210180587632e-01, 3.907285235792320455e-01, 3.396353363533190506e-01
1.422295199161901502e-01, 1.280673027951657328e-01, 3.906341692865785697e-01, 3.390690080020655195e-01
1.425713208656716469e-01, 1.283872789546934012e-01, 3.905376822736544296e-01, 3.385037179059805501e-01
1.429136187202032227e-01, 1.287078469385279367e-01, 3.904390653893098917e-01, 3.379394689519589767e-01
1.432564103004486111e-01, 1.290290041861957282e-01, 3.903383215339005230e-01, 3.373762639794550267e-01
1.435996924254483720e-01, 1.293507481349306099e-01, 3.902354536590584289e-01, 3.368141057805625893e-01
1.439434619127008819e-01, 1.296730762197401965e-01, 3.901304647674610493e-01, 3.362529971000979834e-01
1.442877155782433252e-01, 1.299959858734734408e-01, 3.900233579125984007e-01, 3.356929406356848333e-01
1.446324502367331288e-01, 1.303194745268873300e-01, 3.899141361985377641e-01, 3.351339390378417216e-01
1.449776627015289532e-01, 1.306435396087141099e-01, 3.898028027796857087e-01, 3.345759949100711728e-01
1.453233497847718214e-01, 1.309681785457283698e-01, 3.896893608605481729e-01, 3.340191108089516914e-01
1.456695082974656941e-01, 1.312933887628139340e-01, 3.895738136954891573e-01, 3.334632892442312424e-01
1.460161350495590982e-01, 1.316191676830313073e-01, 3.894561645884857537e-01, 3.329085326789238408e-01
1.463632268500253686e-01, 1.319455127276848161e-01, 3.893364168928823976e-01, 3.323548435294073622e-01
1.467107805069436388e-01, 1.322724213163896101e-01, 3.892145740111424002e-01, 3.318022241655242954e-01
1.470587928275797207e-01, 1.325998908671390253e-01, 3.890906393945973152e-01, 3.312506769106839388e-01
1.474072606184662348e-01, 1.329279187963716136e-01, 3.889646165431946967e-01, 3.307002040419674826e-01
1.477561806854834903e-01, 1.332565025190383667e-01, 3.888365090052433026e-01, 3.301508077902348126e-01
1.481055498339395871e-01, 1.335856394486698018e-01, 3.887063203771572995e-01, 3.296024903402332007e-01
1.484553648686509353e-01, 1.339153269974433236e-01, 3.885740543031968586e-01, 3.290552538307088826e-01
1.488056225940221078e-01, 1.342455625762497828e-01, 3.884397144752083086e-01, 3.285091003545197452e-01
1.491563198141260260e-01, 1.345763435947611719e-01, 3.883033046323617898e-01, 3.279640319587510122e-01
1.495074533327835076e-01, 1.349076674614971549e-01, 3.881648285608871873e-01, 3.274200506448320946e-01
1.498590199536435075e-01, 1.352395315838921530e-01, 3.880242900938076778e-01, 3.268771583686566062e-01
1.502110164802622216e-01, 1.355719333683621519e-01, 3.878816931106723875e-01, 3.263353570407032112e-01
1.505634397161824123e-01, 1.359048702203718151e-01, 3.877370415372862755e-01, 3.257946485261594693e-01
1.509162864650131219e-01, 1.362383395445008194e-01, 3.875903393454388501e-01, 3.252550346450471808e-01
1.512695535305081385e-01, 1.365723387445109127e-01, 3.874415905526312764e-01, 3.247165171723497834e-01
1.516232377166452649e-01, 1.369068652234121664e-01, 3.872907992218007078e-01, 3.241790978381417498e-01
1.519773358277049236e-01, 1.372419163835297828e-01, 3.871379694610447286e-01, 3.236427783277204817e-01
1.523318446683484539e-01, 1.375774896265702374e-01, 3.869831054233422996e-01, 3.231075602817389814e-01
1.526867610436963840e-01, 1.379135823536877525e-01, 3.868262113062740370e-01, 3.225734452963417986e-01
1.530420817594070060e-01, 1.382501919655503841e-01, 3.866672913517408827e-01, 3.220404349233018104e-01
1.533978036217533147e-01, 1.385873158624061352e-01, 3.865063498456808300e-01, 3.215085306701597756e-01
1.537539234377014730e-01, 1.389249514441489863e-01, 3.863433911177845959e-01, 3.209777340003649448e-01
1.541104380149879716e-01, 1.392630961103845377e-01, 3.861784195412090170e-01, 3.204480463334185569e-01
1.544673441621963739e-01, 1.396017472604958731e-01, 3.860114395322896685e-01, 3.199194690450181122e-01
1.548246386888348924e-01, 1.399409022937090352e-01, 3.858424555502518727e-01, 3.193920034672040886e-01
1.551823184054126614e-01, 1.402805586091583623e-01, 3.856714720969201537e-01, 3.188656508885088225e-01
1.555403801235162031e-01, 1.406207136059520468e-01, 3.854984937164255832e-01, 3.183404125541062779e-01
1.558988206558856726e-01, 1.409613646832366951e-01, 3.853235249949133467e-01, 3.178162896659642578e-01
1.562576368164907692e-01, 1.413025092402627747e-01, 3.851465705602475920e-01, 3.172932833829988364e-01
1.566168254206062871e-01, 1.416441446764492296e-01, 3.849676350817156090e-01, 3.167713948212289021e-01
1.569763832848874163e-01, 1.419862683914479284e-01, 3.847867232697301798e-01, 3.162506250539344754e-01
1.573363072274450714e-01, 1.423288777852081133e-01, 3.846038398755314835e-01, 3.157309751118153596e-01
1.576965940679203593e-01, 1.426719702580408478e-01, 3.844189896908866699e-01, 3.152124459831521786e-01
1.580572406275591313e-01, 1.430155432106827718e-01, 3.842321775477894330e-01, 3.146950386139685807e-01
1.584182437292864232e-01, 1.433595940443601890e-01, 3.840434083181575864e-01, 3.141787539081957736e-01
1.587796001977798688e-01, 1.437041201608524055e-01, 3.838526869135293063e-01, 3.136635927278383362e-01
1.591413068595436131e-01, 1.440491189625555668e-01, 3.836600182847594298e-01, 3.131495558931414180e-01
1.595033605429815871e-01, 1.443945878525453308e-01, 3.834654074217128672e-01, 3.126366441827602149e-01
1.598657580784700050e-01, 1.447405242346405108e-01, 3.832688593529590126e-01, 3.121248583339304439e-01
1.602284962984305283e-01, 1.450869255134652480e-01, 3.830703791454632690e-01, 3.116141990426408714e-01
1.605915720374020417e-01, 1.454337890945119893e-01, 3.828699719042787941e-01, 3.111046669638071194e-01
1.609549821321128171e-01, 1.457811123842037426e-01, 3.826676427722364160e-01, 3.105962627114471353e-01
1.613187234215520960e-01, 1.461288927899556667e-01, 3.824633969296342695e-01, 3.100889868588579956e-01
1.616827927470410875e-01, 1.464771277202376876e-01, 3.822572395939262679e-01, 3.095828399387949292e-01
1.620471869523041897e-01, 1.468258145846355334e-01, 3.820491760194096309e-01, 3.090778224436506183e-01
1.624119028835392109e-01, 1.471749507939121848e-01, 3.818392114969112461e-01, 3.085739348256372749e-01
1.627769373894875915e-01, 1.475245337600691597e-01, 3.816273513534739759e-01, 3.080711774969693284e-01
1.631422873215042646e-01, 1.478745608964068536e-01, 3.814136009520411874e-01, 3.075695508300477776e-01
1.635079495336270172e-01, 1.482250296175855464e-01, 3.811979656911413383e-01, 3.070690551576460980e-01
1.638739208826453797e-01, 1.485759373396855765e-01, 3.809804510045715631e-01, 3.065696907730975918e-01
1.642401982281694317e-01, 1.489272814802671818e-01, 3.807610623610798162e-01, 3.060714579304836813e-01
1.646067784326981087e-01, 1.492790594584302022e-01, 3.805398052640476814e-01, 3.055743568448239800e-01
1.649736583616868701e-01, 1.496312686948737813e-01, 3.803166852511711271e-01, 3.050783876922682492e-01
1.653408348836152286e-01, 1.499839066119551534e-01, 3.800917078941418170e-01, 3.045835506102878565e-01
1.657083048700539463e-01, 1.503369706337486789e-01, 3.798648787983265329e-01, 3.040898456978707864e-01
1.660760651957314538e-01, 1.506904581861044645e-01, 3.796362036024476527e-01, 3.035972730157164845e-01
1.664441127386004082e-01, 1.510443666967063725e-01, 3.794056879782609082e-01, 3.031058325864322001e-01
1.668124443799032242e-01, 1.513986935951300850e-01, 3.791733376302352521e-01, 3.026155243947314388e-01
1.671810570042376043e-01, 1.517534363129008357e-01, 3.789391582952293391e-01, 3.021263483876321376e-01
1.675499474996217930e-01, 1.521085922835504756e-01, 3.787031557421701722e-01, 3.016383044746575592e-01
1.679191127575586640e-01, 1.524641589426745658e-01, 3.784653357717294719e-01, 3.011513925280372983e-01
1.682885496731001407e-01, 1.528201337279891936e-01, 3.782257042160004357e-01, 3.006656123829102856e-01
1.686582551449111733e-01, 1.531765140793869551e-01, 3.779842669381738296e-01, 3.001809638375281253e-01
1.690282260753323551e-01, 1.535332974389933269e-01, 3.777410298322140814e-01, 2.996974466534602644e-01
1.693984593704433717e-01, 1.538904812512221221e-01, 3.774959988225344842e-01, 2.992150605557999943e-01
1.697689519401250624e-01, 1.542480629628308897e-01, 3.772491798636725124e-01, 2.987338052333714522e-01
1.701397006981215654e-01, 1.546060400229758713e-01, 3.770005789399645812e-01, 2.982536803389379543e-01
1.705107025621015182e-01, 1.549644098832668182e-01, 3.767502020652208072e-01, 2.977746854894109951e-01
1.708819544537193980e-01, 1.553231699978207814e-01, 3.764980552823992133e-01, 2.972968202660605797e-01
1.712534532986760838e-01, 1.556823178233167071e-01, 3.762441446632801001e-01, 2.968200842147272200e-01
1.716251960267786980e-01, 1.560418508190485332e-01, 3.759884763081399739e-01, 2.963444768460329337e-01
1.719971795720005858e-01, 1.564017664469787294e-01, 3.757310563454252517e-01, 2.958699976355955163e-01
1.723694008725403515e-01, 1.567620621717909501e-01, 3.754718909314261333e-01, 2.953966460242425929e-01
1.727418568708806446e-01, 1.571227354609426030e-01, 3.752109862499501403e-01, 2.949244214182266122e-01
1.731145445138463634e-01, 1.574837837847169464e-01, 3.749483485119956550e-01, 2.944533231894410630e-01
1.734874607526624979e-01, 1.578452046162749367e-01, 3.746839839554252927e-01, 2.939833506756373560e-01
1.738606025430113333e-01, 1.582069954317064653e-01, 3.744178988446394962e-01, 2.935145031806427607e-01
1.742339668450894052e-01, 1.585691537100814563e-01, 3.741500994702498528e-01, 2.930467799745791746e-01
1.746075506236637598e-01, 1.589316769335005763e-01, 3.738805921487529105e-01, 2.925801802940828922e-01
1.749813508481277147e-01, 1.592945625871452497e-01, 3.736093832222028288e-01, 2.921147033425243178e-01
1.753553644925565369e-01, 1.596578081593275078e-01, 3.733364790578860282e-01, 2.916503482902298994e-01
1.757295885357619269e-01, 1.600214111415398377e-01, 3.730618860479942844e-01, 2.911871142747040619e-01
1.761040199613466972e-01, 1.603853690285037270e-01, 3.727856106092983235e-01, 2.907250004008511413e-01
1.764786557577586179e-01, 1.607496793182188466e-01, 3.725076591828226924e-01, 2.902640057411999264e-01
1.768534929183435689e-01, 1.611143395120107069e-01, 3.722280382335187432e-01, 2.898041293361270920e-01
1.772285284413988027e-01, 1.614793471145792025e-01, 3.719467542499396151e-01, 2.893453701940824629e-01
1.776037593302251250e-01, 1.618446996340455746e-01, 3.716638137439148837e-01, 2.888877272918143890e-01
1.779791825931787141e-01, 1.622103945819997894e-01, 3.713792232502249879e-01, 2.884311995745964530e-01
1.783547952437228579e-01, 1.625764294735471127e-01, 3.710929893262763790e-01, 2.879757859564535671e-01
1.787305943004783571e-01, 1.629428018273543222e-01, 3.708051185517770576e-01, 2.875214853203902354e-01
1.791065767872742909e-01, 1.633095091656954767e-01, 3.705156175284119446e-01, 2.870682965186183155e-01
1.794827397331978103e-01, 1.636765490144975743e-01, 3.702244928795190848e-01, 2.866162183727856694e-01
1.798590801726431265e-01, 1.640439189033853773e-01, 3.699317512497657945e-01, 2.861652496742056462e-01
1.802355951453610272e-01, 1.644116163657261542e-01, 3.696373993048259199e-01, 2.857153891840870097e-01
1.806122816965066435e-01, 1.647796389386737004e-01, 3.693414437310560960e-01, 2.852666356337635878e-01
1.809891368766874953e-01, 1.651479841632121359e-01, 3.690438912351743928e-01, 2.848189877249260316e-01
1.813661577420106474e-01, 1.655166495841993990e-01, 3.687447485439372397e-01, 2.843724441298525751e-01
1.817433413541297837e-01, 1.658856327504100447e-01, 3.684440224038189604e-01, 2.839270034916411278e-01
1.821206847802912254e-01, 1.662549312145776559e-01, 3.681417195806899745e-01, 2.834826644244411997e-01
1.824981850933795058e-01, 1.666245425334369479e-01, 3.678378468594964978e-01, 2.830394255136869375e-01
1.828758393719632502e-01, 1.669944642677655688e-01, 3.675324110439410208e-01, 2.825972853163302712e-01
1.832536447003389191e-01, 1.673646939824250113e-01, 3.672254189561622861e-01, 2.821562423610737835e-01
1.836315981685758270e-01, 1.677352292464015515e-01, 3.669168774364169883e-01, 2.817162951486055222e-01
1.840096968725595528e-01, 1.681060676328466896e-01, 3.666067933427612502e-01, 2.812774421518325352e-01
1.843879379140346553e-01, 1.684772067191167289e-01, 3.662951735507329332e-01, 2.808396818161156272e-01
1.847663184006478609e-01, 1.688486440868125771e-01, 3.659820249530351677e-01, 2.804030125595043943e-01
1.851448354459897527e-01, 1.692203773218184937e-01, 3.656673544592196623e-01, 2.799674327729721468e-01
1.855234861696365145e-01, 1.695924040143408640e-01, 3.653511689953710118e-01, 2.795329408206514987e-01
1.859022676971909260e-01, 1.699647217589463077e-01, 3.650334755037922818e-01, 2.790995350400704011e-01
1.862811771603227473e-01, 1.703373281545993156e-01, 3.647142809426903720e-01, 2.786672137423874540e-01
1.866602116968087699e-01, 1.707102208046995806e-01, 3.643935922858627108e-01, 2.782359752126289387e-01
1.870393684505723131e-01, 1.710833973171188294e-01, 3.640714165223846721e-01, 2.778058177099241299e-01
1.874186445717220262e-01, 1.714568553042370713e-01, 3.637477606562976029e-01, 2.773767394677432163e-01
1.877980372165903855e-01, 1.718305923829787918e-01, 3.634226317062977385e-01, 2.769487386941330564e-01
1.881775435477713032e-01, 1.722046061748482293e-01, 3.630960367054259508e-01, 2.765218135719546000e-01
1.885571607341579858e-01, 1.725788943059643199e-01, 3.627679827007580515e-01, 2.760959622591196427e-01
1.889368859509790444e-01, 1.729534544070957525e-01, 3.624384767530968166e-01, 2.756711828888284144e-01
1.893167163798352426e-01, 1.733282841136946362e-01, 3.621075259366636212e-01, 2.752474735698065000e-01
1.896966492087352463e-01, 1.737033810659303901e-01, 3.617751373387920188e-01, 2.748248323865424281e-01
1.900766816321304287e-01, 1.740787429087230775e-01, 3.614413180596215414e-01, 2.744032573995250357e-01
1.904568108509500091e-01, 1.744543672917761856e-01, 3.611060752117929984e-01, 2.739827466454808902e-01
1.908370340726349701e-01, 1.748302518696087104e-01, 3.607694159201442763e-01, 2.735632981376120987e-01
1.912173485111717253e-01, 1.752063943015876868e-01, 3.604313473214074137e-01, 2.731449098658332297e-01
1.915977513871252591e-01, 1.755827922519589135e-01, 3.600918765639060659e-01, 2.727275797970097893e-01
1.919782399276717955e-01, 1.759594433898784560e-01, 3.597510108072548562e-01, 2.723113058751947535e-01
1.923588113666304944e-01, 1.763363453894432331e-01, 3.594087572220594495e-01, 2.718960860218668785e-01
1.927394629444954544e-01, 1.767134959297206598e-01, 3.590651229896165142e-01, 2.714819181361673439e-01
1.931201919084663821e-01, 1.770908926947788731e-01, 3.587201153016167376e-01, 2.710688000951379517e-01
1.935009955124791792e-01, 1.774685333737156534e-01, 3.583737413598474530e-01, 2.706567297539577144e-01
1.938818710172359461e-01, 1.778464156606871238e-01, 3.580260083758965983e-01, 2.702457049461802763e-01
1.942628156902342917e-01, 1.782245372549363660e-01, 3.576769235708581740e-01, 2.698357234839713348e-01
1.946438268057962828e-01, 1.786028958608208983e-01, 3.573264941750380341e-01, 2.694267831583447848e-01
1.950249016450968931e-01, 1.789814891878404868e-01, 3.569747274276623972e-01, 2.690188817394002507e-01
1.954060374961920643e-01, 1.793603149506637073e-01, 3.566216305765849692e-01, 2.686120169765592869e-01
1.957872316540453794e-01, 1.797393708691550074e-01, 3.562672108779977309e-01, 2.682061865988018545e-01
1.961684814205557070e-01, 1.801186546684000744e-01, 3.559114755961414467e-01, 2.678013883149026886e-01
1.965497841045831251e-01, 1.804981640787320651e-01, 3.555544320030175065e-01, 2.673976198136672200e-01
1.969311370219746227e-01, 1.808778968357565298e-01, 3.551960873781014882e-01, 2.669948787641673316e-01
1.973125374955895239e-01, 1.812578506803761424e-01, 3.548364490080573863e-01, 2.665931628159769473e-01
1.976939828553243850e-01, 1.816380233588149040e-01, 3.544755241864531725e-01, 2.661924695994075107e-01
1.980754704381371412e-01, 1.820184126226422339e-01, 3.541133202134780777e-01, 2.657927967257426305e-01
1.984569975880706716e-01, 1.823990162287960348e-01, 3.537498443956602623e-01, 2.653941417874730035e-01
1.988385616562763081e-01, 1.827798319396060356e-01, 3.533851040455866510e-01, 2.649965023585310608e-01
1.992201600010365670e-01, 1.831608575228158564e-01, 3.530191064816230462e-01, 2.645998759945245582e-01
1.996017899877871593e-01, 1.835420907516052969e-01, 3.526518590276365162e-01, 2.642042602329709444e-01
1.999834489891389178e-01, 1.839235294046120961e-01, 3.522833690127186168e-01, 2.638096525935303971e-01
2.003651343848990296e-01, 1.843051712659526942e-01, 3.519136437709095011e-01, 2.634160505782389139e-01
2.007468435620914093e-01, 1.846870141252433262e-01, 3.515426906409241381e-01, 2.630234516717410709e-01
2.011285739149774598e-01, 1.850690557776202838e-01, 3.511705169658795311e-01, 2.626318533415225587e-01
2.015103228450755291e-01, 1.854512940237595942e-01, 3.507971300930230463e-01, 2.622412530381418860e-01
2.018920877611797560e-01, 1.858337266698964207e-01, 3.504225373734622950e-01, 2.618516481954615283e-01
2.022738660793795828e-01, 1.862163515278442982e-01, 3.500467461618965159e-01, 2.614630362308796308e-01
2.026556552230774355e-01, 1.865991664150135343e-01, 3.496697638163489552e-01, 2.610754145455601027e-01
2.030374526230065979e-01, 1.869821691544290565e-01, 3.492915976979011350e-01, 2.606887805246632661e-01
2.034192557172483928e-01, 1.873653575747486755e-01, 3.489122551704280095e-01, 2.603031315375748944e-01
2.038010619512493626e-01, 1.877487295102797660e-01, 3.485317436003347868e-01, 2.599184649381361956e-01
2.041828687778368678e-01, 1.881322828009962256e-01, 3.481500703562952492e-01, 2.595347780648716851e-01
2.045646736572355739e-01, 1.885160152925551003e-01, 3.477672428089914058e-01, 2.591520682412180587e-01
2.049464740570822452e-01, 1.888999248363122663e-01, 3.473832683308539782e-01, 2.587703327757514549e-01
2.053282674524410378e-01, 1.892840092893380566e-01, 3.469981542958057719e-01, 2.583895689624151615e-01
2.057100513258174057e-01, 1.896682665144323598e-01, 3.466119080790051599e-01, 2.580097740807451578e-01
2.060918231671724221e-01, 1.900526943801391644e-01, 3.462245370565911751e-01, 2.576309453960973217e-01
2.064735804739359359e-01, 1.904372907607610188e-01, 3.458360486054308791e-01, 2.572530801598722494e-01
2.068553207510195613e-01, 1.908220535363726877e-01, 3.454464501028675638e-01, 2.568761756097401872e-01
2.072370415108292785e-01, 1.912069805928346966e-01, 3.450557489264705624e-01, 2.565002289698654625e-01
2.076187402732772858e-01, 1.915920698218061546e-01, 3.446639524537862820e-01, 2.561252374511302499e-01
2.080004145657937398e-01, 1.919773191207575225e-01, 3.442710680620914010e-01, 2.557511982513572257e-01
2.083820619233376636e-01, 1.923627263929825471e-01, 3.438771031281471768e-01, 2.553781085555327235e-01
2.087636798884076050e-01, 1.927482895476101687e-01, 3.434820650279548082e-01, 2.550059655360275013e-01
2.091452660110519890e-01, 1.931340064996156236e-01, 3.430859611365132400e-01, 2.546347663528190086e-01
2.095268178488787769e-01, 1.935198751698318786e-01, 3.426887988275781338e-01, 2.542645081537112106e-01
2.099083329670644593e-01, 1.939058934849595128e-01, 3.422905854734216713e-01, 2.538951880745544121e-01
2.102898089383633817e-01, 1.942920593775770699e-01, 3.418913284445950218e-01, 2.535268032394645266e-01
2.106712433431156828e-01, 1.946783707861508561e-01, 3.414910351096916985e-01, 2.531593507610417348e-01
2.110526337692554266e-01, 1.950648256550442383e-01, 3.410897128351125240e-01, 2.527928277405877555e-01
2.114339778123181801e-01, 1.954514219345262482e-01, 3.406873689848323727e-01, 2.524272312683231156e-01
2.118152730754478408e-01, 1.958381575807803254e-01, 3.402840109201683561e-01, 2.520625584236034777e-01
2.121965171694033536e-01, 1.962250305559124497e-01, 3.398796459995490626e-01, 2.516988062751351340e-01
2.125777077125650671e-01, 1.966120388279586073e-01, 3.394742815782866852e-01, 2.513359718811896681e-01
2.129588423309402845e-01, 1.969991803708921185e-01, 3.390679250083493690e-01, 2.509740522898183390e-01
2.133399186581685092e-01, 1.973864531646308540e-01, 3.386605836381355594e-01, 2.506130445390650219e-01
2.137209343355268854e-01, 1.977738551950434520e-01, 3.382522648122506803e-01, 2.502529456571790378e-01
2.141018870119338890e-01, 1.981613844539553415e-01, 3.378429758712842013e-01, 2.498937526628265959e-01
2.144827743439539636e-01, 1.985490389391550148e-01, 3.374327241515890918e-01, 2.495354625653020131e-01
2.148635939958009888e-01, 1.989368166543986349e-01, 3.370215169850626635e-01, 2.491780723647376017e-01
2.152443436393416676e-01, 1.993247156094156702e-01, 3.366093616989292991e-01, 2.488215790523132798e-01
2.156250209540980234e-01, 1.997127338199132796e-01, 3.361962656155238482e-01, 2.484659796104647933e-01
2.160056236272498986e-01, 2.001008693075802258e-01, 3.357822360520782423e-01, 2.481112710130915777e-01
2.163861493536374525e-01, 2.004891201000911505e-01, 3.353672803205078323e-01, 2.477574502257636480e-01
2.167665958357619660e-01, 2.008774842311097375e-01, 3.349514057272008904e-01, 2.474045142059274338e-01
2.171469607837878679e-01, 2.012659597402919609e-01, 3.345346195728091110e-01, 2.470524599031111157e-01
2.175272419155427350e-01, 2.016545446732888325e-01, 3.341169291520395546e-01, 2.467012842591287947e-01
2.179074369565184022e-01, 2.020432370817487333e-01, 3.336983417534487573e-01, 2.463509842082840517e-01
2.182875436398707403e-01, 2.024320350233191346e-01, 3.332788646592377280e-01, 2.460015566775722862e-01
2.186675597064190180e-01, 2.028209365616487070e-01, 3.328585051450494436e-01, 2.456529985868827759e-01
2.190474829046456795e-01, 2.032099397663883478e-01, 3.324372704797671219e-01, 2.453053068491989064e-01
2.194273109906947627e-01, 2.035990427131918190e-01, 3.320151679253148247e-01, 2.449584783707985935e-01
2.198070417283705669e-01, 2.039882434837168301e-01, 3.315922047364596170e-01, 2.446125100514529305e-01
2.201866728891360703e-01, 2.043775401656250101e-01, 3.311683881606146129e-01, 2.442673987846244177e-01
2.205662022521100996e-01, 2.047669308525813803e-01, 3.307437254376445757e-01, 2.439231414576639445e-01
2.209456276040650535e-01, 2.051564136442547981e-01, 3.303182237996727943e-01, 2.435797349520072708e-01
2.213249467394241554e-01, 2.055459866463159591e-01, 3.298918904708897926e-01, 2.432371761433700930e-01
2.217041574602574283e-01, 2.059356479704371468e-01, 3.294647326673630916e-01, 2.428954619019424721e-01
2.220832575762785865e-01, 2.063253957342900125e-01, 3.290367575968491387e-01, 2.425545890925822068e-01
2.224622449048408446e-01, 2.067152280615443538e-01, 3.286079724586073447e-01, 2.422145545750075124e-01
2.228411172709322818e-01, 2.071051430818653671e-01, 3.281783844432142883e-01, 2.418753552039881460e-01
2.232198725071712353e-01, 2.074951389309112049e-01, 3.277480007323811950e-01, 2.415369878295362815e-01
2.235985084538012480e-01, 2.078852137503306441e-01, 3.273168284987722498e-01, 2.411994492970958859e-01
2.239770229586854622e-01, 2.082753656877590065e-01, 3.268848749058241854e-01, 2.408627364477313737e-01
2.243554138773008466e-01, 2.086655928968152718e-01, 3.264521471075685910e-01, 2.405268461183151796e-01
2.247336790727321454e-01, 2.090558935370980531e-01, 3.260186522484550542e-01, 2.401917751417146085e-01
2.251118164156653556e-01, 2.094462657741813227e-01, 3.255843974631760784e-01, 2.398575203469772432e-01
2.254898237843808717e-01, 2.098367077796100544e-01, 3.251493898764936108e-01, 2.395240785595154354e-01
2.258676990647464078e-01, 2.102272177308952272e-01, 3.247136366030678456e-01, 2.391914466012904639e-01
2.262454401502094758e-01, 2.106177938115089965e-01, 3.242771447472868052e-01, 2.388596212909947503e-01
2.266230449417898085e-01, 2.110084342108789479e-01, 3.238399214030976969e-01, 2.385285994442335744e-01
2.270005113480710046e-01, 2.113991371243825468e-01, 3.234019736538407686e-01, 2.381983778737058188e-01
2.273778372851920637e-01, 2.117899007533409206e-01, 3.229633085720836072e-01, 2.378689533893833807e-01
2.277550206768391150e-01, 2.121807233050128916e-01, 3.225239332194581587e-01, 2.375403227986899457e-01
2.281320594542358415e-01, 2.125716029925875383e-01, 3.220838546464982466e-01, 2.372124829066783458e-01
2.285089515561345430e-01, 2.129625380351782005e-01, 3.216430798924800882e-01, 2.368854305162071960e-01
2.288856949288061715e-01, 2.133535266578143186e-01, 3.212016159852631447e-01, 2.365591624281162819e-01
2.292622875260306448e-01, 2.137445670914347173e-01, 3.207594699411334127e-01, 2.362336754414011419e-01
2.296387273090864101e-01, 2.141356575728791400e-01, 3.203166487646482152e-01, 2.359089663533862624e-01
2.300150122467401193e-01, 2.145267963448801996e-01, 3.198731594484821583e-01, 2.355850319598974674e-01
2.303911403152355819e-01, 2.149179816560554401e-01, 3.194290089732756965e-01, 2.352618690554333647e-01
2.307671094982828019e-01, 2.153092117608979283e-01, 3.189842043074838096e-01, 2.349394744333355156e-01
2.311429177870465423e-01, 2.157004849197679541e-01, 3.185387524072281207e-01, 2.346178448859573551e-01
2.315185631801346677e-01, 2.160917993988832331e-01, 3.180926602161492367e-01, 2.342969772048329180e-01
2.318940436835861263e-01, 2.164831534703097748e-01, 3.176459346652609761e-01, 2.339768681808431505e-01
2.322693573108589316e-01, 2.168745454119517246e-01, 3.171985826728068725e-01, 2.336575146043824436e-01
2.326445020828172283e-01, 2.172659735075415099e-01, 3.167506111441176220e-01, 2.333389132655235565e-01
2.330194760277193022e-01, 2.176574360466295155e-01, 3.163020269714700849e-01, 2.330210609541810418e-01
2.333942771812035355e-01, 2.180489313245733973e-01, 3.158528370339487856e-01, 2.327039544602743648e-01
2.337689035862760556e-01, 2.184404576425269806e-01, 3.154030481973074118e-01, 2.323875905738895797e-01
2.341433532932966355e-01, 2.188320133074297125e-01, 3.149526673138339228e-01, 2.320719660854397293e-01
2.345176243599650934e-01, 2.192235966319946439e-01, 3.145017012222153796e-01, 2.317570777858248554e-01
2.348917148513072761e-01, 2.196152059346971885e-01, 3.140501567474057176e-01, 2.314429224665899287e-01
2.352656228396604876e-01, 2.200068395397629661e-01, 3.135980407004941850e-01, 2.311294969200824445e-01
2.356393464046594999e-01, 2.203984957771558673e-01, 3.131453598785760017e-01, 2.308167979396087421e-01
2.360128836332210933e-01, 2.207901729825655912e-01, 3.126921210646240734e-01, 2.305048223195892143e-01
2.363862326195296792e-01, 2.211818694973949062e-01, 3.122383310273630919e-01, 2.301935668557123782e-01
2.367593914650215070e-01, 2.215735836687469096e-01, 3.117839965211438580e-01, 2.298830283450876699e-01
2.371323582783695094e-01, 2.219653138494118993e-01, 3.113291242858207686e-01, 2.295732035863978227e-01
2.375051311754674821e-01, 2.223570583978537740e-01, 3.108737210466293588e-01, 2.292640893800493296e-01
2.378777082794141795e-01, 2.227488156781968764e-01, 3.104177935140667310e-01, 2.289556825283221853e-01
2.382500877204970224e-01, 2.231405840602118384e-01, 3.099613483837724281e-01, 2.286479798355187942e-01
2.386222676361759443e-01, 2.235323619193015088e-01, 3.095043923364115268e-01, 2.283409781081110479e-01
2.389942461710665156e-01, 2.239241476364869643e-01, 3.090469320375592299e-01, 2.280346741548874012e-01
2.393660214769232353e-01, 2.243159395983927995e-01, 3.085889741375865136e-01, 2.277290647870973683e-01
2.397375917126228217e-01, 2.247077361972324994e-01, 3.081305252715480503e-01, 2.274241468185966564e-01
2.401089550441463660e-01, 2.250995358307933125e-01, 3.076715920590707420e-01, 2.271199170659896349e-01
2.404801096445623732e-01, 2.254913369024213465e-01, 3.072121811042446415e-01, 2.268163723487715278e-01
2.408510536940090263e-01, 2.258831378210062468e-01, 3.067522989955150936e-01, 2.265135094894695222e-01
2.412217853796763400e-01, 2.262749370009652927e-01, 3.062919523055759319e-01, 2.262113253137825186e-01
2.415923028957878971e-01, 2.266667328622277988e-01, 3.058311475912648403e-01, 2.259098166507194916e-01
2.419626044435829737e-01, 2.270585238302192110e-01, 3.053698913934600467e-01, 2.256089803327377963e-01
2.423326882312981101e-01, 2.274503083358447864e-01, 3.049081902369780162e-01, 2.253088131958791984e-01
2.427025524741480977e-01, 2.278420848154733003e-01, 3.044460506304734748e-01, 2.250093120799051827e-01
2.430721953943078273e-01, 2.282338517109203657e-01, 3.039834790663402120e-01, 2.247104738284316783e-01
2.434416152208928041e-01, 2.286256074694316409e-01, 3.035204820206134912e-01, 2.244122952890620082e-01
2.438108101899402191e-01, 2.290173505436661205e-01, 3.030570659528744604e-01, 2.241147733135191167e-01
2.441797785443898527e-01, 2.294090793916785942e-01, 3.025932373061551717e-01, 2.238179047577762981e-01
2.445485185340641188e-01, 2.298007924769024934e-01, 3.021290025068458784e-01, 2.235216864821876204e-01
2.449170284156488020e-01, 2.301924882681321838e-01, 3.016643679646030529e-01, 2.232261153516160168e-01
2.452853064526732130e-01, 2.305841652395055341e-01, 3.011993400722595693e-01, 2.229311882355616281e-01
2.456533509154899819e-01, 2.309758218704860144e-01, 3.007339252057357748e-01, 2.226369020082882844e-01
2.460211600812552968e-01, 2.313674566458440718e-01, 3.002681297239521707e-01, 2.223432535489484052e-01
2.463887322339081976e-01, 2.317590680556396165e-01, 2.998019599687437586e-01, 2.220502397417084273e-01
2.467560656641505090e-01, 2.321506545952030931e-01, 2.993354222647752194e-01, 2.217578574758711230e-01
2.471231586694259963e-01, 2.325422147651171056e-01, 2.988685229194582571e-01, 2.214661036459985299e-01
2.474900095538998535e-01, 2.329337470711976277e-01, 2.984012682228698310e-01, 2.211749751520327711e-01
2.478566166284374706e-01, 2.333252500244748784e-01, 2.979336644476717755e-01, 2.208844688994158756e-01
2.482229782105838667e-01, 2.337167221411746432e-01, 2.974657178490321963e-01, 2.205945817992091551e-01
2.485890926245421795e-01, 2.341081619426987059e-01, 2.969974346645481988e-01, 2.203053107682108602e-01
2.489549582011525153e-01, 2.344995679556054757e-01, 2.965288211141692276e-01, 2.200166527290728646e-01
2.493205732778703831e-01, 2.348909387115903913e-01, 2.960598834001229585e-01, 2.197286046104162671e-01
2.496859361987455173e-01, 2.352822727474664921e-01, 2.955906277068418020e-01, 2.194411633469462997e-01
2.500510453143995337e-01, 2.356735686051441292e-01, 2.951210602008908501e-01, 2.191543258795654314e-01
2.504158989820048364e-01, 2.360648248316114528e-01, 2.946511870308974879e-01, 2.188680891554862507e-01
2.507804955652622181e-01, 2.364560399789136236e-01, 2.941810143274818934e-01, 2.185824501283422372e-01
2.511448334343788225e-01, 2.368472126041331338e-01, 2.937105482031894810e-01, 2.182974057582984795e-01
2.515089109660461619e-01, 2.372383412693689075e-01, 2.932397947524241211e-01, 2.180129530121606707e-01
2.518727265434178020e-01, 2.376294245417160389e-01, 2.927687600513827482e-01, 2.177290888634834387e-01
2.522362785560868237e-01, 2.380204609932447257e-01, 2.922974501579917450e-01, 2.174458102926766778e-01
2.525995654000634527e-01, 2.384114492009797581e-01, 2.918258711118441040e-01, 2.171631142871126297e-01
2.529625854777522997e-01, 2.388023877468794243e-01, 2.913540289341384204e-01, 2.168809978412299944e-01
2.533253371979298785e-01, 2.391932752178142496e-01, 2.908819296276182187e-01, 2.165994579566377087e-01
2.536878189757215130e-01, 2.395841102055459026e-01, 2.904095791765142764e-01, 2.163184916422183912e-01
2.540500292325785225e-01, 2.399748913067057954e-01, 2.899369835464862266e-01, 2.160380959142293722e-01
2.544119663962555178e-01, 2.403656171227736837e-01, 2.894641486845671019e-01, 2.157582677964038076e-01
2.547736289007866972e-01, 2.407562862600556297e-01, 2.889910805191077681e-01, 2.154790043200499328e-01
2.551350151864630877e-01, 2.411468973296630181e-01, 2.885177849597240218e-01, 2.152003025241499001e-01
2.554961236998092300e-01, 2.415374489474900188e-01, 2.880442678972436332e-01, 2.149221594554571180e-01
2.558569528935595305e-01, 2.419279397341919657e-01, 2.875705352036556639e-01, 2.146445721685929231e-01
2.562175012266351137e-01, 2.423183683151631240e-01, 2.870965927320602296e-01, 2.143675377261413662e-01
2.565777671641202851e-01, 2.427087333205147912e-01, 2.866224463166201497e-01, 2.140910531987447185e-01
2.569377491772384947e-01, 2.430990333850526763e-01, 2.861481017725133746e-01, 2.138151156651955931e-01
2.572974457433291340e-01, 2.434892671482545567e-01, 2.856735648958865226e-01, 2.135397222125298422e-01
2.576568553458236099e-01, 2.438794332542479903e-01, 2.851988414638104152e-01, 2.132648699361179012e-01
2.580159764742214201e-01, 2.442695303517876393e-01, 2.847239372342360020e-01, 2.129905559397549941e-01
2.583748076240662828e-01, 2.446595570942322884e-01, 2.842488579459515607e-01, 2.127167773357498681e-01
2.587333472969222670e-01, 2.450495121395225295e-01, 2.837736093185416753e-01, 2.124435312450136670e-01
2.590915940003496454e-01, 2.454393941501573084e-01, 2.832981970523466564e-01, 2.121708147971465008e-01
2.594495462478806913e-01, 2.458292017931714701e-01, 2.828226268284235734e-01, 2.118986251305242097e-01
2.598072025589960310e-01, 2.462189337401124445e-01, 2.823469043085086172e-01, 2.116269593923828518e-01
2.601645614590996081e-01, 2.466085886670169869e-01, 2.818710351349799081e-01, 2.113558147389034692e-01
2.605216214794950913e-01, 2.469981652543880302e-01, 2.813950249308220242e-01, 2.110851883352946601e-01
2.608783811573614497e-01, 2.473876621871714254e-01, 2.809188792995921391e-01, 2.108150773558750968e-01
2.612348390357279171e-01, 2.477770781547323220e-01, 2.804426038253853837e-01, 2.105454789841543772e-01
2.615909936634507327e-01, 2.481664118508318251e-01, 2.799662040728040369e-01, 2.102763904129133776e-01
2.619468435951876062e-01, 2.485556619736033479e-01, 2.794896855869256069e-01, 2.100078088442834390e-01
2.623023873913736814e-01, 2.489448272255290473e-01, 2.790130538932731885e-01, 2.097397314898241105e-01
2.626576236181970558e-01, 2.493339063134158706e-01, 2.785363144977863747e-01, 2.094721555706008376e-01
2.630125508475737450e-01, 2.497228979483719635e-01, 2.780594728867935017e-01, 2.092050783172607342e-01
2.633671676571237019e-01, 2.501118008457826614e-01, 2.775825345269853917e-01, 2.089384969701082173e-01
2.637214726301455037e-01, 2.505006137252866472e-01, 2.771055048653890407e-01, 2.086724087791788085e-01
2.640754643555920378e-01, 2.508893353107518598e-01, 2.766283893293434715e-01, 2.084068110043127975e-01
2.644291414280454111e-01, 2.512779643302512356e-01, 2.761511933264762519e-01, 2.081417009152271291e-01
2.647825024476926359e-01, 2.516664995160390328e-01, 2.756739222446810689e-01, 2.078770757915872902e-01
2.651355460203006498e-01, 2.520549396045259627e-01, 2.751965814520960785e-01, 2.076129329230772536e-01
2.654882707571911138e-01, 2.524432833362556527e-01, 2.747191762970839779e-01, 2.073492696094691168e-01
2.658406752752160984e-01, 2.528315294558797777e-01, 2.742417121082124654e-01, 2.070860831606916863e-01
2.661927581967329925e-01, 2.532196767121336345e-01, 2.737641941942356993e-01, 2.068233708968976736e-01
2.665445181495794125e-01, 2.536077238578122173e-01, 2.732866278440775898e-01, 2.065611301485308360e-01
2.668959537670486659e-01, 2.539956696497450706e-01, 2.728090183268152003e-01, 2.062993582563910910e-01
2.672470636878645500e-01, 2.543835128487722530e-01, 2.723313708916634268e-01, 2.060380525716997979e-01
2.675978465561563713e-01, 2.547712522197194684e-01, 2.718536907679608983e-01, 2.057772104561631510e-01
2.679483010214344096e-01, 2.551588865313735299e-01, 2.713759831651567644e-01, 2.055168292820354070e-01
2.682984257385642723e-01, 2.555464145564572687e-01, 2.708982532727979287e-01, 2.052569064321804471e-01
2.686482193677424135e-01, 2.559338350716057198e-01, 2.704205062605183341e-01, 2.049974393001334216e-01
2.689976805744711541e-01, 2.563211468573402541e-01, 2.699427472780282500e-01, 2.047384252901603696e-01
2.693468080295332578e-01, 2.567083486980442641e-01, 2.694649814551047795e-01, 2.044798618173178095e-01
2.696956004089672843e-01, 2.570954393819384065e-01, 2.689872139015834773e-01, 2.042217463075108597e-01
2.700440563940426641e-01, 2.574824177010553439e-01, 2.685094497073511888e-01, 2.039640761975508310e-01
2.703921746712343865e-01, 2.578692824512152093e-01, 2.680316939423385558e-01, 2.037068489352118761e-01
2.707399539321981297e-01, 2.582560324320001266e-01, 2.675539516565153542e-01, 2.034500619792865006e-01
2.710873928737453364e-01, 2.586426664467295078e-01, 2.670762278798848310e-01, 2.031937127996402415e-01
2.714344901978182345e-01, 2.590291833024349621e-01, 2.665985276224807632e-01, 2.029377988772661789e-01
2.717812446114644120e-01, 2.594155818098351496e-01, 2.661208558743634600e-01, 2.026823177043369228e-01
2.721276548268125595e-01, 2.598018607833106897e-01, 2.656432176056187644e-01, 2.024272667842580975e-01
2.724737195610467677e-01, 2.601880190408787930e-01, 2.651656177663559433e-01, 2.021726436317184405e-01
2.728194375363822144e-01, 2.605740554041687251e-01, 2.646880612867079097e-01, 2.019184457727411508e-01
2.731648074800395176e-01, 2.609599686983955502e-01, 2.642105530768318888e-01, 2.016646707447329601e-01
2.735098281242204776e-01, 2.613457577523360387e-01, 2.637330980269104730e-01, 2.014113160965330107e-01
2.738544982060825972e-01, 2.617314213983025217e-01, 2.632557010071539527e-01, 2.011583793884609284e-01
2.741988164677143791e-01, 2.621169584721181334e-01, 2.627783668678037587e-01, 2.009058581923636178e-01
2.745427816561105683e-01, 2.625023678130913862e-01, 2.623011004391362921e-01, 2.006537500916618089e-01
2.748863925231468941e-01, 2.628876482639906365e-01, 2.618239065314674763e-01, 2.004020526813949932e-01
2.752296478255556456e-01, 2.632727986710189927e-01, 2.613467899351587520e-01, 2.001507635682665265e-01
2.755725463249005247e-01, 2.636578178837890030e-01, 2.608697554206235170e-01, 1.998998803706869831e-01
2.759150867875519997e-01, 2.640427047552969531e-01, 2.603928077383337869e-01, 1.996494007188172604e-01
2.762572679846621582e-01, 2.644274581418979420e-01, 2.599159516188292995e-01, 1.993993222546106836e-01
2.765990886921405600e-01, 2.648120769032799027e-01, 2.594391917727252861e-01, 1.991496426318542790e-01
2.769405476906288688e-01, 2.651965599024389553e-01, 2.589625328907229074e-01, 1.989003595162093518e-01
2.772816437654764266e-01, 2.655809060056531501e-01, 2.584859796436193569e-01, 1.986514705852510942e-01
2.776223757067157183e-01, 2.659651140824575433e-01, 2.580095366823190184e-01, 1.984029735285076645e-01
2.779627423090374472e-01, 2.663491830056189391e-01, 2.575332086378455676e-01, 1.981548660474982126e-01
2.783027423717656101e-01, 2.667331116511095224e-01, 2.570570001213545730e-01, 1.979071458557701557e-01
2.786423746988339611e-01, 2.671168988980827663e-01, 2.565809157241472072e-01, 1.976598106789362042e-01
2.789816380987601985e-01, 2.675005436288464544e-01, 2.561049600176840690e-01, 1.974128582547093891e-01
2.793205313846220950e-01, 2.678840447288385884e-01, 2.556291375536003940e-01, 1.971662863329388116e-01
2.796590533740331841e-01, 2.682674010866010206e-01, 2.551534528637220967e-01, 1.969200926756437819e-01
2.799972028891176690e-01, 2.686506115937542516e-01, 2.546779104600812582e-01, 1.966742750570467657e-01
2.803349787564864970e-01, 2.690336751449720065e-01, 2.542025148349342234e-01, 1.964288312636072176e-01
2.806723798072129350e-01, 2.694165906379558106e-01, 2.537272704607787532e-01, 1.961837590940523623e-01
2.810094048768080333e-01, 2.697993569734092878e-01, 2.532521817903730654e-01, 1.959390563594096968e-01
2.813460528051962561e-01, 2.701819730550127363e-01, 2.527772532567545971e-01, 1.956947208830364937e-01
2.816823224366915013e-01, 2.705644377893979269e-01, 2.523024892732602109e-01, 1.954507505006502499e-01
2.820182126199730077e-01, 2.709467500861224010e-01, 2.518278942335470116e-01, 1.952071430603576629e-01
2.823537222080604869e-01, 2.713289088576438246e-01, 2.513534725116129964e-01, 1.949638964226827198e-01
2.826888500582908637e-01, 2.717109130192950084e-01, 2.508792284618195367e-01, 1.947210084605947855e-01
2.830235950322932958e-01, 2.720927614892579283e-01, 2.504051664189136939e-01, 1.944784770595350265e-01
2.833579559959661931e-01, 2.724744531885388565e-01, 2.499312906980518389e-01, 1.942363001174432224e-01
2.836919318194520701e-01, 2.728559870409423271e-01, 2.494576055948230509e-01, 1.939944755447826075e-01
2.840255213771145648e-01, 2.732373619730460446e-01, 2.489841153852740407e-01, 1.937530012645654054e-01
2.843587235475140695e-01, 2.736185769141753488e-01, 2.485108243259342153e-01, 1.935118752123764774e-01
2.846915372133838051e-01, 2.739996307963778466e-01, 2.480377366538414341e-01, 1.932710953363969975e-01
2.850239612616063956e-01, 2.743805225543980986e-01, 2.475648565865684325e-01, 1.930306595974269901e-01
2.853559945831898870e-01, 2.747612511256521395e-01, 2.470921883222500781e-01, 1.927905659689079232e-01
2.856876360732440445e-01, 2.751418154502018876e-01, 2.466197360396106264e-01, 1.925508124369434970e-01
2.860188846309567601e-01, 2.755222144707300536e-01, 2.461475038979922814e-01, 1.923113970003208772e-01
2.863497391595705710e-01, 2.759024471325148276e-01, 2.456754960373840058e-01, 1.920723176705305957e-01
2.866801985663589014e-01, 2.762825123834042884e-01, 2.452037165784507478e-01, 1.918335724717858959e-01
2.870102617626029140e-01, 2.766624091737913682e-01, 2.447321696225636389e-01, 1.915951594410419678e-01
2.873399276635676403e-01, 2.770421364565883171e-01, 2.442608592518306643e-01, 1.913570766280134616e-01
2.876691951884789988e-01, 2.774216931872012792e-01, 2.437897895291272488e-01, 1.911193220951924454e-01
2.879980632605004809e-01, 2.778010783235055348e-01, 2.433189644981287869e-01, 1.908818939178650864e-01
2.883265308067095578e-01, 2.781802908258197982e-01, 2.428483881833425062e-01, 1.906447901841280823e-01
2.886545967580748662e-01, 2.785593296568811272e-01, 2.423780645901399133e-01, 1.904080089949039822e-01
2.889822600494329485e-01, 2.789381937818196655e-01, 2.419079977047909891e-01, 1.901715484639563969e-01
2.893095196194649388e-01, 2.793168821681334957e-01, 2.414381914944971896e-01, 1.899354067179042371e-01
2.896363744106740246e-01, 2.796953937856634376e-01, 2.409686499074267241e-01, 1.896995818962357583e-01
2.899628233693621326e-01, 2.800737276065677905e-01, 2.404993768727488324e-01, 1.894640721513213277e-01
2.902888654456068918e-01, 2.804518826052973535e-01, 2.400303763006693958e-01, 1.892288756484262480e-01
2.906144995932396502e-01, 2.808298577585703337e-01, 2.395616520824673801e-01, 1.889939905657226915e-01
2.909397247698214950e-01, 2.812076520453468120e-01, 2.390932080905308066e-01, 1.887594150943010252e-01
2.912645399366212695e-01, 2.815852644468043731e-01, 2.386250481783937505e-01, 1.885251474381806069e-01
2.915889440585930359e-01, 2.819626939463125703e-01, 2.381571761807742549e-01, 1.882911858143200834e-01
2.919129361043532600e-01, 2.823399395294078351e-01, 2.376895959136119674e-01, 1.880575284526270763e-01
2.922365150461578853e-01, 2.827170001837688296e-01, 2.372223111741065260e-01, 1.878241735959667313e-01
2.925596798598807391e-01, 2.830938748991911891e-01, 2.367553257407568335e-01, 1.875911195001712384e-01
2.928824295249904397e-01, 2.834705626675628753e-01, 2.362886433734001368e-01, 1.873583644340467147e-01
2.932047630245283587e-01, 2.838470624828385858e-01, 2.358222678132519123e-01, 1.871259066793811987e-01
2.935266793450863609e-01, 2.842233733410155505e-01, 2.353562027829465553e-01, 1.868937445309514500e-01
2.938481774767846000e-01, 2.845994942401086081e-01, 2.348904519865778195e-01, 1.866618762965290279e-01
2.941692564132491472e-01, 2.849754241801246146e-01, 2.344250191097399239e-01, 1.864303002968862311e-01
2.944899151515903424e-01, 2.853511621630385742e-01, 2.339599078195697957e-01, 1.861990148658012878e-01
2.948101526923804228e-01, 2.857267071927680480e-01, 2.334951217647885102e-01, 1.859680183500629080e-01
2.951299680396319292e-01, 2.861020582751488961e-01, 2.330306645757443673e-01, 1.857373091094747797e-01
2.954493602007753905e-01, 2.864772144179102975e-01, 2.325665398644554682e-01, 1.855068855168588160e-01
2.957683281866379521e-01, 2.868521746306500475e-01, 2.321027512246534863e-01, 1.852767459580585419e-01
2.960868710114213931e-01, 2.872269379248097998e-01, 2.316393022318270767e-01, 1.850468888319416749e-01
2.964049876926807547e-01, 2.876015033136506416e-01, 2.311761964432664240e-01, 1.848173125504022352e-01
2.967226772513020805e-01, 2.879758698122281135e-01, 2.307134373981077347e-01, 1.845880155383621823e-01
2.970399387114817658e-01, 2.883500364373678404e-01, 2.302510286173780896e-01, 1.843589962337724153e-01
2.973567711007042424e-01, 2.887240022076407731e-01, 2.297889736040412134e-01, 1.841302530876136045e-01
2.976731734497215509e-01, 2.890977661433389856e-01, 2.293272758430430769e-01, 1.839017845638963866e-01
2.979891447925308579e-01, 2.894713272664506398e-01, 2.288659388013579432e-01, 1.836735891396605591e-01
2.983046841663543058e-01, 2.898446846006356714e-01, 2.284049659280352473e-01, 1.834456653049749697e-01
2.986197906116167533e-01, 2.902178371712014204e-01, 2.279443606542463363e-01, 1.832180115629355732e-01
2.989344631719255685e-01, 2.905907840050782620e-01, 2.274841263933318480e-01, 1.829906264296642382e-01
2.992487008940492577e-01, 2.909635241307950149e-01, 2.270242665408494231e-01, 1.827635084343061933e-01
2.995625028278962598e-01, 2.913360565784544609e-01, 2.265647844746216943e-01, 1.825366561190276404e-01
2.998758680264940191e-01, 2.917083803797093089e-01, 2.261056835547844979e-01, 1.823100680390122297e-01
3.001887955459686674e-01, 2.920804945677373810e-01, 2.256469671238360841e-01, 1.820837427624578952e-01
3.005012844455236531e-01, 2.924523981772177983e-01, 2.251886385066857177e-01, 1.818576788705728864e-01
3.008133337874191460e-01, 2.928240902443065563e-01, 2.247307010107033043e-01, 1.816318749575709379e-01
3.011249426369517201e-01, 2.931955698066122107e-01, 2.242731579257692121e-01, 1.814063296306667461e-01
3.014361100624335377e-01, 2.935668359031715080e-01, 2.238160125243243148e-01, 1.811810415100706118e-01
3.017468351351715872e-01, 2.939378875744255160e-01, 2.233592680614203130e-01, 1.809560092289825839e-01
3.020571169294476999e-01, 2.943087238621953095e-01, 2.229029277747706095e-01, 1.807312314335865200e-01
3.023669545224977884e-01, 2.946793438096577122e-01, 2.224469948848011303e-01, 1.805067067830433414e-01
3.026763469944919738e-01, 2.950497464613214826e-01, 2.219914725947021439e-01, 1.802824339494842887e-01
3.029852934285138799e-01, 2.954199308630031107e-01, 2.215363640904794429e-01, 1.800584116180035110e-01
3.032937929105407049e-01, 2.957898960618025597e-01, 2.210816725410066352e-01, 1.798346384866500725e-01
3.036018445294231261e-01, 2.961596411060794520e-01, 2.206274010980772415e-01, 1.796111132664200971e-01
3.039094473768651494e-01, 2.965291650454293104e-01, 2.201735528964573751e-01, 1.793878346812481372e-01
3.042166005474042367e-01, 2.968984669306590218e-01, 2.197201310539384778e-01, 1.791648014679981527e-01
3.045233031383914879e-01, 2.972675458137634119e-01, 2.192671386713907211e-01, 1.789420123764544346e-01
3.048295542499713240e-01, 2.976364007479009310e-01, 2.188145788328161589e-01, 1.787194661693115305e-01
3.051353529850625579e-01, 2.980050307873702842e-01, 2.183624546054024895e-01, 1.784971616221646407e-01
3.054406984493378552e-01, 2.983734349875860614e-01, 2.179107690395772901e-01, 1.782750975234988211e-01
3.057455897512045273e-01, 2.987416124050551458e-01, 2.174595251690617514e-01, 1.780532726746785199e-01
3.060500260017849916e-01, 2.991095620973530655e-01, 2.170087260109257454e-01, 1.778316858899361974e-01
3.063540063148970094e-01, 2.994772831230997356e-01, 2.165583745656422254e-01, 1.776103359963609463e-01
3.066575298070346456e-01, 2.998447745419362542e-01, 2.161084738171425157e-01, 1.773892218338867233e-01
3.069605955973481182e-01, 3.002120354145009218e-01, 2.156590267328711841e-01, 1.771683422552798037e-01
3.072632028076255906e-01, 3.005790648024053713e-01, 2.152100362638421083e-01, 1.769476961261267911e-01
3.075653505622731876e-01, 3.009458617682114201e-01, 2.147615053446939870e-01, 1.767272823248214331e-01
3.078670379882956776e-01, 3.013124253754067561e-01, 2.143134368937460732e-01, 1.765070997425514376e-01
3.081682642152779872e-01, 3.016787546883819005e-01, 2.138658338130551007e-01, 1.762871472832850117e-01
3.084690283753656059e-01, 3.020448487724061715e-01, 2.134186989884711838e-01, 1.760674238637571221e-01
3.087693296032458790e-01, 3.024107066936043142e-01, 2.129720352896946334e-01, 1.758479284134550902e-01
3.090691670361290222e-01, 3.027763275189331305e-01, 2.125258455703333826e-01, 1.756286598746045202e-01
3.093685398137291376e-01, 3.031417103161574977e-01, 2.120801326679592758e-01, 1.754096172021539779e-01
3.096674470782456723e-01, 3.035068541538273323e-01, 2.116348994041665210e-01, 1.751907993637606131e-01
3.099658879743441564e-01, 3.038717581012534974e-01, 2.111901485846283122e-01, 1.749722053397740340e-01
3.102638616491383838e-01, 3.042364212284852099e-01, 2.107458829991552263e-01, 1.747538341232212078e-01
3.105613672521708724e-01, 3.046008426062858376e-01, 2.103021054217530661e-01, 1.745356847197901962e-01
3.108584039353949335e-01, 3.049650213061097515e-01, 2.098588186106812303e-01, 1.743177561478140014e-01
3.111549708531559100e-01, 3.053289564000791212e-01, 2.094160253085108614e-01, 1.741000474382541630e-01
3.114510671621726345e-01, 3.056926469609601571e-01, 2.089737282421836595e-01, 1.738825576346835211e-01
3.117466920215195558e-01, 3.060560920621399617e-01, 2.085319301230707523e-01, 1.736652857932697580e-01
3.120418445926076423e-01, 3.064192907776032149e-01, 2.080906336470314810e-01, 1.734482309827574675e-01
3.123365240391670072e-01, 3.067822421819089151e-01, 2.076498414944731863e-01, 1.732313922844509746e-01
3.126307295272276465e-01, 3.071449453501666760e-01, 2.072095563304094945e-01, 1.730147687921959887e-01
3.129244602251026741e-01, 3.075073993580141885e-01, 2.067697808045211860e-01, 1.727983596123621179e-01
3.132177153033686712e-01, 3.078696032815929073e-01, 2.063305175512148426e-01, 1.725821638638236621e-01
3.135104939348489217e-01, 3.082315561975257912e-01, 2.058917691896836044e-01, 1.723661806779418493e-01
3.138027952945947052e-01, 3.085932571828935433e-01, 2.054535383239666224e-01, 1.721504091985451290e-01
3.140946185598677554e-01, 3.089547053152115752e-01, 2.050158275430098431e-01, 1.719348485819107430e-01
3.143859629101223296e-01, 3.093158996724066911e-01, 2.045786394207260994e-01, 1.717194979967449631e-01
3.146768275269870574e-01, 3.096768393327938296e-01, 2.041419765160556177e-01, 1.715043566241635509e-01
3.149672115942476203e-01, 3.100375233750531367e-01, 2.037058413730273299e-01, 1.712894236576720242e-01
3.152571142978287111e-01, 3.103979508782065411e-01, 2.032702365208191309e-01, 1.710746983031455337e-01
3.155465348257769920e-01, 3.107581209215949380e-01, 2.028351644738193571e-01, 1.708601797788088517e-01
3.158354723682422760e-01, 3.111180325848544870e-01, 2.024006277316878766e-01, 1.706458673152153604e-01
3.161239261174615955e-01, 3.114776849478940735e-01, 2.019666287794174009e-01, 1.704317601552269856e-01
3.164118952677402730e-01, 3.118370770908718281e-01, 2.015331700873950749e-01, 1.702178575539928518e-01
3.166993790154352673e-01, 3.121962080941721451e-01, 2.011002541114641495e-01, 1.700041587789284658e-01
3.169863765589374660e-01, 3.125550770383826449e-01, 2.006678832929857659e-01, 1.697906631096940677e-01
3.172728870986546434e-01, 3.129136830042709705e-01, 2.002360600589007944e-01, 1.695773698381736472e-01
3.175589098369936414e-01, 3.132720250727614730e-01, 1.998047868217921463e-01, 1.693642782684526837e-01
3.178444439783437159e-01, 3.136301023249129516e-01, 1.993740659799467241e-01, 1.691513877167967750e-01
3.181294887290588846e-01, 3.139879138418943394e-01, 1.989438999174176770e-01, 1.689386975116291822e-01
3.184140432974408852e-01, 3.143454587049628879e-01, 1.985142910040874065e-01, 1.687262069935088760e-01
3.186981068937222994e-01, 3.147027359954402970e-01, 1.980852415957295443e-01, 1.685139155151078594e-01
3.189816787300492340e-01, 3.150597447946898999e-01, 1.976567540340720408e-01, 1.683018224411888530e-01
3.192647580204641122e-01, 3.154164841840936817e-01, 1.972288306468598096e-01, 1.680899271485823687e-01
3.195473439808892424e-01, 3.157729532450291310e-01, 1.968014737479176768e-01, 1.678782290261638110e-01
3.198294358291095540e-01, 3.161291510588463138e-01, 1.963746856372137473e-01, 1.676667274748304404e-01
3.201110327847554449e-01, 3.164850767068445592e-01, 1.959484686009221044e-01, 1.674554219074779748e-01
3.203921340692865716e-01, 3.168407292702497546e-01, 1.955228249114865091e-01, 1.672443117489773590e-01
3.206727389059743083e-01, 3.171961078301910320e-01, 1.950977568276835716e-01, 1.670333964361512546e-01
3.209528465198855929e-01, 3.175512114676777853e-01, 1.946732665946863949e-01, 1.668226754177501436e-01
3.212324561378661625e-01, 3.179060392635770227e-01, 1.942493564441281073e-01, 1.666121481544288185e-01
3.215115669885230121e-01, 3.182605902985894963e-01, 1.938260285941656169e-01, 1.664018141187219302e-01
3.217901783022091289e-01, 3.186148636532272205e-01, 1.934032852495434496e-01, 1.661916727950203398e-01
3.220682893110053957e-01, 3.189688584077904343e-01, 1.929811286016575311e-01, 1.659817236795466389e-01
3.223458992487053809e-01, 3.193225736423442873e-01, 1.925595608286193861e-01, 1.657719662803308625e-01
3.226230073507977969e-01, 3.196760084366959687e-01, 1.921385840953201973e-01, 1.655624001171860649e-01
3.228996128544504574e-01, 3.200291618703712260e-01, 1.917182005534948108e-01, 1.653530247216833671e-01
3.231757149984937905e-01, 3.203820330225919943e-01, 1.912984123417864335e-01, 1.651438396371278372e-01
3.234513130234039635e-01, 3.207346209722524710e-01, 1.908792215858104990e-01, 1.649348444185329277e-01
3.237264061712873953e-01, 3.210869247978968000e-01, 1.904606303982195881e-01, 1.647260386325962445e-01
3.240009936858631590e-01, 3.214389435776953130e-01, 1.900426408787676269e-01, 1.645174218576738456e-01
3.242750748124479387e-01, 3.217906763894216593e-01, 1.896252551143748633e-01, 1.643089936837555665e-01
3.245486487979384882e-01, 3.221421223104298237e-01, 1.892084751791922037e-01, 1.641007537124394844e-01
3.248217148907962537e-01, 3.224932804176306456e-01, 1.887923031346664116e-01, 1.638927015569067169e-01
3.250942723410307766e-01, 3.228441497874688926e-01, 1.883767410296046108e-01, 1.636848368418957478e-01
3.253663204001834286e-01, 3.231947294958997796e-01, 1.879617909002394283e-01, 1.634771592036773358e-01
3.256378583213111466e-01, 3.235450186183664312e-01, 1.875474547702940531e-01, 1.632696682900283136e-01
3.259088853589707790e-01, 3.238950162297757895e-01, 1.871337346510470734e-01, 1.630623637602064135e-01
3.261794007692019326e-01, 3.242447214044757997e-01, 1.867206325413980628e-01, 1.628552452849240384e-01
3.264494038095121509e-01, 3.245941332162323723e-01, 1.863081504279325562e-01, 1.626483125463228929e-01
3.267188937388596504e-01, 3.249432507382056246e-01, 1.858962902849869980e-01, 1.624415652379475605e-01
3.269878698176377774e-01, 3.252920730429270657e-01, 1.854850540747151333e-01, 1.622350030647198293e-01
3.272563313076592428e-01, 3.256405992022758378e-01, 1.850744437471523174e-01, 1.620286257429126298e-01
3.275242774721392469e-01, 3.259888282874555121e-01, 1.846644612402815466e-01, 1.618224330001235556e-01
3.277917075756804355e-01, 3.263367593689711077e-01, 1.842551084800992112e-01, 1.616164245752492734e-01
3.280586208842560803e-01, 3.266843915166047774e-01, 1.838463873806802651e-01, 1.614106002184587940e-01
3.283250166651947577e-01, 3.270317237993936033e-01, 1.834382998442442014e-01, 1.612049596911672988e-01
3.285908941871640843e-01, 3.273787552856050054e-01, 1.830308477612207219e-01, 1.609995027660100220e-01
3.288562527201548402e-01, 3.277254850427141486e-01, 1.826240330103155451e-01, 1.607942292268156881e-01
3.291210915354647049e-01, 3.280719121373795177e-01, 1.822178574585759381e-01, 1.605891388685798948e-01
3.293854099056830464e-01, 3.284180356354203800e-01, 1.818123229614575231e-01, 1.603842314974392724e-01
3.296492071046744909e-01, 3.287638546017924157e-01, 1.814074313628889767e-01, 1.601795069306441166e-01
3.299124824075633788e-01, 3.291093681005647364e-01, 1.810031844953390590e-01, 1.599749649965327702e-01
3.301752350907176115e-01, 3.294545751948956824e-01, 1.805995841798823387e-01, 1.597706055345044507e-01
3.304374644317328857e-01, 3.297994749470093967e-01, 1.801966322262649189e-01, 1.595664283949927154e-01
3.306991697094171512e-01, 3.301440664181722329e-01, 1.797943304329714109e-01, 1.593624334394392328e-01
3.309603502037741785e-01, 3.304883486686688299e-01, 1.793926805872902153e-01, 1.591586205402666099e-01
3.312210051959884605e-01, 3.308323207577784086e-01, 1.789916844653806349e-01, 1.589549895808523572e-01
3.314811339684088920e-01, 3.311759817437507913e-01, 1.785913438323383506e-01, 1.587515404555018828e-01
3.317407358045330046e-01, 3.315193306837828646e-01, 1.781916604422626171e-01, 1.585482730694215692e-01
3.319998099889913123e-01, 3.318623666339941547e-01, 1.777926360383217386e-01, 1.583451873386927666e-01
3.322583558075316579e-01, 3.322050886494035127e-01, 1.773942723528202647e-01, 1.581422831902445370e-01
3.325163725470031140e-01, 3.325474957839045231e-01, 1.769965711072650216e-01, 1.579395605618273690e-01
3.327738594953403295e-01, 3.328895870902419118e-01, 1.765995340124318080e-01, 1.577370194019860061e-01
3.330308159415478197e-01, 3.332313616199869544e-01, 1.762031627684316759e-01, 1.575346596700334389e-01
3.332872411756842568e-01, 3.335728184235141058e-01, 1.758074590647779600e-01, 1.573324813360237884e-01
3.335431344888462601e-01, 3.339139565499758544e-01, 1.754124245804523641e-01, 1.571304843807255491e-01
3.337984951731531869e-01, 3.342547750472792956e-01, 1.750180609839721291e-01, 1.569286687955954718e-01
3.340533225217309221e-01, 3.345952729620613186e-01, 1.746243699334562582e-01, 1.567270345827514177e-01
3.343076158286966137e-01, 3.349354493396645704e-01, 1.742313530766926577e-01, 1.565255817549460193e-01
3.345613743891421299e-01, 3.352753032241130859e-01, 1.738390120512045833e-01, 1.563243103355401453e-01
3.348145974991189600e-01, 3.356148336580873637e-01, 1.734473484843175317e-01, 1.561232203584761169e-01
3.350672844556220609e-01, 3.359540396829004960e-01, 1.730563639932261588e-01, 1.559223118682513121e-01
3.353194345565742585e-01, 3.362929203384731891e-01, 1.726660601850609489e-01, 1.557215849198917146e-01
3.355710471008101492e-01, 3.366314746633091715e-01, 1.722764386569553274e-01, 1.555210395789254074e-01
3.358221213880608347e-01, 3.369697016944706580e-01, 1.718875009961123579e-01, 1.553206759213561494e-01
3.360726567189374903e-01, 3.373076004675536477e-01, 1.714992487798719378e-01, 1.551204940336369520e-01
3.363226523949160440e-01, 3.376451700166628322e-01, 1.711116835757774679e-01, 1.549204940126438779e-01
3.365721077183208010e-01, 3.379824093743867275e-01, 1.707248069416431036e-01, 1.547206759656493957e-01
3.368210219923092330e-01, 3.383193175717734147e-01, 1.703386204256206737e-01, 1.545210400102966786e-01
3.370693945208556030e-01, 3.386558936383046170e-01, 1.699531255662668217e-01, 1.543215862745729305e-01
3.373172246087354775e-01, 3.389921366018710525e-01, 1.695683238926100622e-01, 1.541223148967834078e-01
3.375645115615095726e-01, 3.393280454887472875e-01, 1.691842169242177285e-01, 1.539232260255254114e-01
3.378112546855077669e-01, 3.396636193235667567e-01, 1.688008061712634456e-01, 1.537243198196620864e-01
3.380574532878135585e-01, 3.399988571292957840e-01, 1.684180931345939658e-01, 1.535255964482966362e-01
3.383031066762480221e-01, 3.403337579272089908e-01, 1.680360793057966429e-01, 1.533270560907463442e-01
3.385482141593534333e-01, 3.406683207368634281e-01, 1.676547661672664613e-01, 1.531286989365166218e-01
3.387927750463780030e-01, 3.410025445760733187e-01, 1.672741551922732051e-01, 1.529305251852754732e-01
3.390367886472593351e-01, 3.413364284608840227e-01, 1.668942478450290701e-01, 1.527325350468275722e-01
3.392802542726085502e-01, 3.416699714055471127e-01, 1.665150455807555552e-01, 1.525347287410888097e-01
3.395231712336945207e-01, 3.420031724224937841e-01, 1.661365498457509915e-01, 1.523371064980607315e-01
3.397655388424273837e-01, 3.423360305223098199e-01, 1.657587620774577941e-01, 1.521396685578050023e-01
3.400073564113428870e-01, 3.426685447137091667e-01, 1.653816837045299082e-01, 1.519424151704180381e-01
3.402486232535859023e-01, 3.430007140035081226e-01, 1.650053161469001162e-01, 1.517453465960057202e-01
3.404893386828948265e-01, 3.433325373965993577e-01, 1.646296608158474284e-01, 1.515484631046583874e-01
3.407295020135848174e-01, 3.436640138959253798e-01, 1.642547191140645291e-01, 1.513517649764253570e-01
3.409691125605318618e-01, 3.439951425024528331e-01, 1.638804924357251946e-01, 1.511552525012901382e-01
3.412081696391567887e-01, 3.443259222151457410e-01, 1.635069821665518230e-01, 1.509589259791456473e-01
3.414466725654087820e-01, 3.446563520309393613e-01, 1.631341896838827965e-01, 1.507627857197689492e-01
3.416846206557493382e-01, 3.449864309447135402e-01, 1.627621163567401774e-01, 1.505668320427969997e-01
3.419220132271355017e-01, 3.453161579492659561e-01, 1.623907635458970156e-01, 1.503710652777016654e-01
3.421588495970039889e-01, 3.456455320352855853e-01, 1.620201326039449885e-01, 1.501754857637654372e-01
3.423951290832548677e-01, 3.459745521913260013e-01, 1.616502248753620974e-01, 1.499800938500569780e-01
3.426308510042349043e-01, 3.463032174037783961e-01, 1.612810416965800298e-01, 1.497848898954066976e-01
3.428660146787211871e-01, 3.466315266568442133e-01, 1.609125843960518276e-01, 1.495898742683827443e-01
3.431006194259045294e-01, 3.469594789325088913e-01, 1.605448542943196943e-01, 1.493950473472667739e-01
3.433346645653735374e-01, 3.472870732105138303e-01, 1.601778527040824407e-01, 1.492004095200301916e-01
3.435681494170973460e-01, 3.476143084683294138e-01, 1.598115809302631252e-01, 1.490059611843101151e-01
3.438010733014094100e-01, 3.479411836811277525e-01, 1.594460402700769996e-01, 1.488117027473858101e-01
3.440334355389911281e-01, 3.482676978217550401e-01, 1.590812320130988722e-01, 1.486176346261549874e-01
3.442652354508545232e-01, 3.485938498607039082e-01, 1.587171574413311081e-01, 1.484237572471106270e-01
3.444964723583260890e-01, 3.489196387660856158e-01, 1.583538178292711873e-01, 1.482300710463171634e-01
3.447271455830301368e-01, 3.492450635036024598e-01, 1.579912144439796495e-01, 1.480365764693876984e-01
3.449572544468713642e-01, 3.495701230365199641e-01, 1.576293485451476795e-01, 1.478432739714609090e-01
3.451867982720188133e-01, 3.498948163256380139e-01, 1.572682213851651079e-01, 1.476501640171780372e-01
3.454157763808883286e-01, 3.502191423292637107e-01, 1.569078342091880240e-01, 1.474572470806599644e-01
3.456441880961260149e-01, 3.505431000031823952e-01, 1.565481882552069437e-01, 1.472645236454847295e-01
3.458720327405913619e-01, 3.508666883006293924e-01, 1.561892847541140328e-01, 1.470719942046650464e-01
3.460993096373400357e-01, 3.511899061722619786e-01, 1.558311249297719692e-01, 1.468796592606260443e-01
3.463260181096065038e-01, 3.515127525661297381e-01, 1.554737099990809446e-01, 1.466875193251827580e-01
3.465521574807878258e-01, 3.518352264276468633e-01, 1.551170411720469988e-01, 1.464955749195183399e-01
3.467777270744256679e-01, 3.521573266995625118e-01, 1.547611196518499099e-01, 1.463038265741619381e-01
3.470027262141891500e-01, 3.524790523219323291e-01, 1.544059466349113618e-01, 1.461122748289672424e-01
3.472271542238581921e-01, 3.528004022320889166e-01, 1.540515233109622795e-01, 1.459209202330906396e-01
3.474510104273056954e-01, 3.531213753646126330e-01, 1.536978508631117180e-01, 1.457297633449698981e-01
3.476742941484803340e-01, 3.534419706513026171e-01, 1.533449304679142255e-01, 1.455388047323028511e-01
3.478970047113889019e-01, 3.537621870211466457e-01, 1.529927632954382055e-01, 1.453480449720262746e-01
3.481191414400792716e-01, 3.540820234002919342e-01, 1.526413505093338618e-01, 1.451574846502949878e-01
3.483407036586224081e-01, 3.544014787120151611e-01, 1.522906932669012836e-01, 1.449671243624610917e-01
3.485616906910952162e-01, 3.547205518766927690e-01, 1.519407927191587238e-01, 1.447769647130533466e-01
3.487821018615623325e-01, 3.550392418117704896e-01, 1.515916500109104614e-01, 1.445870063157565777e-01
3.490019364940593061e-01, 3.553575474317337002e-01, 1.512432662808152750e-01, 1.443972497933917465e-01
3.492211939125734466e-01, 3.556754676480765043e-01, 1.508956426614543878e-01, 1.442076957778956059e-01
3.494398734410275598e-01, 3.559930013692720330e-01, 1.505487802793997187e-01, 1.440183449103007995e-01
3.496579744032609072e-01, 3.563101475007406926e-01, 1.502026802552821338e-01, 1.438291978407162941e-01
3.498754961230117755e-01, 3.566269049448207995e-01, 1.498573437038596967e-01, 1.436402552283076728e-01
3.500924379238993245e-01, 3.569432726007367718e-01, 1.495127717340860307e-01, 1.434515177412779008e-01
3.503087991294056014e-01, 3.572592493645680434e-01, 1.491689654491784311e-01, 1.432629860568480629e-01
3.505245790628570557e-01, 3.575748341292183663e-01, 1.488259259466862827e-01, 1.430746608612382675e-01
3.507397770474068310e-01, 3.578900257843843913e-01, 1.484836543185595048e-01, 1.428865428496491619e-01
3.509543924060162801e-01, 3.582048232165239710e-01, 1.481421516512166914e-01, 1.426986327262431686e-01
3.511684244614362016e-01, 3.585192253088242409e-01, 1.478014190256136673e-01, 1.425109312041258069e-01
3.513818725361893547e-01, 3.588332309411707000e-01, 1.474614575173120445e-01, 1.423234390053279008e-01
3.515947359525508631e-01, 3.591468389901145142e-01, 1.471222681965473067e-01, 1.421361568607873438e-01
3.518070140325306183e-01, 3.594600483288405979e-01, 1.467838521282975872e-01, 1.419490855103312243e-01
3.520187060978539062e-01, 3.597728578271356947e-01, 1.464462103723520037e-01, 1.417622257026583954e-01
3.522298114699434768e-01, 3.600852663513554597e-01, 1.461093439833793528e-01, 1.415755781953218773e-01
3.524403294699000044e-01, 3.603972727643919294e-01, 1.457732540109964448e-01, 1.413891437547116492e-01
3.526502594184838246e-01, 3.607088759256414923e-01, 1.454379414998368814e-01, 1.412029231560378573e-01
3.528596006360955051e-01, 3.610200746909710823e-01, 1.451034074896195569e-01, 1.410169171833138280e-01
3.530683524427575826e-01, 3.613308679126857048e-01, 1.447696530152173533e-01, 1.408311266293394426e-01
3.532765141580945789e-01, 3.616412544394946860e-01, 1.444366791067257239e-01, 1.406455522956848170e-01
3.534840851013147933e-01, 3.619512331164791430e-01, 1.441044867895316661e-01, 1.404601949926744808e-01
3.536910645911902074e-01, 3.622608027850572343e-01, 1.437730770843819172e-01, 1.402750555393706966e-01
3.538974519460379442e-01, 3.625699622829515745e-01, 1.434424510074522041e-01, 1.400901347635583882e-01
3.541032464837002292e-01, 3.628787104441544287e-01, 1.431126095704158829e-01, 1.399054335017294037e-01
3.543084475215257378e-01, 3.631870460988943505e-01, 1.427835537805126898e-01, 1.397209525990671664e-01
3.545130543763492237e-01, 3.634949680736014321e-01, 1.424552846406176854e-01, 1.395366929094317698e-01
3.547170663644721444e-01, 3.638024751908729981e-01, 1.421278031493099503e-01, 1.393526552953449071e-01
3.549204828016436775e-01, 3.641095662694390778e-01, 1.418011103009418350e-01, 1.391688406279755486e-01
3.551233030030397364e-01, 3.644162401241275995e-01, 1.414752070857074884e-01, 1.389852497871252035e-01
3.553255262832442085e-01, 3.647224955658291967e-01, 1.411500944897122745e-01, 1.388018836612142093e-01
3.555271519562283045e-01, 3.650283314014628466e-01, 1.408257734950414120e-01, 1.386187431472674370e-01
3.557281793353307964e-01, 3.653337464339392882e-01, 1.405022450798292799e-01, 1.384358291509006633e-01
3.559286077332378118e-01, 3.656387394621263831e-01, 1.401795102183283903e-01, 1.382531425863073593e-01
3.561284364619629605e-01, 3.659433092808134225e-01, 1.398575698809784718e-01, 1.380706843762451452e-01
3.563276648328265739e-01, 3.662474546806748221e-01, 1.395364250344756363e-01, 1.378884554520229400e-01
3.565262921564356091e-01, 3.665511744482342626e-01, 1.392160766418418238e-01, 1.377064567534883321e-01
3.567243177426631107e-01, 3.668544673658283850e-01, 1.388965256624934697e-01, 1.375246892290149237e-01
3.569217409006279484e-01, 3.671573322115705418e-01, 1.385777730523113926e-01, 1.373431538354901726e-01
3.571185609386735571e-01, 3.674597677593137157e-01, 1.382598197637096571e-01, 1.371618515383031534e-01
3.573147771643477855e-01, 3.677617727786139379e-01, 1.379426667457050448e-01, 1.369807833113331208e-01
3.575103888843820243e-01, 3.680633460346935393e-01, 1.376263149439865829e-01, 1.367999501369378534e-01
3.577053954046700013e-01, 3.683644862884031812e-01, 1.373107653009845719e-01, 1.366193530059421624e-01
3.578997960302470749e-01, 3.686651922961850514e-01, 1.369960187559405573e-01, 1.364389929176271776e-01
3.580935900652689741e-01, 3.689654628100351719e-01, 1.366820762449764137e-01, 1.362588708797194403e-01
3.582867768129907593e-01, 3.692652965774650409e-01, 1.363689387011639276e-01, 1.360789879083802723e-01
3.584793555757453398e-01, 3.695646923414642182e-01, 1.360566070545946582e-01, 1.358993450281958393e-01
3.586713256549225459e-01, 3.698636488404618006e-01, 1.357450822324491324e-01, 1.357199432721666044e-01
3.588626863509471465e-01, 3.701621648082878968e-01, 1.354343651590667885e-01, 1.355407836816981959e-01
3.590534369632577549e-01, 3.704602389741352697e-01, 1.351244567560157261e-01, 1.353618673065913325e-01
3.592435767902846799e-01, 3.707578700625201451e-01, 1.348153579421621784e-01, 1.351831952050330798e-01
3.594331051294288315e-01, 3.710550567932432986e-01, 1.345070696337402893e-01, 1.350047684435874140e-01
3.596220212770394609e-01, 3.713517978813510312e-01, 1.341995927444224745e-01, 1.348265880971869501e-01
3.598103245283922891e-01, 3.716480920370949792e-01, 1.338929281853885600e-01, 1.346486552491241440e-01
3.599980141776674691e-01, 3.719439379658929790e-01, 1.335870768653961149e-01, 1.344709709910432982e-01
3.601850895179276035e-01, 3.722393343682894873e-01, 1.332820396908503680e-01, 1.342935364229325135e-01
3.603715498410954843e-01, 3.725342799399142812e-01, 1.329778175658740957e-01, 1.341163526531161665e-01
3.605573944379314444e-01, 3.728287733714433783e-01, 1.326744113923776780e-01, 1.339394207982474716e-01
3.607426225980116530e-01, 3.731228133485575138e-01, 1.323718220701294856e-01, 1.337627419833013476e-01
3.609272336097049116e-01, 3.734163985519018958e-01, 1.320700504968254918e-01, 1.335863173415675342e-01
3.611112267601505055e-01, 3.737095276570452929e-01, 1.317690975681599097e-01, 1.334101480146442087e-01
3.612946013352351105e-01, 3.740021993344383455e-01, 1.314689641778951368e-01, 1.332342351524313517e-01
3.614773566195702559e-01, 3.742944122493723214e-01, 1.311696512179323093e-01, 1.330585799131251135e-01
3.616594918964694538e-01, 3.745861650619374261e-01, 1.308711595783813020e-01, 1.328831834632117626e-01
3.618410064479249399e-01, 3.748774564269812815e-01, 1.305734901476313659e-01, 1.327080469774624405e-01
3.620218995545847473e-01, 3.751682849940660702e-01, 1.302766438124214332e-01, 1.325331716389277492e-01
3.622021704957295030e-01, 3.754586494074269032e-01, 1.299806214579105612e-01, 1.323585586389330049e-01
3.623818185492490018e-01, 3.757485483059287423e-01, 1.296854239677485976e-01, 1.321842091770736305e-01
3.625608429916189479e-01, 3.760379803230239903e-01, 1.293910522241465133e-01, 1.320101244612105762e-01
3.627392430978772508e-01, 3.763269440867089699e-01, 1.290975071079472625e-01, 1.318363057074664335e-01
3.629170181416006558e-01, 3.766154382194811800e-01, 1.288047894986963648e-01, 1.316627541402218826e-01
3.630941673948807069e-01, 3.769034613382953314e-01, 1.285129002747124882e-01, 1.314894709921114457e-01
3.632706901283002665e-01, 3.771910120545201583e-01, 1.282218403131583917e-01, 1.313164575040211002e-01
3.634465856109094228e-01, 3.774780889738938439e-01, 1.279316104901118412e-01, 1.311437149250849199e-01
3.636218531102014540e-01, 3.777646906964799989e-01, 1.276422116806360807e-01, 1.309712445126824665e-01
3.637964918920886803e-01, 3.780508158166238641e-01, 1.273536447588511644e-01, 1.307990475324364577e-01
3.639705012208782620e-01, 3.783364629229062914e-01, 1.270659105980047332e-01, 1.306271252582107689e-01
3.641438803592481066e-01, 3.786216305981002783e-01, 1.267790100705430967e-01, 1.304554789721085462e-01
3.643166285682220007e-01, 3.789063174191248384e-01, 1.264929440481823708e-01, 1.302841099644708178e-01
3.644887451071453510e-01, 3.791905219569999819e-01, 1.262077134019794489e-01, 1.301130195338752182e-01
3.646602292336605933e-01, 3.794742427768009740e-01, 1.259233190024032500e-01, 1.299422089871351826e-01
3.648310802036822120e-01, 3.797574784376124835e-01, 1.256397617194060790e-01, 1.297716796392991701e-01
3.650012972713719828e-01, 3.800402274924825630e-01, 1.253570424224949298e-01, 1.296014328136505522e-01
3.651708796891142694e-01, 3.803224884883760204e-01, 1.250751619808024573e-01, 1.294314698417073084e-01
3.653398267074905448e-01, 3.806042599661279557e-01, 1.247941212631588498e-01, 1.292617920632226913e-01
3.655081375752545214e-01, 3.808855404603969652e-01, 1.245139211381630778e-01, 1.290924008261854494e-01
3.656758115393070607e-01, 3.811663284996178458e-01, 1.242345624742542815e-01, 1.289232974868207982e-01
3.658428478446700827e-01, 3.814466226059546328e-01, 1.239560461397836294e-01, 1.287544834095916690e-01
3.660092457344620298e-01, 3.817264212952523050e-01, 1.236783730030856093e-01, 1.285859599672000420e-01
3.661750044498717771e-01, 3.820057230769895451e-01, 1.234015439325499008e-01, 1.284177285405886937e-01
3.663401232301327637e-01, 3.822845264542306110e-01, 1.231255597966930682e-01, 1.282497905189434739e-01
3.665046013124979019e-01, 3.825628299235763197e-01, 1.228504214642303360e-01, 1.280821472996953314e-01
3.666684379322130982e-01, 3.828406319751163633e-01, 1.225761298041472686e-01, 1.279148002885231727e-01
3.668316323224914965e-01, 3.831179310923796821e-01, 1.223026856857719058e-01, 1.277477508993568878e-01
3.669941837144873320e-01, 3.833947257522858920e-01, 1.220300899788465676e-01, 1.275810005543802084e-01
3.671560913372697854e-01, 3.836710144250954913e-01, 1.217583435535998099e-01, 1.274145506840348441e-01
3.673173544177970040e-01, 3.839467955743605110e-01, 1.214874472808186168e-01, 1.272484027270238405e-01
3.674779721808891231e-01, 3.842220676568746107e-01, 1.212174020319203432e-01, 1.270825581303160201e-01
3.676379438492021201e-01, 3.844968291226226742e-01, 1.209482086790248517e-01, 1.269170183491502568e-01
3.677972686432012805e-01, 3.847710784147311824e-01, 1.206798680950270514e-01, 1.267517848470404718e-01
3.679559457811344969e-01, 3.850448139694163663e-01, 1.204123811536687710e-01, 1.265868590957803796e-01
3.681139744790051793e-01, 3.853180342159344129e-01, 1.201457487296111876e-01, 1.264222425754492063e-01
3.682713539505458322e-01, 3.855907375765296741e-01, 1.198799716985074204e-01, 1.262579367744171011e-01
3.684280834071908539e-01, 3.858629224663834290e-01, 1.196150509370745574e-01, 1.260939431893511042e-01
3.685841620580492806e-01, 3.861345872935624812e-01, 1.193509873231665269e-01, 1.259302633252217529e-01
3.687395891098778633e-01, 3.864057304589665343e-01, 1.190877817358464014e-01, 1.257668986953092427e-01
3.688943637670538678e-01, 3.866763503562767879e-01, 1.188254350554589778e-01, 1.256038508212105054e-01
3.690484852315470965e-01, 3.869464453719030361e-01, 1.185639481637035947e-01, 1.254411212328463698e-01
3.692019527028931880e-01, 3.872160138849309319e-01, 1.183033219437066158e-01, 1.252787114684692782e-01
3.693547653781659168e-01, 3.874850542670692510e-01, 1.180435572800942606e-01, 1.251166230746705854e-01
3.695069224519488826e-01, 3.877535648825965464e-01, 1.177846550590653657e-01, 1.249548576063891914e-01
3.696584231163084766e-01, 3.880215440883076905e-01, 1.175266161684643401e-01, 1.247934166269195205e-01
3.698092665607656260e-01, 3.882889902334599741e-01, 1.172694414978538574e-01, 1.246323017079205148e-01
3.699594519722680941e-01, 3.885559016597192605e-01, 1.170131319385879914e-01, 1.244715144294245845e-01
3.701089785351624473e-01, 3.888222767011056957e-01, 1.167576883838851443e-01, 1.243110563798467266e-01
3.702578454311654110e-01, 3.890881136839390853e-01, 1.165031117289008905e-01, 1.241509291559944606e-01
3.704060518393366697e-01, 3.893534109267842713e-01, 1.162494028708015020e-01, 1.239911343630775986e-01
3.705535969360492787e-01, 3.896181667403958993e-01, 1.159965627088366258e-01, 1.238316736147182379e-01
3.707004798949624647e-01, 3.898823794276631283e-01, 1.157445921444127251e-01, 1.236725485329617097e-01
3.708466998869923148e-01, 3.901460472835541204e-01, 1.154934920811663546e-01, 1.235137607482872518e-01
3.709922560802836333e-01, 3.904091685950601964e-01, 1.152432634250371846e-01, 1.233553118996188608e-01
3.711371476401812419e-01, 3.906717416411399357e-01, 1.149939070843416095e-01, 1.231972036343371990e-01
3.712813737292009475e-01, 3.909337646926621668e-01, 1.147454239698459250e-01, 1.230394376082909885e-01
3.714249335070009539e-01, 3.911952360123502337e-01, 1.144978149948396862e-01, 1.228820154858091263e-01
3.715678261303530516e-01, 3.914561538547245423e-01, 1.142510810752095096e-01, 1.227249389397129797e-01
3.717100507531131970e-01, 3.917165164660453280e-01, 1.140052231295121260e-01, 1.225682096513292241e-01
3.718516065261931458e-01, 3.919763220842560347e-01, 1.137602420790482238e-01, 1.224118293105025401e-01
3.719924925975305885e-01, 3.922355689389246947e-01, 1.135161388479358491e-01, 1.222557996156088955e-01
3.721327081120599511e-01, 3.924942552511866412e-01, 1.132729143631842489e-01, 1.221001222735691588e-01
3.722722522116840294e-01, 3.927523792336861663e-01, 1.130305695547670630e-01, 1.219447989998628246e-01
3.724111240352431240e-01, 3.930099390905180123e-01, 1.127891053556966672e-01, 1.217898315185421271e-01
3.725493227184869527e-01, 3.932669330171689737e-01, 1.125485227020974199e-01, 1.216352215622466953e-01
3.726868473940441739e-01, 3.935233592004585557e-01, 1.123088225332794093e-01, 1.214809708722178333e-01
3.728236971913932996e-01, 3.937792158184802438e-01, 1.120700057918126574e-01, 1.213270811983138825e-01
3.729598712368326074e-01, 3.940345010405416071e-01, 1.118320734236004921e-01, 1.211735542990253212e-01
3.730953686534508318e-01, 3.942892130271048456e-01, 1.115950263779537099e-01, 1.210203919414905016e-01
3.732301885610970760e-01, 3.945433499297272273e-01, 1.113588656076643507e-01, 1.208675959015114154e-01
3.733643300763508921e-01, 3.947969098909998031e-01, 1.111235920690795825e-01, 1.207151679635697639e-01
3.734977923124924715e-01, 3.950498910444881218e-01, 1.108892067221756844e-01, 1.205631099208436252e-01
3.736305743794726686e-01, 3.953022915146710559e-01, 1.106557105306320843e-01, 1.204114235752242190e-01
3.737626753838826366e-01, 3.955541094168795735e-01, 1.104231044619052998e-01, 1.202601107373325318e-01
3.738940944289241286e-01, 3.958053428572359533e-01, 1.101913894873028377e-01, 1.201091732265370943e-01
3.740248306143788559e-01, 3.960559899325922784e-01, 1.099605665820574951e-01, 1.199586128709713567e-01
3.741548830365785117e-01, 3.963060487304687629e-01, 1.097306367254011761e-01, 1.198084315075515910e-01
3.742842507883746839e-01, 3.965555173289914137e-01, 1.095016009006390401e-01, 1.196586309819949734e-01
3.744129329591075472e-01, 3.968043937968305790e-01, 1.092734600952237484e-01, 1.195092131488381393e-01
3.745409286345769972e-01, 3.970526761931379989e-01, 1.090462153008292800e-01, 1.193601798714558210e-01
3.746682368970106203e-01, 3.973003625674842443e-01, 1.088198675134253030e-01, 1.192115330220798325e-01
3.747948568250342172e-01, 3.975474509597961559e-01, 1.085944177333512811e-01, 1.190632744818183875e-01
3.749207874936409390e-01, 3.977939394002932283e-01, 1.083698669653903879e-01, 1.189154061406755281e-01
3.750460279741607006e-01, 3.980398259094245494e-01, 1.081462162188438908e-01, 1.187679298975709424e-01
3.751705773342293160e-01, 3.982851084978051293e-01, 1.079234665076052174e-01, 1.186208476603602679e-01
3.752944346377585227e-01, 3.985297851661523394e-01, 1.077016188502341737e-01, 1.184741613458550197e-01
3.754175989449042294e-01, 3.987738539052214093e-01, 1.074806742700309403e-01, 1.183278728798434487e-01
3.755400693120368172e-01, 3.990173126957413663e-01, 1.072606337951104022e-01, 1.181819841971114282e-01
3.756618447917096648e-01, 3.992601595083507537e-01, 1.070414984584760754e-01, 1.180364972414633534e-01
3.757829244326288398e-01, 3.995023923035326274e-01, 1.068232692980945614e-01, 1.178914139657439158e-01
3.759033072796217345e-01, 3.997440090315495520e-01, 1.066059473569693911e-01, 1.177467363318592392e-01
3.760229923736067570e-01, 3.999850076323788750e-01, 1.063895336832152844e-01, 1.176024663107991947e-01
3.761419787515620228e-01, 4.002253860356466131e-01, 1.061740293301321469e-01, 1.174586058826592450e-01
3.762602654464947127e-01, 4.004651421605627259e-01, 1.059594353562794133e-01, 1.173151570366630786e-01
3.763778514874104308e-01, 4.007042739158548361e-01, 1.057457528255497381e-01, 1.171721217711850366e-01
3.764947358992813409e-01, 4.009427791997020041e-01, 1.055329828072434084e-01, 1.170295020937732189e-01
3.766109177030164124e-01, 4.011806558996692251e-01, 1.053211263761420907e-01, 1.168873000211722579e-01
3.767263959154297237e-01, 4.014179018926401499e-01, 1.051101846125829242e-01, 1.167455175793471189e-01
3.768411695492097646e-01, 4.016545150447511925e-01, 1.049001586025325866e-01, 1.166041568035064285e-01
3.769552376128884053e-01, 4.018904932113241957e-01, 1.046910494376610823e-01, 1.164632197381262335e-01
3.770685991108101986e-01, 4.021258342368000394e-01, 1.044828582154155722e-01, 1.163227084369742731e-01
3.771812530431007393e-01, 4.023605359546704729e-01, 1.042755860390945089e-01, 1.161826249631341679e-01
3.772931984056370203e-01, 4.025945961874118906e-01, 1.040692340179211750e-01, 1.160429713890299697e-01
3.774044341900151256e-01, 4.028280127464165528e-01, 1.038638032671174438e-01, 1.159037497964507946e-01
3.775149593835200879e-01, 4.030607834319261396e-01, 1.036592949079778309e-01, 1.157649622765759279e-01
3.776247729690950794e-01, 4.032929060329625282e-01, 1.034557100679426023e-01, 1.156266109299998179e-01
3.777338739253099931e-01, 4.035243783272606244e-01, 1.032530498806718405e-01, 1.154886978667575559e-01
3.778422612263309111e-01, 4.037551980811996954e-01, 1.030513154861188163e-01, 1.153512252063506049e-01
3.779499338418897958e-01, 4.039853630497348136e-01, 1.028505080306033326e-01, 1.152141950777721691e-01
3.780568907372523491e-01, 4.042148709763285774e-01, 1.026506286668853601e-01, 1.150776096195336023e-01
3.781631308731889796e-01, 4.044437195928822781e-01, 1.024516785542382707e-01, 1.149414709796905132e-01
3.782686532059427176e-01, 4.046719066196663994e-01, 1.022536588585219314e-01, 1.148057813158688961e-01
3.783734566871991833e-01, 4.048994297652526719e-01, 1.020565707522562426e-01, 1.146705427952919992e-01
3.784775402640556119e-01, 4.051262867264436851e-01, 1.018604154146938029e-01, 1.145357575948068862e-01
3.785809028789911546e-01, 4.053524751882042754e-01, 1.016651940318932246e-01, 1.144014279009115814e-01
3.786835434698346270e-01, 4.055779928235915821e-01, 1.014709077967918677e-01, 1.142675559097818261e-01
3.787854609697361985e-01, 4.058028372936859918e-01, 1.012775579092788786e-01, 1.141341438272988201e-01
3.788866543071353066e-01, 4.060270062475207498e-01, 1.010851455762674794e-01, 1.140011938690763116e-01
3.789871224057311805e-01, 4.062504973220123494e-01, 1.008936720117680208e-01, 1.138687082604884770e-01
3.790868641844520881e-01, 4.064733081418904215e-01, 1.007031384369601323e-01, 1.137366892366973720e-01
3.791858785574256374e-01, 4.066954363196277900e-01, 1.005135460802652203e-01, 1.136051390426812691e-01
3.792841644339485230e-01, 4.069168794553701951e-01, 1.003248961774188264e-01, 1.134740599332625527e-01
3.793817207184558282e-01, 4.071376351368657942e-01, 1.001371899715425839e-01, 1.133434541731358353e-01
3.794785463104922707e-01, 4.073577009393948289e-01, 9.995042871321621614e-02, 1.132133240368965454e-01
3.795746401046818930e-01, 4.075770744256992373e-01, 9.976461366054949209e-02, 1.130836718090693915e-01
3.796700009906975870e-01, 4.077957531459118212e-01, 9.957974607925383637e-02, 1.129544997841367415e-01
3.797646278532324504e-01, 4.080137346374856921e-01, 9.939582724271396608e-02, 1.128258102665679052e-01
3.798585195719697549e-01, 4.082310164251234386e-01, 9.921285843205927824e-02, 1.126976055708475005e-01
3.799516750215539695e-01, 4.084475960207062384e-01, 9.903084093623504280e-02, 1.125698880215047909e-01
3.800440930715604515e-01, 4.086634709232232487e-01, 9.884977605207352636e-02, 1.124426599531426346e-01
3.801357725864678572e-01, 4.088786386187002742e-01, 9.866966508436500471e-02, 1.123159237104669889e-01
3.802267124256276110e-01, 4.090930965801287122e-01, 9.849050934592828987e-02, 1.121896816483155257e-01
3.803169114432355391e-01, 4.093068422673948881e-01, 9.831231015768138182e-02, 1.120639361316880245e-01
3.804063684883036700e-01, 4.095198731272092774e-01, 9.813506884871209257e-02, 1.119386895357750850e-01
3.804950824046307578e-01, 4.097321865930337870e-01, 9.795878675634761557e-02, 1.118139442459879507e-01
3.805830520307740272e-01, 4.099437800850125324e-01, 9.778346522622505255e-02, 1.116897026579883323e-01
3.806702762000214180e-01, 4.101546510098996734e-01, 9.760910561236105232e-02, 1.115659671777179535e-01
3.807567537403623859e-01, 4.103647967609881930e-01, 9.743570927722099151e-02, 1.114427402214282214e-01
3.808424834744612020e-01, 4.105742147180394541e-01, 9.726327759178890475e-02, 1.113200242157104253e-01
3.809274642196278648e-01, 4.107829022472108682e-01, 9.709181193563601320e-02, 1.111978215975252537e-01
3.810116947877913440e-01, 4.109908567009860070e-01, 9.692131369698982202e-02, 1.110761348142328409e-01
3.810951739854718245e-01, 4.111980754181023268e-01, 9.675178427280284321e-02, 1.109549663236228528e-01
3.811779006137535619e-01, 4.114045557234812800e-01, 9.658322506882077718e-02, 1.108343185939444642e-01
3.812598734682576263e-01, 4.116102949281558177e-01, 9.641563749965059715e-02, 1.107141941039359312e-01
3.813410913391151458e-01, 4.118152903292008893e-01, 9.624902298882857810e-02, 1.105945953428553452e-01
3.814215530109408836e-01, 4.120195392096613340e-01, 9.608338296888772889e-02, 1.104755248105100673e-01
3.815012572628065923e-01, 4.122230388384813260e-01, 9.591871888142491920e-02, 1.103569850172871208e-01
3.815802028682147573e-01, 4.124257864704338750e-01, 9.575503217716828386e-02, 1.102389784841829590e-01
3.816583885950730615e-01, 4.126277793460497723e-01, 9.559232431604360036e-02, 1.101215077428336214e-01
3.817358132056679620e-01, 4.128290146915468695e-01, 9.543059676724058304e-02, 1.100045753355446271e-01
3.818124754566398216e-01, 4.130294897187596903e-01, 9.526985100927932992e-02, 1.098881838153210472e-01
3.818883740989578723e-01, 4.132292016250690980e-01, 9.511008853007578423e-02, 1.097723357458972038e-01
3.819635078778943482e-01, 4.134281475933317962e-01, 9.495131082700723757e-02, 1.096570337017667707e-01
3.820378755330004483e-01, 4.136263247918099961e-01, 9.479351940697736123e-02, 1.095422802682122776e-01
3.821114757980822452e-01, 4.138237303741015838e-01, 9.463671578648104321e-02, 1.094280780413351001e-01
3.821843074011756491e-01, 4.140203614790706199e-01, 9.448090149166865626e-02, 1.093144296280850608e-01
3.822563690645234269e-01, 4.142162152307765077e-01, 9.432607805841014548e-02, 1.092013376462899060e-01
3.823276595045512760e-01, 4.144112887384054922e-01, 9.417224703235847760e-02, 1.090888047246847264e-01
3.823981774318444549e-01, 4.146055790962008825e-01, 9.401940996901304859e-02, 1.089768335029415447e-01
3.824679215511251895e-01, 4.147990833833936630e-01, 9.386756843378259163e-02, 1.088654266316985281e-01
3.825368905612300807e-01, 4.149917986641338263e-01, 9.371672400204723863e-02, 1.087545867725888127e-01
3.826050831550876774e-01, 4.151837219874212614e-01, 9.356687825922095636e-02, 1.086443165982699660e-01
3.826724980196964943e-01, 4.153748503870379749e-01, 9.341803280081294181e-02, 1.085346187924526584e-01
3.827391338361038620e-01, 4.155651808814782577e-01, 9.327018923248860116e-02, 1.084254960499291681e-01
3.828049892793842779e-01, 4.157547104738826826e-01, 9.312334917013059821e-02, 1.083169510766023441e-01
3.828700630186188114e-01, 4.159434361519687151e-01, 9.297751423989888964e-02, 1.082089865895136671e-01
3.829343537168746203e-01, 4.161313548879634894e-01, 9.283268607829041341e-02, 1.081016053168714769e-01
3.829978600311848003e-01, 4.163184636385375836e-01, 9.268886633219847182e-02, 1.079948099980791304e-01
3.830605806125287893e-01, 4.165047593447366858e-01, 9.254605665897167044e-02, 1.078886033837628128e-01
3.831225141058132166e-01, 4.166902389319160349e-01, 9.240425872647187178e-02, 1.077829882357987240e-01
3.831836591498527511e-01, 4.168748993096738631e-01, 9.226347421313224606e-02, 1.076779673273411259e-01
3.832440143773516161e-01, 4.170587373717852264e-01, 9.212370480801433670e-02, 1.075735434428486959e-01
3.833035784148862701e-01, 4.172417499961367793e-01, 9.198495221086490370e-02, 1.074697193781120608e-01
3.833623498828870324e-01, 4.174239340446611601e-01, 9.184721813217190667e-02, 1.073664979402799841e-01
3.834203273956212632e-01, 4.176052863632727097e-01, 9.171050429322026576e-02, 1.072638819478857752e-01
3.834775095611768769e-01, 4.177858037818029668e-01, 9.157481242614669281e-02, 1.071618742308735467e-01
3.835338949814460774e-01, 4.179654831139360538e-01, 9.144014427399416167e-02, 1.070604776306237210e-01
3.835894822521095926e-01, 4.181443211571460594e-01, 9.130650159076580952e-02, 1.069596949999784968e-01
3.836442699626215758e-01, 4.183223146926332014e-01, 9.117388614147804715e-02, 1.068595292032672034e-01
3.836982566961945618e-01, 4.184994604852614319e-01, 9.104229970221308643e-02, 1.067599831163307950e-01
3.837514410297863665e-01, 4.186757552834964313e-01, 9.091174406017084320e-02, 1.066610596265463728e-01
3.838038215340848769e-01, 4.188511958193434914e-01, 9.078222101372034059e-02, 1.065627616328513605e-01
3.838553967734959493e-01, 4.190257788082869528e-01, 9.065373237245016869e-02, 1.064650920457671235e-01
3.839061653061308643e-01, 4.191995009492286983e-01, 9.052627995721829191e-02, 1.063680537874221455e-01
3.839561256837938918e-01, 4.193723589244293115e-01, 9.039986560020160655e-02, 1.062716497915752178e-01
3.840052764519711337e-01, 4.195443493994471806e-01, 9.027449114494398574e-02, 1.061758830036376722e-01
3.840536161498196432e-01, 4.197154690230804341e-01, 9.015015844640428266e-02, 1.060807563806955151e-01
3.841011433101572115e-01, 4.198857144273083208e-01, 9.002686937100339015e-02, 1.059862728915311192e-01
3.841478564594520972e-01, 4.200550822272334783e-01, 8.990462579667020393e-02, 1.058924355166441789e-01
3.841937541178155335e-01, 4.202235690210244790e-01, 8.978342961288750257e-02, 1.057992472482725266e-01
3.842388347989914577e-01, 4.203911713898600411e-01, 8.966328272073617600e-02, 1.057067110904123669e-01
3.842830970103500166e-01, 4.205578858978727408e-01, 8.954418703293945403e-02, 1.056148300588377054e-01
3.843265392528802948e-01, 4.207237090920940559e-01, 8.942614447390584420e-02, 1.055236071811197773e-01
3.843691600211833204e-01, 4.208886375023997983e-01, 8.930915697977129253e-02, 1.054330454966455194e-01
3.844109578034671793e-01, 4.210526676414568792e-01, 8.919322649844051154e-02, 1.053431480566355272e-01
3.844519310815409097e-01, 4.212157960046696292e-01, 8.907835498962766996e-02, 1.052539179241617356e-01
3.844920783308112266e-01, 4.213780190701286732e-01, 8.896454442489561132e-02, 1.051653581741643917e-01
3.845313980202783033e-01, 4.215393332985588049e-01, 8.885179678769497547e-02, 1.050774718934679580e-01
3.845698886125329952e-01, 4.216997351332682498e-01, 8.874011407340150204e-02, 1.049902621807971698e-01
3.846075485637547309e-01, 4.218592210000999820e-01, 8.862949828935326457e-02, 1.049037321467920364e-01
3.846443763237101798e-01, 4.220177873073815422e-01, 8.851995145488623928e-02, 1.048178849140219970e-01
3.846803703357525306e-01, 4.221754304458781859e-01, 8.841147560136929096e-02, 1.047327236169998260e-01
3.847155290368219349e-01, 4.223321467887453662e-01, 8.830407277223795148e-02, 1.046482514021947613e-01
3.847498508574462295e-01, 4.224879326914818822e-01, 8.819774502302743513e-02, 1.045644714280444670e-01
3.847833342217428232e-01, 4.226427844918858034e-01, 8.809249442140430764e-02, 1.044813868649670102e-01
3.848159775474215838e-01, 4.227966985100095054e-01, 8.798832304719735042e-02, 1.043990008953715604e-01
3.848477792457881685e-01, 4.229496710481163158e-01, 8.788523299242720355e-02, 1.043173167136683538e-01
3.848787377217481875e-01, 4.231016983906386586e-01, 8.778322636133502332e-02, 1.042363375262781583e-01
3.849088513738127548e-01, 4.232527768041366434e-01, 8.768230527040990485e-02, 1.041560665516407524e-01
3.849381185941048167e-01, 4.234029025372573751e-01, 8.758247184841516653e-02, 1.040765070202225723e-01
3.849665377683653689e-01, 4.235520718206972068e-01, 8.748372823641380192e-02, 1.039976621745235669e-01
3.849941072759626715e-01, 4.237002808671621046e-01, 8.738607658779223852e-02, 1.039195352690831242e-01
3.850208254898997984e-01, 4.238475258713317317e-01, 8.728951906828334717e-02, 1.038421295704852337e-01
3.850466907768256286e-01, 4.239938030098237554e-01, 8.719405785598784153e-02, 1.037654483573627190e-01
3.850717014970451713e-01, 4.241391084411594292e-01, 8.709969514139488667e-02, 1.036894949204004573e-01
3.850958560045315004e-01, 4.242834383057297321e-01, 8.700643312740104218e-02, 1.036142725623375727e-01
3.851191526469387449e-01, 4.244267887257638927e-01, 8.691427402932827562e-02, 1.035397845979691700e-01
3.851415897656152443e-01, 4.245691558052981929e-01, 8.682322007494018556e-02, 1.034660343541463634e-01
3.851631656956198690e-01, 4.247105356301469348e-01, 8.673327350445755868e-02, 1.033930251697756930e-01
3.851838787657365093e-01, 4.248509242678739639e-01, 8.664443657057185888e-02, 1.033207603958177234e-01
3.852037272984918381e-01, 4.249903177677661903e-01, 8.655671153845800880e-02, 1.032492433952840322e-01
3.852227096101737414e-01, 4.251287121608073871e-01, 8.647010068578525610e-02, 1.031784775432335738e-01
3.852408240108495807e-01, 4.252661034596554313e-01, 8.638460630272704055e-02, 1.031084662267678503e-01
3.852580688043876767e-01, 4.254024876586185999e-01, 8.630023069196897378e-02, 1.030392128450247774e-01
3.852744422884779030e-01, 4.255378607336348096e-01, 8.621697616871573655e-02, 1.029707208091714954e-01
3.852899427546548350e-01, 4.256722186422525755e-01, 8.613484506069629676e-02, 1.029029935423962927e-01
3.853045684883215083e-01, 4.258055573236120828e-01, 8.605383970816760097e-02, 1.028360344798989467e-01
3.853183177687745653e-01, 4.259378726984287544e-01, 8.597396246391687813e-02, 1.027698470688798021e-01
3.853311888692300680e-01, 4.260691606689794853e-01, 8.589521569326219463e-02, 1.027044347685282660e-01
3.853431800568519194e-01, 4.261994171190874869e-01, 8.581760177405146905e-02, 1.026398010500091246e-01
3.853542895927795087e-01, 4.263286379141122406e-01, 8.574112309666007126e-02, 1.025759493964482905e-01
3.853645157321582970e-01, 4.264568189009385057e-01, 8.566578206398620110e-02, 1.025128833029169129e-01
3.853738567241716817e-01, 4.265839559079688814e-01, 8.559158109144547610e-02, 1.024506062764141134e-01
3.853823108120723595e-01, 4.267100447451162570e-01, 8.551852260696297947e-02, 1.023891218358484456e-01
3.853898762332174099e-01, 4.268350812038002595e-01, 8.544660905096412851e-02, 1.023284335120181604e-01
3.853965512191032672e-01, 4.269590610569436451e-01, 8.537584287636353075e-02, 1.022685448475895847e-01
3.854023339954020244e-01, 4.270819800589713000e-01, 8.530622654855223030e-02, 1.022094593970743481e-01
3.854072227820001251e-01, 4.272038339458115730e-01, 8.523776254538284469e-02, 1.021511807268053740e-01
3.854112157930376648e-01, 4.273246184348983290e-01, 8.517045335715328624e-02, 1.020937124149106923e-01
3.854143112369489144e-01, 4.274443292251762228e-01, 8.510430148658833238e-02, 1.020370580512865166e-01
3.854165073165051192e-01, 4.275629619971073603e-01, 8.503930944881940568e-02, 1.019812212375680177e-01
3.854178022288586303e-01, 4.276805124126797919e-01, 8.497547977136245267e-02, 1.019262055870991668e-01
3.854181941655873689e-01, 4.277969761154186146e-01, 8.491281499409362998e-02, 1.018720147249004837e-01
3.854176813127424550e-01, 4.279123487303986839e-01, 8.485131766922340835e-02, 1.018186522876354666e-01
3.854162618508965577e-01, 4.280266258642597688e-01, 8.479099036126855338e-02, 1.017661219235750786e-01
3.854139339551933552e-01, 4.281398031052240927e-01, 8.473183564702169157e-02, 1.017144272925607912e-01
3.854106957953994383e-01, 4.282518760231154298e-01, 8.467385611551940527e-02, 1.016635720659657127e-01
3.854065455359577674e-01, 4.283628401693803656e-01, 8.461705436800774638e-02, 1.016135599266540096e-01
3.854014813360415181e-01, 4.284726910771138875e-01, 8.456143301790583489e-02, 1.015643945689386762e-01
3.853955013496114801e-01, 4.285814242610840874e-01, 8.450699469076729253e-02, 1.015160796985371122e-01
3.853886037254737329e-01, 4.286890352177614716e-01, 8.445374202423949761e-02, 1.014686190325253395e-01
3.853807866073391541e-01, 4.287955194253504354e-01, 8.440167766802041116e-02, 1.014220162992900132e-01
3.853720481338853143e-01, 4.289008723438225701e-01, 8.435080428381357132e-02, 1.013762752384785165e-01
3.853623864388195930e-01, 4.290050894149528005e-01, 8.430112454528027044e-02, 1.013313996009473777e-01
3.853517996509439603e-01, 4.291081660623577987e-01, 8.425264113798977550e-02, 1.012873931487083545e-01
3.853402858942223119e-01, 4.292100976915377841e-01, 8.420535675936718922e-02, 1.012442596548727425e-01
3.853278432878481374e-01, 4.293108796899193780e-01, 8.415927411863875773e-02, 1.012020029035936297e-01
3.853144699463157408e-01, 4.294105074269034539e-01, 8.411439593677474957e-02, 1.011606266900059725e-01
3.853001639794919053e-01, 4.295089762539130995e-01, 8.407072494643016980e-02, 1.011201348201647976e-01
3.852849234926905564e-01, 4.296062815044460192e-01, 8.402826389188262912e-02, 1.010805311109806426e-01
3.852687465867484229e-01, 4.297024184941297675e-01, 8.398701552896777056e-02, 1.010418193901539280e-01
