2.483075474992113840e-01, 8.286451526666716028e-02, 3.346377873739851405e-01, 3.341901498601363429e-01
2.480561922211604320e-01, 8.311471883390186832e-02, 3.346784803189906676e-01, 3.341506086259470321e-01
2.478042298676635391e-01, 8.336610082507833752e-02, 3.347187997501723800e-01, 3.341108695570856879e-01
2.475516613635271868e-01, 8.361866245144949916e-02, 3.347587440563216665e-01, 3.340709321287017031e-01
2.472984876465367243e-01, 8.387240492227938937e-02, 3.347983116216041721e-01, 3.340307958095796725e-01
2.470447096675323917e-01, 8.412732944471577878e-02, 3.348375008255946583e-01, 3.339904600621571573e-01
2.467903283904849532e-01, 8.438343722366167809e-02, 3.348763100433123086e-01, 3.339499243425410602e-01
2.465353447925709707e-01, 8.464072946164806488e-02, 3.349147376452561997e-01, 3.339091881005247786e-01
2.462797598642478825e-01, 8.489920735870500057e-02, 3.349527819974419951e-01, 3.338682507796050802e-01
2.460235746093291931e-01, 8.515887211223370501e-02, 3.349904414614374715e-01, 3.338271118169997553e-01
2.457667900450584975e-01, 8.541972491687786773e-02, 3.350277143943994340e-01, 3.337857706436641592e-01
2.455094072021845875e-01, 8.568176696439500084e-02, 3.350645991491110198e-01, 3.337442266843093641e-01
2.452514271250348377e-01, 8.594499944352752829e-02, 3.351010940740187238e-01, 3.337024793574189241e-01
2.449928508715892295e-01, 8.620942353987402773e-02, 3.351371975132698133e-01, 3.336605280752669156e-01
2.447336795135539589e-01, 8.647504043575976462e-02, 3.351729078067510192e-01, 3.336183722439352017e-01
2.444739141364345725e-01, 8.674185131010769823e-02, 3.352082232901262837e-01, 3.335760112633314178e-01
2.442135558396089368e-01, 8.700985733830898794e-02, 3.352431422948753958e-01, 3.335334445272067350e-01
2.439526057363997080e-01, 8.727905969209334702e-02, 3.352776631483335157e-01, 3.334906714231735680e-01
2.436910649541468854e-01, 8.754945953939949344e-02, 3.353117841737296434e-01, 3.334476913327239500e-01
2.434289346342798643e-01, 8.782105804424532314e-02, 3.353455036902271424e-01, 3.334045036312476840e-01
2.431662159323888517e-01, 8.809385636659784746e-02, 3.353788200129630415e-01, 3.333611076880502733e-01
2.429029100182966416e-01, 8.836785566224328314e-02, 3.354117314530888905e-01, 3.333175028663712403e-01
2.426390180761294202e-01, 8.864305708265676764e-02, 3.354442363178108399e-01, 3.332736885234030000e-01
2.423745413043877639e-01, 8.891946177487214387e-02, 3.354763329104308855e-01, 3.332296640103092344e-01
2.421094809160169448e-01, 8.919707088135150896e-02, 3.355080195303883350e-01, 3.331854286722431557e-01
2.418438381384771241e-01, 8.947588553985479087e-02, 3.355392944733011085e-01, 3.331409818483670460e-01
2.415776142138130744e-01, 8.975590688330889466e-02, 3.355701560310078158e-01, 3.330963228718702984e-01
2.413108103987235131e-01, 9.003713603967725132e-02, 3.356006024916100006e-01, 3.330514510699892350e-01
2.410434279646305189e-01, 9.031957413182896410e-02, 3.356306321395149395e-01, 3.330063657640255359e-01
2.407754681977480327e-01, 9.060322227740777445e-02, 3.356602432554784410e-01, 3.329610662693658352e-01
2.405069323991501085e-01, 9.088808158870113896e-02, 3.356894341166477003e-01, 3.329155518955009829e-01
2.402378218848392200e-01, 9.117415317250922302e-02, 3.357182029966058190e-01, 3.328698219460456409e-01
2.399681379858139563e-01, 9.146143813001363088e-02, 3.357465481654147710e-01, 3.328238757187576558e-01
2.396978820481359407e-01, 9.174993755664626049e-02, 3.357744678896601442e-01, 3.327777125055576546e-01
2.394270554329971379e-01, 9.203965254195801970e-02, 3.358019604324957164e-01, 3.327313315925491399e-01
2.391556595167861898e-01, 9.233058416948729252e-02, 3.358290240536880300e-01, 3.326847322600384738e-01
2.388836956911546683e-01, 9.262273351662876630e-02, 3.358556570096618010e-01, 3.326379137825546395e-01
2.386111653630830221e-01, 9.291610165450174541e-02, 3.358818575535454931e-01, 3.325908754288697811e-01
2.383380699549454140e-01, 9.321068964781858979e-02, 3.359076239352170590e-01, 3.325436164620190205e-01
2.380644109045752521e-01, 9.350649855475330618e-02, 3.359329544013501256e-01, 3.324961361393213299e-01
2.377901896653297209e-01, 9.380352942680975081e-02, 3.359578471954605128e-01, 3.324484337124000710e-01
2.375154077061536195e-01, 9.410178330868990138e-02, 3.359823005579530841e-01, 3.324005084272033672e-01
2.372400665116435325e-01, 9.440126123816237891e-02, 3.360063127261687654e-01, 3.323523595240254203e-01
2.369641675821108351e-01, 9.470196424593045614e-02, 3.360298819344318400e-01, 3.323039862375268272e-01
2.366877124336451421e-01, 9.500389335550024628e-02, 3.360530064140982431e-01, 3.322553877967563407e-01
2.364107025981760646e-01, 9.530704958304922481e-02, 3.360756843936029692e-01, 3.322065634251716304e-01
2.361331396235362701e-01, 9.561143393729402973e-02, 3.360979140985089764e-01, 3.321575123406607100e-01
2.358550250735222120e-01, 9.591704741935878908e-02, 3.361196937515555927e-01, 3.321082337555634756e-01
2.355763605279558304e-01, 9.622389102264322647e-02, 3.361410215727074768e-01, 3.320587268766934108e-01
2.352971475827455028e-01, 9.653196573269103020e-02, 3.361618957792041340e-01, 3.320089909053593469e-01
2.350173878499460245e-01, 9.684127252705752864e-02, 3.361823145856095985e-01, 3.319590250373869456e-01
2.347370829578184770e-01, 9.715181237517835078e-02, 3.362022762038620050e-01, 3.319088284631411812e-01
2.344562345508900691e-01, 9.746358623823719869e-02, 3.362217788433241039e-01, 3.318584003675486005e-01
2.341748442900126181e-01, 9.777659506903423059e-02, 3.362408207108339431e-01, 3.318077399301190833e-01
2.338929138524215301e-01, 9.809083981185420797e-02, 3.362594000107552161e-01, 3.317568463249689348e-01
2.336104449317935317e-01, 9.840632140233465663e-02, 3.362775149450290546e-01, 3.317057187208427571e-01
2.333274392383042628e-01, 9.872304076733411093e-02, 3.362951637132247651e-01, 3.316543562811368751e-01
2.330438984986855366e-01, 9.904099882480051076e-02, 3.363123445125920652e-01, 3.316027581639219290e-01
2.327598244562818497e-01, 9.936019648363936252e-02, 3.363290555381131530e-01, 3.315509235219655793e-01
2.324752188711064205e-01, 9.968063464358221937e-02, 3.363452949825548322e-01, 3.314988515027564309e-01
2.321900835198972279e-01, 1.000023141950549671e-01, 3.363610610365212472e-01, 3.314465412485265716e-01
2.319044201961715512e-01, 1.003252360190464015e-01, 3.363763518885066195e-01, 3.313939918962754416e-01
2.316182307102811755e-01, 1.006494009869766393e-01, 3.363911657249489262e-01, 3.313412025777932035e-01
2.313315168894662932e-01, 1.009748099605658200e-01, 3.364055007302829137e-01, 3.312881724196850008e-01
2.310442805779091280e-01, 1.013014637917026561e-01, 3.364193550869942206e-01, 3.312349005433940508e-01
2.307565236367870587e-01, 1.016293633223132181e-01, 3.364327269756732797e-01, 3.311813860652265129e-01
2.304682479443254661e-01, 1.019585093842297341e-01, 3.364456145750697735e-01, 3.311276280963750818e-01
2.301794553958496914e-01, 1.022889027990594030e-01, 3.364580160621473137e-01, 3.310736257429436336e-01
2.298901479038363560e-01, 1.026205443780535270e-01, 3.364699296121382854e-01, 3.310193781059717066e-01
2.296003273979649595e-01, 1.029534349219764500e-01, 3.364813533985993588e-01, 3.309648842814592595e-01
2.293099958251680059e-01, 1.032875752209747311e-01, 3.364922855934662782e-01, 3.309101433603909848e-01
2.290191551496809641e-01, 1.036229660544466524e-01, 3.365027243671104284e-01, 3.308551544287618995e-01
2.287278073530920608e-01, 1.039596081909112679e-01, 3.365126678883946232e-01, 3.307999165676020481e-01
2.284359544343908810e-01, 1.042975023878781604e-01, 3.365221143247289493e-01, 3.307444288530020371e-01
2.281435984100169123e-01, 1.046366493917170459e-01, 3.365310618421278321e-01, 3.306886903561382374e-01
2.278507413139071180e-01, 1.049770499375274058e-01, 3.365395086052671014e-01, 3.306327001432984858e-01
2.275573851975434825e-01, 1.053187047490085210e-01, 3.365474527775403346e-01, 3.305764572759076203e-01
2.272635321299996125e-01, 1.056616145383295347e-01, 3.365548925211169218e-01, 3.305199608105538478e-01
2.269691841979868119e-01, 1.060057800059994310e-01, 3.365618259969993531e-01, 3.304632097990143902e-01
2.266743435058996281e-01, 1.063512018407374998e-01, 3.365682513650812835e-01, 3.304062032882815192e-01
2.263790121758611218e-01, 1.066978807193439543e-01, 3.365741667842054863e-01, 3.303489403205894792e-01
2.260831923477667482e-01, 1.070458173065702012e-01, 3.365795704122223064e-01, 3.302914199334406331e-01
2.257868861793290161e-01, 1.073950122549901104e-01, 3.365844604060486689e-01, 3.302336411596322185e-01
2.254900958461199256e-01, 1.077454662048706185e-01, 3.365888349217263653e-01, 3.301756030272831044e-01
2.251928235416142121e-01, 1.080971797840430820e-01, 3.365926921144816730e-01, 3.301173045598609357e-01
2.248950714772312565e-01, 1.084501536077746575e-01, 3.365960301387846965e-01, 3.300587447762092785e-01
2.245968418823767188e-01, 1.088043882786397382e-01, 3.365988471484085975e-01, 3.299999226905749317e-01
2.242981370044832001e-01, 1.091598843863916396e-01, 3.366011412964901028e-01, 3.299408373126351268e-01
2.239989591090508492e-01, 1.095166425078347161e-01, 3.366029107355888450e-01, 3.298814876475257285e-01
2.236993104796867471e-01, 1.098746632066963519e-01, 3.366041536177487026e-01, 3.298218726958683233e-01
2.233991934181445704e-01, 1.102339470334993132e-01, 3.366048680945573079e-01, 3.297619914537988084e-01
2.230986102443625052e-01, 1.105944945254345446e-01, 3.366050523172075537e-01, 3.297018429129953687e-01
2.227975632965015218e-01, 1.109563062062335626e-01, 3.366047044365584329e-01, 3.296414260607065105e-01
2.224960549309824287e-01, 1.113193825860418207e-01, 3.366038226031961567e-01, 3.295807398797794829e-01
2.221940875225228429e-01, 1.116837241612918669e-01, 3.366024049674959384e-01, 3.295197833486894767e-01
2.218916634641726893e-01, 1.120493314145767222e-01, 3.366004496796830003e-01, 3.294585554415674356e-01
2.215887851673504216e-01, 1.124162048145239401e-01, 3.365979548898955787e-01, 3.293970551282300874e-01
2.212854550618769400e-01, 1.127843448156691797e-01, 3.365949187482458749e-01, 3.293352813742080332e-01
2.209816755960103962e-01, 1.131537518583307922e-01, 3.365913394048831164e-01, 3.292732331407755564e-01
2.206774492364796669e-01, 1.135244263684843796e-01, 3.365872150100558402e-01, 3.292109093849800994e-01
2.203727784685167446e-01, 1.138963687576373118e-01, 3.365825437141745091e-01, 3.291483090596712957e-01
2.200676657958895721e-01, 1.142695794227039791e-01, 3.365773236678749614e-01, 3.290854311135315569e-01
2.197621137409333791e-01, 1.146440587458812249e-01, 3.365715530220805274e-01, 3.290222744911049935e-01
2.194561248445816848e-01, 1.150198070945237377e-01, 3.365652299280663673e-01, 3.289588381328281130e-01
2.191497016663967734e-01, 1.153968248210203024e-01, 3.365583525375225316e-01, 3.288951209750602400e-01
2.188428467845992265e-01, 1.157751122626698853e-01, 3.365509190026176878e-01, 3.288311219501132698e-01
2.185355627960968161e-01, 1.161546697415581086e-01, 3.365429274760627920e-01, 3.287668399862824220e-01
2.182278523165131212e-01, 1.165354975644341956e-01, 3.365343761111754262e-01, 3.287022740078773264e-01
2.179197179802153106e-01, 1.169175960225881938e-01, 3.365252630619440244e-01, 3.286374229352523324e-01
2.176111624403409550e-01, 1.173009653917284345e-01, 3.365155864830923216e-01, 3.285722856848382611e-01
2.173021883688245892e-01, 1.176856059318592967e-01, 3.365053445301434132e-01, 3.285068611691727147e-01
2.169927984564232748e-01, 1.180715178871595411e-01, 3.364945353594852029e-01, 3.284411482969320506e-01
2.166829954127417746e-01, 1.184587014858605181e-01, 3.364831571284347955e-01, 3.283751459729628008e-01
2.163727819662571161e-01, 1.188471569401255146e-01, 3.364712079953041113e-01, 3.283088530983132580e-01
2.160621608643420732e-01, 1.192368844459283928e-01, 3.364586861194643341e-01, 3.282422685702652276e-01
2.157511348732881751e-01, 1.196278841829336165e-01, 3.364455896614118591e-01, 3.281753912823663910e-01
2.154397067783285213e-01, 1.200201563143759032e-01, 3.364319167828337398e-01, 3.281082201244618357e-01
2.151278793836589598e-01, 1.204137009869407915e-01, 3.364176656466732473e-01, 3.280407539827270291e-01
2.148156555124594025e-01, 1.208085183306449734e-01, 3.364028344171955953e-01, 3.279729917396998484e-01
2.145030380069142262e-01, 1.212046084587176942e-01, 3.363874212600543312e-01, 3.279049322743136097e-01
2.141900297282318122e-01, 1.216019714674821117e-01, 3.363714243423566730e-01, 3.278365744619293753e-01
2.138766335566634202e-01, 1.220006074362369741e-01, 3.363548418327304557e-01, 3.277679171743691500e-01
2.135628523915218124e-01, 1.224005164271390750e-01, 3.363376719013899674e-01, 3.276989592799490758e-01
2.132486891511986282e-01, 1.228016984850859167e-01, 3.363199127202028405e-01, 3.276296996435126840e-01
2.129341467731813431e-01, 1.232041536375986096e-01, 3.363015624627561651e-01, 3.275601371264638684e-01
2.126192282140695056e-01, 1.236078818947053959e-01, 3.362826193044237688e-01, 3.274902705868013020e-01
2.123039364495903636e-01, 1.240128832488258254e-01, 3.362630814224323861e-01, 3.274200988791514666e-01
2.119882744746137138e-01, 1.244191576746547095e-01, 3.362429469959290484e-01, 3.273496208548026254e-01
2.116722453031660012e-01, 1.248267051290471580e-01, 3.362222142060478647e-01, 3.272788353617391288e-01
2.113558519684435866e-01, 1.252355255509036980e-01, 3.362008812359772447e-01, 3.272077412446753875e-01
2.110390975228261523e-01, 1.256456188610560465e-01, 3.361789462710272902e-01, 3.271363373450904555e-01
2.107219850378880543e-01, 1.260569849621528682e-01, 3.361564074986969630e-01, 3.270646225012621700e-01
2.104045176044100074e-01, 1.264696237385469213e-01, 3.361332631087409761e-01, 3.269925955483020119e-01
2.100866983323900206e-01, 1.268835350561816344e-01, 3.361095112932384055e-01, 3.269202553181900228e-01
2.097685303510527233e-01, 1.272987187624787520e-01, 3.360851502466591367e-01, 3.268476006398093325e-01
2.094500168088594960e-01, 1.277151746862263959e-01, 3.360601781659323106e-01, 3.267746303389818530e-01
2.091311608735162697e-01, 1.281329026374673496e-01, 3.360345932505134914e-01, 3.267013432385028615e-01
2.088119657319818800e-01, 1.285519024073882854e-01, 3.360083937024527789e-01, 3.266277381581769168e-01
2.084924345904751730e-01, 1.289721737682089087e-01, 3.359815777264625325e-01, 3.265538139148532193e-01
2.081725706744813054e-01, 1.293937164730719624e-01, 3.359541435299854828e-01, 3.264795693224613049e-01
2.078523772287576288e-01, 1.298165302559338430e-01, 3.359260893232620115e-01, 3.264050031920465167e-01
2.075318575173387969e-01, 1.302406148314554368e-01, 3.358974133193990963e-01, 3.263301143318066422e-01
2.072110148235412619e-01, 1.306659698948934023e-01, 3.358681137344379231e-01, 3.262549015471275515e-01
2.068898524499663827e-01, 1.310925951219923669e-01, 3.358381887874216654e-01, 3.261793636406195573e-01
2.065683737185042279e-01, 1.315204901688774852e-01, 3.358076367004642626e-01, 3.261034994121539410e-01
2.062465819703352132e-01, 1.319496546719472474e-01, 3.357764556988181992e-01, 3.260273076588993679e-01
2.059244805659316835e-01, 1.323800882477670915e-01, 3.357446440109426167e-01, 3.259507871753585806e-01
2.056020728850591617e-01, 1.328117904929637660e-01, 3.357121998685719255e-01, 3.258739367534051468e-01
2.052793623267762102e-01, 1.332447609841195257e-01, 3.356791215067838063e-01, 3.257967551823205410e-01
2.049563523094338757e-01, 1.336789992776677705e-01, 3.356454071640672110e-01, 3.257192412488312261e-01
2.046330462706744402e-01, 1.341145049097885178e-01, 3.356110550823912519e-01, 3.256413937371457346e-01
2.043094476674297555e-01, 1.345512773963048747e-01, 3.355760635072730924e-01, 3.255632114289922496e-01
2.039855599759180238e-01, 1.349893162325798701e-01, 3.355404306878461695e-01, 3.254846931036559643e-01
2.036613866916411608e-01, 1.354286208934137314e-01, 3.355041548769287507e-01, 3.254058375380164958e-01
2.033369313293799385e-01, 1.358691908329422160e-01, 3.354672343310917126e-01, 3.253266435065861328e-01
2.030121974231899606e-01, 1.363110254845351366e-01, 3.354296673107277083e-01, 3.252471097815471945e-01
2.026871885263957507e-01, 1.367541242606952478e-01, 3.353914520801185017e-01, 3.251672351327905552e-01
2.023619082115847845e-01, 1.371984865529585484e-01, 3.353525869075034138e-01, 3.250870183279532810e-01
2.020363600706006901e-01, 1.376441117317941942e-01, 3.353130700651479335e-01, 3.250064581324572655e-01
2.017105477145354486e-01, 1.380909991465056330e-01, 3.352728998294114970e-01, 3.249255533095473658e-01
2.013844747737215668e-01, 1.385391481251323498e-01, 3.352320744808159336e-01, 3.248443026203300943e-01
2.010581448977226682e-01, 1.389885579743518063e-01, 3.351905923041131330e-01, 3.247627048238122538e-01
2.007315617553244724e-01, 1.394392279793824629e-01, 3.351484515883534909e-01, 3.246807586769396292e-01
2.004047290345238319e-01, 1.398911574038869121e-01, 3.351056506269537438e-01, 3.245984629346355677e-01
2.000776504425181290e-01, 1.403443454898761766e-01, 3.350621877177650809e-01, 3.245158163498405579e-01
1.997503297056937577e-01, 1.407987914576143695e-01, 3.350180611631408123e-01, 3.244328176735511438e-01
1.994227705696132169e-01, 1.412544945055238255e-01, 3.349732692700044256e-01, 3.243494656548586152e-01
1.990949767990025654e-01, 1.417114538100911203e-01, 3.349278103499171988e-01, 3.242657590409890322e-01
1.987669521777374049e-01, 1.421696685257737569e-01, 3.348816827191462564e-01, 3.241816965773426373e-01
1.984387005088285860e-01, 1.426291377849072117e-01, 3.348348846987315164e-01, 3.240972770075327136e-01
1.981102256144071372e-01, 1.430898606976128695e-01, 3.347874146145539687e-01, 3.240124990734261634e-01
1.977815313357083604e-01, 1.435518363517064855e-01, 3.347392707974026216e-01, 3.239273615151825325e-01
1.974526215330556222e-01, 1.440150638126077298e-01, 3.346904515830422255e-01, 3.238418630712944779e-01
1.971235000858430342e-01, 1.444795421232492882e-01, 3.346409553122803304e-01, 3.237560024786273472e-01
1.967941708925177169e-01, 1.449452703039880996e-01, 3.345907803310345652e-01, 3.236697784724595350e-01
1.964646378705615370e-01, 1.454122473525162051e-01, 3.345399249903998062e-01, 3.235831897865226181e-01
1.961349049564717617e-01, 1.458804722437724022e-01, 3.344883876467145134e-01, 3.234962351530413227e-01
1.958049761057414628e-01, 1.463499439298552030e-01, 3.344361666616287865e-01, 3.234089133027744922e-01
1.954748552928390060e-01, 1.468206613399357097e-01, 3.343832604021701460e-01, 3.233212229650552216e-01
1.951445465111869282e-01, 1.472926233801715168e-01, 3.343296672408102022e-01, 3.232331628678313251e-01
1.948140537731403443e-01, 1.477658289336214181e-01, 3.342753855555318232e-01, 3.231447317377065809e-01
1.944833811099644372e-01, 1.482402768601605025e-01, 3.342204137298943056e-01, 3.230559282999806436e-01
1.941525325718115591e-01, 1.487159659963963321e-01, 3.341647501531010978e-01, 3.229667512786910111e-01
1.938215122276972791e-01, 1.491928951555853977e-01, 3.341083932200646922e-01, 3.228771993966527143e-01
1.934903241654764849e-01, 1.496710631275503245e-01, 3.340513413314727953e-01, 3.227872713755002843e-01
1.931589724918180706e-01, 1.501504686785984366e-01, 3.339935928938546073e-01, 3.226969659357289411e-01
1.928274613321794284e-01, 1.506311105514398507e-01, 3.339351463196459369e-01, 3.226062817967347840e-01
1.924957948307803868e-01, 1.511129874651075122e-01, 3.338760000272548156e-01, 3.225152176768574241e-01
1.921639771505761485e-01, 1.515960981148770370e-01, 3.338161524411266678e-01, 3.224237722934201744e-01
1.918320124732300624e-01, 1.520804411721877747e-01, 3.337556019918098693e-01, 3.223319443627723491e-01
1.914999049990852020e-01, 1.525660152845643158e-01, 3.336943471160201402e-01, 3.222397326003303974e-01
1.911676589471360266e-01, 1.530528190755387763e-01, 3.336323862567057152e-01, 3.221471357206194819e-01
1.908352785549986552e-01, 1.535408511445741364e-01, 3.335697178631116810e-01, 3.220541524373154996e-01
1.905027680788814737e-01, 1.540301100669876633e-01, 3.335063403908445911e-01, 3.219607814632863274e-01
1.901701317935538815e-01, 1.545205943938756932e-01, 3.334422523019364148e-01, 3.218670215106339549e-01
1.898373739923159276e-01, 1.550123026520386360e-01, 3.333774520649089301e-01, 3.217728712907365618e-01
1.895044989869658913e-01, 1.555052333439072565e-01, 3.333119381548369509e-01, 3.216783295142897625e-01
1.891715111077685585e-01, 1.559993849474691496e-01, 3.332457090534127198e-01, 3.215833948913496831e-01
1.888384147034217475e-01, 1.564947559161961876e-01, 3.331787632490082474e-01, 3.214880661313739840e-01
1.885052141410231141e-01, 1.569913446789728551e-01, 3.331110992367394275e-01, 3.213923419432646034e-01
1.881719138060361785e-01, 1.574891496400251945e-01, 3.330427155185288202e-01, 3.212962210354098902e-01
1.878385181022552974e-01, 1.579881691788502518e-01, 3.329736106031676579e-01, 3.211997021157267929e-01
1.875050314517708594e-01, 1.584884016501468540e-01, 3.329037830063790726e-01, 3.211027838917031585e-01
1.871714582949331740e-01, 1.589898453837463865e-01, 3.328332312508804347e-01, 3.210054650704400880e-01
1.868378030903162235e-01, 1.594924986845450698e-01, 3.327619538664445265e-01, 3.209077443586942913e-01
1.865040703146806922e-01, 1.599963598324364578e-01, 3.326899493899621030e-01, 3.208096204629208303e-01
1.861702644629366910e-01, 1.605014270822447964e-01, 3.326172163655031766e-01, 3.207110920893153083e-01
1.858363900481056208e-01, 1.610076986636595209e-01, 3.325437533443782456e-01, 3.206121579438566127e-01
1.855024516012814539e-01, 1.615151727811698079e-01, 3.324695588851992456e-01, 3.205128167323494925e-01
1.851684536715919593e-01, 1.620238476140005990e-01, 3.323946315539403895e-01, 3.204130671604670244e-01
1.848344008261587623e-01, 1.625337213160487904e-01, 3.323189699239986750e-01, 3.203129079337936891e-01
1.845002976500575431e-01, 1.630447920158206720e-01, 3.322425725762540583e-01, 3.202123377578677266e-01
1.841661487462770974e-01, 1.635570578163697830e-01, 3.321654380991292954e-01, 3.201113553382238242e-01
1.838319587356781193e-01, 1.640705167952357380e-01, 3.320875650886496722e-01, 3.200099593804364151e-01
1.834977322569517622e-01, 1.645851670043836090e-01, 3.320089521485024564e-01, 3.199081485901620892e-01
1.831634739665773393e-01, 1.651010064701443347e-01, 3.319295978900959065e-01, 3.198059216731825027e-01
1.828291885387792748e-01, 1.656180331931557115e-01, 3.318495009326179468e-01, 3.197032773354470114e-01
1.824948806654845268e-01, 1.661362451483041069e-01, 3.317686599030950090e-01, 3.196002142831163573e-01
1.821605550562784281e-01, 1.666556402846671725e-01, 3.316870734364495421e-01, 3.194967312226049128e-01
1.818262164383606383e-01, 1.671762165254569998e-01, 3.316047401755587987e-01, 3.193928268606235910e-01
1.814918695565005957e-01, 1.676979717679644433e-01, 3.315216587713116225e-01, 3.192884999042232552e-01
1.811575191729923595e-01, 1.682209038835037751e-01, 3.314378278826662916e-01, 3.191837490608374628e-01
1.808231700676088682e-01, 1.687450107173584513e-01, 3.313532461767071391e-01, 3.190785730383255414e-01
1.804888270375562542e-01, 1.692702900887275430e-01, 3.312679123287008420e-01, 3.189729705450154440e-01
1.801544948974268812e-01, 1.697967397906726406e-01, 3.311818250221537085e-01, 3.188669402897467697e-01
1.798201784791528257e-01, 1.703243575900661999e-01, 3.310949829488666896e-01, 3.187604809819142293e-01
1.794858826319583600e-01, 1.708531412275399453e-01, 3.310073848089914450e-01, 3.186535913315101665e-01
1.791516122223120178e-01, 1.713830884174344371e-01, 3.309190293110854664e-01, 3.185462700491681343e-01
1.788173721338785216e-01, 1.719141968477493621e-01, 3.308299151721670328e-01, 3.184385158462050835e-01
1.784831672674698499e-01, 1.724464641800942943e-01, 3.307400411177702781e-01, 3.183303274346655498e-01
1.781490025409966649e-01, 1.729798880496409563e-01, 3.306494058819986481e-01, 3.182217035273637307e-01
1.778148828894182687e-01, 1.735144660650752568e-01, 3.305580082075792459e-01, 3.181126428379272286e-01
1.774808132646930880e-01, 1.740501958085507728e-01, 3.304658468459164555e-01, 3.180031440808396836e-01
1.771467986357282143e-01, 1.745870748356430080e-01, 3.303729205571447891e-01, 3.178932059714839609e-01
1.768128439883287495e-01, 1.751251006753039019e-01, 3.302792281101821770e-01, 3.177828272261852272e-01
1.764789543251468473e-01, 1.756642708298175592e-01, 3.301847682827818153e-01, 3.176720065622537503e-01
1.761451346656301153e-01, 1.762045827747567850e-01, 3.300895398615846799e-01, 3.175607426980284198e-01
1.758113900459699619e-01, 1.767460339589397855e-01, 3.299935416421710954e-01, 3.174490343529191572e-01
1.754777255190493601e-01, 1.772886218043884521e-01, 3.298967724291120285e-01, 3.173368802474502148e-01
1.751441461543903899e-01, 1.778323437062866996e-01, 3.297992310360198243e-01, 3.172242791033030307e-01
1.748106570381013636e-01, 1.783771970329401380e-01, 3.297009162855992770e-01, 3.171112296433593047e-01
1.744772632728233963e-01, 1.789231791257357429e-01, 3.296018270096970348e-01, 3.169977305917437427e-01
1.741439699776772543e-01, 1.794702872991033871e-01, 3.295019620493521706e-01, 3.168837806738671881e-01
1.738107822882092035e-01, 1.800185188404768988e-01, 3.294013202548449204e-01, 3.167693786164690883e-01
1.734777053563368587e-01, 1.805678710102566753e-01, 3.292999004857457002e-01, 3.166545231476607936e-01
1.731447443502947547e-01, 1.811183410417730733e-01, 3.291977016109640664e-01, 3.165392129969680779e-01
1.728119044545795846e-01, 1.816699261412498267e-01, 3.290947225087966221e-01, 3.164234468953739943e-01
1.724791908698948273e-01, 1.822226234877689643e-01, 3.289909620669744239e-01, 3.163072235753617845e-01
1.721466088130957084e-01, 1.827764302332361979e-01, 3.288864191827109429e-01, 3.161905417709571231e-01
1.718141635171333004e-01, 1.833313435023469218e-01, 3.287810927627484170e-01, 3.160734002177713609e-01
1.714818602309984563e-01, 1.838873603925530731e-01, 3.286749817234047022e-01, 3.159557976530438239e-01
1.711497042196659102e-01, 1.844444779740306850e-01, 3.285680849906191248e-01, 3.158377328156842245e-01
1.708177007640375722e-01, 1.850026932896483844e-01, 3.284604014999981669e-01, 3.157192044463159042e-01
1.704858551608857131e-01, 1.855620033549361947e-01, 3.283519301968605419e-01, 3.156002112873175225e-01
1.701541727227961487e-01, 1.861224051580555316e-01, 3.282426700362824357e-01, 3.154807520828659118e-01
1.698226587781108965e-01, 1.866838956597693111e-01, 3.281326199831413049e-01, 3.153608255789785986e-01
1.694913186708706665e-01, 1.872464717934137490e-01, 3.280217790121598420e-01, 3.152404305235556592e-01
1.691601577607574347e-01, 1.878101304648697734e-01, 3.279101461079499957e-01, 3.151195656664227962e-01
1.688291814230361287e-01, 1.883748685525359345e-01, 3.277977202650551591e-01, 3.149982297593727498e-01
1.684983950484968962e-01, 1.889406829073017879e-01, 3.276845004879933576e-01, 3.148764215562079305e-01
1.681678040433964294e-01, 1.895075703525216648e-01, 3.275704857912993262e-01, 3.147541398127826628e-01
1.678374138293997897e-01, 1.900755276839897479e-01, 3.274556751995655879e-01, 3.146313832870448191e-01
1.675072298435214269e-01, 1.906445516699156462e-01, 3.273400677474845311e-01, 3.145081507390783404e-01
1.671772575380664483e-01, 1.912146390509002758e-01, 3.272236624798885440e-01, 3.143844409311447041e-01
1.668475023805715551e-01, 1.917857865399126838e-01, 3.271064584517907603e-01, 3.142602526277250563e-01
1.665179698537457564e-01, 1.923579908222679824e-01, 3.269884547284243048e-01, 3.141355845955619563e-01
1.661886654554110276e-01, 1.929312485556053947e-01, 3.268696503852823176e-01, 3.140104356037011768e-01
1.658595946984428304e-01, 1.935055563698669656e-01, 3.267500445081567007e-01, 3.138848044235334478e-01
1.655307631107104105e-01, 1.940809108672777727e-01, 3.266296361931761982e-01, 3.137586898288355908e-01
1.652021762350169010e-01, 1.946573086223255811e-01, 3.265084245468448665e-01, 3.136320905958125960e-01
1.648738396290395924e-01, 1.952347461817421637e-01, 3.263864086860793212e-01, 3.135050055031389227e-01
1.645457588652698422e-01, 1.958132200644848442e-01, 3.262635877382457639e-01, 3.133774333319996885e-01
1.642179395309525669e-01, 1.963927267617188999e-01, 3.261399608411966744e-01, 3.132493728661319699e-01
1.638903872280266238e-01, 1.969732627368002698e-01, 3.260155271433067825e-01, 3.131208228918663239e-01
1.635631075730639983e-01, 1.975548244252595398e-01, 3.258902858035089833e-01, 3.129917821981674231e-01
1.632361061972094074e-01, 1.981374082347859555e-01, 3.257642359913289209e-01, 3.128622495766757439e-01
1.629093887461200152e-01, 1.987210105452123232e-01, 3.256373768869199603e-01, 3.127322238217477013e-01
1.625829608799044812e-01, 1.993056277085007433e-01, 3.255097076810975487e-01, 3.126017037304973378e-01
1.622568282730626754e-01, 1.998912560487285384e-01, 3.253812275753724670e-01, 3.124706881028363470e-01
1.619309966144247825e-01, 2.004778918620755690e-01, 3.252519357819841916e-01, 3.123391757415155401e-01
1.616054716070903785e-01, 2.010655314168110219e-01, 3.251218315239338130e-01, 3.122071654521648698e-01
1.612802589683680898e-01, 2.016541709532820581e-01, 3.249909140350158987e-01, 3.120746560433340644e-01
1.609553644297141706e-01, 2.022438066839023219e-01, 3.248591825598504124e-01, 3.119416463265330397e-01
1.606307937366721339e-01, 2.028344347931412550e-01, 3.247266363539140777e-01, 3.118081351162725334e-01
1.603065526488117454e-01, 2.034260514375137996e-01, 3.245932746835706317e-01, 3.116741212301037400e-01
1.599826469396677386e-01, 2.040186527455714605e-01, 3.244590968261017450e-01, 3.115396034886588894e-01
1.596590823966796135e-01, 2.046122348178929518e-01, 3.243241020697364418e-01, 3.114045807156911039e-01
1.593358648211300466e-01, 2.052067937270759812e-01, 3.241882897136797448e-01, 3.112690517381141442e-01
1.590130000280846334e-01, 2.058023255177299504e-01, 3.240516590681426501e-01, 3.111330153860428771e-01
1.586904938463303272e-01, 2.063988262064682666e-01, 3.239142094543693284e-01, 3.109964704928319668e-01
1.583683521183155418e-01, 2.069962917819023196e-01, 3.237759402046657686e-01, 3.108594158951163422e-01
1.580465807000883405e-01, 2.075947182046352923e-01, 3.236368506624262564e-01, 3.107218504328501663e-01
1.577251854612363169e-01, 2.081941014072567209e-01, 3.234969401821602419e-01, 3.105837729493467481e-01
1.574041722848257552e-01, 2.087944372943377480e-01, 3.233562081295192625e-01, 3.104451822913171788e-01
1.570835470673409007e-01, 2.093957217424270989e-01, 3.232146538813219783e-01, 3.103060773089100222e-01
1.567633157186233417e-01, 2.099979506000467233e-01, 3.230722768255797073e-01, 3.101664568557501167e-01
1.564434841618116689e-01, 2.106011196876893254e-01, 3.229290763615213500e-01, 3.100263197889776556e-01
1.561240583332807741e-01, 2.112052247978152830e-01, 3.227850518996169815e-01, 3.098856649692869336e-01
1.558050441825817034e-01, 2.118102616948506767e-01, 3.226402028616026096e-01, 3.097444912609651491e-01
1.554864476723812339e-01, 2.124162261151856246e-01, 3.224945286805025457e-01, 3.096027975319306513e-01
1.551682747784018657e-01, 2.130231137671735053e-01, 3.223480288006525529e-01, 3.094605826537721316e-01
1.548505314893616758e-01, 2.136309203311299865e-01, 3.222007026777219951e-01, 3.093178455017864259e-01
1.545332238069143382e-01, 2.142396414593333576e-01, 3.220525497787355418e-01, 3.091745849550167624e-01
1.542163577455893386e-01, 2.148492727760248910e-01, 3.219035695820945397e-01, 3.090307998962912861e-01
1.538999393327322163e-01, 2.154598098774095916e-01, 3.217537615775974413e-01, 3.088864892122608063e-01
1.535839746084451674e-01, 2.160712483316579169e-01, 3.216031252664603990e-01, 3.087416517934364335e-01
1.532684696255274814e-01, 2.166835836789078040e-01, 3.214516601613366942e-01, 3.085962865342279926e-01
1.529534304494161168e-01, 2.172968114312666676e-01, 3.212993657863360553e-01, 3.084503923329812713e-01
1.526388631581269695e-01, 2.179109270728145087e-01, 3.211462416770433648e-01, 3.083039680920152126e-01
1.523247738421954489e-01, 2.185259260596076336e-01, 3.209922873805369781e-01, 3.081570127176599394e-01
1.520111686046181076e-01, 2.191418038196816798e-01, 3.208375024554062649e-01, 3.080095251202938367e-01
1.516980535607938552e-01, 2.197585557530568057e-01, 3.206818864717690398e-01, 3.078615042143803548e-01
1.513854348384652548e-01, 2.203761772317414935e-01, 3.205254390112878826e-01, 3.077129489185054245e-01
1.510733185776607090e-01, 2.209946635997384334e-01, 3.203681596671866805e-01, 3.075638581554141493e-01
1.507617109306362280e-01, 2.216140101730497691e-01, 3.202100480442665043e-01, 3.074142308520476652e-01
1.504506180618171984e-01, 2.222342122396830655e-01, 3.200511037589201524e-01, 3.072640659395795559e-01
1.501400461477414849e-01, 2.228552650596578311e-01, 3.198913264391477496e-01, 3.071133623534528234e-01
1.498300013770014205e-01, 2.234771638650124848e-01, 3.197307157245702358e-01, 3.069621190334158589e-01
1.495204899501865470e-01, 2.240999038598115445e-01, 3.195692712664434665e-01, 3.068103349235585253e-01
1.492115180798269658e-01, 2.247234802201529824e-01, 3.194069927276713128e-01, 3.066580089723486280e-01
1.489030919903363281e-01, 2.253478880941768014e-01, 3.192438797828186514e-01, 3.065051401326681080e-01
1.485952179179554078e-01, 2.259731226020731398e-01, 3.190799321181231885e-01, 3.063517273618482362e-01
1.482879021106956463e-01, 2.265991788360910419e-01, 3.189151494315075053e-01, 3.061977696217058620e-01
1.479811508282832533e-01, 2.272260518605479229e-01, 3.187495314325903828e-01, 3.060432658785785520e-01
1.476749703421032789e-01, 2.278537367118388113e-01, 3.185830778426973486e-01, 3.058882151033604502e-01
1.473693669351442970e-01, 2.284822283984466740e-01, 3.184157883948713907e-01, 3.057326162715376938e-01
1.470643469019428107e-01, 2.291115219009521586e-01, 3.182476628338821723e-01, 3.055764683632228862e-01
1.467599165485284907e-01, 2.297416121720447235e-01, 3.180787009162359125e-01, 3.054197703631909011e-01
1.464560821923693024e-01, 2.303724941365334067e-01, 3.179089024101838801e-01, 3.052625212609134109e-01
1.461528501623171328e-01, 2.310041626913580115e-01, 3.177382670957311639e-01, 3.051047200505936918e-01
1.458502267985535283e-01, 2.316366127056007918e-01, 3.175667947646440559e-01, 3.049463657312014853e-01
1.455482184525358491e-01, 2.322698390204987196e-01, 3.173944852204579892e-01, 3.047874573065073589e-01
1.452468314869436172e-01, 2.329038364494551427e-01, 3.172213382784841440e-01, 3.046279937851170683e-01
1.449460722756254483e-01, 2.335385997780528855e-01, 3.170473537658159424e-01, 3.044679741805057516e-01
1.446459472035456773e-01, 2.341741237640668771e-01, 3.168725315213352101e-01, 3.043073975110522911e-01
1.443464626667318451e-01, 2.348104031374772527e-01, 3.166968713957178938e-01, 3.041462628000728974e-01
1.440476250722226848e-01, 2.354474326004831752e-01, 3.165203732514386137e-01, 3.039845690758555263e-01
1.437494408380152189e-01, 2.360852068275160753e-01, 3.163430369627757144e-01, 3.038223153716929636e-01
1.434519163930138008e-01, 2.367237204652539728e-01, 3.161648624158153176e-01, 3.036595007259167422e-01
1.431550581769784058e-01, 2.373629681326357155e-01, 3.159858495084550412e-01, 3.034961241819307820e-01
1.428588726404734499e-01, 2.380029444208754119e-01, 3.158059981504069968e-01, 3.033321847882440303e-01
1.425633662448171635e-01, 2.386436438934772530e-01, 3.156253082632011764e-01, 3.031676815985044349e-01
1.422685454620309653e-01, 2.392850610862505556e-01, 3.154437797801870613e-01, 3.030026136715313068e-01
1.419744167747897245e-01, 2.399271905073253608e-01, 3.152614126465360656e-01, 3.028369800713487936e-01
1.416809866763716619e-01, 2.405700266371673113e-01, 3.150782068192428120e-01, 3.026707798672182426e-01
1.413882616706091666e-01, 2.412135639285938049e-01, 3.148941622671260210e-01, 3.025040121336711185e-01
1.410962482718396138e-01, 2.418577968067899819e-01, 3.147092789708292870e-01, 3.023366759505412560e-01
1.408049530048566811e-01, 2.425027196693247400e-01, 3.145235569228211903e-01, 3.021687704029973887e-01
1.405143824048621926e-01, 2.431483268861673319e-01, 3.143369961273948521e-01, 3.020002945815757345e-01
1.402245430174177965e-01, 2.437946127997034917e-01, 3.141495966006673246e-01, 3.018312475822112484e-01
1.399354413983976420e-01, 2.444415717247530595e-01, 3.139613583705784805e-01, 3.016616285062708180e-01
1.396470841139408336e-01, 2.450891979485859407e-01, 3.137722814768892921e-01, 3.014914364605837949e-01
1.393594777404048857e-01, 2.457374857309400362e-01, 3.135823659711801659e-01, 3.013206705574748012e-01
1.390726288643187591e-01, 2.463864293040383124e-01, 3.133916119168478898e-01, 3.011493299147950387e-01
1.387865440823371488e-01, 2.470360228726061758e-01, 3.132000193891035789e-01, 3.009774136559532076e-01
1.385012300011941033e-01, 2.476862606138894307e-01, 3.130075884749688453e-01, 3.008049209099476484e-01
1.382166932376583390e-01, 2.483371366776717382e-01, 3.128143192732725786e-01, 3.006318508113973165e-01
1.379329404184876651e-01, 2.489886451862931838e-01, 3.126202118946465602e-01, 3.004582025005725909e-01
1.376499781803844635e-01, 2.496407802346676807e-01, 3.124252664615212449e-01, 3.002839751234266386e-01
1.373678131699513638e-01, 2.502935358903017882e-01, 3.122294831081207089e-01, 3.001091678316260558e-01
1.370864520436475276e-01, 2.509469061933129463e-01, 3.120328619804580428e-01, 2.999337797825816221e-01
1.368059014677447949e-01, 2.516008851564479065e-01, 3.118354032363284123e-01, 2.997578101394788863e-01
1.365261681182848852e-01, 2.522554667651014659e-01, 3.116371070453045067e-01, 2.995812580713090312e-01
1.362472586810364039e-01, 2.529106449773354526e-01, 3.114379735887294887e-01, 2.994041227528985716e-01
1.359691798514525152e-01, 2.535664137238972660e-01, 3.112380030597100555e-01, 2.992264033649401078e-01
1.356919383346289754e-01, 2.542227669082390840e-01, 3.110371956631095003e-01, 2.990480990940223571e-01
1.354155408452626108e-01, 2.548796984065368476e-01, 3.108355516155404397e-01, 2.988692091326602407e-01
1.351399941076098232e-01, 2.555372020677094680e-01, 3.106330711453564319e-01, 2.986897326793242491e-01
1.348653048554461220e-01, 2.561952717134383106e-01, 3.104297544926443164e-01, 2.985096689384713065e-01
1.345914798320254624e-01, 2.568539011381861803e-01, 3.102256019092151096e-01, 2.983290171205732477e-01
1.343185257900401108e-01, 2.575130841092171941e-01, 3.100206136585954564e-01, 2.981477764421472387e-01
1.340464494915812321e-01, 2.581728143666158215e-01, 3.098147900160179158e-01, 2.979659461257850861e-01
1.337752577080992544e-01, 2.588330856233070354e-01, 3.096081312684117459e-01, 2.977835254001818810e-01
1.335049572203652335e-01, 2.594938915650754629e-01, 3.094006377143929121e-01, 2.976005135001664748e-01
1.332355548184322169e-01, 2.601552258505852588e-01, 3.091923096642531510e-01, 2.974169096667294010e-01
1.329670573015971358e-01, 2.608170821113999782e-01, 3.089831474399501454e-01, 2.972327131470526851e-01
1.326994714783630847e-01, 2.614794539520024497e-01, 3.087731513750961443e-01, 2.970479231945384324e-01
1.324328041664016298e-01, 2.621423349498142041e-01, 3.085623218149465830e-01, 2.968625390688377497e-01
1.321670621925163103e-01, 2.628057186552159030e-01, 3.083506591163885369e-01, 2.966765600358792221e-01
1.319022523926056956e-01, 2.634695985915668226e-01, 3.081381636479292863e-01, 2.964899853678981678e-01
1.316383816116271366e-01, 2.641339682552255042e-01, 3.079248357896831045e-01, 2.963028143434642270e-01
1.313754567035610166e-01, 2.647988211155686833e-01, 3.077106759333596009e-01, 2.961150462475106160e-01
1.311134845313751407e-01, 2.654641506150122732e-01, 3.074956844822505087e-01, 2.959266803713621052e-01
1.308524719669896530e-01, 2.661299501690309044e-01, 3.072798618512162516e-01, 2.957377160127632187e-01
1.305924258912422586e-01, 2.667962131661780756e-01, 3.070632084666733985e-01, 2.955481524759062673e-01
1.303333531938538348e-01, 2.674629329681065260e-01, 3.068457247665798970e-01, 2.953579890714597700e-01
1.300752607733942912e-01, 2.681301029095875532e-01, 3.066274112004219732e-01, 2.951672251165960992e-01
1.298181555372491525e-01, 2.687977162985319968e-01, 3.064082682291993653e-01, 2.949758599350196242e-01
1.295620444015858075e-01, 2.694657664160094446e-01, 3.061882963254106693e-01, 2.947838928569940786e-01
1.293069342913209241e-01, 2.701342465162691608e-01, 3.059674959730392385e-01, 2.945913232193707598e-01
1.290528321400875589e-01, 2.708031498267594039e-01, 3.057458676675372522e-01, 2.943981503656157850e-01
1.287997448902031272e-01, 2.714724695481477990e-01, 3.055234119158111161e-01, 2.942043736458379022e-01
1.285476794926372068e-01, 2.721421988543415993e-01, 3.053001292362053087e-01, 2.940099924168158019e-01
1.282966429069800629e-01, 2.728123308925072821e-01, 3.050760201584870046e-01, 2.938150060420255394e-01
1.280466421014113398e-01, 2.734828587830906987e-01, 3.048510852238299762e-01, 2.936194138916679575e-01
1.277976840526691693e-01, 2.741537756198372811e-01, 3.046253249847979405e-01, 2.934232153426956646e-01
1.275497757460194725e-01, 2.748250744698115811e-01, 3.043987400053285164e-01, 2.932264097788404578e-01
1.273029241752257623e-01, 2.754967483734176437e-01, 3.041713308607161825e-01, 2.930289965906404115e-01
1.270571363425190559e-01, 2.761687903444186576e-01, 3.039430981375952912e-01, 2.928309751754669676e-01
1.268124192585682597e-01, 2.768411933699568284e-01, 3.037140424339232481e-01, 2.926323449375515806e-01
1.265687799424507765e-01, 2.775139504105734178e-01, 3.034841643589626381e-01, 2.924331052880131954e-01
1.263262254216234171e-01, 2.781870544002281176e-01, 3.032534645332640721e-01, 2.922332556448845042e-01
1.260847627318936459e-01, 2.788604982463192550e-01, 3.030219435886480350e-01, 2.920327954331392029e-01
1.258443989173911592e-01, 2.795342748297032776e-01, 3.027896021681871219e-01, 2.918317240847185245e-01
1.256051410305394911e-01, 2.802083770047146261e-01, 3.025564409261879417e-01, 2.916300410385578301e-01
1.253669961320282855e-01, 2.808827975991852743e-01, 3.023224605281726318e-01, 2.914277457406138638e-01
1.251299712907853745e-01, 2.815575294144641583e-01, 3.020876616508602619e-01, 2.912248376438902331e-01
1.248940735839497163e-01, 2.822325652254368267e-01, 3.018520449821483487e-01, 2.910213162084649974e-01
1.246593100968438617e-01, 2.829078977805454254e-01, 3.016156112210938711e-01, 2.908171809015168141e-01
1.244256879229473922e-01, 2.835835198018073489e-01, 3.013783610778942301e-01, 2.906124311973510843e-01
1.241932141638699971e-01, 2.842594239848351689e-01, 3.011402952738680416e-01, 2.904070665774267646e-01
1.239618959293252165e-01, 2.849356029988560635e-01, 3.009014145414360408e-01, 2.902010865303827902e-01
1.237317403371041291e-01, 2.856120494867306903e-01, 3.006617196241013756e-01, 2.899944905520638883e-01
1.235027545130494564e-01, 2.862887560649731156e-01, 3.004212112764299558e-01, 2.897872781455474445e-01
1.232749455910297082e-01, 2.869657153237691882e-01, 3.001798902640311351e-01, 2.895794488211698714e-01
1.230483207129136752e-01, 2.876429198269969123e-01, 2.999377573635373939e-01, 2.893710020965520324e-01
1.228228870285450469e-01, 2.883203621122440996e-01, 2.996948133625844113e-01, 2.891619374966264977e-01
1.225986516957171396e-01, 2.889980346908287978e-01, 2.994510590597911914e-01, 2.889522545536629683e-01
1.223756218801479861e-01, 2.896759300478173871e-01, 2.992064952647398024e-01, 2.887419528072948660e-01
1.221538047554553974e-01, 2.903540406420443976e-01, 2.989611227979547259e-01, 2.885310318045454792e-01
1.219332075031323709e-01, 2.910323589061306060e-01, 2.987149424908831508e-01, 2.883194910998539973e-01
1.217138373125224993e-01, 2.917108772465024646e-01, 2.984679551858734348e-01, 2.881073302551015458e-01
1.214957013807956010e-01, 2.923895880434109751e-01, 2.982201617361557866e-01, 2.878945488396376651e-01
1.212788069129233232e-01, 2.930684836509503399e-01, 2.979715630058203391e-01, 2.876811464303060673e-01
1.210631611216551745e-01, 2.937475563970766701e-01, 2.977221598697971094e-01, 2.874671226114708933e-01
1.208487712274945031e-01, 2.944267985836271917e-01, 2.974719532138354050e-01, 2.872524769750429696e-01
1.206356444586742377e-01, 2.951062024863381206e-01, 2.972209439344821735e-01, 2.870372091205055098e-01
1.204237880511335734e-01, 2.957857603548643133e-01, 2.969691329390614642e-01, 2.868213186549407046e-01
1.202132092484936021e-01, 2.964654644127972527e-01, 2.967165211456536666e-01, 2.866048051930554230e-01
1.200039153020342059e-01, 2.971453068576838663e-01, 2.964631094830740832e-01, 2.863876683572078585e-01
1.197959134706699513e-01, 2.978252798610450669e-01, 2.962088988908520570e-01, 2.861699077774328415e-01
1.195892110209267056e-01, 2.985053755683945709e-01, 2.959538903192097670e-01, 2.859515230914689288e-01
1.193838152269181274e-01, 2.991855860992571059e-01, 2.956980847290410219e-01, 2.857325139447837725e-01
1.191797333703220052e-01, 2.998659035471870071e-01, 2.954414830918902779e-01, 2.855128799906007653e-01
1.189769727403567623e-01, 3.005463199797869800e-01, 2.951840863899312106e-01, 2.852926208899250748e-01
1.187755406337579617e-01, 3.012268274387265299e-01, 2.949258956159456213e-01, 2.850717363115699565e-01
1.185754443547548109e-01, 3.019074179397601143e-01, 2.946669117733024534e-01, 2.848502259321826213e-01
1.183766912150464867e-01, 3.025880834727461277e-01, 2.944071358759360879e-01, 2.846280894362712699e-01
1.181792885337787230e-01, 3.032688160016653312e-01, 2.941465689483254153e-01, 2.844053265162306277e-01
1.179832436375198718e-01, 3.039496074646388935e-01, 2.938852120254726308e-01, 2.841819368723685346e-01
1.177885638602374219e-01, 3.046304497739476536e-01, 2.936230661528821950e-01, 2.839579202129327018e-01
1.175952565432742264e-01, 3.053113348160499951e-01, 2.933601323865391297e-01, 2.837332762541365794e-01
1.174033290353245357e-01, 3.059922544516008869e-01, 2.930964117928884782e-01, 2.835080047201860576e-01
1.172127886924098500e-01, 3.066732005154700902e-01, 2.928319054488140449e-01, 2.832821053433060010e-01
1.170236428778552301e-01, 3.073541648167611995e-01, 2.925666144416169123e-01, 2.830555778637665609e-01
1.168358989622647615e-01, 3.080351391388299054e-01, 2.923005398689949574e-01, 2.828284220299103202e-01
1.166495643234971707e-01, 3.087161152393029795e-01, 2.920336828390215356e-01, 2.826006375981783281e-01
1.164646463466416093e-01, 3.093970848500969262e-01, 2.917660444701247746e-01, 2.823722243331368564e-01
1.162811524239923539e-01, 3.100780396774365233e-01, 2.914976258910662588e-01, 2.821431820075047670e-01
1.160990899550246591e-01, 3.107589714018743621e-01, 2.912284282409210445e-01, 2.819135104021799898e-01
1.159184663463690840e-01, 3.114398716783090548e-01, 2.909584526690560669e-01, 2.816832093062657805e-01
1.157392890117864143e-01, 3.121207321360047748e-01, 2.906877003351100996e-01, 2.814522785170987529e-01
1.155615653721420999e-01, 3.128015443786099636e-01, 2.904161724089726615e-01, 2.812207178402753027e-01
1.153853028553804005e-01, 3.134822999841769264e-01, 2.901438700707640872e-01, 2.809885270896787524e-01
1.152105088964983648e-01, 3.141629905051804839e-01, 2.898707945108145445e-01, 2.807557060875066623e-01
1.150371909375196011e-01, 3.148436074685383446e-01, 2.895969469296443832e-01, 2.805222546642978099e-01
1.148653564274673827e-01, 3.155241423756294794e-01, 2.893223285379433185e-01, 2.802881726589597777e-01
1.146950128223378912e-01, 3.162045867023147161e-01, 2.890469405565508909e-01, 2.800534599187965434e-01
1.145261675850730160e-01, 3.168849318989556685e-01, 2.887707842164358163e-01, 2.798181162995354576e-01
1.143588281855324879e-01, 3.175651693904353867e-01, 2.884938607586770565e-01, 2.795821416653551106e-01
1.141930021004659845e-01, 3.182452905761776196e-01, 2.882161714344432801e-01, 2.793455358889130880e-01
1.140286968134850420e-01, 3.189252868301677424e-01, 2.879377175049734894e-01, 2.791082988513736152e-01
1.138659198150339252e-01, 3.196051495009726295e-01, 2.876585002415579795e-01, 2.788704304424354241e-01
1.137046786023605816e-01, 3.202848699117613607e-01, 2.873785209255182438e-01, 2.786319305603598973e-01
1.135449806794871230e-01, 3.209644393603256485e-01, 2.870977808481884330e-01, 2.783927991119988232e-01
1.133868335571798502e-01, 3.216438491191012661e-01, 2.868162813108962039e-01, 2.781530360128227075e-01
1.132302447529184436e-01, 3.223230904351887527e-01, 2.865340236249434569e-01, 2.779126411869494162e-01
1.130752217908653212e-01, 3.230021545303747299e-01, 2.862510091115881838e-01, 2.776716145671717650e-01
1.129217722018339282e-01, 3.236810326011538841e-01, 2.859672391020255944e-01, 2.774299560949867183e-01
1.127699035232567343e-01, 3.243597158187498386e-01, 2.856827149373695196e-01, 2.771876657206237549e-01
1.126196232991529267e-01, 3.250381953291383574e-01, 2.853974379686349261e-01, 2.769447434030737343e-01
1.124709390800948949e-01, 3.257164622530684950e-01, 2.851114095567190976e-01, 2.767011891101175403e-01
1.123238584231749937e-01, 3.263945076860859662e-01, 2.848246310723842045e-01, 2.764570028183548911e-01
1.121783888919709593e-01, 3.270723226985555177e-01, 2.845371038962395960e-01, 2.762121845132339826e-01
1.120345380565110904e-01, 3.277498983356840756e-01, 2.842488294187244247e-01, 2.759667341890802983e-01
1.118923134932389013e-01, 3.284272256175446159e-01, 2.839598090400901609e-01, 2.757206518491263636e-01
1.117517227849767758e-01, 3.291042955390990343e-01, 2.836700441703836617e-01, 2.754739375055405559e-01
1.116127735208890803e-01, 3.297810990702230716e-01, 2.833795362294305176e-01, 2.752265911794573028e-01
1.114754732964449851e-01, 3.304576271557303491e-01, 2.830882866468178993e-01, 2.749786129010067803e-01
1.113398297133798148e-01, 3.311338707153968497e-01, 2.827962968618788486e-01, 2.747300027093446118e-01
1.112058503796562320e-01, 3.318098206439864528e-01, 2.825035683236754580e-01, 2.744807606526818988e-01
1.110735429094246718e-01, 3.324854678112764694e-01, 2.822101024909832168e-01, 2.742308867883158086e-01
1.109429149229826522e-01, 3.331608030620828997e-01, 2.819159008322751347e-01, 2.739803811826593272e-01
1.108139740467335987e-01, 3.338358172162876891e-01, 2.816209648257063658e-01, 2.737292439112722908e-01
1.106867279131447529e-01, 3.345105010688644853e-01, 2.813252959590989977e-01, 2.734774750588917502e-01
1.105611841607042622e-01, 3.351848453899065605e-01, 2.810288957299267310e-01, 2.732250747194624463e-01
1.104373504338772849e-01, 3.358588409246539008e-01, 2.807317656453002241e-01, 2.729720429961685069e-01
1.103152343830615112e-01, 3.365324783935214614e-01, 2.804339072219529383e-01, 2.727183800014640336e-01
1.101948436645415752e-01, 3.372057484921278658e-01, 2.801353219862263155e-01, 2.724640858571042989e-01
1.100761859404424253e-01, 3.378786418913241052e-01, 2.798360114740559568e-01, 2.722091606941775543e-01
1.099592688786822647e-01, 3.385511492372232922e-01, 2.795359772309580770e-01, 2.719536046531363382e-01
1.098441001529239236e-01, 3.392232611512307483e-01, 2.792352208120160162e-01, 2.716974178838292842e-01
1.097306874425256068e-01, 3.398949682300745900e-01, 2.789337437818665832e-01, 2.714406005455332060e-01
1.096190384324905176e-01, 3.405662610458368711e-01, 2.786315477146876218e-01, 2.711831528069849617e-01
1.095091608134155653e-01, 3.412371301459851680e-01, 2.783286341941852426e-01, 2.709250748464138159e-01
1.094010622814389627e-01, 3.419075660534055539e-01, 2.780250048135812224e-01, 2.706663668515743026e-01
1.092947505381866857e-01, 3.425775592664342950e-01, 2.777206611756010690e-01, 2.704070290197778115e-01
1.091902332907178780e-01, 3.432471002588929343e-01, 2.774156048924624751e-01, 2.701470615579266710e-01
1.090875182514692843e-01, 3.439161794801210981e-01, 2.771098375858634943e-01, 2.698864646825461788e-01
1.089866131381982822e-01, 3.445847873550124119e-01, 2.768033608869711615e-01, 2.696252386198181306e-01
1.088875256739250535e-01, 3.452529142840493614e-01, 2.764961764364111674e-01, 2.693633836056142927e-01
1.087902635868733675e-01, 3.459205506433399302e-01, 2.761882858842568678e-01, 2.691008998855298207e-01
1.086948346104101432e-01, 3.465876867846541809e-01, 2.758796908900189582e-01, 2.688377877149168427e-01
1.086012464829839291e-01, 3.472543130354619478e-01, 2.755703931226356485e-01, 2.685740473589185995e-01
1.085095069480620650e-01, 3.479204196989715836e-01, 2.752603942604628928e-01, 2.683096790925034170e-01
1.084196237540665797e-01, 3.485859970541690944e-01, 2.749496959912651195e-01, 2.680446832004991231e-01
1.083316046543087163e-01, 3.492510353558576086e-01, 2.746383000122061269e-01, 2.677790599776276315e-01
1.082454574069222353e-01, 3.499155248346982883e-01, 2.743262080298403682e-01, 2.675128097285391915e-01
1.081611897747954271e-01, 3.505794556972524623e-01, 2.740134217601044031e-01, 2.672459327678477492e-01
1.080788095255014042e-01, 3.512428181260234816e-01, 2.736999429283091811e-01, 2.669784294201659747e-01
1.079983244312275742e-01, 3.519056022795000738e-01, 2.733857732691319931e-01, 2.667103000201404006e-01
1.079197422687032532e-01, 3.525677982922006404e-01, 2.730709145266093096e-01, 2.664415449124867830e-01
1.078430708191258913e-01, 3.532293962747182214e-01, 2.727553684541293433e-01, 2.661721644520263497e-01
1.077683178680862303e-01, 3.538903863137667916e-01, 2.724391368144258307e-01, 2.659021590037211613e-01
1.076954912054911978e-01, 3.545507584722274452e-01, 2.721222213795710387e-01, 2.656315289427104154e-01
1.076245986254861231e-01, 3.552105027891969136e-01, 2.718046239309702128e-01, 2.653602746543467505e-01
1.075556479263750226e-01, 3.558696092800364696e-01, 2.714863462593556376e-01, 2.650883965342328841e-01
1.074886469105391928e-01, 3.565280679364213889e-01, 2.711673901647813079e-01, 2.648158949882580826e-01
1.074236033843544713e-01, 3.571858687263920196e-01, 2.708477574566179324e-01, 2.645427704326355767e-01
1.073605251581069564e-01, 3.578430015944057963e-01, 2.705274499535481603e-01, 2.642690232939389761e-01
1.072994200459066738e-01, 3.584994564613903090e-01, 2.702064694835624725e-01, 2.639946540091406280e-01
1.072402958656000216e-01, 3.591552232247969823e-01, 2.698848178839547973e-01, 2.637196630256480323e-01
1.071831604386804249e-01, 3.598102917586570859e-01, 2.695624970013196786e-01, 2.634440508013428106e-01
1.071280215901970895e-01, 3.604646519136369687e-01, 2.692395086915482239e-01, 2.631678178046176764e-01
1.070748871486622289e-01, 3.611182935170964003e-01, 2.689158548198256615e-01, 2.628909645144155705e-01
1.070237649459565565e-01, 3.617712063731473582e-01, 2.685915372606285656e-01, 2.626134914202674087e-01
1.069746628172327935e-01, 3.624233802627130907e-01, 2.682665578977230236e-01, 2.623353990223311061e-01
1.069275886008175941e-01, 3.630748049435898461e-01, 2.679409186241623053e-01, 2.620566878314302128e-01
1.068825501381115289e-01, 3.637254701505091004e-01, 2.676146213422860853e-01, 2.617773583690933270e-01
1.068395552734871662e-01, 3.643753655952009507e-01, 2.672876679637188335e-01, 2.614974111675930635e-01
1.067986118541855156e-01, 3.650244809664593970e-01, 2.669600604093692042e-01, 2.612168467699858554e-01
1.067597277302101966e-01, 3.656728059302081779e-01, 2.666318006094299808e-01, 2.609356657301514781e-01
1.067229107542200101e-01, 3.663203301295688274e-01, 2.663028905033777427e-01, 2.606538686128332949e-01
1.066881687814194429e-01, 3.669670431849290093e-01, 2.659733320399735867e-01, 2.603714559936780581e-01
1.066555096694470628e-01, 3.676129346940130715e-01, 2.656431271772633496e-01, 2.600884284592765439e-01
1.066249412782621780e-01, 3.682579942319541555e-01, 2.653122778825794947e-01, 2.598047866072041856e-01
1.065964714700291943e-01, 3.689022113513667489e-01, 2.649807861325420566e-01, 2.595205310460619863e-01
1.065701081090002361e-01, 3.695455755824217370e-01, 2.646486539130606941e-01, 2.592356623955173189e-01
1.065458590613952983e-01, 3.701880764329225637e-01, 2.643158832193370222e-01, 2.589501812863452268e-01
1.065237321952805516e-01, 3.708297033883823368e-01, 2.639824760558668881e-01, 2.586640883604703900e-01
1.065037353804446779e-01, 3.714704459121032087e-01, 2.636484344364438681e-01, 2.583773842710082036e-01
1.064858764882725961e-01, 3.721102934452580335e-01, 2.633137603841623209e-01, 2.580900696823071327e-01
1.064701633916173978e-01, 3.727492354069709690e-01, 2.629784559314210513e-01, 2.578021452699905680e-01
1.064566039646699380e-01, 3.733872611944029085e-01, 2.626425231199276400e-01, 2.575136117209994580e-01
1.064452060828262325e-01, 3.740243601828360243e-01, 2.623059640007028848e-01, 2.572244697336349417e-01
1.064359776225525939e-01, 3.746605217257615306e-01, 2.619687806340854075e-01, 2.569347200176005375e-01
1.064289264612484076e-01, 3.752957351549685572e-01, 2.616309750897370390e-01, 2.566443632940459407e-01
1.064240604771069104e-01, 3.759299897806345769e-01, 2.612925494466487586e-01, 2.563534002956098234e-01
1.064213875489731509e-01, 3.765632748914177208e-01, 2.609535057931458568e-01, 2.560618317664632437e-01
1.064209155562001324e-01, 3.771955797545513689e-01, 2.606138462268950962e-01, 2.557696584623534997e-01
1.064226523785021250e-01, 3.778268936159392966e-01, 2.602735728549107064e-01, 2.554768811506478721e-01
1.064266058958060340e-01, 3.784572057002543177e-01, 2.599326877935620450e-01, 2.551835006103776449e-01
1.064327839880998133e-01, 3.790865052110371503e-01, 2.595911931685805918e-01, 2.548895176322824585e-01
1.064411945352789907e-01, 3.797147813307981679e-01, 2.592490911150679422e-01, 2.545949330188548854e-01
1.064518454169903483e-01, 3.803420232211208174e-01, 2.589063837775039123e-01, 2.542997475843847832e-01
1.064647445124731612e-01, 3.809682200227668680e-01, 2.585630733097553646e-01, 2.540039621550046478e-01
1.064798997003981451e-01, 3.815933608557834367e-01, 2.582191618750842577e-01, 2.537075775687343548e-01
1.064973188587034630e-01, 3.822174348196122895e-01, 2.578746516461578597e-01, 2.534105946755265681e-01
1.065170098644286634e-01, 3.828404309932015304e-01, 2.575295448050577418e-01, 2.531130143373122032e-01
1.065389805935455653e-01, 3.834623384351179554e-01, 2.571838435432899916e-01, 2.528148374280463351e-01
1.065632389207869929e-01, 3.840831461836634042e-01, 2.568375500617956497e-01, 2.525160648337538283e-01
1.065897927194722344e-01, 3.847028432569913892e-01, 2.564906665709607014e-01, 2.522166974525755778e-01
1.066186498613305444e-01, 3.853214186532267216e-01, 2.561431952906281229e-01, 2.519167361948145833e-01
1.066498182163215652e-01, 3.859388613505874699e-01, 2.557951384501082615e-01, 2.516161819829825785e-01
1.066833056524530698e-01, 3.865551603075089160e-01, 2.554464982881912705e-01, 2.513150357518468825e-01
1.067191200355960823e-01, 3.871703044627686774e-01, 2.550972770531585443e-01, 2.510132984484766405e-01
1.067572692292972913e-01, 3.877842827356164368e-01, 2.547474770027958746e-01, 2.507109710322906193e-01
1.067977610945882866e-01, 3.883970840259027835e-01, 2.543971004044053852e-01, 2.504080544751036697e-01
1.068406034897927542e-01, 3.890086972142135502e-01, 2.540461495348190768e-01, 2.501045497611745771e-01
1.068858042703300093e-01, 3.896191111620038727e-01, 2.536946266804123717e-01, 2.498004578872536352e-01
1.069333712885164461e-01, 3.902283147117361350e-01, 2.533425341371173256e-01, 2.494957798626301626e-01
1.069833123933633390e-01, 3.908362966870194133e-01, 2.529898742104369491e-01, 2.491905167091801598e-01
1.070356354303727137e-01, 3.914430458927520284e-01, 2.526366492154600296e-01, 2.488846694614151589e-01
1.070903482413293611e-01, 3.920485511152661529e-01, 2.522828614768749533e-01, 2.485782391665295743e-01
1.071474586640905474e-01, 3.926528011224744152e-01, 2.519285133289853595e-01, 2.482712268844497472e-01
1.072069745323724621e-01, 3.932557846640198362e-01, 2.515736071157255727e-01, 2.479636336878819902e-01
1.072689036755341135e-01, 3.938574904714283176e-01, 2.512181451906758123e-01, 2.476554606623618537e-01
1.073332539183574352e-01, 3.944579072582618529e-01, 2.508621299170783470e-01, 2.473467089063023094e-01
1.074000330808253800e-01, 3.950570237202773449e-01, 2.505055636678540365e-01, 2.470373795310433218e-01
1.074692489778961563e-01, 3.956548285355848682e-01, 2.501484488256182637e-01, 2.467274736609006147e-01
1.075409094192748827e-01, 3.962513103648112600e-01, 2.497907877826986978e-01, 2.464169924332151040e-01
1.076150222091819958e-01, 3.968464578512639895e-01, 2.494325829411515316e-01, 2.461059369984025524e-01
1.076915951461184934e-01, 3.974402596210995231e-01, 2.490738367127794950e-01, 2.457943085200025024e-01
1.077706360226283605e-01, 3.980327042834937989e-01, 2.487145515191495071e-01, 2.454821081747284583e-01
1.078521526250574847e-01, 3.986237804308144228e-01, 2.483547297916104402e-01, 2.451693371525177356e-01
1.079361527333097120e-01, 3.992134766387976375e-01, 2.479943739713117434e-01, 2.448559966565809765e-01
1.080226441205996840e-01, 3.998017814667261804e-01, 2.476334865092217619e-01, 2.445420879034525263e-01
1.081116345532021350e-01, 4.003886834576108056e-01, 2.472720698661464989e-01, 2.442276121230404218e-01
1.082031317901987200e-01, 4.009741711383753016e-01, 2.469101265127491840e-01, 2.439125705586768500e-01
1.082971435832207480e-01, 4.015582330200421768e-01, 2.465476589295689247e-01, 2.435969644671680256e-01
1.083936776761894039e-01, 4.021408575979243394e-01, 2.461846696070407459e-01, 2.432807951188455109e-01
1.084927418050522091e-01, 4.027220333518167772e-01, 2.458211610455153517e-01, 2.429640637976157314e-01
1.085943436975165405e-01, 4.033017487461930672e-01, 2.454571357552790822e-01, 2.426467718010112684e-01
1.086984910727795683e-01, 4.038799922304043832e-01, 2.450925962565743965e-01, 2.423289204402416241e-01
1.088051916412552250e-01, 4.044567522388807790e-01, 2.447275450796203011e-01, 2.420105110402437365e-01
1.089144531042974262e-01, 4.050320171913365797e-01, 2.443619847646331389e-01, 2.416915449397328275e-01
1.090262831539203087e-01, 4.056057754929784376e-01, 2.439959178618475444e-01, 2.413720234912537232e-01
1.091406894725149984e-01, 4.061780155347159971e-01, 2.436293469315377325e-01, 2.410519480612313969e-01
1.092576797325628263e-01, 4.067487256933761119e-01, 2.432622745440388423e-01, 2.407313200300223166e-01
1.093772615963454348e-01, 4.073178943319203937e-01, 2.428947032797686145e-01, 2.404101407919654876e-01
1.094994427156514155e-01, 4.078855097996658685e-01, 2.425266357292490682e-01, 2.400884117554337449e-01
1.096242307314791720e-01, 4.084515604325075766e-01, 2.421580744931286500e-01, 2.397661343428845460e-01
1.097516332737369787e-01, 4.090160345531469455e-01, 2.417890221822042995e-01, 2.394433099909117901e-01
1.098816579609389887e-01, 4.095789204713207177e-01, 2.414194814174437931e-01, 2.391199401502965560e-01
1.100143123998982425e-01, 4.101402064840347639e-01, 2.410494548300083639e-01, 2.387960262860587546e-01
1.101496041854158198e-01, 4.106998808758008934e-01, 2.406789450612752679e-01, 2.384715698775080328e-01
1.102875408999669238e-01, 4.112579319188766624e-01, 2.403079547628608204e-01, 2.381465724182956212e-01
1.104281301133830384e-01, 4.118143478735086238e-01, 2.399364865966431837e-01, 2.378210354164652929e-01
1.105713793825306851e-01, 4.123691169881793517e-01, 2.395645432347854598e-01, 2.374949603945045173e-01
1.107172962509872655e-01, 4.129222274998571307e-01, 2.391921273597592545e-01, 2.371683488893962799e-01
1.108658882487121300e-01, 4.134736676342500306e-01, 2.388192416643679095e-01, 2.368412024526699300e-01
1.110171628917153569e-01, 4.140234256060622009e-01, 2.384458888517698438e-01, 2.365135226504525012e-01
1.111711276817223121e-01, 4.145714896192548848e-01, 2.380720716355025912e-01, 2.361853110635201702e-01
1.113277901058346564e-01, 4.151178478673100414e-01, 2.376977927395060308e-01, 2.358565692873492714e-01
1.114871576361879946e-01, 4.156624885334978536e-01, 2.373230548981467569e-01, 2.355272989321673949e-01
1.116492377296059990e-01, 4.162053997911479564e-01, 2.369478608562415878e-01, 2.351975016230044568e-01
1.118140378272505092e-01, 4.167465698039234945e-01, 2.365722133690817686e-01, 2.348671789997442139e-01
1.119815653542686057e-01, 4.172859867260996780e-01, 2.361961152024571464e-01, 2.345363327171745560e-01
1.121518277194356733e-01, 4.178236387028455012e-01, 2.358195691326801513e-01, 2.342049644450387436e-01
1.123248323147949118e-01, 4.183595138705088479e-01, 2.354425779466100266e-01, 2.338730758680862554e-01
1.125005865152935436e-01, 4.188936003569059263e-01, 2.350651444416771707e-01, 2.335406686861234427e-01
1.126790976784147885e-01, 4.194258862816136468e-01, 2.346872714259075066e-01, 2.332077446140640997e-01
1.128603731438069940e-01, 4.199563597562662731e-01, 2.343089617179466011e-01, 2.328743053819802011e-01
1.130444202329083520e-01, 4.204850088848555711e-01, 2.339302181470842568e-01, 2.325403527351519450e-01
1.132312462485684790e-01, 4.210118217640342331e-01, 2.335510435532789086e-01, 2.322058884341182960e-01
1.134208584746663612e-01, 4.215367864834245193e-01, 2.331714407871817440e-01, 2.318709142547274171e-01
1.136132641757241907e-01, 4.220598911259284547e-01, 2.327914127101614050e-01, 2.315354319881859357e-01
1.138084705965181354e-01, 4.225811237680441312e-01, 2.324109621943281634e-01, 2.311994434411094590e-01
1.140064849616850562e-01, 4.231004724801842309e-01, 2.320300921225585122e-01, 2.308629504355721729e-01
1.142073144753257274e-01, 4.236179253269989342e-01, 2.316488053885192022e-01, 2.305259548091561361e-01
1.144109663206043098e-01, 4.241334703677028806e-01, 2.312671048966918885e-01, 2.301884584150008795e-01
1.146174476593443819e-01, 4.246470956564057375e-01, 2.308849935623970562e-01, 2.298504631218527550e-01
1.148267656316210861e-01, 4.251587892424469328e-01, 2.305024743118185282e-01, 2.295119708141134252e-01
1.150389273553496239e-01, 4.256685391707337174e-01, 2.301195500820273909e-01, 2.291729833918892401e-01
1.152539399258702690e-01, 4.261763334820841131e-01, 2.297362238210060859e-01, 2.288335027710396152e-01
1.154718104155296743e-01, 4.266821602135728031e-01, 2.293524984876725292e-01, 2.284935308832250767e-01
1.156925458732583067e-01, 4.271860073988816842e-01, 2.289683770519038708e-01, 2.281530696759560828e-01
1.159161533241445941e-01, 4.276878630686545835e-01, 2.285838624945604192e-01, 2.278121211126404033e-01
1.161426397690051571e-01, 4.281877152508548612e-01, 2.281989578075089564e-01, 2.274706871726309976e-01
1.163720121839514759e-01, 4.286855519711281759e-01, 2.278136659936468300e-01, 2.271287698512735598e-01
1.166042775199529064e-01, 4.291813612531690802e-01, 2.274279900669249066e-01, 2.267863711599531762e-01
1.168394427023962678e-01, 4.296751311190908362e-01, 2.270419330523711365e-01, 2.264434931261418149e-01
1.170775146306413522e-01, 4.301668495898007261e-01, 2.266554979861135355e-01, 2.261001377934444834e-01
1.173185001775732261e-01, 4.306565046853780276e-01, 2.262686879154030273e-01, 2.257563072216456357e-01
1.175624061891509253e-01, 4.311440844254570970e-01, 2.258815058986366753e-01, 2.254120034867552469e-01
1.178092394839521245e-01, 4.316295768296137814e-01, 2.254939550053796649e-01, 2.250672286810544709e-01
1.180590068527145042e-01, 4.321129699177567729e-01, 2.251060383163880907e-01, 2.247219849131406877e-01
1.183117150578739396e-01, 4.325942517105221818e-01, 2.247177589236311890e-01, 2.243762743079727728e-01
1.185673708330980541e-01, 4.330734102296729948e-01, 2.243291199303130701e-01, 2.240300990069158671e-01
1.188259808828173170e-01, 4.335504334985026409e-01, 2.239401244508946731e-01, 2.236834611677854245e-01
1.190875518817518242e-01, 4.340253095422418883e-01, 2.235507756111151101e-01, 2.233363629648910664e-01
1.193520904744350547e-01, 4.344980263884711813e-01, 2.231610765480132597e-01, 2.229888065890805182e-01
1.196196032747335325e-01, 4.349685720675359746e-01, 2.227710304099481675e-01, 2.226407942477823532e-01
1.198900968653636434e-01, 4.354369346129671192e-01, 2.223806403566203904e-01, 2.222923281650487637e-01
1.201635777974043306e-01, 4.359031020619049679e-01, 2.219899095590922855e-01, 2.219434105815983882e-01
1.204400525898067092e-01, 4.363670624555279765e-01, 2.215988411998078000e-01, 2.215940437548576392e-01
1.207195277288998780e-01, 4.368288038394849693e-01, 2.212074384726127052e-01, 2.212442299590023920e-01
1.210020096678937479e-01, 4.372883142643328447e-01, 2.208157045827742193e-01, 2.208939714849992575e-01
1.212875048263778038e-01, 4.377455817859767784e-01, 2.204236427469997706e-01, 2.205432706406456611e-01
1.215760195898170914e-01, 4.382005944661165331e-01, 2.200312561934561484e-01, 2.201921297506103936e-01
1.218675603090440401e-01, 4.386533403726949332e-01, 2.196385481617880719e-01, 2.198405511564730241e-01
1.221621332997479270e-01, 4.391038075803528895e-01, 2.192455219031361757e-01, 2.194885372167630078e-01
1.224597448419597751e-01, 4.395519841708868669e-01, 2.188521806801549119e-01, 2.191360903069984323e-01
1.227604011795348921e-01, 4.399978582337111810e-01, 2.184585277670298697e-01, 2.187832128197240156e-01
1.230641085196316070e-01, 4.404414178663248469e-01, 2.180645664494946789e-01, 2.184299071645487422e-01
1.233708730321867036e-01, 4.408826511747825361e-01, 2.176703000248479125e-01, 2.180761757681829449e-01
1.236807008493876758e-01, 4.413215462741689743e-01, 2.172757318019687689e-01, 2.177220210744745532e-01
1.239935980651419023e-01, 4.417580912890793354e-01, 2.168808651013333921e-01, 2.173674455444454257e-01
1.243095707345421158e-01, 4.421922743541021328e-01, 2.164857032550295268e-01, 2.170124516563262662e-01
1.246286248733290414e-01, 4.426240836143073842e-01, 2.160902496067718115e-01, 2.166570419055918184e-01
1.249507664573509258e-01, 4.430535072257387186e-01, 2.156945075119159616e-01, 2.163012188049944218e-01
1.252760014220194729e-01, 4.434805333559096452e-01, 2.152984803374726197e-01, 2.159449848845983455e-01
1.256043356617630169e-01, 4.439051501843044312e-01, 2.149021714621206502e-01, 2.155883426918120405e-01
1.259357750294765599e-01, 4.443273459028824202e-01, 2.145055842762203513e-01, 2.152312947914206687e-01
1.262703253359685751e-01, 4.447471087165881243e-01, 2.141087221818255282e-01, 2.148738437656177447e-01
1.266079923494049797e-01, 4.451644268438635921e-01, 2.137115885926951508e-01, 2.145159922140363329e-01
1.269487817947497488e-01, 4.455792885171662721e-01, 2.133141869343052055e-01, 2.141577427537786071e-01
1.272926993532031703e-01, 4.459916819834914836e-01, 2.129165206438589364e-01, 2.137990980194464374e-01
1.276397506616363531e-01, 4.464015955048972750e-01, 2.125185931702968933e-01, 2.134400606631695063e-01
1.279899413120234863e-01, 4.468090173590354985e-01, 2.121204079743071180e-01, 2.130806333546338693e-01
1.283432768508709632e-01, 4.472139358396859943e-01, 2.117219685283337205e-01, 2.127208187811093221e-01
1.286997627786435339e-01, 4.476163392572951039e-01, 2.113232783165851225e-01, 2.123606196474762675e-01
1.290594045491880448e-01, 4.480162159395185140e-01, 2.109243408350421345e-01, 2.120000386762514177e-01
1.294222075691537077e-01, 4.484135542317681522e-01, 2.105251595914649221e-01, 2.116390786076131902e-01
1.297881771974106202e-01, 4.488083424977635794e-01, 2.101257381053996121e-01, 2.112777421994261606e-01
1.301573187444646784e-01, 4.492005691200866568e-01, 2.097260799081840654e-01, 2.109160322272646271e-01
1.305296374718702690e-01, 4.495902225007413766e-01, 2.093261885429529290e-01, 2.105539514844353977e-01
1.309051385916404353e-01, 4.499772910617173549e-01, 2.089260675646423537e-01, 2.101915027819998838e-01
1.312838272656541572e-01, 4.503617632455570452e-01, 2.085257205399935476e-01, 2.098286889487953055e-01
1.316657086050612158e-01, 4.507436275159276695e-01, 2.081251510475561617e-01, 2.094655128314549808e-01
1.320507876696848937e-01, 4.511228723581969802e-01, 2.077243626776904273e-01, 2.091019772944277544e-01
1.324390694674215663e-01, 4.514994862800127406e-01, 2.073233590325687659e-01, 2.087380852199969550e-01
1.328305589536386000e-01, 4.518734578118867584e-01, 2.069221437261770102e-01, 2.083738395082975758e-01
1.332252610305695584e-01, 4.522447755077827480e-01, 2.065207203843140715e-01, 2.080092430773335388e-01
1.336231805467067157e-01, 4.526134279457078580e-01, 2.061190926445919946e-01, 2.076442988629934039e-01
1.340243222961921277e-01, 4.529794037283084718e-01, 2.057172641564336546e-01, 2.072790098190657460e-01
1.344286910182059258e-01, 4.533426914834698951e-01, 2.053152385810714242e-01, 2.069133789172526161e-01
1.348362913963525866e-01, 4.537032798649204834e-01, 2.049130195915438157e-01, 2.065474091471832252e-01
1.352471280580449520e-01, 4.540611575528379351e-01, 2.045106108726913452e-01, 2.061811035164256567e-01
1.356612055738866396e-01, 4.544163132544621897e-01, 2.041080161211525912e-01, 2.058144650504985240e-01
1.360785284570516784e-01, 4.547687357047094370e-01, 2.037052390453580331e-01, 2.054474967928807683e-01
1.364991011626631445e-01, 4.551184136667915658e-01, 2.033022833655242223e-01, 2.050802018050211228e-01
1.369229280871687715e-01, 4.554653359328391105e-01, 2.028991528136461775e-01, 2.047125831663459405e-01
1.373500135677158396e-01, 4.558094913245276381e-01, 2.024958511334895850e-01, 2.043446439742667986e-01
1.377803618815234554e-01, 4.561508686937084112e-01, 2.020923820805817506e-01, 2.039763873441864384e-01
1.382139772452534721e-01, 4.564894569230416033e-01, 2.016887494222013300e-01, 2.036078164095035115e-01
1.386508638143794658e-01, 4.568252449266350657e-01, 2.012849569373683922e-01, 2.032389343216170485e-01
1.390910256825544367e-01, 4.571582216506847041e-01, 2.008810084168316801e-01, 2.028697442499290404e-01
1.395344668809766764e-01, 4.574883760741200178e-01, 2.004769076630567859e-01, 2.025002493818464366e-01
1.399811913777542216e-01, 4.578156972092520260e-01, 2.000726584902120242e-01, 2.021304529227817282e-01
1.404312030772677244e-01, 4.581401741024259122e-01, 1.996682647241538044e-01, 2.017603580961524756e-01
1.408845058195322408e-01, 4.584617958346760558e-01, 1.992637302024116708e-01, 2.013899681433800049e-01
1.413411033795572980e-01, 4.587805515223852271e-01, 1.988590587741709825e-01, 2.010192863238864369e-01
1.418009994667061013e-01, 4.590964303179469463e-01, 1.984542543002558446e-01, 2.006483159150910800e-01
1.422641977240532152e-01, 4.594094214104311735e-01, 1.980493206531104278e-01, 2.002770602124051835e-01
1.427307017277413270e-01, 4.597195140262536062e-01, 1.976442617167794014e-01, 1.999055225292257487e-01
1.432005149863369020e-01, 4.600266974298476974e-01, 1.972390813868870885e-01, 1.995337061969283121e-01
1.436736409401846992e-01, 4.603309609243410594e-01, 1.968337835706161776e-01, 1.991616145648581748e-01
1.441500829607613721e-01, 4.606322938522335320e-01, 1.964283721866846855e-01, 1.987892510003204105e-01
1.446298443500287634e-01, 4.609306855960797478e-01, 1.960228511653223094e-01, 1.984166188885691795e-01
1.451129283397853131e-01, 4.612261255791743619e-01, 1.956172244482455580e-01, 1.980437216327948224e-01
1.455993380910178270e-01, 4.615186032662395021e-01, 1.952114959886316614e-01, 1.976705626541109539e-01
1.460890766932520513e-01, 4.618081081641175478e-01, 1.948056697510914814e-01, 1.972971453915389473e-01
1.465821471639025264e-01, 4.620946298224639648e-01, 1.943997497116414785e-01, 1.969234733019920303e-01
1.470785524476223016e-01, 4.623781578344451915e-01, 1.939937398576743743e-01, 1.965495498602581326e-01
1.475782954156523441e-01, 4.626586818374387455e-01, 1.935876441879284537e-01, 1.961753785589805399e-01
1.480813788651697549e-01, 4.629361915137357730e-01, 1.931814667124562013e-01, 1.958009629086382430e-01
1.485878055186367064e-01, 4.632106765912474833e-01, 1.927752114525915217e-01, 1.954263064375242331e-01
1.490975780231486858e-01, 4.634821268442125830e-01, 1.923688824409157394e-01, 1.950514126917229363e-01
1.496106989497823780e-01, 4.637505320939093734e-01, 1.919624837212224877e-01, 1.946762852350858719e-01
1.501271707929438537e-01, 4.640158822093684021e-01, 1.915560193484813767e-01, 1.943009276492063397e-01
1.506469959697170902e-01, 4.642781671080900008e-01, 1.911494933888006342e-01, 1.939253435333923858e-01
1.511701768192115214e-01, 4.645373767567618772e-01, 1.907429099193881650e-01, 1.935495365046384642e-01
1.516967156019110030e-01, 4.647935011719811493e-01, 1.903362730285118598e-01, 1.931735101975959323e-01
1.522266144990222503e-01, 4.650465304209775996e-01, 1.899295868154582401e-01, 1.927972682645417990e-01
1.527598756118237755e-01, 4.652964546223397613e-01, 1.895228553904903246e-01, 1.924208143753461386e-01
1.532965009610154916e-01, 4.655432639467427802e-01, 1.891160828748034428e-01, 1.920441522174382298e-01
1.538364924860686489e-01, 4.657869486176794416e-01, 1.887092734004810479e-01, 1.916672854957709171e-01
1.543798520445762434e-01, 4.660274989121918621e-01, 1.883024311104479209e-01, 1.912902179327840013e-01
1.549265814116044804e-01, 4.662649051616071239e-01, 1.878955601584229307e-01, 1.909129532683655484e-01
1.554766822790445979e-01, 4.664991577522729638e-01, 1.874886647088703506e-01, 1.905354952598120877e-01
1.560301562549655796e-01, 4.667302471262969599e-01, 1.870817489369499265e-01, 1.901578476817874785e-01
1.565870048629683653e-01, 4.669581637822864950e-01, 1.866748170284651398e-01, 1.897800143262798611e-01
1.571472295415404230e-01, 4.671828982760913851e-01, 1.862678731798110277e-01, 1.894019990025572198e-01
1.577108316434113200e-01, 4.674044412215475064e-01, 1.858609215979196150e-01, 1.890238055371214754e-01
1.582778124349105142e-01, 4.676227832912229210e-01, 1.854539665002053195e-01, 1.886454377736613008e-01
1.588481730953253401e-01, 4.678379152171643351e-01, 1.850470121145075808e-01, 1.882668995730025774e-01
1.594219147162609374e-01, 4.680498277916468886e-01, 1.846400626790336286e-01, 1.878881948130586566e-01
1.599990383010013728e-01, 4.682585118679232772e-01, 1.842331224422981972e-01, 1.875093273887771805e-01
1.605795447638728168e-01, 4.684639583609760405e-01, 1.838261956630637683e-01, 1.871303012120874576e-01
1.611634349296075519e-01, 4.686661582482702926e-01, 1.834192866102777597e-01, 1.867511202118444513e-01
1.617507095327108402e-01, 4.688651025705073971e-01, 1.830123995630096589e-01, 1.863717883337720482e-01
1.623413692168283462e-01, 4.690607824323811403e-01, 1.826055388103856036e-01, 1.859923095404049098e-01
1.629354145341165572e-01, 4.692531890033329045e-01, 1.821987086515226006e-01, 1.856126878110278544e-01
1.635328459446149796e-01, 4.694423135183096174e-01, 1.817919133954607469e-01, 1.852329271416146561e-01
1.641336638156197236e-01, 4.696281472785219235e-01, 1.813851573610940626e-01, 1.848530315447642902e-01
1.647378684210605293e-01, 4.698106816522031326e-01, 1.809784448771002419e-01, 1.844730050496361240e-01
1.653454599408792081e-01, 4.699899080753687231e-01, 1.805717802818687656e-01, 1.840928517018833865e-01
1.659564384604106657e-01, 4.701658180525771225e-01, 1.801651679234274606e-01, 1.837125755635847790e-01
1.665708039697669507e-01, 4.703384031576905433e-01, 1.797586121593680586e-01, 1.833321807131743642e-01
1.671885563632231619e-01, 4.705076550346366515e-01, 1.793521173567698690e-01, 1.829516712453703731e-01
1.678096954386063544e-01, 4.706735653981700129e-01, 1.789456878921222294e-01, 1.825710512711014588e-01
1.684342208966876364e-01, 4.708361260346348165e-01, 1.785393281512454300e-01, 1.821903249174319783e-01
1.690621323405769039e-01, 4.709953288027270979e-01, 1.781330425292105002e-01, 1.818094963274855258e-01
1.696934292751199058e-01, 4.711511656342571852e-01, 1.777268354302569409e-01, 1.814285696603659126e-01
1.703281111062997788e-01, 4.713036285349126997e-01, 1.773207112677095687e-01, 1.810475490910779528e-01
1.709661771406405795e-01, 4.714527095850208349e-01, 1.769146744638935287e-01, 1.806664388104450569e-01
1.716076265846147586e-01, 4.715984009403108579e-01, 1.765087294500483073e-01, 1.802852430250259375e-01
1.722524585440540490e-01, 4.717406948326768878e-01, 1.761028806662394142e-01, 1.799039659570295657e-01
1.729006720235632955e-01, 4.718795835709389541e-01, 1.756971325612696200e-01, 1.795226118442280749e-01
1.735522659259385869e-01, 4.720150595416052752e-01, 1.752914895925880290e-01, 1.791411849398681089e-01
1.742072390515887748e-01, 4.721471152096329282e-01, 1.748859562261977918e-01, 1.787596895125804497e-01
1.748655900979608213e-01, 4.722757431191886290e-01, 1.744805369365626524e-01, 1.783781298462878973e-01
1.755273176589689510e-01, 4.724009358944081804e-01, 1.740752362065115799e-01, 1.779965102401113164e-01
1.761924202244284365e-01, 4.725226862401553651e-01, 1.736700585271421793e-01, 1.776148350082741023e-01
1.768608961794922441e-01, 4.726409869427806165e-01, 1.732650083977225475e-01, 1.772331084800046197e-01
1.775327438040934513e-01, 4.727558308708775248e-01, 1.728600903255916588e-01, 1.768513349994373929e-01
1.782079612723909412e-01, 4.728672109760390097e-01, 1.724553088260581957e-01, 1.764695189255117980e-01
1.788865466522197301e-01, 4.729751202936126053e-01, 1.720506684222980198e-01, 1.760876646318696170e-01
1.795684979045462648e-01, 4.730795519434534691e-01, 1.716461736452498943e-01, 1.757057765067504551e-01
1.802538128829277997e-01, 4.731804991306765018e-01, 1.712418290335099291e-01, 1.753238589528857694e-01
1.809424893329767692e-01, 4.732779551464079693e-01, 1.708376391332246669e-01, 1.749419163873905669e-01
1.816345248918301292e-01, 4.733719133685334035e-01, 1.704336084979822530e-01, 1.745599532416540478e-01
1.823299170876236386e-01, 4.734623672624463375e-01, 1.700297416887024127e-01, 1.741779739612275835e-01
1.830286633389708872e-01, 4.735493103817924876e-01, 1.696260432735249013e-01, 1.737959830057117516e-01
1.837307609544478748e-01, 4.736327363692146575e-01, 1.692225178276963449e-01, 1.734139848486411783e-01
1.844362071320826413e-01, 4.737126389570942009e-01, 1.688191699334557205e-01, 1.730319839773674373e-01
1.851449989588503930e-01, 4.737890119682903745e-01, 1.684160041799184770e-01, 1.726499848929408665e-01
1.858571334101740413e-01, 4.738618493168779700e-01, 1.680130251629584071e-01, 1.722679921099896094e-01
1.865726073494302917e-01, 4.739311450088827260e-01, 1.676102374850892696e-01, 1.718860101565976573e-01
1.872914175274617010e-01, 4.739968931430132981e-01, 1.672076457553439699e-01, 1.715040435741809199e-01
1.880135605820940636e-01, 4.740590879113923961e-01, 1.668052545891522409e-01, 1.711220969173613826e-01
1.887390330376599590e-01, 4.741177236002830364e-01, 1.664030686082177968e-01, 1.707401747538391801e-01
1.894678313045284612e-01, 4.741727945908149056e-01, 1.660010924403928223e-01, 1.703582816642638664e-01
1.901999516786408162e-01, 4.742242953597046173e-01, 1.655993307195516850e-01, 1.699764222421029647e-01
1.909353903410520026e-01, 4.742722204799760810e-01, 1.651977880854630931e-01, 1.695946010935089066e-01
1.916741433574792874e-01, 4.743165646216754849e-01, 1.647964691836606432e-01, 1.692128228371847232e-01
1.924162066778564995e-01, 4.743573225525842263e-01, 1.643953786653117310e-01, 1.688310921042474599e-01
1.931615761358956296e-01, 4.743944891389287877e-01, 1.639945211870859620e-01, 1.684494135380897040e-01
1.939102474486538719e-01, 4.744280593460856177e-01, 1.635939014110203982e-01, 1.680677917942400013e-01
1.946622162161088521e-01, 4.744580282392851234e-01, 1.631935240043850543e-01, 1.676862315402209702e-01
1.954174779207394907e-01, 4.744843909843088903e-01, 1.627933936395460635e-01, 1.673047374554055555e-01
1.961760279271142493e-01, 4.745071428481860143e-01, 1.623935149938273981e-01, 1.669233142308722828e-01
1.969378614814868700e-01, 4.745262791998838270e-01, 1.619938927493715652e-01, 1.665419665692576268e-01
1.977029737113983610e-01, 4.745417955109953456e-01, 1.615945315929985249e-01, 1.661606991846077686e-01
1.984713596252866696e-01, 4.745536873564221159e-01, 1.611954362160633869e-01, 1.657795168022278831e-01
1.992430141121039888e-01, 4.745619504150538348e-01, 1.607966113143124987e-01, 1.653984241585297055e-01
2.000179319409409184e-01, 4.745665804704424229e-01, 1.603980615877385052e-01, 1.650174260008781257e-01
2.007961077606587041e-01, 4.745675734114730426e-01, 1.599997917404334113e-01, 1.646365270874348696e-01
2.015775360995285537e-01, 4.745649252330290113e-01, 1.596018064804409220e-01, 1.642557321870014853e-01
2.023622113648793075e-01, 4.745586320366537159e-01, 1.592041105196069783e-01, 1.638750460788600538e-01
2.031501278427524371e-01, 4.745486900312063105e-01, 1.588067085734287676e-01, 1.634944735526124571e-01
2.039412796975652309e-01, 4.745350955335137511e-01, 1.584096053609031773e-01, 1.631140194080177297e-01
2.047356609717818909e-01, 4.745178449690170552e-01, 1.580128056043730023e-01, 1.627336884548281626e-01
2.055332655855929558e-01, 4.744969348724124569e-01, 1.576163140293717069e-01, 1.623534855126228249e-01
2.063340873366026063e-01, 4.744723618882885074e-01, 1.572201353644684385e-01, 1.619734154106405311e-01
2.071381198995245754e-01, 4.744441227717555720e-01, 1.568242743411094597e-01, 1.615934829876104206e-01
2.079453568258864404e-01, 4.744122143890724952e-01, 1.564287356934599693e-01, 1.612136930915811228e-01
2.087557915437422140e-01, 4.743766337182658832e-01, 1.560335241582438692e-01, 1.608340505797479780e-01
2.095694173573936503e-01, 4.743373778497445570e-01, 1.556386444745825048e-01, 1.604545603182792879e-01
2.103862274471203497e-01, 4.742944439869076212e-01, 1.552441013838317119e-01, 1.600752271821401507e-01
2.112062148689185792e-01, 4.742478294467478150e-01, 1.548498996294183361e-01, 1.596960560549152419e-01
2.120293725542485574e-01, 4.741975316604470359e-01, 1.544560439566747545e-01, 1.593170518286297355e-01
2.128556933097915660e-01, 4.741435481739674773e-01, 1.540625391126724808e-01, 1.589382194035686147e-01
2.136851698172150538e-01, 4.740858766486353293e-01, 1.536693898460547436e-01, 1.585595636880947901e-01
2.145177946329480390e-01, 4.740245148617195370e-01, 1.532766009068673441e-01, 1.581810895984650245e-01
2.153535601879645045e-01, 4.739594607070021781e-01, 1.528841770463887917e-01, 1.578028020586445812e-01
2.161924587875768689e-01, 4.738907121953436219e-01, 1.524921230169587472e-01, 1.574247060001207066e-01
2.170344826112388104e-01, 4.738182674552411378e-01, 1.521004435718060765e-01, 1.570468063617139198e-01
2.178796237123572788e-01, 4.737421247333798435e-01, 1.517091434648746573e-01, 1.566691080893881649e-01
2.187278740181144154e-01, 4.736622823951769368e-01, 1.513182274506491010e-01, 1.562916161360595468e-01
2.195792253292982721e-01, 4.735787389253199309e-01, 1.509277002839785886e-01, 1.559143354614033194e-01
2.204336693201446595e-01, 4.734914929282960649e-01, 1.505375667198999567e-01, 1.555372710316593465e-01
2.212911975381873508e-01, 4.734005431289164401e-01, 1.501478315134595620e-01, 1.551604278194365638e-01
2.221518014041191924e-01, 4.733058883728312738e-01, 1.497584994195341190e-01, 1.547838108035155258e-01
2.230154722116624855e-01, 4.732075276270376052e-01, 1.493695751926503446e-01, 1.544074249686496203e-01
2.238822011274497203e-01, 4.731054599803813931e-01, 1.489810635868038247e-01, 1.540312753053650063e-01
2.247519791909146358e-01, 4.729996846440497893e-01, 1.485929693552763553e-01, 1.536553668097592473e-01
2.256247973141925489e-01, 4.728902009520566385e-01, 1.482052972504527555e-01, 1.532797044832980016e-01
2.265006462820322308e-01, 4.727770083617200969e-01, 1.478180520236366258e-01, 1.529042933326111575e-01
2.273795167517166926e-01, 4.726601064541319230e-01, 1.474312384248644969e-01, 1.525291383692869429e-01
2.282613992529957114e-01, 4.725394949346192197e-01, 1.470448612027200064e-01, 1.521542446096650902e-01
2.291462841880276269e-01, 4.724151736331975715e-01, 1.466589251041463260e-01, 1.517796170746284479e-01
2.300341618313325454e-01, 4.722871425050158001e-01, 1.462734348742580071e-01, 1.514052607893936475e-01
2.309250223297555082e-01, 4.721554016307926704e-01, 1.458883952561518538e-01, 1.510311807832999675e-01
2.318188557024406515e-01, 4.720199512172449374e-01, 1.455038109907169364e-01, 1.506573820895975302e-01
2.327156518408154962e-01, 4.718807915975071765e-01, 1.451196868164435494e-01, 1.502838697452336669e-01
2.336154005085877838e-01, 4.717379232315417892e-01, 1.447360274692316706e-01, 1.499106487906387841e-01
2.345180913417499735e-01, 4.715913467065417364e-01, 1.443528376821983095e-01, 1.495377242695101472e-01
2.354237138485978376e-01, 4.714410627373230578e-01, 1.439701221854839397e-01, 1.491651012285952482e-01
2.363322574097580786e-01, 4.712870721667096752e-01, 1.435878857060585434e-01, 1.487927847174737306e-01
2.372437112782274926e-01, 4.711293759659077041e-01, 1.432061329675266004e-01, 1.484207797883382030e-01
2.381580645794233453e-01, 4.709679752348716053e-01, 1.428248686899313280e-01, 1.480490914957736381e-01
2.390753063112443511e-01, 4.708028712026610108e-01, 1.424440975895582273e-01, 1.476777248965362999e-01
2.399954253441433649e-01, 4.706340652277874459e-01, 1.420638243787380739e-01, 1.473066850493311986e-01
2.409184104212107047e-01, 4.704615587985521707e-01, 1.416840537656488264e-01, 1.469359770145882427e-01
2.418442501582696025e-01, 4.702853535333749169e-01, 1.413047904541175070e-01, 1.465656058542381401e-01
2.427729330439812594e-01, 4.701054511811114112e-01, 1.409260391434207504e-01, 1.461955766314864680e-01
2.437044474399635841e-01, 4.699218536213636277e-01, 1.405478045280852684e-01, 1.458258944105875199e-01
2.446387815809189514e-01, 4.697345628647771609e-01, 1.401700912976874269e-01, 1.454565642566164052e-01
2.455759235747751734e-01, 4.695435810533316601e-01, 1.397929041366522962e-01, 1.450875912352408981e-01
2.465158614028367112e-01, 4.693489104606189954e-01, 1.394162477240522002e-01, 1.447189804124919266e-01
2.474585829199479614e-01, 4.691505534921133203e-01, 1.390401267334050173e-01, 1.443507368545336456e-01
2.484040758546679772e-01, 4.689485126854286978e-01, 1.386645458324711755e-01, 1.439828656274322050e-01
2.493523278094565143e-01, 4.687427907105687352e-01, 1.382895096830510651e-01, 1.436153717969236299e-01
2.503033262608724274e-01, 4.685333903701643377e-01, 1.379150229407817563e-01, 1.432482604281814231e-01
2.512570585597816986e-01, 4.683203145997025252e-01, 1.375410902549326908e-01, 1.428815365855831410e-01
2.522135119315800367e-01, 4.681035664677423158e-01, 1.371677162682019002e-01, 1.425152053324757473e-01
2.531726734764245812e-01, 4.678831491761230033e-01, 1.367949056165111976e-01, 1.421492717309410792e-01
2.541345301694783454e-01, 4.676590660601603888e-01, 1.364226629288012582e-01, 1.417837408415599521e-01
2.550990688611666224e-01, 4.674313205888312450e-01, 1.360509928268263391e-01, 1.414186177231757935e-01
2.560662762774444379e-01, 4.671999163649492304e-01, 1.356798999249486382e-01, 1.410539074326576936e-01
2.570361390200761043e-01, 4.669648571253285363e-01, 1.353093888299325143e-01, 1.406896150246628452e-01
2.580086435669265432e-01, 4.667261467409368758e-01, 1.349394641407384576e-01, 1.403257455513982344e-01
2.589837762722642100e-01, 4.664837892170374256e-01, 1.345701304483165328e-01, 1.399623040623819148e-01
2.599615233670758419e-01, 4.662377886933204429e-01, 1.342013923354000715e-01, 1.395992956042036159e-01
2.609418709593932517e-01, 4.659881494440228922e-01, 1.338332543762989213e-01, 1.392367252202850736e-01
2.619248050346312806e-01, 4.657348758780366915e-01, 1.334657211366925555e-01, 1.388745979506395833e-01
2.629103114559383503e-01, 4.654779725390071898e-01, 1.330987971734232944e-01, 1.385129188316311932e-01
2.638983759645581739e-01, 4.652174441054189868e-01, 1.327324870342891094e-01, 1.381516928957336188e-01
2.648889841802034573e-01, 4.649532953906710397e-01, 1.323667952578366225e-01, 1.377909251712887972e-01
2.658821216014416455e-01, 4.646855313431400569e-01, 1.320017263731539103e-01, 1.374306206822645260e-01
2.668777736060918282e-01, 4.644141570462321233e-01, 1.316372848996635314e-01, 1.370707844480125170e-01
2.678759254516344113e-01, 4.641391777184245004e-01, 1.312734753469152194e-01, 1.367114214830258967e-01
2.688765622756317808e-01, 4.638605987132933262e-01, 1.309103022143790762e-01, 1.363525367966958168e-01
2.698796690961605682e-01, 4.635784255195319892e-01, 1.305477699912384326e-01, 1.359941353930689545e-01
2.708852308122566832e-01, 4.632926637609565690e-01, 1.301858831561829855e-01, 1.356362222706038734e-01
2.718932322043712269e-01, 4.630033191964991746e-01, 1.298246461772021298e-01, 1.352788024219273855e-01
2.729036579348382285e-01, 4.627103977201920126e-01, 1.294640635113785687e-01, 1.349218808335912179e-01
2.739164925483544843e-01, 4.624139053611363015e-01, 1.291041396046813117e-01, 1.345654624858279302e-01
2.749317204724707753e-01, 4.621138482834615258e-01, 1.287448788917604781e-01, 1.342095523523071932e-01
2.759493260180948537e-01, 4.618102327862728118e-01, 1.283862857957406012e-01, 1.338541553998917888e-01
2.769692933800058654e-01, 4.615030653035852026e-01, 1.280283647280153758e-01, 1.334992765883936117e-01
2.779916066373809280e-01, 4.611923524042471079e-01, 1.276711200880422115e-01, 1.331449208703296694e-01
2.790162497543326459e-01, 4.608781007918515416e-01, 1.273145562631375349e-01, 1.327910931906782499e-01
2.800432065804585591e-01, 4.605603173046348697e-01, 1.269586776282715934e-01, 1.324377984866350055e-01
2.810724608514022504e-01, 4.602390089153638453e-01, 1.266034885458650061e-01, 1.320850416873689259e-01
2.821039961894252213e-01, 4.599141827312114850e-01, 1.262489933655842056e-01, 1.317328277137790604e-01
2.831377961039913127e-01, 4.595858459936190688e-01, 1.258951964241387111e-01, 1.313811614782508519e-01
2.841738439923617299e-01, 4.592540060781475919e-01, 1.255421020450779579e-01, 1.310300478844127481e-01
2.852121231402014456e-01, 4.589186704943162831e-01, 1.251897145385889032e-01, 1.306794918268932293e-01
2.862526167221974283e-01, 4.585798468854300758e-01, 1.248380382012944795e-01, 1.303294981910779471e-01
2.872953078026878049e-01, 4.582375430283929241e-01, 1.244870773160520472e-01, 1.299800718528672239e-01
2.883401793363022381e-01, 4.578917668335110158e-01, 1.241368361517530688e-01, 1.296312176784338577e-01
2.893872141686134603e-01, 4.575425263442827739e-01, 1.237873189631226861e-01, 1.292829405239810103e-01
2.904363950368007985e-01, 4.571898297371769782e-01, 1.234385299905209066e-01, 1.289352452355012890e-01
2.914877045703226366e-01, 4.568336853213988413e-01, 1.230904734597434574e-01, 1.285881366485350508e-01
2.925411252916026994e-01, 4.564741015386430401e-01, 1.227431535818239994e-01, 1.282416195879302334e-01
2.935966396167249415e-01, 4.561110869628358100e-01, 1.223965745528370203e-01, 1.278956988676021589e-01
2.946542298561407036e-01, 4.557446502998641069e-01, 1.220507405537013118e-01, 1.275503792902939471e-01
2.957138782153860279e-01, 4.553748003872926664e-01, 1.217056557499842651e-01, 1.272056656473371239e-01
2.967755667958102972e-01, 4.550015461940687400e-01, 1.213613242917071650e-01, 1.268615627184138117e-01
2.978392775953148663e-01, 4.546248968202153407e-01, 1.210177503131513455e-01, 1.265180752713183365e-01
2.989049925091034621e-01, 4.542448614965114984e-01, 1.206749379326648997e-01, 1.261752080617202509e-01
2.999726933304410204e-01, 4.538614495841601926e-01, 1.203328912524707917e-01, 1.258329658329278011e-01
3.010423617514261796e-01, 4.534746705744460149e-01, 1.199916143584755512e-01, 1.254913533156522265e-01
3.021139793637708237e-01, 4.530845340883775108e-01, 1.196511113200791065e-01, 1.251503752277724757e-01
3.031875276595927815e-01, 4.526910498763204727e-01, 1.193113861899855604e-01, 1.248100362741010189e-01
3.042629880322165747e-01, 4.522942278176174669e-01, 1.189724430040152020e-01, 1.244703411461506870e-01
3.053403417769858796e-01, 4.518940779201954250e-01, 1.186342857809171425e-01, 1.241312945219015668e-01
3.064195700920855914e-01, 4.514906103201613008e-01, 1.182969185221835334e-01, 1.237929010655696438e-01
3.075006540793729926e-01, 4.510838352813866803e-01, 1.179603452118645618e-01, 1.234551654273759180e-01
3.085835747452209121e-01, 4.506737631950781253e-01, 1.176245698163848469e-01, 1.231180922433162128e-01
3.096683130013683782e-01, 4.502604045793381360e-01, 1.172895962843607670e-01, 1.227816861349328159e-01
3.107548496657824844e-01, 4.498437700787122351e-01, 1.169554285464192156e-01, 1.224459517090861482e-01
3.118431654635297479e-01, 4.494238704637248394e-01, 1.166220705150173009e-01, 1.221108935577281257e-01
3.129332410276561838e-01, 4.490007166304034736e-01, 1.162895260842639056e-01, 1.217765162576763260e-01
3.140250569000778702e-01, 4.485743195997911048e-01, 1.159577991297415650e-01, 1.214428243703892935e-01
3.151185935324802845e-01, 4.481446905174458761e-01, 1.156268935083307470e-01, 1.211098224417430369e-01
3.162138312872266321e-01, 4.477118406529299044e-01, 1.152968130580345890e-01, 1.207775150018088051e-01
3.173107504382763899e-01, 4.472757813992868092e-01, 1.149675615978054954e-01, 1.204459065646314858e-01
3.184093311721112318e-01, 4.468365242725054753e-01, 1.146391429273730250e-01, 1.201150016280101984e-01
3.195095535886718352e-01, 4.463940809109753771e-01, 1.143115608270734024e-01, 1.197848046732793437e-01
3.206113977023017925e-01, 4.459484630749274148e-01, 1.139848190576795706e-01, 1.194553201650913610e-01
3.217148434427008485e-01, 4.454996826458642034e-01, 1.136589213602343384e-01, 1.191265525512004847e-01
3.228198706558878528e-01, 4.450477516259803701e-01, 1.133338714558834170e-01, 1.187985062622483601e-01
3.239264591051698172e-01, 4.445926821375688065e-01, 1.130096730457109538e-01, 1.184711857115504224e-01
3.250345884721215772e-01, 4.441344864224178179e-01, 1.126863298105763717e-01, 1.181445952948842887e-01
3.261442383575723913e-01, 4.436731768411957266e-01, 1.123638454109526369e-01, 1.178187393902792035e-01
3.272553882826015337e-01, 4.432087658728249835e-01, 1.120422234867664152e-01, 1.174936223578071509e-01
3.283680176895412695e-01, 4.427412661138438454e-01, 1.117214676572395593e-01, 1.171692485393751731e-01
3.294821059429875465e-01, 4.422706902777597260e-01, 1.114015815207324983e-01, 1.168456222585201043e-01
3.305976323308196796e-01, 4.417970511943875578e-01, 1.110825686545893198e-01, 1.165227478202034567e-01
3.317145760652256414e-01, 4.413203618091810498e-01, 1.107644326149841291e-01, 1.162006295106092074e-01
3.328329162837374011e-01, 4.408406351825501779e-01, 1.104471769367698364e-01, 1.158792715969426262e-01
3.339526320502712031e-01, 4.403578844891700705e-01, 1.101308051333281107e-01, 1.155586783272306850e-01
3.350737023561765615e-01, 4.398721230172775720e-01, 1.098153206964214285e-01, 1.152388539301244241e-01
3.361961061212923041e-01, 4.393833641679579238e-01, 1.095007270960466489e-01, 1.149198026147029705e-01
3.373198221950090558e-01, 4.388916214544208994e-01, 1.091870277802909767e-01, 1.146015285702790404e-01
3.384448293573384947e-01, 4.383969085012657252e-01, 1.088742261751889373e-01, 1.142840359662067179e-01
3.395711063199902680e-01, 4.378992390437372317e-01, 1.085623256845819895e-01, 1.139673289516904275e-01
3.406986317274545151e-01, 4.373986269269696248e-01, 1.082513296899796085e-01, 1.136514116555962794e-01
3.418273841580911632e-01, 4.368950861052215973e-01, 1.079412415504222983e-01, 1.133362881862648858e-01
3.429573421252260501e-01, 4.363886306411010052e-01, 1.076320646023468247e-01, 1.130219626313262726e-01
3.440884840782517662e-01, 4.358792747047784966e-01, 1.073238021594530717e-01, 1.127084390575165546e-01
3.452207884037367114e-01, 4.353670325731932578e-01, 1.070164575125732015e-01, 1.123957215104968571e-01
3.463542334265375944e-01, 4.348519186292464922e-01, 1.067100339295423278e-01, 1.120838140146735579e-01
3.474887974109197586e-01, 4.343339473609871271e-01, 1.064045346550718252e-01, 1.117727205730213169e-01
3.486244585616815606e-01, 4.338131333607867512e-01, 1.060999629106241515e-01, 1.114624451669075228e-01
3.497611950252854651e-01, 4.332894913245056712e-01, 1.057963218942901407e-01, 1.111529917559188757e-01
3.508989848909929710e-01, 4.327630360506486973e-01, 1.054936147806680574e-01, 1.108443642776903298e-01
3.520378061920061974e-01, 4.322337824395131034e-01, 1.051918447207448176e-01, 1.105365666477360065e-01
3.531776369066134125e-01, 4.317017454923253728e-01, 1.048910148417795674e-01, 1.102296027592816474e-01
3.543184549593399457e-01, 4.311669403103707277e-01, 1.045911282471891773e-01, 1.099234764831003019e-01
3.554602382221031531e-01, 4.306293820941121675e-01, 1.042921880164357079e-01, 1.096181916673491102e-01
3.566029645153729333e-01, 4.300890861423017353e-01, 1.039941972049165386e-01, 1.093137521374088622e-01
3.577466116093358517e-01, 4.295460678510821806e-01, 1.036971588438563713e-01, 1.090101616957256520e-01
3.588911572250632065e-01, 4.290003427130807956e-01, 1.034010759402012453e-01, 1.087074241216546833e-01
3.600365790356845341e-01, 4.284519263164937031e-01, 1.031059514765154117e-01, 1.084055431713062817e-01
3.611828546675632801e-01, 4.279008343441625950e-01, 1.028117884108797203e-01, 1.081045225773943769e-01
3.623299617014774099e-01, 4.273470825726428668e-01, 1.025185896767926291e-01, 1.078043660490870109e-01
3.634778776738037953e-01, 4.267906868712630919e-01, 1.022263581830736429e-01, 1.075050772718594283e-01
3.646265800777044319e-01, 4.262316632011776130e-01, 1.019350968137686247e-01, 1.072066599073492194e-01
3.657760463643183191e-01, 4.256700276144099737e-01, 1.016448084280577036e-01, 1.069091175932140592e-01
3.669262539439540616e-01, 4.251057962528889123e-01, 1.013554958601654427e-01, 1.066124539429916113e-01
3.680771801872875226e-01, 4.245389853474771935e-01, 1.010671619192731741e-01, 1.063166725459621653e-01
3.692288024265604762e-01, 4.239696112169926145e-01, 1.007798093894339414e-01, 1.060217769670130095e-01
3.703810979567834227e-01, 4.233976902672207387e-01, 1.004934410294896358e-01, 1.057277707465061195e-01
3.715340440369399588e-01, 4.228232389899220234e-01, 1.002080595729904489e-01, 1.054346574001476106e-01
3.726876178911934789e-01, 4.222462739618300098e-01, 9.992366772811672737e-02, 1.051424404188597700e-01
3.738417967100966521e-01, 4.216668118436438517e-01, 9.964026817760344990e-02, 1.048511232686559214e-01
3.749965576518024535e-01, 4.210848693790130715e-01, 9.935786357866688290e-02, 1.045607093905174811e-01
3.761518778432768051e-01, 4.205004633935164327e-01, 9.907645656293334602e-02, 1.042712022002733191e-01
3.773077343815133822e-01, 4.199136107936328188e-01, 9.879604973637132193e-02, 1.039826050884823383e-01
3.784641043347497513e-01, 4.193243285657075603e-01, 9.851664567922492621e-02, 1.036949214203179009e-01
3.796209647436843415e-01, 4.187326337749101568e-01, 9.823824694595051366e-02, 1.034081545354550297e-01
3.807782926226959686e-01, 4.181385435641880033e-01, 9.796085606515553268e-02, 1.031223077479604816e-01
3.819360649610625269e-01, 4.175420751532125108e-01, 9.768447553953989171e-02, 1.028373843461850845e-01
3.830942587241819575e-01, 4.169432458373198980e-01, 9.740910784583957371e-02, 1.025533875926585847e-01
3.842528508547931043e-01, 4.163420729864463765e-01, 9.713475543477302632e-02, 1.022703207239875484e-01
3.854118182741976817e-01, 4.157385740440570077e-01, 9.686142073098995275e-02, 1.019881869507553579e-01
3.865711378834820744e-01, 4.151327665260701738e-01, 9.658910613302243431e-02, 1.017069894574253730e-01
3.877307865647395824e-01, 4.145246680197754996e-01, 9.631781401323874503e-02, 1.014267314022462285e-01
3.888907411822927207e-01, 4.139142961827475542e-01, 9.604754671779952568e-02, 1.011474159171602827e-01
3.900509785839155197e-01, 4.133016687417535584e-01, 9.577830656661666386e-02, 1.008690461077142997e-01
3.912114756020547146e-01, 4.126868034916577055e-01, 9.551009585331445007e-02, 1.005916250529731160e-01
3.923722090550516572e-01, 4.120697182943188208e-01, 9.524291684519341217e-02, 1.003151558054360126e-01
3.935331557483632281e-01, 4.114504310774846907e-01, 9.497677178319662017e-02, 1.000396413909553917e-01
3.946942924757806948e-01, 4.108289598336820614e-01, 9.471166288187854443e-02, 9.976508480865872719e-02
3.958555960206499025e-01, 4.102053226191008650e-01, 9.444759232937642579e-02, 9.949148903087276508e-02
3.970170431570884673e-01, 4.095795375524763915e-01, 9.418456228738418534e-02, 9.921885700305084488e-02
3.981786106512027468e-01, 4.089516228139657983e-01, 9.392257489112898483e-02, 9.894719164370258113e-02
3.993402752623022023e-01, 4.083215966440214006e-01, 9.366163224934986875e-02, 9.867649584432645893e-02
4.005020137441143158e-01, 4.076894773422604645e-01, 9.340173644427988975e-02, 9.840677246934535771e-02
4.016638028459950105e-01, 4.070552832663309473e-01, 9.314288953162962181e-02, 9.813802435604451757e-02
4.028256193141392938e-01, 4.064190328307744071e-01, 9.288509354057403189e-02, 9.787025431451239210e-02
4.039874398927890686e-01, 4.057807445058848050e-01, 9.262835047374176622e-02, 9.760346512758429072e-02
4.051492413254382807e-01, 4.051404368165660852e-01, 9.237266230720669880e-02, 9.733765955078894916e-02
4.063110003560366223e-01, 4.044981283411838158e-01, 9.211803099048215815e-02, 9.707284031229737598e-02
4.074726937301896834e-01, 4.038538377104172183e-01, 9.186445844651792980e-02, 9.680901011287511293e-02
4.086342981963573817e-01, 4.032075836061064789e-01, 9.161194657169936806e-02, 9.654617162583684076e-02
4.097957905070482854e-01, 4.025593847600983377e-01, 9.136049723584956095e-02, 9.628432749700380211e-02
4.109571474200126584e-01, 4.019092599530895149e-01, 9.111011228223352132e-02, 9.602348034466422211e-02
4.121183456994305661e-01, 4.012572280134676372e-01, 9.086079352756522287e-02, 9.576363275953649057e-02
4.132793621170975928e-01, 4.006033078161502781e-01, 9.061254276201718971e-02, 9.550478730473482836e-02
4.144401734536073412e-01, 3.999475182814221097e-01, 9.036536174923254228e-02, 9.524694651573802073e-02
4.156007564995289894e-01, 3.992898783737707791e-01, 9.011925222633923593e-02, 9.499011290036105115e-02
4.167610880565831288e-01, 3.986304071007202299e-01, 8.987421590396767190e-02, 9.473428893872905265e-02
4.179211449388115507e-01, 3.979691235116640802e-01, 8.963025446626984860e-02, 9.447947708325464544e-02
4.190809039737443120e-01, 3.973060466966965576e-01, 8.938736957094166324e-02, 9.422567975861756429e-02
4.202403420035623061e-01, 3.966411957854428239e-01, 8.914556284924753105e-02, 9.397289936174729741e-02
4.213994358862551692e-01, 3.959745899458886886e-01, 8.890483590604748854e-02, 9.372113826180861196e-02
4.225581624967746919e-01, 3.953062483832088803e-01, 8.866519031982683652e-02, 9.347039880018961910e-02
4.237164987281841211e-01, 3.946361903385951497e-01, 8.842662764272800346e-02, 9.322068329049271185e-02
4.248744214928018570e-01, 3.939644350880841528e-01, 8.818914940058558694e-02, 9.297199401852841716e-02
4.260319077233408747e-01, 3.932910019413844438e-01, 8.795275709296300481e-02, 9.272433324231175999e-02
4.271889343740425948e-01, 3.926159102407035251e-01, 8.771745219319215803e-02, 9.247770319206168044e-02
4.283454784218060363e-01, 3.919391793595753404e-01, 8.748323614841550799e-02, 9.223210607020305984e-02
4.295015168673110284e-01, 3.912608287016874908e-01, 8.725011037963034677e-02, 9.198754405137127277e-02
4.306570267361362614e-01, 3.905808776997082288e-01, 8.701807628173560683e-02, 9.174401928242004178e-02
4.318119850798715631e-01, 3.898993458141152835e-01, 8.678713522358141863e-02, 9.150153388243163766e-02
4.329663689772249024e-01, 3.892162525320247979e-01, 8.655728854802061112e-02, 9.126008994272978569e-02
4.341201555351224539e-01, 3.885316173660192107e-01, 8.632853757196282118e-02, 9.101968952689555581e-02
4.352733218898033329e-01, 3.878454598529796349e-01, 8.610088358643117057e-02, 9.078033467078581997e-02
4.364258452079088912e-01, 3.871577995529156824e-01, 8.587432785662102441e-02, 9.054202738255433258e-02
4.375777026875639075e-01, 3.864686560477988975e-01, 8.564887162196124781e-02, 9.030476964267586393e-02
4.387288715594528377e-01, 3.857780489403965785e-01, 8.542451609617800201e-02, 9.006856340397258187e-02
4.398793290878887929e-01, 3.850859978531069872e-01, 8.520126246736055287e-02, 8.983341059164356990e-02
4.410290525718766341e-01, 3.843925224267971119e-01, 8.497911189802975773e-02, 8.959931310329641296e-02
4.421780193461681829e-01, 3.836976423196408748e-01, 8.475806552520864789e-02, 8.936627280898234993e-02
4.433262067823111607e-01, 3.830013772059602806e-01, 8.453812446049532858e-02, 8.913429155123320236e-02
4.444735922896914659e-01, 3.823037467750687313e-01, 8.431928979013841863e-02, 8.890337114510137029e-02
4.456201533165674022e-01, 3.816047707301156722e-01, 8.410156257511429423e-02, 8.867351337820263135e-02
4.467658673510970790e-01, 3.809044687869345136e-01, 8.388494385120733032e-02, 8.844472001076113254e-02
4.479107119223589839e-01, 3.802028606728923843e-01, 8.366943462909162688e-02, 8.821699277565714370e-02
4.490546646013636178e-01, 3.794999661257432155e-01, 8.345503589441535808e-02, 8.799033337847773917e-02
4.501977030020595794e-01, 3.787958048924831012e-01, 8.324174860788755015e-02, 8.776474349756965831e-02
4.513398047823300452e-01, 3.780903967282085998e-01, 8.302957370536651061e-02, 8.754022478409483055e-02
4.524809476449821455e-01, 3.773837613949783121e-01, 8.281851209795090818e-02, 8.731677886208859263e-02
4.536211093387287341e-01, 3.766759186606778997e-01, 8.260856467207304543e-02, 8.709440732852040401e-02
4.547602676591619431e-01, 3.759668882978874915e-01, 8.239973228959372731e-02, 8.687311175335681035e-02
4.558984004497181330e-01, 3.752566900827541407e-01, 8.219201578790014118e-02, 8.665289367962752953e-02
4.570354856026356827e-01, 3.745453437938659480e-01, 8.198541598000497199e-02, 8.643375462349343896e-02
4.581715010599026194e-01, 3.738328692111316798e-01, 8.177993365464834852e-02, 8.621569607431733839e-02
4.593064248141981443e-01, 3.731192861146632178e-01, 8.157556957640141326e-02, 8.599871949473711363e-02
4.604402349098239977e-01, 3.724046142836623940e-01, 8.137232448577225163e-02, 8.578282632074146763e-02
4.615729094436269442e-01, 3.716888734953116002e-01, 8.117019909931355581e-02, 8.556801796174778874e-02
4.627044265659150390e-01, 3.709720835236695047e-01, 8.096919410973277276e-02, 8.535429580068273903e-02
4.638347644813610726e-01, 3.702542641385698774e-01, 8.076931018600376488e-02, 8.514166119406529898e-02
4.649639014499014622e-01, 3.695354351045260777e-01, 8.057054797348081610e-02, 8.493011547209164402e-02
4.660918157876225987e-01, 3.688156161796395938e-01, 8.037290809401458069e-02, 8.471965993872317136e-02
4.672184858676406982e-01, 3.680948271145133566e-01, 8.017639114606980866e-02, 8.451029587177621982e-02
4.683438901209703853e-01, 3.673730876511701604e-01, 7.998099770484509707e-02, 8.430202452301441274e-02
4.694680070373862812e-01, 3.666504175219755801e-01, 7.978672832239475099e-02, 8.409484711824330438e-02
4.705908151662734906e-01, 3.659268364485671055e-01, 7.959358352775207368e-02, 8.388876485740741351e-02
4.717122931174691502e-01, 3.652023641407869392e-01, 7.940156382705507165e-02, 8.368377891468901930e-02
4.728324195620954296e-01, 3.644770202956209570e-01, 7.921066970367364457e-02, 8.347989043860996883e-02
4.739511732333820948e-01, 3.637508245961441067e-01, 7.902090161833875970e-02, 8.327710055213506657e-02
4.750685329274794144e-01, 3.630237967104691932e-01, 7.883226000927338883e-02, 8.307541035277800356e-02
4.761844775042620159e-01, 3.622959562907033804e-01, 7.864474529232520772e-02, 8.287482091270939599e-02
4.772989858881230285e-01, 3.615673229719088000e-01, 7.845835786110112731e-02, 8.267533327886703032e-02
4.784120370687574564e-01, 3.608379163710709325e-01, 7.827309808710357364e-02, 8.247694847306812072e-02
4.795236101019368924e-01, 3.601077560860709292e-01, 7.808896631986834980e-02, 8.227966749212387021e-02
4.806336841102737401e-01, 3.593768616946659278e-01, 7.790596288710446848e-02, 8.208349130795591919e-02
4.817422382839757211e-01, 3.586452527534738643e-01, 7.772408809483540015e-02, 8.188842086771504214e-02
4.828492518815896140e-01, 3.579129487969663903e-01, 7.754334222754198647e-02, 8.169445709390198151e-02
4.839547042307362767e-01, 3.571799693364664519e-01, 7.736372554830722725e-02, 8.150160088448998863e-02
4.850585747288342908e-01, 3.564463338591535857e-01, 7.718523829896249688e-02, 8.130985311304970986e-02
4.861608428438136675e-01, 3.557120618270752099e-01, 7.700788070023516230e-02, 8.111921462887587697e-02
4.872614881148205068e-01, 3.549771726761653534e-01, 7.683165295189829658e-02, 8.092968625711587094e-02
4.883604901529091658e-01, 3.542416858152688253e-01, 7.665655523292132234e-02, 8.074126879890063113e-02
4.894578286417264890e-01, 3.535056206251738220e-01, 7.648258770162258413e-02, 8.055396303147704939e-02
4.905534833381839932e-01, 3.527689964576505854e-01, 7.630975049582318370e-02, 8.036776970834236256e-02
4.916474340731198378e-01, 3.520318326344971660e-01, 7.613804373300243900e-02, 8.018268955938052944e-02
4.927396607519516913e-01, 3.512941484465930131e-01, 7.596746751045468926e-02, 7.999872329100055079e-02
4.938301433553177189e-01, 3.505559631529586717e-01, 7.579802190544754348e-02, 7.981587158627607981e-02
4.949188619397069666e-01, 3.498172959798239723e-01, 7.562970697538148879e-02, 7.963413510508755844e-02
4.960057966380808092e-01, 3.490781661197029373e-01, 7.546252275795080344e-02, 7.945351448426550556e-02
4.970909276604816296e-01, 3.483385927304761265e-01, 7.529646927130613510e-02, 7.927401033773606720e-02
4.981742352946326724e-01, 3.475985949344815307e-01, 7.513154651421798114e-02, 7.909562325666771865e-02
4.992556999065268508e-01, 3.468581918176113499e-01, 7.496775446624169559e-02, 7.891835380962010371e-02
5.003353019410039515e-01, 3.461174024284179307e-01, 7.480509308788363398e-02, 7.874220254269445607e-02
5.014130219223180696e-01, 3.453762457772275862e-01, 7.464356232076878317e-02, 7.856716997968556104e-02
5.024888404546946630e-01, 3.446347408352607999e-01, 7.448316208780918213e-02, 7.839325662223531332e-02
5.035627382228756721e-01, 3.438929065337621438e-01, 7.432389229337410530e-02, 7.822046294998805105e-02
5.046346959926552023e-01, 3.431507617631367468e-01, 7.416575282346087039e-02, 7.804878942074726378e-02
5.057046946114032160e-01, 3.424083253720959230e-01, 7.400874354586706172e-02, 7.787823647063382704e-02
5.067727150085798993e-01, 3.416656161668101821e-01, 7.385286431036391930e-02, 7.770880451424602708e-02
5.078387381962379266e-01, 3.409226529100708447e-01, 7.369811494887053283e-02, 7.754049394482072366e-02
5.089027452695144005e-01, 3.401794543204600396e-01, 7.354449527562949285e-02, 7.737330513439612256e-02
5.099647174071123557e-01, 3.394360390715282505e-01, 7.339200508738323581e-02, 7.720723843397610253e-02
5.110246358717713822e-01, 3.386924257909811886e-01, 7.324064416355170748e-02, 7.704229417369566624e-02
5.120824820107270359e-01, 3.379486330598743815e-01, 7.309041226641052602e-02, 7.687847266298794557e-02
5.131382372561593685e-01, 3.372046794118170876e-01, 7.294130914127087972e-02, 7.671577419075267801e-02
5.141918831256313549e-01, 3.364605833321834827e-01, 7.279333451665943866e-02, 7.655419902552569600e-02
5.152434012225163285e-01, 3.357163632573336165e-01, 7.264648810450000105e-02, 7.639374741565001237e-02
5.162927732364140931e-01, 3.349720375738426403e-01, 7.250076960029548656e-02, 7.623441958944798813e-02
5.173399809435561547e-01, 3.342276246177380283e-01, 7.235617868331102598e-02, 7.607621575539466607e-02
5.183850062072024034e-01, 3.334831426737470128e-01, 7.221271501675784188e-02, 7.591913610229265863e-02
5.194278309780225866e-01, 3.327386099745514580e-01, 7.207037824797796199e-02, 7.576318079944799333e-02
5.204684372944718973e-01, 3.319940447000516159e-01, 7.192916800862940441e-02, 7.560834999684698521e-02
5.215068072831526846e-01, 3.312494649766399291e-01, 7.178908391487279217e-02, 7.545464382533453862e-02
5.225429231591659507e-01, 3.305048888764826054e-01, 7.165012556755799566e-02, 7.530206239679337887e-02
5.235767672264536321e-01, 3.297603344168100747e-01, 7.151229255241188520e-02, 7.515060580432431081e-02
5.246083218781280033e-01, 3.290158195592176593e-01, 7.137558444022665260e-02, 7.500027412242771252e-02
5.256375695967918649e-01, 3.282713622089735162e-01, 7.124000078704867400e-02, 7.485106740718588947e-02
5.266644929548479626e-01, 3.275269802143371267e-01, 7.110554113436824697e-02, 7.470298569644664988e-02
5.276890746147970823e-01, 3.267826913658859467e-01, 7.097220500930968845e-02, 7.455602901000735194e-02
5.287112973295260421e-01, 3.260385133958512704e-01, 7.083999192482215435e-02, 7.441019734980056088e-02
5.297311439425853585e-01, 3.252944639774636437e-01, 7.070890137987091706e-02, 7.426549070007999742e-02
5.307485973884555897e-01, 3.245505607243072133e-01, 7.057893285962932306e-02, 7.412190902760786015e-02
5.317636406928034631e-01, 3.238068211896829585e-01, 7.045008583567081983e-02, 7.397945228184264754e-02
5.327762569727283459e-01, 3.230632628659810268e-01, 7.032235976616227346e-02, 7.383812039512818726e-02
5.337864294369969453e-01, 3.223199031840635054e-01, 7.019575409605671723e-02, 7.369791328288284593e-02
5.347941413862677962e-01, 3.215767595126544642e-01, 7.007026825728736308e-02, 7.355883084379037651e-02
5.357993762133069771e-01, 3.208338491577407137e-01, 6.994590166896158534e-02, 7.342087295999052965e-02
5.368021174031912812e-01, 3.200911893619818871e-01, 6.982265373755536242e-02, 7.328403949727141375e-02
5.378023485335020615e-01, 3.193487973041283512e-01, 6.970052385710800991e-02, 7.314833030526159130e-02
5.388000532745089721e-01, 3.186066900984498296e-01, 6.957951140941744106e-02, 7.301374521762363234e-02
5.397952153893437188e-01, 3.178648847941731304e-01, 6.945961576423549666e-02, 7.288028405224770967e-02
5.407878187341620402e-01, 3.171233983749280338e-01, 6.934083627946364958e-02, 7.274794661144615149e-02
5.417778472582982507e-01, 3.163822477582044490e-01, 6.922317230134891752e-02, 7.261673268214842436e-02
5.427652850044065724e-01, 3.156414497948167308e-01, 6.910662316468012267e-02, 7.248664203609674062e-02
5.437501161085948054e-01, 3.149010212683789334e-01, 6.899118819298399874e-02, 7.235767443004224864e-02
5.447323248005475627e-01, 3.141609788947886672e-01, 6.887686669872207512e-02, 7.222982960594155621e-02
5.457118954036385139e-01, 3.134213393217206156e-01, 6.876365798348711700e-02, 7.210310729115392003e-02
5.466888123350329698e-01, 3.126821191281284884e-01, 6.865156133819995399e-02, 7.197750719863857394e-02
5.476630601057823622e-01, 3.119433348237580228e-01, 6.854057604330643372e-02, 7.185302902715304252e-02
5.486346233209066225e-01, 3.112050028486675890e-01, 6.843070136897448641e-02, 7.172967246145119102e-02
5.496034866794681228e-01, 3.104671395727587879e-01, 6.832193657529092579e-02, 7.160743717248219120e-02
5.505696349746355134e-01, 3.097297612953163748e-01, 6.821428091245874958e-02, 7.148632281758940388e-02
5.515330530937382347e-01, 3.089928842445577861e-01, 6.810773362099413475e-02, 7.136632904070987216e-02
5.524937260183113708e-01, 3.082565245771910489e-01, 6.800229393192348815e-02, 7.124745547257400891e-02
5.534516388241309537e-01, 3.075206983779831260e-01, 6.789796106698044176e-02, 7.112970173090553405e-02
5.544067766812392772e-01, 3.067854216593363104e-01, 6.779473423880280625e-02, 7.101306742062153676e-02
5.553591248539625491e-01, 3.060507103608748891e-01, 6.769261265112952453e-02, 7.089755213403314826e-02
5.563086687009165532e-01, 3.053165803490404118e-01, 6.759159549899727837e-02, 7.078315545104581219e-02
5.572553936750059833e-01, 3.045830474166965063e-01, 6.749168196893726157e-02, 7.066987693936024884e-02
5.581992853234125640e-01, 3.038501272827427990e-01, 6.739287123917156452e-02, 7.055771615467316960e-02
5.591403292875745112e-01, 3.031178355917375500e-01, 6.729516247980947552e-02, 7.044667264087842162e-02
5.600785113031578888e-01, 3.023861879135306685e-01, 6.719855485304354614e-02, 7.033674593026795208e-02
5.610138172000175283e-01, 3.016551997429041121e-01, 6.710304751334551787e-02, 7.022793554373295277e-02
5.619462329021498448e-01, 3.009248864992229433e-01, 6.700863960766194338e-02, 7.012024099096506036e-02
5.628757444276377697e-01, 3.001952635260950464e-01, 6.691533027560944702e-02, 7.001366177065757035e-02
5.638023378885844705e-01, 2.994663460910391151e-01, 6.682311864966999915e-02, 6.990819737070641526e-02
5.647259994910406311e-01, 2.987381493851625769e-01, 6.673200385538539947e-02, 6.980384726841147580e-02
5.656467155349221843e-01, 2.980106885228482883e-01, 6.664198501155188525e-02, 6.970061093067758673e-02
5.665644724139202726e-01, 2.972839785414500002e-01, 6.655306123041423993e-02, 6.959848781421547337e-02
5.674792566154009954e-01, 2.965580344009969838e-01, 6.646523161785934664e-02, 6.949747736574259094e-02
5.683910547202987162e-01, 2.958328709839077031e-01, 6.637849527360970003e-02, 6.939757902218393615e-02
5.692998534030001556e-01, 2.951085030947113164e-01, 6.629285129141601618e-02, 6.929879221087240082e-02
5.702056394312204901e-01, 2.943849454597800008e-01, 6.620829875925006436e-02, 6.920111634974944470e-02
5.711083996658706807e-01, 2.936622127270681060e-01, 6.612483675949622219e-02, 6.910455084756500499e-02
5.720081210609180289e-01, 2.929403194658609655e-01, 6.604246436914344709e-02, 6.900909510407751690e-02
5.729047906632377396e-01, 2.922192801665326467e-01, 6.596118065997605417e-02, 6.891474851025369830e-02
5.737983956124562690e-01, 2.914991092403119155e-01, 6.588098469876421670e-02, 6.882151044846765431e-02
5.746889231407884546e-01, 2.907798210190571386e-01, 6.580187554745406397e-02, 6.872938029270035665e-02
5.755763605728649868e-01, 2.900614297550396792e-01, 6.572385226335709929e-02, 6.863835740873822089e-02
5.764606953255541066e-01, 2.893439496207356187e-01, 6.564691389933884069e-02, 6.854844115437142005e-02
5.773419149077737567e-01, 2.886273947086264724e-01, 6.557105950400739236e-02, 6.845963087959232307e-02
5.782200069202978465e-01, 2.879117790310085634e-01, 6.549628812190083638e-02, 6.837192592679273984e-02
5.790949590555544146e-01, 2.871971165198095588e-01, 6.542259879367437470e-02, 6.828532563096147145e-02
5.799667590974173503e-01, 2.864834210264150527e-01, 6.534999055628665232e-02, 6.819982931988104180e-02
5.808353949209886791e-01, 2.857707063215020882e-01, 6.527846244318530333e-02, 6.811543631432406820e-02
5.817008544923766289e-01, 2.850589860948820053e-01, 6.520801348449221935e-02, 6.803214592824922968e-02
5.825631258684645930e-01, 2.843482739553511163e-01, 6.513864270718768001e-02, 6.794995746899654132e-02
5.834221971966744302e-01, 2.836385834305493736e-01, 6.507034913529395614e-02, 6.786887023748240655e-02
5.842780567147211057e-01, 2.829299279668271994e-01, 6.500313179005803854e-02, 6.778888352839367026e-02
5.851306927503632238e-01, 2.822223209291210844e-01, 6.493698969013396438e-02, 6.770999663038178296e-02
5.859800937211443461e-01, 2.815157756008363488e-01, 6.487192185176376968e-02, 6.763220882625568808e-02
5.868262481341290915e-01, 2.808103051837381181e-01, 6.480792728895828914e-02, 6.755551939317458454e-02
5.876691445856326856e-01, 2.801059227978509591e-01, 6.474500501367669303e-02, 6.747992760283973157e-02
5.885087717609436275e-01, 2.794026414813649550e-01, 6.468315403600537195e-02, 6.740543272168603162e-02
5.893451184340403604e-01, 2.787004741905512728e-01, 6.462237336433596102e-02, 6.733203401107244745e-02
5.901781734673011703e-01, 2.779994337996841147e-01, 6.456266200554253154e-02, 6.725973072747211401e-02
5.910079258112096445e-01, 2.772995331009709408e-01, 6.450401896515772782e-02, 6.718852212266164525e-02
5.918343645040514689e-01, 2.766007848044904072e-01, 6.444644324754840448e-02, 6.711840744390960845e-02
5.926574786716076737e-01, 2.759032015381380210e-01, 6.438993385608980657e-02, 6.704938593416445713e-02
5.934772575268405514e-01, 2.752067958475786225e-01, 6.433448979333937501e-02, 6.698145683224142333e-02
5.942936903695746897e-01, 2.745115801962071389e-01, 6.428011006120919191e-02, 6.691461937300900720e-02
5.951067665861717870e-01, 2.738175669651162214e-01, 6.422679366113773214e-02, 6.684887278757432882e-02
5.959164756492000281e-01, 2.731247684530714870e-01, 6.417453959426043519e-02, 6.678421630346793869e-02
5.967228071170989079e-01, 2.724331968764940881e-01, 6.412334686157955543e-02, 6.672064914482749021e-02
5.975257506338362834e-01, 2.717428643694501655e-01, 6.407321446413266619e-02, 6.665817053258087099e-02
5.983252959285636496e-01, 2.710537829836476287e-01, 6.402414140316053937e-02, 6.659677968462823783e-02
5.991214328152627555e-01, 2.703659646884403189e-01, 6.397612668027360949e-02, 6.653647581602331607e-02
5.999141511923896664e-01, 2.696794213708389454e-01, 6.392916929761767453e-02, 6.647725813915382476e-02
6.007034410425123871e-01, 2.689941648355284043e-01, 6.388326825803843090e-02, 6.641912586392061113e-02
6.014892924319450440e-01, 2.683102068048935362e-01, 6.383842256524493997e-02, 6.636207819791649365e-02
6.022716955103745162e-01, 2.676275589190498794e-01, 6.379463122397195651e-02, 6.630611434660348136e-02
