3.334426496559881326e-01, 7.097737149068415741e-02, 3.237982736776732762e-01, 2.717817051756544200e-01
3.335068069209026209e-01, 7.117095023638456142e-02, 3.239647450828053166e-01, 2.713574977599074733e-01
3.335706134864192540e-01, 7.136554329394524665e-02, 3.241308126401439837e-01, 2.709330305794915295e-01
3.336340681008134190e-01, 7.156115156037913538e-02, 3.242964736983832141e-01, 2.705083066404241898e-01
3.336971695076527133e-01, 7.175777593400303744e-02, 3.244617256015329687e-01, 2.700833289568113638e-01
3.337599164457991652e-01, 7.195541731434164368e-02, 3.246265656889345541e-01, 2.696581005509245954e-01
3.338223076494129526e-01, 7.215407660203153328e-02, 3.247909912952783862e-01, 2.692326244532771140e-01
3.338843418479549574e-01, 7.235375469872511178e-02, 3.249549997506204768e-01, 2.688069037026994401e-01
3.339460177661909279e-01, 7.255445250699406323e-02, 3.251185883804003640e-01, 2.683809413464145477e-01
3.340073341241944216e-01, 7.275617093023323267e-02, 3.252817545054597081e-01, 2.679547404401126931e-01
3.340682896373508570e-01, 7.295891087256413388e-02, 3.254444954420602221e-01, 2.675283040480248009e-01
3.341288830163618995e-01, 7.316267323873829054e-02, 3.256068085019030445e-01, 2.671016352429967933e-01
3.341891129672487915e-01, 7.336745893404079955e-02, 3.257686909921484464e-01, 2.666747371065619765e-01
3.342489781913574598e-01, 7.357326886419340850e-02, 3.259301402154357596e-01, 2.662476127290132610e-01
3.343084773853629565e-01, 7.378010393525787081e-02, 3.260911534699038050e-01, 2.658202652094753815e-01
3.343676092412736778e-01, 7.398796505353902320e-02, 3.262517280492117089e-01, 2.653926976559755069e-01
3.344263724464369703e-01, 7.419685312548778000e-02, 3.264118612425605526e-01, 2.649649131855146278e-01
3.344847656835437388e-01, 7.440676905760405802e-02, 3.265715503347151882e-01, 2.645369149241370010e-01
3.345427876306340531e-01, 7.461771375633984016e-02, 3.267307926060262213e-01, 2.641087060069998160e-01
3.346004369611025875e-01, 7.482968812800173952e-02, 3.268895853324533807e-01, 2.636802895784422507e-01
3.346577123437043944e-01, 7.504269307865384098e-02, 3.270479257855882782e-01, 2.632516687920535836e-01
3.347146124425601221e-01, 7.525672951402039013e-02, 3.272058112326782786e-01, 2.628228468107411397e-01
3.347711359171635648e-01, 7.547179833938831572e-02, 3.273632389366508688e-01, 2.623938268067973478e-01
3.348272814223861027e-01, 7.568790045950964107e-02, 3.275202061561378608e-01, 2.619646119619664093e-01
3.348830476084846408e-01, 7.590503677850424236e-02, 3.276767101455009823e-01, 2.615352054675101900e-01
3.349384331211074373e-01, 7.612320819976189923e-02, 3.278327481548569677e-01, 2.611056105242737235e-01
3.349934366013013198e-01, 7.634241562584470620e-02, 3.279883174301039261e-01, 2.606758303427500478e-01
3.350480566855184028e-01, 7.656265995838952565e-02, 3.281434152129475978e-01, 2.602458681431443765e-01
3.351022920056238030e-01, 7.678394209800987191e-02, 3.282980387409283329e-01, 2.598157271554378256e-01
3.351561411889025233e-01, 7.700626294419829487e-02, 3.284521852474487358e-01, 2.593854106194504738e-01
3.352096028580673903e-01, 7.722962339522833342e-02, 3.286058519618008100e-01, 2.589549217849034801e-01
3.352626756312668266e-01, 7.745402434805648273e-02, 3.287590361091951019e-01, 2.585242639114814778e-01
3.353153581220928992e-01, 7.767946669822446693e-02, 3.289117349107892330e-01, 2.580934402688934703e-01
3.353676489395891469e-01, 7.790595133976084552e-02, 3.290639455837164884e-01, 2.576624541369335053e-01
3.354195466882596843e-01, 7.813347916508296687e-02, 3.292156653411164036e-01, 2.572313088055409036e-01
3.354710499680773061e-01, 7.836205106489896322e-02, 3.293668913921642960e-01, 2.568000075748593791e-01
3.355221573744921471e-01, 7.859166792810938496e-02, 3.295176209421022406e-01, 2.563685537552961580e-01
3.355728674984410631e-01, 7.882233064170894588e-02, 3.296678511922697674e-01, 2.559369506675802652e-01
3.356231789263567356e-01, 7.905404009068835169e-02, 3.298175793401353917e-01, 2.555052016428195905e-01
3.356730902401766636e-01, 7.928679715793578164e-02, 3.299668025793287551e-01, 2.550733100225586192e-01
3.357226000173537117e-01, 7.952060272413878639e-02, 3.301155180996734329e-01, 2.546412791588341662e-01
3.357717068308642694e-01, 7.975545766768557532e-02, 3.302637230872185747e-01, 2.542091124142316638e-01
3.358204092492200199e-01, 7.999136286456688671e-02, 3.304114147242732669e-01, 2.537768131619397849e-01
3.358687058364769884e-01, 8.022831918827728892e-02, 3.305585901894402823e-01, 2.533443847858055653e-01
3.359165951522460891e-01, 8.046632750971685621e-02, 3.307052466576494987e-01, 2.529118306803876948e-01
3.359640757517038945e-01, 8.070538869709259489e-02, 3.308513813001933146e-01, 2.524791542510101960e-01
3.360111461856035708e-01, 8.094550361581986930e-02, 3.309969912847615103e-01, 2.520463589138150495e-01
3.360578050002854256e-01, 8.118667312842391126e-02, 3.311420737754767196e-01, 2.516134480958138742e-01
3.361040507376882869e-01, 8.142889809444125992e-02, 3.312866259329306229e-01, 2.511804252349398858e-01
3.361498819353609946e-01, 8.167217937032109076e-02, 3.314306449142199185e-01, 2.507472937800980239e-01
3.361952971264736689e-01, 8.191651780932668325e-02, 3.315741278729839592e-01, 2.503140571912157442e-01
3.362402948398299229e-01, 8.216191426143670817e-02, 3.317170719594415562e-01, 2.498807189392918682e-01
3.362848735998784089e-01, 8.240836957324675083e-02, 3.318594743204288933e-01, 2.494472825064459054e-01
3.363290319267254747e-01, 8.265588458787063997e-02, 3.320013320994378292e-01, 2.490137513859661256e-01
3.363727683361468213e-01, 8.290446014484169346e-02, 3.321426424366544228e-01, 2.485801290823571319e-01
3.364160813396009919e-01, 8.315409708001408884e-02, 3.322834024689981791e-01, 2.481464191113868234e-01
3.364589694442413070e-01, 8.340479622546445593e-02, 3.324236093301616290e-01, 2.477126250001325525e-01
3.365014311529297975e-01, 8.365655840939298371e-02, 3.325632601506500197e-01, 2.472787502870271437e-01
3.365434649642494169e-01, 8.390938445602486029e-02, 3.327023520578220595e-01, 2.468447985219036356e-01
3.365850693725180309e-01, 8.416327518551172671e-02, 3.328408821759307190e-01, 2.464107732660394956e-01
3.366262428678019614e-01, 8.441823141383288098e-02, 3.329788476261644203e-01, 2.459766780922008067e-01
3.366669839359296423e-01, 8.467425395269687072e-02, 3.331162455266886147e-01, 2.455425165846849000e-01
3.367072910585056644e-01, 8.493134360944276651e-02, 3.332530729926885260e-01, 2.451082923393630708e-01
3.367471627129252632e-01, 8.518950118694157414e-02, 3.333893271364111177e-01, 2.446740089637220172e-01
3.367865973723885298e-01, 8.544872748349785496e-02, 3.335250050672082800e-01, 2.442396700769053908e-01
3.368255935059146777e-01, 8.570902329275090215e-02, 3.336601038915805728e-01, 2.438052793097539028e-01
3.368641495783576412e-01, 8.597038940357647208e-02, 3.337946207132207466e-01, 2.433708403048451263e-01
3.369022640504206190e-01, 8.623282659998814104e-02, 3.339285526330582621e-01, 2.429363567165330473e-01
3.369399353786712847e-01, 8.649633566103892557e-02, 3.340618967493039215e-01, 2.425018322109858404e-01
3.369771620155577185e-01, 8.676091736072275018e-02, 3.341946501574951656e-01, 2.420672704662244212e-01
3.370139424094233949e-01, 8.702657246787617873e-02, 3.343268099505414259e-01, 2.416326751721590560e-01
3.370502750045235030e-01, 8.729330174608002091e-02, 3.344583732187701441e-01, 2.411980500306262487e-01
3.370861582410411561e-01, 8.756110595356085546e-02, 3.345893370499735675e-01, 2.407633987554243793e-01
3.371215905551031566e-01, 8.782998584309298362e-02, 3.347196985294552674e-01, 2.403287250723486757e-01
3.371565703787968715e-01, 8.809994216189988292e-02, 3.348494547400771015e-01, 2.398940327192260469e-01
3.371910961401871076e-01, 8.837097565155634105e-02, 3.349786027623076756e-01, 2.394593254459489173e-01
3.372251662633321545e-01, 8.864308704789007620e-02, 3.351071396742696940e-01, 2.390246070145080615e-01
3.372587791683022695e-01, 8.891627708088374604e-02, 3.352350625517888094e-01, 2.385898811990251889e-01
3.372919332711956097e-01, 8.919054647457673457e-02, 3.353623684684424178e-01, 2.381551517857851408e-01
3.373246269841568279e-01, 8.946589594696742476e-02, 3.354890544956091736e-01, 2.377204225732665321e-01
3.373568587153940590e-01, 8.974232620991506870e-02, 3.356151177025183951e-01, 2.372856973721723939e-01
3.373886268691977386e-01, 9.001983796904187984e-02, 3.357405551563004131e-01, 2.368509800054600656e-01
3.374199298459576446e-01, 9.029843192363543047e-02, 3.358653639220368636e-01, 2.364162743083700891e-01
3.374507660421822708e-01, 9.057810876655064680e-02, 3.359895410628121470e-01, 2.359815841284549631e-01
3.374811338505169789e-01, 9.085886918411233137e-02, 3.361130836397641652e-01, 2.355469133256065384e-01
3.375110316597627058e-01, 9.114071385601749120e-02, 3.362359887121363911e-01, 2.351122657720834119e-01
3.375404578548953372e-01, 9.142364345523773528e-02, 3.363582533373298267e-01, 2.346776453525370176e-01
3.375694108170845809e-01, 9.170765864792192190e-02, 3.364798745709558503e-01, 2.342430559640377163e-01
3.375978889237133962e-01, 9.199276009329865333e-02, 3.366008494668887296e-01, 2.338085015160993596e-01
3.376258905483980333e-01, 9.227894844357913129e-02, 3.367211750773189682e-01, 2.333739859307039366e-01
3.376534140610072954e-01, 9.256622434385980425e-02, 3.368408484528076507e-01, 2.329395131423252774e-01
3.376804578276833557e-01, 9.285458843202526458e-02, 3.369598666423394562e-01, 2.325050870979518958e-01
3.377070202108612973e-01, 9.314404133865128443e-02, 3.370782266933781690e-01, 2.320707117571092493e-01
3.377330995692899851e-01, 9.343458368690779614e-02, 3.371959256519208026e-01, 2.316363910918814162e-01
3.377586942580526053e-01, 9.372621609246201135e-02, 3.373129605625532768e-01, 2.312021290869319678e-01
3.377838026285880368e-01, 9.401893916338172064e-02, 3.374293284685059846e-01, 2.307679297395243412e-01
3.378084230287111134e-01, 9.431275350003862079e-02, 3.375450264117093035e-01, 2.303337970595409900e-01
3.378325538026349384e-01, 9.460765969501168382e-02, 3.376600514328507718e-01, 2.298997350695026753e-01
3.378561932909917020e-01, 9.490365833299078957e-02, 3.377744005714311548e-01, 2.294657478045863397e-01
3.378793398308546636e-01, 9.520074999068040000e-02, 3.378880708658221210e-01, 2.290318393126427321e-01
3.379019917557604669e-01, 9.549893523670321960e-02, 3.380010593533232521e-01, 2.285980136542130337e-01
3.379241473957309005e-01, 9.579821463150407779e-02, 3.381133630702201631e-01, 2.281642749025448724e-01
3.379458050772954358e-01, 9.609858872725403345e-02, 3.382249790518425669e-01, 2.277306271436080054e-01
3.379669631235138749e-01, 9.640005806775432673e-02, 3.383359043326232274e-01, 2.272970744761086404e-01
3.379876198539992216e-01, 9.670262318834069171e-02, 3.384461359461563013e-01, 2.268636210115037299e-01
3.380077735849406628e-01, 9.700628461578784945e-02, 3.385556709252574015e-01, 2.264302708740140169e-01
3.380274226291271056e-01, 9.731104286821364024e-02, 3.386645063020224944e-01, 2.259970282006368292e-01
3.380465652959701583e-01, 9.761689845498383589e-02, 3.387726391078882959e-01, 2.255638971411578486e-01
3.380651998915279455e-01, 9.792385187661696577e-02, 3.388800663736927787e-01, 2.251308818581622684e-01
3.380833247185296986e-01, 9.823190362468896264e-02, 3.389867851297357904e-01, 2.246979865270455901e-01
3.381009380763988492e-01, 9.854105418173834952e-02, 3.390927924058397824e-01, 2.242652153360230605e-01
3.381180382612779534e-01, 9.885130402117128789e-02, 3.391980852314118167e-01, 2.238325724861390253e-01
3.381346235660533939e-01, 9.916265360716679245e-02, 3.393026606355046826e-01, 2.234000621912751450e-01
3.381506922803796389e-01, 9.947510339458237594e-02, 3.394065156468795141e-01, 2.229676886781583878e-01
3.381662426907046659e-01, 9.978865382885944435e-02, 3.395096472940680732e-01, 2.225354561863677472e-01
3.381812730802949418e-01, 1.001033053459290112e-01, 3.396120526054353661e-01, 2.221033689683407641e-01
3.381957817292606805e-01, 1.004190583721176616e-01, 3.397137286092427044e-01, 2.216714312893788841e-01
3.382097669145819885e-01, 1.007359133240535720e-01, 3.398146723337116537e-01, 2.212396474276528135e-01
3.382232269101344002e-01, 1.010538706085725852e-01, 3.399148808070868721e-01, 2.208080216742061008e-01
3.382361599867146351e-01, 1.013729306226248406e-01, 3.400143510577012251e-01, 2.203765583329592437e-01
3.382485644120675761e-01, 1.016930937531807938e-01, 3.401130801140394566e-01, 2.199452617207122707e-01
3.382604384509119710e-01, 1.020143603771383606e-01, 3.402110650048030815e-01, 2.195141361671465730e-01
3.382717803649678556e-01, 1.023367308612294774e-01, 3.403083027589757781e-01, 2.190831860148267918e-01
3.382825884129831984e-01, 1.026602055619273146e-01, 3.404047904058882246e-01, 2.186524156192012069e-01
3.382928608507607127e-01, 1.029847848253532400e-01, 3.405005249752840468e-01, 2.182218293486018756e-01
3.383025959311859454e-01, 1.033104689871843368e-01, 3.405955034973860429e-01, 2.177914315842437720e-01
3.383117919042539778e-01, 1.036372583725607838e-01, 3.406897230029616308e-01, 2.173612267202235382e-01
3.383204470170980138e-01, 1.039651532959938174e-01, 3.407831805233905720e-01, 2.169312191635175691e-01
3.383285595140170243e-01, 1.042941540612733892e-01, 3.408758730907309742e-01, 2.165014133339786540e-01
3.383361276365037806e-01, 1.046242609613762947e-01, 3.409677977377869040e-01, 2.160718136643329512e-01
3.383431496232739422e-01, 1.049554742783745387e-01, 3.410589514981758330e-01, 2.156424246001757694e-01
3.383496237102937010e-01, 1.052877942833437969e-01, 3.411493314063961946e-01, 2.152132505999663492e-01
3.383555481308099244e-01, 1.056212212362718506e-01, 3.412389344978956629e-01, 2.147842961350225621e-01
3.383609211153780216e-01, 1.059557553859677148e-01, 3.413277578091397646e-01, 2.143555656895144990e-01
3.383657408918923637e-01, 1.062913969699706002e-01, 3.414157983776797689e-01, 2.139270637604573089e-01
3.383700056856146499e-01, 1.066281462144589992e-01, 3.415030532422222986e-01, 2.134987948577039552e-01
3.383737137192048827e-01, 1.069660033341603422e-01, 3.415895194426984971e-01, 2.130707635039361947e-01
3.383768632127504561e-01, 1.073049685322605279e-01, 3.416751940203329729e-01, 2.126429742346559737e-01
3.383794523837965751e-01, 1.076450420003138425e-01, 3.417600740177142993e-01, 2.122154315981753803e-01
3.383814794473767318e-01, 1.079862239181529904e-01, 3.418441564788641807e-01, 2.117881401556060972e-01
3.383829426160433473e-01, 1.083285144537994016e-01, 3.419274384493086183e-01, 2.113611044808486328e-01
3.383838400998985252e-01, 1.086719137633737481e-01, 3.420099169761479097e-01, 2.109343291605796922e-01
3.383841701066252483e-01, 1.090164219910066401e-01, 3.420915891081278137e-01, 2.105078187942402979e-01
3.383839308415184099e-01, 1.093620392687495169e-01, 3.421724518957100503e-01, 2.100815779940220507e-01
3.383831205075163995e-01, 1.097087657164858149e-01, 3.422525023911444086e-01, 2.096556113848533354e-01
3.383817373052330213e-01, 1.100566014418424832e-01, 3.423317376485398578e-01, 2.092299236043846100e-01
3.383797794329890807e-01, 1.104055465401013875e-01, 3.424101547239365995e-01, 2.088045193029730850e-01
3.383772450868446358e-01, 1.107556010941112556e-01, 3.424877506753776779e-01, 2.083794031436664029e-01
3.383741324606317491e-01, 1.111067651741998313e-01, 3.425645225629821988e-01, 2.079545798021862346e-01
3.383704397459864066e-01, 1.114590388380859443e-01, 3.426404674490171609e-01, 2.075300539669105160e-01
3.383661651323818242e-01, 1.118124221307921912e-01, 3.427155823979703420e-01, 2.071058303388555455e-01
3.383613068071612551e-01, 1.121669150845578250e-01, 3.427898644766239067e-01, 2.066819136316569161e-01
3.383558629555714070e-01, 1.125225177187515191e-01, 3.428633107541269598e-01, 2.062583085715501696e-01
3.383498317607953609e-01, 1.128792300397847420e-01, 3.429359183020693758e-01, 2.058350198973504519e-01
3.383432114039870986e-01, 1.132370520410253822e-01, 3.430076841945557953e-01, 2.054120523604316684e-01
3.383360000643047538e-01, 1.135959837027112618e-01, 3.430786055082791774e-01, 2.049894107247048625e-01
3.383281959189449739e-01, 1.139560249918642604e-01, 3.431486793225949627e-01, 2.045670997665958446e-01
3.383197971431768369e-01, 1.143171758622046758e-01, 3.432179027195960130e-01, 2.041451242750224049e-01
3.383108019103774899e-01, 1.146794362540655005e-01, 3.432862727841865524e-01, 2.037234890513705265e-01
3.383012083920654556e-01, 1.150428060943072400e-01, 3.433537866041573294e-01, 2.033021989094699333e-01
3.382910147579368254e-01, 1.154072852962331752e-01, 3.434204412702607789e-01, 2.028812586755693870e-01
3.382802191758996213e-01, 1.157728737595041801e-01, 3.434862338762857403e-01, 2.024606731883104860e-01
3.382688198121099887e-01, 1.161395713700547339e-01, 3.435511615191334522e-01, 2.020404472987018529e-01
3.382568148310071687e-01, 1.165073780000083631e-01, 3.436152212988929366e-01, 2.016205858700914622e-01
3.382442023953498578e-01, 1.168762935075939313e-01, 3.436784103189168826e-01, 2.012010937781394393e-01
3.382309806662516238e-01, 1.172463177370618587e-01, 3.437407256858974192e-01, 2.007819759107890845e-01
3.382171478032182099e-01, 1.176174505186007579e-01, 3.438021645099426649e-01, 2.003632371682382840e-01
3.382027019641833943e-01, 1.179896916682542513e-01, 3.438627239046529449e-01, 1.999448824629092569e-01
3.381876413055456276e-01, 1.183630409878383138e-01, 3.439224009871976184e-01, 1.995269167194183291e-01
3.381719639822054480e-01, 1.187374982648585209e-01, 3.439811928783912398e-01, 1.991093448745448746e-01
3.381556681476021176e-01, 1.191130632724276273e-01, 3.440390967027711633e-01, 1.986921718771991752e-01
3.381387519537517039e-01, 1.194897357691838968e-01, 3.440961095886742593e-01, 1.982754026883902787e-01
3.381212135512842165e-01, 1.198675154992090985e-01, 3.441522286683141862e-01, 1.978590422811925265e-01
3.381030510894816321e-01, 1.202464021919471687e-01, 3.442074510778591057e-01, 1.974430956407121074e-01
3.380842627163157532e-01, 1.206263955621229983e-01, 3.442617739575091207e-01, 1.970275677640521417e-01
3.380648465784867884e-01, 1.210074953096615530e-01, 3.443151944515739360e-01, 1.966124636602777365e-01
3.380448008214616551e-01, 1.213897011196072018e-01, 3.443677097085509065e-01, 1.961977883503801257e-01
3.380241235895128926e-01, 1.217730126620436837e-01, 3.444193168812030303e-01, 1.957835468672402546e-01
3.380028130257572427e-01, 1.221574295920136860e-01, 3.444700131266376086e-01, 1.953697442555914765e-01
3.379808672721952845e-01, 1.225429515494394078e-01, 3.445197956063836275e-01, 1.949563855719815830e-01
3.379582844697504584e-01, 1.229295781590432346e-01, 3.445686614864714725e-01, 1.945434758847348622e-01
3.379350627583087574e-01, 1.233173090302681491e-01, 3.446166079375106994e-01, 1.941310202739123247e-01
3.379112002767588052e-01, 1.237061437571994466e-01, 3.446636321347694154e-01, 1.937190238312723467e-01
3.378866951630314919e-01, 1.240960819184858260e-01, 3.447097312582527162e-01, 1.933074916602300075e-01
3.378615455541405521e-01, 1.244871230772612025e-01, 3.447549024927821781e-01, 1.928964288758159840e-01
3.378357495862231996e-01, 1.248792667810671858e-01, 3.447991430280747949e-01, 1.924858406046348613e-01
3.378093053945800950e-01, 1.252725125617747959e-01, 3.448424500588224695e-01, 1.920757319848226674e-01
3.377822111137172012e-01, 1.256668599355076077e-01, 3.448848207847713954e-01, 1.916661081660037125e-01
3.377544648773864733e-01, 1.260623084025647711e-01, 3.449262524108014927e-01, 1.912569743092471242e-01
3.377260648186273251e-01, 1.264588574473439753e-01, 3.449667421470063999e-01, 1.908483355870222165e-01
3.376970090698080407e-01, 1.268565065382654122e-01, 3.450062872087729104e-01, 1.904401971831536367e-01
3.376672957626678517e-01, 1.272552551276953381e-01, 3.450448848168611304e-01, 1.900325642927755687e-01
3.376369230283590150e-01, 1.276551026518707721e-01, 3.450825321974845816e-01, 1.896254421222856312e-01
3.376058889974888344e-01, 1.280560485308236129e-01, 3.451192265823898597e-01, 1.892188358892977762e-01
3.375741918001623487e-01, 1.284580921683056987e-01, 3.451549652089372366e-01, 1.888127508225946882e-01
3.375418295660250756e-01, 1.288612329517141164e-01, 3.451897453201810961e-01, 1.884071921620797674e-01
3.375088004243055884e-01, 1.292654702520163734e-01, 3.452235641649500919e-01, 1.880021651587280296e-01
3.374751025038592034e-01, 1.296708034236765394e-01, 3.452564189979274722e-01, 1.875976750745368127e-01
3.374407339332110567e-01, 1.300772318045812781e-01, 3.452883070797320708e-01, 1.871937271824754556e-01
3.374056928405998468e-01, 1.304847547159661558e-01, 3.453192256769990753e-01, 1.867903267664348388e-01
3.373699773540214109e-01, 1.308933714623428113e-01, 3.453491720624601302e-01, 1.863874791211757032e-01
3.373335856012729672e-01, 1.313030813314254863e-01, 3.453781435150247159e-01, 1.859851895522766918e-01
3.372965157099977462e-01, 1.317138835940591668e-01, 3.454061373198612506e-01, 1.855834633760819752e-01
3.372587658077285666e-01, 1.321257775041466687e-01, 3.454331507684773039e-01, 1.851823059196475441e-01
3.372203340219336876e-01, 1.325387622985772229e-01, 3.454591811588013095e-01, 1.847817225206877523e-01
3.371812184800609402e-01, 1.329528371971547274e-01, 3.454842257952637774e-01, 1.843817185275206105e-01
3.371414173095831912e-01, 1.333680014025264149e-01, 3.455082819888778412e-01, 1.839822992990126360e-01
3.371009286380436953e-01, 1.337842541001120211e-01, 3.455313470573211365e-01, 1.835834702045231193e-01
3.370597505931021143e-01, 1.342015944580330911e-01, 3.455534183250169034e-01, 1.831852366238477803e-01
3.370178813025796472e-01, 1.346200216270430627e-01, 3.455744931232153649e-01, 1.827876039471620084e-01
3.369753188945056044e-01, 1.350395347404568236e-01, 3.455945687900747743e-01, 1.823905775749627978e-01
3.369320614971637040e-01, 1.354601329140815713e-01, 3.456136426707437925e-01, 1.819941629180110154e-01
3.368881072391384235e-01, 1.358818152461472029e-01, 3.456317121174421469e-01, 1.815983653972722822e-01
3.368434542493619621e-01, 1.363045808172377027e-01, 3.456487744895424541e-01, 1.812031904438578533e-01
3.367981006571610370e-01, 1.367284286902225032e-01, 3.456648271536522099e-01, 1.808086434989642777e-01
3.367520445923041783e-01, 1.371533579101879563e-01, 3.456798674836948360e-01, 1.804147300138129739e-01
3.367052841850492473e-01, 1.375793675043697761e-01, 3.456938928609919470e-01, 1.800214554495890573e-01
3.366578175661911199e-01, 1.380064564820853712e-01, 3.457069006743442863e-01, 1.796288252773792782e-01
3.366096428671092600e-01, 1.384346238346664537e-01, 3.457188883201144369e-01, 1.792368449781097939e-01
3.365607582198165137e-01, 1.388638685353923430e-01, 3.457298532023080351e-01, 1.788455200424831637e-01
3.365111617570066271e-01, 1.392941895394234908e-01, 3.457397927326554821e-01, 1.784548559709145943e-01
3.364608516121033732e-01, 1.397255857837348125e-01, 3.457487043306939900e-01, 1.780648582734677965e-01
3.364098259193095131e-01, 1.401580561870505170e-01, 3.457565854238495162e-01, 1.776755324697903982e-01
3.363580828136554235e-01, 1.405915996497779930e-01, 3.457634334475184756e-01, 1.772868840890481079e-01
3.363056204310485020e-01, 1.410262150539430270e-01, 3.457692458451493978e-01, 1.768989186698591287e-01
3.362524369083226827e-01, 1.414619012631245787e-01, 3.457740200683253051e-01, 1.765116417602274890e-01
3.361985303832883965e-01, 1.418986571223906923e-01, 3.457777535768451482e-01, 1.761250589174757075e-01
3.361438989947820866e-01, 1.423364814582341598e-01, 3.457804438388060175e-01, 1.757391757081775696e-01
3.360885408827171128e-01, 1.427753730785087383e-01, 3.457820883306848558e-01, 1.753539977080891543e-01
3.360324541881332672e-01, 1.432153307723656732e-01, 3.457826845374205593e-01, 1.749695305020805003e-01
3.359756370532480108e-01, 1.436563533101905266e-01, 3.457822299524954679e-01, 1.745857796840658560e-01
3.359180876215077105e-01, 1.440984394435406712e-01, 3.457807220780180213e-01, 1.742027508569337080e-01
3.358598040376376548e-01, 1.445415879050826191e-01, 3.457781584248035833e-01, 1.738204496324761983e-01
3.358007844476946224e-01, 1.449857974085300427e-01, 3.457745365124573200e-01, 1.734388816313179038e-01
3.357410269991179530e-01, 1.454310666485821024e-01, 3.457698538694558010e-01, 1.730580524828441435e-01
3.356805298407811167e-01, 1.458773943008619955e-01, 3.457641080332283234e-01, 1.726779678251287586e-01
3.356192911230438947e-01, 1.463247790218558109e-01, 3.457572965502394569e-01, 1.722986333048607543e-01
3.355573089978055590e-01, 1.467732194488523267e-01, 3.457494169760704783e-01, 1.719200545772715250e-01
3.354945816185560536e-01, 1.472227141998821154e-01, 3.457404668755014177e-01, 1.715422373060603578e-01
3.354311071404296740e-01, 1.476732618736578406e-01, 3.457304438225924925e-01, 1.711651871633200483e-01
3.353668837202575803e-01, 1.481248610495146945e-01, 3.457193454007661537e-01, 1.707889098294615993e-01
3.353019095166215879e-01, 1.485775102873508613e-01, 3.457071692028887422e-01, 1.704134109931389196e-01
3.352361826899069586e-01, 1.490312081275688427e-01, 3.456939128313521459e-01, 1.700386963511720251e-01
3.351697014023569676e-01, 1.494859530910167822e-01, 3.456795738981555122e-01, 1.696647716084706825e-01
3.351024638181260284e-01, 1.499417436789302061e-01, 3.456641500249869048e-01, 1.692916424779568607e-01
3.350344681033343153e-01, 1.503985783728739867e-01, 3.456476388433047942e-01, 1.689193146804868761e-01
3.349657124261222196e-01, 1.508564556346853047e-01, 3.456300379944196033e-01, 1.685477939447728446e-01
3.348961949567048624e-01, 1.513153739064158620e-01, 3.456113451295753647e-01, 1.681770860073038554e-01
3.348259138674271607e-01, 1.517753316102753436e-01, 3.455915579100312662e-01, 1.678071966122662295e-01
3.347548673328190061e-01, 1.522363271485750180e-01, 3.455706740071425864e-01, 1.674381315114634172e-01
3.346830535296503872e-01, 1.526983589036714217e-01, 3.455486911024426844e-01, 1.670698964642356454e-01
3.346104706369872894e-01, 1.531614252379106256e-01, 3.455256068877238795e-01, 1.667024972373783165e-01
3.345371168362474279e-01, 1.536255244935729181e-01, 3.455014190651191086e-01, 1.663359396050606287e-01
3.344629903112567026e-01, 1.540906549928173774e-01, 3.454761253471828608e-01, 1.659702293487431701e-01
3.343880892483049316e-01, 1.545568150376275818e-01, 3.454497234569723907e-01, 1.656053722570950404e-01
3.343124118362033603e-01, 1.550240029097570693e-01, 3.454222111281289309e-01, 1.652413741259106117e-01
3.342359562663404504e-01, 1.554922168706750207e-01, 3.453935861049587941e-01, 1.648782407580257903e-01
3.341587207327397779e-01, 1.559614551615128575e-01, 3.453638461425141415e-01, 1.645159779632332786e-01
3.340807034321171543e-01, 1.564317160030110065e-01, 3.453329890066740293e-01, 1.641545915581977821e-01
3.340019025639380801e-01, 1.569029975954655820e-01, 3.453010124742254550e-01, 1.637940873663708830e-01
3.339223163304758102e-01, 1.573752981186758715e-01, 3.452679143329439038e-01, 1.634344712179043591e-01
3.338419429368692515e-01, 1.578486157318922667e-01, 3.452336923816743397e-01, 1.630757489495641699e-01
3.337607805911812497e-01, 1.583229485737639719e-01, 3.451983444304114190e-01, 1.627179264046433871e-01
3.336788275044574870e-01, 1.587982947622876562e-01, 3.451618683003805921e-01, 1.623610094328742648e-01
3.335960818907848235e-01, 1.592746523947561610e-01, 3.451242618241184279e-01, 1.620050038903405321e-01
3.335125419673509728e-01, 1.597520195477074856e-01, 3.450855228455529389e-01, 1.616499156393885750e-01
3.334282059545032317e-01, 1.602303942768743827e-01, 3.450456492200842384e-01, 1.612957505485381193e-01
3.333430720758083221e-01, 1.607097746171341213e-01, 3.450046388146645326e-01, 1.609425144923929130e-01
3.332571385581125090e-01, 1.611901585824585814e-01, 3.449624895078785558e-01, 1.605902133515504093e-01
3.331704036316009421e-01, 1.616715441658647945e-01, 3.449191991900234511e-01, 1.602388530125107846e-01
3.330828655298589402e-01, 1.621539293393658709e-01, 3.448747657631892061e-01, 1.598884393675860383e-01
3.329945224899314993e-01, 1.626373120539220396e-01, 3.448291871413383114e-01, 1.595389783148082608e-01
3.329053727523850759e-01, 1.631216902393921586e-01, 3.447824612503856967e-01, 1.591904757578370411e-01
3.328154145613680948e-01, 1.636070618044860592e-01, 3.447345860282786667e-01, 1.588429376058670683e-01
3.327246461646728437e-01, 1.640934246367160010e-01, 3.446855594250766153e-01, 1.584963697735346511e-01
3.326330658137961471e-01, 1.645807766023499041e-01, 3.446353794030301287e-01, 1.581507781808237922e-01
3.325406717640021492e-01, 1.650691155463640813e-01, 3.445840439366615882e-01, 1.578061687529721535e-01
3.324474622743839869e-01, 1.655584392923964143e-01, 3.445315510128434955e-01, 1.574625474203761033e-01
3.323534356079261287e-01, 1.660487456427000574e-01, 3.444778986308784097e-01, 1.571199201184952654e-01
3.322585900315673246e-01, 1.665400323780973357e-01, 3.444230848025784386e-01, 1.567782927877568733e-01
3.321629238162629449e-01, 1.670322972579343090e-01, 3.443671075523433989e-01, 1.564376713734592916e-01
3.320664352370487071e-01, 1.675255380200350863e-01, 3.443099649172411958e-01, 1.560980618256751773e-01
3.319691225731034590e-01, 1.680197523806570281e-01, 3.442516549470854836e-01, 1.557594700991540571e-01
3.318709841078135714e-01, 1.685149380344460601e-01, 3.441921757045159902e-01, 1.554219021532245171e-01
3.317720181288360548e-01, 1.690110926543923475e-01, 3.441315252650756218e-01, 1.550853639516958371e-01
3.316722229281635625e-01, 1.695082138917864689e-01, 3.440697017172906769e-01, 1.547498614627592084e-01
3.315715968021881177e-01, 1.700062993761755903e-01, 3.440067031627485061e-01, 1.544154006588878136e-01
3.314701380517660612e-01, 1.705053467153203606e-01, 3.439425277161760053e-01, 1.540819875167376563e-01
3.313678449822832217e-01, 1.710053534951518628e-01, 3.438771735055183854e-01, 1.537496280170466412e-01
3.312647159037198086e-01, 1.715063172797291757e-01, 3.438106386720171659e-01, 1.534183281445338221e-01
3.311607491307164697e-01, 1.720082356111970190e-01, 3.437429213702885011e-01, 1.530880938877980657e-01
3.310559429826389621e-01, 1.725111060097440641e-01, 3.436740197684008402e-01, 1.527589312392160503e-01
3.309502957836454873e-01, 1.730149259735609957e-01, 3.436039320479535308e-01, 1.524308461948398752e-01
3.308438058627521938e-01, 1.735196929787998221e-01, 3.435326564041540354e-01, 1.521038447542940319e-01
3.307364715538996247e-01, 1.740254044795325750e-01, 3.434601910458957019e-01, 1.517779329206721262e-01
3.306282911960200521e-01, 1.745320579077110357e-01, 3.433865341958359241e-01, 1.514531167004329604e-01
3.305192631331042574e-01, 1.750396506731265733e-01, 3.433116840904730238e-01, 1.511294021032960344e-01
3.304093857142689772e-01, 1.755481801633702876e-01, 3.432356389802241892e-01, 1.508067951421366015e-01
3.302986572938241827e-01, 1.760576437437934294e-01, 3.431583971295021351e-01, 1.504853018328802250e-01
3.301870762313417473e-01, 1.765680387574684040e-01, 3.430799568167928748e-01, 1.501649281943969183e-01
3.300746408917228925e-01, 1.770793625251499692e-01, 3.430003163347323802e-01, 1.498456802483947026e-01
3.299613496452668548e-01, 1.775916123452367101e-01, 3.429194739901837430e-01, 1.495275640193127198e-01
3.298472008677394429e-01, 1.781047854937329866e-01, 3.428374281043140015e-01, 1.492105855342135412e-01
3.297321929404425367e-01, 1.786188792242112411e-01, 3.427541770126706355e-01, 1.488947508226755867e-01
3.296163242502825885e-01, 1.791338907677745840e-01, 3.426697190652584490e-01, 1.485800659166843507e-01
3.294995931898406782e-01, 1.796498173330195458e-01, 3.425840526266158981e-01, 1.482665368505238224e-01
3.293819981574421796e-01, 1.801666561059996341e-01, 3.424971760758915296e-01, 1.479541696606665735e-01
3.292635375572265932e-01, 1.806844042501888348e-01, 3.424090878069202537e-01, 1.476429703856642905e-01
3.291442097992183236e-01, 1.812030589064454744e-01, 3.423197862282994497e-01, 1.473329450660369744e-01
3.290240132993965672e-01, 1.817226171929765821e-01, 3.422292697634645720e-01, 1.470240997441621400e-01
3.289029464797671998e-01, 1.822430762053031117e-01, 3.421375368507663106e-01, 1.467164404641633779e-01
3.287810077684330534e-01, 1.827644330162239150e-01, 3.420445859435446989e-01, 1.464099732717983049e-01
3.286581955996657478e-01, 1.832866846757819634e-01, 3.419504155102062737e-01, 1.461047042143461261e-01
3.285345084139773553e-01, 1.838098282112296533e-01, 3.418550240342983493e-01, 1.458006393404946144e-01
3.284099446581923987e-01, 1.843338606269951108e-01, 3.417584100145855674e-01, 1.454977847002267843e-01
3.282845027855201270e-01, 1.848587789046483854e-01, 3.416605719651246154e-01, 1.451961463447069278e-01
3.281581812556269018e-01, 1.853845800028682544e-01, 3.415615084153392211e-01, 1.448957303261655394e-01
3.280309785347090834e-01, 1.859112608574094994e-01, 3.414612179100959821e-01, 1.445965426977854074e-01
3.279028930955664722e-01, 1.864388183810700705e-01, 3.413596990097785278e-01, 1.442985895135849295e-01
3.277739234176750838e-01, 1.869672494636591964e-01, 3.412569502903626817e-01, 1.440018768283029549e-01
3.276440679872612560e-01, 1.874965509719654089e-01, 3.411529703434914018e-01, 1.437064106972819610e-01
3.275133252973752573e-01, 1.880267197497249021e-01, 3.410477577765489432e-01, 1.434121971763507308e-01
3.273816938479660599e-01, 1.885577526175908625e-01, 3.409413112127356316e-01, 1.431192423217074738e-01
3.272491721459548364e-01, 1.890896463731020216e-01, 3.408336292911420817e-01, 1.428275521898009770e-01
3.271157587053110105e-01, 1.896223977906529023e-01, 3.407247106668234715e-01, 1.425371328372126711e-01
3.269814520471260311e-01, 1.901560036214632321e-01, 3.406145540108735381e-01, 1.422479903205371154e-01
3.268462506996897554e-01, 1.906904605935486330e-01, 3.405031580104989630e-01, 1.419601306962627874e-01
3.267101531985651675e-01, 1.912257654116909511e-01, 3.403905213690924803e-01, 1.416735600206515400e-01
3.265731580866650940e-01, 1.917619147574093907e-01, 3.402766428063073167e-01, 1.413882843496181430e-01
3.264352639143279222e-01, 1.922989052889320094e-01, 3.401615210581306892e-01, 1.411043097386093792e-01
3.262964692393938715e-01, 1.928367336411671851e-01, 3.400451548769570231e-01, 1.408216422424818370e-01
3.261567726272824319e-01, 1.933753964256759994e-01, 3.399275430316615609e-01, 1.405402879153801743e-01
3.260161726510682478e-01, 1.939148902306442601e-01, 3.398086843076731922e-01, 1.402602528106142166e-01
3.258746678915598327e-01, 1.944552116208558556e-01, 3.396885775070487279e-01, 1.399815429805356115e-01
3.257322569373757859e-01, 1.949963571376655547e-01, 3.395672214485443985e-01, 1.397041644764142887e-01
3.255889383850237295e-01, 1.955383232989726106e-01, 3.394446149676895730e-01, 1.394281233483140037e-01
3.254447108389778021e-01, 1.960811065991948654e-01, 3.393207569168598114e-01, 1.391534256449674378e-01
3.252995729117573731e-01, 1.966247035092428819e-01, 3.391956461653488075e-01, 1.388800774136511040e-01
3.251535232240052031e-01, 1.971691104764943803e-01, 3.390692815994411080e-01, 1.386080847000591976e-01
3.250065604045676015e-01, 1.977143239247699802e-01, 3.389416621224849990e-01, 1.383374535481773915e-01
3.248586830905725864e-01, 1.982603402543077487e-01, 3.388127866549640599e-01, 1.380681900001556883e-01
3.247098899275094874e-01, 1.988071558417396079e-01, 3.386826541345697716e-01, 1.378003000961810220e-01
3.245601795693098812e-01, 1.993547670400671323e-01, 3.385512635162736261e-01, 1.375337898743493603e-01
3.244095506784261396e-01, 1.999031701786383730e-01, 3.384186137723986798e-01, 1.372686653705368631e-01
3.242580019259130863e-01, 2.004523615631245148e-01, 3.382847038926913852e-01, 1.370049326182710137e-01
3.241055319915079891e-01, 2.010023374754973391e-01, 3.381495328843937553e-01, 1.367425976486009720e-01
3.239521395637118273e-01, 2.015530941740070470e-01, 3.380130997723140296e-01, 1.364816664899670962e-01
3.237978233398701722e-01, 2.021046278931599438e-01, 3.378754035988992266e-01, 1.362221451680707407e-01
3.236425820262551767e-01, 2.026569348436973173e-01, 3.377364434243053104e-01, 1.359640397057422512e-01
3.234864143381469548e-01, 2.032100112125741209e-01, 3.375962183264690220e-01, 1.357073561228098746e-01
3.233293189999159600e-01, 2.037638531629382133e-01, 3.374547274011788778e-01, 1.354521004359669212e-01
3.231712947451050311e-01, 2.043184568341100682e-01, 3.373119697621460022e-01, 1.351982786586388985e-01
3.230123403165122142e-01, 2.048738183415628744e-01, 3.371679445410747933e-01, 1.349458968008501736e-01
3.228524544662735862e-01, 2.054299337769028289e-01, 3.370226508877338656e-01, 1.346949608690896361e-01
3.226916359559466319e-01, 2.059867992078502630e-01, 3.368760879700264943e-01, 1.344454768661766664e-01
3.225298835565933442e-01, 2.065444106782205469e-01, 3.367282549740608921e-01, 1.341974507911251058e-01
3.223671960488642130e-01, 2.071027642079062703e-01, 3.365791511042212081e-01, 1.339508886390083642e-01
3.222035722230821575e-01, 2.076618557928588127e-01, 3.364287755832365834e-01, 1.337057964008225575e-01
3.220390108793267925e-01, 2.082216814050711073e-01, 3.362771276522520392e-01, 1.334621800633500333e-01
3.218735108275190826e-01, 2.087822369925607657e-01, 3.361242065708985316e-01, 1.332200456090216756e-01
3.217070708875059415e-01, 2.093435184793527859e-01, 3.359700116173622853e-01, 1.329793990157789596e-01
3.215396898891456634e-01, 2.099055217654642869e-01, 3.358145420884544596e-01, 1.327402462569355901e-01
3.213713666723930218e-01, 2.104682427268876332e-01, 3.356577972996812598e-01, 1.325025933010380019e-01
3.212021000873849785e-01, 2.110316772155759746e-01, 3.354997765853129921e-01, 1.322664461117259438e-01
3.210318889945266707e-01, 2.115958210594277578e-01, 3.353404792984535643e-01, 1.320318106475921183e-01
3.208607322645773419e-01, 2.121606700622723496e-01, 3.351799048111093748e-01, 1.317986928620409892e-01
3.206886287787372170e-01, 2.127262200038561313e-01, 3.350180525142587573e-01, 1.315670987031477279e-01
3.205155774287338777e-01, 2.132924666398288704e-01, 3.348549218179209808e-01, 1.313370341135161601e-01
3.203415771169093595e-01, 2.138594057017301486e-01, 3.346905121512248060e-01, 1.311085050301356303e-01
3.201666267563073043e-01, 2.144270328969772876e-01, 3.345248229624769865e-01, 1.308815173842382829e-01
3.199907252707606675e-01, 2.149953439088525264e-01, 3.343578537192317679e-01, 1.306560771011550381e-01
3.198138715949791488e-01, 2.155643343964915859e-01, 3.341896039083581127e-01, 1.304321901001711248e-01
3.196360646746375100e-01, 2.161339999948721502e-01, 3.340200730361090331e-01, 1.302098622943812789e-01
3.194573034664637823e-01, 2.167043363148030144e-01, 3.338492606281893704e-01, 1.299890995905438329e-01
3.192775869383276954e-01, 2.172753389429137594e-01, 3.336771662298238517e-01, 1.297699078889347213e-01
3.190969140693297734e-01, 2.178470034416447321e-01, 3.335037894058249797e-01, 1.295522930832005148e-01
3.189152838498899856e-01, 2.184193253492376641e-01, 3.333291297406610343e-01, 1.293362610602112328e-01
3.187326952818373416e-01, 2.189923001797267066e-01, 3.331531868385240180e-01, 1.291218176999120171e-01
3.185491473784990979e-01, 2.195659234229298540e-01, 3.329759603233962695e-01, 1.289089688751746954e-01
3.183646391647911855e-01, 2.201401905444411999e-01, 3.327974498391191860e-01, 1.286977204516483453e-01
3.181791696773078604e-01, 2.207150969856231104e-01, 3.326176550494593931e-01, 1.284880782876097194e-01
3.179927379644116314e-01, 2.212906381635994790e-01, 3.324365756381763570e-01, 1.282800482338124215e-01
3.178053430863246875e-01, 2.218668094712494265e-01, 3.322542113090899418e-01, 1.280736361333360551e-01
3.176169841152188256e-01, 2.224436062772006395e-01, 3.320705617861463566e-01, 1.278688478214342616e-01
3.174276601353070437e-01, 2.230210239258248184e-01, 3.318856268134854903e-01, 1.276656891253826753e-01
3.172373702429345799e-01, 2.235990577372321542e-01, 3.316994061555076923e-01, 1.274641658643256847e-01
3.170461135466703384e-01, 2.241777030072669707e-01, 3.315118995969397186e-01, 1.272642838491229722e-01
3.168538891673989277e-01, 2.247569550075042555e-01, 3.313231069429016795e-01, 1.270660488821951373e-01
3.166606962384122537e-01, 2.253368089852458012e-01, 3.311330280189729858e-01, 1.268694667573690149e-01
3.164665339055017235e-01, 2.259172601635177358e-01, 3.309416626712582965e-01, 1.266745432597221055e-01
3.162714013270512825e-01, 2.264983037410683020e-01, 3.307490107664540768e-01, 1.264812841654264219e-01
3.160752976741291742e-01, 2.270799348923658589e-01, 3.305550721919134349e-01, 1.262896952415915597e-01
3.158782221305811988e-01, 2.276621487675982436e-01, 3.303598468557129575e-01, 1.260997822461075724e-01
3.156801738931241941e-01, 2.282449404926716607e-01, 3.301633346867173247e-01, 1.259115509274868483e-01
3.154811521714385725e-01, 2.288283051692110992e-01, 3.299655356346450907e-01, 1.257250070247050988e-01
3.152811561882626901e-01, 2.294122378745607482e-01, 3.297664496701340209e-01, 1.255401562670425131e-01
3.150801851794854946e-01, 2.299967336617851077e-01, 3.295660767848060391e-01, 1.253570043739233586e-01
3.148782383942416718e-01, 2.305817875596709310e-01, 3.293644169913320097e-01, 1.251755570547553875e-01
3.146753150950048483e-01, 2.311673945727292789e-01, 3.291614703234971295e-01, 1.249958200087688404e-01
3.144714145576823494e-01, 2.317535496811987950e-01, 3.289572368362649324e-01, 1.248177989248539926e-01
3.142665360717097900e-01, 2.323402478410490912e-01, 3.287517166058422369e-01, 1.246414994813990346e-01
3.140606789401454990e-01, 2.329274839839847178e-01, 3.285449097297433174e-01, 1.244669273461265352e-01
3.138538424797658322e-01, 2.335152530174504082e-01, 3.283368163268542972e-01, 1.242940881759294486e-01
3.136460260211600959e-01, 2.341035498246361868e-01, 3.281274365374968749e-01, 1.241229876167067869e-01
3.134372289088258601e-01, 2.346923692644833637e-01, 3.279167705234925512e-01, 1.239536313031981696e-01
3.132274505012643817e-01, 2.352817061716913905e-01, 3.277048184682262999e-01, 1.237860248588179002e-01
3.130166901710766392e-01, 2.358715553567251044e-01, 3.274915805767098509e-01, 1.236201738954884471e-01
3.128049473050585338e-01, 2.364619116058227777e-01, 3.272770570756453612e-01, 1.234560840134732718e-01
3.125922213042976461e-01, 2.370527696810048601e-01, 3.270612482134889754e-01, 1.232937608012086295e-01
3.123785115842686588e-01, 2.376441243200828335e-01, 3.268441542605131089e-01, 1.231332098351353432e-01
3.121638175749306132e-01, 2.382359702366699250e-01, 3.266257755088701753e-01, 1.229744366795292587e-01
3.119481387208227208e-01, 2.388283021201910716e-01, 3.264061122726548692e-01, 1.228174468863313801e-01
3.117314744811611193e-01, 2.394211146358948272e-01, 3.261851648879667276e-01, 1.226622459949773120e-01
3.115138243299359622e-01, 2.400144024248651586e-01, 3.259629337129729687e-01, 1.225088395322258966e-01
3.112951877560083402e-01, 2.406081601040342133e-01, 3.257394191279700535e-01, 1.223572330119873514e-01
3.110755642632073159e-01, 2.412023822661959749e-01, 3.255146215354464134e-01, 1.222074319351504762e-01
3.108549533704270118e-01, 2.417970634800200858e-01, 3.252885413601435127e-01, 1.220594417894093620e-01
3.106333546117244770e-01, 2.423921982900673344e-01, 3.250611790491186315e-01, 1.219132680490895571e-01
3.104107675364167207e-01, 2.429877812168048656e-01, 3.248325350718052063e-01, 1.217689161749731797e-01
3.101871917091788555e-01, 2.435838067566226950e-01, 3.246026099200748360e-01, 1.216263916141235440e-01
3.099626267101412980e-01, 2.441802693818511394e-01, 3.243714041082982336e-01, 1.214856997997092874e-01
3.097370721349883005e-01, 2.447771635407782753e-01, 3.241389181734059544e-01, 1.213468461508274698e-01
3.095105275950554291e-01, 2.453744836576689514e-01, 3.239051526749495147e-01, 1.212098360723262158e-01
3.092829927174279292e-01, 2.459722241327841619e-01, 3.236701081951613990e-01, 1.210746749546265655e-01
3.090544671450389802e-01, 2.465703793424014745e-01, 3.234337853390157891e-01, 1.209413681735438256e-01
3.088249505367681169e-01, 2.471689436388357641e-01, 3.231961847342884053e-01, 1.208099210901078524e-01
3.085944425675391511e-01, 2.477679113504610564e-01, 3.229573070316166805e-01, 1.206803390503830703e-01
3.083629429284194257e-01, 2.483672767817338423e-01, 3.227171529045590459e-01, 1.205526273852876445e-01
3.081304513267175693e-01, 2.489670342132156711e-01, 3.224757230496549387e-01, 1.204267914104117793e-01
3.078969674860829175e-01, 2.495671779015979364e-01, 3.222330181864834775e-01, 1.203028364258356270e-01
3.076624911466037671e-01, 2.501677020797269391e-01, 3.219890390577228589e-01, 1.201807677159463794e-01
3.074270220649064633e-01, 2.507686009566299501e-01, 3.217437864292089778e-01, 1.200605905492546366e-01
3.071905600142537107e-01, 2.513698687175419666e-01, 3.214972610899942684e-01, 1.199423101782100265e-01
3.069531047846445482e-01, 2.519714995239333843e-01, 3.212494638524056034e-01, 1.198259318390165473e-01
3.067146561829119933e-01, 2.525734875135387525e-01, 3.210003955521027463e-01, 1.197114607514465079e-01
3.064752140328234065e-01, 2.531758268003859169e-01, 3.207500570481360835e-01, 1.195989021186545515e-01
3.062347781751782461e-01, 2.537785114748269399e-01, 3.204984492230042448e-01, 1.194882611269903888e-01
3.059933484679082660e-01, 2.543815356035687980e-01, 3.202455729827115016e-01, 1.193795429458113927e-01
3.057509247861757706e-01, 2.549848932297058557e-01, 3.199914292568248331e-01, 1.192727527272937071e-01
3.055075070224730904e-01, 2.555885783727526728e-01, 3.197360189985305468e-01, 1.191678956062437317e-01
3.052630950867219473e-01, 2.561925850286785322e-01, 3.194793431846915110e-01, 1.190649766999080927e-01
3.050176889063719865e-01, 2.567969071699419126e-01, 3.192214028159027772e-01, 1.189640011077831711e-01
3.047712884265007527e-01, 2.574015387455267367e-01, 3.189621989165481453e-01, 1.188649739114243098e-01
3.045238936099117777e-01, 2.580064736809789538e-01, 3.187017325348555086e-01, 1.187679001742536350e-01
3.042755044372347228e-01, 2.586117058784446199e-01, 3.184400047429528646e-01, 1.186727849413678898e-01
3.040261209070236337e-01, 2.592172292167084224e-01, 3.181770166369228270e-01, 1.185796332393451030e-01
3.037757430358565824e-01, 2.598230375512339263e-01, 3.179127693368583030e-01, 1.184884500760510634e-01
3.035243708584343669e-01, 2.604291247142040966e-01, 3.176472639869168391e-01, 1.183992404404446697e-01
3.032720044276796534e-01, 2.610354845145629321e-01, 3.173805017553745778e-01, 1.183120093023827396e-01
3.030186438148360639e-01, 2.616421107380586530e-01, 3.171124838346808805e-01, 1.182267616124244164e-01
3.027642891095663757e-01, 2.622489971472873882e-01, 3.168432114415117296e-01, 1.181435023016345759e-01
3.025089404200521637e-01, 2.628561374817380836e-01, 3.165726858168230740e-01, 1.180622362813866372e-01
3.022525978730921659e-01, 2.634635254578385766e-01, 3.163009082259041760e-01, 1.179829684431650400e-01
3.019952616142008162e-01, 2.640711547690021699e-01, 3.160278799584303466e-01, 1.179057036583665286e-01
3.017369318077071094e-01, 2.646790190856764813e-01, 3.157536023285150151e-01, 1.178304467781013803e-01
3.014776086368526897e-01, 2.652871120553916828e-01, 3.154780766747622422e-01, 1.177572026329933158e-01
3.012172923038908823e-01, 2.658954273028114601e-01, 3.152013043603182907e-01, 1.176859760329793808e-01
3.009559830301840599e-01, 2.665039584297839714e-01, 3.149232867729229723e-01, 1.176167717671088991e-01
3.006936810563025086e-01, 2.671126990153946945e-01, 3.146440253249611074e-01, 1.175495946033417172e-01
3.004303866421221270e-01, 2.677216426160192730e-01, 3.143635214535125399e-01, 1.174844492883460739e-01
3.001661000669224033e-01, 2.683307827653790834e-01, 3.140817766204030970e-01, 1.174213405472954302e-01
2.999008216294838935e-01, 2.689401129745965791e-01, 3.137987923122542711e-01, 1.173602730836652008e-01
2.996345516481864757e-01, 2.695496267322522455e-01, 3.135145700405329028e-01, 1.173012515790283761e-01
2.993672904611056618e-01, 2.701593175044432749e-01, 3.132291113416002526e-01, 1.172442806928508940e-01
2.990990384261108526e-01, 2.707691787348422419e-01, 3.129424177767608506e-01, 1.171893650622860827e-01
2.988297959209620380e-01, 2.713792038447581656e-01, 3.126544909323110688e-01, 1.171365093019687137e-01
2.985595633434064422e-01, 2.719893862331977941e-01, 3.123653324195870828e-01, 1.170857180038084727e-01
2.982883411112757233e-01, 2.725997192769292199e-01, 3.120749438750125004e-01, 1.170369957367825980e-01
2.980161296625817857e-01, 2.732101963305450520e-01, 3.117833269601452129e-01, 1.169903470467280604e-01
2.977429294556134254e-01, 2.738208107265285851e-01, 3.114904833617246904e-01, 1.169457764561332991e-01
2.974687409690326412e-01, 2.744315557753201351e-01, 3.111964147917179457e-01, 1.169032884639292225e-01
2.971935647019697813e-01, 2.750424247653849297e-01, 3.109011229873659410e-01, 1.168628875452794452e-01
2.969174011741195218e-01, 2.756534109632819418e-01, 3.106046097112281634e-01, 1.168245781513703174e-01
2.966402509258361242e-01, 2.762645076137349998e-01, 3.103068767512285886e-01, 1.167883647092003013e-01
2.963621145182283034e-01, 2.768757079397036747e-01, 3.100079259206995896e-01, 1.167542516213684045e-01
2.960829925332540968e-01, 2.774870051424567219e-01, 3.097077590584265128e-01, 1.167222432658626824e-01
2.958028855738153995e-01, 2.780983924016461883e-01, 3.094063780286908094e-01, 1.166923439958476444e-01
2.955217942638521667e-01, 2.787098628753830187e-01, 3.091037847213134460e-01, 1.166645581394515074e-01
2.952397192484359500e-01, 2.793214097003139385e-01, 3.087999810516975918e-01, 1.166388899995525752e-01
2.949566611938639893e-01, 2.799330259916996688e-01, 3.084949689608706969e-01, 1.166153438535654507e-01
2.946726207877521930e-01, 2.805447048434949742e-01, 3.081887504155264024e-01, 1.165939239532264721e-01
2.943875987391278426e-01, 2.811564393284286534e-01, 3.078813274080649531e-01, 1.165746345243785509e-01
2.941015957785225732e-01, 2.817682224980866956e-01, 3.075727019566348308e-01, 1.165574797667559698e-01
2.938146126580644113e-01, 2.823800473829956581e-01, 3.072628761051718893e-01, 1.165424638537680413e-01
2.935266501515694237e-01, 2.829919069927078756e-01, 3.069518519234397669e-01, 1.165295909322830448e-01
2.932377090546335330e-01, 2.836037943158876140e-01, 3.066396315070682443e-01, 1.165188651224106503e-01
2.929477901847233334e-01, 2.842157023203993327e-01, 3.063262169775921584e-01, 1.165102905172851200e-01
2.926568943812670742e-01, 2.848276239533968357e-01, 3.060116104824892047e-01, 1.165038711828468715e-01
2.923650225057446428e-01, 2.854395521414139769e-01, 3.056958141952170749e-01, 1.164996111576244303e-01
2.920721754417773819e-01, 2.860514797904567530e-01, 3.053788303152504824e-01, 1.164975144525154660e-01
2.917783540952180177e-01, 2.866633997860973393e-01, 3.050606610681171338e-01, 1.164975850505675786e-01
2.914835593942389225e-01, 2.872753049935687364e-01, 3.047413087054335890e-01, 1.164998269067586689e-01
2.911877922894214876e-01, 2.878871882578615260e-01, 3.044207755049402331e-01, 1.165042439477768366e-01
2.908910537538432761e-01, 2.884990424038219592e-01, 3.040990637705351385e-01, 1.165108400717996540e-01
2.905933447831664518e-01, 2.891108602362513214e-01, 3.037761758323085926e-01, 1.165196191482736343e-01
2.902946663957242657e-01, 2.897226345400071845e-01, 3.034521140465756828e-01, 1.165305850176928115e-01
2.899950196326080976e-01, 2.903343580801059920e-01, 3.031268807959090483e-01, 1.165437414913767789e-01
2.896944055577534982e-01, 2.909460236018268087e-01, 3.028004784891705214e-01, 1.165590923512491300e-01
2.893928252580252880e-01, 2.915576238308172918e-01, 3.024729095615425467e-01, 1.165766413496147763e-01
2.890902798433032661e-01, 2.921691514732007167e-01, 3.021441764745588232e-01, 1.165963922089372912e-01
2.887867704465662544e-01, 2.927805992156845560e-01, 3.018142817161335034e-01, 1.166183486216157278e-01
2.884822982239763078e-01, 2.933919597256710032e-01, 3.014832278005911692e-01, 1.166425142497615614e-01
2.881768643549618147e-01, 2.940032256513687159e-01, 3.011510172686947540e-01, 1.166688927249746183e-01
2.878704700423006524e-01, 2.946143896219062253e-01, 3.008176526876737422e-01, 1.166974876481193107e-01
2.875631165122020660e-01, 2.952254442474469553e-01, 3.004831366512507596e-01, 1.167283025891002607e-01
2.872548050143881593e-01, 2.958363821193057408e-01, 3.001474717796682734e-01, 1.167613410866377710e-01
2.869455368221754954e-01, 2.964471958100673432e-01, 2.998106607197140727e-01, 1.167966066480430470e-01
2.866353132325545339e-01, 2.970578778737060777e-01, 2.994727061447463035e-01, 1.168341027489931128e-01
2.863241355662700660e-01, 2.976684208457073821e-01, 2.991336107547171164e-01, 1.168738328333054632e-01
2.860120051678998743e-01, 2.982788172431907192e-01, 2.987933772761967588e-01, 1.169158003127126338e-01
2.856989234059333360e-01, 2.988890595650348092e-01, 2.984520084623953906e-01, 1.169600085666364364e-01
2.853848916728488061e-01, 2.994991402920037515e-01, 2.981095070931853996e-01, 1.170064609419620427e-01
2.850699113851908884e-01, 3.001090518868749224e-01, 2.977658759751224404e-01, 1.170551607528119015e-01
2.847539839836464304e-01, 3.007187867945691484e-01, 2.974211179414650297e-01, 1.171061112803193499e-01
2.844371109331205738e-01, 3.013283374422819905e-01, 2.970752358521949188e-01, 1.171593157724025169e-01
2.841192937228110837e-01, 3.019376962396168040e-01, 2.967282325940347465e-01, 1.172147774435373796e-01
2.838005338662826782e-01, 3.025468555787195202e-01, 2.963801110804664130e-01, 1.172724994745313193e-01
2.834808329015404138e-01, 3.031558078344155360e-01, 2.960308742517476777e-01, 1.173324850122963309e-01
2.831601923911020169e-01, 3.037645453643477156e-01, 2.956805250749283687e-01, 1.173947371696220515e-01
2.828386139220697704e-01, 3.043730605091159447e-01, 2.953290665438653151e-01, 1.174592590249488450e-01
2.825160991062017901e-01, 3.049813455924199612e-01, 2.949765016792373351e-01, 1.175260536221408997e-01
2.821926495799816359e-01, 3.055893929212015747e-01, 2.946228335285576150e-01, 1.175951239702589801e-01
2.818682670046881444e-01, 3.061971947857909937e-01, 2.942680651661874758e-01, 1.176664730433335526e-01
2.815429530664634306e-01, 3.068047434600525425e-01, 2.939121996933464764e-01, 1.177401037801374256e-01
2.812167094763812214e-01, 3.074120312015347078e-01, 2.935552402381251258e-01, 1.178160190839590143e-01
2.808895379705129702e-01, 3.080190502516194084e-01, 2.931971899554928207e-01, 1.178942218223748978e-01
2.805614403099941367e-01, 3.086257928356752056e-01, 2.928380520273077825e-01, 1.179747148270230139e-01
2.802324182810893571e-01, 3.092322511632105697e-01, 2.924778296623246066e-01, 1.180575008933756193e-01
2.799024736952559489e-01, 3.098384174280304770e-01, 2.921165260962012011e-01, 1.181425827805123729e-01
2.795716083892079706e-01, 3.104442838083933398e-01, 2.917541445915051157e-01, 1.182299632108936432e-01
2.792398242249776175e-01, 3.110498424671708229e-01, 2.913906884377180373e-01, 1.183196448701335918e-01
2.789071230899772824e-01, 3.116550855520087704e-01, 2.910261609512402314e-01, 1.184116304067736603e-01
2.785735068970594530e-01, 3.122600051954909084e-01, 2.906605654753933177e-01, 1.185059224320563209e-01
2.782389775845763302e-01, 3.128645935153027136e-01, 2.902939053804223235e-01, 1.186025235196986188e-01
2.779035371164381707e-01, 3.134688426143989459e-01, 2.899261840634968501e-01, 1.187014362056660471e-01
2.775671874821706853e-01, 3.140727445811716811e-01, 2.895574049487107948e-01, 1.188026629879468804e-01
2.772299306969715493e-01, 3.146762914896209518e-01, 2.891875714870812408e-01, 1.189062063263263136e-01
2.768917688017655809e-01, 3.152794753995267207e-01, 2.888166871565465699e-01, 1.190120686421611285e-01
2.765527038632593637e-01, 3.158822883566230200e-01, 2.884447554619630760e-01, 1.191202523181544431e-01
2.762127379739943156e-01, 3.164847223927738651e-01, 2.880717799351007469e-01, 1.192307596981310863e-01
2.758718732523988693e-01, 3.170867695261509467e-01, 2.876977641346376013e-01, 1.193435930868125827e-01
2.755301118428398199e-01, 3.176884217614132644e-01, 2.873227116461538055e-01, 1.194587547495932767e-01
2.751874559156720079e-01, 3.182896710898881487e-01, 2.869466260821235126e-01, 1.195762469123161920e-01
2.748439076672882231e-01, 3.188905094897557246e-01, 2.865695110819064806e-01, 1.196960717610496688e-01
2.744994693201653346e-01, 3.194909289262327645e-01, 2.861913703117380248e-01, 1.198182314418638067e-01
2.741541431229125858e-01, 3.200909213517606489e-01, 2.858122074647184707e-01, 1.199427280606082252e-01
2.738079313503163914e-01, 3.206904787061939377e-01, 2.854320262608003866e-01, 1.200695636826892426e-01
2.734608363033846912e-01, 3.212895929169913289e-01, 2.850508304467758158e-01, 1.201987403328481779e-01
2.731128603093903040e-01, 3.218882558994081156e-01, 2.846686237962616772e-01, 1.203302599949399171e-01
2.727640057219128944e-01, 3.224864595566911962e-01, 2.842854101096840003e-01, 1.204641246117119507e-01
2.724142749208797731e-01, 3.230841957802753073e-01, 2.839011932142611050e-01, 1.206003360845838146e-01
2.720636703126055322e-01, 3.236814564499811975e-01, 2.835159769639857830e-01, 1.207388962734274596e-01
2.717121943298304587e-01, 3.242782334342163009e-01, 2.831297652396057019e-01, 1.208798069963475802e-01
2.713598494317572274e-01, 3.248745185901765753e-01, 2.827425619486031994e-01, 1.210230700294630674e-01
2.710066381040874828e-01, 3.254703037640504504e-01, 2.823543710251732453e-01, 1.211686871066887938e-01
2.706525628590557564e-01, 3.260655807912252735e-01, 2.819651964302007929e-01, 1.213166599195180106e-01
2.702976262354634396e-01, 3.266603414964944774e-01, 2.815750421512365764e-01, 1.214669901168056315e-01
2.699418307987097587e-01, 3.272545776942676898e-01, 2.811839122024709092e-01, 1.216196793045516145e-01
2.695851791408238052e-01, 3.278482811887823978e-01, 2.807918106247079271e-01, 1.217747290456859671e-01
2.692276738804927905e-01, 3.284414437743171100e-01, 2.803987414853366666e-01, 1.219321408598534884e-01
2.688693176630908011e-01, 3.290340572354071846e-01, 2.800047088783021443e-01, 1.220919162232000088e-01
2.685101131607049996e-01, 3.296261133470616556e-01, 2.796097169240744917e-01, 1.222540565681588670e-01
2.681500630721613265e-01, 3.302176038749830012e-01, 2.792137697696171483e-01, 1.224185632832385656e-01
2.677891701230484256e-01, 3.308085205757875236e-01, 2.788168715883531101e-01, 1.225854377128109546e-01
2.674274370657396815e-01, 3.313988551972290031e-01, 2.784190265801307351e-01, 1.227546811569004137e-01
2.670648666794152581e-01, 3.319885994784234073e-01, 2.780202389711874389e-01, 1.229262948709739789e-01
2.667014617700810275e-01, 3.325777451500749327e-01, 2.776205130141121136e-01, 1.231002800657320095e-01
2.663372251705873328e-01, 3.331662839347055982e-01, 2.772198529878068807e-01, 1.232766379069002299e-01
2.659721597406458637e-01, 3.337542075468852842e-01, 2.768182631974465679e-01, 1.234553695150223118e-01
2.656062683668449220e-01, 3.343415076934642682e-01, 2.764157479744372425e-01, 1.236364759652536782e-01
2.652395539626632992e-01, 3.349281760738073155e-01, 2.760123116763730788e-01, 1.238199582871562093e-01
2.648720194684833218e-01, 3.355142043800302121e-01, 2.756079586869926712e-01, 1.240058174644939337e-01
2.645036678516009543e-01, 3.360995842972370751e-01, 2.752026934161322935e-01, 1.241940544350297049e-01
2.641345021062360687e-01, 3.366843075037609379e-01, 2.747965202996796030e-01, 1.243846700903232239e-01
2.637645252535402718e-01, 3.372683656714054456e-01, 2.743894437995244573e-01, 1.245776652755299085e-01
2.633937403416026779e-01, 3.378517504656876613e-01, 2.739814684035088987e-01, 1.247730407892006926e-01
2.630221504454557935e-01, 3.384344535460846459e-01, 2.735725986253759734e-01, 1.249707973830835456e-01
2.626497586670782924e-01, 3.390164665662800392e-01, 2.731628390047161070e-01, 1.251709357619256446e-01
2.622765681353967926e-01, 3.395977811744130270e-01, 2.727521941069132039e-01, 1.253734565832769210e-01
2.619025820062865217e-01, 3.401783890133300292e-01, 2.723406685230884139e-01, 1.255783604572949519e-01
2.615278034625693748e-01, 3.407582817208370529e-01, 2.719282668700425676e-01, 1.257856479465508104e-01
2.611522357140114159e-01, 3.413374509299543225e-01, 2.715149937901976118e-01, 1.259953195658367331e-01
2.607758819973179376e-01, 3.419158882691724632e-01, 2.711008539515354920e-01, 1.262073757819740794e-01
2.603987455761276326e-01, 3.424935853627116833e-01, 2.706858520475368124e-01, 1.264218170136239827e-01
2.600208297410041558e-01, 3.430705338307806773e-01, 2.702699927971169425e-01, 1.266386436310981967e-01
2.596421378094276866e-01, 3.436467252898390279e-01, 2.698532809445612912e-01, 1.268578559561719388e-01
2.592626731257827166e-01, 3.442221513528611609e-01, 2.694357212594581941e-01, 1.270794542618980116e-01
2.588824390613456705e-01, 3.447968036296008565e-01, 2.690173185366313002e-01, 1.273034387724221728e-01
2.585014390142707508e-01, 3.453706737268592009e-01, 2.685980775960695177e-01, 1.275298096628004474e-01
2.581196764095733953e-01, 3.459437532487533717e-01, 2.681780032828560145e-01, 1.277585670588172462e-01
2.577371546991124585e-01, 3.465160337969868665e-01, 2.677571004670950550e-01, 1.279897110368057034e-01
2.573538773615706710e-01, 3.470875069711222838e-01, 2.673353740438378923e-01, 1.282232416234689865e-01
2.569698479024336568e-01, 3.476581643688558265e-01, 2.669128289330066628e-01, 1.284591587957037151e-01
2.565850698539665076e-01, 3.482279975862923038e-01, 2.664894700793167259e-01, 1.286974624804244904e-01
2.561995467751890798e-01, 3.487969982182232975e-01, 2.660653024521973387e-01, 1.289381525543903118e-01
2.558132822518497940e-01, 3.493651578584063278e-01, 2.656403310457111089e-01, 1.291812288440326029e-01
2.554262798963972125e-01, 3.499324680998459614e-01, 2.652145608784715058e-01, 1.294266911252852648e-01
2.550385433479499531e-01, 3.504989205350760306e-01, 2.647879969935586497e-01, 1.296745391234155609e-01
2.546500762722649913e-01, 3.510645067564439059e-01, 2.643606444584335469e-01, 1.299247725128576114e-01
2.542608823617037994e-01, 3.516292183563973772e-01, 2.639325083648512704e-01, 1.301773909170474419e-01
2.538709653351977624e-01, 3.521930469277709252e-01, 2.635035938287716983e-01, 1.304323939082595307e-01
2.534803289382099867e-01, 3.527559840640760447e-01, 2.630739059902684196e-01, 1.306897810074454658e-01
2.530889769426969971e-01, 3.533180213597909569e-01, 2.626434500134376404e-01, 1.309495516840744334e-01
2.526969131470674368e-01, 3.538791504106540975e-01, 2.622122310863029271e-01, 1.312117053559753999e-01
2.523041413761401563e-01, 3.544393628139574925e-01, 2.617802544207208926e-01, 1.314762413891815140e-01
2.519106654810989165e-01, 3.549986501688421892e-01, 2.613475252522828307e-01, 1.317431590977759803e-01
2.515164893394465917e-01, 3.555570040765959616e-01, 2.609140488402168501e-01, 1.320124577437405688e-01
2.511216168549567085e-01, 3.561144161409514064e-01, 2.604798304672864551e-01, 1.322841365368054578e-01
2.507260519576237079e-01, 3.566708779683863684e-01, 2.600448754396886275e-01, 1.325581946343013795e-01
2.503297986036108203e-01, 3.572263811684254775e-01, 2.596091890869499097e-01, 1.328346311410139036e-01
2.499328607751963582e-01, 3.577809173539433507e-01, 2.591727767618204892e-01, 1.331134451090396909e-01
2.495352424807181224e-01, 3.583344781414694036e-01, 2.587356438401676173e-01, 1.333946355376448012e-01
2.491369477545157807e-01, 3.588870551514937168e-01, 2.582977957208653641e-01, 1.336782013731251662e-01
2.487379806568713325e-01, 3.594386400087745126e-01, 2.578592378256849282e-01, 1.339641415086693377e-01
2.483383452739480468e-01, 3.599892243426471850e-01, 2.574199755991815608e-01, 1.342524547842231519e-01
2.479380457177270680e-01, 3.605387997873349959e-01, 2.569800145085808230e-01, 1.345431399863570021e-01
2.475370861259422739e-01, 3.610873579822602708e-01, 2.565393600436625676e-01, 1.348361958481350265e-01
2.471354706620128849e-01, 3.616348905723574259e-01, 2.560980177166431448e-01, 1.351316210489864611e-01
2.467332035149752967e-01, 3.621813892083883268e-01, 2.556559930620564969e-01, 1.354294142145799074e-01
2.463302888994111650e-01, 3.627268455472568709e-01, 2.552132916366329773e-01, 1.357295739166990145e-01
2.459267310553752139e-01, 3.632712512523268433e-01, 2.547699190191765606e-01, 1.360320986731214099e-01
2.455225342483202955e-01, 3.638145979937401076e-01, 2.543258808104403301e-01, 1.363369869474993223e-01
2.451177027690202848e-01, 3.643568774487360162e-01, 2.538811826330005794e-01, 1.366442371492430641e-01
2.447122409334920867e-01, 3.648980813019725433e-01, 2.534358301311288586e-01, 1.369538476334065669e-01
2.443061530829142014e-01, 3.654382012458481377e-01, 2.529898289706620229e-01, 1.372658167005756380e-01
2.438994435835446783e-01, 3.659772289808255197e-01, 2.525431848388711709e-01, 1.375801425967586034e-01
2.434921168266363234e-01, 3.665151562157554777e-01, 2.520959034443286950e-01, 1.378968235132795039e-01
2.430841772283503233e-01, 3.670519746682028850e-01, 2.516479905167729458e-01, 1.382158575866738182e-01
2.426756292296675943e-01, 3.675876760647734942e-01, 2.511994518069723958e-01, 1.385372428985865434e-01
2.422664772962983548e-01, 3.681222521414418969e-01, 2.507502930865868063e-01, 1.388609774756730253e-01
2.418567259185897267e-01, 3.686556946438799276e-01, 2.503005201480274500e-01, 1.391870592895027847e-01
2.414463796114314775e-01, 3.691879953277877879e-01, 2.498501388043156968e-01, 1.395154862564651210e-01
2.410354429141593202e-01, 3.697191459592238938e-01, 2.493991548889387677e-01, 1.398462562376780183e-01
2.406239203904567414e-01, 3.702491383149378867e-01, 2.489475742557055449e-01, 1.401793670388997992e-01
2.402118166282548595e-01, 3.707779641827035344e-01, 2.484954027785989394e-01, 1.405148164104427222e-01
2.397991362396295345e-01, 3.713056153616523525e-01, 2.480426463516276214e-01, 1.408526020470904361e-01
2.393858838606977568e-01, 3.718320836626093362e-01, 2.475893108886756677e-01, 1.411927215880172948e-01
2.389720641515107880e-01, 3.723573609084281366e-01, 2.471354023233503228e-01, 1.415351726167108082e-01
2.385576817959462192e-01, 3.728814389343286240e-01, 2.466809266088285102e-01, 1.418799526608966188e-01
2.381427415015976157e-01, 3.734043095882341179e-01, 2.462258897177010408e-01, 1.422270591924672811e-01
2.377272479996623000e-01, 3.739259647311097279e-01, 2.457702976418156826e-01, 1.425764896274122062e-01
2.373112060448271388e-01, 3.744463962373025812e-01, 2.453141563921180934e-01, 1.429282413257522144e-01
2.368946204151521351e-01, 3.749655959948807737e-01, 2.448574719984912829e-01, 1.432823115914758083e-01
2.364774959119524678e-01, 3.754835559059752637e-01, 2.444002505095933531e-01, 1.436386976724788600e-01
2.360598373596784760e-01, 3.760002678871209869e-01, 2.439424979926932413e-01, 1.439973967605072402e-01
2.356416496057930632e-01, 3.765157238695991393e-01, 2.434842205335053800e-01, 1.443584059911023620e-01
2.352229375206478235e-01, 3.770299157997806239e-01, 2.430254242360221362e-01, 1.447217224435493887e-01
2.348037059973570040e-01, 3.775428356394690543e-01, 2.425661152223446138e-01, 1.450873431408293557e-01
2.343839599516690242e-01, 3.780544753662457569e-01, 2.421062996325122341e-01, 1.454552650495730681e-01
2.339637043218371071e-01, 3.785648269738139393e-01, 2.416459836243297910e-01, 1.458254850800191349e-01
2.335429440684867186e-01, 3.790738824723444700e-01, 2.411851733731940339e-01, 1.461980000859746942e-01
2.331216841744815083e-01, 3.795816338888220454e-01, 2.407238750719174203e-01, 1.465728068647789983e-01
2.326999296447878618e-01, 3.800880732673910245e-01, 2.402620949305508125e-01, 1.469499021572703290e-01
2.322776855063364010e-01, 3.805931926697028733e-01, 2.397998391762044823e-01, 1.473292826477561879e-01
2.318549568078826784e-01, 3.810969841752633314e-01, 2.393371140528673946e-01, 1.477109449639866789e-01
2.314317486198649299e-01, 3.815994398817799116e-01, 2.388739258212247973e-01, 1.480948856771303057e-01
2.310080660342603009e-01, 3.821005519055108990e-01, 2.384102807584745354e-01, 1.484811013017542369e-01
2.305839141644396018e-01, 3.826003123816126839e-01, 2.379461851581409770e-01, 1.488695882958068206e-01
2.301592981450190645e-01, 3.830987134644894265e-01, 2.374816453298881358e-01, 1.492603430606033454e-01
2.297342231317111017e-01, 3.835957473281419450e-01, 2.370166675993309324e-01, 1.496533619408160209e-01
2.293086943011728163e-01, 3.840914061665166579e-01, 2.365512583078445696e-01, 1.500486412244659562e-01
2.288827168508523746e-01, 3.845856821938559156e-01, 2.360854238123725468e-01, 1.504461771429191630e-01
2.284562959988337416e-01, 3.850785676450469430e-01, 2.356191704852333424e-01, 1.508459658708860007e-01
2.280294369836797230e-01, 3.855700547759721708e-01, 2.351525047139249314e-01, 1.512480035264231470e-01
2.276021450642722044e-01, 3.860601358638593439e-01, 2.346854329009283868e-01, 1.516522861709400094e-01
2.271744255196516959e-01, 3.865488032076314640e-01, 2.342179614635092610e-01, 1.520588098092075235e-01
2.267462836488541023e-01, 3.870360491282567872e-01, 2.337500968335183282e-01, 1.524675703893708933e-01
2.263177247707459094e-01, 3.875218659690993217e-01, 2.332818454571894684e-01, 1.528785638029653005e-01
2.258887542238575685e-01, 3.880062460962689919e-01, 2.328132137949376623e-01, 1.532917858849358050e-01
2.254593773662151579e-01, 3.884891818989714696e-01, 2.323442083211540721e-01, 1.537072324136593005e-01
2.250295995751696587e-01, 3.889706657898585052e-01, 2.318748355240003167e-01, 1.541248991109714916e-01
2.245994262472247038e-01, 3.894506902053780917e-01, 2.314051019052011937e-01, 1.545447816421960385e-01
2.241688627978629389e-01, 3.899292476061232970e-01, 2.309350139798357349e-01, 1.549668756161780014e-01
2.237379146613696912e-01, 3.904063304771829834e-01, 2.304645782761270967e-01, 1.553911765853201177e-01
2.233065872906553340e-01, 3.908819313284908059e-01, 2.299938013352305910e-01, 1.558176800456231581e-01
2.228748861570761242e-01, 3.913560426951738780e-01, 2.295226897110208553e-01, 1.562463814367291981e-01
2.224428167502522924e-01, 3.918286571379021588e-01, 2.290512499698765525e-01, 1.566772761419688020e-01
2.220103845778854668e-01, 3.922997672432372851e-01, 2.285794886904654322e-01, 1.571103594884118992e-01
2.215775951655734599e-01, 3.927693656239792941e-01, 2.281074124635257827e-01, 1.575456267469214355e-01
2.211444540566240013e-01, 3.932374449195163435e-01, 2.276350278916483560e-01, 1.579830731322114101e-01
2.207109668118659440e-01, 3.937039977961703241e-01, 2.271623415890560160e-01, 1.584226938029077714e-01
2.202771390094594162e-01, 3.941690169475449146e-01, 2.266893601813820269e-01, 1.588644838616134758e-01
2.198429762447040581e-01, 3.946324950948715271e-01, 2.262160903054474537e-01, 1.593084383549769056e-01
2.194084841298450661e-01, 3.950944249873547531e-01, 2.257425386090368413e-01, 1.597545522737633394e-01
2.189736682938784040e-01, 3.955547994025181424e-01, 2.252687117506724235e-01, 1.602028205529309468e-01
2.185385343823536552e-01, 3.960136111465489273e-01, 2.247946163993878033e-01, 1.606532380717096420e-01
2.181030880571752095e-01, 3.964708530546412479e-01, 2.243202592344995805e-01, 1.611057996536840176e-01
2.176673349964025062e-01, 3.969265179913404329e-01, 2.238456469453777853e-01, 1.615605000668793312e-01
2.172312808940475570e-01, 3.973805988508848364e-01, 2.233707862312157844e-01, 1.620173340238518778e-01
2.167949314598717203e-01, 3.978330885575481202e-01, 2.228956838007979391e-01, 1.624762961817821372e-01
2.163582924191806978e-01, 3.982839800659802032e-01, 2.224203463722668472e-01, 1.629373811425723906e-01
2.159213695126172283e-01, 3.987332663615469341e-01, 2.219447806728886696e-01, 1.634005834529471402e-01
2.154841684959531989e-01, 3.991809404606704303e-01, 2.214689934388184289e-01, 1.638658976045578863e-01
2.150466951398797288e-01, 3.996269954111666967e-01, 2.209929914148625330e-01, 1.643333180340910693e-01
2.146089552297952563e-01, 4.000714242925833553e-01, 2.205167813542414923e-01, 1.648028391233798962e-01
2.141709545655930136e-01, 4.005142202165362098e-01, 2.200403700183510558e-01, 1.652744551995196931e-01
2.137326989614464767e-01, 4.009553763270446436e-01, 2.195637641765218750e-01, 1.657481605349869491e-01
2.132941942455928441e-01, 4.013948858008663523e-01, 2.190869706057786692e-01, 1.662239493477621344e-01
2.128554462601159880e-01, 4.018327418478301327e-01, 2.186099960905980577e-01, 1.667018158014559048e-01
2.124164608607273519e-01, 4.022689377111684506e-01, 2.181328474226650882e-01, 1.671817540054391926e-01
2.119772439165453770e-01, 4.027034666678486752e-01, 2.176555314006291264e-01, 1.676637580149768492e-01
2.115378013098736798e-01, 4.031363220289025939e-01, 2.171780548298587743e-01, 1.681478218313649520e-01
2.110981389359779525e-01, 4.035674971397552047e-01, 2.167004245221950398e-01, 1.686339394020719695e-01
2.106582627028608101e-01, 4.039969853805516764e-01, 2.162226472957045620e-01, 1.691221046208829792e-01
2.102181785310361928e-01, 4.044247801664842545e-01, 2.157447299744312263e-01, 1.696123113280484096e-01
2.097778923533016593e-01, 4.048508749481157243e-01, 2.152666793881469753e-01, 1.701045533104356966e-01
2.093374101145096533e-01, 4.052752632117037623e-01, 2.147885023721016473e-01, 1.705988243016849371e-01
2.088967377713374374e-01, 4.056979384795224020e-01, 2.143102057667722327e-01, 1.710951179823679558e-01
2.084558812920556115e-01, 4.061188943101818882e-01, 2.138317964176108532e-01, 1.715934279801516193e-01
2.080148466562956044e-01, 4.065381242989484778e-01, 2.133532811747921032e-01, 1.720937478699637591e-01
2.075736398548154449e-01, 4.069556220780612965e-01, 2.128746668929595021e-01, 1.725960711741637288e-01
2.071322668892647267e-01, 4.073713813170481979e-01, 2.123959604309711147e-01, 1.731003913627160440e-01
2.066907337719482429e-01, 4.077853957230397897e-01, 2.119171686516445330e-01, 1.736067018533674622e-01
2.062490465255882865e-01, 4.081976590410822947e-01, 2.114382984215009698e-01, 1.741149960118285323e-01
2.058072111830857587e-01, 4.086081650544480803e-01, 2.109593566105083251e-01, 1.746252671519578914e-01
2.053652337872806377e-01, 4.090169075849450775e-01, 2.104803500918242254e-01, 1.751375085359501149e-01
2.049231203907101728e-01, 4.094238804932238684e-01, 2.100012857415377854e-01, 1.756517133745282011e-01
2.044808770553674382e-01, 4.098290776790832202e-01, 2.095221704384108430e-01, 1.761678748271384987e-01
2.040385098524573337e-01, 4.102324930817743964e-01, 2.090430110636185557e-01, 1.766859860021497419e-01
2.035960248621529467e-01, 4.106341206803021948e-01, 2.085638145004893584e-01, 1.772060399570554445e-01
2.031534281733494984e-01, 4.110339544937257616e-01, 2.080845876342444223e-01, 1.777280296986802344e-01
2.027107258834182357e-01, 4.114319885814559652e-01, 2.076053373517365297e-01, 1.782519481833892139e-01
2.022679240979589621e-01, 4.118282170435519363e-01, 2.071260705411880620e-01, 1.787777883173010951e-01
2.018250289305514866e-01, 4.122226340210145556e-01, 2.066467940919287372e-01, 1.793055429565051373e-01
2.013820465025064621e-01, 4.126152336960794420e-01, 2.061675148941330693e-01, 1.798352049072809433e-01
2.009389829426149188e-01, 4.130060102925059984e-01, 2.056882398385566912e-01, 1.803667669263223916e-01
2.004958443868969931e-01, 4.133949580758654596e-01, 2.052089758162729816e-01, 1.809002217209645380e-01
2.000526369783501290e-01, 4.137820713538268858e-01, 2.047297297184084708e-01, 1.814355619494145144e-01
1.996093668666958088e-01, 4.141673444764405465e-01, 2.042505084358785250e-01, 1.819727802209852308e-01
1.991660402081258663e-01, 4.145507718364188077e-01, 2.037713188591221136e-01, 1.825118690963331569e-01
1.987226631650480801e-01, 4.149323478694159628e-01, 2.032921678778368546e-01, 1.830528210876992135e-01
1.982792419058304334e-01, 4.153120670543037907e-01, 2.028130623807128108e-01, 1.835956286591529374e-01
1.978357826045452628e-01, 4.156899239134475565e-01, 2.023340092551668690e-01, 1.841402842268403117e-01
1.973922914407124085e-01, 4.160659130129767402e-01, 2.018550153870761477e-01, 1.846867801592348146e-01
1.969487745990411987e-01, 4.164400289630550978e-01, 2.013760876605118211e-01, 1.852351087773917715e-01
1.965052382691727662e-01, 4.168122664181486137e-01, 2.008972329574719995e-01, 1.857852623552065652e-01
1.960616886454208396e-01, 4.171826200772894011e-01, 2.004184581576149149e-01, 1.863372331196750664e-01
1.956181319265118956e-01, 4.175510846843382695e-01, 1.999397701379913850e-01, 1.868910132511583666e-01
1.951745743153256718e-01, 4.179176550282453495e-01, 1.994611757727783596e-01, 1.874465948836505913e-01
1.947310220186338203e-01, 4.182823259433060548e-01, 1.989826819330104968e-01, 1.880039701050496836e-01
1.942874812468388668e-01, 4.186450923094168775e-01, 1.985042954863129594e-01, 1.885631309574313519e-01
1.938439582137123085e-01, 4.190059490523269647e-01, 1.980260232966341016e-01, 1.891240694373267361e-01
1.934004591361323799e-01, 4.193648911438874749e-01, 1.975478722239771279e-01, 1.896867774960030173e-01
1.929569902338211518e-01, 4.197219136022987684e-01, 1.970698491241330563e-01, 1.902512470397468847e-01
1.925135577290814359e-01, 4.200770114923542131e-01, 1.965919608484125725e-01, 1.908174699301518340e-01
1.920701678465327744e-01, 4.204301799256813799e-01, 1.961142142433783819e-01, 1.913854379844075193e-01
1.916268268128478169e-01, 4.207814140609809628e-01, 1.956366161505776746e-01, 1.919551429755936012e-01
1.911835408564876160e-01, 4.211307091042621464e-01, 1.951591734062748662e-01, 1.925265766329755102e-01
1.907403162074368663e-01, 4.214780603090758637e-01, 1.946818928411834237e-01, 1.930997306423037907e-01
1.902971590969390336e-01, 4.218234629767450006e-01, 1.942047812801994400e-01, 1.936745966461166368e-01
1.898540757572308169e-01, 4.221669124565908815e-01, 1.937278455421339030e-01, 1.942511662440445097e-01
1.894110724212763885e-01, 4.225084041461588114e-01, 1.932510924394458540e-01, 1.948294309931188628e-01
1.889681553225020794e-01, 4.228479334914381771e-01, 1.927745287779761008e-01, 1.954093824080835873e-01
1.885253306945296192e-01, 4.231854959870817168e-01, 1.922981613566802084e-01, 1.959910119617085389e-01
1.880826047709105164e-01, 4.235210871766203478e-01, 1.918219969673624625e-01, 1.965743110851066178e-01
1.876399837848594376e-01, 4.238547026526762185e-01, 1.913460423944102207e-01, 1.971592711680541232e-01
1.871974739689877265e-01, 4.241863380571712638e-01, 1.908703044145279859e-01, 1.977458835593129682e-01
1.867550815550368948e-01, 4.245159890815342618e-01, 1.903947897964725355e-01, 1.983341395669562524e-01
1.863128127736120021e-01, 4.248436514669034492e-01, 1.899195053007877443e-01, 1.989240304586967489e-01
1.858706738539148695e-01, 4.251693210043268056e-01, 1.894444576795406288e-01, 1.995155474622177516e-01
1.854286710234776259e-01, 4.254929935349586745e-01, 1.889696536760567813e-01, 2.001086817655068073e-01
1.849868105078959768e-01, 4.258146649502543846e-01, 1.884951000246573860e-01, 2.007034245171922804e-01
1.845450985305625013e-01, 4.261343311921593213e-01, 1.880208034503959291e-01, 2.012997668268821372e-01
1.841035413124003928e-01, 4.264519882532977202e-01, 1.875467706687957703e-01, 2.018976997655059780e-01
1.836621450715968662e-01, 4.267676321771559644e-01, 1.870730083855881853e-01, 2.024972143656590118e-01
1.832209160233369272e-01, 4.270812590582629409e-01, 1.865995232964509642e-01, 2.030983016219491122e-01
1.827798603795374455e-01, 4.273928650423688969e-01, 1.861263220867477031e-01, 2.037009524913459824e-01
1.823389843485810624e-01, 4.277024463266183574e-01, 1.856534114312675399e-01, 2.043051578935330959e-01
1.818982941350506533e-01, 4.280099991597215991e-01, 1.851807979939658344e-01, 2.049109087112618854e-01
1.814577959394639006e-01, 4.283155198421223497e-01, 1.847084884277051808e-01, 2.055181957907087076e-01
1.810174959580079790e-01, 4.286190047261611569e-01, 1.842364893739975029e-01, 2.061270099418334167e-01
1.805774003822750440e-01, 4.289204502162370369e-01, 1.837648074627465378e-01, 2.067373419387413536e-01
1.801375153989975275e-01, 4.292198527689641274e-01, 1.832934493119914021e-01, 2.073491825200469152e-01
1.796978471897841267e-01, 4.295172088933259524e-01, 1.828224215276506304e-01, 2.079625223892392627e-01
1.792584019308559873e-01, 4.298125151508258579e-01, 1.823517307032672674e-01, 2.085773522150509984e-01
1.788191857927833028e-01, 4.301057681556333945e-01, 1.818813834197548496e-01, 2.091936626318283698e-01
1.783802049402228584e-01, 4.303969645747288686e-01, 1.814113862451439962e-01, 2.098114442399041935e-01
1.779414655316552407e-01, 4.306861011280422868e-01, 1.809417457343301394e-01, 2.104306876059721942e-01
1.775029737191231860e-01, 4.309731745885906351e-01, 1.804724684288219472e-01, 2.110513832634642595e-01
1.770647356479701506e-01, 4.312581817826097730e-01, 1.800035608564911627e-01, 2.116735217129289415e-01
1.766267574565797416e-01, 4.315411195896848850e-01, 1.795350295313226929e-01, 2.122970934224127360e-01
1.761890452761152581e-01, 4.318219849428753809e-01, 1.790668809531664463e-01, 2.129220888278428592e-01
1.757516052302605658e-01, 4.321007748288377970e-01, 1.785991216074897803e-01, 2.135484983334118569e-01
1.753144434349605818e-01, 4.323774862879437020e-01, 1.781317579651310601e-01, 2.141763123119646006e-01
1.748775659981637309e-01, 4.326521164143952713e-01, 1.776647964820541603e-01, 2.148055211053868097e-01
1.744409790195639298e-01, 4.329246623563359764e-01, 1.771982435991049099e-01, 2.154361150249952117e-01
1.740046885903442087e-01, 4.331951213159587200e-01, 1.767321057417670094e-01, 2.160680843519299232e-01
1.735687007929202774e-01, 4.334634905496100865e-01, 1.762663893199211962e-01, 2.167014193375484676e-01
1.731330217006854799e-01, 4.337297673678899290e-01, 1.758011007276036042e-01, 2.173361102038209591e-01
1.726976573777566637e-01, 4.339939491357487356e-01, 1.753362463427668716e-01, 2.179721471437277291e-01
1.722626138787201056e-01, 4.342560332725803884e-01, 1.748718325270416096e-01, 2.186095203216579241e-01
1.718278972483791578e-01, 4.345160172523114817e-01, 1.744078656254993420e-01, 2.192482198738100463e-01
1.713935135215023386e-01, 4.347738986034865860e-01, 1.739443519664169990e-01, 2.198882359085940763e-01
1.709594687225723941e-01, 4.350296749093508497e-01, 1.734812978610423828e-01, 2.205295585070344011e-01
1.705257688655364978e-01, 4.352833438079272699e-01, 1.730187096033610206e-01, 2.211721777231752117e-01
1.700924199535573111e-01, 4.355349029920916881e-01, 1.725565934698645443e-01, 2.218160835844864009e-01
1.696594279787648485e-01, 4.357843502096431787e-01, 1.720949557193203472e-01, 2.224612660922715424e-01
1.692267989220097857e-01, 4.360316832633709949e-01, 1.716338025925427391e-01, 2.231077152220763138e-01
1.687945387526176011e-01, 4.362769000111176299e-01, 1.711731403121653783e-01, 2.237554209240994185e-01
1.683626534281434939e-01, 4.365199983658379357e-01, 1.707129750824152303e-01, 2.244043731236033123e-01
1.679311488941292729e-01, 4.367609762956554120e-01, 1.702533130888880808e-01, 2.250545617213271232e-01
1.675000310838604123e-01, 4.369998318239134982e-01, 1.697941604983255470e-01, 2.257059765939006535e-01
1.670693059181248274e-01, 4.372365630292232574e-01, 1.693355234583933666e-01, 2.263586075942585485e-01
1.666389793049727619e-01, 4.374711680455085072e-01, 1.688774080974616842e-01, 2.270124445520570189e-01
1.662090571394778393e-01, 4.377036450620456765e-01, 1.684198205243864765e-01, 2.276674772740900077e-01
1.657795453034991706e-01, 4.379339923235001653e-01, 1.679627668282930031e-01, 2.283236955447076888e-01
1.653504496654453482e-01, 4.381622081299599292e-01, 1.675062530783602843e-01, 2.289810891262344661e-01
1.649217760800387178e-01, 4.383882908369641784e-01, 1.670502853236078278e-01, 2.296396477593893037e-01
1.644935303880819544e-01, 4.386122388555283580e-01, 1.665948695926837142e-01, 2.302993611637060289e-01
1.640657184162255533e-01, 4.388340506521659079e-01, 1.661400118936543768e-01, 2.309602190379541620e-01
1.636383459767362936e-01, 4.390537247489059713e-01, 1.656857182137961015e-01, 2.316222110605616336e-01
1.632114188672680322e-01, 4.392712597233069949e-01, 1.652319945193883310e-01, 2.322853268900366419e-01
1.627849428706331092e-01, 4.394866542084668315e-01, 1.647788467555085790e-01, 2.329495561653914526e-01
1.623589237545752795e-01, 4.396999068930291243e-01, 1.643262808458292867e-01, 2.336148885065663372e-01
1.619333672715445871e-01, 4.399110165211853607e-01, 1.638743026924164015e-01, 2.342813135148537063e-01
1.615082791584732391e-01, 4.401199818926739837e-01, 1.634229181755294524e-01, 2.349488207733233525e-01
1.610836651365532279e-01, 4.403268018627748415e-01, 1.629721331534241813e-01, 2.356173998472477771e-01
1.606595309110152858e-01, 4.405314753423006380e-01, 1.625219534621561712e-01, 2.362870402845279050e-01
1.602358821709096437e-01, 4.407340012975836108e-01, 1.620723849153870855e-01, 2.369577316161197156e-01
1.598127245888881220e-01, 4.409343787504596546e-01, 1.616234333041921267e-01, 2.376294633564601244e-01
1.593900638209881648e-01, 4.411326067782473936e-01, 1.611751043968700781e-01, 2.383022250038943357e-01
1.589679055064179281e-01, 4.413286845137249226e-01, 1.607274039387545372e-01, 2.389760060411026121e-01
1.585462552673434500e-01, 4.415226111451008850e-01, 1.602803376520280931e-01, 2.396507959355275719e-01
1.581251187086775700e-01, 4.417143859159837760e-01, 1.598339112355370017e-01, 2.403265841398015690e-01
1.577045014178700966e-01, 4.419040081253461372e-01, 1.593881303646094982e-01, 2.410033600921741570e-01
1.572844089646999732e-01, 4.420914771274857547e-01, 1.589430006908748305e-01, 2.416811132169394416e-01
1.568648469010692215e-01, 4.422767923319823047e-01, 1.584985278420848465e-01, 2.423598329248637384e-01
1.564458207607982432e-01, 4.424599532036510574e-01, 1.580547174219377460e-01, 2.430395086136129257e-01
1.560273360594233716e-01, 4.426409592624930833e-01, 1.576115750099034707e-01, 2.437201296681801022e-01
1.556093982939961984e-01, 4.428198100836401863e-01, 1.571691061610513140e-01, 2.444016854613122181e-01
1.551920129428838724e-01, 4.429965052972981154e-01, 1.567273164058800849e-01, 2.450841653539378162e-01
1.547751854655725623e-01, 4.431710445886846150e-01, 1.562862112501494094e-01, 2.457675586955933300e-01
1.543589213024716689e-01, 4.433434276979646982e-01, 1.558457961747138631e-01, 2.464518548248498531e-01
1.539432258747201743e-01, 4.435136544201814801e-01, 1.554060766353592415e-01, 2.471370430697391318e-01
1.535281045839952674e-01, 4.436817246051840136e-01, 1.549670580626407446e-01, 2.478231127481800578e-01
1.531135628123225234e-01, 4.438476381575512941e-01, 1.545287458617229381e-01, 2.485100531684031888e-01
1.526996059218879431e-01, 4.440113950365127127e-01, 1.540911454122228796e-01, 2.491978536293766033e-01
1.522862392548521016e-01, 4.441729952558636785e-01, 1.536542620680544924e-01, 2.498865034212296721e-01
1.518734681331662673e-01, 4.443324388838805206e-01, 1.532181011572755491e-01, 2.505759918256776353e-01
1.514612978583901315e-01, 4.444897260432284503e-01, 1.527826679819369871e-01, 2.512663081164444034e-01
1.510497337115122574e-01, 4.446448569108678583e-01, 1.523479678179339158e-01, 2.519574415596858574e-01
1.506387809527718058e-01, 4.447978317179571150e-01, 1.519140059148597621e-01, 2.526493814144113448e-01
1.502284448214823709e-01, 4.449486507497509291e-01, 1.514807874958615519e-01, 2.533421169329051481e-01
1.498187305358584520e-01, 4.450973143454958758e-01, 1.510483177574984126e-01, 2.540356373611472596e-01
1.494096432928433693e-01, 4.452438228983218171e-01, 1.506166018696018793e-01, 2.547299319392329342e-01
1.490011882679391775e-01, 4.453881768551308795e-01, 1.501856449751385603e-01, 2.554249899017915215e-01
1.485933706150394940e-01, 4.455303767164811579e-01, 1.497554521900749391e-01, 2.561208004784044645e-01
1.481861954662632153e-01, 4.456704230364693098e-01, 1.493260286032450368e-01, 2.568173528940225769e-01
1.477796679317914252e-01, 4.458083164226073203e-01, 1.488973792762197101e-01, 2.575146363693815443e-01
1.473737930997058576e-01, 4.459440575356979353e-01, 1.484695092431786712e-01, 2.582126401214174805e-01
1.469685760358294679e-01, 4.460776470897050427e-01, 1.480424235107848374e-01, 2.589113533636807074e-01
1.465640217835693648e-01, 4.462090858516217229e-01, 1.476161270580608198e-01, 2.596107653067481480e-01
1.461601353637620448e-01, 4.463383746413343012e-01, 1.471906248362679914e-01, 2.603108651586356626e-01
1.457569217745203205e-01, 4.464655143314838481e-01, 1.467659217687877216e-01, 2.610116421252081098e-01
1.453543859910828573e-01, 4.465905058473231826e-01, 1.463420227510053573e-01, 2.617130854105886306e-01
1.449525329656658756e-01, 4.467133501665718209e-01, 1.459189326501958983e-01, 2.624151842175663218e-01
1.445513676273167125e-01, 4.468340483192669299e-01, 1.454966563054129747e-01, 2.631179277480034662e-01
1.441508948817699642e-01, 4.469526013876107262e-01, 1.450751985273793510e-01, 2.638213052032400419e-01
1.437511196113059608e-01, 4.470690105058157671e-01, 1.446545640983803171e-01, 2.645253057844979550e-01
1.433520466746110444e-01, 4.471832768599460772e-01, 1.442347577721596052e-01, 2.652299186932833841e-01
1.429536809066403180e-01, 4.472954016877550010e-01, 1.438157842738172487e-01, 2.659351331317874045e-01
1.425560271184830308e-01, 4.474053862785210556e-01, 1.433976482997102730e-01, 2.666409383032856129e-01
1.421590900972294902e-01, 4.475132319728791774e-01, 1.429803545173555790e-01, 2.673473234125357534e-01
1.417628746058408329e-01, 4.476189401626496922e-01, 1.425639075653355736e-01, 2.680542776661739013e-01
1.413673853830210991e-01, 4.477225122906642318e-01, 1.421483120532057720e-01, 2.687617902731088693e-01
1.409726271430912226e-01, 4.478239498505884875e-01, 1.417335725614052022e-01, 2.694698504449151155e-01
1.405786045758655733e-01, 4.479232543867411875e-01, 1.413196936411693361e-01, 2.701784473962238753e-01
1.401853223465310549e-01, 4.480204274939116882e-01, 1.409066798144449073e-01, 2.708875703451123496e-01
1.397927850955278384e-01, 4.481154708171727896e-01, 1.404945355738080881e-01, 2.715972085134912839e-01
1.394009974384332606e-01, 4.482083860516919427e-01, 1.400832653823842200e-01, 2.723073511274904934e-01
1.390099639658476383e-01, 4.482991749425387917e-01, 1.396728736737705978e-01, 2.730179874178431110e-01
1.386196892432821903e-01, 4.483878392844897753e-01, 1.392633648519614742e-01, 2.737291066202666157e-01
1.382301778110499313e-01, 4.484743809218308952e-01, 1.388547432912757562e-01, 2.744406979758434728e-01
1.378414341841584512e-01, 4.485588017481559886e-01, 1.384470133362867839e-01, 2.751527507313989429e-01
1.374534628522050828e-01, 4.486411037061634466e-01, 1.380401793017549117e-01, 2.758652541398766145e-01
1.370662682792749831e-01, 4.487212887874499345e-01, 1.376342454725626718e-01, 2.765781974607123828e-01
1.366798549038407695e-01, 4.487993590323008375e-01, 1.372292161036519631e-01, 2.772915699602064299e-01
1.362942271386651250e-01, 4.488753165294784298e-01, 1.368250954199639879e-01, 2.780053609118924851e-01
1.359093893707055967e-01, 4.489491634160072131e-01, 1.364218876163818817e-01, 2.787195595969053086e-01
1.355253459610219757e-01, 4.490209018769566462e-01, 1.360195968576754233e-01, 2.794341553043460658e-01
1.351421012446855641e-01, 4.490905341452209876e-01, 1.356182272784484388e-01, 2.801491373316451483e-01
1.347596595306915224e-01, 4.491580625012971395e-01, 1.352177829830885913e-01, 2.808644949849228856e-01
1.343780251018732164e-01, 4.492234892730589957e-01, 1.348182680457197802e-01, 2.815802175793480910e-01
1.339972022148189224e-01, 4.492868168355300673e-01, 1.344196865101569549e-01, 2.822962944394939444e-01
1.336171950997912250e-01, 4.493480476106532784e-01, 1.340220423898634550e-01, 2.830127148996919306e-01
1.332380079606486079e-01, 4.494071840670580409e-01, 1.336253396679104588e-01, 2.837294683043828369e-01
1.328596449747693198e-01, 4.494642287198252206e-01, 1.332295822969396248e-01, 2.844465440084657515e-01
1.324821102929784056e-01, 4.495191841302495495e-01, 1.328347741991274533e-01, 2.851639313776445639e-01
1.321054080394758468e-01, 4.495720529055998727e-01, 1.324409192661526180e-01, 2.858816197887716903e-01
1.317295423117685049e-01, 4.496228376988761766e-01, 1.320480213591655461e-01, 2.865995986301896337e-01
1.313545171806036194e-01, 4.496715412085660613e-01, 1.316560843087605515e-01, 2.873178573020698234e-01
1.309803366899047472e-01, 4.497181661783963835e-01, 1.312651119149503554e-01, 2.880363852167485694e-01
1.306070048567107844e-01, 4.497627153970852887e-01, 1.308751079471429934e-01, 2.887551717990609612e-01
1.302345256711165689e-01, 4.498051916980900788e-01, 1.304860761441214712e-01, 2.894742064866720477e-01
1.298629030962163144e-01, 4.498455979593539156e-01, 1.300980202140254449e-01, 2.901934787304043528e-01
1.294921410680497931e-01, 4.498839371030497469e-01, 1.297109438343357068e-01, 2.909129779945646144e-01
1.291222434955500709e-01, 4.499202120953229578e-01, 1.293248506518608898e-01, 2.916326937572660261e-01
1.287532142604944363e-01, 4.499544259460306894e-01, 1.289397442827267815e-01, 2.923526155107482039e-01
1.283850572174573823e-01, 4.499865817084798270e-01, 1.285556283123676646e-01, 2.930727327616950983e-01
1.280177761937660585e-01, 4.500166824791638764e-01, 1.281725062955207106e-01, 2.937930350315493544e-01
1.276513749894582217e-01, 4.500447313974955676e-01, 1.277903817562222599e-01, 2.945135118568238952e-01
1.272858573772424340e-01, 4.500707316455397899e-01, 1.274092581878066011e-01, 2.952341527894111195e-01
1.269212271024606764e-01, 4.500946864477432530e-01, 1.270291390529075526e-01, 2.959549473968884903e-01
1.265574878830534045e-01, 4.501165990706625930e-01, 1.266500277834617383e-01, 2.966758852628221810e-01
1.261946434095273795e-01, 4.501364728226909806e-01, 1.262719277807148044e-01, 2.973969559870667800e-01
1.258326973449248321e-01, 4.501543110537823966e-01, 1.258948424152298573e-01, 2.981181491860628863e-01
1.254716533247963450e-01, 4.501701171551743541e-01, 1.255187750268982605e-01, 2.988394544931310959e-01
1.251115149571750962e-01, 4.501838945591088437e-01, 1.251437289249526519e-01, 2.995608615587634360e-01
1.247522858225539877e-01, 4.501956467385517802e-01, 1.247697073879825563e-01, 3.002823600509116897e-01
1.243939694738648016e-01, 4.502053772069105619e-01, 1.243967136639522325e-01, 3.010039396552723900e-01
1.240365694364603394e-01, 4.502130895177496317e-01, 1.240247509702208234e-01, 3.017255900755692610e-01
1.236800892080978792e-01, 4.502187872645054822e-01, 1.236538224935647273e-01, 3.024473010338320500e-01
1.233245322589262560e-01, 4.502224740801985536e-01, 1.232839313902026335e-01, 3.031690622706725846e-01
1.229699020314741070e-01, 4.502241536371452413e-01, 1.229150807858225697e-01, 3.038908635455579987e-01
1.226162019406413228e-01, 4.502238296466675171e-01, 1.225472737756112540e-01, 3.046126946370798505e-01
1.222634353736922058e-01, 4.502215058588007746e-01, 1.221805134242858470e-01, 3.053345453432211309e-01
1.219116056902516121e-01, 4.502171860620007293e-01, 1.218148027661279387e-01, 3.060564054816197199e-01
1.215607162223026200e-01, 4.502108740828493216e-01, 1.214501448050197968e-01, 3.067782648898282893e-01
1.212107702741871684e-01, 4.502025737857584531e-01, 1.210865425144828228e-01, 3.075001134255716528e-01
1.208617711226086938e-01, 4.501922890726728355e-01, 1.207239988377183243e-01, 3.082219409670001742e-01
1.205137220166370843e-01, 4.501800238827714518e-01, 1.203625166876505781e-01, 3.089437374129409553e-01
1.201666261777160905e-01, 4.501657821921678515e-01, 1.200020989469718219e-01, 3.096654926831442500e-01
1.198204867996725403e-01, 4.501495680136091138e-01, 1.196427484681898135e-01, 3.103871967185285463e-01
1.194753070487285518e-01, 4.501313853961737554e-01, 1.192844680736774160e-01, 3.111088394814203184e-01
1.191310900635154102e-01, 4.501112384249682519e-01, 1.189272605557242513e-01, 3.118304109557921699e-01
1.187878389550897779e-01, 4.500891312208230022e-01, 1.185711286765907535e-01, 3.125519011474965914e-01
1.184455568069523596e-01, 4.500650679399863519e-01, 1.182160751685643468e-01, 3.132733000844969418e-01
1.181042466750689274e-01, 4.500390527738185042e-01, 1.178621027340174682e-01, 3.139945978170950447e-01
1.177639115878927056e-01, 4.500110899484840443e-01, 1.175092140454682688e-01, 3.147157844181550646e-01
1.174245545463902946e-01, 4.499811837246429080e-01, 1.171574117456426478e-01, 3.154368499833241080e-01
1.170861785240685099e-01, 4.499493383971416294e-01, 1.168066984475393671e-01, 3.161577846312504381e-01
1.167487864670043729e-01, 4.499155582947027554e-01, 1.164570767344964841e-01, 3.168785785037964708e-01
1.164123812938764879e-01, 4.498798477796135398e-01, 1.161085491602600883e-01, 3.175992217662498840e-01
1.160769658959994732e-01, 4.498422112474142476e-01, 1.157611182490552448e-01, 3.183197046075308956e-01
1.157425431373594604e-01, 4.498026531265855721e-01, 1.154147864956588387e-01, 3.190400172403961565e-01
1.154091158546528689e-01, 4.497611778782343861e-01, 1.150695563654744735e-01, 3.197601499016383131e-01
1.150766868573262769e-01, 4.497177899957801039e-01, 1.147254302946093818e-01, 3.204800928522841819e-01
1.147452589276192481e-01, 4.496724940046400998e-01, 1.143824106899535148e-01, 3.211998363777872623e-01
1.144148348206086852e-01, 4.496252944619128500e-01, 1.140404999292602833e-01, 3.219193707882181399e-01
1.140854172642556258e-01, 4.495761959560636289e-01, 1.136997003612295054e-01, 3.226386864184512815e-01
1.137570089594538425e-01, 4.495252031066058196e-01, 1.133600143055923659e-01, 3.233577736283478887e-01
1.134296125800807742e-01, 4.494723205637852770e-01, 1.130214440531981390e-01, 3.240766228029358653e-01
1.131032307730503034e-01, 4.494175530082614722e-01, 1.126839918661028950e-01, 3.247952243525853433e-01
1.127778661583676151e-01, 4.493609051507897467e-01, 1.123476599776602053e-01, 3.255135687131824329e-01
1.124535213291862762e-01, 4.493023817319024560e-01, 1.120124505926136244e-01, 3.262316463462976990e-01
1.121301988518669523e-01, 4.492419875215896696e-01, 1.116783658871911555e-01, 3.269494477393522502e-01
1.118079012660384425e-01, 4.491797273189803708e-01, 1.113454080092015491e-01, 3.276669634057796654e-01
1.114866310846606284e-01, 4.491156059520216015e-01, 1.110135790781322795e-01, 3.283841838851854211e-01
1.111663907940892843e-01, 4.490496282771595515e-01, 1.106828811852497152e-01, 3.291010997435014906e-01
1.108471828541428839e-01, 4.489817991790179263e-01, 1.103533163937007039e-01, 3.298177015731384998e-01
1.105290096981714904e-01, 4.489121235700785917e-01, 1.100248867386162122e-01, 3.305339799931338307e-01
1.102118737331273246e-01, 4.488406063903596088e-01, 1.096975942272167548e-01, 3.312499256492963950e-01
1.098957773396374016e-01, 4.487672526070951573e-01, 1.093714408389192816e-01, 3.319655292143482428e-01
1.095807228720781651e-01, 4.486920672144139033e-01, 1.090464285254461735e-01, 3.326807813880617304e-01
1.092667126586516629e-01, 4.486150552330180341e-01, 1.087225592109359179e-01, 3.333956728973944128e-01
1.089537490014638871e-01, 4.485362217098617377e-01, 1.083998347920551719e-01, 3.341101944966191617e-01
1.086418341766049733e-01, 4.484555717178300149e-01, 1.080782571381129070e-01, 3.348243369674521186e-01
1.083309704342308999e-01, 4.483731103554175479e-01, 1.077578280911759140e-01, 3.355380911191757631e-01
1.080211599986474758e-01, 4.482888427464067349e-01, 1.074385494661863061e-01, 3.362514477887594833e-01
1.077124050683957585e-01, 4.482027740395476134e-01, 1.071204230510803546e-01, 3.369643978409763707e-01
1.074047078163393593e-01, 4.481149094082352291e-01, 1.068034506069090450e-01, 3.376769321685163527e-01
1.070980703897536218e-01, 4.480252540501902248e-01, 1.064876338679602991e-01, 3.383890416920958821e-01
1.067924949104165355e-01, 4.479338131871363204e-01, 1.061729745418826809e-01, 3.391007173605644631e-01
1.064879834747011755e-01, 4.478405920644811800e-01, 1.058594743098108526e-01, 3.398119501510068474e-01
1.061845381536700578e-01, 4.477455959509947236e-01, 1.055471348264923198e-01, 3.405227310688428988e-01
1.058821609931713398e-01, 4.476488301384897173e-01, 1.052359577204157459e-01, 3.412330511479231832e-01
1.055808540139362428e-01, 4.475502999415013061e-01, 1.049259445939412921e-01, 3.419429014506211173e-01
1.052806192116786249e-01, 4.474500106969677704e-01, 1.046170970234314851e-01, 3.426522730679221196e-01
1.049814585571959974e-01, 4.473479677639110585e-01, 1.043094165593843881e-01, 3.433611571195084311e-01
1.046833739964720816e-01, 4.472441765231177646e-01, 1.040029047265680906e-01, 3.440695447538419383e-01
1.043863674507811840e-01, 4.471386423768210494e-01, 1.036975630241561142e-01, 3.447774271482417219e-01
1.040904408167941109e-01, 4.470313707483818400e-01, 1.033933929258648576e-01, 3.454847955089592193e-01
1.037955959666854167e-01, 4.469223670819718608e-01, 1.030903958800922365e-01, 3.461916410712505554e-01
1.035018347482428991e-01, 4.468116368422560547e-01, 1.027885733100573490e-01, 3.468979550994437666e-01
1.032091589849776642e-01, 4.466991855140762246e-01, 1.024879266139422929e-01, 3.476037288870038044e-01
1.029175704762365362e-01, 4.465850186021349533e-01, 1.021884571650344270e-01, 3.483089537565940419e-01
1.026270709973157863e-01, 4.464691416306799110e-01, 1.018901663118704920e-01, 3.490136210601338385e-01
1.023376622995759849e-01, 4.463515601431889412e-01, 1.015930553783820911e-01, 3.497177221788531076e-01
1.020493461105587418e-01, 4.462322797020557563e-01, 1.012971256640421980e-01, 3.504212485233433871e-01
1.017621241341049171e-01, 4.461113058882766880e-01, 1.010023784440127609e-01, 3.511241915336056341e-01
1.014759980504738313e-01, 4.459886443011374380e-01, 1.007088149692942775e-01, 3.518265426790945227e-01
1.011909695164645573e-01, 4.458643005579008278e-01, 1.004164364668757997e-01, 3.525282934587589123e-01
1.009070401655380034e-01, 4.457382802934952148e-01, 1.001252441398865073e-01, 3.532294354010802051e-01
1.006242116079407445e-01, 4.456105891602043512e-01, 9.983523916774869611e-02, 3.539299600641063193e-01
1.003424854308301167e-01, 4.454812328273566324e-01, 9.954642270633135004e-02, 3.546298590354819424e-01
1.000618631984008244e-01, 4.453502169810164002e-01, 9.925879588810539167e-02, 3.553291239324773976e-01
9.978234645201236597e-02, 4.452175473236759107e-01, 9.897235982229990459e-02, 3.560277464020117355e-01
9.950393671031862453e-02, 4.450832295739474698e-01, 9.868711559505939646e-02, 3.567257181206745509e-01
9.922663546939794466e-02, 4.449472694662571226e-01, 9.840306426960208908e-02, 3.574230307947429131e-01
9.895044420288486020e-02, 4.448096727505390646e-01, 9.812020688637955457e-02, 3.581196761601965206e-01
9.867536436210316841e-02, 4.446704451919309964e-01, 9.783854446323717036e-02, 3.588156459827286926e-01
9.840139737620012816e-02, 4.445295925704703666e-01, 9.755807799557568438e-02, 3.595109320577538070e-01
9.812854465228167122e-02, 4.443871206807918917e-01, 9.727880845651384889e-02, 3.602055262104125744e-01
9.785680757554929277e-02, 4.442430353318255198e-01, 9.700073679705190077e-02, 3.608994202955733144e-01
9.758618750943773290e-02, 4.440973423464962266e-01, 9.672386394623620764e-02, 3.615926061978299022e-01
9.731668579575392108e-02, 4.439500475614240327e-01, 9.644819081132477434e-02, 3.622850758314973274e-01
9.704830375481721116e-02, 4.438011568266256313e-01, 9.617371827795363759e-02, 3.629768211406034784e-01
9.678104268560062950e-02, 4.436506760052175702e-01, 9.590044721030431540e-02, 3.636678340988774849e-01
9.651490386587313619e-02, 4.434986109731190451e-01, 9.562837845127211689e-02, 3.643581067097356740e-01
9.624988855234337115e-02, 4.433449676187575239e-01, 9.535751282263509043e-02, 3.650476310062641394e-01
9.598599798080380274e-02, 4.431897518427745930e-01, 9.508785112522435967e-02, 3.657363990511973140e-01
9.572323336627677759e-02, 4.430329695577331361e-01, 9.481939413909479253e-02, 3.664244029368954880e-01
9.546159590316082022e-02, 4.428746266878261229e-01, 9.455214262369665557e-02, 3.671116347853163875e-01
9.520108676537857029e-02, 4.427147291685860631e-01, 9.428609731804832306e-02, 3.677980867479870852e-01
9.494170710652523326e-02, 4.425532829465962936e-01, 9.402125894090934688e-02, 3.684837510059691956e-01
9.468345806001844667e-02, 4.423902939792029310e-01, 9.375762819095465050e-02, 3.691686197698240690e-01
9.442634073924867366e-02, 4.422257682342286556e-01, 9.349520574694929198e-02, 3.698526852795733788e-01
9.417035623773105379e-02, 4.420597116896878287e-01, 9.323399226792393468e-02, 3.705359398046573216e-01
9.391550562925768397e-02, 4.418921303335019424e-01, 9.297398839335120624e-02, 3.712183756438892090e-01
9.366178996805105128e-02, 4.417230301632186218e-01, 9.271519474332255706e-02, 3.718999851254078948e-01
9.340921028891845113e-02, 4.415524171857291291e-01, 9.245761191872589602e-02, 3.725807606066266486e-01
9.315776760740712703e-02, 4.413802974169894755e-01, 9.220124050142385064e-02, 3.732606944741794774e-01
9.290746291996022921e-02, 4.412066768817426432e-01, 9.194608105443276280e-02, 3.739397791438643370e-01
9.265829720407375847e-02, 4.410315616132407524e-01, 9.169213412210204528e-02, 3.746180070605834023e-01
9.241027141845419013e-02, 4.408549576529708913e-01, 9.143940023029435704e-02, 3.752953706982806170e-01
9.216338650317699999e-02, 4.406768710503802255e-01, 9.118787988656647248e-02, 3.759718625598764130e-01
9.191764337984595357e-02, 4.404973078626043259e-01, 9.093757358035026162e-02, 3.766474751771993201e-01
9.167304295175317252e-02, 4.403162741541964409e-01, 9.068848178313480835e-02, 3.773222011109155782e-01
9.142958610403970066e-02, 4.401337759968576568e-01, 9.044060494864850086e-02, 3.779960329504540861e-01
9.118727370385730502e-02, 4.399498194691692787e-01, 9.019394351304201030e-02, 3.786689633139313504e-01
9.094610660053055462e-02, 4.397644106563267652e-01, 8.994849789507156079e-02, 3.793409848480710500e-01
9.070608562571956524e-02, 4.395775556498752179e-01, 8.970426849628281019e-02, 3.800120902281224899e-01
9.046721159358388220e-02, 4.393892605474455926e-01, 8.946125570119503601e-02, 3.806822721577756141e-01
9.022948530094651587e-02, 4.391995314524939631e-01, 8.921945987748580720e-02, 3.813515233690736306e-01
8.999290752745887911e-02, 4.390083744740416183e-01, 8.897888137617632198e-02, 3.820198366223230835e-01
8.975747903576626607e-02, 4.388157957264164355e-01, 8.873952053181660693e-02, 3.826872047060007054e-01
8.952320057167389988e-02, 4.386218013289964190e-01, 8.850137766267164585e-02, 3.833536204366582156e-01
8.929007286431361878e-02, 4.384263974059549041e-01, 8.826445307090750869e-02, 3.840190766588240101e-01
8.905809662631125612e-02, 4.382295900860074811e-01, 8.802874704277806328e-02, 3.846835662449031856e-01
8.882727255395427013e-02, 4.380313855021600311e-01, 8.779425984881186751e-02, 3.853470820950738451e-01
8.859760132736001215e-02, 4.378317897914592582e-01, 8.756099174399946394e-02, 3.860096171371812934e-01
8.836908361064484130e-02, 4.376308090947440554e-01, 8.732894296798085487e-02, 3.866711643266302345e-01
8.814172005209311433e-02, 4.374284495563997566e-01, 8.709811374523331040e-02, 3.873317166462738603e-01
8.791551128432721629e-02, 4.372247173241127771e-01, 8.686850428525967616e-02, 3.879912671063003304e-01
8.769045792447779930e-02, 4.370196185486283080e-01, 8.664011478277640343e-02, 3.886498087441174754e-01
8.746656057435438225e-02, 4.368131593835087312e-01, 8.641294541790234263e-02, 3.893073346242346133e-01
8.724381982061657492e-02, 4.366053459848941443e-01, 8.618699635634739786e-02, 3.899638378381417581e-01
8.702223623494573235e-02, 4.363961845112655502e-01, 8.596226774960148698e-02, 3.906193115041872721e-01
8.680181037421658141e-02, 4.361856811232076581e-01, 8.573875973512380677e-02, 3.912737487674519676e-01
8.658254278066983278e-02, 4.359738419831763467e-01, 8.551647243653197339e-02, 3.919271427996218193e-01
8.636443398208479283e-02, 4.357606732552655182e-01, 8.529540596379150963e-02, 3.925794867988580683e-01
8.614748449195228086e-02, 4.355461811049773924e-01, 8.507556041340554043e-02, 3.932307739896648280e-01
8.593169480964800433e-02, 4.353303716989931904e-01, 8.485693586860429405e-02, 3.938809976227545251e-01
8.571706542060623935e-02, 4.351132512049471490e-01, 8.463953239953504737e-02, 3.945301509749115088e-01
8.550359679649373323e-02, 4.348948257912017556e-01, 8.442335006345184911e-02, 3.951782273488526065e-01
8.529128939538402343e-02, 4.346751016266242051e-01, 8.420838890490552064e-02, 3.958252200730863479e-01
8.508014366193170086e-02, 4.344540848803657984e-01, 8.399464895593355962e-02, 3.964711225017690244e-01
8.487016002754722843e-02, 4.342317817216426734e-01, 8.378213023625023792e-02, 3.971159280145597492e-01
8.466133891057199545e-02, 4.340081983195187010e-01, 8.357083275343650530e-02, 3.977596300164727428e-01
8.445368071645326102e-02, 4.337833408426894910e-01, 8.336075650313010121e-02, 3.984022219377271190e-01
8.424718583791962478e-02, 4.335572154592697292e-01, 8.315190146921544456e-02, 3.990436972335952848e-01
8.404185465515649767e-02, 4.333298283365807357e-01, 8.294426762401366227e-02, 3.996840493842492292e-01
8.383768753598173917e-02, 4.331011856409416327e-01, 8.273785492847252065e-02, 4.003232718946040936e-01
8.363468483602150283e-02, 4.328712935374613990e-01, 8.253266333235630137e-02, 4.009613582941607968e-01
8.343284689888631755e-02, 4.326401581898325355e-01, 8.232869277443555234e-02, 4.015983021368454420e-01
8.323217405634694699e-02, 4.324077857601284491e-01, 8.212594318267661675e-02, 4.022340970008480010e-01
8.303266662851059576e-02, 4.321741824086000605e-01, 8.192441447443152280e-02, 4.028687364884578903e-01
8.283432492399726843e-02, 4.319393542934769070e-01, 8.172410655662719348e-02, 4.035022142258985478e-01
8.263714924011593410e-02, 4.317033075707692458e-01, 8.152501932595498935e-02, 4.041345238631598447e-01
8.244113986304103803e-02, 4.314660483940714331e-01, 8.132715266905959917e-02, 4.047656590738279436e-01
8.224629706798865236e-02, 4.312275829143682460e-01, 8.113050646272838839e-02, 4.053956135549147688e-01
8.205262111939327918e-02, 4.309879172798430358e-01, 8.093508057407970691e-02, 4.060243810266839781e-01
8.186011227108373756e-02, 4.307470576356873804e-01, 8.074087486075222364e-02, 4.066519552324767695e-01
8.166877076646011924e-02, 4.305050101239129012e-01, 8.054788917109274859e-02, 4.072783299385341893e-01
8.147859683866982838e-02, 4.302617808831658008e-01, 8.035612334434473480e-02, 4.079034989338194972e-01
8.128959071078398213e-02, 4.300173760485422325e-01, 8.016557721083615584e-02, 4.085274560298375324e-01
8.110175259597382502e-02, 4.297718017514062794e-01, 7.997625059216728616e-02, 4.091501950604525262e-01
8.091508269768687978e-02, 4.295250641192100982e-01, 7.978814330139792632e-02, 4.097717098817050818e-01
8.072958120982290375e-02, 4.292771692753156176e-01, 7.960125514323490581e-02, 4.103919943716264895e-01
8.054524831691028952e-02, 4.290281233388187898e-01, 7.941558591421869762e-02, 4.110110424300521537e-01
8.036208419428164662e-02, 4.287779324243753409e-01, 7.923113540291014389e-02, 4.116288479784327436e-01
8.018008900824982743e-02, 4.285266026420289087e-01, 7.904790339007662647e-02, 4.122454049596446790e-01
7.999926291628348118e-02, 4.282741400970405121e-01, 7.886588964887801534e-02, 4.128607073377978942e-01
7.981960606718262186e-02, 4.280205508897214628e-01, 7.868509394505221466e-02, 4.134747490980436591e-01
7.964111860125376585e-02, 4.277658411152668871e-01, 7.850551603710040349e-02, 4.140875242463789574e-01
7.946380065048533337e-02, 4.275100168635914133e-01, 7.832715567647197119e-02, 4.146990268094512544e-01
7.928765233872242524e-02, 4.272530842191684108e-01, 7.815001260774875891e-02, 4.153092508343604883e-01
7.911267378184164145e-02, 4.269950492608685089e-01, 7.797408656882939826e-02, 4.159181903884602849e-01
7.893886508792559431e-02, 4.267359180618036096e-01, 7.779937729111273403e-02, 4.165258395591581175e-01
7.876622635743706080e-02, 4.264756966891696255e-01, 7.762588449968106652e-02, 4.171321924537122472e-01
7.859475768339313495e-02, 4.262143912040931015e-01, 7.745360791348318563e-02, 4.177372431990304946e-01
7.842445915153888059e-02, 4.259520076614801143e-01, 7.728254724551648913e-02, 4.183409859414645160e-01
7.825533084052088695e-02, 4.256885521098654479e-01, 7.711270220300890654e-02, 4.189434148466048002e-01
7.808737282206036634e-02, 4.254240305912658782e-01, 7.694407248760042062e-02, 4.195445240990733904e-01
7.792058516112615463e-02, 4.251584491410339006e-01, 7.677665779552381164e-02, 4.201443079023161054e-01
7.775496791610701786e-02, 4.248918137877148449e-01, 7.661045781778530461e-02, 4.207427604783929298e-01
7.759052113898408376e-02, 4.246241305529043220e-01, 7.644547224034431432e-02, 4.213398760677672383e-01
7.742724487550263490e-02, 4.243554054511096130e-01, 7.628170074429301006e-02, 4.219356489290946866e-01
7.726513916534369364e-02, 4.240856444896115574e-01, 7.611914300603507544e-02, 4.225300733390096042e-01
7.710420404229498259e-02, 4.238148536683293832e-01, 7.595779869746407953e-02, 4.231231435919114992e-01
7.694443953442194062e-02, 4.235430389796871475e-01, 7.579766748614118199e-02, 4.237148539997496743e-01
7.678584566423776736e-02, 4.232702064084825633e-01, 7.563874903547239403e-02, 4.243051988918072892e-01
7.662842244887360654e-02, 4.229963619317570478e-01, 7.548104300488533980e-02, 4.248941726144838671e-01
7.647216990024807703e-02, 4.227215115186692129e-01, 7.532454905000504630e-02, 4.254817695310776915e-01
7.631708802523616553e-02, 4.224456611303685771e-01, 7.516926682282946970e-02, 4.260679840215657044e-01
7.616317682583809145e-02, 4.221688167198731079e-01, 7.501519597190452193e-02, 4.266528104823841261e-01
7.601043629934739476e-02, 4.218909842319478187e-01, 7.486233614249780677e-02, 4.272362433262069659e-01
7.585886643851855182e-02, 4.216121696029846433e-01, 7.471068697677268888e-02, 4.278182769817240327e-01
7.570846723173432768e-02, 4.213323787608864168e-01, 7.456024811396096130e-02, 4.283989058934182803e-01
7.555923866317254545e-02, 4.210516176249507470e-01, 7.441101919053505487e-02, 4.289781245213415972e-01
7.541118071297212011e-02, 4.207698921057573815e-01, 7.426299984037977586e-02, 4.295559273408906531e-01
7.526429335739903692e-02, 4.204872081050567423e-01, 7.411618969496319709e-02, 4.301323088425810792e-01
7.511857656901130276e-02, 4.202035715156604012e-01, 7.397058838350668852e-02, 4.307072635318216491e-01
7.497403031682350893e-02, 4.199189882213348324e-01, 7.382619553315482308e-02, 4.312807859286867940e-01
7.483065456647125524e-02, 4.196334640966951079e-01, 7.368301076914383907e-02, 4.318528705676898949e-01
7.468844928037425557e-02, 4.193470050071023691e-01, 7.354103371496992225e-02, 4.324235119975534114e-01
7.454741441789955458e-02, 4.190596168085627959e-01, 7.340026399255651646e-02, 4.329927047809811747e-01
7.440754993552367580e-02, 4.187713053476275760e-01, 7.326070122242098193e-02, 4.335604434944277941e-01
7.426885578699451984e-02, 4.184820764612965371e-01, 7.312234502384035162e-02, 4.341267227278685636e-01
7.413133192349229128e-02, 4.181919359769225020e-01, 7.298519501501669893e-02, 4.346915370845685356e-01
7.399497829379017566e-02, 4.179008897121179178e-01, 7.284925081324121476e-02, 4.352548811808506501e-01
7.385979484441404508e-02, 4.176089434746639295e-01, 7.271451203505789607e-02, 4.358167496458641432e-01
7.372578151980190009e-02, 4.173161030624208401e-01, 7.258097829642633225e-02, 4.363771371213509553e-01
7.359293826246213199e-02, 4.170223742632405695e-01, 7.244864921288347859e-02, 4.369360382614138616e-01
7.346126501313160473e-02, 4.167277628548816115e-01, 7.231752439970517976e-02, 4.374934477322816040e-01
7.333076171093283468e-02, 4.164322746049255453e-01, 7.218760347206609751e-02, 4.380493602120755225e-01
7.320142829353044889e-02, 4.161359152706953224e-01, 7.205888604519948559e-02, 4.386037703905746876e-01
7.307326469728706031e-02, 4.158386905991759419e-01, 7.193137173455579902e-02, 4.391566729689812543e-01
7.294627085741828276e-02, 4.155406063269365680e-01, 7.180506015596040126e-02, 4.397080626596847619e-01
7.282044670814724618e-02, 4.152416681800553122e-01, 7.167995092577057747e-02, 4.402579341860269335e-01
7.269579218285808497e-02, 4.149418818740449599e-01, 7.155604366103165970e-02, 4.408062822820653093e-01
7.257230721424891284e-02, 4.146412531137818047e-01, 7.143333797963224985e-02, 4.413531016923371020e-01
7.244999173448392338e-02, 4.143397875934351493e-01, 7.131183350045831870e-02, 4.418983871716226086e-01
7.232884567534483833e-02, 4.140374909963994710e-01, 7.119152984354698566e-02, 4.424421334847085663e-01
7.220886896838146773e-02, 4.137343689952288628e-01, 7.107242663023868867e-02, 4.429843354061510641e-01
7.209006154506139574e-02, 4.134304272515719747e-01, 7.095452348332885462e-02, 4.435249877200378443e-01
7.197242333691909744e-02, 4.131256714161105070e-01, 7.083782002721875082e-02, 4.440640852197515476e-01
7.185595427570427851e-02, 4.128201071284985924e-01, 7.072231588806508762e-02, 4.446016227077321803e-01
7.174065429352892431e-02, 4.125137400173038982e-01, 7.060801069392867724e-02, 4.451375949952385280e-01
7.162652332301414071e-02, 4.122065756999517272e-01, 7.049490407492257915e-02, 4.456719969021115113e-01
7.151356129743575984e-02, 4.118986197826696727e-01, 7.038299566335860791e-02, 4.462048232565359873e-01
7.140176815086909934e-02, 4.115898778604351604e-01, 7.027228509389350786e-02, 4.467360688948022740e-01
7.129114381833305536e-02, 4.112803555169238789e-01, 7.016277200367375400e-02, 4.472657286610692839e-01
7.118168823593332140e-02, 4.109700583244611516e-01, 7.005445603247952013e-02, 4.477937974071259930e-01
7.107340134100445517e-02, 4.106589918439743636e-01, 6.994733682286757848e-02, 4.483202699921535750e-01
7.096628307225129328e-02, 4.103471616249474985e-01, 6.984141402031328327e-02, 4.488451412824878139e-01
7.086033336988954712e-02, 4.100345732053773951e-01, 6.973668727335131934e-02, 4.493684061513818495e-01
7.075555217578501088e-02, 4.097212321117316702e-01, 6.963315623371579832e-02, 4.498900594787674789e-01
7.065193943359251993e-02, 4.094071438589096945e-01, 6.953082055647895332e-02, 4.504100961510189571e-01
7.054949508889342413e-02, 4.090923139502029016e-01, 6.942967990018902857e-02, 4.509285110607147429e-01
7.044821908933246446e-02, 4.087767478772595942e-01, 6.932973392700686466e-02, 4.514452991064010767e-01
7.034811138475342840e-02, 4.084604511200498056e-01, 6.923098230284192856e-02, 4.519604551923548930e-01
7.024917192733412530e-02, 4.081434291468322706e-01, 6.913342469748647023e-02, 4.524739742283471200e-01
7.015140067172004334e-02, 4.078256874141238386e-01, 6.903706078474948493e-02, 4.529858511294065360e-01
7.005479757515742367e-02, 4.075072313666699420e-01, 6.894189024258888521e-02, 4.534960808155837353e-01
6.995936259762500220e-02, 4.071880664374170622e-01, 6.884791275324299298e-02, 4.540046582117148732e-01
6.986509570196498820e-02, 4.068681980474869730e-01, 6.875512800336079644e-02, 4.545115782471872978e-01
6.977199685401276608e-02, 4.065476316061527040e-01, 6.866353568413095798e-02, 4.550168358557034609e-01
6.968006602272602823e-02, 4.062263725108163914e-01, 6.857313549140993392e-02, 4.555204259750476048e-01
6.958930318031214535e-02, 4.059044261469889614e-01, 6.848392712584884523e-02, 4.560223435468500064e-01
6.949970830235535635e-02, 4.055817978882703123e-01, 6.839591029301926584e-02, 4.565225835163550516e-01
6.941128136794225134e-02, 4.052584930963334942e-01, 6.830908470353762307e-02, 4.570211408321866453e-01
6.932402235978646354e-02, 4.049345171209084993e-01, 6.822345007318890431e-02, 4.575180104461161745e-01
6.923793126435227874e-02, 4.046098752997689396e-01, 6.813900612304861493e-02, 4.580131873128301945e-01
6.915300807197707900e-02, 4.042845729587197789e-01, 6.805575257960419511e-02, 4.585066663896990025e-01
6.906925277699271781e-02, 4.039586154115872296e-01, 6.797368917487459083e-02, 4.589984426365454340e-01
6.898666537784596542e-02, 4.036320079602100375e-01, 6.789281564652932532e-02, 4.594885110154147134e-01
6.890524587721752470e-02, 4.033047558944324318e-01, 6.781313173800568306e-02, 4.599768664903443049e-01
6.882499428214017279e-02, 4.029768644920990739e-01, 6.773463719862518606e-02, 4.604635040271355950e-01
6.874591060411569532e-02, 4.026483390190508938e-01, 6.765733178370857137e-02, 4.609484185931247424e-01
6.866799485923062718e-02, 4.023191847291236467e-01, 6.758121525468981095e-02, 4.614316051569559707e-01
6.859124706827086915e-02, 4.019894068641471363e-01, 6.750628737922843847e-02, 4.619130586883535283e-01
6.851566725683530534e-02, 4.016590106539464355e-01, 6.743254793132125169e-02, 4.623927741578970352e-01
6.844125545544792188e-02, 4.013280013163450510e-01, 6.735999669141214119e-02, 4.628707465367948304e-01
6.836801169966899572e-02, 4.009963840571690863e-01, 6.728863344650108658e-02, 4.633469707966608730e-01
6.829593603020503445e-02, 4.006641640702532925e-01, 6.721845799025159829e-02, 4.638214419092901442e-01
6.822502849301739780e-02, 4.003313465374489510e-01, 6.714947012309713248e-02, 4.642941548464365464e-01
6.815528913942993372e-02, 3.999979366286328664e-01, 6.708166965234604873e-02, 4.647651045795911373e-01
6.808671802623514346e-02, 3.996639395017181351e-01, 6.701505639228529099e-02, 4.652342860797614721e-01
6.801931521579929196e-02, 3.993293603026665251e-01, 6.694963016428268077e-02, 4.657016943172515022e-01
6.795308077616615816e-02, 3.989942041655026861e-01, 6.688539079688812783e-02, 4.661673242614430279e-01
6.788801478115964738e-02, 3.986584762123290271e-01, 6.682233812593323108e-02, 4.666311708805780945e-01
6.782411731048489101e-02, 3.983221815533432020e-01, 6.676047199462979698e-02, 4.670932291415421656e-01
6.776138844982849962e-02, 3.979853252868562619e-01, 6.669979225366676201e-02, 4.675534940096484071e-01
6.769982829095713694e-02, 3.976479124993128056e-01, 6.664029876130600494e-02, 4.680119604484240248e-01
6.763943693181488637e-02, 3.973099482653125736e-01, 6.658199138347653534e-02, 4.684686234193961019e-01
6.758021447661946568e-02, 3.969714376476333739e-01, 6.652486999386757194e-02, 4.689234778818794913e-01
6.752216103595705399e-02, 3.966323856972554518e-01, 6.646893447401998334e-02, 4.693765187927675386e-01
6.746527672687550881e-02, 3.962927974533878017e-01, 6.641418471341652141e-02, 4.698277411063201403e-01
6.740956167297681989e-02, 3.959526779434954236e-01, 6.636062060957065301e-02, 4.702771397739570758e-01
6.735501600450767568e-02, 3.956120321833279108e-01, 6.630824206811374022e-02, 4.707247097440506733e-01
6.730163985844893337e-02, 3.952708651769504811e-01, 6.625704900288111043e-02, 4.711704459617195306e-01
6.724943337860361803e-02, 3.949291819167753403e-01, 6.620704133599646102e-02, 4.716143433686246222e-01
6.719839671568371420e-02, 3.945869873835947117e-01, 6.615821899795494565e-02, 4.720563969027665729e-01
6.714853002739523680e-02, 3.942442865466161406e-01, 6.611058192770476183e-02, 4.724966014982838192e-01
6.709983347852230273e-02, 3.939010843634979109e-01, 6.606413007272733673e-02, 4.729349520852524913e-01
6.705230724100944006e-02, 3.935573857803865150e-01, 6.601886338911586161e-02, 4.733714435894881833e-01
6.700595149404260653e-02, 3.932131957319560667e-01, 6.597478184165257720e-02, 4.738060709323488329e-01
6.696076642412888968e-02, 3.928685191414479361e-01, 6.593188540388433827e-02, 4.742388290305389331e-01
6.691675222517451394e-02, 3.925233609207126606e-01, 6.589017405819698470e-02, 4.746697127959158546e-01
6.687390909856155696e-02, 3.921777259702527441e-01, 6.584964779588776962e-02, 4.750987171352979432e-01
6.683223725322329223e-02, 3.918316191792668435e-01, 6.581030661723671904e-02, 4.755258369502730620e-01
6.679173690571765798e-02, 3.914850454256958989e-01, 6.577215053157604852e-02, 4.759510671370103529e-01
6.675240828029972706e-02, 3.911380095762694853e-01, 6.573517955735841412e-02, 4.763744025860723874e-01
6.671425160899226159e-02, 3.907905164865543846e-01, 6.569939372222312335e-02, 4.767958381822302028e-01
6.667726713165497698e-02, 3.904425710010042683e-01, 6.566479306306143016e-02, 4.772153688042792830e-01
6.664145509605229334e-02, 3.900941779530106568e-01, 6.563137762607966497e-02, 4.776329893248574265e-01
6.660681575791932429e-02, 3.897453421649544891e-01, 6.559914746686103248e-02, 4.780486946102651125e-01
6.657334938102665856e-02, 3.893960684482606904e-01, 6.556810265042585517e-02, 4.784624795202868097e-01
6.654105623724318463e-02, 3.890463616034516292e-01, 6.553824325129009587e-02, 4.788743389080151736e-01
