4.887146849895919187e-01, 8.670039372139738687e-02, 8.021394641637652478e-02, 3.443709748726340725e-01
4.883895804243261751e-01, 8.670146209255205627e-02, 8.017369188223803789e-02, 3.447352656008837446e-01
4.880617833181750131e-01, 8.670410393561156503e-02, 8.013482195394161511e-02, 3.450992907922717512e-01
4.877313031625964412e-01, 8.670831807037956973e-02, 8.009733503393139109e-02, 3.454630437330924453e-01
4.873981494535570835e-01, 8.671410331171136576e-02, 8.006122952176897289e-02, 3.458265177129626333e-01
4.870623316912522927e-01, 8.672145846963920379e-02, 8.002650381429200765e-02, 3.461897060248164126e-01
4.867238593798350332e-01, 8.673038234949476122e-02, 7.999315630576939173e-02, 3.465526019649007305e-01
4.863827420271491508e-01, 8.674087375202738093e-02, 7.996118538805338516e-02, 3.469151988327701108e-01
4.860389891444694133e-01, 8.675293147351947898e-02, 7.993058945072818722e-02, 3.472774899312828234e-01
4.856926102462496564e-01, 8.676655430589838569e-02, 7.990136688125575037e-02, 3.476394685665961104e-01
4.853436148498746494e-01, 8.678174103684492546e-02, 7.987351606511822188e-02, 3.480011280481623004e-01
4.849920124754196760e-01, 8.679849044989844387e-02, 7.984703538595722128e-02, 3.483624616887246450e-01
4.846378126454167212e-01, 8.681680132455876775e-02, 7.982192322571013410e-02, 3.487234628043143214e-01
4.842810248846254328e-01, 8.683667243638475142e-02, 7.979817796474321379e-02, 3.490841247142466020e-01
4.839216587198106323e-01, 8.685810255708951988e-02, 7.977579798198163041e-02, 3.494444407411182452e-01
4.835597236795264875e-01, 8.688109045463247859e-02, 7.975478165503648020e-02, 3.498044042108044982e-01
4.831952292939054039e-01, 8.690563489330828395e-02, 7.973512736032885295e-02, 3.501640084524574870e-01
4.828281850944534104e-01, 8.693173463383231658e-02, 7.971683347321069368e-02, 3.505232467985034961e-01
4.824586006138512073e-01, 8.695938843342332358e-02, 7.969989836808301364e-02, 3.508821125846424693e-01
4.820864853857607102e-01, 8.698859504588235536e-02, 7.968432041851063186e-02, 3.512405991498461777e-01
4.817118489446375329e-01, 8.701935322166953757e-02, 7.967009799733479336e-02, 3.515986998363582194e-01
4.813347008255482451e-01, 8.705166170797641600e-02, 7.965722947678181842e-02, 3.519564079896935205e-01
4.809550505639944018e-01, 8.708551924879660844e-02, 7.964571322856987823e-02, 3.523137169586391115e-01
4.805729076957404589e-01, 8.712092458499234859e-02, 7.963554762401219012e-02, 3.526706200952550718e-01
4.801882817566481276e-01, 8.715787645435849051e-02, 7.962673103411779807e-02, 3.530271107548756393e-01
4.798011822825155037e-01, 8.719637359168352919e-02, 7.961926182968948051e-02, 3.533831822961115421e-01
4.794116188089214137e-01, 8.723641472880738768e-02, 7.961313838141838295e-02, 3.537388280808527741e-01
4.790196008710753683e-01, 8.727799859467641475e-02, 7.960835905997674933e-02, 3.540940414742715370e-01
4.786251380036714576e-01, 8.732112391539541274e-02, 7.960492223610701745e-02, 3.544488158448260706e-01
4.782282397407482954e-01, 8.736578941427694533e-02, 7.960282628070894373e-02, 3.548031445642656490e-01
4.778289156155540729e-01, 8.741199381188728690e-02, 7.960206956492349439e-02, 3.551570210076350764e-01
4.774271751604146075e-01, 8.745973582609004038e-02, 7.960265046021428037e-02, 3.555104385532812383e-01
4.770230279066086099e-01, 8.750901417208656330e-02, 7.960456733844631372e-02, 3.558633905828585409e-01
4.766164833842465032e-01, 8.755982756245381249e-02, 7.960781857196222444e-02, 3.562158704813375709e-01
4.762075511221529056e-01, 8.761217470717930222e-02, 7.961240253365571562e-02, 3.565678716370121459e-01
4.757962406477557749e-01, 8.766605431369321744e-02, 7.961831759704249278e-02, 3.569193874415085288e-01
4.753825614869787719e-01, 8.772146508689805666e-02, 7.962556213632882018e-02, 3.572704112897944762e-01
4.749665231641380103e-01, 8.777840572919515250e-02, 7.963413452647712110e-02, 3.576209365801897300e-01
4.745481352018436905e-01, 8.783687494050912425e-02, 7.964403314326960748e-02, 3.579709567143776194e-01
4.741274071209060081e-01, 8.789687141830890282e-02, 7.965525636336888426e-02, 3.583204650974162742e-01
4.737043484402449489e-01, 8.795839385762684037e-02, 7.966780256437662466e-02, 3.586694551377516138e-01
4.732789686768045234e-01, 8.802144095107476696e-02, 7.968167012488928946e-02, 3.590179202472314479e-01
4.728512773454711660e-01, 8.808601138885759074e-02, 7.969685742455191735e-02, 3.593658538411191872e-01
4.724212839589966850e-01, 8.815210385878445576e-02, 7.971336284410916739e-02, 3.597132493381097751e-01
4.719889980279233233e-01, 8.821971704627704081e-02, 7.973118476545401623e-02, 3.600601001603455087e-01
4.715544290605156452e-01, 8.828884963437587385e-02, 7.975032157167449842e-02, 3.604063997334339686e-01
4.711175865626934245e-01, 8.835950030374364883e-02, 7.977077164709757418e-02, 3.607521414864652831e-01
4.706784800379708589e-01, 8.843166773266636360e-02, 7.979253337733113738e-02, 3.610973188520317234e-01
4.702371189873970070e-01, 8.850535059705201546e-02, 7.981560514930358119e-02, 3.614419252662474102e-01
4.697935129095025530e-01, 8.858054757042674310e-02, 7.983998535130100438e-02, 3.617859541687696301e-01
4.693476713002482925e-01, 8.865725732392881753e-02, 7.986567237300248867e-02, 3.621293990028204290e-01
4.688996036529773925e-01, 8.873547852629998234e-02, 7.989266460551282256e-02, 3.624722532152098720e-01
4.684493194583719267e-01, 8.881520984387480944e-02, 7.992096044139331001e-02, 3.628145102563599123e-01
4.679968282044127958e-01, 8.889644994056740412e-02, 7.995055827469045584e-02, 3.631561635803293719e-01
4.675421393763416478e-01, 8.897919747785622280e-02, 7.998145650096219472e-02, 3.634972066448399763e-01
4.670852624566280697e-01, 8.906345111476612897e-02, 8.001365351730233000e-02, 3.638376329113036101e-01
4.666262069249388911e-01, 8.914920950784858966e-02, 8.004714772236275200e-02, 3.641774358448497950e-01
4.661649822581104274e-01, 8.923647131115974851e-02, 8.008193751637371349e-02, 3.645166089143561106e-01
4.657015979301247222e-01, 8.932523517623602860e-02, 8.011802130116181531e-02, 3.648551455924775033e-01
4.652360634120885075e-01, 8.941549975206752876e-02, 8.015539748016629884e-02, 3.651930393556776511e-01
4.647683881722149413e-01, 8.950726368506976838e-02, 8.019406445845310427e-02, 3.655302836842622138e-01
4.642985816758083417e-01, 8.960052561905282320e-02, 8.023402064272701362e-02, 3.658668720624118076e-01
4.638266533852525297e-01, 8.969528419518851825e-02, 8.027526444134193417e-02, 3.662027979782170317e-01
4.633526127600009481e-01, 8.979153805197591376e-02, 8.031779426430923907e-02, 3.665380549237139407e-01
4.628764692565702776e-01, 8.988928582520408495e-02, 8.036160852330399840e-02, 3.668726363949216807e-01
4.623982323285364404e-01, 8.998852614791362503e-02, 8.040670563166975315e-02, 3.672065358918801259e-01
4.619179114265338226e-01, 9.008925765035555311e-02, 8.045308400442097163e-02, 3.675397469186896249e-01
4.614355159982563293e-01, 9.019147895994873709e-02, 8.050074205824397922e-02, 3.678722629835509128e-01
4.609510554884616029e-01, 9.029518870123498520e-02, 8.054967821149593143e-02, 3.682040775988075221e-01
4.604645393389770747e-01, 9.040038549583259697e-02, 8.059989088420213554e-02, 3.685351842809883038e-01
4.599759769887097338e-01, 9.050706796238779106e-02, 8.065137849805141534e-02, 3.688655765508511153e-01
4.594853778736568417e-01, 9.061523471652428718e-02, 8.070413947638994945e-02, 3.691952479334288939e-01
4.589927514269199760e-01, 9.072488437079126444e-02, 8.075817224421322216e-02, 3.695241919580756207e-01
4.584981070787206847e-01, 9.083601553460904365e-02, 8.081347522815626738e-02, 3.698524021585139487e-01
4.580014542564191382e-01, 9.094862681421365946e-02, 8.087004685648235824e-02, 3.701798720728848302e-01
4.575028023845338909e-01, 9.106271681259910100e-02, 8.092788555907004522e-02, 3.705065952437969212e-01
4.570021608847655292e-01, 9.117828412945797045e-02, 8.098698976739836242e-02, 3.708325652183782073e-01
4.564995391760199306e-01, 9.129532736112064284e-02, 8.104735791453065996e-02, 3.711577755483287944e-01
4.559949466744359081e-01, 9.141384510049242740e-02, 8.110898843509666001e-02, 3.714822197899750877e-01
4.554883927934132992e-01, 9.153383593698920240e-02, 8.117187976527309723e-02, 3.718058915043244150e-01
4.549798869436438298e-01, 9.165529845647149565e-02, 8.123603034276266621e-02, 3.721287842571220361e-01
4.544694385331433661e-01, 9.177823124117685805e-02, 8.130143860677158107e-02, 3.724508916189083196e-01
4.539570569672858324e-01, 9.190263286965054401e-02, 8.136810299798549750e-02, 3.727722071650781399e-01
4.534427516488400700e-01, 9.202850191667474866e-02, 8.143602195854408865e-02, 3.730927244759411066e-01
4.529265319780065857e-01, 9.215583695319634616e-02, 8.150519393201405283e-02, 3.734124371367830153e-01
4.524084073524575755e-01, 9.228463654625290724e-02, 8.157561736336062241e-02, 3.737313387379289642e-01
4.518883871673776143e-01, 9.241489925889750934e-02, 8.164729069891792090e-02, 3.740494228748069139e-01
4.513664808155067321e-01, 9.254662365012170100e-02, 8.172021238635759910e-02, 3.743666831480140789e-01
4.508426976871834913e-01, 9.267980827477732830e-02, 8.179438087465633334e-02, 3.746831131633827638e-01
4.503170471703922262e-01, 9.281445168349680697e-02, 8.186979461406171388e-02, 3.749987065320493085e-01
4.497895386508083959e-01, 9.295055242261196504e-02, 8.194645205605713412e-02, 3.753134568705225327e-01
4.492601815118479891e-01, 9.308810903407148396e-02, 8.202435165332504219e-02, 3.756273578007554570e-01
4.487289851347173175e-01, 9.322712005535720159e-02, 8.210349185970904073e-02, 3.759404029502164124e-01
4.481959588984635867e-01, 9.336758401939863894e-02, 8.218387113017480705e-02, 3.762525859519629257e-01
4.476611121800275761e-01, 9.350949945448674971e-02, 8.226548792076950056e-02, 3.765639004447162153e-01
4.471244543542968186e-01, 9.365286488418585187e-02, 8.234834068858007394e-02, 3.768743400729372417e-01
4.465859947941606678e-01, 9.379767882724478201e-02, 8.243242789169057116e-02, 3.771838984869039790e-01
4.460457428705659200e-01, 9.394393979750631507e-02, 8.251774798913773246e-02, 3.774925693427899631e-01
4.455037079525735466e-01, 9.409164630381584848e-02, 8.260429944086596088e-02, 3.778003463027445608e-01
4.449598994074168701e-01, 9.424079684992858752e-02, 8.269208070768076235e-02, 3.781072230349738494e-01
4.444143266005597392e-01, 9.439138993441534287e-02, 8.278109025120118647e-02, 3.784131932138237731e-01
4.438669988957574808e-01, 9.454342405056795351e-02, 8.287132653381119873e-02, 3.787182505198633531e-01
4.433179256551167402e-01, 9.469689768630255855e-02, 8.296278801860973440e-02, 3.790223886399710640e-01
4.427671162391570436e-01, 9.485180932406250820e-02, 8.305547316935996127e-02, 3.793256012674204314e-01
4.422145800068737476e-01, 9.500815744072013680e-02, 8.314938045043727965e-02, 3.796278821019688499e-01
4.416603263158006554e-01, 9.516594050747678724e-02, 8.324450832677644796e-02, 3.799292248499461233e-01
4.411043645220740217e-01, 9.532515698976273821e-02, 8.334085526381741771e-02, 3.802296232243460028e-01
4.405467039804974450e-01, 9.548580534713538293e-02, 8.343841972745034974e-02, 3.805290709449168363e-01
4.399873540446067599e-01, 9.564788403317672771e-02, 8.353720018395981162e-02, 3.808275617382566036e-01
4.394263240667358739e-01, 9.581139149539005806e-02, 8.363719509996757340e-02, 3.811250893379065086e-01
4.388636233980833801e-01, 9.597632617509510577e-02, 8.373840294237483439e-02, 3.814216474844465687e-01
4.382992613887793931e-01, 9.614268650732289700e-02, 8.384082217830342298e-02, 3.817172299255943146e-01
4.377332473879529950e-01, 9.631047092070930959e-02, 8.394445127503585846e-02, 3.820118304163018230e-01
4.371655907438001254e-01, 9.647967783738790881e-02, 8.404928869995496876e-02, 3.823054427188569693e-01
4.365963008036518600e-01, 9.665030567288170060e-02, 8.415533292048214820e-02, 3.825980606029843467e-01
4.360253869140433003e-01, 9.682235283599442688e-02, 8.426258240401511557e-02, 3.828896778459471850e-01
4.354528584207824626e-01, 9.699581772870057017e-02, 8.437103561786457595e-02, 3.831802882326524329e-01
4.348787246690193897e-01, 9.717069874603499746e-02, 8.448069102919041062e-02, 3.834698855557551744e-01
4.343029950033165387e-01, 9.734699427598132726e-02, 8.459154710493659024e-02, 3.837584636157655993e-01
4.337256787677176706e-01, 9.752470269936006075e-02, 8.470360231176565780e-02, 3.840460162211565831e-01
4.331467853058186268e-01, 9.770382238971547784e-02, 8.481685511599239280e-02, 3.843325371884734887e-01
4.325663239608372179e-01, 9.788435171320243600e-02, 8.493130398351654564e-02, 3.846180203424436894e-01
4.319843040756838337e-01, 9.806628902847162876e-02, 8.504694737975505847e-02, 3.849024595160894235e-01
4.314007349930314428e-01, 9.824963268655494131e-02, 8.516378376957346730e-02, 3.851858485508400376e-01
4.308156260553865358e-01, 9.843438103074959866e-02, 8.528181161721661019e-02, 3.854681812966471721e-01
4.302289866051597356e-01, 9.862053239650224457e-02, 8.540102938623857221e-02, 3.857494516120995587e-01
4.296408259847355748e-01, 9.880808511129160476e-02, 8.552143553943214460e-02, 3.860296533645406480e-01
4.290511535365441609e-01, 9.899703749451146950e-02, 8.564302853875752075e-02, 3.863087804301869044e-01
4.284599786031304536e-01, 9.918738785735234376e-02, 8.576580684527040921e-02, 3.865868266942466547e-01
4.278673105272255417e-01, 9.937913450268312521e-02, 8.588976891904946676e-02, 3.868637860510419357e-01
4.272731586518159763e-01, 9.957227572493151935e-02, 8.601491321912316246e-02, 3.871396524041292864e-01
4.266775323202146031e-01, 9.976680980996495418e-02, 8.614123820339616988e-02, 3.874144196664243700e-01
4.260804408761295070e-01, 9.996273503496992674e-02, 8.626874232857491276e-02, 3.876880817603255980e-01
4.254818936637347337e-01, 1.001600496683318631e-01, 8.639742405009298576e-02, 3.879606326178405284e-01
4.248819000277382352e-01, 1.003587519695136876e-01, 8.652728182203570095e-02, 3.882320661807124318e-01
4.242804693134520910e-01, 1.005588401889345035e-01, 8.665831409706419020e-02, 3.885023764005491320e-01
4.236776108668608987e-01, 1.007603125678476624e-01, 8.679051932633907729e-02, 3.887715572389525143e-01
4.230733340346894411e-01, 1.009631673382183625e-01, 8.692389595944365055e-02, 3.890396026676485874e-01
4.224676481644720205e-01, 1.011674027226011074e-01, 8.705844244430656353e-02, 3.893065066686203779e-01
4.218605626046187385e-01, 1.013730169340166798e-01, 8.719415722712406391e-02, 3.895722632342404346e-01
4.212520867044834416e-01, 1.015800081758286705e-01, 8.733103875228186153e-02, 3.898368663674059986e-01
4.206422298144301686e-01, 1.017883746416198693e-01, 8.746908546227634418e-02, 3.901003100816736735e-01
4.200310012858992637e-01, 1.019981145150682805e-01, 8.760829579763577957e-02, 3.903625884013966485e-01
4.194184104714733241e-01, 1.022092259698228756e-01, 8.774866819684072616e-02, 3.906236953618630325e-01
4.188044667249419262e-01, 1.024217071693792752e-01, 8.789020109624443022e-02, 3.908836250094343545e-01
4.181891794013668506e-01, 1.026355562669546140e-01, 8.803289292999251503e-02, 3.911423714016860620e-01
4.175725578571450325e-01, 1.028507714053630562e-01, 8.817674212994272565e-02, 3.913999286075491857e-01
4.169546114500731759e-01, 1.030673507168902436e-01, 8.832174712558384100e-02, 3.916562907074527256e-01
4.163353495394093162e-01, 1.032852923231683401e-01, 8.846790634395484965e-02, 3.919114517934675357e-01
4.157147814859353252e-01, 1.035045943350502290e-01, 8.861521820956332063e-02, 3.921654059694510974e-01
4.150929166520185287e-01, 1.037252548524842111e-01, 8.876368114430382983e-02, 3.924181473511934581e-01
4.144697644016717142e-01, 1.039472719643879106e-01, 8.891329356737597001e-02, 3.926696700665643358e-01
4.138453341006131381e-01, 1.041706437485228065e-01, 8.906405389520218041e-02, 3.929199682556617224e-01
4.132196351163262005e-01, 1.043953682713680692e-01, 8.921596054134524334e-02, 3.931690360709604870e-01
4.125926768181166215e-01, 1.046214435879945642e-01, 8.936901191642551701e-02, 3.934168676774632556e-01
4.119644685771709502e-01, 1.048488677419389670e-01, 8.952320642803829331e-02, 3.936634572528516784e-01
4.113350197666125752e-01, 1.050776387650776689e-01, 8.967854248067054501e-02, 3.939087989876391971e-01
4.107043397615576241e-01, 1.053077546775007395e-01, 8.983501847561776998e-02, 3.941528870853239774e-01
4.100724379391696983e-01, 1.055392134873856108e-01, 8.999263281090039146e-02, 3.943957157625442855e-01
4.094393236787144397e-01, 1.057720131908714972e-01, 9.015138388118050516e-02, 3.946372792492334747e-01
4.088050063616116558e-01, 1.060061517719330659e-01, 9.031127007767782156e-02, 3.948775717887774150e-01
4.081694953714879448e-01, 1.062416272022547459e-01, 9.047228978808607991e-02, 3.951165876381713127e-01
4.075328000942277096e-01, 1.064784374411047313e-01, 9.063444139648896281e-02, 3.953543210681785824e-01
4.068949299180231738e-01, 1.067165804352094988e-01, 9.079772328327628816e-02, 3.955907663634910532e-01
4.062558942334236201e-01, 1.069560541186279218e-01, 9.096213382505947964e-02, 3.958259178228890618e-01
4.056157024333831296e-01, 1.071968564126259821e-01, 9.112767139458780030e-02, 3.960597697594031019e-01
4.049743639133082107e-01, 1.074389852255515088e-01, 9.129433436066383689e-02, 3.962923165004764714e-01
4.043318880711029295e-01, 1.076824384527089173e-01, 9.146212108805938656e-02, 3.965235523881286972e-01
4.036882843072144289e-01, 1.079272139762344623e-01, 9.163102993743099667e-02, 3.967534717791200705e-01
4.030435620246761719e-01, 1.081733096649712816e-01, 9.180105926523585147e-02, 3.969820690451166256e-01
4.023977306291509071e-01, 1.084207233743450655e-01, 9.197220742364717316e-02, 3.972093385728568404e-01
4.017507995289716916e-01, 1.086694529462397529e-01, 9.214447276047012247e-02, 3.974352747643183359e-01
4.011027781351829136e-01, 1.089194962088735480e-01, 9.231785361905743559e-02, 3.976598720368860196e-01
4.004536758615783176e-01, 1.091708509766752822e-01, 9.249234833822514434e-02, 3.978831248235211726e-01
3.998035021247401399e-01, 1.094235150501608883e-01, 9.266795525216839358e-02, 3.981050275729305366e-01
3.991522663440747465e-01, 1.096774862158104158e-01, 9.284467269037748050e-02, 3.983255747497374544e-01
3.984999779418484933e-01, 1.099327622459451981e-01, 9.302249897755342223e-02, 3.985447608346529558e-01
3.978466463432222544e-01, 1.101893408986055339e-01, 9.320143243352432827e-02, 3.987625803246479528e-01
3.971922809762838402e-01, 1.104472199174284797e-01, 9.338147137316135660e-02, 3.989790277331262680e-01
3.965368912720799166e-01, 1.107063970315265017e-01, 9.356261410629511388e-02, 3.991940975900983846e-01
3.958804866646463139e-01, 1.109668699553658794e-01, 9.374485893763180588e-02, 3.994077844423558066e-01
3.952230765910372257e-01, 1.112286363886461210e-01, 9.392820416666995686e-02, 3.996200828536466965e-01
3.945646704913525205e-01, 1.114916940161793379e-01, 9.411264808761696243e-02, 3.998309874048511792e-01
3.939052778087644979e-01, 1.117560405077705626e-01, 9.429818898930597548e-02, 4.000404926941588668e-01
3.932449079895432020e-01, 1.120216735180979972e-01, 9.448482515511284763e-02, 4.002485933372458282e-01
3.925835704830792361e-01, 1.122885906865943306e-01, 9.467255486287348698e-02, 4.004552839674530018e-01
3.919212747419065779e-01, 1.125567896373278615e-01, 9.486137638480100776e-02, 4.006605592359646084e-01
3.912580302217235628e-01, 1.128262679788848422e-01, 9.505128798740344886e-02, 4.008644138119881184e-01
3.905938463814122574e-01, 1.130970233042519063e-01, 9.524228793140174232e-02, 4.010668423829340523e-01
3.899287326830565559e-01, 1.133690531906990789e-01, 9.543437447164751508e-02, 4.012678396545967807e-01
3.892626985919583338e-01, 1.136423551996638137e-01, 9.562754585704170973e-02, 4.014674003513362677e-01
3.885957535766531579e-01, 1.139169268766346693e-01, 9.582180033045277490e-02, 4.016655192162593702e-01
3.879279071089243303e-01, 1.141927657510368038e-01, 9.601713612863586877e-02, 4.018621910114031359e-01
3.872591686638139907e-01, 1.144698693361169001e-01, 9.621355148215175734e-02, 4.020574105179172686e-01
3.865895477196353847e-01, 1.147482351288296176e-01, 9.641104461528637870e-02, 4.022511725362487578e-01
3.859190537579806901e-01, 1.150278606097241973e-01, 9.660961374597039353e-02, 4.024434718863247329e-01
3.852476962637299551e-01, 1.153087432428319264e-01, 9.680925708569941557e-02, 4.026343034077387584e-01
3.845754847250568154e-01, 1.155908804755540614e-01, 9.700997283945411720e-02, 4.028236619599350199e-01
3.839024286334332681e-01, 1.158742697385510417e-01, 9.721175920562123707e-02, 4.030115424223944531e-01
3.832285374836331138e-01, 1.161589084456313287e-01, 9.741461437591446282e-02, 4.031979396948210947e-01
3.825538207737337881e-01, 1.164447939936421594e-01, 9.761853653529570241e-02, 4.033828486973283223e-01
3.818782880051158624e-01, 1.167319237623602179e-01, 9.782352386189714644e-02, 4.035662643706267039e-01
3.812019486824624881e-01, 1.170202951143835962e-01, 9.802957452694330276e-02, 4.037481816762107378e-01
3.805248123137555671e-01, 1.173099053950237558e-01, 9.823668669467335024e-02, 4.039285955965471464e-01
3.798468884102721432e-01, 1.176007519321996125e-01, 9.844485852226443623e-02, 4.041075011352637802e-01
3.791681864865772411e-01, 1.178928320363306359e-01, 9.865408815975483525e-02, 4.042848933173372461e-01
3.784887160605172607e-01, 1.181861430002324603e-01, 9.886437374996766281e-02, 4.044607671892827550e-01
3.778084866532095965e-01, 1.184806820990121079e-01, 9.907571342843526918e-02, 4.046351178193429710e-01
3.771275077890326455e-01, 1.187764465899650984e-01, 9.928810532332389693e-02, 4.048079402976784702e-01
3.764457889956126513e-01, 1.190734337124720738e-01, 9.950154755535854656e-02, 4.049792297365568117e-01
3.757633398038096595e-01, 1.193716406878976566e-01, 9.971603823774885522e-02, 4.051489812705437177e-01
3.750801697477024743e-01, 1.196710647194895172e-01, 9.993157547611496161e-02, 4.053171900566929775e-01
3.743962883645701178e-01, 1.199717029922782452e-01, 1.001481573684141618e-01, 4.054838512747374613e-01
3.737117051948736224e-01, 1.202735526729783594e-01, 1.003657820048677318e-01, 4.056489601272802448e-01
3.730264297822352693e-01, 1.205766109098904415e-01, 1.005844474678887351e-01, 4.058125118399856235e-01
3.723404716734159958e-01, 1.208808748328036586e-01, 1.008041518320097474e-01, 4.059745016617706814e-01
3.716538404182914701e-01, 1.211863415528997429e-01, 1.010248931638117326e-01, 4.061349248649969712e-01
3.709665455698272774e-01, 1.214930081626578451e-01, 1.012466695218528917e-01, 4.062937767456620830e-01
3.702785966840503873e-01, 1.218008717357599718e-01, 1.014694789565983857e-01, 4.064510526235913246e-01
3.695900033200210655e-01, 1.221099293269981984e-01, 1.016933195103505300e-01, 4.066067478426302340e-01
3.689007750398023977e-01, 1.224201779721819233e-01, 1.019181892171795445e-01, 4.067608577708361484e-01
3.682109214084273163e-01, 1.227316146880469971e-01, 1.021440861028547475e-01, 4.069133778006708835e-01
3.675204519938656267e-01, 1.230442364721654747e-01, 1.023710081847765546e-01, 4.070643033491923579e-01
3.668293763669873142e-01, 1.233580403028565059e-01, 1.025989534719089630e-01, 4.072136298582472724e-01
3.661377041015262956e-01, 1.236730231390979484e-01, 1.028279199647124664e-01, 4.073613527946632340e-01
3.654454447740409506e-01, 1.239891819204400891e-01, 1.030579056550778860e-01, 4.075074676504410465e-01
3.647526079638735430e-01, 1.243065135669189220e-01, 1.032889085262605477e-01, 4.076519699429470012e-01
3.640592032531079214e-01, 1.246250149789719236e-01, 1.035209265528151679e-01, 4.077948552151049455e-01
3.633652402265255543e-01, 1.249446830373542039e-01, 1.037539577005315433e-01, 4.079361190355886291e-01
3.626707284715600110e-01, 1.252655146030557665e-01, 1.039879999263705057e-01, 4.080757569990136613e-01
3.619756775782492775e-01, 1.255875065172203375e-01, 1.042230511784007774e-01, 4.082137647261296909e-01
3.612800971391867400e-01, 1.259106556010650690e-01, 1.044591093957365630e-01, 4.083501378640116419e-01
3.605839967494708365e-01, 1.262349586558012271e-01, 1.046961725084755018e-01, 4.084848720862523375e-01
3.598873860066523211e-01, 1.265604124625564486e-01, 1.049342384376376058e-01, 4.086179630931536244e-01
3.591902745106799744e-01, 1.268870137822979971e-01, 1.051733050951046550e-01, 4.087494066119172764e-01
3.584926718638453691e-01, 1.272147593557571010e-01, 1.054133703835603980e-01, 4.088791983968372290e-01
3.577945876707245287e-01, 1.275436459033546799e-01, 1.056544321964312111e-01, 4.090073342294894276e-01
3.570960315381198624e-01, 1.278736701251282082e-01, 1.058964884178280885e-01, 4.091338099189237854e-01
3.563970130749983256e-01, 1.282048287006599119e-01, 1.061395369224884533e-01, 4.092586213018532537e-01
3.556975418924294141e-01, 1.285371182890060193e-01, 1.063835755757192719e-01, 4.093817642428452808e-01
3.549976276035207712e-01, 1.288705355286274001e-01, 1.066286022333409189e-01, 4.095032346345109375e-01
3.542972798233524068e-01, 1.292050770373215085e-01, 1.068746147416313602e-01, 4.096230283976947661e-01
3.535965081689089740e-01, 1.295407394121554367e-01, 1.071216109372715442e-01, 4.097411414816640174e-01
3.528953222590106020e-01, 1.298775192294005232e-01, 1.073695886472911809e-01, 4.098575698642977216e-01
3.521937317142421753e-01, 1.302154130444678759e-01, 1.076185456890153685e-01, 4.099723095522745941e-01
3.514917461568802803e-01, 1.305544173918456452e-01, 1.078684798700122183e-01, 4.100853565812617174e-01
3.507893752108197094e-01, 1.308945287850372674e-01, 1.081193889880407571e-01, 4.101967070161022244e-01
3.500866285014964108e-01, 1.312357437165011798e-01, 1.083712708310002187e-01, 4.103063569510022046e-01
3.493835156558110500e-01, 1.315780586575918398e-01, 1.086241231768795140e-01, 4.104143025097176101e-01
3.486800463020494067e-01, 1.319214700585021882e-01, 1.088779437937078404e-01, 4.105205398457405508e-01
3.479762300698012178e-01, 1.322659743482074157e-01, 1.091327304395060260e-01, 4.106250651424853126e-01
3.472720765898779649e-01, 1.326115679344098686e-01, 1.093884808622387905e-01, 4.107278746134735425e-01
3.465675954942286086e-01, 1.329582472034858132e-01, 1.096451927997672687e-01, 4.108289645025183789e-01
3.458627964158539347e-01, 1.333060085204331169e-01, 1.099028639798032003e-01, 4.109283310839096925e-01
3.451576889887189581e-01, 1.336548482288206774e-01, 1.101614921198632302e-01, 4.110259706625969955e-01
3.444522828476640486e-01, 1.340047626507390732e-01, 1.104210749272243053e-01, 4.111218795743726284e-01
3.437465876283139488e-01, 1.343557480867524079e-01, 1.106816100988797791e-01, 4.112160541860537255e-01
3.430406129669861248e-01, 1.347078008158522910e-01, 1.109430953214968069e-01, 4.113084908956646246e-01
3.423343685005961201e-01, 1.350609170954125138e-01, 1.112055282713737825e-01, 4.113991861326175559e-01
3.416278638665626866e-01, 1.354150931611453057e-01, 1.114689066143993712e-01, 4.114881363578926643e-01
3.409211087027103626e-01, 1.357703252270595351e-01, 1.117332280060119448e-01, 4.115753380642181436e-01
3.402141126471709964e-01, 1.361266094854197972e-01, 1.119984900911599468e-01, 4.116607877762492596e-01
3.395068853382833818e-01, 1.364839421067071401e-01, 1.122646905042633536e-01, 4.117444820507460967e-01
3.387994364144916171e-01, 1.368423192395815113e-01, 1.125318268691758578e-01, 4.118264174767511387e-01
3.380917755142414105e-01, 1.372017370108451484e-01, 1.127998967991474116e-01, 4.119065906757660156e-01
3.373839122758756637e-01, 1.375621915254082728e-01, 1.130688978967890335e-01, 4.119849983019270856e-01
3.366758563375272240e-01, 1.379236788662552282e-01, 1.133388277540366557e-01, 4.120616370421808505e-01
3.359676173370119145e-01, 1.382861950944132279e-01, 1.136096839521173602e-01, 4.121365036164574835e-01
3.352592049117179007e-01, 1.386497362489216567e-01, 1.138814640615158219e-01, 4.122095947778446901e-01
3.345506286984953892e-01, 1.390142983468035387e-01, 1.141541656419416684e-01, 4.122809073127595147e-01
3.338418983335435519e-01, 1.393798773830382809e-01, 1.144277862422978936e-01, 4.123504380411203707e-01
3.331330234522968947e-01, 1.397464693305358607e-01, 1.147023234006502856e-01, 4.124181838165170699e-01
3.324240136893090725e-01, 1.401140701401128452e-01, 1.149777746441972698e-01, 4.124841415263807987e-01
3.317148786781364822e-01, 1.404826757404695481e-01, 1.152541374892412235e-01, 4.125483080921527046e-01
3.310056280512193028e-01, 1.408522820381691576e-01, 1.155314094411604986e-01, 4.126106804694511521e-01
3.302962714397612576e-01, 1.412228849176180856e-01, 1.158095879943820961e-01, 4.126712556482385330e-01
3.295868184736088780e-01, 1.415944802410480652e-01, 1.160886706323558532e-01, 4.127300306529870788e-01
3.288772787811279907e-01, 1.419670638484998582e-01, 1.163686548275289362e-01, 4.127870025428431178e-01
3.281676619890794289e-01, 1.423406315578082393e-01, 1.166495380413217486e-01, 4.128421684117906110e-01
3.274579777224934096e-01, 1.427151791645888956e-01, 1.169313177241042417e-01, 4.128955253888135224e-01
3.267482356045423586e-01, 1.430907024422268803e-01, 1.172139913151738905e-01, 4.129470706380568568e-01
3.260384452564121793e-01, 1.434671971418664815e-01, 1.174975562427340164e-01, 4.129968013589874753e-01
3.253286162971723017e-01, 1.438446589924024244e-01, 1.177820099238731377e-01, 4.130447147865521362e-01
3.246187583436445645e-01, 1.442230837004737087e-01, 1.180673497645456649e-01, 4.130908081913360341e-01
3.239088810102700999e-01, 1.446024669504578641e-01, 1.183535731595529994e-01, 4.131350788797190643e-01
3.231989939089755515e-01, 1.449828044044672026e-01, 1.186406774925258395e-01, 4.131775241940314203e-01
3.224891066490376268e-01, 1.453640917023472645e-01, 1.189286601359076656e-01, 4.132181415127074153e-01
3.217792288369460962e-01, 1.457463244616759579e-01, 1.192175184509388641e-01, 4.132569282504390817e-01
3.210693700762660696e-01, 1.461294982777649465e-01, 1.195072497876417256e-01, 4.132938818583272167e-01
3.203595399674984967e-01, 1.465136087236626472e-01, 1.197978514848069415e-01, 4.133289998240319840e-01
3.196497481079393355e-01, 1.468986513501582547e-01, 1.200893208699803094e-01, 4.133622796719221837e-01
3.189400040915379431e-01, 1.472846216857881807e-01, 1.203816552594512285e-01, 4.133937189632226339e-01
3.182303175087535241e-01, 1.476715152368438255e-01, 1.206748519582414442e-01, 4.134233152961613311e-01
3.175206979464110790e-01, 1.480593274873805987e-01, 1.209689082600950427e-01, 4.134510663061132241e-01
3.168111549875553545e-01, 1.484480538992292153e-01, 1.212638214474699300e-01, 4.134769696657455418e-01
3.161016982113040719e-01, 1.488376899120082697e-01, 1.215595887915290607e-01, 4.135010230851586255e-01
3.153923371926999342e-01, 1.492282309431385012e-01, 1.218562075521339855e-01, 4.135232243120276485e-01
3.146830815025610795e-01, 1.496196723878586987e-01, 1.221536749778384390e-01, 4.135435711317417273e-01
3.139739407073308120e-01, 1.500120096192435470e-01, 1.224519883058834691e-01, 4.135620613675421442e-01
3.132649243689258900e-01, 1.504052379882223345e-01, 1.227511447621929819e-01, 4.135786928806587937e-01
3.125560420445835375e-01, 1.507993528236004632e-01, 1.230511415613710635e-01, 4.135934635704448525e-01
3.118473032867077332e-01, 1.511943494320816817e-01, 1.233519759066994542e-01, 4.136063713745111170e-01
3.111387176427140577e-01, 1.515902230982923427e-01, 1.236536449901364104e-01, 4.136174142688571198e-01
3.104302946548737063e-01, 1.519869690848072996e-01, 1.239561459923168574e-01, 4.136265902680020812e-01
3.097220438601557824e-01, 1.523845826321774399e-01, 1.242594760825526390e-01, 4.136338974251141387e-01
3.090139747900694789e-01, 1.527830589589588839e-01, 1.245636324188347660e-01, 4.136393338321368018e-01
3.083060969705045951e-01, 1.531823932617438488e-01, 1.248686121478360250e-01, 4.136428976199156282e-01
3.075984199215706094e-01, 1.535825807151931788e-01, 1.251744124049146145e-01, 4.136445869583215140e-01
3.068909531574360305e-01, 1.539836164720705391e-01, 1.254810303141189742e-01, 4.136444000563744283e-01
3.061837061861653053e-01, 1.543854956632781661e-01, 1.257884629881936001e-01, 4.136423351623627620e-01
3.054766885095558937e-01, 1.547882133978946695e-01, 1.260967075285856775e-01, 4.136383905639637870e-01
3.047699096229731786e-01, 1.551917647632137520e-01, 1.264057610254526731e-01, 4.136325645883604518e-01
3.040633790151857085e-01, 1.555961448247853984e-01, 1.267156205576711603e-01, 4.136248556023577327e-01
3.033571061681986092e-01, 1.560013486264584248e-01, 1.270262831928464231e-01, 4.136152620124965429e-01
3.026511005570862167e-01, 1.564073711904243047e-01, 1.273377459873231143e-01, 4.136037822651664198e-01
3.019453716498242124e-01, 1.568142075172632710e-01, 1.276500059861969960e-01, 4.135904148467154928e-01
3.012399289071203690e-01, 1.572218525859917782e-01, 1.279630602233273184e-01, 4.135751582835606177e-01
3.005347817822446310e-01, 1.576303013541115183e-01, 1.282769057213506980e-01, 4.135580111422932359e-01
2.998299397208583628e-01, 1.580395487576603253e-01, 1.285915394916954391e-01, 4.135389720297859562e-01
2.991254121608427075e-01, 1.584495897112646601e-01, 1.289069585345972713e-01, 4.135180395932953057e-01
2.984212085321263919e-01, 1.588604191081936234e-01, 1.292231598391160030e-01, 4.134952125205639817e-01
2.977173382565120319e-01, 1.592720318204148555e-01, 1.295401403831525911e-01, 4.134704895399204938e-01
2.970138107475024936e-01, 1.596844226986517401e-01, 1.298578971334682086e-01, 4.134438694203775855e-01
2.963106354101259776e-01, 1.600975865724426628e-01, 1.301764270457033135e-01, 4.134153509717279906e-01
2.956078216407602710e-01, 1.605115182502017401e-01, 1.304957270643982981e-01, 4.133849330446396353e-01
2.949053788269569432e-01, 1.609262125192809922e-01, 1.308157941230146948e-01, 4.133526145307473976e-01
2.942033163472637658e-01, 1.613416641460344858e-01, 1.311366251439579356e-01, 4.133183943627438128e-01
2.935016435710476879e-01, 1.617578678758839206e-01, 1.314582170386002502e-01, 4.132822715144681136e-01
2.928003698583158676e-01, 1.621748184333858256e-01, 1.317805667073053966e-01, 4.132442450009928270e-01
2.920995045595372597e-01, 1.625925105223005873e-01, 1.321036710394537517e-01, 4.132043138787084291e-01
2.913990570154622595e-01, 1.630109388256629210e-01, 1.324275269134684574e-01, 4.131624772454063343e-01
2.906990365569431800e-01, 1.634300980058538966e-01, 1.327521311968428985e-01, 4.131187342403599971e-01
2.899994525047529526e-01, 1.638499827046749069e-01, 1.330774807461686249e-01, 4.130730840444034602e-01
2.893003141694038272e-01, 1.642705875434228857e-01, 1.334035724071646056e-01, 4.130255258800085705e-01
2.886016308509652961e-01, 1.646919071229674125e-01, 1.337304030147072609e-01, 4.129760590113599750e-01
2.879034118388816288e-01, 1.651139360238291220e-01, 1.340579693928615201e-01, 4.129246827444277290e-01
2.872056664117887403e-01, 1.655366688062601954e-01, 1.343862683549126025e-01, 4.128713964270384618e-01
2.865084038373307274e-01, 1.659601000103258506e-01, 1.347152967033991566e-01, 4.128161994489442099e-01
2.858116333719756819e-01, 1.663842241559879698e-01, 1.350450512301470118e-01, 4.127590912418891977e-01
2.851153642608312277e-01, 1.668090357431900872e-01, 1.353755287163039278e-01, 4.127000712796747850e-01
2.844196057374597797e-01, 1.672345292519434590e-01, 1.357067259323753161e-01, 4.126391390782213620e-01
2.837243670236927473e-01, 1.676606991424159643e-01, 1.360386396382609331e-01, 4.125762941956302443e-01
2.830296573294452389e-01, 1.680875398550212285e-01, 1.363712665832923776e-01, 4.125115362322411272e-01
2.823354858525292110e-01, 1.685150458105101057e-01, 1.367046035062716158e-01, 4.124448648306890397e-01
2.816418617784677836e-01, 1.689432114100635207e-01, 1.370386471355103386e-01, 4.123762796759583571e-01
2.809487942803077787e-01, 1.693720310353867275e-01, 1.373733941888704291e-01, 4.123057804954351480e-01
2.802562925184325371e-01, 1.698014990488053710e-01, 1.377088413738049300e-01, 4.122333670589571897e-01
2.795643656403747901e-01, 1.702316097933629091e-01, 1.380449853874003985e-01, 4.121590391788619301e-01
2.788730227806284212e-01, 1.706623575929195336e-01, 1.383818229164199276e-01, 4.120827967100321176e-01
2.781822730604607830e-01, 1.710937367522527564e-01, 1.387193506373470275e-01, 4.120046395499395442e-01
2.774921255877240700e-01, 1.715257415571594113e-01, 1.390575652164301734e-01, 4.119245676386863453e-01
2.768025894566670808e-01, 1.719583662745592656e-01, 1.393964633097291572e-01, 4.118425809590444686e-01
2.761136737477463132e-01, 1.723916051526001858e-01, 1.397360415631611064e-01, 4.117586795364924779e-01
2.754253875274371155e-01, 1.728254524207643028e-01, 1.400762966125481401e-01, 4.116728634392504138e-01
2.747377398480446153e-01, 1.732599022899764252e-01, 1.404172250836658586e-01, 4.115851327783130453e-01
2.740507397475145379e-01, 1.736949489527135071e-01, 1.407588235922923314e-01, 4.114954877074796791e-01
2.733643962492435242e-01, 1.741305865831153932e-01, 1.411010887442583073e-01, 4.114039284233828031e-01
2.726787183618905042e-01, 1.745668093370976448e-01, 1.414440171354981179e-01, 4.113104551655137331e-01
2.719937150791861824e-01, 1.750036113524650605e-01, 1.417876053521016089e-01, 4.112150682162471482e-01
2.713093953797441338e-01, 1.754409867490275554e-01, 1.421318499703664029e-01, 4.111177679008618524e-01
2.706257682268710663e-01, 1.758789296287163462e-01, 1.424767475568517183e-01, 4.110185545875607582e-01
2.699428425683769173e-01, 1.763174340757027170e-01, 1.428222946684327421e-01, 4.109174286874876514e-01
2.692606273363854497e-01, 1.767564941565172021e-01, 1.431684878523553639e-01, 4.108143906547420121e-01
2.685791314471444036e-01, 1.771961039201711829e-01, 1.435153236462925475e-01, 4.107094409863918938e-01
2.678983638008364254e-01, 1.776362573982788184e-01, 1.438627985784009522e-01, 4.106025802224838039e-01
2.672183332813886647e-01, 1.780769486051813899e-01, 1.442109091673786092e-01, 4.104938089460513084e-01
2.665390487562843691e-01, 1.785181715380721457e-01, 1.445596519225232357e-01, 4.103831277831202495e-01
2.658605190763727588e-01, 1.789599201771231718e-01, 1.449090233437914654e-01, 4.102705374027126872e-01
2.651827530756799001e-01, 1.794021884856131510e-01, 1.452590199218589673e-01, 4.101560385168479539e-01
2.645057595712203002e-01, 1.798449704100570923e-01, 1.456096381381812022e-01, 4.100396318805414886e-01
2.638295473628070043e-01, 1.802882598803364489e-01, 1.459608744650548462e-01, 4.099213182918017284e-01
2.631541252328636338e-01, 1.807320508098316791e-01, 1.463127253656803517e-01, 4.098010985916242799e-01
2.624795019462357049e-01, 1.811763370955552233e-01, 1.466651872942249801e-01, 4.096789736639840362e-01
2.618056862500020010e-01, 1.816211126182863123e-01, 1.470182566958867509e-01, 4.095549444358250746e-01
2.611326868732866124e-01, 1.820663712427067205e-01, 1.473719300069588345e-01, 4.094290118770477771e-01
2.604605125270718080e-01, 1.825121068175383776e-01, 1.477262036548954161e-01, 4.093011770004943983e-01
2.597891719040094638e-01, 1.829583131756813974e-01, 1.480810740583773655e-01, 4.091714408619317456e-01
2.591186736782347122e-01, 1.834049841343542431e-01, 1.484365376273793224e-01, 4.090398045600316945e-01
2.584490265051785363e-01, 1.838521134952347258e-01, 1.487925907632373923e-01, 4.089062692363493179e-01
2.577802390213816963e-01, 1.842996950446019744e-01, 1.491492298587171750e-01, 4.087708360752991266e-01
2.571123198443081570e-01, 1.847477225534803480e-01, 1.495064512980830429e-01, 4.086335063041284799e-01
2.564452775721594580e-01, 1.851961897777839594e-01, 1.498642514571678630e-01, 4.084942811928888307e-01
2.557791207836894176e-01, 1.856450904584625583e-01, 1.502226267034431628e-01, 4.083531620544048613e-01
2.551138580380191145e-01, 1.860944183216489967e-01, 1.505815733960906011e-01, 4.082101502442412877e-01
2.544494978744524238e-01, 1.865441670788070549e-01, 1.509410878860737992e-01, 4.080652471606667220e-01
2.537860488122917757e-01, 1.869943304268815165e-01, 1.513011665162103669e-01, 4.079184542446163131e-01
2.531235193506549686e-01, 1.874449020484483253e-01, 1.516618056212455379e-01, 4.077697729796511128e-01
2.524619179682916492e-01, 1.878958756118667972e-01, 1.520230015279258884e-01, 4.076192048919157207e-01
2.518012531234011808e-01, 1.883472447714322484e-01, 1.523847505550735837e-01, 4.074667515500930981e-01
2.511415332534505107e-01, 1.887990031675301217e-01, 1.527470490136616510e-01, 4.073124145653577166e-01
2.504827667749927045e-01, 1.892511444267915843e-01, 1.531098932068899188e-01, 4.071561955913258757e-01
2.498249620834860907e-01, 1.897036621622491537e-01, 1.534732794302609560e-01, 4.069980963240039107e-01
2.491681275531139328e-01, 1.901565499734943210e-01, 1.538372039716575379e-01, 4.068381185017342361e-01
2.485122715366051283e-01, 1.906098014468363411e-01, 1.542016631114199732e-01, 4.066762639051385575e-01
2.478574023650548519e-01, 1.910634101554611608e-01, 1.545666531224243467e-01, 4.065125343570595851e-01
2.472035283477464207e-01, 1.915173696595922348e-01, 1.549321702701615400e-01, 4.063469317224998600e-01
2.465506577719733805e-01, 1.919716735066520075e-01, 1.552982108128163619e-01, 4.061794579085581947e-01
2.458987989028630916e-01, 1.924263152314245884e-01, 1.556647710013477071e-01, 4.060101148643645574e-01
2.452479599831998147e-01, 1.928812883562192604e-01, 1.560318470795691304e-01, 4.058389045810118501e-01
2.445981492332495733e-01, 1.933365863910348759e-01, 1.563994352842298097e-01, 4.056658290914856302e-01
2.439493748505853488e-01, 1.937922028337258074e-01, 1.567675318450963973e-01, 4.054908904705924466e-01
2.433016450099129702e-01, 1.942481311701680646e-01, 1.571361329850350375e-01, 4.053140908348839555e-01
2.426549678628980022e-01, 1.947043648744269384e-01, 1.575052349200943558e-01, 4.051354323425807036e-01
2.420093515379932447e-01, 1.951608974089252269e-01, 1.578748338595886147e-01, 4.049549171934929137e-01
2.413648041402672584e-01, 1.956177222246128222e-01, 1.582449260061813967e-01, 4.047725476289384949e-01
2.407213337512333351e-01, 1.960748327611366582e-01, 1.586155075559702032e-01, 4.045883259316597758e-01
2.400789484286801612e-01, 1.965322224470116841e-01, 1.589865746985708594e-01, 4.044022544257373508e-01
2.394376562065020642e-01, 1.969898846997932274e-01, 1.593581236172033899e-01, 4.042143354765013186e-01
2.387974650945316191e-01, 1.974478129262496329e-01, 1.597301504887771728e-01, 4.040245714904416308e-01
2.381583830783719213e-01, 1.979060005225357077e-01, 1.601026514839776482e-01, 4.038329649151147227e-01
2.375204181192303587e-01, 1.983644408743676368e-01, 1.604756227673529434e-01, 4.036395182390490888e-01
2.368835781537536878e-01, 1.988231273571979540e-01, 1.608490604974008586e-01, 4.034442339916475273e-01
2.362478710938631099e-01, 1.992820533363918178e-01, 1.612229608266567971e-01, 4.032471147430883307e-01
2.356133048265912078e-01, 1.997412121674038976e-01, 1.615973199017814999e-01, 4.030481631042233115e-01
2.349798872139194639e-01, 2.002005971959561759e-01, 1.619721338636499752e-01, 4.028473817264743850e-01
2.343476260926167787e-01, 2.006602017582158892e-01, 1.623473988474399832e-01, 4.026447733017273212e-01
2.337165292740792655e-01, 2.011200191809754123e-01, 1.627231109827215472e-01, 4.024403405622237750e-01
2.330866045441707390e-01, 2.015800427818316143e-01, 1.630992663935466325e-01, 4.022340862804509865e-01
2.324578596630646754e-01, 2.020402658693665476e-01, 1.634758611985394350e-01, 4.020260132690293142e-01
2.318303023650868377e-01, 2.025006817433289974e-01, 1.638528915109866146e-01, 4.018161243805975502e-01
2.312039403585592900e-01, 2.029612836948160581e-01, 1.642303534389283337e-01, 4.016044225076962904e-01
2.305787813256452434e-01, 2.034220650064563485e-01, 1.646082430852494061e-01, 4.013909105826489743e-01
2.299548329221955956e-01, 2.038830189525926151e-01, 1.649865565477708906e-01, 4.011755915774409265e-01
2.293321027775956089e-01, 2.043441387994660019e-01, 1.653652899193420456e-01, 4.009584685035962326e-01
2.287105984946140036e-01, 2.048054178054007635e-01, 1.657444392879326711e-01, 4.007395444120525063e-01
2.280903276492519394e-01, 2.052668492209889783e-01, 1.661240007367254801e-01, 4.005188223930336022e-01
2.274712977905942735e-01, 2.057284262892765114e-01, 1.665039703442091623e-01, 4.002963055759201083e-01
2.268535164406612348e-01, 2.061901422459493649e-01, 1.668843441842715325e-01, 4.000719971291179511e-01
2.262369910942617912e-01, 2.066519903195203067e-01, 1.672651183262930386e-01, 3.998459002599248913e-01
2.256217292188479884e-01, 2.071139637315163318e-01, 1.676462888352405756e-01, 3.996180182143950765e-01
2.250077382543706483e-01, 2.075760556966666504e-01, 1.680278517717614939e-01, 3.993883542772011519e-01
2.243950256131362342e-01, 2.080382594230911208e-01, 1.684098031922780236e-01, 3.991569117714945936e-01
2.237835986796651855e-01, 2.085005681124886545e-01, 1.687921391490816159e-01, 3.989236940587645441e-01
2.231734648105510033e-01, 2.089629749603273412e-01, 1.691748556904280609e-01, 3.986887045386935946e-01
2.225646313343215277e-01, 2.094254731560337979e-01, 1.695579488606324403e-01, 3.984519466490122341e-01
2.219571055513006319e-01, 2.098880558831833221e-01, 1.699414147001643005e-01, 3.982134238653516900e-01
2.213508947334718313e-01, 2.103507163196909890e-01, 1.703252492457434930e-01, 3.979731397010936034e-01
2.207460061243428084e-01, 2.108134476380025268e-01, 1.707094485304355147e-01, 3.977310977072191500e-01
2.201424469388116589e-01, 2.112762430052856633e-01, 1.710940085837475422e-01, 3.974873014721552189e-01
2.195402243630341921e-01, 2.117390955836222499e-01, 1.714789254317246880e-01, 3.972417546216188700e-01
2.189393455542930078e-01, 2.122019985302004141e-01, 1.718641950970462018e-01, 3.969944608184604595e-01
2.183398176408671842e-01, 2.126649449975069883e-01, 1.722498135991218093e-01, 3.967454237625039903e-01
2.177416477219044355e-01, 2.131279281335206055e-01, 1.726357769541885245e-01, 3.964946471903864622e-01
2.171448428672937969e-01, 2.135909410819047671e-01, 1.730220811754070998e-01, 3.962421348753942807e-01
2.165494101175399755e-01, 2.140539769822016047e-01, 1.734087222729593925e-01, 3.959878906272990551e-01
2.159553564836394213e-01, 2.145170289700250588e-01, 1.737956962541448713e-01, 3.957319182921906764e-01
2.153626889469574535e-01, 2.149800901772557227e-01, 1.741829991234781494e-01, 3.954742217523086745e-01
2.147714144591070795e-01, 2.154431537322346324e-01, 1.745706268827861007e-01, 3.952148049258721318e-01
2.141815399418292021e-01, 2.159062127599580549e-01, 1.749585755313052271e-01, 3.949536717669074326e-01
2.135930722868741860e-01, 2.163692603822719718e-01, 1.753468410657789966e-01, 3.946908262650748456e-01
2.130060183558852016e-01, 2.168322897180670339e-01, 1.757354194805557379e-01, 3.944262724454919988e-01
2.124203849802826227e-01, 2.172952938834742664e-01, 1.761243067676856455e-01, 3.941600143685573543e-01
2.118361789611507007e-01, 2.177582659920596075e-01, 1.765134989170190349e-01, 3.938920561297706291e-01
2.112534070691245158e-01, 2.182211991550196961e-01, 1.769029919163036535e-01, 3.936224018595520513e-01
2.106720760442797880e-01, 2.186840864813776319e-01, 1.772927817512827686e-01, 3.933510557230597837e-01
2.100921925960233527e-01, 2.191469210781782917e-01, 1.776828644057924789e-01, 3.930780219200058490e-01
2.095137634029854146e-01, 2.196096960506845608e-01, 1.780732358618600242e-01, 3.928033046844700560e-01
2.089367951129134371e-01, 2.200724045025728159e-01, 1.784638920998013190e-01, 3.925269082847124280e-01
2.083612943425675879e-01, 2.205350395361291849e-01, 1.788548290983188183e-01, 3.922488370229844090e-01
2.077872676776175709e-01, 2.209975942524455839e-01, 1.792460428345995227e-01, 3.919690952353374058e-01
2.072147216725411800e-01, 2.214600617516154502e-01, 1.796375292844124005e-01, 3.916876872914310526e-01
2.066436628505245454e-01, 2.219224351329303069e-01, 1.800292844222065036e-01, 3.914046175943386441e-01
2.060740977033637400e-01, 2.223847074950753844e-01, 1.804213042212086393e-01, 3.911198905803522363e-01
2.055060326913679403e-01, 2.228468719363261852e-01, 1.808135846535210700e-01, 3.908335107187848600e-01
2.049394742432646965e-01, 2.233089215547441331e-01, 1.812061216902188521e-01, 3.905454825117722906e-01
2.043744287561061190e-01, 2.237708494483728328e-01, 1.815989113014480349e-01, 3.902558104940729300e-01
2.038109025951772291e-01, 2.242326487154340520e-01, 1.819919494565225282e-01, 3.899644992328661908e-01
2.032489020939056423e-01, 2.246943124545233705e-01, 1.823852321240219121e-01, 3.896715533275489363e-01
2.026884335537730841e-01, 2.251558337648065233e-01, 1.827787552718888320e-01, 3.893769774095316438e-01
2.021295032442281814e-01, 2.256172057462144387e-01, 1.831725148675258374e-01, 3.890807761420315147e-01
2.015721174026015305e-01, 2.260784214996394426e-01, 1.835665068778928599e-01, 3.887829542198661392e-01
2.010162822340218480e-01, 2.265394741271304635e-01, 1.839607272696041074e-01, 3.884835163692436089e-01
2.004620039113338970e-01, 2.270003567320882099e-01, 1.843551720090249868e-01, 3.881824673475528509e-01
1.999092885750183013e-01, 2.274610624194607078e-01, 1.847498370623687491e-01, 3.878798119431522418e-01
1.993581423331130531e-01, 2.279215842959379512e-01, 1.851447183957931897e-01, 3.875755549751558338e-01
1.988085712611359634e-01, 2.283819154701468845e-01, 1.855398119754969044e-01, 3.872697012932203031e-01
1.982605814020098611e-01, 2.288420490528458862e-01, 1.859351137678158794e-01, 3.869622557773282345e-01
1.977141787659889571e-01, 2.293019781571193350e-01, 1.863306197393193864e-01, 3.866532233375722383e-01
1.971693693305866524e-01, 2.297616958985713997e-01, 1.867263258569058504e-01, 3.863426089139360697e-01
1.966261590405053994e-01, 2.302211953955203005e-01, 1.871222280878986066e-01, 3.860304174760756379e-01
1.960845538075681738e-01, 2.306804697691915984e-01, 1.875183224001417959e-01, 3.857166540230985152e-01
1.955445595106516388e-01, 2.311395121439116240e-01, 1.879146047620949000e-01, 3.854013235833418372e-01
1.950061819956209197e-01, 2.315983156473006843e-01, 1.883110711429288875e-01, 3.850844312141495362e-01
1.944694270752663212e-01, 2.320568734104656305e-01, 1.887077175126199990e-01, 3.847659820016481325e-01
1.939343005292413491e-01, 2.325151785681921768e-01, 1.891045398420452273e-01, 3.844459810605212469e-01
1.934008081040028970e-01, 2.329732242591371350e-01, 1.895015341030763800e-01, 3.841244335337835603e-01
1.928689555127527655e-01, 2.334310036260202059e-01, 1.898986962686742552e-01, 3.838013445925527733e-01
1.923387484353812904e-01, 2.338885098158148546e-01, 1.902960223129824824e-01, 3.834767194358213449e-01
1.918101925184121648e-01, 2.343457359799399342e-01, 1.906935082114213087e-01, 3.831505632902266756e-01
1.912832933749495923e-01, 2.348026752744496459e-01, 1.910911499407806913e-01, 3.828228814098200705e-01
1.907580565846265508e-01, 2.352593208602241914e-01, 1.914889434793136669e-01, 3.824936790758355354e-01
1.902344876935553319e-01, 2.357156659031591495e-01, 1.918868848068289168e-01, 3.821629615964565740e-01
1.897125922142794685e-01, 2.361717035743549631e-01, 1.922849699047832206e-01, 3.818307343065822645e-01
1.891923756257272993e-01, 2.366274270503057053e-01, 1.926831947563738268e-01, 3.814970025675931131e-01
1.886738433731677822e-01, 2.370828295130875674e-01, 1.930815553466299905e-01, 3.811617717671147432e-01
1.881570008681671125e-01, 2.375379041505465416e-01, 1.934800476625047616e-01, 3.808250473187815288e-01
1.876418534885483935e-01, 2.379926441564862993e-01, 1.938786676929659669e-01, 3.804868346619991737e-01
1.871284065783518358e-01, 2.384470427308545970e-01, 1.942774114290872212e-01, 3.801471392617063461e-01
1.866166654477968700e-01, 2.389010930799299048e-01, 1.946762748641382990e-01, 3.798059666081350372e-01
1.861066353732467316e-01, 2.393547884165072859e-01, 1.950752539936753682e-01, 3.794633222165707531e-01
1.855983215971740152e-01, 2.398081219600837199e-01, 1.954743448156306962e-01, 3.791192116271115964e-01
1.850917293281284515e-01, 2.402610869370427893e-01, 1.958735433304020779e-01, 3.787736404044265703e-01
1.845868637407058199e-01, 2.407136765808394196e-01, 1.962728455409418760e-01, 3.784266141375129955e-01
1.840837299755191114e-01, 2.411658841321823177e-01, 1.966722474528456999e-01, 3.780781384394528155e-01
1.835823331391714941e-01, 2.416177028392182125e-01, 1.970717450744405852e-01, 3.777282189471697915e-01
1.830826783042301398e-01, 2.420691259577137100e-01, 1.974713344168727847e-01, 3.773768613211834211e-01
1.825847705092030482e-01, 2.425201467512373144e-01, 1.978710114941953646e-01, 3.770240712453642451e-01
1.820886147585164816e-01, 2.429707584913404217e-01, 1.982707723234552466e-01, 3.766698544266879889e-01
1.815942160224946478e-01, 2.434209544577379258e-01, 1.986706129247795549e-01, 3.763142165949879270e-01
1.811015792373410482e-01, 2.438707279384881299e-01, 1.990705293214621308e-01, 3.759571635027087466e-01
1.806107093051214918e-01, 2.443200722301722139e-01, 1.994705175400489361e-01, 3.755987009246574693e-01
1.801216110937484405e-01, 2.447689806380722866e-01, 1.998705736104236241e-01, 3.752388346577555378e-01
1.796342894369682974e-01, 2.452174464763497430e-01, 2.002706935658924992e-01, 3.748775705207895159e-01
1.791487491343483340e-01, 2.456654630682220120e-01, 2.006708734432682550e-01, 3.745149143541613435e-01
1.786649949512675584e-01, 2.461130237461394976e-01, 2.010711092829547131e-01, 3.741508720196382587e-01
1.781830316189075558e-01, 2.465601218519608284e-01, 2.014713971290297834e-01, 3.737854494001019434e-01
1.777028638342458000e-01, 2.470067507371279947e-01, 2.018717330293285928e-01, 3.734186523992975570e-01
1.772244962600508511e-01, 2.474529037628410699e-01, 2.022721130355263075e-01, 3.730504869415818825e-01
1.767479335248784145e-01, 2.478985743002309061e-01, 2.026725332032194016e-01, 3.726809589716712501e-01
1.762731802230700362e-01, 2.483437557305325782e-01, 2.030729895920079242e-01, 3.723100744543894614e-01
1.758002409147526035e-01, 2.487884414452570525e-01, 2.034734782655762131e-01, 3.719378393744141031e-01
1.753291201258401766e-01, 2.492326248463623273e-01, 2.038739952917735243e-01, 3.715642597360240273e-01
1.748598223480371527e-01, 2.496762993464239078e-01, 2.042745367426937741e-01, 3.711893415628451653e-01
1.743923520388430126e-01, 2.501194583688046147e-01, 2.046750986947554196e-01, 3.708130908975968421e-01
1.739267136215592036e-01, 2.505620953478229218e-01, 2.050756772287803675e-01, 3.704355138018376459e-01
1.734629114852968279e-01, 2.510042037289210159e-01, 2.054762684300719122e-01, 3.700566163557102994e-01
1.730009499849868848e-01, 2.514457769688324129e-01, 2.058768683884935058e-01, 3.696764046576871965e-01
1.725408334413916500e-01, 2.518868085357474085e-01, 2.062774731985454746e-01, 3.692948848243154392e-01
1.720825661411174434e-01, 2.523272919094791122e-01, 2.066780789594420131e-01, 3.689120629899612092e-01
1.716261523366298114e-01, 2.527672205816280937e-01, 2.070786817751877062e-01, 3.685279453065544164e-01
1.711715962462695140e-01, 2.532065880557452520e-01, 2.074792777546527467e-01, 3.681425379433324041e-01
1.707189020542705937e-01, 2.536453878474953516e-01, 2.078798630116487633e-01, 3.677558470865853191e-01
1.702680739107796382e-01, 2.540836134848190597e-01, 2.082804336650027899e-01, 3.673678789393984290e-01
1.698191159318775678e-01, 2.545212585080932621e-01, 2.086809858386317607e-01, 3.669786397213972706e-01
1.693720321996015910e-01, 2.549583164702917126e-01, 2.090815156616158410e-01, 3.665881356684907444e-01
1.689268267619698505e-01, 2.553947809371441835e-01, 2.094820192682710636e-01, 3.661963730326148192e-01
1.684835036330074587e-01, 2.558306454872945612e-01, 2.098824927982219646e-01, 3.658033580814761265e-01
1.680420667927734202e-01, 2.562659037124580541e-01, 2.102829323964730546e-01, 3.654090970982953879e-01
1.676025201873901915e-01, 2.567005492175783998e-01, 2.106833342134801224e-01, 3.650135963815512308e-01
1.671648677290739071e-01, 2.571345756209822420e-01, 2.110836944052205122e-01, 3.646168622447231722e-01
1.667291132961664368e-01, 2.575679765545343392e-01, 2.114840091332635119e-01, 3.642189010160356566e-01
1.662952607331691646e-01, 2.580007456637910535e-01, 2.118842745648389092e-01, 3.638197190382007618e-01
1.658633138507780436e-01, 2.584328766081526174e-01, 2.122844868729063805e-01, 3.634193226681629585e-01
1.654332764259201227e-01, 2.588643630610149571e-01, 2.126846422362233258e-01, 3.630177182768416499e-01
1.650051522017918770e-01, 2.592951987099204048e-01, 2.130847368394121200e-01, 3.626149122488755983e-01
1.645789448878987871e-01, 2.597253772567071906e-01, 2.134847668730274206e-01, 3.622109109823665185e-01
1.641546581600966115e-01, 2.601548924176580457e-01, 2.138847285336221427e-01, 3.618057208886232279e-01
1.637322956606337976e-01, 2.605837379236479179e-01, 2.142846180238127951e-01, 3.613993483919055172e-01
1.633118609981956681e-01, 2.610119075202905203e-01, 2.146844315523450120e-01, 3.609917999291687996e-01
1.628933577479501071e-01, 2.614393949680839935e-01, 2.150841653341574455e-01, 3.605830819498084261e-01
1.624767894515943834e-01, 2.618661940425557888e-01, 2.154838155904455488e-01, 3.601732009154042791e-01
1.620621596174035561e-01, 2.622922985344054436e-01, 2.158833785487247470e-01, 3.597621632994662533e-01
1.616494717202806297e-01, 2.627177022496479109e-01, 2.162828504428928877e-01, 3.593499755871786272e-01
1.612387292018076512e-01, 2.631423990097545573e-01, 2.166822275132915532e-01, 3.589366442751462105e-01
1.608299354702984740e-01, 2.635663826517939401e-01, 2.170815060067677327e-01, 3.585221758711398810e-01
1.604230939008527146e-01, 2.639896470285708063e-01, 2.174806821767340248e-01, 3.581065768938424543e-01
1.600182078354115411e-01, 2.644121860087649822e-01, 2.178797522832282840e-01, 3.576898538725952759e-01
1.596152805828142118e-01, 2.648339934770678750e-01, 2.182787125929730176e-01, 3.572720133471448123e-01
1.592143154188568888e-01, 2.652550633343194741e-01, 2.186775593794337558e-01, 3.568530618673898536e-01
1.588153155863515076e-01, 2.656753894976430219e-01, 2.190762889228768384e-01, 3.564330059931286598e-01
1.584182842951872006e-01, 2.660949659005790169e-01, 2.194748975104265365e-01, 3.560118522938072738e-01
1.580232247223924691e-01, 2.665137864932185519e-01, 2.198733814361217009e-01, 3.555896073482671671e-01
1.576301400121989660e-01, 2.669318452423351529e-01, 2.202717370009711906e-01, 3.551662777444947738e-01
1.572390332761060272e-01, 2.673491361315151194e-01, 2.206699605130094388e-01, 3.547418700793694146e-01
1.568499075929472852e-01, 2.677656531612877533e-01, 2.210680482873506048e-01, 3.543163909584142734e-01
1.564627660089580319e-01, 2.681813903492538675e-01, 2.214659966462426133e-01, 3.538898469955454318e-01
1.560776115378439410e-01, 2.685963417302132394e-01, 2.218638019191199739e-01, 3.534622448128229566e-01
1.556944471608512903e-01, 2.690105013562907321e-01, 2.222614604426562668e-01, 3.530335910402017108e-01
1.553132758268382096e-01, 2.694238632970624159e-01, 2.226589685608160452e-01, 3.526038923152833293e-01
1.549341004523470955e-01, 2.698364216396789694e-01, 2.230563226249057951e-01, 3.521731552830681955e-01
1.545569239216787460e-01, 2.702481704889889702e-01, 2.234535189936241728e-01, 3.517413865957081942e-01
1.541817490869670237e-01, 2.706591039676608523e-01, 2.238505540331120203e-01, 3.513085929122600759e-01
1.538085787682552663e-01, 2.710692162163044205e-01, 2.242474241170008542e-01, 3.508747808984393757e-01
1.534374157535736138e-01, 2.714785013935894220e-01, 2.246441256264616881e-01, 3.504399572263752760e-01
1.530682627990175848e-01, 2.718869536763648953e-01, 2.250406549502523001e-01, 3.500041285743653585e-01
1.527011226288280121e-01, 2.722945672597765210e-01, 2.254370084847641120e-01, 3.495673016266313549e-01
1.523359979354716454e-01, 2.727013363573828064e-01, 2.258331826340689852e-01, 3.491294830730766185e-01
1.519728913797235570e-01, 2.731072552012704935e-01, 2.262291738099639349e-01, 3.486906796090419869e-01
1.516118055907499651e-01, 2.735123180421684674e-01, 2.266249784320167326e-01, 3.482508979350646960e-01
1.512527431661929711e-01, 2.739165191495608886e-01, 2.270205929276095658e-01, 3.478101447566366855e-01
1.508957066722553808e-01, 2.743198528117986035e-01, 2.274160137319824193e-01, 3.473684267839635131e-01
1.505406986437879402e-01, 2.747223133362104441e-01, 2.278112372882764858e-01, 3.469257507317252687e-01
1.501877215843762658e-01, 2.751238950492118640e-01, 2.282062600475754099e-01, 3.464821233188364880e-01
1.498367779664297184e-01, 2.755245922964142946e-01, 2.286010784689473385e-01, 3.460375512682085097e-01
1.494878702312714414e-01, 2.759243994427317270e-01, 2.289956890194852490e-01, 3.455920413065116659e-01
1.491410007892283729e-01, 2.763233108724868492e-01, 2.293900881743466957e-01, 3.451456001639380267e-01
1.487961720197236992e-01, 2.767213209895162396e-01, 2.297842724167939443e-01, 3.446982345739661446e-01
1.484533862713692254e-01, 2.771184242172739509e-01, 2.301782382382314973e-01, 3.442499512731254097e-01
1.481126458620592168e-01, 2.775146149989342059e-01, 2.305719821382445633e-01, 3.438007570007620139e-01
1.477739530790652678e-01, 2.779098877974930937e-01, 2.309655006246364994e-01, 3.433506584988051946e-01
1.474373101791318363e-01, 2.783042370958685452e-01, 2.313587902134645047e-01, 3.428996625115350305e-01
1.471027193885731665e-01, 2.786976573969999760e-01, 2.317518474290763131e-01, 3.424477757853505167e-01
1.467701829033706828e-01, 2.790901432239456526e-01, 2.321446688041447215e-01, 3.419950050685389709e-01
1.464397028892715225e-01, 2.794816891199805586e-01, 2.325372508797020066e-01, 3.415413571110458846e-01
1.461112814818883165e-01, 2.798722896486911527e-01, 2.329295902051742029e-01, 3.410868386642463834e-01
1.457849207867991936e-01, 2.802619393940707360e-01, 2.333216833384134103e-01, 3.406314564807167988e-01
1.454606228796491429e-01, 2.806506329606126005e-01, 2.337135268457306292e-01, 3.401752173140075719e-01
1.451383898062523492e-01, 2.810383649734021771e-01, 2.341051173019272347e-01, 3.397181279184182112e-01
1.448182235826948883e-01, 2.814251300782085186e-01, 2.344964512903259246e-01, 3.392601950487706408e-01
1.445001261954385885e-01, 2.818109229415741157e-01, 2.348875254028010839e-01, 3.388014254601861008e-01
1.441840996014259746e-01, 2.821957382509038825e-01, 2.352783362398082334e-01, 3.383418259078618817e-01
1.438701457281854890e-01, 2.825795707145525859e-01, 2.356688804104130897e-01, 3.378814031468488355e-01
1.435582664739376013e-01, 2.829624150619119427e-01, 2.360591545323195706e-01, 3.374201639318307744e-01
1.432484637077024725e-01, 2.833442660434956073e-01, 2.364491552318976342e-01, 3.369581150169043138e-01
1.429407392694071743e-01, 2.837251184310234375e-01, 2.368388791442097296e-01, 3.364952631553596585e-01
1.426350949699946025e-01, 2.841049670175053721e-01, 2.372283229130373039e-01, 3.360316150994627216e-01
1.423315325915327778e-01, 2.844838066173223101e-01, 2.376174831909061147e-01, 3.355671776002386864e-01
1.420300538873248974e-01, 2.848616320663080459e-01, 2.380063566391111829e-01, 3.351019574072557905e-01
1.417306605820201904e-01, 2.852384382218284831e-01, 2.383949399277407455e-01, 3.346359612684107199e-01
1.414333543717253006e-01, 2.856142199628599609e-01, 2.387832297356998201e-01, 3.341691959297150016e-01
1.411381369241164752e-01, 2.859889721900676363e-01, 2.391712227507329092e-01, 3.337016681350828962e-01
1.408450098785526405e-01, 2.863626898258812004e-01, 2.395589156694465371e-01, 3.332333846261196775e-01
1.405539748461885619e-01, 2.867353678145699858e-01, 2.399463051973300121e-01, 3.327643521419114125e-01
1.402650334100893903e-01, 2.871070011223175178e-01, 2.403333880487767138e-01, 3.322945774188162948e-01
1.399781871253451271e-01, 2.874775847372944004e-01, 2.407201609471041892e-01, 3.318240671902563665e-01
1.396934375191860866e-01, 2.878471136697297039e-01, 2.411066206245733590e-01, 3.313528281865107949e-01
1.394107860910992480e-01, 2.882155829519826851e-01, 2.414927638224075579e-01, 3.308808671345104813e-01
1.391302343129442454e-01, 2.885829876386113990e-01, 2.418785872908107148e-01, 3.304081907576337240e-01
1.388517836290710239e-01, 2.889493228064418662e-01, 2.422640877889845334e-01, 3.299348057755025487e-01
1.385754354564373569e-01, 2.893145835546351852e-01, 2.426492620851457838e-01, 3.294607189037815909e-01
1.383011911847272513e-01, 2.896787650047541463e-01, 2.430341069565422341e-01, 3.289859368539763129e-01
1.380290521764694911e-01, 2.900418623008282348e-01, 2.434186191894681939e-01, 3.285104663332341079e-01
1.377590197671570982e-01, 2.904038706094175248e-01, 2.438027955792796408e-01, 3.280343140441457916e-01
1.374910952653671803e-01, 2.907647851196765165e-01, 2.441866329304080152e-01, 3.275574866845482602e-01
1.372252799528811962e-01, 2.911246010434150322e-01, 2.445701280563746804e-01, 3.270799909473290357e-01
1.369615750848056646e-01, 2.914833136151600557e-01, 2.449532777798029970e-01, 3.266018335202313105e-01
1.366999818896934005e-01, 2.918409180922144630e-01, 2.453360789324313673e-01, 3.261230210856607692e-01
1.364405015696651680e-01, 2.921974097547166971e-01, 2.457185283551246990e-01, 3.256435603204933527e-01
1.361831353005318324e-01, 2.925527839056978330e-01, 2.461006228978855626e-01, 3.251634578958847444e-01
1.359278842319168457e-01, 2.929070358711383104e-01, 2.464823594198645995e-01, 3.246827204770801334e-01
1.356747494873790372e-01, 2.932601610000231673e-01, 2.468637347893707090e-01, 3.242013547232269755e-01
1.354237321645360426e-01, 2.936121546643968294e-01, 2.472447458838799850e-01, 3.237193672871870875e-01
1.351748333351878439e-01, 2.939630122594161787e-01, 2.476253895900444313e-01, 3.232367648153514628e-01
1.349280540454408650e-01, 2.943127292034030118e-01, 2.480056628037001498e-01, 3.227535539474559734e-01
1.346833953158323716e-01, 2.946613009378951098e-01, 2.483855624298746401e-01, 3.222697413163979063e-01
1.344408581414548998e-01, 2.950087229276967538e-01, 2.487650853827937381e-01, 3.217853335480546084e-01
1.342004434920816280e-01, 2.953549906609274078e-01, 2.491442285858878336e-01, 3.213003372611031305e-01
1.339621523122913049e-01, 2.957000996490705136e-01, 2.495229889717973659e-01, 3.208147590668407600e-01
1.337259855215940652e-01, 2.960440454270200084e-01, 2.499013634823781804e-01, 3.203286055690077738e-01
1.334919440145571901e-01, 2.963868235531266215e-01, 2.502793490687057476e-01, 3.198418833636104130e-01
1.332600286609313123e-01, 2.967284296092429496e-01, 2.506569426910791321e-01, 3.193545990387465783e-01
1.330302403057764815e-01, 2.970688592007674766e-01, 2.510341413190242954e-01, 3.188667591744316354e-01
1.328025797695891463e-01, 2.974081079566876507e-01, 2.514109419312970384e-01, 3.183783703424260536e-01
1.325770478484286641e-01, 2.977461715296217948e-01, 2.517873415158847772e-01, 3.178894391060649305e-01
1.323536453140442826e-01, 2.980830455958599634e-01, 2.521633370700082089e-01, 3.173999720200874619e-01
1.321323729140026215e-01, 2.984187258554046873e-01, 2.525389256001228655e-01, 3.169099756304698534e-01
1.319132313718146265e-01, 2.987532080320089989e-01, 2.529141041219188923e-01, 3.164194564742573990e-01
1.316962213870633558e-01, 2.990864878732152898e-01, 2.532888696603215473e-01, 3.159284210793997794e-01
1.314813436355316278e-01, 2.994185611503918931e-01, 2.536632192494900351e-01, 3.154368759645864162e-01
1.312685987693296419e-01, 2.997494236587696093e-01, 2.540371499328167859e-01, 3.149448276390839352e-01
1.310579874170231252e-01, 3.000790712174762342e-01, 2.544106587629255678e-01, 3.144522826025749618e-01
1.308495101837610919e-01, 3.004074996695716426e-01, 2.547837428016693218e-01, 3.139592473449980825e-01
1.306431676514041573e-01, 3.007347048820798729e-01, 2.551563991201268311e-01, 3.134657283463890831e-01
1.304389603786526852e-01, 3.010606827460222679e-01, 2.555286247986006121e-01, 3.129717320767243516e-01
1.302368889011750186e-01, 3.013854291764486160e-01, 2.559004169266118067e-01, 3.124772649957645587e-01
1.300369537317357382e-01, 3.017089401124670722e-01, 2.562717726028965193e-01, 3.119823335529006147e-01
1.298391553603240878e-01, 3.020312115172743561e-01, 2.566426889354007645e-01, 3.114869441870009026e-01
1.296434942542823154e-01, 3.023522393781834516e-01, 2.570131630412751944e-01, 3.109911033262591773e-01
1.294499708584339881e-01, 3.026720197066518070e-01, 2.573831920468689916e-01, 3.104948173880451856e-01
1.292585855952124996e-01, 3.029905485383080355e-01, 2.577527730877238743e-01, 3.099980927787555074e-01
1.290693388647894402e-01, 3.033078219329773395e-01, 2.581219033085666026e-01, 3.095009358936665067e-01
1.288822310452027164e-01, 3.036238359747064908e-01, 2.584905798633022611e-01, 3.090033531167883929e-01
1.286972624924851427e-01, 3.039385867717880330e-01, 2.588587999150060437e-01, 3.085053508207208361e-01
1.285144335407924776e-01, 3.042520704567829859e-01, 2.592265606359148156e-01, 3.080069353665097487e-01
1.283337445025316825e-01, 3.045642831865435496e-01, 2.595938592074186757e-01, 3.075081131035062310e-01
1.281551956684891802e-01, 3.048752211422340874e-01, 2.599606928200510758e-01, 3.070088903692256843e-01
1.279787873079585026e-01, 3.051848805293517763e-01, 2.603270586734799386e-01, 3.065092734892099213e-01
1.278045196688686325e-01, 3.054932575777460357e-01, 2.606929539764964998e-01, 3.060092687768889430e-01
1.276323929779114852e-01, 3.058003485416372902e-01, 2.610583759470052057e-01, 3.055088825334459912e-01
1.274624074406697227e-01, 3.061061496996352882e-01, 2.614233218120124436e-01, 3.050081210476824900e-01
1.272945632417442907e-01, 3.064106573547556445e-01, 2.617877888076148851e-01, 3.045069905958851519e-01
1.271288605448817333e-01, 3.067138678344361602e-01, 2.621517741789875511e-01, 3.040054974416945832e-01
1.269652994931014522e-01, 3.070157774905525327e-01, 2.625152751803712659e-01, 3.035036478359748324e-01
1.268038802088226891e-01, 3.073163826994323999e-01, 2.628782890750600010e-01, 3.030014480166849933e-01
1.266446027939914787e-01, 3.076156798618696619e-01, 2.632408131353870528e-01, 3.024989042087516400e-01
1.264874673302072983e-01, 3.079136654031372489e-01, 2.636028446427121086e-01, 3.019960226239434276e-01
1.263324738788493273e-01, 3.082103357729987780e-01, 2.639643808874061470e-01, 3.014928094607458031e-01
1.261796224812028744e-01, 3.085056874457208220e-01, 2.643254191688375609e-01, 3.009892709042387704e-01
1.260289131585852762e-01, 3.087997169200824565e-01, 2.646859567953569470e-01, 3.004854131259752648e-01
1.258803459124716029e-01, 3.090924207193860296e-01, 2.650459910842818401e-01, 2.999812422838605830e-01
1.257339207246201962e-01, 3.093837953914653216e-01, 2.654055193618805597e-01, 2.994767645220339780e-01
1.255896375571977919e-01, 3.096738375086943718e-01, 2.657645389633565558e-01, 2.989719859707513083e-01
1.254474963529045861e-01, 3.099625436679945834e-01, 2.661230472328316443e-01, 2.984669127462691307e-01
1.253074970350987472e-01, 3.102499104908418848e-01, 2.664810415233289653e-01, 2.979615509507304583e-01
1.251696395079207325e-01, 3.105359346232720030e-01, 2.668385191967558301e-01, 2.974559066720514622e-01
1.250339236564174394e-01, 3.108206127358865145e-01, 2.671954776238860685e-01, 2.969499859838099498e-01
1.249003493466658427e-01, 3.111039415238568973e-01, 2.675519141843418214e-01, 2.964437949451354526e-01
1.247689164258961730e-01, 3.113859177069284168e-01, 2.679078262665754440e-01, 2.959373396006000356e-01
1.246396247226151943e-01, 3.116665380294230681e-01, 2.682632112678503544e-01, 2.954306259801114387e-01
1.245124740467288688e-01, 3.119457992602422403e-01, 2.686180665942222157e-01, 2.949236600988067170e-01
1.243874641896641903e-01, 3.122236981928681598e-01, 2.689723896605195619e-01, 2.944164479569481019e-01
1.242645949244917808e-01, 3.125002316453647788e-01, 2.693261778903239811e-01, 2.939089955398195286e-01
1.241438660060468213e-01, 3.127753964603782189e-01, 2.696794287159495207e-01, 2.934013088176253281e-01
1.240252771710505242e-01, 3.130491895051364382e-01, 2.700321395784232026e-01, 2.928933937453896963e-01
1.239088281382306478e-01, 3.133216076714480103e-01, 2.703843079274634298e-01, 2.923852562628579399e-01
1.237945186084418586e-01, 3.135926478757002367e-01, 2.707359312214591696e-01, 2.918769022943987212e-01
1.236823482647856631e-01, 3.138623070588569264e-01, 2.710870069274488592e-01, 2.913683377489084680e-01
1.235723167727297428e-01, 3.141305821864555092e-01, 2.714375325210983680e-01, 2.908595685197162828e-01
1.234644237802269423e-01, 3.143974702486030393e-01, 2.717875054866792373e-01, 2.903506004844906840e-01
1.233586689178338691e-01, 3.146629682599719757e-01, 2.721369233170464197e-01, 2.898414395051477910e-01
1.232550517988287159e-01, 3.149270732597950762e-01, 2.724857835136151873e-01, 2.893320914277610068e-01
1.231535720193291106e-01, 3.151897823118601227e-01, 2.728340835863392599e-01, 2.888225620824713680e-01
1.230542291584091619e-01, 3.154510925045035941e-01, 2.731818210536868796e-01, 2.883128572834003367e-01
1.229570227782158243e-01, 3.157110009506033377e-01, 2.735289934426178293e-01, 2.878029828285630920e-01
1.228619524240851246e-01, 3.159695047875720753e-01, 2.738755982885594520e-01, 2.872929444997833204e-01
1.227690176246578752e-01, 3.162266011773487984e-01, 2.742216331353831693e-01, 2.867827480626101710e-01
1.226782178919944150e-01, 3.164822873063901087e-01, 2.745670955353800013e-01, 2.862723992662354333e-01
1.225895527216894071e-01, 3.167365603856615031e-01, 2.749119830492359751e-01, 2.857619038434130454e-01
1.225030215929855532e-01, 3.169894176506270478e-01, 2.752562932460082545e-01, 2.852512675103790474e-01
1.224186239688874051e-01, 3.172408563612397758e-01, 2.756000237030992173e-01, 2.847404959667737545e-01
1.223363592962736363e-01, 3.174908738019299181e-01, 2.759431720062319737e-01, 2.842295948955645968e-01
1.222562270060099099e-01, 3.177394672815944121e-01, 2.762857357494247768e-01, 2.837185699629709568e-01
1.221782265130603728e-01, 3.179866341335842450e-01, 2.766277125349656529e-01, 2.832074268183897847e-01
1.221023572165986504e-01, 3.182323717156923526e-01, 2.769690999733863679e-01, 2.826961710943226569e-01
1.220286185001186463e-01, 3.184766774101404629e-01, 2.773098956834365025e-01, 2.821848084063043882e-01
1.219570097315443302e-01, 3.187195486235655517e-01, 2.776500972920573629e-01, 2.816733443528329217e-01
1.218875302633391083e-01, 3.189609827870056868e-01, 2.779897024343552236e-01, 2.811617845152999950e-01
1.218201794326146253e-01, 3.192009773558856511e-01, 2.783287087535752935e-01, 2.806501344579244162e-01
1.217549565612387474e-01, 3.194395298100018432e-01, 2.786671139010744036e-01, 2.801383997276850613e-01
1.216918609559431430e-01, 3.196766376535064569e-01, 2.790049155362941402e-01, 2.796265858542564264e-01
1.216308919084299056e-01, 3.199122984148917714e-01, 2.793421113267340883e-01, 2.791146983499443457e-01
1.215720486954781493e-01, 3.201465096469734983e-01, 2.796786989479237984e-01, 2.786027427096245956e-01
1.215153305790490496e-01, 3.203792689268737948e-01, 2.800146760833961412e-01, 2.780907244106811116e-01
1.214607368063910370e-01, 3.206105738560036666e-01, 2.803500404246588307e-01, 2.775786489129464796e-01
1.214082666101438945e-01, 3.208404220600454271e-01, 2.806847896711673340e-01, 2.770665216586434276e-01
1.213579192084423414e-01, 3.210688111889337670e-01, 2.810189215302963395e-01, 2.765543480723275382e-01
1.213096938050188534e-01, 3.212957389168374367e-01, 2.813524337173120560e-01, 2.760421335608315707e-01
1.212635895893057064e-01, 3.215212029421399276e-01, 2.816853239553438470e-01, 2.755298835132105606e-01
1.212196057365366592e-01, 3.217452009874195995e-01, 2.820175899753556426e-01, 2.750176033006881959e-01
1.211777414078475112e-01, 3.219677307994294191e-01, 2.823492295161179055e-01, 2.745052982766050254e-01
1.211379957503763427e-01, 3.221887901490772532e-01, 2.826802403241787665e-01, 2.739929737763676099e-01
1.211003678973626985e-01, 3.224083768314038312e-01, 2.830106201538349353e-01, 2.734806351173985073e-01
1.210648569682463288e-01, 3.226264886655625386e-01, 2.833403667671033910e-01, 2.729682875990877000e-01
1.210314620687649029e-01, 3.228431234947967132e-01, 2.836694779336922934e-01, 2.724559365027460212e-01
1.210001822910514307e-01, 3.230582791864183290e-01, 2.839979514309717845e-01, 2.719435870915584696e-01
1.209710167137304504e-01, 3.232719536317848474e-01, 2.843257850439447898e-01, 2.714312446105399679e-01
1.209439644020138538e-01, 3.234841447462769026e-01, 2.846529765652178190e-01, 2.709189142864913413e-01
1.209190244077956999e-01, 3.236948504692749307e-01, 2.849795237949720450e-01, 2.704066013279573522e-01
1.208961957697464867e-01, 3.239040687641350780e-01, 2.853054245409331613e-01, 2.698943109251851213e-01
1.208754775134065068e-01, 3.241117976181662752e-01, 2.856306766183425716e-01, 2.693820482500847158e-01
1.208568686512784401e-01, 3.243180350426048131e-01, 2.859552778499271364e-01, 2.688698184561895688e-01
1.208403681829193360e-01, 3.245227790725904726e-01, 2.862792260658705290e-01, 2.683576266786196762e-01
1.208259750950315958e-01, 3.247260277671414896e-01, 2.866025191037822606e-01, 2.678454780340445707e-01
1.208136883615533730e-01, 3.249277792091288530e-01, 2.869251548086693693e-01, 2.673333776206484047e-01
1.208035069437480430e-01, 3.251280315052510472e-01, 2.872471310329054450e-01, 2.668213305180955341e-01
1.207954297902927854e-01, 3.253267827860079064e-01, 2.875684456362014862e-01, 2.663093417874978774e-01
1.207894558373669158e-01, 3.255240312056746355e-01, 2.878890964855757573e-01, 2.657974164713827192e-01
1.207855840087385807e-01, 3.257197749422749422e-01, 2.882090814553241453e-01, 2.652855595936624011e-01
1.207838132158512434e-01, 3.259140121975543369e-01, 2.885283984269898516e-01, 2.647737761596044570e-01
1.207841423579093382e-01, 3.261067411969534313e-01, 2.888470452893337481e-01, 2.642620711558034685e-01
1.207865703219627301e-01, 3.262979601895795168e-01, 2.891650199383042907e-01, 2.637504495501535318e-01
1.207910959829907871e-01, 3.264876674481798080e-01, 2.894823202770075432e-01, 2.632389162918219450e-01
1.207977182039851466e-01, 3.266758612691130215e-01, 2.897989442156772011e-01, 2.627274763112246725e-01
1.208064358360323026e-01, 3.268625399723214531e-01, 2.901148896716445602e-01, 2.622161345200017535e-01
1.208172477183947352e-01, 3.270477019013020570e-01, 2.904301545693088182e-01, 2.617048958109944312e-01
1.208301526785915680e-01, 3.272313454230780794e-01, 2.907447368401063770e-01, 2.611937650582239479e-01
1.208451495324782965e-01, 3.274134689281699151e-01, 2.910586344224817545e-01, 2.606827471168700616e-01
1.208622370843254884e-01, 3.275940708305659643e-01, 2.913718452618568877e-01, 2.601718468232516734e-01
1.208814141268970827e-01, 3.277731495676928786e-01, 2.916843673106017665e-01, 2.596610689948083417e-01
1.209026794415273415e-01, 3.279507036003864728e-01, 2.919961985280039585e-01, 2.591504184300824076e-01
1.209260317981972477e-01, 3.281267314128608614e-01, 2.923073368802391880e-01, 2.586398999087026196e-01
1.209514699556100137e-01, 3.283012315126795366e-01, 2.926177803403415822e-01, 2.581295181913689230e-01
1.209789926612655081e-01, 3.284742024307239494e-01, 2.929275268881730843e-01, 2.576192780198374166e-01
1.210085986515343354e-01, 3.286456427211634224e-01, 2.932365745103948096e-01, 2.571091841169075853e-01
1.210402866517302362e-01, 3.288155509614243965e-01, 2.935449212004362374e-01, 2.565992411864092548e-01
1.210740553761824601e-01, 3.289839257521594007e-01, 2.938525649584663446e-01, 2.560894539131917669e-01
1.211099035283068476e-01, 3.291507657172160761e-01, 2.941595037913637967e-01, 2.555798269631133213e-01
1.211478298006758852e-01, 3.293160695036053132e-01, 2.944657357126871933e-01, 2.550703649830314834e-01
1.211878328750883582e-01, 3.294798357814706646e-01, 2.947712587426459252e-01, 2.545610726007950797e-01
1.212299114226375596e-01, 3.296420632440557608e-01, 2.950760709080704203e-01, 2.540519544252362594e-01
1.212740641037791528e-01, 3.298027506076730009e-01, 2.953801702423832221e-01, 2.535430150461647769e-01
1.213202895683977156e-01, 3.299618966116713015e-01, 2.956835547855694024e-01, 2.530342590343616638e-01
1.213685864558727567e-01, 3.301195000184040662e-01, 2.959862225841478067e-01, 2.525256909415753981e-01
1.214189533951436084e-01, 3.302755596131969340e-01, 2.962881716911415775e-01, 2.520173153005179634e-01
1.214713890047734030e-01, 3.304300742043148609e-01, 2.965894001660493995e-01, 2.515091366248622951e-01
1.215258918930123833e-01, 3.305830426229303121e-01, 2.968899060748167451e-01, 2.510011594092405041e-01
1.215824606578600892e-01, 3.307344637230896778e-01, 2.971896874898068419e-01, 2.504933881292432662e-01
1.216410938871267944e-01, 3.308843363816809102e-01, 2.974887424897724730e-01, 2.499858272414198501e-01
1.217017901584939166e-01, 3.310326594984003279e-01, 2.977870691598267228e-01, 2.494784811832790050e-01
1.217645480395737889e-01, 3.311794319957195309e-01, 2.980846655914152765e-01, 2.489713543732914036e-01
1.218293660879680718e-01, 3.313246528188522610e-01, 2.983815298822877216e-01, 2.484644512108918346e-01
1.218962428513258589e-01, 3.314683209357207616e-01, 2.986776601364695694e-01, 2.479577760764837824e-01
1.219651768674002018e-01, 3.316104353369228042e-01, 2.989730544642338894e-01, 2.474513333314432018e-01
1.220361666641044118e-01, 3.317509950356972714e-01, 2.992677109820738313e-01, 2.469451273181245132e-01
1.221092107595669468e-01, 3.318899990678916279e-01, 2.995616278126745913e-01, 2.464391623598668757e-01
1.221843076621855761e-01, 3.320274464919271140e-01, 2.998548030848858237e-01, 2.459334427610015139e-01
1.222614558706808519e-01, 3.321633363887656065e-01, 3.001472349336939960e-01, 2.454279728068594901e-01
1.223406538741481780e-01, 3.322976678618752011e-01, 3.004389215001955216e-01, 2.449227567637810576e-01
1.224219001521093808e-01, 3.324304400371966284e-01, 3.007298609315689486e-01, 2.444177988791250145e-01
1.225051931745632788e-01, 3.325616520631087814e-01, 3.010200513810483147e-01, 2.439131033812796390e-01
1.225905314020352410e-01, 3.326913031103945761e-01, 3.013094910078964461e-01, 2.434086744796736812e-01
1.226779132856259530e-01, 3.328193923722072567e-01, 3.015981779773777016e-01, 2.429045163647891303e-01
1.227673372670591845e-01, 3.329459190640352007e-01, 3.018861104607318269e-01, 2.424006332081737325e-01
1.228588017787287101e-01, 3.330708824236685017e-01, 3.021732866351475866e-01, 2.418970291624551738e-01
1.229523052437442587e-01, 3.331942817111637201e-01, 3.024597046837365633e-01, 2.413937083613554857e-01
1.230478460759766163e-01, 3.333161162088099649e-01, 3.027453627955069004e-01, 2.408906749197065322e-01
1.231454226801017432e-01, 3.334363852210943113e-01, 3.030302591653378785e-01, 2.403879329334659976e-01
1.232450334516441426e-01, 3.335550880746670499e-01, 3.033143919939539912e-01, 2.398854864797349273e-01
1.233466767770189793e-01, 3.336722241183070481e-01, 3.035977594878995212e-01, 2.393833396167743821e-01
1.234503510335737547e-01, 3.337877927228877772e-01, 3.038803598595134492e-01, 2.388814963840250327e-01
1.235560545896286361e-01, 3.339017932813415634e-01, 3.041621913269043076e-01, 2.383799608021254790e-01
1.236637858045162297e-01, 3.340142252086257257e-01, 3.044432521139254222e-01, 2.378787368729326779e-01
1.237735430286200783e-01, 3.341250879416876041e-01, 3.047235404501499323e-01, 2.373778285795423437e-01
1.238853246034126027e-01, 3.342343809394299758e-01, 3.050030545708469210e-01, 2.368772398863105144e-01
1.239991288614920167e-01, 3.343421036826758619e-01, 3.052817927169567125e-01, 2.363769747388754505e-01
1.241149541266181461e-01, 3.344482556741342205e-01, 3.055597531350668916e-01, 2.358770370641808389e-01
1.242327987137475526e-01, 3.345528364383649200e-01, 3.058369340773889333e-01, 2.353774307704984969e-01
1.243526609290679513e-01, 3.346558455217442662e-01, 3.061133338017342220e-01, 2.348781597474535743e-01
1.244745390700309345e-01, 3.347572824924296975e-01, 3.063889505714908479e-01, 2.343792278660486172e-01
1.245984314253848063e-01, 3.348571469403253120e-01, 3.066637826556004032e-01, 2.338806389786895201e-01
1.247243362752058909e-01, 3.349554384770472293e-01, 3.069378283285352782e-01, 2.333823969192115322e-01
1.248522518909289947e-01, 3.350521567358884512e-01, 3.072110858702759573e-01, 2.328845055029065414e-01
1.249821765353772152e-01, 3.351473013717843341e-01, 3.074835535662883146e-01, 2.323869685265500806e-01
1.251141084627905020e-01, 3.352408720612776172e-01, 3.077552297075021870e-01, 2.318897897684297771e-01
1.252480459188536066e-01, 3.353328685024839495e-01, 3.080261125902881703e-01, 2.313929729883742181e-01
1.253839871407232409e-01, 3.354232904150570294e-01, 3.082962005164375241e-01, 2.308965219277822611e-01
1.255219303570536682e-01, 3.355121375401536321e-01, 3.085654917931394126e-01, 2.304004403096532039e-01
1.256618737880224879e-01, 3.355994096403994709e-01, 3.088339847329604759e-01, 2.299047318386174821e-01
1.258038156453543666e-01, 3.356851064998540579e-01, 3.091016776538235700e-01, 2.294094002009679500e-01
1.259477541323447414e-01, 3.357692279239762323e-01, 3.093685688789872823e-01, 2.289144490646917718e-01
1.260936874438822186e-01, 3.358517737395896319e-01, 3.096346567370253933e-01, 2.284198820795027007e-01
1.262416137664703342e-01, 3.359327437948480544e-01, 3.098999395618068919e-01, 2.279257028768748028e-01
1.263915312782480649e-01, 3.360121379592007074e-01, 3.101644156924758255e-01, 2.274319150700752912e-01
1.265434381490099514e-01, 3.360899561233584021e-01, 3.104280834734320371e-01, 2.269385222541994984e-01
1.266973325402248607e-01, 3.361661981992583037e-01, 3.106909412543117366e-01, 2.264455280062051545e-01
1.268532126050540831e-01, 3.362408641200297921e-01, 3.109529873899680719e-01, 2.259529358849480252e-01
1.270110764883688459e-01, 3.363139538399603223e-01, 3.112142202404529767e-01, 2.254607494312178273e-01
1.271709223267664113e-01, 3.363854673344609525e-01, 3.114746381709981859e-01, 2.249689721677745335e-01
1.273327482485855089e-01, 3.364554046000319265e-01, 3.117342395519971388e-01, 2.244776075993854814e-01
1.274965523739212403e-01, 3.365237656542287570e-01, 3.119930227589872151e-01, 2.239866592128628153e-01
1.276623328146386516e-01, 3.365905505356279193e-01, 3.122509861726317504e-01, 2.234961304771017343e-01
1.278300876743855008e-01, 3.366557593037926566e-01, 3.125081281787029375e-01, 2.230060248431188219e-01
1.279998150486047759e-01, 3.367193920392390072e-01, 3.127644471680649518e-01, 2.225163457440912929e-01
1.281715130245451584e-01, 3.367814488434019982e-01, 3.130199415366565763e-01, 2.220270965953963505e-01
1.283451796812720147e-01, 3.368419298386012839e-01, 3.132746096854750473e-01, 2.215382807946515709e-01
1.285208130896764722e-01, 3.369008351680081170e-01, 3.135284500205602898e-01, 2.210499017217552875e-01
1.286984113124842177e-01, 3.369581649956103209e-01, 3.137814609529780419e-01, 2.205619627389273918e-01
1.288779724042632135e-01, 3.370139195061798709e-01, 3.140336408988054218e-01, 2.200744671907515215e-01
1.290594944114307197e-01, 3.370680989052381449e-01, 3.142849882791147742e-01, 2.195874184042163058e-01
1.292429753722592334e-01, 3.371207034190231711e-01, 3.145355015199592374e-01, 2.191008196887583581e-01
1.294284133168819018e-01, 3.371717332944557666e-01, 3.147851790523575333e-01, 2.186146743363047984e-01
1.296158062672969624e-01, 3.372211887991057866e-01, 3.150340193122804777e-01, 2.181289856213168010e-01
1.298051522373713240e-01, 3.372690702211593727e-01, 3.152820207406358821e-01, 2.176437568008333379e-01
1.299964492328431753e-01, 3.373153778693854798e-01, 3.155291817832558410e-01, 2.171589911145155316e-01
1.301896952513242056e-01, 3.373601120731021252e-01, 3.157755008908825767e-01, 2.166746917846910370e-01
1.303848882823006594e-01, 3.374032731821441922e-01, 3.160209765191557829e-01, 2.161908620163993378e-01
1.305820263071335585e-01, 3.374448615668296236e-01, 3.162656071285996906e-01, 2.157075049974370717e-01
1.307811072990582302e-01, 3.374848776179267817e-01, 3.165093911846105779e-01, 2.152246238984043269e-01
1.309821292231832801e-01, 3.375233217466215851e-01, 3.167523271574449462e-01, 2.147422218727501053e-01
1.311850900364881223e-01, 3.375601943844845354e-01, 3.169944135222073078e-01, 2.142603020568201178e-01
1.313899876878201478e-01, 3.375954959834381874e-01, 3.172356487588389173e-01, 2.137788675699028029e-01
1.315968201178913388e-01, 3.376292270157243980e-01, 3.174760313521066690e-01, 2.132979215142776497e-01
1.318055852592734944e-01, 3.376613879738718516e-01, 3.177155597915923280e-01, 2.128174669752624648e-01
1.320162810363927908e-01, 3.376919793706636419e-01, 3.179542325716817608e-01, 2.123375070212618343e-01
1.322289053655243130e-01, 3.377210017391046870e-01, 3.181920481915551657e-01, 2.118580447038157788e-01
1.324434561547844225e-01, 3.377484556323899212e-01, 3.184290051551772471e-01, 2.113790830576483815e-01
1.326599313041239014e-01, 3.377743416238714880e-01, 3.186651019712871680e-01, 2.109006251007174704e-01
1.328783287053189044e-01, 3.377986603070272098e-01, 3.189003371533900566e-01, 2.104226738342637737e-01
1.330986462419622707e-01, 3.378214122954282250e-01, 3.191347092197480695e-01, 2.099452322428615181e-01
1.333208817894532550e-01, 3.378425982227071800e-01, 3.193682166933715649e-01, 2.094683032944679724e-01
1.335450332149871189e-01, 3.378622187425265322e-01, 3.196008581020115535e-01, 2.089918899404747121e-01
1.337710983775435014e-01, 3.378802745285467424e-01, 3.198326319781514271e-01, 2.085159951157583291e-01
1.339990751278741510e-01, 3.378967662743945222e-01, 3.200635368589996310e-01, 2.080406217387316681e-01
1.342289613084902411e-01, 3.379116946936314703e-01, 3.202935712864829476e-01, 2.075657727113954243e-01
1.344607547536483816e-01, 3.379250605197225421e-01, 3.205227338072391130e-01, 2.070914509193899911e-01
1.346944532893364077e-01, 3.379368645060046306e-01, 3.207510229726110440e-01, 2.066176592320477789e-01
1.349300547332581424e-01, 3.379471074256557572e-01, 3.209784373386404543e-01, 2.061444005024456738e-01
1.351675568948174089e-01, 3.379557900716630980e-01, 3.212049754660618595e-01, 2.056716775674575226e-01
1.354069575751015719e-01, 3.379629132567927852e-01, 3.214306359202983021e-01, 2.051994932478074241e-01
1.356482545668640238e-01, 3.379684778135583212e-01, 3.216554172714546911e-01, 2.047278503481229361e-01
1.358914456545063099e-01, 3.379724845941899924e-01, 3.218793180943148036e-01, 2.042567516569888941e-01
1.361365286140591435e-01, 3.379749344706040048e-01, 3.221023369683359006e-01, 2.037861999470008956e-01
1.363835012131631996e-01, 3.379758283343719527e-01, 3.223244724776452297e-01, 2.033161979748195625e-01
1.366323612110485752e-01, 3.379751670966901766e-01, 3.225457232110363059e-01, 2.028467484812249422e-01
1.368831063585142505e-01, 3.379729516883487883e-01, 3.227660877619657476e-01, 2.023778541911711581e-01
1.371357343979064114e-01, 3.379691830597023605e-01, 3.229855647285502229e-01, 2.019095178138409774e-01
1.373902430630960791e-01, 3.379638621806382859e-01, 3.232041527135642855e-01, 2.014417420427013494e-01
1.376466300794562669e-01, 3.379569900405479665e-01, 3.234218503244375986e-01, 2.009745295555582234e-01
1.379048931638384157e-01, 3.379485676482953393e-01, 3.236386561732538247e-01, 2.005078830146124202e-01
1.381650300245479412e-01, 3.379385960321880100e-01, 3.238545688767486830e-01, 2.000418050665153102e-01
1.384270383613195043e-01, 3.379270762399467776e-01, 3.240695870563088388e-01, 1.995762983424249071e-01
1.386909158652911145e-01, 3.379140093386756583e-01, 3.242837093379716817e-01, 1.991113654580616288e-01
1.389566602189780398e-01, 3.378993964148325757e-01, 3.244969343524239935e-01, 1.986470090137652522e-01
1.392242690962459395e-01, 3.378832385741994959e-01, 3.247092607350032800e-01, 1.981832315945512013e-01
1.394937401622831086e-01, 3.378655369418530063e-01, 3.249206871256966056e-01, 1.977200357701672795e-01
1.397650710735721946e-01, 3.378462926621346174e-01, 3.251312121691423696e-01, 1.972574240951507907e-01
1.400382594778616652e-01, 3.378255068986216192e-01, 3.253408345146310277e-01, 1.967953991088857990e-01
1.403133030141360260e-01, 3.378031808340976605e-01, 3.255495528161061469e-01, 1.963339633356601388e-01
1.405901993125858729e-01, 3.377793156705238831e-01, 3.257573657321669036e-01, 1.958731192847232572e-01
1.408689459945770273e-01, 3.377539126290094451e-01, 3.259642719260697485e-01, 1.954128694503439734e-01
1.411495406726191726e-01, 3.377269729497824891e-01, 3.261702700657307386e-01, 1.949532163118676831e-01
1.414319809503341019e-01, 3.376984978921618308e-01, 3.263753588237287562e-01, 1.944941623337753389e-01
1.417162644224229107e-01, 3.376684887345274277e-01, 3.265795368773087848e-01, 1.940357099657409323e-01
1.420023886746329678e-01, 3.376369467742919572e-01, 3.267828029083851282e-01, 1.935778616426899468e-01
1.422903512837240536e-01, 3.376038733278721726e-01, 3.269851556035455187e-01, 1.931206197848582828e-01
1.425801498174341653e-01, 3.375692697306602041e-01, 3.271865936540555575e-01, 1.926639867978500731e-01
1.428717818344443502e-01, 3.375331373369953036e-01, 3.273871157558631562e-01, 1.922079650726972733e-01
1.431652448843433734e-01, 3.374954775201351453e-01, 3.275867206096035877e-01, 1.917525569859179768e-01
1.434605365075915240e-01, 3.374562916722275707e-01, 3.277854069206050380e-01, 1.912977648995757285e-01
1.437576542354842002e-01, 3.374155812042828329e-01, 3.279831733988943232e-01, 1.908435911613386160e-01
1.440565955901142448e-01, 3.373733475461444531e-01, 3.281800187592026630e-01, 1.903900381045385837e-01
1.443573580843346416e-01, 3.373295921464621316e-01, 3.283759417209726195e-01, 1.899371080482305518e-01
1.446599392217199076e-01, 3.372843164726632703e-01, 3.285709410083644810e-01, 1.894848032972523688e-01
1.449643364965272629e-01, 3.372375220109248839e-01, 3.287650153502638672e-01, 1.890331261422840969e-01
1.452705473936573288e-01, 3.371892102661460111e-01, 3.289581634802887788e-01, 1.885820788599078257e-01
1.455785693886142707e-01, 3.371393827619201256e-01, 3.291503841367980909e-01, 1.881316637126675129e-01
1.458883999474649695e-01, 3.370880410405069361e-01, 3.293416760628992690e-01, 1.876818829491289364e-01
1.462000365267983881e-01, 3.370351866628049642e-01, 3.295320380064570287e-01, 1.872327388039394802e-01
1.465134765736839650e-01, 3.369808212083242882e-01, 3.297214687201030503e-01, 1.867842334978886132e-01
1.468287175256295929e-01, 3.369249462751585100e-01, 3.299099669612441388e-01, 1.863363692379677861e-01
1.471457568105389857e-01, 3.368675634799577212e-01, 3.300975314920727155e-01, 1.858891482174306886e-01
1.474645918466688521e-01, 3.368086744579009140e-01, 3.302841610795765881e-01, 1.854425726158536181e-01
1.477852200425852913e-01, 3.367482808626688917e-01, 3.304698544955496087e-01, 1.849966445991961805e-01
1.481076387971198838e-01, 3.366863843664168465e-01, 3.306546105166018323e-01, 1.845513663198613541e-01
1.484318454993250880e-01, 3.366229866597473253e-01, 3.308384279241713410e-01, 1.841067399167563012e-01
1.487578375284291932e-01, 3.365580894516829735e-01, 3.310213055045349573e-01, 1.836627675153528760e-01
1.490856122537912998e-01, 3.364916944696396683e-01, 3.312032420488208451e-01, 1.832194512277482701e-01
1.494151670348549676e-01, 3.364238034593992621e-01, 3.313842363530198898e-01, 1.827767931527258527e-01
1.497464992211022528e-01, 3.363544181850831039e-01, 3.315642872179987988e-01, 1.823347953758158724e-01
1.500796061520066338e-01, 3.362835404291245611e-01, 3.317433934495125913e-01, 1.818934599693562693e-01
1.504144851569858277e-01, 3.362111719922425968e-01, 3.319215538582179215e-01, 1.814527889925536541e-01
1.507511335553542720e-01, 3.361373146934149014e-01, 3.320987672596867890e-01, 1.810127844915440931e-01
1.510895486562747747e-01, 3.360619703698511929e-01, 3.322750324744200290e-01, 1.805734484994540867e-01
1.514297277587101920e-01, 3.359851408769662928e-01, 3.324503483278620219e-01, 1.801347830364615488e-01
1.517716681513742727e-01, 3.359068280883538149e-01, 3.326247136504148494e-01, 1.796967901098569798e-01
1.521153671126823370e-01, 3.358270338957595746e-01, 3.327981272774537813e-01, 1.792594717141042793e-01
1.524608219107015938e-01, 3.357457602090545001e-01, 3.329705880493418202e-01, 1.788228298309019748e-01
1.528080298031006257e-01, 3.356630089562089858e-01, 3.331420948114459657e-01, 1.783868664292443673e-01
1.531569880370992343e-01, 3.355787820832656365e-01, 3.333126464141528134e-01, 1.779515834654822604e-01
1.535076938494171206e-01, 3.354930815543133438e-01, 3.334822417128848748e-01, 1.775169828833846886e-01
1.538601444662225370e-01, 3.354059093514605849e-01, 3.336508795681173423e-01, 1.770830666141995080e-01
1.542143371030806620e-01, 3.353172674748093329e-01, 3.338185588453950192e-01, 1.766498365767150414e-01
1.545702689649013084e-01, 3.352271579424283554e-01, 3.339852784153495291e-01, 1.762172946773207516e-01
1.549279372458866599e-01, 3.351355827903275131e-01, 3.341510371537170232e-01, 1.757854428100688038e-01
1.552873391294780636e-01, 3.350425440724307258e-01, 3.343158339413561664e-01, 1.753542828567349887e-01
1.556484717883030444e-01, 3.349480438605504373e-01, 3.344796676642664557e-01, 1.749238166868800348e-01
1.560113323841218758e-01, 3.348520842443608037e-01, 3.346425372136066501e-01, 1.744940461579106428e-01
1.563759180677730953e-01, 3.347546673313719912e-01, 3.348044414857141438e-01, 1.740649731151408253e-01
1.567422259791198258e-01, 3.346557952469036423e-01, 3.349653793821237291e-01, 1.736365993918528028e-01
1.571102532469950130e-01, 3.345554701340588966e-01, 3.351253498095876915e-01, 1.732089268093582879e-01
1.574799969891463036e-01, 3.344536941536984109e-01, 3.352843516800955159e-01, 1.727819571770598528e-01
1.578514543121810332e-01, 3.343504694844136593e-01, 3.354423839108939265e-01, 1.723556922925113533e-01
1.582246223115106876e-01, 3.342457983225015083e-01, 3.355994454245081471e-01, 1.719301339414797680e-01
1.585994980712947533e-01, 3.341396828819375719e-01, 3.357555351487619966e-01, 1.715052838980057892e-01
1.589760786643848456e-01, 3.340321253943505098e-01, 3.359106520167995380e-01, 1.710811439244650511e-01
1.593543611522683090e-01, 3.339231281089958259e-01, 3.360647949671068946e-01, 1.706577157716290816e-01
1.597343425850109577e-01, 3.338126932927295010e-01, 3.362179629435333439e-01, 1.702350011787263084e-01
1.601160200012006485e-01, 3.337008232299824018e-01, 3.363701548953140219e-01, 1.698130018735029556e-01
1.604993904278895767e-01, 3.335875202227338576e-01, 3.365213697770923496e-01, 1.693917195722841051e-01
1.608844508805368501e-01, 3.334727865904857924e-01, 3.366716065489427923e-01, 1.689711559800344820e-01
1.612711983629504797e-01, 3.333566246702363567e-01, 3.368208641763938416e-01, 1.685513127904192388e-01
1.616596298672294818e-01, 3.332390368164540040e-01, 3.369691416304516074e-01, 1.681321916858648791e-01
1.620497423737052856e-01, 3.331200254010516781e-01, 3.371164378876230772e-01, 1.677137943376200147e-01
1.624415328508831413e-01, 3.329995928133601124e-01, 3.372627519299407073e-01, 1.672961224058159557e-01
1.628349982553835285e-01, 3.328777414601023499e-01, 3.374080827449865705e-01, 1.668791775395276067e-01
1.632301355318825364e-01, 3.327544737653669871e-01, 3.375524293259165587e-01, 1.664629613768339456e-01
1.636269416130529675e-01, 3.326297921705826388e-01, 3.376957906714859181e-01, 1.660474755448785589e-01
1.640254134195046343e-01, 3.325036991344914039e-01, 3.378381657860737297e-01, 1.656327216599303154e-01
1.644255478597244913e-01, 3.323761971331226084e-01, 3.379795536797093325e-01, 1.652187013274436789e-01
1.648273418300167381e-01, 3.322472886597669373e-01, 3.381199533680969704e-01, 1.648054161421193820e-01
1.652307922144425623e-01, 3.321169762249500668e-01, 3.382593638726429375e-01, 1.643928676879643780e-01
1.656358958847598262e-01, 3.319852623564061300e-01, 3.383977842204813347e-01, 1.639810575383527647e-01
1.660426497003622548e-01, 3.318521495990519043e-01, 3.385352134445005490e-01, 1.635699872560851809e-01
1.664510505082189284e-01, 3.317176405149601659e-01, 3.386716505833711199e-01, 1.631596583934498135e-01
1.668610951428130262e-01, 3.315817376833332664e-01, 3.388070946815716078e-01, 1.627500724922820163e-01
1.672727804260807916e-01, 3.314444437004773758e-01, 3.389415447894172373e-01, 1.623412310840245398e-01
1.676861031673503311e-01, 3.313057611797751711e-01, 3.390749999630869871e-01, 1.619331356897874552e-01
1.681010601632798029e-01, 3.311656927516600235e-01, 3.392074592646519560e-01, 1.615257878204081621e-01
1.685176481977960494e-01, 3.310242410635893529e-01, 3.393389217621037290e-01, 1.611191889765109797e-01
1.689358640420326463e-01, 3.308814087800177051e-01, 3.394693865293821888e-01, 1.607133406485673210e-01
1.693557044542679801e-01, 3.307371985823709393e-01, 3.395988526464058799e-01, 1.603082443169552840e-01
1.697771661798630760e-01, 3.305916131690186943e-01, 3.397273191990994867e-01, 1.599039014520187707e-01
1.702002459511993970e-01, 3.304446552552485761e-01, 3.398547852794241986e-01, 1.595003135141278283e-01
1.706249404876165887e-01, 3.302963275732385684e-01, 3.399812499854071857e-01, 1.590974819537376850e-01
1.710512464953495571e-01, 3.301466328720310539e-01, 3.401067124211712978e-01, 1.586954082114480913e-01
1.714791606674664903e-01, 3.299955739175052249e-01, 3.402311716969654287e-01, 1.582940937180628282e-01
1.719086796838055209e-01, 3.298431534923507158e-01, 3.403546269291946591e-01, 1.578935398946490765e-01
1.723398002109119698e-01, 3.296893743960405132e-01, 3.404770772404513979e-01, 1.574937481525960636e-01
1.727725189019759244e-01, 3.295342394448036449e-01, 3.405985217595456915e-01, 1.570947198936747391e-01
1.732068323967683732e-01, 3.293777514715985899e-01, 3.407189596215368099e-01, 1.566964565100963380e-01
1.736427373215786996e-01, 3.292199133260855226e-01, 3.408383899677643880e-01, 1.562989593845714453e-01
1.740802302891510112e-01, 3.290607278745994457e-01, 3.409568119458805668e-01, 1.559022298903689208e-01
1.745193078986211621e-01, 3.289001980001231562e-01, 3.410742247098811908e-01, 1.555062693913745464e-01
1.749599667354531374e-01, 3.287383266022591011e-01, 3.411906274201382816e-01, 1.551110792421495355e-01
1.754022033713755480e-01, 3.285751165972027321e-01, 3.413060192434325124e-01, 1.547166607879892630e-01
1.758460143643182927e-01, 3.284105709177144172e-01, 3.414203993529855707e-01, 1.543230153649817193e-01
1.762913962583488037e-01, 3.282446925130921289e-01, 3.415337669284931321e-01, 1.539301443000659075e-01
1.767383455836084860e-01, 3.280774843491437998e-01, 3.416461211561577782e-01, 1.535380489110900193e-01
1.771868588562489077e-01, 3.279089494081591227e-01, 3.417574612287223590e-01, 1.531467305068696383e-01
1.776369325783682118e-01, 3.277390906888822397e-01, 3.418677863455034105e-01, 1.527561903872461657e-01
1.780885632379470840e-01, 3.275679112064835974e-01, 3.419770957124251276e-01, 1.523664298431443020e-01
1.785417473087852758e-01, 3.273954139925315809e-01, 3.420853885420527818e-01, 1.519774501566303060e-01
1.789964812504374059e-01, 3.272216020949652027e-01, 3.421926640536275266e-01, 1.515892526009698649e-01
1.794527615081494276e-01, 3.270464785780649031e-01, 3.422989214730999818e-01, 1.512018384406856042e-01
1.799105845127944303e-01, 3.268700465224249618e-01, 3.424041600331657609e-01, 1.508152089316148192e-01
1.803699466808088847e-01, 3.266923090249248540e-01, 3.425083789732992212e-01, 1.504293653209670678e-01
1.808308444141288329e-01, 3.265132691987006064e-01, 3.426115775397890473e-01, 1.500443088473815134e-01
1.812932741001257453e-01, 3.263329301731164866e-01, 3.427137549857735555e-01, 1.496600407409843236e-01
1.817572321115429046e-01, 3.261512950937358601e-01, 3.428149105712754441e-01, 1.492765622234458189e-01
1.822227148064311242e-01, 3.259683671222929346e-01, 3.429150435632380423e-01, 1.488938745080377879e-01
1.826897185280853264e-01, 3.257841494366634505e-01, 3.430141532355607814e-01, 1.485119787996904694e-01
1.831582396049802886e-01, 3.255986452308355927e-01, 3.431122388691347780e-01, 1.481308762950493407e-01
1.836282743507068882e-01, 3.254118577148812919e-01, 3.432092997518798039e-01, 1.477505681825321271e-01
1.840998190639084320e-01, 3.252237901149262478e-01, 3.433053351787797580e-01, 1.473710556423855622e-01
1.845728700282168178e-01, 3.250344456731213971e-01, 3.434003444519199144e-01, 1.469923398467418707e-01
1.850474235121886690e-01, 3.248438276476128261e-01, 3.434943268805230043e-01, 1.466144219596755283e-01
1.855234757692416636e-01, 3.246519393125124053e-01, 3.435872817809863533e-01, 1.462373031372594945e-01
1.860010230375910567e-01, 3.244587839578680910e-01, 3.436792084769190736e-01, 1.458609845276218064e-01
1.864800615401858430e-01, 3.242643648896337272e-01, 3.437701062991790346e-01, 1.454854672710015062e-01
1.869605874846452798e-01, 3.240686854296396247e-01, 3.438599745859102219e-01, 1.451107524998050402e-01
1.874425970631955207e-01, 3.238717489155621410e-01, 3.439488126825802627e-01, 1.447368413386621033e-01
1.879260864526060837e-01, 3.236735587008934822e-01, 3.440366199420185622e-01, 1.443637349044818441e-01
1.884110518141265123e-01, 3.234741181549117273e-01, 3.441233957244534958e-01, 1.439914343065083202e-01
1.888974892934230931e-01, 3.232734306626492415e-01, 3.442091393975509894e-01, 1.436199406463766759e-01
1.893853950205157399e-01, 3.230714996248637561e-01, 3.442938503364522118e-01, 1.432492550181682367e-01
1.898747651097148770e-01, 3.228683284580061152e-01, 3.443775279238124876e-01, 1.428793785084666590e-01
1.903655956595582399e-01, 3.226639205941901900e-01, 3.444601715498388783e-01, 1.425103121964127473e-01
1.908578827527482591e-01, 3.224582794811615694e-01, 3.445417806123300397e-01, 1.421420571537602151e-01
1.913516224560889711e-01, 3.222514085822665852e-01, 3.446223545167136360e-01, 1.417746144449307244e-01
1.918468108204235134e-01, 3.220433113764211708e-01, 3.447018926760862523e-01, 1.414079851270690913e-01
1.923434438805713409e-01, 3.218339913580787193e-01, 3.447803945112519752e-01, 1.410421702500980756e-01
1.928415176552656651e-01, 3.216234520371993311e-01, 3.448578594507613615e-01, 1.406771708567736423e-01
1.933410281470914760e-01, 3.214116969392176171e-01, 3.449342869309513504e-01, 1.403129879827396120e-01
1.938419713424227031e-01, 3.211987296050110019e-01, 3.450096763959841217e-01, 1.399496226565820900e-01
1.943443432113606817e-01, 3.209845535908676384e-01, 3.450840272978869527e-01, 1.395870758998847549e-01
1.948481397076714805e-01, 3.207691724684542112e-01, 3.451573390965915755e-01, 1.392253487272827051e-01
1.953533567687246453e-01, 3.205525898247836847e-01, 3.452296112599744227e-01, 1.388644421465171641e-01
1.958599903154311095e-01, 3.203348092621830512e-01, 3.453008432638960401e-01, 1.385043571584897992e-01
1.963680362521815770e-01, 3.201158343982601906e-01, 3.453710345922413882e-01, 1.381450947573169274e-01
1.968774904667852377e-01, 3.198956688658715630e-01, 3.454401847369596434e-01, 1.377866559303834726e-01
1.973883488304084555e-01, 3.196743163130890131e-01, 3.455082931981052763e-01, 1.374290416583972552e-01
1.979006071975134007e-01, 3.194517804031670183e-01, 3.455753594838771314e-01, 1.370722529154425884e-01
1.984142614057973208e-01, 3.192280648145089383e-01, 3.456413831106596168e-01, 1.367162906690342628e-01
1.989293072761315340e-01, 3.190031732406338194e-01, 3.457063636030633935e-01, 1.363611558801713364e-01
1.994457406125008103e-01, 3.187771093901433095e-01, 3.457703004939652880e-01, 1.360068495033905367e-01
1.999635572019429486e-01, 3.185498769866871305e-01, 3.458331933245498702e-01, 1.356533724868200230e-01
2.004827528144882964e-01, 3.183214797689297160e-01, 3.458950416443493103e-01, 1.353007257722325662e-01
2.010033232030996875e-01, 3.180919214905162384e-01, 3.459558450112851236e-01, 1.349489102950989228e-01
2.015252641036124892e-01, 3.178612059200375817e-01, 3.460156029917085263e-01, 1.345979269846413195e-01
2.020485712346747342e-01, 3.176293368409973117e-01, 3.460743151604417367e-01, 1.342477767638863007e-01
2.025732402976876401e-01, 3.173963180517757054e-01, 3.461319811008188863e-01, 1.338984605497176850e-01
2.030992669767460457e-01, 3.171621533655960556e-01, 3.461886004047278753e-01, 1.335499792529299401e-01
2.036266469385793754e-01, 3.169268466104892545e-01, 3.462441726726508406e-01, 1.332023337782806405e-01
2.041553758324923529e-01, 3.166904016292589885e-01, 3.462986975137055112e-01, 1.328555250245432306e-01
2.046854492903065204e-01, 3.164528222794463219e-01, 3.463521745456872303e-01, 1.325095538845599830e-01
2.052168629263013411e-01, 3.162141124332942810e-01, 3.464046033951100334e-01, 1.321644212452943168e-01
2.057496123371559127e-01, 3.159742759777128263e-01, 3.464559836972481155e-01, 1.318201279878832288e-01
2.062836931018907638e-01, 3.157333168142420488e-01, 3.465063150961773530e-01, 1.314766749876899732e-01
2.068191007818098170e-01, 3.154912388590171979e-01, 3.465555972448169930e-01, 1.311340631143560198e-01
2.073558309204426298e-01, 3.152480460427322106e-01, 3.466038298049716193e-01, 1.307922932318534570e-01
2.078938790434871897e-01, 3.150037423106035739e-01, 3.466510124473723420e-01, 1.304513661985369777e-01
2.084332406587516562e-01, 3.147583316223331873e-01, 3.466971448517189303e-01, 1.301112828671961708e-01
2.089739112560985712e-01, 3.145118179520730028e-01, 3.467422267067212793e-01, 1.297720440851071189e-01
2.095158863073868782e-01, 3.142642052883871107e-01, 3.467862577101417099e-01, 1.294336506940844955e-01
2.100591612664156338e-01, 3.140154976342151016e-01, 3.468292375688361573e-01, 1.290961035305329685e-01
2.106037315688680800e-01, 3.137656990068352636e-01, 3.468711659987969709e-01, 1.287594034254996023e-01
2.111495926322547734e-01, 3.135148134378266671e-01, 3.469120427251939365e-01, 1.284235512047246508e-01
2.116967398558580182e-01, 3.132628449730318065e-01, 3.469518674824166871e-01, 1.280885476886935437e-01
2.122451686206761334e-01, 3.130097976725190745e-01, 3.469906400141166691e-01, 1.277543936926881230e-01
2.127948742893680523e-01, 3.127556756105448477e-01, 3.470283600732488316e-01, 1.274210900268381852e-01
2.133458522061981444e-01, 3.125004828755151842e-01, 3.470650274221141474e-01, 1.270886374961724685e-01
2.138980976969810655e-01, 3.122442235699476876e-01, 3.471006418324012466e-01, 1.267570369006700282e-01
2.144516060690273562e-01, 3.119869018104330927e-01, 3.471352030852281612e-01, 1.264262890353113344e-01
2.150063726110889029e-01, 3.117285217275966303e-01, 3.471687109711852903e-01, 1.260963946901290933e-01
2.155623925933047302e-01, 3.114690874660593356e-01, 3.472011652903762013e-01, 1.257673546502595940e-01
2.161196612671471284e-01, 3.112086031843986911e-01, 3.472325658524609837e-01, 1.254391696959931968e-01
2.166781738653680567e-01, 3.109470730551097128e-01, 3.472629124766969944e-01, 1.251118406028251528e-01
2.172379256019455751e-01, 3.106845012645659265e-01, 3.472922049919818233e-01, 1.247853681415066751e-01
2.177989116720310536e-01, 3.104208920129787330e-01, 3.473204432368949823e-01, 1.244597530780951478e-01
2.183611272518960478e-01, 3.101562495143592169e-01, 3.473476270597398163e-01, 1.241349961740049052e-01
2.189245674988798129e-01, 3.098905779964768459e-01, 3.473737563185855803e-01, 1.238110981860577470e-01
2.194892275513370961e-01, 3.096238817008201694e-01, 3.473988308813093506e-01, 1.234880598665333562e-01
2.200551025285859552e-01, 3.093561648825561838e-01, 3.474228506256383242e-01, 1.231658819632195229e-01
2.206221875308561620e-01, 3.090874318104899765e-01, 3.474458154391913411e-01, 1.228445652194625065e-01
2.211904776392376593e-01, 3.088176867670241466e-01, 3.474677252195207955e-01, 1.225241103742174265e-01
2.217599679156294634e-01, 3.085469340481177825e-01, 3.474885798741547682e-01, 1.222045181620980137e-01
2.223306534026884551e-01, 3.082751779632456057e-01, 3.475083793206387717e-01, 1.218857893134270565e-01
2.229025291237794471e-01, 3.080024228353566151e-01, 3.475271234865776049e-01, 1.215679245542862913e-01
2.234755900829240027e-01, 3.077286730008327309e-01, 3.475448123096769870e-01, 1.212509246065663071e-01
2.240498312647510315e-01, 3.074539328094472168e-01, 3.475614457377853572e-01, 1.209347901880164083e-01
2.246252476344468008e-01, 3.071782066243230469e-01, 3.475770237289356746e-01, 1.206195220122945055e-01
2.252018341377055310e-01, 3.069014988218906614e-01, 3.475915462513869958e-01, 1.203051207890168811e-01
2.257795857006800744e-01, 3.066238137918460560e-01, 3.476050132836658313e-01, 1.199915872238079551e-01
2.263584972299334530e-01, 3.063451559371085930e-01, 3.476174248146084444e-01, 1.196789220183496483e-01
2.269385636123896766e-01, 3.060655296737778697e-01, 3.476287808434012638e-01, 1.193671258704312454e-01
2.275197797152860302e-01, 3.057849394310919178e-01, 3.476390813796232382e-01, 1.190561994739988833e-01
2.281021403861248908e-01, 3.055033896513835723e-01, 3.476483264432867482e-01, 1.187461435192048304e-01
2.286856404526258491e-01, 3.052208847900378386e-01, 3.476565160648791286e-01, 1.184369586924571144e-01
2.292702747226787463e-01, 3.049374293154486493e-01, 3.476636502854038580e-01, 1.181286456764687326e-01
2.298560379842961576e-01, 3.046530277089753436e-01, 3.476697291564214698e-01, 1.178212051503070013e-01
2.304429250055670397e-01, 3.043676844648988133e-01, 3.476747527400912974e-01, 1.175146377894429328e-01
2.310309305346097963e-01, 3.040814040903781490e-01, 3.476787211092118857e-01, 1.172089442658001274e-01
2.316200492995267035e-01, 3.037941911054066746e-01, 3.476816343472624582e-01, 1.169041252478042608e-01
2.322102760083573636e-01, 3.035060500427674834e-01, 3.476834925484431627e-01, 1.166001814004318515e-01
2.328016053490338799e-01, 3.032169854479894733e-01, 3.476842958177167597e-01, 1.162971133852598454e-01
2.333940319893349491e-01, 3.029270018793024932e-01, 3.476840442708486467e-01, 1.159949218605138693e-01
2.339875505768415076e-01, 3.026361039075930459e-01, 3.476827380344476581e-01, 1.156936074811178300e-01
2.345821557388915735e-01, 3.023442961163591014e-01, 3.476803772460068109e-01, 1.153931708987424865e-01
2.351778420825363647e-01, 3.020515831016655772e-01, 3.476769620539437167e-01, 1.150936127618544802e-01
2.357746041944959736e-01, 3.017579694720983752e-01, 3.476724926176406050e-01, 1.147949337157650740e-01
2.363724366411159572e-01, 3.014634598487199169e-01, 3.476669691074851243e-01, 1.144971344026789600e-01
2.369713339683238440e-01, 3.011680588650229584e-01, 3.476603917049101433e-01, 1.142002154617430959e-01
2.375712907015858633e-01, 3.008717711668849604e-01, 3.476527606024339967e-01, 1.139041775290952352e-01
2.381723013458644234e-01, 3.005746014125226240e-01, 3.476440760037002864e-01, 1.136090212379127218e-01
2.387743603855755625e-01, 3.002765542724453729e-01, 3.476343381235179608e-01, 1.133147472184610899e-01
2.393774622845469824e-01, 2.999776344294093344e-01, 3.476235471879010053e-01, 1.130213560981427334e-01
2.399816014859760260e-01, 2.996778465783709322e-01, 3.476117034341076883e-01, 1.127288485015452563e-01
2.405867724123880724e-01, 2.993771954264406454e-01, 3.475988071106809740e-01, 1.124372250504903081e-01
2.411929694655957634e-01, 2.990756856928353802e-01, 3.475848584774871020e-01, 1.121464863640817960e-01
2.418001870266575648e-01, 2.987733221088327284e-01, 3.475698578057551114e-01, 1.118566330587544844e-01
2.424084194558377703e-01, 2.984701094177234504e-01, 3.475538053781164205e-01, 1.115676657483223866e-01
2.430176610925657288e-01, 2.981660523747638458e-01, 3.475367014886431294e-01, 1.112795850440272821e-01
2.436279062553962371e-01, 2.978611557471290139e-01, 3.475185464428878213e-01, 1.109923915545868861e-01
2.442391492419697940e-01, 2.975554243138651689e-01, 3.474993405579215877e-01, 1.107060858862433661e-01
2.448513843289732428e-01, 2.972488628658418452e-01, 3.474790841623733306e-01, 1.104206686428116369e-01
2.454646057721008856e-01, 2.969414762057039914e-01, 3.474577775964675652e-01, 1.101361404257274468e-01
2.460788078060155981e-01, 2.966332691478244521e-01, 3.474354212120637775e-01, 1.098525018340961168e-01
2.466939846443106654e-01, 2.963242465182550633e-01, 3.474120153726940052e-01, 1.095697534647403354e-01
2.473101304794714239e-01, 2.960144131546790236e-01, 3.473875604536010298e-01, 1.092878959122484811e-01
2.479272394828379300e-01, 2.957037739063623771e-01, 3.473620568417766785e-01, 1.090069297690230837e-01
2.485453058045669350e-01, 2.953923336341049422e-01, 3.473355049359994062e-01, 1.087268556253286611e-01
2.491643235735953033e-01, 2.950800972101921826e-01, 3.473079051468723200e-01, 1.084476740693401942e-01
2.497842868976028197e-01, 2.947670695183459144e-01, 3.472792578968601496e-01, 1.081693856871910608e-01
2.504051898629757744e-01, 2.944532554536755109e-01, 3.472495636203273284e-01, 1.078919910630212892e-01
2.510270265347707697e-01, 2.941386599226286092e-01, 3.472188227635749636e-01, 1.076154907790256715e-01
2.516497909566787206e-01, 2.938232878429418160e-01, 3.471870357848778066e-01, 1.073398854155016846e-01
2.522734771509893004e-01, 2.935071441435914141e-01, 3.471542031545213902e-01, 1.070651755508979369e-01
2.528980791185557742e-01, 2.931902337647434575e-01, 3.471203253548388878e-01, 1.067913617618618805e-01
2.535235908387597492e-01, 2.928725616577045332e-01, 3.470854028802475844e-01, 1.065184446232881749e-01
2.541500062694764805e-01, 2.925541327848715234e-01, 3.470494362372854580e-01, 1.062464247083664687e-01
2.547773193470408981e-01, 2.922349521196817568e-01, 3.470124259446475956e-01, 1.059753025886297217e-01
2.554055239862130233e-01, 2.919150246465629372e-01, 3.469743725332219419e-01, 1.057050788340020697e-01
2.560346140801444403e-01, 2.915943553608828509e-01, 3.469352765461258259e-01, 1.054357540128468274e-01
2.566645835003446008e-01, 2.912729492688991284e-01, 3.468951385387415987e-01, 1.051673286920146444e-01
2.572954260966478501e-01, 2.909508113877086188e-01, 3.468539590787519944e-01, 1.048998034368915366e-01
2.579271356971805096e-01, 2.906279467451967080e-01, 3.468117387461761569e-01, 1.046331788114465977e-01
2.585597061083281245e-01, 2.903043603799869699e-01, 3.467684781334043342e-01, 1.043674553782805436e-01
2.591931311147032679e-01, 2.899800573413900961e-01, 3.467241778452336276e-01, 1.041026336986731471e-01
2.598274044791133441e-01, 2.896550426893526597e-01, 3.466788384989023530e-01, 1.038387143326316708e-01
2.604625199425292803e-01, 2.893293214944065994e-01, 3.466324607241255129e-01, 1.035756978389386490e-01
2.610984712240535521e-01, 2.890028988376178165e-01, 3.465850451631287132e-01, 1.033135847752000569e-01
2.617352520208893751e-01, 2.886757798105346606e-01, 3.465365924706829692e-01, 1.030523756978929950e-01
2.623728560083097849e-01, 2.883479695151369704e-01, 3.464871033141390111e-01, 1.027920711624142336e-01
2.630112768396272172e-01, 2.880194730637841705e-01, 3.464365783734610904e-01, 1.025326717231276330e-01
2.636505081461625322e-01, 2.876902955791638128e-01, 3.463850183412610639e-01, 1.022741779334125356e-01
2.642905435372160938e-01, 2.873604421942402287e-01, 3.463324239228319779e-01, 1.020165903457117412e-01
2.649313766000371273e-01, 2.870299180522021265e-01, 3.462787958361814855e-01, 1.017599095115793856e-01
2.655730008997944092e-01, 2.866987283064111880e-01, 3.462241348120654316e-01, 1.015041359817290822e-01
2.662154099795476792e-01, 2.863668781203498326e-01, 3.461684415940206039e-01, 1.012492703060819121e-01
2.668585973602180528e-01, 2.860343726675693699e-01, 3.461117169383981507e-01, 1.009953130338145100e-01
2.675025565405596550e-01, 2.857012171316375415e-01, 3.460539616143957220e-01, 1.007422647134070121e-01
2.681472809971313653e-01, 2.853674167060867295e-01, 3.459951764040906652e-01, 1.004901258926912955e-01
2.687927641842684512e-01, 2.850329765943609983e-01, 3.459353621024716108e-01, 1.002388971188989397e-01
2.694389995340550348e-01, 2.846979020097644697e-01, 3.458745195174713349e-01, 9.998857893870913283e-02
2.700859804562963373e-01, 2.843621981754080874e-01, 3.458126494699984566e-01, 9.973917189829713259e-02
2.707337003384915342e-01, 2.840258703241576033e-01, 3.457497527939688564e-01, 9.949067654338203393e-02
2.713821525458063877e-01, 2.836889236985807305e-01, 3.456858303363378182e-01, 9.924309341927509132e-02
2.720313304210469907e-01, 2.833513635508944084e-01, 3.456208829571308372e-01, 9.899642307092774984e-02
2.726812272846327323e-01, 2.830131951429122883e-01, 3.455549115294751505e-01, 9.875066604297981498e-02
2.733318364345703744e-01, 2.826744237459914988e-01, 3.454879169396306016e-01, 9.850582287980755303e-02
2.739831511464277947e-01, 2.823350546409801320e-01, 3.454199000870201153e-01, 9.826189412557199965e-02
2.746351646733083962e-01, 2.819950931181641196e-01, 3.453508618842605071e-01, 9.801888032426694930e-02
2.752878702458255722e-01, 2.816545444772141082e-01, 3.452808032571929586e-01, 9.777678201976730543e-02
2.759412610720772263e-01, 2.813134140271328909e-01, 3.452097251449126047e-01, 9.753559975587720865e-02
2.765953303376209593e-01, 2.809717070862017274e-01, 3.451376284997990096e-01, 9.729533407637837306e-02
2.772500712054492000e-01, 2.806294289819273313e-01, 3.450645142875452542e-01, 9.705598552507824217e-02
2.779054768159646693e-01, 2.802865850509888568e-01, 3.449903834871883013e-01, 9.681755464585824200e-02
2.785615402869560109e-01, 2.799431806391845523e-01, 3.449152370911373611e-01, 9.658004198272217289e-02
2.792182547135735882e-01, 2.795992211013785256e-01, 3.448390761052034792e-01, 9.634344807984436543e-02
2.798756131683060588e-01, 2.792547118014471752e-01, 3.447619015486285132e-01, 9.610777348161825273e-02
2.805336087009562274e-01, 2.789096581122261775e-01, 3.446837144541132769e-01, 9.587301873270438757e-02
2.811922343386178968e-01, 2.785640654154568074e-01, 3.446045158678462950e-01, 9.563918437807902850e-02
2.818514830856527209e-01, 2.782179391017325920e-01, 3.445243068495321692e-01, 9.540627096308253174e-02
2.825113479236671110e-01, 2.778712845704461309e-01, 3.444430884724191677e-01, 9.517427903346760421e-02
2.831718218114895880e-01, 2.775241072297352507e-01, 3.443608618233273133e-01, 9.494320913544784801e-02
2.838328976851481333e-01, 2.771764124964297138e-01, 3.442776280026760838e-01, 9.471306181574620786e-02
2.844945684578479850e-01, 2.768282057959974840e-01, 3.441933881245112237e-01, 9.448383762164326571e-02
2.851568270199497102e-01, 2.764794925624916577e-01, 3.441081433165326109e-01, 9.425553710102603511e-02
2.858196662389467790e-01, 2.761302782384965626e-01, 3.440218947201203470e-01, 9.402816080243625585e-02
2.864830789594444149e-01, 2.757805682750741338e-01, 3.439346434903625127e-01, 9.380170927511881362e-02
2.871470580031376674e-01, 2.754303681317109009e-01, 3.438463907960807031e-01, 9.357618306907075634e-02
2.878115961687905955e-01, 2.750796832762636979e-01, 3.437571378198564509e-01, 9.335158273508922799e-02
2.884766862322146186e-01, 2.747285191849065389e-01, 3.436668857580581493e-01, 9.312790882482060995e-02
2.891423209462480326e-01, 2.743768813420773833e-01, 3.435756358208656991e-01, 9.290516189080892662e-02
2.898084930407351378e-01, 2.740247752404237902e-01, 3.434833892322967097e-01, 9.268334248654436225e-02
2.904751952225056444e-01, 2.736722063807499605e-01, 3.433901472302322566e-01, 9.246245116651213847e-02
2.911424201753545216e-01, 2.733191802719631136e-01, 3.432959110664411395e-01, 9.224248848624116981e-02
2.918101605600217918e-01, 2.729657024310199187e-01, 3.432006820066056951e-01, 9.202345500235256659e-02
2.924784090141720472e-01, 2.726117783828732044e-01, 3.431044613303461110e-01, 9.180535127260865125e-02
2.931471581523757419e-01, 2.722574136604178352e-01, 3.430072503312449617e-01, 9.158817785596150285e-02
2.938164005660883205e-01, 2.719026138044381424e-01, 3.429090503168717996e-01, 9.137193531260177914e-02
2.944861288236316765e-01, 2.715473843635541340e-01, 3.428098626088066370e-01, 9.115662420400753863e-02
2.951563354701744468e-01, 2.711917308941677596e-01, 3.427096885426645922e-01, 9.094224509299317361e-02
2.958270130277130261e-01, 2.708356589604100084e-01, 3.426085294681190940e-01, 9.072879854375787145e-02
2.964981539950524714e-01, 2.704791741340875078e-01, 3.425063867489250846e-01, 9.051628512193493625e-02
2.971697508477877392e-01, 2.701222819946292319e-01, 3.424032617629427233e-01, 9.030470539464033330e-02
2.978417960382853114e-01, 2.697649881290330454e-01, 3.422991559021599794e-01, 9.009405993052174710e-02
2.985142819956642102e-01, 2.694072981318126891e-01, 3.421940705727156695e-01, 8.988434929980736177e-02
2.991872011257781794e-01, 2.690492176049447126e-01, 3.420880071949221612e-01, 8.967557407435501615e-02
2.998605458111970878e-01, 2.686907521578151270e-01, 3.419809672032868009e-01, 8.946773482770090102e-02
