2.254594246739439756e-01, 3.317963010336234531e-01, 3.523718867186457215e-01, 9.037238757378679432e-02
2.259444912324665156e-01, 3.310939175120891087e-01, 3.524019742844997083e-01, 9.055961697094477847e-02
2.264299850360219912e-01, 3.303912708951796118e-01, 3.524311855200858434e-01, 9.074755854871252581e-02
2.269158990478684912e-01, 3.296883695560196559e-01, 3.524595210811672930e-01, 9.093621031494454610e-02
2.274022262188707399e-01, 3.289852218625819447e-01, 3.524869816441102977e-01, 9.112557027443696223e-02
2.278889594876370717e-01, 3.282818361775689531e-01, 3.525135679058594707e-01, 9.131563642893453236e-02
2.283760917806574864e-01, 3.275782208582933563e-01, 3.525392805839107080e-01, 9.150640677713850479e-02
2.288636160124437324e-01, 3.268743842565576263e-01, 3.525641204162834330e-01, 9.169787931471520825e-02
2.293515250856700827e-01, 3.261703347185324064e-01, 3.525880881614921192e-01, 9.189005203430532231e-02
2.298398118913154986e-01, 3.254660805846342209e-01, 3.526111845985163140e-01, 9.208292292553395264e-02
2.303284693088075152e-01, 3.247616301894018509e-01, 3.526334105267691643e-01, 9.227648997502159445e-02
2.308174902061666534e-01, 3.240569918613718237e-01, 3.526547667660661078e-01, 9.247075116639541514e-02
2.313068674401531077e-01, 3.233521739229536229e-01, 3.526752541565913446e-01, 9.266570448030191087e-02
2.317965938564137685e-01, 3.226471846903027352e-01, 3.526948735588635309e-01, 9.286134789441999327e-02
2.322866622896309630e-01, 3.219420324731939176e-01, 3.527136258537008073e-01, 9.305767938347440926e-02
2.327770655636722252e-01, 3.212367255748925787e-01, 3.527315119421841061e-01, 9.325469691925104831e-02
2.332677964917418967e-01, 3.205312722920266588e-01, 3.527485327456197362e-01, 9.345239847061173610e-02
2.337588478765325606e-01, 3.198256809144560675e-01, 3.527646892055008587e-01, 9.365078200351061033e-02
2.342502125103794741e-01, 3.191199597251421216e-01, 3.527799822834672971e-01, 9.384984548101102386e-02
2.347418831754148616e-01, 3.184141170000164278e-01, 3.527944129612655688e-01, 9.404958686330315565e-02
2.352338526437237343e-01, 3.177081610078479335e-01, 3.528079822407060862e-01, 9.425000410772224613e-02
2.357261136775010979e-01, 3.170021000101100883e-01, 3.528206911436205795e-01, 9.445109516876815103e-02
2.362186590292103261e-01, 3.162959422608470073e-01, 3.528325407118177992e-01, 9.465285799812477030e-02
2.367114814417418944e-01, 3.155896960065386336e-01, 3.528435320070383296e-01, 9.485529054468105903e-02
2.372045736485747236e-01, 3.148833694859649035e-01, 3.528536661109079042e-01, 9.505839075455239928e-02
2.376979283739371618e-01, 3.141769709300700764e-01, 3.528629441248901655e-01, 9.526215657110261026e-02
2.381915383329694935e-01, 3.134705085618255671e-01, 3.528713671702379262e-01, 9.546658593496704093e-02
2.386853962318884748e-01, 3.127639905960918898e-01, 3.528789363879433205e-01, 9.567167678407616227e-02
2.391794947681515349e-01, 3.120574252394812120e-01, 3.528856529386871221e-01, 9.587742705368008933e-02
2.396738266306227549e-01, 3.113508206902171893e-01, 3.528915180027863419e-01, 9.608383467637367226e-02
2.401683844997399842e-01, 3.106441851379961316e-01, 3.528965327801413809e-01, 9.629089758212243388e-02
2.406631610476826777e-01, 3.099375267638462828e-01, 3.529006984901816857e-01, 9.649861369828932611e-02
2.411581489385408728e-01, 3.092308537399868218e-01, 3.529040163718102363e-01, 9.670698094966204139e-02
2.416533408284851914e-01, 3.085241742296865319e-01, 3.529064876833469810e-01, 9.691599725848136504e-02
2.421487293659376205e-01, 3.078174963871213587e-01, 3.529081137024711601e-01, 9.712566054446976349e-02
2.426443071917438465e-01, 3.071108283572317466e-01, 3.529088957261629633e-01, 9.733596872486136031e-02
2.431400669393456171e-01, 3.064041782755794752e-01, 3.529088350706426347e-01, 9.754691971443221754e-02
2.436360012349548243e-01, 3.056975542682034419e-01, 3.529079330713102980e-01, 9.775851142553138029e-02
2.441321026977282260e-01, 3.049909644514759433e-01, 3.529061910826831183e-01, 9.797074176811287893e-02
2.446283639399429721e-01, 3.042844169319567915e-01, 3.529036104783320194e-01, 9.818360864976813374e-02
2.451247775671732410e-01, 3.035779198062492079e-01, 3.529001926508179565e-01, 9.839710997575952522e-02
2.456213361784675142e-01, 3.028714811608528290e-01, 3.528959390116251926e-01, 9.861124364905442252e-02
2.461180323665270453e-01, 3.021651090720179900e-01, 3.528908509910952951e-01, 9.882600757035965577e-02
2.466148587178846052e-01, 3.014588116055991751e-01, 3.528849300383588017e-01, 9.904139963815734859e-02
2.471118078130847273e-01, 3.007525968169074138e-01, 3.528781776212667198e-01, 9.925741774874118073e-02
2.476088722268643405e-01, 3.000464727505629536e-01, 3.528705952263196388e-01, 9.947405979625308092e-02
2.481060445283341243e-01, 2.993404474403473237e-01, 3.528621843585974527e-01, 9.969132367272109940e-02
2.486033172811610570e-01, 2.986345289090552857e-01, 3.528529465416858080e-01, 9.990920726809777996e-02
2.491006830437514918e-01, 2.979287251683458981e-01, 3.528428833176034396e-01, 1.001277084702991843e-01
2.495981343694344545e-01, 2.972230442185936350e-01, 3.528319962467271753e-01, 1.003468251652446658e-01
2.500956638066469950e-01, 2.965174940487393385e-01, 3.528202869077159964e-01, 1.005665552368975868e-01
2.505932638991187345e-01, 2.958120826361403943e-01, 3.528077568974344325e-01, 1.007868965673064388e-01
2.510909271860580216e-01, 2.951068179464212404e-01, 3.527944078308744014e-01, 1.010078470366464753e-01
2.515886462023384507e-01, 2.944017079333227649e-01, 3.527802413410758842e-01, 1.012294045232629003e-01
2.520864134786864330e-01, 2.936967605385530367e-01, 3.527652590790468778e-01, 1.014515669037136247e-01
2.525842215418688808e-01, 2.929919836916356490e-01, 3.527494627136817384e-01, 1.016743320528136485e-01
2.530820629148812784e-01, 2.922873853097599506e-01, 3.527328539316792466e-01, 1.018976978436795244e-01
2.535799301171378084e-01, 2.915829732976293887e-01, 3.527154344374579531e-01, 1.021216621477749470e-01
2.540778156646598673e-01, 2.908787555473111852e-01, 3.526972059530726344e-01, 1.023462228349564379e-01
2.545757120702673015e-01, 2.901747399380848469e-01, 3.526781702181273070e-01, 1.025713777735205445e-01
2.550736118437688105e-01, 2.894709343362909526e-01, 3.526583289896892959e-01, 1.027971248302509133e-01
2.555715074921530716e-01, 2.887673465951797747e-01, 3.526376840422006942e-01, 1.030234618704664457e-01
2.560693915197812531e-01, 2.880639845547597333e-01, 3.526162371673888796e-01, 1.032503867580701340e-01
2.565672564285787494e-01, 2.873608560416461288e-01, 3.525939901741769189e-01, 1.034778973555982445e-01
2.570650947182279711e-01, 2.866579688689093186e-01, 3.525709448885920860e-01, 1.037059915242706104e-01
2.575628988863624125e-01, 2.859553308359235047e-01, 3.525471031536727140e-01, 1.039346671240412162e-01
2.580606614287596079e-01, 2.852529497282145776e-01, 3.525224668293762131e-01, 1.041639220136496291e-01
2.585583748395352544e-01, 2.845508333173093485e-01, 3.524970377924825371e-01, 1.043937540506728878e-01
2.590560316113386108e-01, 2.838489893605832259e-01, 3.524708179364999805e-01, 1.046241610915782383e-01
2.595536242355462320e-01, 2.831474256011093926e-01, 3.524438091715678123e-01, 1.048551409917764660e-01
2.600511452024584225e-01, 2.824461497675070376e-01, 3.524160134243589093e-01, 1.050866916056757416e-01
2.605485870014938588e-01, 2.817451695737902551e-01, 3.523874326379798916e-01, 1.053188107867360362e-01
2.610459421213862652e-01, 2.810444927192166098e-01, 3.523580687718725346e-01, 1.055514963875246043e-01
2.615432030503803684e-01, 2.803441268881366466e-01, 3.523279238017115178e-01, 1.057847462597715366e-01
2.620403622764286289e-01, 2.796440797498421227e-01, 3.522969997193030056e-01, 1.060185582544262151e-01
2.625374122873877503e-01, 2.789443589584162386e-01, 3.522652985324816743e-01, 1.062529302217143229e-01
2.630343455712161327e-01, 2.782449721525824260e-01, 3.522328222650058516e-01, 1.064878600111954926e-01
2.635311546161711038e-01, 2.775459269555543007e-01, 3.521995729564531552e-01, 1.067233454718214264e-01
2.640278319110060390e-01, 2.768472309748855054e-01, 3.521655526621136345e-01, 1.069593844519948628e-01
2.645243699451684805e-01, 2.761488918023198846e-01, 3.521307634528828556e-01, 1.071959747996288626e-01
2.650207612089980347e-01, 2.754509170136418827e-01, 3.520952074151534328e-01, 1.074331143622067053e-01
2.655169981939241586e-01, 2.747533141685273295e-01, 3.520588866507058379e-01, 1.076708009868427435e-01
2.660130733926645563e-01, 2.740560908103944482e-01, 3.520218032765978222e-01, 1.079090325203432843e-01
2.665089792994231321e-01, 2.733592544662548085e-01, 3.519839594250537274e-01, 1.081478068092682904e-01
2.670047084100886647e-01, 2.726628126465660551e-01, 3.519453572433512978e-01, 1.083871216999938714e-01
2.675002532224334817e-01, 2.719667728450825273e-01, 3.519059988937090488e-01, 1.086269750387749977e-01
2.679956062363110236e-01, 2.712711425387088204e-01, 3.518658865531713587e-01, 1.088673646718087001e-01
2.684907599538555734e-01, 2.705759291873523487e-01, 3.518250224134939486e-01, 1.091082884452982960e-01
2.689857068796798201e-01, 2.698811402337759624e-01, 3.517834086810264216e-01, 1.093497442055176988e-01
2.694804395210740888e-01, 2.691867831034528424e-01, 3.517410475765966327e-01, 1.095917297988764499e-01
2.699749503882045154e-01, 2.684928652044194508e-01, 3.516979413353906736e-01, 1.098342430719853463e-01
2.704692319943116097e-01, 2.677993939271310353e-01, 3.516540922068350783e-01, 1.100772818717223045e-01
2.709632768559085969e-01, 2.671063766443162457e-01, 3.516095024544760306e-01, 1.103208440452991962e-01
2.714570774929800367e-01, 2.664138207108330270e-01, 3.515641743558581833e-01, 1.105649274403287113e-01
2.719506264291797759e-01, 2.657217334635247896e-01, 3.515181102024032000e-01, 1.108095299048922067e-01
2.724439161920291230e-01, 2.650301222210769136e-01, 3.514713122992863537e-01, 1.110546492876075680e-01
2.729369393131148014e-01, 2.643389942838745843e-01, 3.514237829653126810e-01, 1.113002834376980305e-01
2.734296883282870128e-01, 2.636483569338599620e-01, 3.513755245327919163e-01, 1.115464302050610673e-01
2.739221557778565574e-01, 2.629582174343912393e-01, 3.513265393474140352e-01, 1.117930874403381958e-01
2.744143342067928981e-01, 2.622685830301016430e-01, 3.512768297681205243e-01, 1.120402529949849069e-01
2.749062161649208358e-01, 2.615794609467592680e-01, 3.512263981669789814e-01, 1.122879247213410259e-01
2.753977942071176854e-01, 2.608908583911270229e-01, 3.511752469290531087e-01, 1.125361004727021275e-01
2.758890608935102295e-01, 2.602027825508246850e-01, 3.511233784522744816e-01, 1.127847781033905900e-01
2.763800087896706725e-01, 2.595152405941898444e-01, 3.510707951473116539e-01, 1.130339554688277043e-01
2.768706304668131502e-01, 2.588282396701410693e-01, 3.510174994374397617e-01, 1.132836304256060050e-01
2.773609185019894063e-01, 2.581417869080407379e-01, 3.509634937584079628e-01, 1.135338008315619762e-01
2.778508654782842480e-01, 2.574558894175592583e-01, 3.509087805583072095e-01, 1.137844645458493120e-01
2.783404639850107221e-01, 2.567705542885401759e-01, 3.508533622974363553e-01, 1.140356194290127329e-01
2.788297066179051265e-01, 2.560857885908650600e-01, 3.507972414481679291e-01, 1.142872633430618151e-01
2.793185859793206882e-01, 2.554015993743208313e-01, 3.507404204948129101e-01, 1.145393941515456121e-01
2.798070946784221857e-01, 2.547179936684660917e-01, 3.506829019334842812e-01, 1.147920097196274691e-01
2.802952253313790165e-01, 2.540349784824998958e-01, 3.506246882719605273e-01, 1.150451079141605742e-01
2.807829705615585980e-01, 2.533525608051302447e-01, 3.505657820295480231e-01, 1.152986866037632036e-01
2.812703229997187693e-01, 2.526707476044441347e-01, 3.505061857369419220e-01, 1.155527436588951878e-01
2.817572752841998596e-01, 2.519895458277782163e-01, 3.504459019360877114e-01, 1.158072769519342682e-01
2.822438200611161463e-01, 2.513089624015902857e-01, 3.503849331800406586e-01, 1.160622843572528401e-01
2.827299499845472575e-01, 2.506290042313323307e-01, 3.503232820328251451e-01, 1.163177637512952806e-01
2.832156577167284639e-01, 2.499496782013231611e-01, 3.502609510692930028e-01, 1.165737130126553583e-01
2.837009359282406940e-01, 2.492709911746236739e-01, 3.501979428749813494e-01, 1.168301300221543521e-01
2.841857772981996044e-01, 2.485929499929118436e-01, 3.501342600459694809e-01, 1.170870126629191543e-01
2.846701745144447071e-01, 2.479155614763593751e-01, 3.500699051887350421e-01, 1.173443588204609034e-01
2.851541202737274405e-01, 2.472388324235090806e-01, 3.500048809200094202e-01, 1.176021663827540170e-01
2.856376072818983536e-01, 2.465627696111533373e-01, 3.499391898666328604e-01, 1.178604332403153793e-01
2.861206282540943446e-01, 2.458873797942135453e-01, 3.498728346654081389e-01, 1.181191572862839434e-01
2.866031759149244018e-01, 2.452126697056209448e-01, 3.498058179629541242e-01, 1.183783364165004737e-01
2.870852429986553433e-01, 2.445386460561980169e-01, 3.497381424155584506e-01, 1.186379685295881475e-01
2.875668222493964477e-01, 2.438653155345413825e-01, 3.496698106890295810e-01, 1.188980515270325611e-01
2.880479064212834728e-01, 2.431926848069056180e-01, 3.496008254585479813e-01, 1.191585833132629418e-01
2.885284882786618987e-01, 2.425207605170881520e-01, 3.495311894085170734e-01, 1.194195617957329036e-01
2.890085605962693927e-01, 2.418495492863157736e-01, 3.494609052324129106e-01, 1.196809848850019925e-01
2.894881161594174412e-01, 2.411790577131312507e-01, 3.493899756326340755e-01, 1.199428504948171909e-01
2.899671477641723727e-01, 2.405092923732825849e-01, 3.493184033203500793e-01, 1.202051565421949908e-01
2.904456482175354348e-01, 2.398402598196117674e-01, 3.492461910153495386e-01, 1.204679009475032037e-01
2.909236103376219296e-01, 2.391719665819465046e-01, 3.491733414458879081e-01, 1.207310816345436577e-01
2.914010269538394593e-01, 2.385044191669914992e-01, 3.490998573485343259e-01, 1.209946965306347294e-01
2.918778909070656735e-01, 2.378376240582222856e-01, 3.490257414680179582e-01, 1.212587435666940550e-01
2.923541950498247943e-01, 2.371715877157794528e-01, 3.489509965570739558e-01, 1.215232206773217694e-01
2.928299322464632537e-01, 2.365063165763645614e-01, 3.488756253762882453e-01, 1.217881258008839118e-01
2.933050953733243871e-01, 2.358418170531370595e-01, 3.487996306939430413e-01, 1.220534568795956648e-01
2.937796773189223498e-01, 2.351780955356126968e-01, 3.487230152858597498e-01, 1.223192118596051481e-01
2.942536709841152009e-01, 2.345151583895633829e-01, 3.486457819352437038e-01, 1.225853886910776430e-01
2.947270692822764326e-01, 2.338530119569177945e-01, 3.485679334325265666e-01, 1.228519853282792479e-01
2.951998651394658335e-01, 2.331916625556637035e-01, 3.484894725752089029e-01, 1.231189997296615046e-01
2.956720514945997969e-01, 2.325311164797519703e-01, 3.484104021677025820e-01, 1.233864298579456786e-01
2.961436212996197415e-01, 2.318713799990010371e-01, 3.483307250211717387e-01, 1.236542736802073578e-01
2.966145675196602549e-01, 2.312124593590035859e-01, 3.482504439533744556e-01, 1.239225291679615787e-01
2.970848831332156270e-01, 2.305543607810342233e-01, 3.481695617885027794e-01, 1.241911942972473287e-01
2.975545611323055506e-01, 2.298970904619584699e-01, 3.480880813570232379e-01, 1.244602670487128110e-01
2.980235945226397676e-01, 2.292406545741432489e-01, 3.480060054955161908e-01, 1.247297454077008344e-01
2.984919763237817159e-01, 2.285850592653692337e-01, 3.479233370465150688e-01, 1.249996273643339539e-01
2.989596995693106218e-01, 2.279303106587437233e-01, 3.478400788583457248e-01, 1.252699109136000133e-01
2.994267573069828159e-01, 2.272764148526157102e-01, 3.477562337849637308e-01, 1.255405940554377431e-01
2.998931425988919930e-01, 2.266233779204920862e-01, 3.476718046857933397e-01, 1.258116747948225811e-01
3.003588485216278636e-01, 2.259712059109554860e-01, 3.475867944255643383e-01, 1.260831511418522566e-01
3.008238681664340275e-01, 2.253199048475833521e-01, 3.475012058741497323e-01, 1.263550211118329158e-01
3.012881946393644594e-01, 2.246694807288686924e-01, 3.474150419064019335e-01, 1.266272827253648869e-01
3.017518210614389962e-01, 2.240199395281423089e-01, 3.473283054019897231e-01, 1.268999340084289440e-01
3.022147405687970467e-01, 2.233712871934965538e-01, 3.472409992452339389e-01, 1.271729729924724051e-01
3.026769463128509696e-01, 2.227235296477104165e-01, 3.471531263249434396e-01, 1.274463977144950910e-01
3.031384314604372854e-01, 2.220766727881765545e-01, 3.470646895342501259e-01, 1.277202062171360064e-01
3.035991891939671117e-01, 2.214307224868292123e-01, 3.469756917704442389e-01, 1.279943965487593260e-01
3.040592127115754884e-01, 2.207856845900745824e-01, 3.468861359348091589e-01, 1.282689667635407982e-01
3.045184952272685375e-01, 2.201415649187218049e-01, 3.467960249324554822e-01, 1.285439149215541754e-01
3.049770299710705124e-01, 2.194983692679162435e-01, 3.467053616721555431e-01, 1.288192390888576733e-01
3.054348101891687928e-01, 2.188561034070739819e-01, 3.466141490661769353e-01, 1.290949373375802067e-01
3.058918291440574366e-01, 2.182147730798180418e-01, 3.465223900301163673e-01, 1.293710077460081542e-01
3.063480801146798993e-01, 2.175743840039161547e-01, 3.464300874827324073e-01, 1.296474483986714277e-01
3.068035563965699764e-01, 2.169349418712201993e-01, 3.463372443457795602e-01, 1.299242573864301808e-01
3.072582513019915251e-01, 2.162964523476071099e-01, 3.462438635438402357e-01, 1.302014328065611848e-01
3.077121581600769096e-01, 2.156589210729216721e-01, 3.461499480041572152e-01, 1.304789727628441476e-01
3.081652703169637797e-01, 2.150223536609208452e-01, 3.460555006564670633e-01, 1.307568753656482008e-01
3.086175811359308518e-01, 2.143867556992196666e-01, 3.459605244328312623e-01, 1.310351387320183580e-01
3.090690839975314130e-01, 2.137521327492386825e-01, 3.458650222674684582e-01, 1.313137609857615018e-01
3.095197722997269363e-01, 2.131184903461533497e-01, 3.457689970965866499e-01, 1.315927402575329530e-01
3.099696394580175318e-01, 2.124858339988452138e-01, 3.456724518582144912e-01, 1.318720746849228187e-01
3.104186789055717322e-01, 2.118541691898541413e-01, 3.455753894920325364e-01, 1.321517624125416734e-01
3.108668840933553890e-01, 2.112235013753327173e-01, 3.454778129392048758e-01, 1.324318015921069902e-01
3.113142484902578500e-01, 2.105938359850025865e-01, 3.453797251422102699e-01, 1.327121903825292382e-01
3.117607655832176916e-01, 2.099651784221116257e-01, 3.452811290446731185e-01, 1.329929269499975919e-01
3.122064288773463980e-01, 2.093375340633938098e-01, 3.451820275911940961e-01, 1.332740094680657517e-01
3.126512318960503745e-01, 2.087109082590301312e-01, 3.450824237271813422e-01, 1.335554361177380689e-01
3.130951681811526832e-01, 2.080853063326115748e-01, 3.449823203986810971e-01, 1.338372050875546448e-01
3.135382312930110049e-01, 2.074607335811035069e-01, 3.448817205522081153e-01, 1.341193145736773173e-01
3.139804148106364878e-01, 2.068371952748122578e-01, 3.447806271345763007e-01, 1.344017627799748982e-01
3.144217123318093221e-01, 2.062146966573530360e-01, 3.446790430927291760e-01, 1.346845479181084382e-01
3.148621174731934258e-01, 2.055932429456197863e-01, 3.445769713735703510e-01, 1.349676682076164369e-01
3.153016238704496876e-01, 2.049728393297567397e-01, 3.444744149237937147e-01, 1.352511218759999412e-01
3.157402251783470448e-01, 2.043534909731317128e-01, 3.443713766897139594e-01, 1.355349071588071441e-01
3.161779150708732278e-01, 2.037352030123114610e-01, 3.442678596170968275e-01, 1.358190222997185115e-01
3.166146872413416746e-01, 2.031179805570380859e-01, 3.441638666509892475e-01, 1.361034655506309643e-01
3.170505354024995004e-01, 2.025018286902081077e-01, 3.440594007355497475e-01, 1.363882351717425889e-01
3.174854532866318579e-01, 2.018867524678526482e-01, 3.439544648138789240e-01, 1.366733294316365976e-01
3.179194346456654663e-01, 2.012727569191197219e-01, 3.438490618278493005e-01, 1.369587466073654558e-01
3.183524732512705846e-01, 2.006598470462582773e-01, 3.437431947179362957e-01, 1.372444849845348702e-01
3.187845628949612098e-01, 2.000480278246037913e-01, 3.436368664230476933e-01, 1.375305428573872779e-01
3.192156973881934423e-01, 1.994373042025661680e-01, 3.435300798803551103e-01, 1.378169185288852794e-01
3.196458705624622976e-01, 1.988276811016187473e-01, 3.434228380251237445e-01, 1.381036103107951551e-01
3.200750762693974072e-01, 1.982191634162899507e-01, 3.433151437905431203e-01, 1.383906165237695773e-01
3.205033083808556671e-01, 1.976117560141558704e-01, 3.432070001075579468e-01, 1.386779354974305434e-01
3.209305607890144962e-01, 1.970054637358353011e-01, 3.430984099046983649e-01, 1.389655655704519488e-01
3.213568274064603769e-01, 1.964002913949862705e-01, 3.429893761079111925e-01, 1.392535050906422711e-01
3.217821021662789494e-01, 1.957962437783046239e-01, 3.428799016403905608e-01, 1.395417524150258104e-01
3.222063790221407764e-01, 1.951933256455241628e-01, 3.427699894224094934e-01, 1.398303059099256229e-01
3.226296519483868308e-01, 1.945915417294187821e-01, 3.426596423711500972e-01, 1.401191639510442621e-01
3.230519149401120949e-01, 1.939908967358061898e-01, 3.425488634005359745e-01, 1.404083249235457131e-01
3.234731620132470509e-01, 1.933913953435541788e-01, 3.424376554210627477e-01, 1.406977872221360781e-01
3.238933872046375617e-01, 1.927930422045875669e-01, 3.423260213396304152e-01, 1.409875492511444839e-01
3.243125845721238076e-01, 1.921958419438978549e-01, 3.422139640593745979e-01, 1.412776094246037395e-01
3.247307481946160035e-01, 1.915997991595547179e-01, 3.421014864794987842e-01, 1.415679661663304945e-01
3.251478721721697829e-01, 1.910049184227184949e-01, 3.419885914951067418e-01, 1.418586179100049249e-01
3.255639506260592508e-01, 1.904112042776557046e-01, 3.418752819970340973e-01, 1.421495630992509474e-01
3.259789776988482046e-01, 1.898186612417554209e-01, 3.417615608716815245e-01, 1.424408001877148777e-01
3.263929475544598557e-01, 1.892272938055477305e-01, 3.416474310008473791e-01, 1.427323276391450069e-01
3.268058543782447756e-01, 1.886371064327244662e-01, 3.415328952615608871e-01, 1.430241439274699267e-01
3.272176923770469537e-01, 1.880481035601613560e-01, 3.414179565259147231e-01, 1.433162475368771061e-01
3.276284557792680241e-01, 1.874602895979418926e-01, 3.413026176608991991e-01, 1.436086369618908565e-01
3.280381388349303817e-01, 1.868736689293837017e-01, 3.411868815282358414e-01, 1.439013107074501030e-01
3.284467358157375783e-01, 1.862882459110656586e-01, 3.410707509842110241e-01, 1.441942672889857668e-01
3.288542410151337747e-01, 1.857040248728580312e-01, 3.409542288795106013e-01, 1.444875052324975373e-01
3.292606487483610289e-01, 1.851210101179537881e-01, 3.408373180590543172e-01, 1.447810230746308380e-01
3.296659533525143626e-01, 1.845392059229016002e-01, 3.407200213618308826e-01, 1.450748193627530713e-01
3.300701491865967729e-01, 1.839586165376413673e-01, 3.406023416207325516e-01, 1.453688926550293081e-01
3.304732306315700252e-01, 1.833792461855405787e-01, 3.404842816623913082e-01, 1.456632415204980602e-01
3.308751920904058341e-01, 1.828010990634337807e-01, 3.403658443070139428e-01, 1.459578645391465257e-01
3.312760279881337144e-01, 1.822241793416626565e-01, 3.402470323682184605e-01, 1.462527603019851408e-01
3.316757327718884985e-01, 1.816484911641186306e-01, 3.401278486528707123e-01, 1.465479274111221031e-01
3.320743009109544674e-01, 1.810740386482871389e-01, 3.400082959609209143e-01, 1.468433644798374238e-01
3.324717268968094275e-01, 1.805008258852936753e-01, 3.398883770852405006e-01, 1.471390701326563966e-01
3.328680052431651770e-01, 1.799288569399517534e-01, 3.397680948114601418e-01, 1.474350430054229277e-01
3.332631304860080856e-01, 1.793581358508124779e-01, 3.396474519178073193e-01, 1.477312817453722282e-01
3.336570971836361199e-01, 1.787886666302163641e-01, 3.395264511749443992e-01, 1.480277850112030336e-01
3.340498999166959249e-01, 1.782204532643465456e-01, 3.394050953458075948e-01, 1.483245514731499626e-01
3.344415332882159086e-01, 1.776534997132838412e-01, 3.392833871854457062e-01, 1.486215798130545440e-01
3.348319919236400488e-01, 1.770878099110640147e-01, 3.391613294408596380e-01, 1.489188687244364373e-01
3.352212704708577573e-01, 1.765233877657362838e-01, 3.390389248508418607e-01, 1.492164169125641815e-01
3.356093636002332459e-01, 1.759602371594241321e-01, 3.389161761458173716e-01, 1.495142230945252226e-01
3.359962660046329486e-01, 1.753983619483877321e-01, 3.387930860476836004e-01, 1.498122859992957190e-01
3.363819723994504463e-01, 1.748377659630880598e-01, 3.386696572696519247e-01, 1.501106043678096247e-01
3.367664775226306695e-01, 1.742784530082526206e-01, 3.385458925160888533e-01, 1.504091769530277178e-01
3.371497761346915478e-01, 1.737204268629438941e-01, 3.384217944823586510e-01, 1.507080025200058238e-01
3.375318630187442714e-01, 1.731636912806283068e-01, 3.382973658546649109e-01, 1.510070798459625385e-01
3.379127329805114988e-01, 1.726082499892477862e-01, 3.381726093098938457e-01, 1.513064077203468416e-01
3.382923808483441208e-01, 1.720541066912930628e-01, 3.380475275154579684e-01, 1.516059849449047370e-01
3.386708014732364713e-01, 1.715012650638782221e-01, 3.379221231291392735e-01, 1.519058103337458943e-01
3.390479897288386502e-01, 1.709497287588177539e-01, 3.377963987989343053e-01, 1.522058827134092907e-01
3.394239405114685693e-01, 1.703995014027046007e-01, 3.376703571628980605e-01, 1.525062009229287419e-01
3.397986487401213340e-01, 1.698505865969907047e-01, 3.375440008489902222e-01, 1.528067638138977669e-01
3.401721093564769594e-01, 1.693029879180686648e-01, 3.374173324749203395e-01, 1.531075702505340363e-01
3.405443173249067534e-01, 1.687567089173557244e-01, 3.372903546479945058e-01, 1.534086191097430718e-01
3.409152676324774256e-01, 1.682117531213787875e-01, 3.371630699649620921e-01, 1.537099092811817225e-01
3.412849552889540283e-01, 1.676681240318620147e-01, 3.370354810118629807e-01, 1.540114396673209485e-01
3.416533753268005680e-01, 1.671258251258155025e-01, 3.369075903638759084e-01, 1.543132091835080766e-01
3.420205228011792831e-01, 1.665848598556258497e-01, 3.367794005851663663e-01, 1.546152167580284731e-01
3.423863927899482018e-01, 1.660452316491486113e-01, 3.366509142287361089e-01, 1.549174613321670779e-01
3.427509803936568122e-01, 1.655069439098023620e-01, 3.365221338362723302e-01, 1.552199418602684677e-01
3.431142807355400115e-01, 1.649700000166643699e-01, 3.363930619379980613e-01, 1.555226573097975851e-01
3.434762889615105563e-01, 1.644344033245680459e-01, 3.362637010525225678e-01, 1.558256066613988855e-01
3.438370002401495151e-01, 1.639001571642022259e-01, 3.361340536866928019e-01, 1.561287889089555125e-01
3.441964097626952213e-01, 1.633672648422118678e-01, 3.360041223354454099e-01, 1.564322030596476121e-01
3.445545127430306720e-01, 1.628357296413004141e-01, 3.358739094816585169e-01, 1.567358481340102860e-01
3.449113044176689846e-01, 1.623055548203345411e-01, 3.357434175960056777e-01, 1.570397231659908244e-01
3.452667800457368541e-01, 1.617767436144492699e-01, 3.356126491368084386e-01, 1.573438272030054652e-01
3.456209349089571781e-01, 1.612492992351559074e-01, 3.354816065498913980e-01, 1.576481593059954334e-01
3.459737643116297390e-01, 1.607232248704512367e-01, 3.353502922684366006e-01, 1.579527185494824237e-01
3.463252635806093327e-01, 1.601985236849279848e-01, 3.352187087128390419e-01, 1.582575040216237239e-01
3.466754280652836195e-01, 1.596751988198875094e-01, 3.350868582905624504e-01, 1.585625148242663651e-01
3.470242531375481998e-01, 1.591532533934537919e-01, 3.349547433959970122e-01, 1.588677500730010517e-01
3.473717341917808010e-01, 1.586326905006890942e-01, 3.348223664103149311e-01, 1.591732088972151460e-01
3.477178666448136335e-01, 1.581135132137111987e-01, 3.346897297013300410e-01, 1.594788904401451268e-01
3.480626459359036917e-01, 1.575957245818122854e-01, 3.345568356233554197e-01, 1.597847938589287142e-01
3.484060675267018348e-01, 1.570793276315795295e-01, 3.344236865170627238e-01, 1.600909183246559675e-01
3.487481269012204232e-01, 1.565643253670168655e-01, 3.342902847093425223e-01, 1.603972630224201612e-01
3.490888195657991244e-01, 1.560507207696689158e-01, 3.341566325131642978e-01, 1.607038271513674677e-01
3.494281410490687745e-01, 1.555385167987462236e-01, 3.340227322274381683e-01, 1.610106099247467781e-01
3.497660869019142416e-01, 1.550277163912515965e-01, 3.338885861368759977e-01, 1.613176105699581642e-01
3.501026526974354569e-01, 1.545183224621087537e-01, 3.337541965118548948e-01, 1.616248283286009779e-01
3.504378340309068918e-01, 1.540103379042922216e-01, 3.336195656082793781e-01, 1.619322624565216195e-01
3.507716265197352579e-01, 1.535037655889582853e-01, 3.334846956674462071e-01, 1.622399122238601943e-01
3.511040258034164308e-01, 1.529986083655783813e-01, 3.333495889159083791e-01, 1.625477769150966423e-01
3.514350275434897086e-01, 1.524948690620732961e-01, 3.332142475653407931e-01, 1.628558558290963132e-01
3.517646274234910164e-01, 1.519925504849488906e-01, 3.330786738124054125e-01, 1.631641482791547082e-01
3.520928211489052218e-01, 1.514916554194337683e-01, 3.329428698386190932e-01, 1.634726535930420277e-01
3.524196044471160083e-01, 1.509921866296179693e-01, 3.328068378102200242e-01, 1.637813711130461369e-01
3.527449730673544726e-01, 1.504941468585934972e-01, 3.326705798780360546e-01, 1.640903001960159480e-01
3.530689227806470543e-01, 1.499975388285958722e-01, 3.325340981773537430e-01, 1.643994402134033306e-01
3.533914493797604139e-01, 1.495023652411478499e-01, 3.323973948277872958e-01, 1.647087905513044404e-01
3.537125486791461437e-01, 1.490086287772035278e-01, 3.322604719331494483e-01, 1.650183506105008802e-01
3.540322165148837574e-01, 1.485163320972948953e-01, 3.321233315813217346e-01, 1.653281198064995572e-01
3.543504487446218487e-01, 1.480254778416793537e-01, 3.319859758441267017e-01, 1.656380975695721236e-01
3.546672412475179170e-01, 1.475360686304885149e-01, 3.318484067771999002e-01, 1.659482833447937511e-01
3.549825899241771388e-01, 1.470481070638787191e-01, 3.317106264198630416e-01, 1.662586765920811838e-01
3.552964906965890846e-01, 1.465615957221827470e-01, 3.315726367949982656e-01, 1.665692767862298473e-01
3.556089395080639926e-01, 1.460765371660630585e-01, 3.314344399089222959e-01, 1.668800834169507086e-01
3.559199323231661549e-01, 1.455929339366658914e-01, 3.312960377512618737e-01, 1.671910959889059689e-01
3.562294651276478041e-01, 1.451107885557778865e-01, 3.311574322948299676e-01, 1.675023140217443141e-01
3.565375339283796685e-01, 1.446301035259823786e-01, 3.310186254955027052e-01, 1.678137370501352754e-01
3.568441347532818053e-01, 1.441508813308186310e-01, 3.308796192920965828e-01, 1.681253646238030641e-01
3.571492636512520469e-01, 1.436731244349414294e-01, 3.307404156062472289e-01, 1.684371963075594059e-01
3.574529166920937251e-01, 1.431968352842821757e-01, 3.306010163422882231e-01, 1.687492316813359872e-01
3.577550899664414530e-01, 1.427220163062114799e-01, 3.304614233871313034e-01, 1.690614703402157637e-01
3.580557795856862402e-01, 1.422486699097030294e-01, 3.303216386101467394e-01, 1.693739118944638800e-01
3.583549816818989986e-01, 1.417767984854983454e-01, 3.301816638630449829e-01, 1.696865559695577563e-01
3.586526924077524381e-01, 1.413064044062732338e-01, 3.300415009797582622e-01, 1.699994022062160381e-01
3.589489079364424629e-01, 1.408374900268054009e-01, 3.299011517763246748e-01, 1.703124502604275725e-01
3.592436244616075691e-01, 1.403700576841430958e-01, 3.297606180507706708e-01, 1.706256998034787753e-01
3.595368381972473548e-01, 1.399041096977751419e-01, 3.296199015829964774e-01, 1.709391505219809981e-01
3.598285453776398080e-01, 1.394396483698025213e-01, 3.294790041346610798e-01, 1.712528021178965076e-01
3.601187422572572627e-01, 1.389766759851101818e-01, 3.293379274490683684e-01, 1.715666543085641038e-01
3.604074251106810789e-01, 1.385151948115412313e-01, 3.291966732510539506e-01, 1.718807068267237392e-01
3.606945902325152109e-01, 1.380552071000715197e-01, 3.290552432468727417e-01, 1.721949594205405276e-01
3.609802339372987223e-01, 1.375967150849854992e-01, 3.289136391240878865e-01, 1.725094118536278642e-01
3.612643525594170790e-01, 1.371397209840537479e-01, 3.287718625514592929e-01, 1.728240639050698801e-01
3.615469424530118880e-01, 1.366842269987107172e-01, 3.286299151788346085e-01, 1.731389153694427585e-01
3.618279999918901924e-01, 1.362302353142346434e-01, 3.284877986370391967e-01, 1.734539660568359398e-01
3.621075215694321559e-01, 1.357777480999277364e-01, 3.283455145377684459e-01, 1.737692157928717729e-01
3.623855035984974715e-01, 1.353267675092979516e-01, 3.282030644734797997e-01, 1.740846644187247216e-01
3.626619425113316586e-01, 1.348772956802416767e-01, 3.280604500172865090e-01, 1.744003117911402112e-01
3.629368347594696398e-01, 1.344293347352274459e-01, 3.279176727228512167e-01, 1.747161577824516421e-01
3.632101768136402620e-01, 1.339828867814810420e-01, 3.277747341242812085e-01, 1.750322022805974320e-01
3.634819651636675975e-01, 1.335379539111711811e-01, 3.276316357360241072e-01, 1.753484451891371698e-01
3.637521963183731888e-01, 1.330945382015964462e-01, 3.274883790527640115e-01, 1.756648864272662980e-01
3.640208668054759067e-01, 1.326526417153735538e-01, 3.273449655493195776e-01, 1.759815259298310730e-01
3.642879731714913083e-01, 1.322122665006258968e-01, 3.272013966805413232e-01, 1.762983636473413884e-01
3.645535119816303293e-01, 1.317734145911740873e-01, 3.270576738812114304e-01, 1.766153995459841253e-01
3.648174798196960888e-01, 1.313360880067263592e-01, 3.269137985659429924e-01, 1.769326336076343376e-01
3.650798732879811381e-01, 1.309002887530710535e-01, 3.267697721290808155e-01, 1.772500658298668819e-01
3.653406890071617674e-01, 1.304660188222690198e-01, 3.266255959446028867e-01, 1.775676962259662151e-01
3.655999236161934229e-01, 1.300332801928479332e-01, 3.264812713660227850e-01, 1.778855248249357479e-01
3.658575737722042365e-01, 1.296020748299967495e-01, 3.263367997262925368e-01, 1.782035516715065049e-01
3.661136361503872783e-01, 1.291724046857615216e-01, 3.261921823377066931e-01, 1.785217768261445903e-01
3.663681074438926433e-01, 1.287442716992421299e-01, 3.260474204918073493e-01, 1.788402003650579053e-01
3.666209843637188159e-01, 1.283176777967894866e-01, 3.259025154592891660e-01, 1.791588223802024205e-01
3.668722636386022584e-01, 1.278926248922043485e-01, 3.257574684899066653e-01, 1.794776429792868389e-01
3.671219420149067214e-01, 1.274691148869359358e-01, 3.256122808123804169e-01, 1.797966622857768426e-01
3.673700162565122218e-01, 1.270471496702826886e-01, 3.254669536343064440e-01, 1.801158804388986734e-01
3.676164831447022441e-01, 1.266267311195927447e-01, 3.253214881420638527e-01, 1.804352975936411307e-01
3.678613394780507750e-01, 1.262078611004658069e-01, 3.251758855007258475e-01, 1.807549139207576816e-01
3.681045820723083395e-01, 1.257905414669556188e-01, 3.250301468539694705e-01, 1.810747296067665990e-01
3.683462077602878693e-01, 1.253747740617735806e-01, 3.248842733239875047e-01, 1.813947448539511009e-01
3.685862133917486294e-01, 1.249605607164924193e-01, 3.247382660114008779e-01, 1.817149598803581290e-01
3.688245958332807550e-01, 1.245479032517514684e-01, 3.245921259951715654e-01, 1.820353749197962112e-01
3.690613519681880672e-01, 1.241368034774620321e-01, 3.244458543325169364e-01, 1.823559902218329365e-01
3.692964786963710000e-01, 1.237272631930138866e-01, 3.242994520588241558e-01, 1.826768060517908465e-01
3.695299729342085837e-01, 1.233192841874824197e-01, 3.241529201875665289e-01, 1.829978226907426897e-01
3.697618316144386519e-01, 1.229128682398360484e-01, 3.240062597102194020e-01, 1.833190404355060088e-01
3.699920516860401021e-01, 1.225080171191451905e-01, 3.238594715961781723e-01, 1.836404595986364796e-01
3.702206301141119371e-01, 1.221047325847911119e-01, 3.237125567926762426e-01, 1.839620805084206945e-01
3.704475638797525838e-01, 1.217030163866759107e-01, 3.235655162247043082e-01, 1.842839035088671973e-01
3.706728499799392118e-01, 1.213028702654326968e-01, 3.234183507949301428e-01, 1.846059289596978237e-01
3.708964854274059975e-01, 1.209042959526369782e-01, 3.232710613836197733e-01, 1.849281572363371540e-01
3.711184672505214444e-01, 1.205072951710183110e-01, 3.231236488485588754e-01, 1.852505887299013276e-01
3.713387924931663697e-01, 1.201118696346724496e-01, 3.229761140249752804e-01, 1.855732238471858586e-01
3.715574582146096705e-01, 1.197180210492743840e-01, 3.228284577254629806e-01, 1.858960630106529510e-01
3.717744614893857547e-01, 1.193257511122918224e-01, 3.226806807399055788e-01, 1.862191066584168442e-01
3.719897994071693637e-01, 1.189350615131990613e-01, 3.225327838354021259e-01, 1.865423552442294908e-01
3.722034690726514494e-01, 1.185459539336917445e-01, 3.223847677561927361e-01, 1.868658092374641255e-01
3.724154676054137747e-01, 1.181584300479019134e-01, 3.222366332235855335e-01, 1.871894691230987506e-01
3.726257921398038464e-01, 1.177724915226133623e-01, 3.220883809358848215e-01, 1.875133354016979281e-01
3.728344398248088498e-01, 1.173881400174781042e-01, 3.219400115683188068e-01, 1.878374085893942391e-01
3.730414078239291942e-01, 1.170053771852326702e-01, 3.217915257729698775e-01, 1.881616892178682721e-01
3.732466933150521693e-01, 1.166242046719153103e-01, 3.216429241787046589e-01, 1.884861778343278615e-01
3.734502934903250471e-01, 1.162446241170834588e-01, 3.214942073911050691e-01, 1.888108750014863835e-01
3.736522055560277944e-01, 1.158666371540315598e-01, 3.213453759924007058e-01, 1.891357812975399677e-01
3.738524267324453421e-01, 1.154902454100094900e-01, 3.211964305414016785e-01, 1.894608973161436283e-01
3.740509542537400756e-01, 1.151154505064413136e-01, 3.210473715734320499e-01, 1.897862236663865332e-01
3.742477853678236599e-01, 1.147422540591444134e-01, 3.208981996002654991e-01, 1.901117609727663027e-01
3.744429173362288643e-01, 1.143706576785488843e-01, 3.207489151100601510e-01, 1.904375098751621143e-01
3.746363474339805544e-01, 1.140006629699176904e-01, 3.205995185672947945e-01, 1.907634710288070301e-01
3.748280729494676278e-01, 1.136322715335663369e-01, 3.204500104127071536e-01, 1.910896451042589372e-01
3.750180911843137288e-01, 1.132654849650839707e-01, 3.203003910632313822e-01, 1.914160327873709044e-01
3.752063994532484625e-01, 1.129003048555538152e-01, 3.201506609119373903e-01, 1.917426347792603181e-01
3.753929950839779428e-01, 1.125367327917744520e-01, 3.200008203279708918e-01, 1.920694517962767689e-01
3.755778754170554512e-01, 1.121747703564811988e-01, 3.198508696564941189e-01, 1.923964845699692727e-01
3.757610378057524292e-01, 1.118144191285677380e-01, 3.197008092186277017e-01, 1.927237338470521866e-01
3.759424796159285820e-01, 1.114556806833079949e-01, 3.195506393113933807e-01, 1.930512003893701534e-01
3.761221982259025376e-01, 1.110985565925783070e-01, 3.194003602076572190e-01, 1.933788849738619642e-01
3.763001910263222838e-01, 1.107430484250797875e-01, 3.192499721560744241e-01, 1.937067883925235323e-01
3.764764554200353830e-01, 1.103891577465607871e-01, 3.190994753810344475e-01, 1.940349114523693963e-01
3.766509888219596314e-01, 1.100368861200396037e-01, 3.189488700826071943e-01, 1.943632549753935845e-01
3.768237886589531072e-01, 1.096862351060274160e-01, 3.187981564364901210e-01, 1.946918197985292864e-01
3.769948523696853293e-01, 1.093372062627512159e-01, 3.186473345939563884e-01, 1.950206067736071636e-01
3.771641774045065842e-01, 1.089898011463769495e-01, 3.184964046818033467e-01, 1.953496167673129391e-01
3.773317612253201947e-01, 1.086440213112330327e-01, 3.183453668023030203e-01, 1.956788506611437106e-01
3.774976013054515689e-01, 1.082998683100332010e-01, 3.181942210331520915e-01, 1.960083093513631802e-01
3.776616951295200808e-01, 1.079573436941003717e-01, 3.180429674274238283e-01, 1.963379937489556359e-01
3.778240401933096737e-01, 1.076164490135899654e-01, 3.178916060135209554e-01, 1.966679047795793778e-01
3.779846340036402963e-01, 1.072771858177134219e-01, 3.177401367951281363e-01, 1.969980433835182565e-01
3.781434740782386728e-01, 1.069395556549618820e-01, 3.175885597511671765e-01, 1.973284105156324630e-01
3.783005579456103495e-01, 1.066035600733294675e-01, 3.174368748357517811e-01, 1.976590071453084296e-01
3.784558831449115202e-01, 1.062692006205372686e-01, 3.172850819781439236e-01, 1.979898342564072045e-01
3.786094472258205723e-01, 1.059364788442566652e-01, 3.171331810827108799e-01, 1.983208928472117993e-01
3.787612477484108564e-01, 1.056053962923326345e-01, 3.169811720288829848e-01, 1.986521839303734827e-01
3.789112822830226768e-01, 1.052759545130075997e-01, 3.168290546711127753e-01, 1.989837085328568789e-01
3.790595484101370038e-01, 1.049481550551444736e-01, 3.166768288388347452e-01, 1.993154676958837079e-01
3.792060437202477985e-01, 1.046219994684500915e-01, 3.165244943364261543e-01, 1.996474624748758309e-01
3.793507658137366123e-01, 1.042974893036983514e-01, 3.163720509431683925e-01, 1.999796939393966300e-01
3.794937123007453561e-01, 1.039746261129532723e-01, 3.162194984132100095e-01, 2.003121631730914731e-01
3.796348808010516773e-01, 1.036534114497916909e-01, 3.160668364755296889e-01, 2.006448712736268458e-01
3.797742689439432273e-01, 1.033338468695264578e-01, 3.159140648339017199e-01, 2.009778193526287893e-01
3.799118743680927057e-01, 1.030159339294284132e-01, 3.157611831668600266e-01, 2.013110085356189516e-01
3.800476947214341816e-01, 1.026996741889490833e-01, 3.156081911276656382e-01, 2.016444399619511385e-01
3.801817276610388596e-01, 1.023850692099428222e-01, 3.154550883442733267e-01, 2.019781147847450054e-01
3.803139708529914009e-01, 1.020721205568886347e-01, 3.153018744193002987e-01, 2.023120341708196102e-01
3.804444219722677989e-01, 1.017608297971117209e-01, 3.151485489299949427e-01, 2.026461993006254958e-01
3.805730787026128104e-01, 1.014511985010050216e-01, 3.149951114282070752e-01, 2.029806113681750790e-01
3.806999387364179421e-01, 1.011432282422502910e-01, 3.148415614403592966e-01, 2.033152715809724842e-01
3.808249997746009363e-01, 1.008369205980387540e-01, 3.146878984674186808e-01, 2.036501811599416845e-01
3.809482595264847560e-01, 1.005322771492917211e-01, 3.145341219848699632e-01, 2.039853413393536152e-01
3.810697157096783472e-01, 1.002292994808805099e-01, 3.143802314426891731e-01, 2.043207533667517894e-01
3.811893660499567904e-01, 9.992798918184649104e-02, 3.142262262653194860e-01, 2.046564185028771632e-01
3.813072082811432839e-01, 9.962834784562019097e-02, 3.140721058516457442e-01, 2.049923380215908086e-01
3.814232401449910159e-01, 9.933037707024025553e-02, 3.139178695749725301e-01, 2.053285132097962262e-01
3.815374593910663137e-01, 9.903407845857227498e-02, 3.137635167830012950e-01, 2.056649453673601857e-01
3.816498637766321256e-01, 9.873945361852667912e-02, 3.136090467978095431e-01, 2.060016358070316800e-01
3.817604510665328355e-01, 9.844650416327641040e-02, 3.134544589158304584e-01, 2.063385858543604068e-01
3.818692190330788550e-01, 9.815523171147413906e-02, 3.132997524078338647e-01, 2.066757968476131413e-01
3.819761654559332142e-01, 9.786563788746907577e-02, 3.131449265189080733e-01, 2.070132701376896089e-01
3.820812881219983193e-01, 9.757772432152292397e-02, 3.129899804684422859e-01, 2.073510070880364431e-01
3.821845848253034306e-01, 9.729149265002570712e-02, 3.128349134501108852e-01, 2.076890090745598938e-01
3.822860533668936411e-01, 9.700694451571083288e-02, 3.126797246318579471e-01, 2.080272774855375373e-01
3.823856915547191870e-01, 9.672408156786951872e-02, 3.125244131558831406e-01, 2.083658137215281259e-01
3.824834972035259240e-01, 9.644290546256475971e-02, 3.123689781386285169e-01, 2.087046191952807161e-01
3.825794681347468029e-01, 9.616341786284486604e-02, 3.122134186707664627e-01, 2.090436953316418267e-01
3.826736021763941231e-01, 9.588562043895573761e-02, 3.120577338171884318e-01, 2.093830435674617074e-01
3.827658971629530615e-01, 9.560951486855333303e-02, 3.119019226169949532e-01, 2.097226653514987216e-01
3.828563509352759242e-01, 9.533510283691473686e-02, 3.117459840834864715e-01, 2.100625621443229230e-01
3.829449613404775632e-01, 9.506238603714900481e-02, 3.115899172041552423e-01, 2.104027354182180509e-01
3.830317262318321259e-01, 9.479136617040709312e-02, 3.114337209406790596e-01, 2.107431866570817491e-01
3.831166434686701927e-01, 9.452204494609105223e-02, 3.112773942289139839e-01, 2.110839173563248683e-01
3.831997109162777471e-01, 9.425442408206254064e-02, 3.111209359788906781e-01, 2.114249290227690481e-01
3.832809264457960885e-01, 9.398850530485065857e-02, 3.109643450748099114e-01, 2.117662231745433832e-01
3.833602879341225234e-01, 9.372429034985864382e-02, 3.108076203750402278e-01, 2.121078013409786467e-01
3.834377932638126651e-01, 9.346178096157024828e-02, 3.106507607121158920e-01, 2.124496650625012917e-01
3.835134403229837341e-01, 9.320097889375476841e-02, 3.104937648927364457e-01, 2.127918158905250101e-01
3.835872270052194666e-01, 9.294188590967164543e-02, 3.103366316977673178e-01, 2.131342553873416812e-01
3.836591512094751910e-01, 9.268450378227391373e-02, 3.101793598822409903e-01, 2.134769851260099049e-01
3.837292108399856239e-01, 9.242883429441098309e-02, 3.100219481753602735e-01, 2.138200066902430641e-01
3.837974038061732207e-01, 9.217487923903025515e-02, 3.098643952805011925e-01, 2.141633216742953039e-01
3.838637280225573600e-01, 9.192264041937787955e-02, 3.097066998752187605e-01, 2.145069316828459860e-01
3.839281814086659139e-01, 9.167211964919880218e-02, 3.095488606112524188e-01, 2.148508383308829206e-01
3.839907618889472074e-01, 9.142331875293532861e-02, 3.093908761145332531e-01, 2.151950432435842109e-01
3.840514673926844202e-01, 9.117623956592528500e-02, 3.092327449851921539e-01, 2.155395480561981270e-01
3.841102958539103218e-01, 9.093088393459854146e-02, 3.090744657975693088e-01, 2.158843544139217863e-01
3.841672452113240044e-01, 9.068725371667309132e-02, 3.089160371002245831e-01, 2.162294639717782796e-01
3.842223134082090596e-01, 9.044535078134940953e-02, 3.087574574159493435e-01, 2.165748783944921874e-01
3.842754983923532541e-01, 9.020517700950440865e-02, 3.085987252417788373e-01, 2.169205993563635415e-01
3.843267981159693147e-01, 8.996673429388371557e-02, 3.084398390490066255e-01, 2.172666285411403164e-01
3.843762105356180458e-01, 8.973002453929307398e-02, 3.082807972831995147e-01, 2.176129676418893377e-01
3.844237336121318904e-01, 8.949504966278874762e-02, 3.081215983642137668e-01, 2.179596183608656923e-01
3.844693653105411557e-01, 8.926181159386611941e-02, 3.079622406862125850e-01, 2.183065824093801122e-01
3.845131036000014046e-01, 8.903031227464795749e-02, 3.078027226176850428e-01, 2.186538615076656367e-01
3.845549464537217910e-01, 8.880055366007071072e-02, 3.076430425014658465e-01, 2.190014573847416934e-01
3.845948918488966695e-01, 8.857253771806992970e-02, 3.074831986547560403e-01, 2.193493717782773744e-01
3.846329377666368177e-01, 8.834626642976448063e-02, 3.073231893691459882e-01, 2.196976064344527968e-01
3.846690821919042103e-01, 8.812174178963899651e-02, 3.071630129106382445e-01, 2.200461631078184932e-01
3.847033231134475151e-01, 8.789896580572556517e-02, 3.070026675196729227e-01, 2.203950435611539138e-01
3.847356585237393656e-01, 8.767794049978380744e-02, 3.068421514111531190e-01, 2.207442495653236803e-01
3.847660864189157981e-01, 8.745866790747947039e-02, 3.066814627744725019e-01, 2.210937828991322018e-01
3.847946047987170215e-01, 8.724115007856185489e-02, 3.065205997735437338e-01, 2.214436453491772927e-01
3.848212116664304627e-01, 8.702538907703986915e-02, 3.063595605468282246e-01, 2.217938387097013186e-01
3.848459050288353667e-01, 8.681138698135620890e-02, 3.061983432073673295e-01, 2.221443647824412060e-01
3.848686828961490058e-01, 8.659914588456055218e-02, 3.060369458428142120e-01, 2.224952253764762300e-01
3.848895432819757212e-01, 8.638866789448121364e-02, 3.058753665154682611e-01, 2.228464223080748874e-01
3.849084842032564624e-01, 8.617995513389478668e-02, 3.057136032623091193e-01, 2.231979574005394928e-01
3.849255036802218255e-01, 8.597300974069504997e-02, 3.055516540950339310e-01, 2.235498324840492768e-01
3.849405997363454235e-01, 8.576783386805950093e-02, 3.053895170000937576e-01, 2.239020493955012903e-01
3.849537703983007542e-01, 8.556442968461494547e-02, 3.052271899387335452e-01, 2.242546099783506997e-01
3.849650136959191782e-01, 8.536279937460096445e-02, 3.050646708470318158e-01, 2.246075160824481942e-01
3.849743276621497290e-01, 8.516294513803222832e-02, 3.049019576359420780e-01, 2.249607695638760341e-01
3.849817103330220314e-01, 8.496486919085863287e-02, 3.047390481913365701e-01, 2.253143722847828767e-01
3.849871597476102192e-01, 8.476857376512425546e-02, 3.045759403740497251e-01, 2.256683261132158558e-01
3.849906739479994067e-01, 8.457406110912421560e-02, 3.044126320199244673e-01, 2.260226329229519937e-01
3.849922509792544911e-01, 8.438133348755984253e-02, 3.042491209398590635e-01, 2.263772945933266167e-01
3.849918888893905100e-01, 8.419039318169233010e-02, 3.040854049198558062e-01, 2.267323130090612981e-01
3.849895857293459955e-01, 8.400124248949433770e-02, 3.039214817210708075e-01, 2.270876900600888593e-01
3.849853395529574951e-01, 8.381388372579978707e-02, 3.037573490798654019e-01, 2.274434276413773159e-01
3.849791484169370892e-01, 8.362831922245198002e-02, 3.035930047078591043e-01, 2.277995276527517154e-01
3.849710103808524631e-01, 8.344455132844975920e-02, 3.034284462919837888e-01, 2.281559919987141694e-01
3.849609235071075886e-01, 8.326258241009151795e-02, 3.032636714945389222e-01, 2.285128225882618880e-01
3.849488858609281805e-01, 8.308241485111785007e-02, 3.030986779532498510e-01, 2.288700213347041601e-01
3.849348955103466530e-01, 8.290405105285161835e-02, 3.029334632813254213e-01, 2.292275901554762796e-01
3.849189505261923494e-01, 8.272749343433645486e-02, 3.027680250675186535e-01, 2.295855309719525839e-01
3.849010489820813841e-01, 8.255274443247311023e-02, 3.026023608761883588e-01, 2.299438457092571331e-01
3.848811889544109799e-01, 8.237980650215374900e-02, 3.024364682473622001e-01, 2.303025362960730293e-01
3.848593685223550276e-01, 8.220868211639417722e-02, 3.022703446968018626e-01, 2.306616046644490159e-01
3.848355857678623093e-01, 8.203937376646407154e-02, 3.021039877160685561e-01, 2.310210527496050770e-01
3.848098387756576644e-01, 8.187188396201494633e-02, 3.019373947725917384e-01, 2.313808824897355954e-01
3.847821256332449313e-01, 8.170621523120612240e-02, 3.017705633097378937e-01, 2.317410958258109555e-01
3.847524444309130542e-01, 8.154237012082836411e-02, 3.016034907468817527e-01, 2.321016947013768150e-01
3.847207932617439097e-01, 8.138035119642531012e-02, 3.014361744794789022e-01, 2.324626810623517670e-01
3.846871702216235756e-01, 8.122016104241300272e-02, 3.012686118791400580e-01, 2.328240568568234192e-01
3.846515734092557093e-01, 8.106180226219648899e-02, 3.011008002937064498e-01, 2.331858240348414490e-01
3.846140009261772574e-01, 8.090527747828489546e-02, 3.009327370473278696e-01, 2.335479845482100469e-01
3.845744508767774961e-01, 8.075058933240354675e-02, 3.007644194405414972e-01, 2.339105403502775016e-01
3.845329213683191250e-01, 8.059774048560430781e-02, 3.005958447503525033e-01, 2.342734933957240917e-01
3.844894105109622484e-01, 8.044673361837267889e-02, 3.004270102303168710e-01, 2.346368456403480907e-01
3.844439164177910206e-01, 8.029757143073366910e-02, 3.002579131106252186e-01, 2.350005990408500778e-01
3.843964372048427891e-01, 8.015025664235413128e-02, 3.000885505981886192e-01, 2.353647555546144188e-01
3.843469709911407350e-01, 8.000479199264320940e-02, 2.999189198767264197e-01, 2.357293171394896913e-01
3.842955158987279574e-01, 7.986118024085032963e-02, 2.997490181068552251e-01, 2.360942857535665018e-01
3.842420700527057753e-01, 7.971942416616017990e-02, 2.995788424261801586e-01, 2.364596633549537752e-01
3.841866315812737520e-01, 7.957952656778570499e-02, 2.994083899493875656e-01, 2.368254519015528525e-01
3.841291986157733263e-01, 7.944149026505797906e-02, 2.992376577683393268e-01, 2.371916533508292568e-01
3.840697692907333316e-01, 7.930531809751402428e-02, 2.990666429521696701e-01, 2.375582696595829602e-01
3.840083417439193458e-01, 7.917101292498124332e-02, 2.988953425473828696e-01, 2.379253027837164025e-01
3.839449141163856494e-01, 7.903857762766010320e-02, 2.987237535779535547e-01, 2.382927546780005124e-01
3.838794845525299593e-01, 7.890801510620315540e-02, 2.985518730454284064e-01, 2.386606272958385067e-01
3.838120512001505502e-01, 7.877932828179183555e-02, 2.983796979290295193e-01, 2.390289225890281366e-01
3.837426122105078719e-01, 7.865252009621057083e-02, 2.982072251857602607e-01, 2.393976425075213521e-01
3.836711657383875540e-01, 7.852759351191758441e-02, 2.980344517505125190e-01, 2.397667889991822177e-01
3.835977099421674086e-01, 7.840455151211354889e-02, 2.978613745361761156e-01, 2.401363640095429131e-01
3.835222429838867075e-01, 7.828339710080657599e-02, 2.976879904337496607e-01, 2.405063694815570419e-01
3.834447630293192910e-01, 7.816413330287494410e-02, 2.975142963124539075e-01, 2.408768073553518851e-01
3.833652682480492291e-01, 7.804676316412660630e-02, 2.973402890198467152e-01, 2.412476795679774633e-01
3.832837568135494810e-01, 7.793128975135578396e-02, 2.971659653819401226e-01, 2.416189880531546541e-01
3.832002269032644404e-01, 7.781771615239639617e-02, 2.969913222033191413e-01, 2.419907347410201470e-01
3.831146766986940899e-01, 7.770604547617279700e-02, 2.968163562672628264e-01, 2.423629215578702312e-01
3.830271043854835411e-01, 7.759628085274715426e-02, 2.966410643358673993e-01, 2.427355504259020302e-01
3.829375081535131842e-01, 7.748842543336376121e-02, 2.964654431501705378e-01, 2.431086232629525445e-01
3.828458861969942784e-01, 7.738248239049043409e-02, 2.962894894302792181e-01, 2.434821419822360278e-01
3.827522367145661519e-01, 7.727845491785639842e-02, 2.961131998754983896e-01, 2.438561084920790600e-01
3.826565579093977321e-01, 7.717634623048721942e-02, 2.959365711644617591e-01, 2.442305246956533171e-01
3.825588479892915172e-01, 7.707615956473656826e-02, 2.957595999552654620e-01, 2.446053924907064803e-01
3.824591051667913244e-01, 7.697789817831442172e-02, 2.955822828856031204e-01, 2.449807137692912029e-01
3.823573276592930337e-01, 7.688156535031216710e-02, 2.954046165729032891e-01, 2.453564904174915240e-01
3.822535136891590524e-01, 7.678716438122444587e-02, 2.952265976144687887e-01, 2.457327243151476992e-01
3.821476614838356101e-01, 7.669469859296744463e-02, 2.950482225876188136e-01, 2.461094173355782011e-01
3.820397692759734398e-01, 7.660417132889381364e-02, 2.948694880498321513e-01, 2.464865713453006923e-01
3.819298353035525118e-01, 7.651558595380436589e-02, 2.946903905388935652e-01, 2.468641882037495849e-01
3.818178578100090426e-01, 7.642894585395602902e-02, 2.945109265730420089e-01, 2.472422697629927668e-01
3.817038350443672234e-01, 7.634425443706641112e-02, 2.943310926511210623e-01, 2.476208178674454141e-01
3.815877652613728910e-01, 7.626151513231491097e-02, 2.941508852527308648e-01, 2.479998343535813887e-01
3.814696467216316944e-01, 7.618073139034015062e-02, 2.939703008383841576e-01, 2.483793210496439141e-01
3.813494776917509266e-01, 7.610190668323378593e-02, 2.937893358496625473e-01, 2.487592797753527540e-01
3.812272564444834089e-01, 7.602504450453091700e-02, 2.936079867093761009e-01, 2.491397123416096704e-01
3.811029812588764831e-01, 7.595014836919632140e-02, 2.934262498217251602e-01, 2.495206205502021324e-01
3.809766504204234461e-01, 7.587722181360760654e-02, 2.932441215724642114e-01, 2.499020061935047221e-01
3.808482622212192581e-01, 7.580626839553422647e-02, 2.930615983290684734e-01, 2.502838710541781531e-01
3.807178149601186945e-01, 7.573729169411268225e-02, 2.928786764409020971e-01, 2.506662169048664013e-01
3.805853069428997149e-01, 7.567029530981833618e-02, 2.926953522393898055e-01, 2.510490455078921990e-01
3.804507364824283866e-01, 7.560528286443272961e-02, 2.925116220381895893e-01, 2.514323586149491696e-01
3.803141018988296373e-01, 7.554225800100765331e-02, 2.923274821333692319e-01, 2.518161579667934635e-01
3.801754015196593950e-01, 7.548122438382497135e-02, 2.921429288035837790e-01, 2.522004452929319518e-01
3.800346336800815572e-01, 7.542218569835251740e-02, 2.919579583102567266e-01, 2.525852223113091433e-01
3.798917967230492909e-01, 7.536514565119602216e-02, 2.917725668977630415e-01, 2.529704907279916593e-01
3.797468889994879970e-01, 7.531010797004733526e-02, 2.915867507936141245e-01, 2.533562522368505987e-01
3.795999088684835487e-01, 7.525707640362785944e-02, 2.914005062086464370e-01, 2.537425085192421270e-01
3.794508546974735830e-01, 7.520605472162875116e-02, 2.912138293372117936e-01, 2.541292612436858445e-01
3.792997248624427886e-01, 7.515704671464643050e-02, 2.910267163573702076e-01, 2.545165120655405455e-01
3.791465177481213589e-01, 7.511005619411419143e-02, 2.908391634310854013e-01, 2.549042626266790346e-01
3.789912317481876070e-01, 7.506508699222942671e-02, 2.906511667044230918e-01, 2.552925145551599440e-01
3.788338652654741900e-01, 7.502214296187691145e-02, 2.904627223077511644e-01, 2.556812694648976647e-01
3.786744167121782190e-01, 7.498122797654759031e-02, 2.902738263559434539e-01, 2.560705289553306674e-01
3.785128845100746431e-01, 7.494234593025307645e-02, 2.900844749485849139e-01, 2.564602946110873805e-01
3.783492670907337985e-01, 7.490550073743601489e-02, 2.898946641701802829e-01, 2.568505680016500148e-01
3.781835628957425088e-01, 7.487069633287593562e-02, 2.897043900903648606e-01, 2.572413506810166117e-01
3.780157703769296829e-01, 7.483793667159074903e-02, 2.895136487641182810e-01, 2.576326441873612039e-01
3.778458879965939654e-01, 7.480722572873375886e-02, 2.893224362319807286e-01, 2.580244500426913667e-01
3.776739142277374950e-01, 7.477856749948633142e-02, 2.891307485202719851e-01, 2.584167697525043272e-01
3.774998475543011045e-01, 7.475196599894586014e-02, 2.889385816413123087e-01, 2.588096048054405185e-01
3.773236864714058503e-01, 7.472742526200958080e-02, 2.887459315936480309e-01, 2.592029566729365797e-01
3.771454294855954292e-01, 7.470494934325326575e-02, 2.885527943622770430e-01, 2.595968268088742481e-01
3.769650751150854240e-01, 7.468454231680593525e-02, 2.883591659188798895e-01, 2.599912166492289178e-01
3.767826218900138247e-01, 7.466620827621943401e-02, 2.881650422220510821e-01, 2.603861276117157009e-01
3.765980683526975459e-01, 7.464995133433355301e-02, 2.879704192175351896e-01, 2.607815610954337116e-01
3.764114130578909978e-01, 7.463577562313654379e-02, 2.877752928384642583e-01, 2.611775184805081862e-01
3.762226545730495975e-01, 7.462368529362072012e-02, 2.875796590055988977e-01, 2.615740011277308263e-01
3.760317914785964444e-01, 7.461368451563331339e-02, 2.873835136275715296e-01, 2.619710103781986432e-01
3.758388223681941032e-01, 7.460577747772277613e-02, 2.871868526011330802e-01, 2.623685475529499711e-01
3.756437458490182735e-01, 7.459996838697990906e-02, 2.869896718114019474e-01, 2.627666139525999256e-01
3.754465605420371221e-01, 7.459626146887425591e-02, 2.867919671321160213e-01, 2.631652108569726978e-01
3.752472650822936129e-01, 7.459466096708573801e-02, 2.865937344258877584e-01, 2.635643395247329601e-01
3.750458581191918328e-01, 7.459517114333127918e-02, 2.863949695444617527e-01, 2.639640011930152741e-01
3.748423383167872047e-01, 7.459779627718628181e-02, 2.861956683289753056e-01, 2.643641970770512217e-01
3.746367043540806963e-01, 7.460254066590146782e-02, 2.859958266102221036e-01, 2.647649283697955935e-01
3.744289549253169702e-01, 7.460940862421444608e-02, 2.857954402089186718e-01, 2.651661962415498563e-01
3.742190887402856991e-01, 7.461840448415607563e-02, 2.855945049359732701e-01, 2.655680018395849551e-01
3.740071045246278758e-01, 7.462953259485238799e-02, 2.853930165927586748e-01, 2.659703462877610058e-01
3.737930010201452879e-01, 7.464279732232058373e-02, 2.851909709713871255e-01, 2.663732306861469890e-01
3.735767769851137676e-01, 7.465820304926036599e-02, 2.849883638549882137e-01, 2.667766561106375556e-01
3.733584311946008816e-01, 7.467575417484023648e-02, 2.847851910179906576e-01, 2.671806236125682799e-01
3.731379624407866746e-01, 7.469545511447797659e-02, 2.845814482264055201e-01, 2.675851342183298565e-01
3.729153695332892982e-01, 7.471731029961652115e-02, 2.843771312381139227e-01, 2.679901889289802441e-01
3.726906512994935250e-01, 7.474132417749425328e-02, 2.841722358031568141e-01, 2.683957887198553105e-01
3.724638065848838719e-01, 7.476750121091005341e-02, 2.839667576640280688e-01, 2.688019345401780336e-01
3.722348342533807197e-01, 7.479584587798301931e-02, 2.837606925559704174e-01, 2.692086273126658158e-01
3.720037331876813735e-01, 7.482636267190702350e-02, 2.835540362072745957e-01, 2.696158679331369101e-01
3.717705022896037881e-01, 7.485905610069952532e-02, 2.833467843395819363e-01, 2.700236572701148474e-01
3.715351404804350666e-01, 7.489393068694530364e-02, 2.831389326681882923e-01, 2.704319961644313097e-01
3.712976467012831239e-01, 7.493099096753465249e-02, 2.829304769023536781e-01, 2.708408854288283929e-01
3.710580199134329571e-01, 7.497024149339616417e-02, 2.827214127456126880e-01, 2.712503258475582602e-01
3.708162590987050811e-01, 7.501168682922385034e-02, 2.825117358960886338e-01, 2.716603181759823515e-01
3.705723632598200701e-01, 7.505533155319896177e-02, 2.823014420468117902e-01, 2.720708631401691502e-01
3.703263314207647094e-01, 7.510118025670629860e-02, 2.820905268860389170e-01, 2.724819614364900056e-01
3.700781626271633096e-01, 7.514923754404470579e-02, 2.818789860975775552e-01, 2.728936137312145682e-01
3.698278559466519066e-01, 7.519950803213225343e-02, 2.816668153611118774e-01, 2.733058206601039486e-01
3.695754104692569042e-01, 7.525199635020571320e-02, 2.814540103525334791e-01, 2.737185828280039313e-01
3.693208253077770453e-01, 7.530670713951434503e-02, 2.812405667442731128e-01, 2.741319008084354691e-01
3.690640995981688266e-01, 7.536364505300813255e-02, 2.810264802056373079e-01, 2.745457751431856219e-01
3.688052324999361309e-01, 7.542281475502037036e-02, 2.808117464031472665e-01, 2.749602063418962739e-01
3.685442231965231352e-01, 7.548422092094428382e-02, 2.805963610008808673e-01, 2.753751948816516859e-01
3.682810708957112156e-01, 7.554786823690445852e-02, 2.803803196608181114e-01, 2.757907412065662145e-01
3.680157748300190157e-01, 7.561376139942195540e-02, 2.801636180431895662e-01, 2.762068457273695876e-01
3.677483342571065683e-01, 7.568190511507402740e-02, 2.799462518068274175e-01, 2.766235088209920701e-01
3.674787484601824694e-01, 7.575230410014800742e-02, 2.797282166095210743e-01, 2.770407308301484073e-01
3.672070167484156600e-01, 7.582496308028935372e-02, 2.795095081083737720e-01, 2.774585120629211588e-01
3.669331384573492616e-01, 7.589988679014382511e-02, 2.792901219601642837e-01, 2.778768527923426435e-01
3.666571129493189085e-01, 7.597707997299406324e-02, 2.790700538217107396e-01, 2.782957532559762193e-01
3.663789396138746879e-01, 7.605654738038990226e-02, 2.788492993502375561e-01, 2.787152136554976734e-01
3.660986178682059666e-01, 7.613829377177346036e-02, 2.786278542037460837e-01, 2.791352341562743922e-01
3.658161471575698265e-01, 7.622232391409763941e-02, 2.784057140413876419e-01, 2.795558148869449755e-01
3.655315269557228852e-01, 7.630864258143921219e-02, 2.781828745238401068e-01, 2.799769559389976847e-01
3.652447567653574478e-01, 7.639725455460601167e-02, 2.779593313136879407e-01, 2.803986573663486692e-01
3.649558361185387678e-01, 7.648816462073780575e-02, 2.777350800758044413e-01, 2.808209191849190822e-01
3.646647645771482482e-01, 7.658137757290167658e-02, 2.775101164777377116e-01, 2.812437413722124746e-01
3.643715417333281970e-01, 7.667689820968132119e-02, 2.772844361900999588e-01, 2.816671238668904675e-01
3.640761672099302459e-01, 7.677473133476021838e-02, 2.770580348869592924e-01, 2.820910665683502572e-01
3.637786406609673229e-01, 7.687488175649909161e-02, 2.768309082462349635e-01, 2.825155693362984555e-01
3.634789617720686761e-01, 7.697735428750739073e-02, 2.766030519500956575e-01, 2.829406319903282618e-01
3.631771302609376750e-01, 7.708215374420847310e-02, 2.763744616853608949e-01, 2.833662543094930819e-01
3.628731458778128305e-01, 7.718928494639921978e-02, 2.761451331439052082e-01, 2.837924360318825889e-01
3.625670084059332554e-01, 7.729875271680354543e-02, 2.759150620230662598e-01, 2.842191768541969532e-01
3.622587176620041816e-01, 7.741056188061957999e-02, 2.756842440260546256e-01, 2.846464764313215712e-01
3.619482734966689708e-01, 7.752471726506136862e-02, 2.754526748623681853e-01, 2.850743343759015724e-01
3.616356757949812928e-01, 7.764122369889420172e-02, 2.752203502482080122e-01, 2.855027502579165488e-01
3.613209244768816886e-01, 7.776008601196419956e-02, 2.749872659068987590e-01, 2.859317236042553390e-01
3.610040194976770755e-01, 7.788130903472154087e-02, 2.747534175693109870e-01, 2.863612538982904798e-01
3.606849608485217518e-01, 7.800489759773805709e-02, 2.745188009742869917e-01, 2.867913405794532689e-01
3.603637485569027854e-01, 7.813085653121862317e-02, 2.742834118690694045e-01, 2.872219830428091591e-01
3.600403826871273472e-01, 7.825919066450646999e-02, 2.740472460097332918e-01, 2.876531806386328216e-01
3.597148633408125962e-01, 7.838990482558286232e-02, 2.738102991616200854e-01, 2.880849326719843173e-01
3.593871906573785080e-01, 7.852300384056028204e-02, 2.735725670997758985e-01, 2.885172384022853254e-01
3.590573648145433672e-01, 7.865849253316992140e-02, 2.733340456093915072e-01, 2.889500970428951487e-01
3.587253860288214247e-01, 7.879637572424319503e-02, 2.730947304862464953e-01, 2.893835077606889405e-01
3.583912545560235530e-01, 7.893665823118713176e-02, 2.728546175371546201e-01, 2.898174696756347646e-01
3.580549706917598440e-01, 7.907934486745382685e-02, 2.726137025804139524e-01, 2.902519818603723212e-01
3.577165347719449273e-01, 7.922444044200414870e-02, 2.723719814462586264e-01, 2.906870433397923392e-01
3.573759471733052306e-01, 7.937194975876506187e-02, 2.721294499773136422e-01, 2.911226530906161902e-01
3.570332083138890167e-01, 7.952187761608144057e-02, 2.718861040290526110e-01, 2.915588100409769456e-01
3.566883186535784178e-01, 7.967422880616174818e-02, 2.716419394702586643e-01, 2.919955130700011003e-01
3.563412786946035249e-01, 7.982900811451779099e-02, 2.713969521834873611e-01, 2.924327610073914063e-01
3.559920889820580858e-01, 7.998622031939854604e-02, 2.711511380655329262e-01, 2.928705526330104281e-01
3.556407501044187014e-01, 8.014587019121827138e-02, 2.709044930278970420e-01, 2.933088866764659852e-01
3.552872626940644096e-01, 8.030796249197864889e-02, 2.706570129972601935e-01, 2.937477618166967619e-01
3.549316274277987127e-01, 8.047250197468501509e-02, 2.704086939159562331e-01, 2.941871766815600253e-01
3.545738450273741571e-01, 8.063949338275690215e-02, 2.701595317424485554e-01, 2.946271298474203437e-01
3.542139162600174140e-01, 8.080894144943262525e-02, 2.699095224518100467e-01, 2.950676198387399141e-01
3.538518419389569680e-01, 8.098085089716820784e-02, 2.696586620362048659e-01, 2.955086451276699444e-01
3.534876229239521939e-01, 8.115522643703064476e-02, 2.694069465053730017e-01, 2.959502041336442013e-01
3.531212601218238212e-01, 8.133207276808504527e-02, 2.691543718871174384e-01, 2.963922952229736119e-01
3.527527544869862863e-01, 8.151139457677655797e-02, 2.689009342277938197e-01, 2.968349167084432527e-01
3.523821070219809726e-01, 8.169319653630632838e-02, 2.686466295928021109e-01, 2.972780668489105049e-01
3.520093187780112820e-01, 8.187748330600182201e-02, 2.683914540670815918e-01, 2.977217438489053181e-01
3.516343908554783737e-01, 8.206425953068169354e-02, 2.681354037556072378e-01, 2.981659458582326394e-01
3.512573244045192888e-01, 8.225352984001486900e-02, 2.678784747838892089e-01, 2.986106709715766749e-01
3.508781206255443541e-01, 8.244529884787431262e-02, 2.676206632984744482e-01, 2.990559172281068712e-01
3.504967807697774163e-01, 8.263957115168509004e-02, 2.673619654674502244e-01, 2.995016826110872832e-01
3.501133061397959101e-01, 8.283635133176707466e-02, 2.671023774809502815e-01, 2.999479650474867198e-01
3.497276980900723142e-01, 8.303564395067207504e-02, 2.668418955516633218e-01, 3.003947624075923306e-01
3.493399580275159400e-01, 8.323745355251579991e-02, 2.665805159153429860e-01, 3.008420725046252464e-01
3.489500874120161633e-01, 8.344178466230438296e-02, 2.663182348313207770e-01, 3.012898930943587184e-01
3.485580877569853797e-01, 8.364864178525528715e-02, 2.660550485830204259e-01, 3.017382218747388656e-01
3.481639606299031242e-01, 8.385802940611365719e-02, 2.657909534784746453e-01, 3.021870564855085317e-01
3.477677076528606359e-01, 8.406995198846269057e-02, 2.655259458508436587e-01, 3.026363945078330286e-01
3.473693305031052003e-01, 8.428441397402919311e-02, 2.652600220589357849e-01, 3.030862334639297662e-01
3.469688309135856019e-01, 8.450141978198427717e-02, 2.649931784877299634e-01, 3.035365708167003240e-01
3.465662106734967440e-01, 8.472097380823839785e-02, 2.647254115488997250e-01, 3.039874039693651886e-01
3.461614716288254345e-01, 8.494308042473190656e-02, 2.644567176813398812e-01, 3.044387302651027638e-01
3.457546156828956163e-01, 8.516774397872040048e-02, 2.641870933516936026e-01, 3.048905469866904361e-01
3.453456447969130427e-01, 8.539496879205515922e-02, 2.639165350548823841e-01, 3.053428513561494695e-01
3.449345609905105081e-01, 8.562475916045882152e-02, 2.636450393146372861e-01, 3.057956405343933426e-01
3.445213663422927453e-01, 8.585711935279635720e-02, 2.633726026840312318e-01, 3.062489116208797491e-01
3.441060629903802681e-01, 8.609205361034097392e-02, 2.630992217460135230e-01, 3.067026616532653738e-01
3.436886531329530481e-01, 8.632956614603586043e-02, 2.628248931139455791e-01, 3.071568876070654430e-01
3.432691390287942457e-01, 8.656966114375112820e-02, 2.625496134321382291e-01, 3.076115863953163831e-01
3.428475229978321104e-01, 8.681234275753570151e-02, 2.622733793763897259e-01, 3.080667548682423651e-01
3.424238074216818806e-01, 8.705761511086596016e-02, 2.619961876545259805e-01, 3.085223898129261788e-01
3.419979947441862400e-01, 8.730548229588872000e-02, 2.617180350069413519e-01, 3.089784879529836603e-01
3.415700874719554414e-01, 8.755594837266063302e-02, 2.614389182071410467e-01, 3.094350459482428373e-01
3.411400881749053760e-01, 8.780901736838331306e-02, 2.611588340622844617e-01, 3.098920603944267937e-01
3.407079994867956430e-01, 8.806469327663390967e-02, 2.608777794137291384e-01, 3.103495278228413645e-01
3.402738241057648994e-01, 8.832298005659199036e-02, 2.605957511375765479e-01, 3.108074447000665486e-01
3.398375647948656542e-01, 8.858388163226232903e-02, 2.603127461452183211e-01, 3.112658074276536402e-01
3.393992243825975641e-01, 8.884740189169351710e-02, 2.600287613838830891e-01, 3.117246123418257464e-01
3.389588057634384533e-01, 8.911354468619307745e-02, 2.597437938371847110e-01, 3.121838557131837999e-01
3.385163118983738895e-01, 8.938231382953866488e-02, 2.594578405256705578e-01, 3.126435337464169018e-01
3.380717458154249844e-01, 8.965371309718550563e-02, 2.591708985073710170e-01, 3.131036425800184930e-01
3.376251106101740285e-01, 8.992774622547035357e-02, 2.588829648783493309e-01, 3.135641782860063009e-01
3.371764094462878503e-01, 9.020441691081208802e-02, 2.585940367732516565e-01, 3.140251368696483913e-01
3.367256455560391770e-01, 9.048372880890864778e-02, 2.583041113658581245e-01, 3.144865142691940507e-01
3.362728222408254974e-01, 9.076568553393077332e-02, 2.580131858696336766e-01, 3.149483063556099416e-01
3.358179428716856485e-01, 9.105029065771262642e-02, 2.577212575382798465e-01, 3.154105089323219757e-01
3.353610108898132935e-01, 9.133754770893909303e-02, 2.574283236662854302e-01, 3.158731177349621833e-01
3.349020298070681245e-01, 9.162746017233029672e-02, 2.571343815894794327e-01, 3.163361284311221322e-01
3.344410032064843441e-01, 9.192003148782322552e-02, 2.568394286855816833e-01, 3.167995366201108998e-01
3.339779347427753176e-01, 9.221526504975001426e-02, 2.565434623747551712e-01, 3.172633378327195386e-01
3.335128281428363928e-01, 9.251316420601433943e-02, 2.562464801201573272e-01, 3.177275275309919822e-01
3.330456872062432794e-01, 9.281373225726467779e-02, 2.559484794284914710e-01, 3.181921011080005579e-01
3.325765158057481519e-01, 9.311697245606509465e-02, 2.556494578505577042e-01, 3.186570538876289937e-01
3.321053178877709788e-01, 9.342288800606390886e-02, 2.553494129818041913e-01, 3.191223811243609210e-01
3.316320974728889648e-01, 9.373148206115987369e-02, 2.550483424628764428e-01, 3.195880780030748158e-01
3.311568586563202743e-01, 9.404275772466628991e-02, 2.547462439801677081e-01, 3.200541396388456583e-01
3.306796056084061464e-01, 9.435671804847317601e-02, 2.544431152663680362e-01, 3.205205610767526414e-01
3.302003425750866250e-01, 9.467336603220724567e-02, 2.541389541010121156e-01, 3.209873372916940415e-01
3.297190738783742359e-01, 9.499270462239027546e-02, 2.538337583110272799e-01, 3.214544631882080838e-01
3.292358039168221673e-01, 9.531473671159601535e-02, 2.535275257712800157e-01, 3.219219336003018572e-01
3.287505371659880105e-01, 9.563946513760500368e-02, 2.532202544051214144e-01, 3.223897432912855576e-01
3.282632781788945020e-01, 9.596689268255848004e-02, 2.529119421849318483e-01, 3.228578869536150031e-01
3.277740315864837162e-01, 9.629702207211068843e-02, 2.526025871326645911e-01, 3.233263592087410876e-01
3.272828020980670383e-01, 9.662985597458008391e-02, 2.522921873203872734e-01, 3.237951546069656183e-01
3.267895945017716408e-01, 9.696539700009951246e-02, 2.519807408708233387e-01, 3.242642676273056468e-01
3.262944136649795213e-01, 9.730364769976550254e-02, 2.516682459578907793e-01, 3.247336926773641830e-01
3.257972645347630980e-01, 9.764461056478689061e-02, 2.513547008072402611e-01, 3.252034240932096809e-01
3.252981521383154773e-01, 9.798828802563223916e-02, 2.510401036967907507e-01, 3.256734561392615745e-01
3.247970815833736702e-01, 9.833468245117779616e-02, 2.507244529572640879e-01, 3.261437830081843625e-01
3.242940580586383681e-01, 9.868379614785389997e-02, 2.504077469727173932e-01, 3.266143988207901860e-01
3.237890868341864459e-01, 9.903563135879214774e-02, 2.500899841810734769e-01, 3.270852976259478462e-01
3.232821732618779698e-01, 9.939019026297178649e-02, 2.497711630746491385e-01, 3.275564734005010359e-01
3.227733227757578205e-01, 9.974747497436672883e-02, 2.494512822006815789e-01, 3.280279200491937885e-01
3.222625408924501555e-01, 1.001074875410921661e-01, 2.491303401618526203e-01, 3.284996314046050303e-01
3.217498332115478754e-01, 1.004702299445523056e-01, 2.488083356168095950e-01, 3.289716012270902934e-01
3.212352054159939851e-01, 1.008357040985876640e-01, 2.484852672806853457e-01, 3.294438232047330328e-01
3.207186632724582931e-01, 1.012039118486239841e-01, 2.481611339256142301e-01, 3.299162909533035482e-01
3.202002126317058384e-01, 1.015748549708212489e-01, 2.478359343812461535e-01, 3.303889980162267315e-01
3.196798594289598228e-01, 1.019485351712239862e-01, 2.475096675352577158e-01, 3.308619378645584752e-01
3.191576096842561050e-01, 1.023249540849126421e-01, 2.471823323338604994e-01, 3.313351038969706841e-01
3.186334695027923103e-01, 1.027041132751561614e-01, 2.468539277823059708e-01, 3.318084894397455575e-01
3.181074450752679472e-01, 1.030860142325660256e-01, 2.465244529453876898e-01, 3.322820877467781986e-01
3.175795426782186959e-01, 1.034706583742520392e-01, 2.461939069479404940e-01, 3.327558919995887710e-01
3.170497686743423138e-01, 1.038580470429794483e-01, 2.458622889753352969e-01, 3.332298953073429826e-01
3.165181295128167149e-01, 1.042481815063285161e-01, 2.455295982739719440e-01, 3.337040907068828388e-01
3.159846317296110541e-01, 1.046410629558557487e-01, 2.451958341517671836e-01, 3.341784711627659998e-01
3.154492819477885956e-01, 1.050366925062576201e-01, 2.448609959786397228e-01, 3.346530295673140754e-01
3.149120868778008675e-01, 1.054350711945364755e-01, 2.445250831869913433e-01, 3.351277587406712444e-01
3.143730533177745978e-01, 1.058361999791693486e-01, 2.441880952721841858e-01, 3.356026514308719233e-01
3.138321881537895486e-01, 1.062400797392790697e-01, 2.438500317930133998e-01, 3.360777003139178709e-01
3.132894983601485772e-01, 1.066467112738087170e-01, 2.435108923721771568e-01, 3.365528979938654519e-01
3.127449909996384836e-01, 1.070560953006989557e-01, 2.431706766967405009e-01, 3.370282370029220598e-01
3.121986732237823636e-01, 1.074682324560685270e-01, 2.428293845185964805e-01, 3.375037098015525872e-01
3.116505522730833588e-01, 1.078831232933984002e-01, 2.424870156549221445e-01, 3.379793087785961103e-01
3.111006354772586358e-01, 1.083007682827195201e-01, 2.421435699886296533e-01, 3.384550262513922325e-01
3.105489302554654829e-01, 1.087211678098039119e-01, 2.417990474688135327e-01, 3.389308544659171418e-01
3.099954441165166386e-01, 1.091443221753605058e-01, 2.414534481111921538e-01, 3.394067855969307157e-01
3.094401846590876248e-01, 1.095702315942343325e-01, 2.411067719985452995e-01, 3.398828117481326183e-01
3.088831595719136458e-01, 1.099988961946104515e-01, 2.407590192811461527e-01, 3.403589249523296112e-01
3.083243766339771041e-01, 1.104303160172224324e-01, 2.404101901771877881e-01, 3.408351171716126338e-01
3.077638437146852368e-01, 1.108644910145651780e-01, 2.400602849732050570e-01, 3.413113802975445421e-01
3.072015687740382028e-01, 1.113014210501128143e-01, 2.397093040244909767e-01, 3.417877061513579506e-01
3.066375598627867904e-01, 1.117411058975416871e-01, 2.393572477555074574e-01, 3.422640864841640651e-01
3.060718251225799102e-01, 1.121835452399584376e-01, 2.390041166602901446e-01, 3.427405129771715075e-01
3.055043727861022074e-01, 1.126287386691333936e-01, 2.386499113028483776e-01, 3.432169772419160769e-01
3.049352111772006269e-01, 1.130766856847398999e-01, 2.382946323175583470e-01, 3.436934708205010569e-01
3.043643487110012091e-01, 1.135273856935990061e-01, 2.379382804095509230e-01, 3.441699851858488479e-01
3.037917938940146168e-01, 1.139808380089303574e-01, 2.375808563550934338e-01, 3.446465117419615920e-01
3.032175553242311694e-01, 1.144370418496090946e-01, 2.372223610019646434e-01, 3.451230418241951203e-01
3.026416416912048324e-01, 1.148959963394292905e-01, 2.368627952698240391e-01, 3.455995666995418381e-01
3.020640617761266578e-01, 1.153577005063734784e-01, 2.365021601505748194e-01, 3.460760775669250999e-01
3.014848244518861797e-01, 1.158221532818894534e-01, 2.361404567087195538e-01, 3.465525655575049102e-01
3.009039386831227070e-01, 1.162893535001733453e-01, 2.357776860817098752e-01, 3.470290217349941142e-01
3.003214135262645690e-01, 1.167592998974602558e-01, 2.354138494802895387e-01, 3.475054370959856365e-01
2.997372581295566496e-01, 1.172319911113220564e-01, 2.350489481888298759e-01, 3.479818025702913764e-01
2.991514817330773179e-01, 1.177074256799719859e-01, 2.346829835656590590e-01, 3.484581090212916510e-01
2.985640936687426472e-01, 1.181856020415780750e-01, 2.343159570433837047e-01, 3.489343472462955731e-01
2.979751033602997534e-01, 1.186665185335833428e-01, 2.339478701292036222e-01, 3.494105079769132538e-01
2.973845203233075329e-01, 1.191501733920344169e-01, 2.335787244052189848e-01, 3.498865818794391069e-01
2.967923541651056318e-01, 1.196365647509184671e-01, 2.332085215287304503e-01, 3.503625595552454230e-01
2.961986145847718688e-01, 1.201256906415081455e-01, 2.328372632325312885e-01, 3.508384315411887111e-01
2.956033113730664463e-01, 1.206175489917153953e-01, 2.324649513251920707e-01, 3.513141883100260321e-01
2.950064544123647825e-01, 1.211121376254539334e-01, 2.320915876913379750e-01, 3.517898202708432120e-01
2.944080536765778522e-01, 1.216094542620106134e-01, 2.317171742919173494e-01, 3.522653177694942128e-01
2.938081192310591505e-01, 1.221094965154258388e-01, 2.313417131644632529e-01, 3.527406710890518826e-01
2.932066612325005539e-01, 1.226122618938835368e-01, 2.309652064233462254e-01, 3.532158704502697533e-01
2.926036899288142479e-01, 1.231177477991104996e-01, 2.305876562600194801e-01, 3.536909060120557169e-01
2.919992156590031085e-01, 1.236259515257850383e-01, 2.302090649432552150e-01, 3.541657678719567492e-01
2.913932488530167619e-01, 1.241368702609561142e-01, 2.298294348193728742e-01, 3.546404460666542913e-01
2.907858000315965419e-01, 1.246505010834721427e-01, 2.294487683124589450e-01, 3.551149305724723426e-01
2.901768798061057919e-01, 1.251668409634200396e-01, 2.290670679245780661e-01, 3.555892113058961024e-01
2.895664988783486216e-01, 1.256858867615746611e-01, 2.286843362359753939e-01, 3.560632781241012679e-01
2.889546680403743406e-01, 1.262076352288589720e-01, 2.283005759052703643e-01, 3.565371208254962676e-01
2.883413981742693477e-01, 1.267320830058147607e-01, 2.279157896696412666e-01, 3.570107291502745417e-01
2.877267002519356409e-01, 1.272592266220845258e-01, 2.275299803450014369e-01, 3.574840927809784241e-01
2.871105853348558390e-01, 1.277890624959041044e-01, 2.271431508261653465e-01, 3.579572013430746824e-01
2.864930645738453796e-01, 1.283215869336072068e-01, 2.267553040870067538e-01, 3.584300444055407708e-01
2.858741492087901737e-01, 1.288567961291406661e-01, 2.263664431806065025e-01, 3.589026114814626855e-01
2.852538505683721026e-01, 1.293946861635919265e-01, 2.259765712393917159e-01, 3.593748920286443660e-01
2.846321800697800830e-01, 1.299352530047278853e-01, 2.255856914752650544e-01, 3.598468754502269773e-01
2.840091492184075861e-01, 1.304784925065463064e-01, 2.251938071797250085e-01, 3.603185510953211823e-01
2.833847696075366684e-01, 1.310244004088385317e-01, 2.248009217239758106e-01, 3.607899082596491280e-01
2.827590529180086243e-01, 1.315729723367653203e-01, 2.244070385590281047e-01, 3.612609361861980339e-01
2.821320109178802604e-01, 1.321242038004447894e-01, 2.240121612157900122e-01, 3.617316240658849935e-01
2.815036554620666265e-01, 1.326780901945528168e-01, 2.236162933051478729e-01, 3.622019610382326560e-01
2.808739984919705890e-01, 1.332346267979366283e-01, 2.232194385180372997e-01, 3.626719361920554552e-01
2.802430520350969179e-01, 1.337938087732413184e-01, 2.228216006255039905e-01, 3.631415385661577733e-01
2.796108282046544935e-01, 1.343556311665489444e-01, 2.224227834787548819e-01, 3.636107571500415969e-01
2.789773391991430262e-01, 1.349200889070317488e-01, 2.220229910091985892e-01, 3.640795808846264969e-01
2.783425973019269528e-01, 1.354871768066183146e-01, 2.216222272284758266e-01, 3.645479986629788782e-01
2.777066148807942891e-01, 1.360568895596729888e-01, 2.212204962284795573e-01, 3.650159993310530537e-01
2.770694043875025492e-01, 1.366292217426899047e-01, 2.208178021813646530e-01, 3.654835716884428098e-01
2.764309783573100088e-01, 1.372041678140002163e-01, 2.204141493395471718e-01, 3.659507044891426308e-01
2.757913494084930917e-01, 1.377817221134935433e-01, 2.200095420356928677e-01, 3.664173864423205251e-01
2.751505302418502108e-01, 1.383618788623535156e-01, 2.196039846826955411e-01, 3.668836062131006770e-01
2.745085336401906773e-01, 1.389446321628080572e-01, 2.191974817736442593e-01, 3.673493524233570895e-01
2.738653724678106749e-01, 1.395299759978934351e-01, 2.187900378817801139e-01, 3.678146136525156651e-01
2.732210596699543026e-01, 1.401179042312334644e-01, 2.183816576604424298e-01, 3.682793784383696645e-01
2.725756082722612383e-01, 1.407084106068331453e-01, 2.179723458430034289e-01, 3.687436352779022153e-01
2.719290313801998593e-01, 1.413014887488871218e-01, 2.175621072427929570e-01, 3.692073726281200896e-01
2.712813421784872059e-01, 1.418971321616035730e-01, 2.171509467530113036e-01, 3.696705789068979175e-01
2.706325539304938466e-01, 1.424953342290425640e-01, 2.167388693466318350e-01, 3.701332424938317267e-01
2.699826799776361974e-01, 1.430960882149698576e-01, 2.163258800762924428e-01, 3.705953517311014744e-01
2.693317337387532984e-01, 1.436993872627266577e-01, 2.159119840741753615e-01, 3.710568949243446824e-01
2.686797287094710995e-01, 1.443052243951137847e-01, 2.154971865518765795e-01, 3.715178603435386195e-01
2.680266784615523146e-01, 1.449135925142920334e-01, 2.150814928002637572e-01, 3.719782362238917561e-01
2.673725966422324518e-01, 1.455244844016985450e-01, 2.146649081893230171e-01, 3.724380107667459860e-01
2.667174969735416346e-01, 1.461378927179780851e-01, 2.142474381679943252e-01, 3.728971721404860107e-01
2.660613932516138758e-01, 1.467538100029308901e-01, 2.138290882639962143e-01, 3.733557084814589921e-01
2.654042993459813649e-01, 1.473722286754765576e-01, 2.134098640836383787e-01, 3.738136078949037544e-01
2.647462291988557648e-01, 1.479931410336333963e-01, 2.129897713116236380e-01, 3.742708584558872009e-01
2.640871968243962975e-01, 1.486165392545146513e-01, 2.125688157108382714e-01, 3.747274482102507798e-01
2.634272163079627305e-01, 1.492424153943408272e-01, 2.121470031221311947e-01, 3.751833651755652199e-01
2.627663018053571498e-01, 1.498707613884679990e-01, 2.117243394640813403e-01, 3.756385973420935942e-01
2.621044675420502457e-01, 1.505015690514329985e-01, 2.113008307327542135e-01, 3.760931326737625424e-01
2.614417278123956079e-01, 1.511348300770154196e-01, 2.108764830014466518e-01, 3.765469591091423207e-01
2.607780969788304204e-01, 1.517705360383149460e-01, 2.104513024204203164e-01, 3.770000645624342894e-01
2.601135894710622787e-01, 1.524086783878471629e-01, 2.100252952166237475e-01, 3.774524369244668387e-01
2.594482197852437944e-01, 1.530492484576546908e-01, 2.095984676934031232e-01, 3.779040640636983639e-01
2.587820024831340993e-01, 1.536922374594355822e-01, 2.091708262302010291e-01, 3.783549338272292339e-01
2.581149521912464717e-01, 1.543376364846892057e-01, 2.087423772822450119e-01, 3.788050340418192552e-01
2.574470835999845830e-01, 1.549854365048778104e-01, 2.083131273802231453e-01, 3.792543525149144057e-01
2.567784114627645331e-01, 1.556356283716062716e-01, 2.078830831299494364e-01, 3.797028770356797311e-01
2.561089505951251732e-01, 1.562882028168183501e-01, 2.074522512120173245e-01, 3.801505953760391798e-01
2.554387158738257724e-01, 1.569431504530099108e-01, 2.070206383814415796e-01, 3.805974952917228205e-01
2.547677222359305826e-01, 1.576004617734594881e-01, 2.065882514672894299e-01, 3.810435645233204993e-01
2.540959846778821918e-01, 1.582601271524761433e-01, 2.061550973722996727e-01, 3.814887907973419368e-01
2.534235182545615528e-01, 1.589221368456640859e-01, 2.057211830724909596e-01, 3.819331618272834294e-01
2.527503380783364118e-01, 1.595864809902049763e-01, 2.052865156167581751e-01, 3.823766653147003813e-01
2.520764593180979118e-01, 1.602531496051572135e-01, 2.048511021264585452e-01, 3.828192889502863294e-01
2.514018971982852069e-01, 1.609221325917726264e-01, 2.044149497949851457e-01, 3.832610204149571320e-01
2.507266669978980844e-01, 1.615934197338301515e-01, 2.039780658873300567e-01, 3.837018473809417074e-01
2.500507840494981537e-01, 1.622670006979874402e-01, 2.035404577396366932e-01, 3.841417575128777129e-01
2.493742637381989591e-01, 1.629428650341492035e-01, 2.031021327587395342e-01, 3.845807384689122754e-01
2.486971215006443803e-01, 1.636210021758528477e-01, 2.026630984216942488e-01, 3.850187779018086065e-01
2.480193728239753204e-01, 1.643014014406721512e-01, 2.022233622752959148e-01, 3.854558634600565581e-01
2.473410332447871229e-01, 1.649840520306370961e-01, 2.017829319355863571e-01, 3.858919827889893406e-01
2.466621183480738611e-01, 1.656689430326722945e-01, 2.013418150873509394e-01, 3.863271235319029051e-01
2.459826437661635501e-01, 1.663560634190514032e-01, 2.009000194836035313e-01, 3.867612733311814877e-01
2.453026251776423139e-01, 1.670454020478699675e-01, 2.004575529450616234e-01, 3.871944198294260953e-01
2.446220783062676152e-01, 1.677369476635346413e-01, 2.000144233596098109e-01, 3.876265506705878217e-01
2.439410189198724377e-01, 1.684306888972702809e-01, 1.995706386817534816e-01, 3.880576535011038275e-01
2.432594628292578942e-01, 1.691266142676434436e-01, 1.991262069320605121e-01, 3.884877159710380945e-01
2.425774258870773137e-01, 1.698247121811039539e-01, 1.986811361965936107e-01, 3.889167257352252327e-01
2.418949239867095313e-01, 1.705249709325427909e-01, 1.982354346263313916e-01, 3.893446704544162862e-01
2.412119730611236024e-01, 1.712273787058677388e-01, 1.977891104365792352e-01, 3.897715377964294237e-01
2.405285890817330796e-01, 1.719319235745952745e-01, 1.973421719063697954e-01, 3.901973154373017949e-01
2.398447880572421864e-01, 1.726385935024601637e-01, 1.968946273778529599e-01, 3.906219910624446623e-01
2.391605860324820254e-01, 1.733473763440412374e-01, 1.964464852556759566e-01, 3.910455523678008638e-01
2.384759990872386826e-01, 1.740582598454047669e-01, 1.959977540063529422e-01, 3.914679870610037193e-01
2.377910433350723662e-01, 1.747712316447638525e-01, 1.955484421576247911e-01, 3.918892828625389901e-01
2.371057349221283583e-01, 1.754862792731553545e-01, 1.950985582978088106e-01, 3.923094275069075043e-01
2.364200900259391669e-01, 1.762033901551325055e-01, 1.946481110751386578e-01, 3.927284087437897808e-01
2.357341248542195455e-01, 1.769225516094745376e-01, 1.941971091970944585e-01, 3.931462143392114306e-01
2.350478556436532696e-01, 1.776437508499131013e-01, 1.937455614297232120e-01, 3.935628320767103894e-01
2.343612986586717239e-01, 1.783669749858744491e-01, 1.932934765969497037e-01, 3.939782497585040399e-01
2.336744701902262189e-01, 1.790922110232379405e-01, 1.928408635798779802e-01, 3.943924552066577771e-01
2.329873865545522837e-01, 1.798194458651113103e-01, 1.923877313160833047e-01, 3.948054362642531290e-01
2.323000640919272719e-01, 1.805486663126210922e-01, 1.919340887988948974e-01, 3.952171807965567663e-01
2.316125191654210269e-01, 1.812798590657199727e-01, 1.914799450766699329e-01, 3.956276766921890675e-01
2.309247681596406643e-01, 1.820130107240091055e-01, 1.910253092520579621e-01, 3.960369118642922959e-01
2.302368274794680258e-01, 1.827481077875766635e-01, 1.905701904812568959e-01, 3.964448742516983315e-01
2.295487135487919439e-01, 1.834851366578519882e-01, 1.901145979732596913e-01, 3.968515518200964043e-01
2.288604428092339549e-01, 1.842240836384748393e-01, 1.896585409890930163e-01, 3.972569325631982173e-01
2.281720317188689062e-01, 1.849649349361805750e-01, 1.892020288410471429e-01, 3.976610045039034036e-01
2.274834967509401229e-01, 1.857076766616998220e-01, 1.887450708918970987e-01, 3.980637556954629841e-01
2.267948543925689675e-01, 1.864522948306739369e-01, 1.882876765541159070e-01, 3.984651742226412163e-01
2.261061211434597096e-01, 1.871987753645849017e-01, 1.878298552890800832e-01, 3.988652482028754442e-01
2.254173135146001206e-01, 1.879471040917000679e-01, 1.873716166062660560e-01, 3.992639657874338388e-01
2.247284480269569895e-01, 1.886972667480318611e-01, 1.869129700624398427e-01, 3.996613151625713622e-01
2.240395412101675032e-01, 1.894492489783116129e-01, 1.864539252608383713e-01, 4.000572845506824571e-01
2.233506096012274067e-01, 1.902030363369776600e-01, 1.859944918503434463e-01, 4.004518622114514037e-01
2.226616697431743064e-01, 1.909586142891781524e-01, 1.855346795246481939e-01, 4.008450364429994028e-01
2.219727381837681146e-01, 1.917159682117867969e-01, 1.850744980214164004e-01, 4.012367955830286048e-01
2.212838314741686352e-01, 1.924750833944337547e-01, 1.846139571214345521e-01, 4.016271280099630303e-01
2.205949661676091800e-01, 1.932359450405490009e-01, 1.841530666477570466e-01, 4.020160221440847725e-01
2.199061588180683535e-01, 1.939985382684198123e-01, 1.836918364648444102e-01, 4.024034664486674795e-01
2.192174259789390622e-01, 1.947628481122611332e-01, 1.832302764776949366e-01, 4.027894494311049511e-01
2.185287842016947202e-01, 1.955288595232995696e-01, 1.827683966309699426e-01, 4.031739596440357953e-01
2.178402500345546222e-01, 1.962965573708696232e-01, 1.823062069081125280e-01, 4.035569856864631988e-01
2.171518400211466526e-01, 1.970659264435229430e-01, 1.818437173304601751e-01, 4.039385162048703681e-01
2.164635706991686892e-01, 1.978369514501501780e-01, 1.813809379563513513e-01, 4.043185398943299202e-01
2.157754585990492580e-01, 1.986096170211150425e-01, 1.809178788802261184e-01, 4.046970454996096089e-01
2.150875202426068555e-01, 1.993839077094002876e-01, 1.804545502317215500e-01, 4.050740218162713902e-01
2.143997721417083002e-01, 2.001598079917657480e-01, 1.799909621747609323e-01, 4.054494576917649362e-01
2.137122307969274992e-01, 2.009373022699182665e-01, 1.795271249066380803e-01, 4.058233420265162095e-01
2.130249126962031059e-01, 2.017163748716924165e-01, 1.790630486570963242e-01, 4.061956637750080978e-01
2.123378343134967039e-01, 2.024970100522434646e-01, 1.785987436874026391e-01, 4.065664119468572202e-01
2.116510121074516582e-01, 2.032791919952501303e-01, 1.781342202894166671e-01, 4.069355756078816277e-01
2.109644625200516044e-01, 2.040629048141291979e-01, 1.776694887846552995e-01, 4.073031438811639537e-01
2.102782019752808540e-01, 2.048481325532602593e-01, 1.772045595233530113e-01, 4.076691059481057922e-01
2.095922468777853542e-01, 2.056348591892207256e-01, 1.767394428835173115e-01, 4.080334510494766920e-01
2.089066136115348693e-01, 2.064230686320308872e-01, 1.762741492699803902e-01, 4.083961684864537700e-01
2.082213185384872156e-01, 2.072127447264094646e-01, 1.758086891134473251e-01, 4.087572476216558837e-01
2.075363779972543565e-01, 2.080038712530377643e-01, 1.753430728695394569e-01, 4.091166778801684223e-01
2.068518083017702180e-01, 2.087964319298339089e-01, 1.748773110178352408e-01, 4.094744487505604935e-01
2.061676257399613355e-01, 2.095904104132365331e-01, 1.744114140609072938e-01, 4.098305497858949487e-01
2.054838465724201368e-01, 2.103857902994958617e-01, 1.739453925233558906e-01, 4.101849706047281385e-01
2.048004870310808356e-01, 2.111825551259757516e-01, 1.734792569508402937e-01, 4.105377008921032300e-01
2.041175633178988202e-01, 2.119806883724617563e-01, 1.730130179091064757e-01, 4.108887304005328089e-01
2.034350916035338186e-01, 2.127801734624792385e-01, 1.725466859830126765e-01, 4.112380489509743220e-01
2.027530880260353940e-01, 2.135809937646177825e-01, 1.720802717755524625e-01, 4.115856464337944165e-01
2.020715686895341590e-01, 2.143831325938646559e-01, 1.716137859068750382e-01, 4.119315128097261192e-01
2.013905496629362635e-01, 2.151865732129446263e-01, 1.711472390133043642e-01, 4.122756381108146351e-01
2.007100469786219366e-01, 2.159912988336673278e-01, 1.706806417463559711e-01, 4.126180124413547090e-01
2.000300766311497447e-01, 2.167972926182815119e-01, 1.702140047717514981e-01, 4.129586259788172176e-01
1.993506545759652637e-01, 2.176045376808352083e-01, 1.697473387684330093e-01, 4.132974689747664909e-01
1.986717967281146913e-01, 2.184130170885434097e-01, 1.692806544275750336e-01, 4.136345317557669210e-01
1.979935189609644819e-01, 2.192227138631608341e-01, 1.688139624515956339e-01, 4.139698047242790224e-01
1.973158371049266169e-01, 2.200336109823604336e-01, 1.683472735531670872e-01, 4.143032783595458901e-01
1.966387669461890642e-01, 2.208456913811180367e-01, 1.678805984542252605e-01, 4.146349432184675554e-01
1.959623242254536768e-01, 2.216589379531019033e-01, 1.674139478849787643e-01, 4.149647899364656278e-01
1.952865246366793373e-01, 2.224733335520668043e-01, 1.669473325829177457e-01, 4.152928092283361683e-01
1.946113838258323736e-01, 2.232888609932537072e-01, 1.664807632918224867e-01, 4.156189918890914048e-01
1.939369173896443033e-01, 2.241055030547928206e-01, 1.660142507607719753e-01, 4.159433287947909563e-01
1.932631408743753776e-01, 2.249232424791114682e-01, 1.655478057431529482e-01, 4.162658109033601783e-01
1.925900697745870083e-01, 2.257420619743457924e-01, 1.650814389956694883e-01, 4.165864292553975723e-01
1.919177195319209106e-01, 2.265619442157556229e-01, 1.646151612773523176e-01, 4.169051749749711488e-01
1.912461055338861571e-01, 2.273828718471425647e-01, 1.641489833485703931e-01, 4.172220392704008574e-01
1.905752431126548352e-01, 2.282048274822719158e-01, 1.636829159700423364e-01, 4.175370134350309126e-01
1.899051475438651437e-01, 2.290277937062963620e-01, 1.632169699018494180e-01, 4.178500888479890762e-01
1.892358340454340093e-01, 2.298517530771827244e-01, 1.627511559024502896e-01, 4.181612569749330044e-01
1.885673177763773356e-01, 2.306766881271406500e-01, 1.622854847276966050e-01, 4.184705093687854371e-01
1.878996138356404388e-01, 2.315025813640527452e-01, 1.618199671298511388e-01, 4.187778376704556771e-01
1.872327372609361995e-01, 2.323294152729074857e-01, 1.613546138566075150e-01, 4.190832336095486887e-01
1.865667030275942606e-01, 2.331571723172321531e-01, 1.608894356501117950e-01, 4.193866890050619300e-01
1.859015260474180253e-01, 2.339858349405276039e-01, 1.604244432459869807e-01, 4.196881957660673068e-01
1.852372211675532843e-01, 2.348153855677035384e-01, 1.599596473723599033e-01, 4.199877458923833018e-01
1.845738031693651415e-01, 2.356458066065142132e-01, 1.594950587488901672e-01, 4.202853314752304503e-01
1.839112867673264873e-01, 2.364770804489944589e-01, 1.590306880858029515e-01, 4.205809446978759913e-01
1.832496866079161013e-01, 2.373091894728954210e-01, 1.585665460829244755e-01, 4.208745778362640300e-01
1.825890172685273871e-01, 2.381421160431203832e-01, 1.581026434287201021e-01, 4.211662232596321553e-01
1.819292932563885412e-01, 2.389758425131593145e-01, 1.576389907993371031e-01, 4.214558734311150689e-01
1.812705290074926034e-01, 2.398103512265229165e-01, 1.571755988576500618e-01, 4.217435209083344461e-01
1.806127388855399973e-01, 2.406456245181754494e-01, 1.567124782523102444e-01, 4.220291583439743088e-01
1.799559371808912844e-01, 2.414816447159660318e-01, 1.562496396167993018e-01, 4.223127784863433543e-01
1.793001381095318536e-01, 2.423183941420579968e-01, 1.557870935684869396e-01, 4.225943741799232933e-01
1.786453558120486285e-01, 2.431558551143564173e-01, 1.553248507076923912e-01, 4.228739383659024798e-01
1.779916043526181546e-01, 2.439940099479336322e-01, 1.548629216167514144e-01, 4.231514640826967155e-01
1.773388977180070381e-01, 2.448328409564515529e-01, 1.544013168590869789e-01, 4.234269444664544579e-01
1.766872498165843741e-01, 2.456723304535813057e-01, 1.539400469782850889e-01, 4.237003727515493146e-01
1.760366744773468606e-01, 2.465124607544203206e-01, 1.534791224971759072e-01, 4.239717422710568284e-01
1.753871854489561233e-01, 2.473532141769057557e-01, 1.530185539169198472e-01, 4.242410464572182738e-01
1.747387963987889203e-01, 2.481945730432232322e-01, 1.525583517160984670e-01, 4.245082788418894637e-01
1.740915209120000307e-01, 2.490365196812137638e-01, 1.520985263498116913e-01, 4.247734330569746253e-01
1.734453724905982985e-01, 2.498790364257746643e-01, 1.516390882487802794e-01, 4.250365028348468965e-01
1.728003645525358067e-01, 2.507221056202566523e-01, 1.511800478184538166e-01, 4.252974820087537244e-01
1.721565104308100391e-01, 2.515657096178567365e-01, 1.507214154381252558e-01, 4.255563645132078854e-01
1.715138233725798655e-01, 2.524098307830055510e-01, 1.502632014600510657e-01, 4.258131443843634623e-01
1.708723165382947107e-01, 2.532544514927494439e-01, 1.498054162085777352e-01, 4.260678157603782212e-01
1.702320030008376006e-01, 2.540995541381274592e-01, 1.493480699792751054e-01, 4.263203728817599458e-01
1.695928957446817820e-01, 2.549451211255427951e-01, 1.488911730380755305e-01, 4.265708100917000034e-01
1.689550076650618571e-01, 2.557911348781275462e-01, 1.484347356204203383e-01, 4.268191218363902584e-01
1.683183515671578534e-01, 2.566375778371020600e-01, 1.479787679304130910e-01, 4.270653026653270512e-01
1.676829401652946416e-01, 2.574844324631272996e-01, 1.475232801399793403e-01, 4.273093472315988572e-01
1.670487860821547876e-01, 2.583316812376506566e-01, 1.470682823880339329e-01, 4.275512502921606783e-01
1.664159018480060592e-01, 2.591793066642452126e-01, 1.466137847796557814e-01, 4.277910067080930578e-01
1.657842998999433104e-01, 2.600272912699412298e-01, 1.461597973852693244e-01, 4.280286114448460522e-01
1.651539925811453535e-01, 2.608756176065505916e-01, 1.457063302398342586e-01, 4.282640595724698240e-01
1.645249921401453208e-01, 2.617242682519838048e-01, 1.452533933420423473e-01, 4.284973462658285825e-01
1.638973107301174570e-01, 2.625732258115586193e-01, 1.448009966535223902e-01, 4.287284668048015890e-01
1.632709604081772348e-01, 2.634224729193010428e-01, 1.443491500980528530e-01, 4.289574165744687861e-01
1.626459531346970411e-01, 2.642719922392380294e-01, 1.438978635607831291e-01, 4.291841910652817171e-01
1.620223007726371567e-01, 2.651217664666812301e-01, 1.434471468874615740e-01, 4.294087858732200114e-01
1.614000150868909189e-01, 2.659717783295024174e-01, 1.429970098836734760e-01, 4.296311966999331600e-01
1.607791077436457050e-01, 2.668220105894001382e-01, 1.425474623140862984e-01, 4.298514193528679139e-01
1.601595903097589868e-01, 2.676724460431564867e-01, 1.420985139017036936e-01, 4.300694497453808052e-01
1.595414742521495954e-01, 2.685230675238851061e-01, 1.416501743271285640e-01, 4.302852838968367899e-01
1.589247709372039463e-01, 2.693738579022698088e-01, 1.412024532278337297e-01, 4.304989179326925708e-01
1.583094916301982791e-01, 2.702248000877925382e-01, 1.407553601974427249e-01, 4.307103480845664301e-01
1.576956474947356912e-01, 2.710758770299524500e-01, 1.403089047850187288e-01, 4.309195706902931855e-01
1.570832495921990479e-01, 2.719270717194740561e-01, 1.398630964943624322e-01, 4.311265821939644916e-01
1.564723088812191021e-01, 2.727783671895055440e-01, 1.394179447833194807e-01, 4.313313791459558733e-01
1.558628362171584347e-01, 2.736297465168059384e-01, 1.389734590630968547e-01, 4.315339582029388277e-01
1.552548423516106058e-01, 2.744811928229223819e-01, 1.385296486975884089e-01, 4.317343161278785479e-01
1.546483379319152640e-01, 2.753326892753559241e-01, 1.380865230027100432e-01, 4.319324497900187132e-01
1.540433335006883009e-01, 2.761842190887164317e-01, 1.376440912457443100e-01, 4.321283561648509575e-01
1.534398394953685740e-01, 2.770357655258659513e-01, 1.372023626446942091e-01, 4.323220323340711269e-01
1.528378662477793692e-01, 2.778873118990518587e-01, 1.367613463676470298e-01, 4.325134754855216035e-01
1.522374239837058219e-01, 2.787388415710264078e-01, 1.363210515321479077e-01, 4.327026829131197516e-01
1.516385228224883253e-01, 2.795903379561563984e-01, 1.358814872045826239e-01, 4.328896520167727080e-01
1.510411727766311496e-01, 2.804417845215203542e-01, 1.354426623995706180e-01, 4.330743803022779614e-01
1.504453837514269365e-01, 2.812931647879930441e-01, 1.350045860793682162e-01, 4.332568653812118309e-01
1.498511655445971258e-01, 2.821444623313187905e-01, 1.345672671532811004e-01, 4.334371049708028445e-01
1.492585278459475362e-01, 2.829956607831719539e-01, 1.341307144770874649e-01, 4.336150968937930172e-01
1.486674802370399062e-01, 2.838467438322045955e-01, 1.336949368524709414e-01, 4.337908390782845847e-01
1.480780321908789776e-01, 2.846976952250826476e-01, 1.332599430264634066e-01, 4.339643295575750792e-01
1.474901930716154275e-01, 2.855484987675075970e-01, 1.328257416908988353e-01, 4.341355664699780292e-01
1.469039721342640659e-01, 2.863991383252275646e-01, 1.323923414818766742e-01, 4.343045480586317231e-01
1.463193785244376599e-01, 2.872495978250328985e-01, 1.319597509792354573e-01, 4.344712726712938733e-01
1.457364212780967172e-01, 2.880998612557408856e-01, 1.315279787060374128e-01, 4.346357387601249012e-01
1.451551093213140353e-01, 2.889499126691656428e-01, 1.310970331280629231e-01, 4.347979448814573988e-01
1.445754514700554605e-01, 2.897997361810752404e-01, 1.306669226533155315e-01, 4.349578896955537677e-01
1.439974564299756343e-01, 2.906493159721356689e-01, 1.302376556315375244e-01, 4.351155719663512000e-01
1.434211327962291727e-01, 2.914986362888407623e-01, 1.298092403537358941e-01, 4.352709905611941710e-01
1.428464890532973874e-01, 2.923476814444282423e-01, 1.293816850517187922e-01, 4.354241444505554948e-01
1.422735335748301910e-01, 2.931964358197832743e-01, 1.289549978976428091e-01, 4.355750327077437256e-01
1.417022746235029329e-01, 2.940448838643262008e-01, 1.285291870035704109e-01, 4.357236545086006219e-01
1.411327203508891404e-01, 2.948930100968877310e-01, 1.281042604210382296e-01, 4.358700091311848435e-01
1.405648787973474978e-01, 2.957407991065703623e-01, 1.276802261406363437e-01, 4.360140959554458795e-01
1.399987578919244524e-01, 2.965882355535938153e-01, 1.272570920915970794e-01, 4.361559144628846529e-01
1.394343654522718357e-01, 2.974353041701287004e-01, 1.268348661413959411e-01, 4.362954642362035229e-01
1.388717091845788898e-01, 2.982819897611136417e-01, 1.264135560953619786e-01, 4.364327449589454067e-01
1.383107966835198099e-01, 2.991282772050600225e-01, 1.259931696962993952e-01, 4.365677564151207446e-01
1.377516354322152192e-01, 2.999741514548407428e-01, 1.255737146241200086e-01, 4.367004984888241403e-01
1.371942328022092428e-01, 3.008195975384653775e-01, 1.251551984954857311e-01, 4.368309711638395654e-01
1.366385960534606814e-01, 3.016646005598407343e-01, 1.247376288634625685e-01, 4.369591745232360158e-01
1.360847323343483684e-01, 3.025091456995165906e-01, 1.243210132171845284e-01, 4.370851087489504572e-01
1.355326486816917919e-01, 3.033532182154166090e-01, 1.239053589815288930e-01, 4.372087741213627199e-01
1.349823520207852900e-01, 3.041968034435553747e-01, 1.234906735168014025e-01, 4.373301710188579605e-01
1.344338491654469836e-01, 3.050398867987395568e-01, 1.230769641184331215e-01, 4.374492999173802965e-01
1.338871468180814206e-01, 3.058824537752555806e-01, 1.226642380166868274e-01, 4.375661613899761715e-01
1.333422515697567645e-01, 3.067244899475412012e-01, 1.222525023763748747e-01, 4.376807561063272844e-01
1.327991699002953330e-01, 3.075659809708431447e-01, 1.218417642965873432e-01, 4.377930848322741375e-01
1.322579081783784860e-01, 3.084069125818599821e-01, 1.214320308104308577e-01, 4.379031484293306464e-01
1.317184726616649759e-01, 3.092472705993689619e-01, 1.210233088847779276e-01, 4.380109478541881485e-01
1.311808694969230360e-01, 3.100870409248394632e-01, 1.206156054200268890e-01, 4.381164841582107505e-01
1.306451047201756255e-01, 3.109262095430305184e-01, 1.202089272498724631e-01, 4.382197584869215734e-01
1.301111842568595800e-01, 3.117647625225734020e-01, 1.198032811410865844e-01, 4.383207720794803919e-01
1.295791139219979737e-01, 3.126026860165402876e-01, 1.193986737933100534e-01, 4.384195262681516159e-01
1.290488994203848050e-01, 3.134399662629963612e-01, 1.189951118388543616e-01, 4.385160224777644444e-01
1.285205463467840870e-01, 3.142765895855385572e-01, 1.185926018425136758e-01, 4.386102622251636940e-01
1.279940601861405680e-01, 3.151125423938181958e-01, 1.181911503013881315e-01, 4.387022471186531325e-01
1.274694463138039413e-01, 3.159478111840494097e-01, 1.177907636447162454e-01, 4.387919788574303204e-01
1.269467099957657386e-01, 3.167823825395021387e-01, 1.173914482337185261e-01, 4.388794592310136244e-01
1.264258563889081588e-01, 3.176162431309804135e-01, 1.169932103614508140e-01, 4.389646901186605166e-01
1.259068905412659423e-01, 3.184493797172861518e-01, 1.165960562526682232e-01, 4.390476734887798216e-01
1.253898173923000958e-01, 3.192817791456669663e-01, 1.161999920636985900e-01, 4.391284113983343618e-01
1.248746417731839975e-01, 3.201134283522503177e-01, 1.158050238823270933e-01, 4.392069059922386054e-01
1.243613684071011583e-01, 3.209443143624621797e-01, 1.154111577276895201e-01, 4.392831595027471003e-01
1.238500019095552934e-01, 3.217744242914309938e-01, 1.150183995501768419e-01, 4.393571742488369125e-01
1.233405467886914686e-01, 3.226037453443767467e-01, 1.146267552313487981e-01, 4.394289526355830144e-01
1.228330074456295551e-01, 3.234322648169857262e-01, 1.142362305838580255e-01, 4.394984971535267348e-01
1.223273881748085240e-01, 3.242599700957699560e-01, 1.138468313513833485e-01, 4.395658103780383241e-01
1.218236931643420506e-01, 3.250868486584124195e-01, 1.134585632085734347e-01, 4.396308949686720258e-01
1.213219264963859151e-01, 3.259128880740979062e-01, 1.130714317609998604e-01, 4.396937536685163184e-01
1.208220921475153253e-01, 3.267380760038283150e-01, 1.126854425451195851e-01, 4.397543893035367191e-01
1.203241939891139395e-01, 3.275624002007243019e-01, 1.123006010282476819e-01, 4.398128047819140352e-01
1.198282357877731852e-01, 3.283858485103123837e-01, 1.119169126085385740e-01, 4.398690030933758432e-01
1.193342212057021678e-01, 3.292084088707972755e-01, 1.115343826149777368e-01, 4.399229873085228060e-01
1.188421538011481121e-01, 3.300300693133201291e-01, 1.111530163073820576e-01, 4.399747605781497706e-01
1.183520370288265455e-01, 3.308508179622023371e-01, 1.107728188764094956e-01, 4.400243261325617605e-01
1.178638742403622791e-01, 3.316706430351751833e-01, 1.103937954435784269e-01, 4.400716872808840829e-01
1.173776686847398526e-01, 3.324895328435958364e-01, 1.100159510612958302e-01, 4.401168474103684947e-01
1.168934235087636109e-01, 3.333074757926479115e-01, 1.096392907128941746e-01, 4.401598099856944279e-01
1.164111417575278418e-01, 3.341244603815296532e-01, 1.092638193126780344e-01, 4.402005785482645539e-01
1.159308263748959761e-01, 3.349404752036268529e-01, 1.088895417059790732e-01, 4.402391567154980700e-01
1.154524802039891551e-01, 3.357555089466731091e-01, 1.085164626692197432e-01, 4.402755481801178816e-01
1.149761059876842073e-01, 3.365695503928951560e-01, 1.081445869099864759e-01, 4.403097567094341191e-01
1.145017063691202569e-01, 3.373825884191450353e-01, 1.077739190671103825e-01, 4.403417861446243253e-01
1.140292838922140756e-01, 3.381946119970188902e-01, 1.074044637107575279e-01, 4.403716404000097007e-01
1.135588410021846767e-01, 3.390056101929616594e-01, 1.070362253425272275e-01, 4.403993234623262976e-01
1.130903800460856673e-01, 3.398155721683593922e-01, 1.066692083955586984e-01, 4.404248393899961589e-01
1.126239032733463569e-01, 3.406244871796165752e-01, 1.063034172346461886e-01, 4.404481923123907960e-01
1.121594128363209708e-01, 3.414323445782215249e-01, 1.059388561563622960e-01, 4.404693864290952776e-01
1.116969107908458297e-01, 3.422391338107984016e-01, 1.055755293891890434e-01, 4.404884260091668224e-01
1.112363990968043559e-01, 3.430448444191457336e-01, 1.052134410936578501e-01, 4.405053153903921159e-01
1.107778796186998510e-01, 3.438494660402623415e-01, 1.048525953624964147e-01, 4.405200589785414067e-01
1.103213541262355601e-01, 3.446529884063606053e-01, 1.044929962207841595e-01, 4.405326612466197167e-01
1.098668242949025070e-01, 3.454554013448660754e-01, 1.041346476261151704e-01, 4.405431267341162194e-01
1.094142917065740045e-01, 3.462566947784058158e-01, 1.037775534687688100e-01, 4.405514600462513419e-01
1.089637578501077564e-01, 3.470568587247828685e-01, 1.034217175718878667e-01, 4.405576658532215362e-01
1.085152241219543984e-01, 3.478558832969391723e-01, 1.030671436916642952e-01, 4.405617488894422173e-01
1.080686918267729085e-01, 3.486537587029058249e-01, 1.027138355175322704e-01, 4.405637139527891488e-01
1.076241621780523877e-01, 3.494504752457411323e-01, 1.023617966723682909e-01, 4.405635659038381058e-01
1.071816362987408483e-01, 3.502460233234570564e-01, 1.020110307126990273e-01, 4.405613096651030958e-01
1.067411152218792347e-01, 3.510403934289326178e-01, 1.016615411289155252e-01, 4.405569502202725252e-01
1.063025998912425218e-01, 3.518335761498165293e-01, 1.013133313454949030e-01, 4.405504926134461430e-01
1.058660911619858092e-01, 3.526255621684173946e-01, 1.009664047212287946e-01, 4.405419419483680432e-01
1.054315898012969238e-01, 3.534163422615829164e-01, 1.006207645494585495e-01, 4.405313033876615547e-01
1.049990964890540890e-01, 3.542059073005668912e-01, 1.002764140583170260e-01, 4.405185821520620215e-01
1.045686118184891433e-01, 3.549942482508854358e-01, 9.993335641097710054e-02, 4.405037835196484175e-01
1.041401362968562977e-01, 3.557813561721613338e-01, 9.959159470590654706e-02, 4.404869128250757382e-01
1.037136703461055964e-01, 3.565672222179583351e-01, 9.925113197712942537e-02, 4.404679754588066709e-01
1.032892143035615273e-01, 3.573518376356027426e-01, 9.891197119449361697e-02, 4.404469768663421547e-01
1.028667684226064055e-01, 3.581351937659958962e-01, 9.857411526394443957e-02, 4.404239225474532171e-01
1.024463328733684064e-01, 3.589172820434151645e-01, 9.823756702780472860e-02, 4.403988180554117005e-01
1.020279077434139703e-01, 3.596980939953036693e-01, 9.790232926506030331e-02, 4.403716689962219877e-01
1.016114930384448140e-01, 3.604776212420507386e-01, 9.756840469165177498e-02, 4.403424810278526724e-01
1.011970886829986482e-01, 3.612558554967609803e-01, 9.723579596077190634e-02, 4.403112598594685068e-01
1.007846945211543499e-01, 3.620327885650139188e-01, 9.690450566316866077e-02, 4.402780112506630150e-01
1.003743103172408113e-01, 3.628084123446129738e-01, 9.657453632745367778e-02, 4.402427410106924954e-01
9.996593575654932895e-02, 3.635827188253247244e-01, 9.624589042041656328e-02, 4.402054549977094666e-01
9.955957044604994699e-02, 3.643557000886080699e-01, 9.591857034734400933e-02, 4.401661591179978350e-01
9.915521391511095128e-02, 3.651273483073343984e-01, 9.559257845234453432e-02, 4.401248593252100605e-01
9.875286561622159676e-02, 3.658976557454973189e-01, 9.526791701867824702e-02, 4.400815616196029345e-01
9.835252492571795735e-02, 3.666666147579132340e-01, 9.494458826909163429e-02, 4.400362720472770217e-01
9.795419114451210663e-02, 3.674342177899135864e-01, 9.462259436615730324e-02, 4.399889966994171009e-01
9.755786349882329678e-02, 3.682004573770256139e-01, 9.430193741261846951e-02, 4.399397417115325504e-01
9.716354114091299565e-02, 3.689653261446474986e-01, 9.398261945173828902e-02, 4.398885132627012862e-01
9.677122314982113116e-02, 3.697288168077108028e-01, 9.366464246765372759e-02, 4.398353175748141441e-01
9.638090853210591613e-02, 3.704909221703376887e-01, 9.334800838573403814e-02, 4.397801609118222044e-01
9.599259622258519975e-02, 3.712516351254868119e-01, 9.303271907294347054e-02, 4.397230495789844484e-01
9.560628508507983125e-02, 3.720109486545923883e-01, 9.271877633820851949e-02, 4.396639899221192471e-01
9.522197391315981307e-02, 3.727688558271941011e-01, 9.240618193278929415e-02, 4.396029883268566252e-01
9.483966143089145318e-02, 3.735253498005596806e-01, 9.209493755065496778e-02, 4.395400512178940788e-01
9.445934629358643253e-02, 3.742804238192978805e-01, 9.178504482886307159e-02, 4.394751850582526709e-01
9.408102708855278773e-02, 3.750340712149655142e-01, 9.147650534794332655e-02, 4.394083963485382882e-01
9.370470233584689279e-02, 3.757862854056652213e-01, 9.116932063228436189e-02, 4.393396916262036767e-01
9.333037048902674548e-02, 3.765370598956359061e-01, 9.086349215052492989e-02, 4.392690774648124741e-01
9.295802993590687735e-02, 3.772863882748362929e-01, 9.055902131594828486e-02, 4.391965604733085726e-01
9.258767899931374945e-02, 3.780342642185202662e-01, 9.025590948688030912e-02, 4.391221472952855920e-01
9.221931593784239711e-02, 3.787806814868057703e-01, 8.995415796709083089e-02, 4.390458446082610711e-01
9.185293894661365754e-02, 3.795256339242357724e-01, 8.965376800619843933e-02, 4.389676591229521030e-01
9.148854615803213297e-02, 3.802691154593331180e-01, 8.935474080007853315e-02, 4.388875975825563547e-01
9.112613564254470888e-02, 3.810111201041478379e-01, 8.905707749127417250e-02, 4.388056667620332529e-01
9.076570540939953025e-02, 3.817516419537987371e-01, 8.876077916941045587e-02, 4.387218734673913878e-01
9.040725340740501936e-02, 3.824906751860067122e-01, 8.846584687161135330e-02, 4.386362245349768596e-01
9.005077752568926841e-02, 3.832282140606240728e-01, 8.817228158291963436e-02, 4.385487268307670661e-01
8.969627559445951526e-02, 3.839642529191553133e-01, 8.788008423671953007e-02, 4.384593872496655997e-01
8.934374538576127234e-02, 3.846987861842732226e-01, 8.758925571516179565e-02, 4.383682127148038066e-01
8.899318461423749715e-02, 3.854318083593281097e-01, 8.729979684959159048e-02, 4.382752101768427888e-01
8.864459093788765176e-02, 3.861633140278518672e-01, 8.701170842097884217e-02, 4.381803866132815140e-01
8.829796195882574916e-02, 3.868932978530560396e-01, 8.672499116035062294e-02, 4.380837490277675328e-01
8.795329522403851075e-02, 3.876217545773238404e-01, 8.643964574922603783e-02, 4.379853044494116387e-01
8.761058822614244124e-02, 3.883486790216973406e-01, 8.615567282005347216e-02, 4.378850599321068571e-01
8.726983840414027915e-02, 3.890740660853589383e-01, 8.587307295664944884e-02, 4.377830225538513198e-01
8.693104314417694767e-02, 3.897979107451081116e-01, 8.559184669464003914e-02, 4.376791994160748600e-01
8.659419978029396503e-02, 3.905202080548323407e-01, 8.531199452190364740e-02, 4.375735976429700469e-01
8.625930559518325824e-02, 3.912409531449734801e-01, 8.503351687901600231e-02, 4.374662243808271622e-01
8.592635782093951957e-02, 3.919601412219899661e-01, 8.475641415969679959e-02, 4.373570867973737841e-01
8.559535363981154998e-02, 3.926777675678125301e-01, 8.448068671125782969e-02, 4.372461920811180902e-01
8.526629018495195111e-02, 3.933938275392979134e-01, 8.420633483505286787e-02, 4.371335474406973787e-01
8.493916454116576253e-02, 3.941083165676755873e-01, 8.393335878692889662e-02, 4.370191601042298091e-01
8.461397374565725327e-02, 3.948212301579921979e-01, 8.366175877767885460e-02, 4.369030373186716942e-01
8.429071478877506185e-02, 3.955325638885505146e-01, 8.339153497349563460e-02, 4.367851863491787334e-01
8.396938461475582371e-02, 3.962423134103449929e-01, 8.312268749642723331e-02, 4.366656144784720195e-01
8.364998012246567527e-02, 3.969504744464931179e-01, 8.285521642483310856e-02, 4.365443290062082093e-01
8.333249816614005101e-02, 3.976570427916631401e-01, 8.258912179384166052e-02, 4.364213372483551900e-01
8.301693555612156550e-02, 3.983620143114981471e-01, 8.232440359580871225e-02, 4.362966465365715196e-01
8.270328905959553611e-02, 3.990653849420364718e-01, 8.206106178077661462e-02, 4.361702642175914191e-01
8.239155540132347966e-02, 3.997671506891281590e-01, 8.179909625693466968e-02, 4.360421976526137611e-01
8.208173126437444400e-02, 4.004673076278493227e-01, 8.153850689107985938e-02, 4.359124542166964988e-01
8.177381329085364747e-02, 4.011658519019122293e-01, 8.127929350907836525e-02, 4.357810412981558135e-01
8.146779808262932798e-02, 4.018627797230726051e-01, 8.102145589632799016e-02, 4.356479662979700351e-01
8.116368220205640027e-02, 4.025580873705346674e-01, 8.076499379822059399e-02, 4.355132366291884494e-01
8.086146217269812864e-02, 4.032517711903513269e-01, 8.050990692060552845e-02, 4.353768597163450993e-01
8.056113448004467714e-02, 4.039438275948245560e-01, 8.025619493025272499e-02, 4.352388429948779724e-01
8.026269557222939777e-02, 4.046342530619007616e-01, 8.000385745531711501e-02, 4.350991939105526285e-01
7.996614186074174624e-02, 4.053230441345645474e-01, 7.975289408580221728e-02, 4.349579199188914891e-01
7.967146972113808845e-02, 4.060101974202299790e-01, 7.950330437402461370e-02, 4.348150284846074576e-01
7.937867549374887088e-02, 4.066957095901295727e-01, 7.925508783507818900e-02, 4.346705270810433119e-01
7.908775548438329306e-02, 4.073795773787016739e-01, 7.900824394729870359e-02, 4.345244231896163156e-01
7.879870596503070479e-02, 4.080617975829742838e-01, 7.876277215272768639e-02, 4.343767242992673250e-01
7.851152317455867280e-02, 4.087423670619486082e-01, 7.851867185757716028e-02, 4.342274379059155587e-01
7.822620331940835503e-02, 4.094212827359793860e-01, 7.827594243269336838e-02, 4.340765715119188073e-01
7.794274257428625285e-02, 4.100985415861550520e-01, 7.803458321402065301e-02, 4.339241326255381392e-01
7.766113708285275752e-02, 4.107741406536736806e-01, 7.779459350306508481e-02, 4.337701287604084355e-01
7.738138295840729652e-02, 4.114480770392205944e-01, 7.755597256735752287e-02, 4.336145674350145307e-01
7.710347628457028812e-02, 4.121203479023420879e-01, 7.731871964091630023e-02, 4.334574561721714070e-01
7.682741311596101574e-02, 4.127909504608184288e-01, 7.708283392470960393e-02, 4.332988024985109377e-01
7.655318947887278236e-02, 4.134598819900366373e-01, 7.684831458711716135e-02, 4.331386139439734606e-01
7.628080137194390153e-02, 4.141271398223603795e-01, 7.661516076439124634e-02, 4.329768980413044588e-01
7.601024476682523290e-02, 4.147927213465003038e-01, 7.638337156111729698e-02, 4.328136623255571802e-01
7.574151560884405388e-02, 4.154566240068826022e-01, 7.615294605067352007e-02, 4.326489143335998100e-01
7.547460981766414279e-02, 4.161188453030170709e-01, 7.592388327568995454e-02, 4.324826616036288041e-01
7.520952328794215658e-02, 4.167793827888642277e-01, 7.569618224850646615e-02, 4.323149116746871634e-01
7.494625188998003951e-02, 4.174382340722016527e-01, 7.546984195163021492e-02, 4.321456720861880929e-01
7.468479147037382360e-02, 4.180953968139902721e-01, 7.524486133819181799e-02, 4.319749503774439892e-01
7.442513785265830739e-02, 4.187508687277395336e-01, 7.502123933240080478e-02, 4.318027540872014236e-01
7.416728683794776567e-02, 4.194046475788720807e-01, 7.479897482999978142e-02, 4.316290907531802334e-01
7.391123420557291213e-02, 4.200567311840892604e-01, 7.457806669871787364e-02, 4.314539679116199955e-01
7.365697571371343511e-02, 4.207071174107346878e-01, 7.435851377872253198e-02, 4.312773930968293312e-01
7.340450710002688339e-02, 4.213558041761593653e-01, 7.414031488307074036e-02, 4.310993738407430942e-01
7.315382408227323607e-02, 4.220027894470849694e-01, 7.392346879815835103e-02, 4.309199176724833324e-01
7.290492235893539230e-02, 4.226480712389691363e-01, 7.370797428416890618e-02, 4.307390321179263570e-01
7.265779760983541447e-02, 4.232916476153693042e-01, 7.349383007552021119e-02, 4.305567246992750841e-01
7.241244549674663578e-02, 4.239335166873067218e-01, 7.328103488131038068e-02, 4.303730029346362618e-01
7.216886166400150737e-02, 4.245736766126322892e-01, 7.306958738576203871e-02, 4.301878743376041370e-01
7.192704173909533760e-02, 4.252121255953909551e-01, 7.285948624866515899e-02, 4.300013464168485067e-01
7.168698133328554878e-02, 4.258488618851872243e-01, 7.265073010581836466e-02, 4.298134266757087651e-01
7.144867604218660406e-02, 4.264838837765516089e-01, 7.244331756946874312e-02, 4.296241226117929468e-01
7.121212144636086816e-02, 4.271171896083069131e-01, 7.223724722875007886e-02, 4.294334417165820428e-01
7.097731311190481895e-02, 4.277487777629351839e-01, 7.203251765011943475e-02, 4.292413914750405346e-01
7.074424659103073498e-02, 4.283786466659462167e-01, 7.182912737779217904e-02, 4.290479793652308138e-01
7.051291742264473306e-02, 4.290067947852455044e-01, 7.162707493417513893e-02, 4.288532128579346514e-01
7.028332113291936578e-02, 4.296332206305042978e-01, 7.142635882029813033e-02, 4.286570994162781090e-01
7.005545323586259698e-02, 4.302579227525297201e-01, 7.122697751624396112e-02, 4.284596464953636663e-01
6.982930923388178113e-02, 4.308808997426363252e-01, 7.102892948157588093e-02, 4.282608615419060683e-01
6.960488461834332674e-02, 4.315021502320183222e-01, 7.083221315576422594e-02, 4.280607519938743333e-01
6.938217487012797446e-02, 4.321216728911231320e-01, 7.063682695861041305e-02, 4.278593252801385916e-01
6.916117546018148154e-02, 4.327394664290262205e-01, 7.044276929066933812e-02, 4.276565888201227517e-01
6.894188185006071279e-02, 4.333555295928074869e-01, 7.025003853366981743e-02, 4.274525500234619968e-01
6.872428949247519347e-02, 4.339698611669268735e-01, 7.005863305093305848e-02, 4.272472162896648884e-01
6.850839383182417974e-02, 4.345824599726049176e-01, 6.986855118778903528e-02, 4.270405950077819091e-01
6.829419030472906604e-02, 4.351933248672013033e-01, 6.967979127199105949e-02, 4.268326935560785573e-01
6.808167434056140721e-02, 4.358024547435969676e-01, 6.949235161412811723e-02, 4.266235193017135496e-01
6.787084136196605555e-02, 4.364098485295767049e-01, 6.930623050803526308e-02, 4.264130796004220181e-01
6.766168678538002357e-02, 4.370155051872141594e-01, 6.912142623120165474e-02, 4.262013817962042594e-01
6.745420602154639234e-02, 4.376194237122572051e-01, 6.893793704517675591e-02, 4.259884332210194802e-01
6.724839447602404263e-02, 4.382216031335167128e-01, 6.875576119597430480e-02, 4.257742411944848704e-01
6.704424754969227906e-02, 4.388220425122554280e-01, 6.857489691447406222e-02, 4.255588130235783972e-01
6.684176063925120759e-02, 4.394207409415792909e-01, 6.839534241682107552e-02, 4.253421560023483705e-01
6.664092913771750559e-02, 4.400176975458313655e-01, 6.821709590482342989e-02, 4.251242774116277268e-01
