7.593292456110962985e-02, 4.243643708863051311e-01, 4.285177368045934854e-01, 7.118496774799194793e-02
7.614992989397544043e-02, 4.243622485587297821e-01, 4.281076141640078880e-01, 7.138020738328686166e-02
7.636815453322660929e-02, 4.243585031176069222e-01, 4.276967380467460722e-01, 7.157660430242028526e-02
7.658759839241227607e-02, 4.243531305431113565e-01, 4.272851124951306812e-01, 7.177415856934581118e-02
7.680826136075430410e-02, 4.243461268425849364e-01, 4.268727415694447136e-01, 7.197287022721605976e-02
7.703014330289473244e-02, 4.243374880509612201e-01, 4.264596293479971933e-01, 7.217273929814679856e-02
7.725324405864440747e-02, 4.243272102311897997e-01, 4.260457799271840651e-01, 7.237376578298161667e-02
7.747756344273228069e-02, 4.243152894746620718e-01, 4.256311974215480909e-01, 7.257594966105768153e-02
7.770310124455642731e-02, 4.243017219016360086e-01, 4.252158859638350275e-01, 7.277929088997256435e-02
7.792985722793629999e-02, 4.242865036616639274e-01, 4.247998497050476940e-01, 7.298378940535213411e-02
7.815783113086594014e-02, 4.242696309340175387e-01, 4.243830928144970427e-01, 7.318944512061946461e-02
7.838702266526868800e-02, 4.242510999281161599e-01, 4.239656194798502309e-01, 7.339625792676485183e-02
7.861743151675362751e-02, 4.242309068839532071e-01, 4.235474339071761407e-01, 7.360422769211708016e-02
7.884905734437258618e-02, 4.242090480725236312e-01, 4.231285403209877893e-01, 7.381335426211596551e-02
7.908189978037946655e-02, 4.241855197962517976e-01, 4.227089429642829077e-01, 7.402363745908588366e-02
7.931595842999056289e-02, 4.241603183894193663e-01, 4.222886460985794121e-01, 7.423507708201070032e-02
7.955123287114661268e-02, 4.241334402185923946e-01, 4.218676540039506540e-01, 7.444767290631026935e-02
7.978772265427641619e-02, 4.241048816830499391e-01, 4.214459709790558395e-01, 7.466142468361776363e-02
8.002542730206170518e-02, 4.240746392152108801e-01, 4.210236013411686740e-01, 7.487633214155876848e-02
8.026434630920444013e-02, 4.240427092810619691e-01, 4.206005494262017308e-01, 7.509239498353170728e-02
8.050447914219496792e-02, 4.240090883805855970e-01, 4.201768195887296553e-01, 7.530961288848983526e-02
8.074582523908239995e-02, 4.239737730481857869e-01, 4.197524162020076499e-01, 7.552798551072423261e-02
8.098838400924673886e-02, 4.239367598531160186e-01, 4.193273436579879609e-01, 7.574751247964926770e-02
8.123215483317262897e-02, 4.238980453999056097e-01, 4.189016063673331458e-01, 7.596819339958857387e-02
8.147713706222506347e-02, 4.238576263287853196e-01, 4.184752087594262870e-01, 7.619002784956342700e-02
8.172333001842710387e-02, 4.238154993161128425e-01, 4.180481552823775426e-01, 7.641301538308228891e-02
8.197073299423937587e-02, 4.237716610747989110e-01, 4.176204504030292530e-01, 7.663715552793251562e-02
8.221934525234163293e-02, 4.237261083547299578e-01, 4.171920986069552750e-01, 7.686244778597318972e-02
8.246916602541624897e-02, 4.236788379431932205e-01, 4.167631043984603156e-01, 7.708889163293013158e-02
8.272019451593401462e-02, 4.236298466652995143e-01, 4.163334723005737148e-01, 7.731648651819277018e-02
8.297242989594171003e-02, 4.235791313844046724e-01, 4.159032068550412853e-01, 7.754523186461238782e-02
8.322587130685211998e-02, 4.235266890025314868e-01, 4.154723126223136553e-01, 7.777512706830273792e-02
8.348051785923597812e-02, 4.234725164607902048e-01, 4.150407941815313362e-01, 7.800617149844236986e-02
8.373636863261652019e-02, 4.234166107397977497e-01, 4.146086561305068474e-01, 7.823836449707886886e-02
8.399342267526571648e-02, 4.233589688600955525e-01, 4.141759030857036783e-01, 7.847170537893496944e-02
8.425167900400350185e-02, 4.232995878825677183e-01, 4.137425396822116408e-01, 7.870619343121711131e-02
8.451113660399883765e-02, 4.232384649088563600e-01, 4.133085705737192805e-01, 7.894182791342560512e-02
8.477179442857335490e-02, 4.231755970817762114e-01, 4.128740004324831236e-01, 7.917860805716718520e-02
8.503365139900756486e-02, 4.231109815857292955e-01, 4.124388339492935929e-01, 7.941653306596953288e-02
8.529670640434927620e-02, 4.230446156471150965e-01, 4.120030758334374266e-01, 7.965560211509804811e-02
8.556095830122478763e-02, 4.229764965347429517e-01, 4.115667308126573776e-01, 7.989581435137491083e-02
8.582640591365237048e-02, 4.229066215602396150e-01, 4.111298036331076933e-01, 8.013716889300021018e-02
8.609304803285872110e-02, 4.228349880784581516e-01, 4.106922990593075418e-01, 8.037966482937553003e-02
8.636088341709760585e-02, 4.227615934878824477e-01, 4.102542218740901636e-01, 8.062330122092982443e-02
8.662991079147157325e-02, 4.226864352310320538e-01, 4.098155768785489150e-01, 8.086807709894747176e-02
8.690012884775615010e-02, 4.226095107948644181e-01, 4.093763688919802579e-01, 8.111399146539910454e-02
8.717153624422688263e-02, 4.225308177111752883e-01, 4.089366027518233637e-01, 8.136104329277453473e-02
8.744413160548923647e-02, 4.224503535569966717e-01, 4.084962833135959981e-01, 8.160923152391821866e-02
8.771791352231107786e-02, 4.223681159549939612e-01, 4.080554154508276299e-01, 8.185855507186734492e-02
8.799288055145849941e-02, 4.222841025738602871e-01, 4.076140040549884880e-01, 8.210901281969257282e-02
8.826903121553401899e-02, 4.221983111287085366e-01, 4.071720540354164530e-01, 8.236060362034090809e-02
8.854636400281817865e-02, 4.221107393814613751e-01, 4.067295703192387868e-01, 8.261332629648157622e-02
8.882487736711387749e-02, 4.220213851412392136e-01, 4.062865578512923070e-01, 8.286717964035462958e-02
8.910456972759384087e-02, 4.219302462647454566e-01, 4.058430215940389552e-01, 8.312216241362178903e-02
8.938543946865119827e-02, 4.218373206566497502e-01, 4.053989665274786436e-01, 8.337827334722058836e-02
8.966748493975283674e-02, 4.217426062699681233e-01, 4.049543976490583286e-01, 8.363551114122064201e-02
8.995070445529676495e-02, 4.216461011064414066e-01, 4.045093199735783629e-01, 8.389387446468341003e-02
9.023509629447143410e-02, 4.215478032169102107e-01, 4.040637385330942966e-01, 8.415336195552426679e-02
9.052065870111926371e-02, 4.214477107016871837e-01, 4.036176583768160686e-01, 8.441397222037744230e-02
9.080738988360309571e-02, 4.213458217109280479e-01, 4.031710845710045898e-01, 8.467570383446437754e-02
9.109528801467579873e-02, 4.212421344449970850e-01, 4.027240221988627744e-01, 8.493855534146432795e-02
9.138435123135342508e-02, 4.211366471548325108e-01, 4.022764763604255167e-01, 8.520252525338861682e-02
9.167457763479160138e-02, 4.210293581423067977e-01, 4.018284521724444502e-01, 8.546761205045709520e-02
9.196596529016545785e-02, 4.209202657605848330e-01, 4.013799547682709856e-01, 8.573381418097852924e-02
9.225851222655281902e-02, 4.208093684144794122e-01, 4.009309892977344636e-01, 8.600113006123338844e-02
9.255221643682097488e-02, 4.206966645608019029e-01, 4.004815609270171994e-01, 8.626955807535982568e-02
9.284707587751694913e-02, 4.205821527087120759e-01, 4.000316748385276955e-01, 8.653909657524327947e-02
9.314308846876130643e-02, 4.204658314200619418e-01, 3.995813362307681360e-01, 8.680974388040858802e-02
9.344025209414554001e-02, 4.203476993097385872e-01, 3.991305503182002168e-01, 8.708149827791561437e-02
9.373856460063302587e-02, 4.202277550460015720e-01, 3.986793223311071444e-01, 8.735435802225822999e-02
9.403802379846366855e-02, 4.201059973508182166e-01, 3.982276575154517495e-01, 8.762832133526633760e-02
9.433862746106221053e-02, 4.199824250001946702e-01, 3.977755611327319918e-01, 8.790338640601107201e-02
9.464037332495016386e-02, 4.198570368245030937e-01, 3.973230384598329668e-01, 8.817955139071377568e-02
9.494325908966159966e-02, 4.197298317088056230e-01, 3.968700947888750274e-01, 8.845681441265783318e-02
9.524728241766274028e-02, 4.196008085931740017e-01, 3.964167354270591859e-01, 8.873517356210414153e-02
9.555244093427510410e-02, 4.194699664730058841e-01, 3.959629656965089617e-01, 8.901462689621003621e-02
9.585873222760266099e-02, 4.193373043993368077e-01, 3.955087909341091224e-01, 8.929517243895132572e-02
9.616615384846298464e-02, 4.192028214791480578e-01, 3.950542164913407595e-01, 8.957680818104821197e-02
9.647470331032188817e-02, 4.190665168756709247e-01, 3.945992477341127569e-01, 8.985953207989445801e-02
9.678437808923238961e-02, 4.189283898086860192e-01, 3.941438900425916492e-01, 9.014334205948994205e-02
9.709517562377738276e-02, 4.187884395548193694e-01, 3.936881488110260396e-01, 9.042823601037720815e-02
9.740709331501626322e-02, 4.186466654478334659e-01, 3.932320294475691869e-01, 9.071421178958107012e-02
9.772012852643577330e-02, 4.185030668789143093e-01, 3.927755373740977052e-01, 9.100126722055212891e-02
9.803427858390460770e-02, 4.183576432969539627e-01, 3.923186780260276008e-01, 9.128940009311380110e-02
9.834954077563211328e-02, 4.182103942088283843e-01, 3.918614568521263664e-01, 9.157860816341310828e-02
9.866591235213137412e-02, 4.180613191796710981e-01, 3.914038793143226891e-01, 9.186888915387482479e-02
9.898339052618583545e-02, 4.179104178331420893e-01, 3.909459508875122724e-01, 9.216024075315970565e-02
9.930197247282053497e-02, 4.177576898516923154e-01, 3.904876770593609936e-01, 9.245266061612625319e-02
9.962165532927735878e-02, 4.176031349768223322e-01, 3.900290633301041754e-01, 9.274614636379607813e-02
9.994243619499418307e-02, 4.174467530093382006e-01, 3.895701152123442479e-01, 9.304069558332331291e-02
1.002643121315886093e-01, 4.172885438096002875e-01, 3.891108382308434144e-01, 9.333630582796760555e-02
1.005872801628457103e-01, 4.171285072977686803e-01, 3.886512379223147073e-01, 9.363297461707087432e-02
1.009113372747099252e-01, 4.169666434540429956e-01, 3.881913198352089367e-01, 9.393069943603807315e-02
1.012364804152813408e-01, 4.168029523188974683e-01, 3.877310895294996396e-01, 9.422947773632170398e-02
1.015627064948162600e-01, 4.166374339933101023e-01, 3.872705525764635892e-01, 9.452930693540992357e-02
1.018900123857319762e-01, 4.164700886389883228e-01, 3.868097145584603602e-01, 9.483018441681935473e-02
1.022183949226157101e-01, 4.163009164785874683e-01, 3.863485810687063426e-01, 9.513210753009046505e-02
1.025478509022383494e-01, 4.161299177959252305e-01, 3.858871577110482010e-01, 9.543507359078823304e-02
1.028783770835718925e-01, 4.159570929361905423e-01, 3.854254500997316701e-01, 9.573907988050578410e-02
1.032099701878117365e-01, 4.157824423061471375e-01, 3.849634638591687419e-01, 9.604412364687243964e-02
1.035426268984032810e-01, 4.156059663743309485e-01, 3.845012046237005210e-01, 9.635020210356541603e-02
1.038763438610722928e-01, 4.154276656712428406e-01, 3.840386780373588604e-01, 9.665731243032596454e-02
1.042111176838609599e-01, 4.152475407895361847e-01, 3.835758897536238887e-01, 9.696545177297900830e-02
1.045469449371668053e-01, 4.150655923841967687e-01, 3.831128454351794832e-01, 9.727461724345687344e-02
1.048838221537872484e-01, 4.148818211727197669e-01, 3.826495507536656349e-01, 9.758480591982747476e-02
1.052217458289679414e-01, 4.146962279352787162e-01, 3.821860113894276489e-01, 9.789601484632573514e-02
1.055607124204558100e-01, 4.145088135148903841e-01, 3.817222330312639578e-01, 9.820824103338986200e-02
1.059007183485564663e-01, 4.143195788175724759e-01, 3.812582213761697703e-01, 9.852148145770123211e-02
1.062417599961961168e-01, 4.141285248124967899e-01, 3.807939821290790006e-01, 9.883573306222812049e-02
1.065838337089877463e-01, 4.139356525321349900e-01, 3.803295210026031992e-01, 9.915099275627409225e-02
1.069269357953021582e-01, 4.137409630724001031e-01, 3.798648437167678193e-01, 9.946725741553004430e-02
1.072710625263433304e-01, 4.135444575927803013e-01, 3.793999559987460968e-01, 9.978452388213021607e-02
1.076162101362278661e-01, 4.133461373164681318e-01, 3.789348635825911527e-01, 1.001027889647128910e-01
1.079623748220696483e-01, 4.131460035304826417e-01, 3.784695722089632675e-01, 1.004220494384843732e-01
1.083095527440684908e-01, 4.129440575857857287e-01, 3.780040876248580428e-01, 1.007423020452877377e-01
1.086577400256033415e-01, 4.127403008973922760e-01, 3.775384155833290678e-01, 1.010635434936753563e-01
1.090069327533302185e-01, 4.125347349444742906e-01, 3.770725618432098636e-01, 1.013857704589855441e-01
1.093571269772843912e-01, 4.123273612704584923e-01, 3.766065321688338297e-01, 1.017089795834233840e-01
1.097083187109871988e-01, 4.121181814831171852e-01, 3.761403323297498602e-01, 1.020331674761457280e-01
1.100605039315574463e-01, 4.119071972546543559e-01, 3.756739681004382936e-01, 1.023583307133500708e-01
1.104136785798270209e-01, 4.116944103217829998e-01, 3.752074452600223098e-01, 1.026844658383676556e-01
1.107678385604612958e-01, 4.114798224857986186e-01, 3.747407695919789949e-01, 1.030115693617609796e-01
1.111229797420840021e-01, 4.112634356126442237e-01, 3.742739468838469086e-01, 1.033396377614248934e-01
1.114790979574063062e-01, 4.110452516329695660e-01, 3.738069829269320965e-01, 1.036686674826921284e-01
1.118361890033607448e-01, 4.108252725421845386e-01, 3.733398835160119944e-01, 1.039986549384428333e-01
1.121942486412394191e-01, 4.106035004005049172e-01, 3.728726544490373329e-01, 1.043295965092184002e-01
1.125532725968367703e-01, 4.103799373329922173e-01, 3.724053015268319888e-01, 1.046614885433389402e-01
1.129132565605966976e-01, 4.101545855295868348e-01, 3.719378305527909490e-01, 1.049943273570254354e-01
1.132741961877643672e-01, 4.099274472451340801e-01, 3.714702473325760534e-01, 1.053281092345255132e-01
1.136360870985420463e-01, 4.096985247994042734e-01, 3.710025576738102404e-01, 1.056628304282433706e-01
1.139989248782498632e-01, 4.094678205771058455e-01, 3.705347673857699586e-01, 1.059984871588743049e-01
1.143627050774908560e-01, 4.092353370278913882e-01, 3.700668822790756374e-01, 1.063350756155422155e-01
1.147274232123200594e-01, 4.090010766663573771e-01, 3.695989081653801578e-01, 1.066725919559423641e-01
1.150930747644186708e-01, 4.087650420720373989e-01, 3.691308508570565472e-01, 1.070110323064874108e-01
1.154596551812718808e-01, 4.085272358893874411e-01, 3.686627161668829533e-01, 1.073503927624576693e-01
1.158271598763517818e-01, 4.082876608277659081e-01, 3.681945099077268968e-01, 1.076906693881555382e-01
1.161955842293039415e-01, 4.080463196614055876e-01, 3.677262378922267483e-01, 1.080318582170637365e-01
1.165649235861389854e-01, 4.078032152293796231e-01, 3.672579059324738160e-01, 1.083739552520076310e-01
1.169351732594280241e-01, 4.075583504355597131e-01, 3.667895198396906031e-01, 1.087169564653215903e-01
1.173063285285025348e-01, 4.073117282485689827e-01, 3.663210854239093428e-01, 1.090608577990193062e-01
1.176783846396586702e-01, 4.070633517017254732e-01, 3.658526084936481459e-01, 1.094056551649676134e-01
1.180513368063656893e-01, 4.068132238929818567e-01, 3.653840948555869828e-01, 1.097513444450654435e-01
1.184251802094785228e-01, 4.065613479848557144e-01, 3.649155503142407220e-01, 1.100979214914250270e-01
1.187999099974548500e-01, 4.063077272043537080e-01, 3.644469806716328919e-01, 1.104453821265584806e-01
1.191755212865764635e-01, 4.060523648428897570e-01, 3.639783917269665547e-01, 1.107937221435673775e-01
1.195520091611738805e-01, 4.057952642561945544e-01, 3.635097892762950145e-01, 1.111429373063366061e-01
1.199293686738567427e-01, 4.055364288642197002e-01, 3.630411791121917475e-01, 1.114930233497317263e-01
1.203075948457467265e-01, 4.052758621510340609e-01, 3.625725670234185016e-01, 1.118439759798006972e-01
1.206866826667155473e-01, 4.050135676647132477e-01, 3.621039587945923954e-01, 1.121957908739788096e-01
1.210666270956267249e-01, 4.047495490172226540e-01, 3.616353602058531291e-01, 1.125484636812974226e-01
1.214474230605813443e-01, 4.044838098842926666e-01, 3.611667770325286964e-01, 1.129019900225972928e-01
1.218290654591680372e-01, 4.042163540052881032e-01, 3.606982150447994862e-01, 1.132563654907444151e-01
1.222115491587167785e-01, 4.039471851830692684e-01, 3.602296800073634953e-01, 1.136115856508503885e-01
1.225948689965566246e-01, 4.036763072838479571e-01, 3.597611776790991533e-01, 1.139676460404962510e-01
1.229790197802776014e-01, 4.034037242370340226e-01, 3.592927138127285369e-01, 1.143245421699599224e-01
1.233639962879961444e-01, 4.031294400350778906e-01, 3.588242941544789177e-01, 1.146822695224470334e-01
1.237497932686248553e-01, 4.028534587333037487e-01, 3.583559244437453661e-01, 1.150408235543260577e-01
1.241364054421456170e-01, 4.025757844497370175e-01, 3.578876104127511892e-01, 1.154001996953660791e-01
1.245238274998868439e-01, 4.022964213649250498e-01, 3.574193577862093685e-01, 1.157603933489787656e-01
1.249120541048042154e-01, 4.020153737217501133e-01, 3.569511722809819987e-01, 1.161213998924636587e-01
1.253010798917655322e-01, 4.017326458252362675e-01, 3.564830596057415590e-01, 1.164832146772567661e-01
1.256908994678387625e-01, 4.014482420423489129e-01, 3.560150254606296860e-01, 1.168458330291827496e-01
1.260815074125840596e-01, 4.011621668017880671e-01, 3.555470755369172231e-01, 1.172092502487106086e-01
1.264728982783495104e-01, 4.008744245937740924e-01, 3.550792155166637709e-01, 1.175734616112125153e-01
1.268650665905699804e-01, 4.005850199698273162e-01, 3.546114510723766267e-01, 1.179384623672261462e-01
1.272580068480696769e-01, 4.002939575425400465e-01, 3.541437878666700567e-01, 1.183042477427201089e-01
1.276517135233688205e-01, 4.000012419853430368e-01, 3.536762315519250688e-01, 1.186708129393630323e-01
1.280461810629926478e-01, 3.997068780322638459e-01, 3.532087877699482403e-01, 1.190381531347953631e-01
1.284414038877846609e-01, 3.994108704776794250e-01, 3.527414621516312132e-01, 1.194062634829047287e-01
1.288373763932229854e-01, 3.991132241760622090e-01, 3.522742603166104103e-01, 1.197751391141044647e-01
1.292340929497398927e-01, 3.988139440417181603e-01, 3.518071878729270296e-01, 1.201447751356149590e-01
1.296315479030448747e-01, 3.985130350485200923e-01, 3.513402504166868168e-01, 1.205151666317483411e-01
1.300297355744507444e-01, 3.982105022296327790e-01, 3.508734535317206138e-01, 1.208863086641959461e-01
1.304286502612029275e-01, 3.979063506772324010e-01, 3.504068027892454085e-01, 1.212581962723192491e-01
1.308282862368120025e-01, 3.976005855422194424e-01, 3.499403037475254941e-01, 1.216308244734431998e-01
1.312286377513891544e-01, 3.972932120339243145e-01, 3.494739619515339069e-01, 1.220041882631525826e-01
1.316296990319847926e-01, 3.969842354198078183e-01, 3.490077829326155290e-01, 1.223782826155918602e-01
1.320314642829302498e-01, 3.966736610251537232e-01, 3.485417722081493586e-01, 1.227531024837666962e-01
1.324339276861820902e-01, 3.963614942327562951e-01, 3.480759352812122231e-01, 1.231286427998494054e-01
1.328370834016695812e-01, 3.960477404826003300e-01, 3.476102776402436034e-01, 1.235048984754864437e-01
1.332409255676450244e-01, 3.957324052715360807e-01, 3.471448047587101238e-01, 1.238818644021087018e-01
1.336454483010365846e-01, 3.954154941529466893e-01, 3.466795220947719858e-01, 1.242595354512447264e-01
1.340506456978041161e-01, 3.950970127364101803e-01, 3.462144350909494572e-01, 1.246379064748362325e-01
1.344565118332977371e-01, 3.947769666873551242e-01, 3.457495491737909155e-01, 1.250169723055562232e-01
1.348630407626185690e-01, 3.944553617267103074e-01, 3.452848697535414457e-01, 1.253967277571296224e-01
1.352702265209826116e-01, 3.941322036305479060e-01, 3.448204022238128275e-01, 1.257771676246566273e-01
1.356780631240869506e-01, 3.938074982297209425e-01, 3.443561519612540756e-01, 1.261582866849380313e-01
1.360865445684778796e-01, 3.934812514094948588e-01, 3.438921243252240356e-01, 1.265400796968031705e-01
1.364956648319224919e-01, 3.931534691091728706e-01, 3.434283246574645343e-01, 1.269225414014401587e-01
1.369054178737816596e-01, 3.928241573217154947e-01, 3.429647582817745288e-01, 1.273056665227282336e-01
1.373157976353860110e-01, 3.924933220933546352e-01, 3.425014305036866435e-01, 1.276894497675726547e-01
1.377267980404134062e-01, 3.921609695232015080e-01, 3.420383466101438730e-01, 1.280738858262412405e-01
1.381384129952692996e-01, 3.918271057628487930e-01, 3.415755118691783387e-01, 1.284589693727034576e-01
1.385506363894689341e-01, 3.914917370159676779e-01, 3.411129315295918785e-01, 1.288446950649715095e-01
1.389634620960213951e-01, 3.911548695378982421e-01, 3.406506108206371897e-01, 1.292310575454430344e-01
1.393768839718162456e-01, 3.908165096352362311e-01, 3.401885549517013607e-01, 1.296180514412462736e-01
1.397908958580111605e-01, 3.904766636654113943e-01, 3.397267691119906230e-01, 1.300056713645868778e-01
1.402054915804225865e-01, 3.901353380362639345e-01, 3.392652584702171015e-01, 1.303939119130964053e-01
1.406206649499174566e-01, 3.897925392056126870e-01, 3.388040281742868975e-01, 1.307827676701829867e-01
1.410364097628065694e-01, 3.894482736808194123e-01, 3.383430833509905034e-01, 1.311722332053834872e-01
1.414527198012406062e-01, 3.891025480183478158e-01, 3.378824291056942153e-01, 1.315623030747173350e-01
1.418695888336065636e-01, 3.887553688233167937e-01, 3.374220705220345451e-01, 1.319529718210420421e-01
1.422870106149267955e-01, 3.884067427490495716e-01, 3.369620126616134081e-01, 1.323442339744101970e-01
1.427049788872588321e-01, 3.880566764966166260e-01, 3.365022605636963648e-01, 1.327360840524281493e-01
1.431234873800972252e-01, 3.877051768143747745e-01, 3.360428192449119722e-01, 1.331285165606161391e-01
1.435425298107762815e-01, 3.873522504975003833e-01, 3.355836936989537445e-01, 1.335215259927696185e-01
1.439620998848747391e-01, 3.869979043875191316e-01, 3.351248888962841121e-01, 1.339151068313220172e-01
1.443821912966210541e-01, 3.866421453718290602e-01, 3.346664097838409346e-01, 1.343092535477089511e-01
1.448027977293004087e-01, 3.862849803832210105e-01, 3.342082612847451784e-01, 1.347039606027335690e-01
1.452239128556624403e-01, 3.859264163993929020e-01, 3.337504482980118148e-01, 1.350992224469327319e-01
1.456455303383306366e-01, 3.855664604424608455e-01, 3.332929756982633274e-01, 1.354950335209451628e-01
1.460676438302118685e-01, 3.852051195784643167e-01, 3.328358483354439956e-01, 1.358913882558797637e-01
1.464902469749079783e-01, 3.848424009168681104e-01, 3.323790710345386201e-01, 1.362882810736853745e-01
1.469133334071272279e-01, 3.844783116100597975e-01, 3.319226485952916916e-01, 1.366857063875213107e-01
1.473368967530972184e-01, 3.841128588528425758e-01, 3.314665857919310010e-01, 1.370836586021290937e-01
1.477609306309785320e-01, 3.837460498819246779e-01, 3.310108873728920820e-01, 1.374821321142047359e-01
1.481854286512784558e-01, 3.833778919754033954e-01, 3.305555580605463173e-01, 1.378811213127718038e-01
1.486103844172662058e-01, 3.830083924522471595e-01, 3.301006025509313768e-01, 1.382806205795552856e-01
1.490357915253882615e-01, 3.826375586717717381e-01, 3.296460255134838757e-01, 1.386806242893560415e-01
1.494616435656841991e-01, 3.822653980331139345e-01, 3.291918315907758075e-01, 1.390811268104261145e-01
1.498879341222029149e-01, 3.818919179747009007e-01, 3.287380253982520872e-01, 1.394821225048440416e-01
1.503146567734196526e-01, 3.815171259737163423e-01, 3.282846115239728135e-01, 1.398836057288911916e-01
1.507418050926526698e-01, 3.811410295455625041e-01, 3.278315945283565847e-01, 1.402855708334283802e-01
1.511693726484806821e-01, 3.807636362433191035e-01, 3.273789789439278120e-01, 1.406880121642724302e-01
1.515973530051605012e-01, 3.803849536571990431e-01, 3.269267692750666976e-01, 1.410909240625737582e-01
1.520257397230443119e-01, 3.800049894140003492e-01, 3.264749699977617103e-01, 1.414943008651937117e-01
1.524545263589973387e-01, 3.796237511765552242e-01, 3.260235855593653920e-01, 1.418981369050820729e-01
1.528837064668159273e-01, 3.792412466431757112e-01, 3.255726203783533279e-01, 1.423024265116549503e-01
1.533132735976443228e-01, 3.788574835470969182e-01, 3.251220788440859488e-01, 1.427071640111727824e-01
1.537432213003928072e-01, 3.784724696559161883e-01, 3.246719653165730524e-01, 1.431123437271179244e-01
1.541735431221544217e-01, 3.780862127710304388e-01, 3.242222841262424327e-01, 1.435179599805725681e-01
1.546042326086222440e-01, 3.776987207270706692e-01, 3.237730395737104527e-01, 1.439240070905966895e-01
1.550352833045059164e-01, 3.773100013913325279e-01, 3.233242359295562807e-01, 1.443304793746051917e-01
1.554666887539477571e-01, 3.769200626632062123e-01, 3.228758774341004556e-01, 1.447373711487455472e-01
1.558984425009385388e-01, 3.765289124736022064e-01, 3.224279682971843419e-01, 1.451446767282749128e-01
1.563305380897331287e-01, 3.761365587843752412e-01, 3.219805126979550791e-01, 1.455523904279366065e-01
1.567629690652646846e-01, 3.757430095877463128e-01, 3.215335147846524744e-01, 1.459605065623365283e-01
1.571957289735589347e-01, 3.753482729057217027e-01, 3.210869786743999477e-01, 1.463690194463194150e-01
1.576288113621475695e-01, 3.749523567895103326e-01, 3.206409084529984743e-01, 1.467779233953435680e-01
1.580622097804806891e-01, 3.745552693189388993e-01, 3.201953081747241359e-01, 1.471872127258563034e-01
1.584959177803385022e-01, 3.741570186018651212e-01, 3.197501818621284464e-01, 1.475968817556679025e-01
1.589299289162424411e-01, 3.737576127735890430e-01, 3.193055335058433974e-01, 1.480069248043250629e-01
1.593642367458648623e-01, 3.733570599962623970e-01, 3.188613670643887232e-01, 1.484173361934839896e-01
1.597988348304378026e-01, 3.729553684582969098e-01, 3.184176864639831073e-01, 1.488281102472821527e-01
1.602337167351612912e-01, 3.725525463737699439e-01, 3.179744955983593857e-01, 1.492392412927095457e-01
1.606688760296094698e-01, 3.721486019818293633e-01, 3.175317983285819712e-01, 1.496507236599791679e-01
1.611043062881364896e-01, 3.717435435460975102e-01, 3.170895984828697722e-01, 1.500625516828962003e-01
1.615400010902807992e-01, 3.713373793540721834e-01, 3.166478998564207781e-01, 1.504747196992262948e-01
1.619759540211675730e-01, 3.709301177165280627e-01, 3.162067062112414728e-01, 1.508872220510630024e-01
1.624121586719109445e-01, 3.705217669669159664e-01, 3.157660212759791918e-01, 1.513000530851938419e-01
1.628486086400139365e-01, 3.701123354607618321e-01, 3.153258487457589188e-01, 1.517132071534653959e-01
1.632852975297668097e-01, 3.697018315750635886e-01, 3.148861922820226367e-01, 1.521266786131470483e-01
1.637222189526447436e-01, 3.692902637076886929e-01, 3.144470555123731192e-01, 1.525404618272934720e-01
1.641593665277029379e-01, 3.688776402767696694e-01, 3.140084420304215529e-01, 1.529545511651058121e-01
1.645967338819707415e-01, 3.684639697200992048e-01, 3.135703553956382672e-01, 1.533689410022917310e-01
1.650343146508438663e-01, 3.680492604945252988e-01, 3.131327991332074068e-01, 1.537836257214233726e-01
1.654721024784746031e-01, 3.676335210753450267e-01, 3.126957767338856553e-01, 1.541985997122946872e-01
1.659100910181604549e-01, 3.672167599556985240e-01, 3.122592916538642349e-01, 1.546138573722767307e-01
1.663482739327312998e-01, 3.667989856459624165e-01, 3.118233473146350687e-01, 1.550293931066711872e-01
1.667866448949335556e-01, 3.663802066731430829e-01, 3.113879471028604407e-01, 1.554452013290629764e-01
1.672251975878133456e-01, 3.659604315802695296e-01, 3.109530943702465411e-01, 1.558612764616705004e-01
1.676639257050975274e-01, 3.655396689257868759e-01, 3.105187924334211202e-01, 1.562776129356943933e-01
1.681028229515720007e-01, 3.651179272829487843e-01, 3.100850445738142502e-01, 1.566942051916648537e-01
1.685418830434585180e-01, 3.646952152392115010e-01, 3.096518540375434170e-01, 1.571110476797865085e-01
1.689810997087890232e-01, 3.642715413956266191e-01, 3.092192240353024424e-01, 1.575281348602818043e-01
1.694204666877780485e-01, 3.638469143662351746e-01, 3.087871577422542368e-01, 1.579454612037325956e-01
1.698599777331921967e-01, 3.634213427774615202e-01, 3.083556582979268823e-01, 1.583630211914193175e-01
1.702996266107182910e-01, 3.629948352675085865e-01, 3.079247288061143228e-01, 1.587808093156588551e-01
1.707394070993277779e-01, 3.625674004857524224e-01, 3.074943723347804414e-01, 1.591988200801393860e-01
1.711793129916403533e-01, 3.621390470921385107e-01, 3.070645919159670223e-01, 1.596170480002542247e-01
1.716193380942836744e-01, 3.617097837565780849e-01, 3.066353905457054885e-01, 1.600354876034326135e-01
1.720594762282513512e-01, 3.612796191583462768e-01, 3.062067711839333572e-01, 1.604541334294690424e-01
1.724997212292580795e-01, 3.608485619854794324e-01, 3.057787367544127499e-01, 1.608729800308496827e-01
1.729400669480923858e-01, 3.604166209341756466e-01, 3.053512901446549521e-01, 1.612920219730770155e-01
1.733805072509662371e-01, 3.599838047081946324e-01, 3.049244342058469726e-01, 1.617112538349922413e-01
1.738210360198627902e-01, 3.595501220182594215e-01, 3.044981717527830423e-01, 1.621306702090948015e-01
1.742616471528805056e-01, 3.591155815814597863e-01, 3.040725055637996666e-01, 1.625502657018600139e-01
1.747023345645751236e-01, 3.586801921206559385e-01, 3.036474383807147848e-01, 1.629700349340542365e-01
1.751430921862983658e-01, 3.582439623638845605e-01, 3.032229729087700387e-01, 1.633899725410470627e-01
1.755839139665341941e-01, 3.578069010437662234e-01, 3.027991118165777040e-01, 1.638100731731218784e-01
1.760247938712317661e-01, 3.573690168969138048e-01, 3.023758577360714517e-01, 1.642303314957829219e-01
1.764657258841359211e-01, 3.569303186633434044e-01, 3.019532132624599408e-01, 1.646507421900607060e-01
1.769067040071139740e-01, 3.564908150858862590e-01, 3.015311809541859622e-01, 1.650712999528139158e-01
1.773477222604804282e-01, 3.560505149096029887e-01, 3.011097633328872480e-01, 1.654919994970295294e-01
1.777887746833176907e-01, 3.556094268811993420e-01, 3.006889628833634975e-01, 1.659128355521193310e-01
1.782298553337947067e-01, 3.551675597484451607e-01, 3.002687820535454022e-01, 1.663338028642148136e-01
1.786709582894810688e-01, 3.547249222595929008e-01, 2.998492232544679448e-01, 1.667548961964581689e-01
1.791120776476596566e-01, 3.542815231628009265e-01, 2.994302888602480284e-01, 1.671761103292913608e-01
1.795532075256346949e-01, 3.538373712055576936e-01, 2.990119812080654360e-01, 1.675974400607420645e-01
1.799943420610374267e-01, 3.533924751341083192e-01, 2.985943025981475651e-01, 1.680188802067066056e-01
1.804354754121278992e-01, 3.529468436928836494e-01, 2.981772552937580478e-01, 1.684404256012303758e-01
1.808766017580943353e-01, 3.525004856239317141e-01, 2.977608415211889792e-01, 1.688620710967849714e-01
1.813177152993478425e-01, 3.520534096663521795e-01, 2.973450634697574757e-01, 1.692838115645425301e-01
1.817588102578154008e-01, 3.516056245557323545e-01, 2.969299232918046760e-01, 1.697056418946476242e-01
1.821998808772280765e-01, 3.511571390235866397e-01, 2.965154231027001819e-01, 1.701275569964850742e-01
1.826409214234067102e-01, 3.507079617967989171e-01, 2.961015649808486083e-01, 1.705495517989456533e-01
1.830819261845437473e-01, 3.502581015970668843e-01, 2.956883509677009081e-01, 1.709716212506884325e-01
1.835228894714816261e-01, 3.498075671403494957e-01, 2.952757830677688045e-01, 1.713937603204001292e-01
1.839638056179878911e-01, 3.493563671363181800e-01, 2.948638632486427769e-01, 1.718159639970510133e-01
1.844046689810268924e-01, 3.489045102878099436e-01, 2.944525934410147094e-01, 1.722382272901483991e-01
1.848454739410272385e-01, 3.484520052902840281e-01, 2.940419755387025935e-01, 1.726605452299861676e-01
1.852862149021465565e-01, 3.479988608312816201e-01, 2.936320113986798930e-01, 1.730829128678919027e-01
1.857268862925323949e-01, 3.475450855898889468e-01, 2.932227028411084069e-01, 1.735053252764701681e-01
1.861674825645791287e-01, 3.470906882362035373e-01, 2.928140516493744627e-01, 1.739277775498429546e-01
1.866079981951818956e-01, 3.466356774308029798e-01, 2.924060595701281629e-01, 1.743502648038869340e-01
1.870484276859862571e-01, 3.461800618242187877e-01, 2.919987283133276823e-01, 1.747727821764672729e-01
1.874887655636346129e-01, 3.457238500564122075e-01, 2.915920595522852321e-01, 1.751953248276681141e-01
1.879290063800089783e-01, 3.452670507562534685e-01, 2.911860549237174633e-01, 1.756178879400201176e-01
1.883691447124695995e-01, 3.448096725410062513e-01, 2.907807160277996461e-01, 1.760404667187243921e-01
1.888091751640905147e-01, 3.443517240158136539e-01, 2.903760444282225128e-01, 1.764630563918733186e-01
1.892490923638907863e-01, 3.438932137731890992e-01, 2.899720416522526545e-01, 1.768856522106675155e-01
1.896888909670623458e-01, 3.434341503925105177e-01, 2.895687091907968025e-01, 1.773082494496304173e-01
1.901285656551937597e-01, 3.429745424395186371e-01, 2.891660484984690527e-01, 1.777308434068185228e-01
1.905681111364909419e-01, 3.425143984658189367e-01, 2.887640609936612535e-01, 1.781534294040288402e-01
1.910075221459931472e-01, 3.420537270083866543e-01, 2.883627480586173908e-01, 1.785760027870027800e-01
1.914467934457855791e-01, 3.415925365890774001e-01, 2.879621110395105821e-01, 1.789985589256263832e-01
1.918859198252085563e-01, 3.411308357141401570e-01, 2.875621512465235674e-01, 1.794210932141277470e-01
1.923248961010621816e-01, 3.406686328737351110e-01, 2.871628699539323648e-01, 1.798436010712703981e-01
1.927637171178076259e-01, 3.402059365414555336e-01, 2.867642684001934783e-01, 1.802660779405433067e-01
1.932023777477648585e-01, 3.397427551738533280e-01, 2.863663477880336594e-01, 1.806885192903481263e-01
1.936408728913052990e-01, 3.392790972099691826e-01, 2.859691092845433880e-01, 1.811109206141821582e-01
1.940791974770423034e-01, 3.388149710708667772e-01, 2.855725540212728508e-01, 1.815332774308180130e-01
1.945173464620165715e-01, 3.383503851591709854e-01, 2.851766830943322506e-01, 1.819555852844802479e-01
1.949553148318780016e-01, 3.378853478586107961e-01, 2.847814975644931690e-01, 1.823778397450180333e-01
1.953930976010640475e-01, 3.374198675335662867e-01, 2.843869984572950926e-01, 1.828000364080746842e-01
1.958306898129736906e-01, 3.369539525286199821e-01, 2.839931867631530493e-01, 1.832221708952532779e-01
1.962680865401377484e-01, 3.364876111681126547e-01, 2.836000634374701290e-01, 1.836442388542794957e-01
1.967052828843855461e-01, 3.360208517557035646e-01, 2.832076294007509487e-01, 1.840662359591598851e-01
1.971422739770072874e-01, 3.355536825739353080e-01, 2.828158855387195580e-01, 1.844881579103379021e-01
1.975790549789126771e-01, 3.350861118838026065e-01, 2.824248327024393990e-01, 1.849100004348452619e-01
1.980156210807859363e-01, 3.346181479243268142e-01, 2.820344717084366515e-01, 1.853317592864505425e-01
1.984519675032366814e-01, 3.341497989121333667e-01, 2.816448033388257999e-01, 1.857534302458042075e-01
1.988880894969468349e-01, 3.336810730410355030e-01, 2.812558283414383076e-01, 1.861750091205795210e-01
1.993239823428137880e-01, 3.332119784816213737e-01, 2.808675474299539565e-01, 1.865964917456108541e-01
1.997596413520901504e-01, 3.327425233808466998e-01, 2.804799612840353507e-01, 1.870178739830277714e-01
2.001950618665184201e-01, 3.322727158616312071e-01, 2.800930705494643069e-01, 1.874391517223859271e-01
2.006302392584632666e-01, 3.318025640224611661e-01, 2.797068758382810216e-01, 1.878603208807944625e-01
2.010651689310389012e-01, 3.313320759369946522e-01, 2.793213777289267341e-01, 1.882813774030396015e-01
2.014998463182327837e-01, 3.308612596536741335e-01, 2.789365767663878337e-01, 1.887023172617053324e-01
2.019342668850258871e-01, 3.303901231953413342e-01, 2.785524734623430199e-01, 1.891231364572898699e-01
2.023684261275088547e-01, 3.299186745588585934e-01, 2.781690682953131821e-01, 1.895438310183193420e-01
2.028023195729941608e-01, 3.294469217147348861e-01, 2.777863617108135008e-01, 1.899643970014575078e-01
2.032359427801246066e-01, 3.289748726067558415e-01, 2.774043541215074904e-01, 1.903848304916120615e-01
2.036692913389782367e-01, 3.285025351516195347e-01, 2.770230459073647067e-01, 1.908051276020376608e-01
2.041023608711688420e-01, 3.280299172385766071e-01, 2.766424374158193422e-01, 1.912252844744352920e-01
2.045351470299433816e-01, 3.275570267290759952e-01, 2.762625289619322078e-01, 1.916452972790483322e-01
2.049676455002750752e-01, 3.270838714564148764e-01, 2.758833208285548233e-01, 1.920651622147553361e-01
2.053998519989528593e-01, 3.266104592253937788e-01, 2.755048132664949523e-01, 1.924848755091584096e-01
2.058317622746673459e-01, 3.261367978119771860e-01, 2.751270064946857441e-01, 1.929044334186697796e-01
2.062633721080925631e-01, 3.256628949629583603e-01, 2.747499007003558757e-01, 1.933238322285933120e-01
2.066946773119642533e-01, 3.251887583956294403e-01, 2.743734960392023026e-01, 1.937430682532039206e-01
2.071256737311547025e-01, 3.247143957974572559e-01, 2.739977926355652849e-01, 1.941621378358226180e-01
2.075563572427431558e-01, 3.242398148257629731e-01, 2.736227905826051354e-01, 1.945810373488887912e-01
2.079867237560829862e-01, 3.237650231074071239e-01, 2.732484899424810765e-01, 1.949997631940286746e-01
2.084167692128656157e-01, 3.232900282384807977e-01, 2.728748907465325391e-01, 1.954183118021211030e-01
2.088464895871793570e-01, 3.228148377840001637e-01, 2.725019929954616282e-01, 1.958366796333587678e-01
2.092758808855665620e-01, 3.223394592776074319e-01, 2.721297966595182527e-01, 1.962548631773076702e-01
2.097049391470755253e-01, 3.218639002212759226e-01, 2.717583016786867534e-01, 1.966728589529618265e-01
2.101336604433093613e-01, 3.213881680850207423e-01, 2.713875079628743636e-01, 1.970906635087954772e-01
2.105620408784716069e-01, 3.209122703066145665e-01, 2.710174153921017792e-01, 1.975082734228119918e-01
2.109900765894075769e-01, 3.204362142913081413e-01, 2.706480238166952823e-01, 1.979256853025888607e-01
2.114177637456429726e-01, 3.199600074115561132e-01, 2.702793330574805863e-01, 1.983428957853204111e-01
2.118450985494177985e-01, 3.194836570067477455e-01, 2.699113429059782354e-01, 1.987599015378562206e-01
2.122720772357182539e-01, 3.190071703829431837e-01, 2.695440531246012794e-01, 1.991766992567372552e-01
2.126986960723037945e-01, 3.185305548126141084e-01, 2.691774634468537819e-01, 1.995932856682282597e-01
2.131249513597316125e-01, 3.180538175343899376e-01, 2.688115735775317705e-01, 2.000096575283468181e-01
2.135508394313768987e-01, 3.175769657528088596e-01, 2.684463831929245758e-01, 2.004258116228897213e-01
2.139763566534504113e-01, 3.171000066380745275e-01, 2.680818919410191126e-01, 2.008417447674559209e-01
2.144014994250124373e-01, 3.166229473258166949e-01, 2.677180994417043824e-01, 2.012574538074665964e-01
2.148262641779827287e-01, 3.161457949168579029e-01, 2.673550052869782534e-01, 2.016729356181811983e-01
2.152506473771480799e-01, 3.156685564769848851e-01, 2.669926090411550712e-01, 2.020881871047119360e-01
2.156746455201659085e-01, 3.151912390367250238e-01, 2.666309102410752141e-01, 2.025032052020338535e-01
2.160982551375646432e-01, 3.147138495911278033e-01, 2.662699083963153690e-01, 2.029179868749922677e-01
2.165214727927408378e-01, 3.142363950995510358e-01, 2.659096029894005286e-01, 2.033325291183075978e-01
2.169442950819532312e-01, 3.137588824854530833e-01, 2.655499934760169878e-01, 2.037468289565766422e-01
2.173667186343131164e-01, 3.132813186361886881e-01, 2.651910792852272269e-01, 2.041608834442710241e-01
2.177887401117719890e-01, 3.128037104028110749e-01, 2.648328598196844075e-01, 2.045746896657326119e-01
2.182103562091058657e-01, 3.123260645998778284e-01, 2.644753344558498642e-01, 2.049882447351663861e-01
2.186315636538959384e-01, 3.118483880052632662e-01, 2.641185025442109313e-01, 2.054015457966298364e-01
2.190523592065068137e-01, 3.113706873599743075e-01, 2.637623634094989900e-01, 2.058145900240197779e-01
2.194727396600616165e-01, 3.108929693679719497e-01, 2.634069163509104028e-01, 2.062273746210561698e-01
2.198927018404128741e-01, 3.104152406959975741e-01, 2.630521606423263936e-01, 2.066398968212631027e-01
2.203122426061122630e-01, 3.099375079734047467e-01, 2.626980955325357026e-01, 2.070521538879473156e-01
2.207313588483754696e-01, 3.094597777919945725e-01, 2.623447202454569083e-01, 2.074641431141728831e-01
2.211500474910453040e-01, 3.089820567058573775e-01, 2.619920339803624154e-01, 2.078758618227347643e-01
2.215683054905511484e-01, 3.085043512312184988e-01, 2.616400359121027752e-01, 2.082873073661276608e-01
2.219861298358659363e-01, 3.080266678462884045e-01, 2.612887251913318387e-01, 2.086984771265138205e-01
2.224035175484597726e-01, 3.075490129911191972e-01, 2.609381009447336863e-01, 2.091093685156873716e-01
2.228204656822511398e-01, 3.070713930674646708e-01, 2.605881622752485027e-01, 2.095199789750356589e-01
2.232369713235548558e-01, 3.065938144386450293e-01, 2.602389082623011718e-01, 2.099303059754988598e-01
2.236530315910273681e-01, 3.061162834294176016e-01, 2.598903379620289833e-01, 2.103403470175261025e-01
2.240686436356093270e-01, 3.056388063258507759e-01, 2.595424504075106165e-01, 2.107500996310293639e-01
2.244838046404653009e-01, 3.051613893752038176e-01, 2.591952446089959006e-01, 2.111595613753348699e-01
2.248985118209207157e-01, 3.046840387858110732e-01, 2.588487195541362418e-01, 2.115687298391319138e-01
2.253127624243963512e-01, 3.042067607269703378e-01, 2.585028742082146058e-01, 2.119776026404187608e-01
2.257265537303395075e-01, 3.037295613288364948e-01, 2.581577075143774436e-01, 2.123861774264466096e-01
2.261398830501537283e-01, 3.032524466823194875e-01, 2.578132183938658395e-01, 2.127944518736608892e-01
2.265527477271245538e-01, 3.027754228389872293e-01, 2.574694057462482699e-01, 2.132024236876400858e-01
2.269651451363434713e-01, 3.022984958109721787e-01, 2.571262684496525286e-01, 2.136100906030318214e-01
2.273770726846295331e-01, 3.018216715708837983e-01, 2.567838053609992066e-01, 2.140174503834875730e-01
2.277885278104475608e-01, 3.013449560517242887e-01, 2.564420153162346727e-01, 2.144245008215935611e-01
2.281995079838247398e-01, 3.008683551468096518e-01, 2.561008971305649418e-01, 2.148312397388006667e-01
2.286100107062644105e-01, 3.003918747096948616e-01, 2.557604495986894322e-01, 2.152376649853513790e-01
2.290200335106573337e-01, 2.999155205541033653e-01, 2.554206714950349455e-01, 2.156437744402043832e-01
2.294295739611908469e-01, 2.994392984538611358e-01, 2.550815615739907005e-01, 2.160495660109573168e-01
2.298386296532553552e-01, 2.989632141428354428e-01, 2.547431185701420908e-01, 2.164550376337670001e-01
2.302471982133488249e-01, 2.984872733148772328e-01, 2.544053411985062740e-01, 2.168601872732675850e-01
2.306552772989785838e-01, 2.980114816237683373e-01, 2.540682281547663735e-01, 2.172650129224867332e-01
2.310628645985613461e-01, 2.975358446831727899e-01, 2.537317781155067342e-01, 2.176695126027591576e-01
2.314699578313206274e-01, 2.970603680665927504e-01, 2.533959897384481241e-01, 2.180736843636385258e-01
2.318765547471821897e-01, 2.965850573073278151e-01, 2.530608616626826568e-01, 2.184775262828073661e-01
2.322826531266670436e-01, 2.961099178984393787e-01, 2.527263925089091035e-01, 2.188810364659844465e-01
2.326882507807827294e-01, 2.956349552927191038e-01, 2.523925808796677051e-01, 2.192842130468306006e-01
2.330933455509122121e-01, 2.951601749026602772e-01, 2.520594253595753176e-01, 2.196870541868521098e-01
2.334979353087008880e-01, 2.946855821004351617e-01, 2.517269245155607793e-01, 2.200895580753030045e-01
2.339020179559413160e-01, 2.942111822178750669e-01, 2.513950768970993899e-01, 2.204917229290841996e-01
2.343055914244559224e-01, 2.937369805464545847e-01, 2.510638810364476115e-01, 2.208935469926417428e-01
2.347086536759785680e-01, 2.932629823372803757e-01, 2.507333354488782140e-01, 2.212950285378628423e-01
2.351112027020327844e-01, 2.927891928010833422e-01, 2.504034386329140327e-01, 2.216961658639698407e-01
2.355132365238093717e-01, 2.923156171082151311e-01, 2.500741890705626691e-01, 2.220969572974129114e-01
2.359147531920412211e-01, 2.918422603886479116e-01, 2.497455852275502763e-01, 2.224974011917604799e-01
2.363157507868773044e-01, 2.913691277319792605e-01, 2.494176255535553721e-01, 2.228974959275881462e-01
2.367162274177535553e-01, 2.908962241874387677e-01, 2.490903084824420410e-01, 2.232972399123655527e-01
2.371161812232631116e-01, 2.904235547639008597e-01, 2.487636324324933867e-01, 2.236966315803425309e-01
2.375156103710243660e-01, 2.899511244298992874e-01, 2.484375958066442625e-01, 2.240956693924321397e-01
2.379145130575470168e-01, 2.894789381136467221e-01, 2.481121969927131410e-01, 2.244943518360931756e-01
2.383128875080973430e-01, 2.890070007030569044e-01, 2.477874343636349008e-01, 2.248926774252108240e-01
2.387107319765607305e-01, 2.885353170457717331e-01, 2.474633062776921966e-01, 2.252906446999753121e-01
2.391080447453034219e-01, 2.880638919491904093e-01, 2.471398110787463298e-01, 2.256882522267598390e-01
2.395048241250323784e-01, 2.875927301805035197e-01, 2.468169470964681755e-01, 2.260854985979958709e-01
2.399010684546535044e-01, 2.871218364667295075e-01, 2.464947126465686089e-01, 2.264823824320482959e-01
2.402967761011287340e-01, 2.866512154947555846e-01, 2.461731060310279884e-01, 2.268789023730877485e-01
2.406919454593307306e-01, 2.861808719113813071e-01, 2.458521255383253334e-01, 2.272750570909626011e-01
2.410865749518979473e-01, 2.857108103233661489e-01, 2.455317694436669751e-01, 2.276708452810688732e-01
2.414806630290859124e-01, 2.852410352974796837e-01, 2.452120360092149565e-01, 2.280662656642193364e-01
2.418742081686192369e-01, 2.847715513605562632e-01, 2.448929234843140457e-01, 2.284613169865105098e-01
2.422672088755406239e-01, 2.843023629995515278e-01, 2.445744301057188319e-01, 2.288559980191889331e-01
2.426596636820602115e-01, 2.838334746616033577e-01, 2.442565540978199612e-01, 2.292503075585164418e-01
2.430515711474017515e-01, 2.833648907540956552e-01, 2.439392936728695116e-01, 2.296442444256329984e-01
2.434429298576492595e-01, 2.828966156447247360e-01, 2.436226470312062020e-01, 2.300378074664197470e-01
2.438337384255913620e-01, 2.824286536615698839e-01, 2.433066123614792686e-01, 2.304309955513595964e-01
2.442239954905647270e-01, 2.819610090931657376e-01, 2.429911878408718973e-01, 2.308238075753975549e-01
2.446136997182965789e-01, 2.814936861885794506e-01, 2.426763716353243783e-01, 2.312162424577995645e-01
2.450028498007456590e-01, 2.810266891574888515e-01, 2.423621618997555127e-01, 2.316082991420100601e-01
2.453914444559424091e-01, 2.805600221702649333e-01, 2.420485567782842129e-01, 2.319999765955084170e-01
2.457794824278280166e-01, 2.800936893580571185e-01, 2.417355544044497428e-01, 2.323912738096650943e-01
2.461669624860924332e-01, 2.796276948128806894e-01, 2.414231529014312927e-01, 2.327821897995956124e-01
2.465538834260109502e-01, 2.791620425877081590e-01, 2.411113503822667203e-01, 2.331727236040141704e-01
2.469402440682806343e-01, 2.786967366965621973e-01, 2.408001449500706548e-01, 2.335628742850864026e-01
2.473260432588551272e-01, 2.782317811146128306e-01, 2.404895346982511561e-01, 2.339526409282809416e-01
2.477112798687785833e-01, 2.777671797782755303e-01, 2.401795177107262091e-01, 2.343420226422196218e-01
2.480959527940191922e-01, 2.773029365853140749e-01, 2.398700920621389954e-01, 2.347310185585277931e-01
2.484800609553012296e-01, 2.768390553949440225e-01, 2.395612558180718332e-01, 2.351196278316829147e-01
2.488636032979366364e-01, 2.763755400279404584e-01, 2.392530070352602012e-01, 2.355078496388627041e-01
2.492465787916559039e-01, 2.759123942667474627e-01, 2.389453437618047071e-01, 2.358956831797920373e-01
2.496289864304375161e-01, 2.754496218555898546e-01, 2.386382640373827524e-01, 2.362831276765897659e-01
2.500108252323375302e-01, 2.749872265005888217e-01, 2.383317658934594463e-01, 2.366701823736142851e-01
2.503920942393177973e-01, 2.745252118698777721e-01, 2.380258473534965225e-01, 2.370568465373079081e-01
2.507727925170738503e-01, 2.740635815937230713e-01, 2.377205064331612272e-01, 2.374431194560418235e-01
2.511529191548618756e-01, 2.736023392646451668e-01, 2.374157411405339591e-01, 2.378290004399590263e-01
2.515324732653249074e-01, 2.731414884375433227e-01, 2.371115494763146037e-01, 2.382144888208172773e-01
2.519114539843192446e-01, 2.726810326298217402e-01, 2.368079294340278140e-01, 2.385995839518312012e-01
2.522898604707390358e-01, 2.722209753215188988e-01, 2.365048790002280132e-01, 2.389842852075140245e-01
2.526676919063413629e-01, 2.717613199554382297e-01, 2.362023961547019546e-01, 2.393685919835183418e-01
2.530449474955703271e-01, 2.713020699372815647e-01, 2.359004788706716982e-01, 2.397525036964765210e-01
2.534216264653803008e-01, 2.708432286357841390e-01, 2.355991251149951726e-01, 2.401360197838404154e-01
2.537977280650597356e-01, 2.703847993828526475e-01, 2.352983328483666536e-01, 2.405191397037210188e-01
2.541732515660533598e-01, 2.699267854737044114e-01, 2.349981000255154107e-01, 2.409018629347268181e-01
2.545481962617848204e-01, 2.694691901670090428e-01, 2.346984245954037429e-01, 2.412841889758024494e-01
2.549225614674779372e-01, 2.690120166850320516e-01, 2.343993045014235721e-01, 2.416661173460664391e-01
2.552963465199790116e-01, 2.685552682137803959e-01, 2.341007376815919805e-01, 2.420476475846486675e-01
2.556695507775774145e-01, 2.680989479031497535e-01, 2.338027220687454721e-01, 2.424287792505273043e-01
2.560421736198266185e-01, 2.676430588670744015e-01, 2.335052555907333183e-01, 2.428095119223656617e-01
2.564142144473645080e-01, 2.671876041836775406e-01, 2.332083361706096258e-01, 2.431898451983483533e-01
2.567856726817339674e-01, 2.667325868954250057e-01, 2.329119617268239073e-01, 2.435697786960170641e-01
2.571565477652025811e-01, 2.662780100092796420e-01, 2.326161301734111231e-01, 2.439493120521065983e-01
2.575268391605823881e-01, 2.658238764968579027e-01, 2.323208394201798088e-01, 2.443284449223798449e-01
2.578965463510496381e-01, 2.653701892945879992e-01, 2.320260873728994255e-01, 2.447071769814630482e-01
2.582656688399637690e-01, 2.649169513038696078e-01, 2.317318719334861554e-01, 2.450855079226804678e-01
2.586342061506871626e-01, 2.644641653912355728e-01, 2.314381910001882259e-01, 2.454634374578889833e-01
2.590021578264036783e-01, 2.640118343885148322e-01, 2.311450424677689575e-01, 2.458409653173125875e-01
2.593695234299377428e-01, 2.635599610929967307e-01, 2.308524242276890903e-01, 2.462180912493762974e-01
2.597363025435734940e-01, 2.631085482675976639e-01, 2.305603341682883889e-01, 2.465948150205405087e-01
2.601024947688731492e-01, 2.626575986410278896e-01, 2.302687701749643323e-01, 2.469711364151344346e-01
2.604680997264960940e-01, 2.622071149079613916e-01, 2.299777301303522759e-01, 2.473470552351901830e-01
2.608331170560171941e-01, 2.617570997292057444e-01, 2.296872119145010049e-01, 2.477225713002761120e-01
2.611975464157457183e-01, 2.613075557318739195e-01, 2.293972134050498157e-01, 2.480976844473304077e-01
2.615613874825442609e-01, 2.608584855095577026e-01, 2.291077324774031809e-01, 2.484723945304948556e-01
2.619246399516469981e-01, 2.604098916225017768e-01, 2.288187670049036671e-01, 2.488467014209474748e-01
2.622873035364788885e-01, 2.599617765977798589e-01, 2.285303148590043520e-01, 2.492206050067368728e-01
2.626493779684742624e-01, 2.595141429294711144e-01, 2.282423739094398274e-01, 2.495941051926147125e-01
2.630108629968962441e-01, 2.590669930788386255e-01, 2.279549420243956737e-01, 2.499672018998695122e-01
2.633717583886550639e-01, 2.586203294745086922e-01, 2.276680170706763262e-01, 2.503398950661599454e-01
2.637320639281280354e-01, 2.581741545126509663e-01, 2.273815969138726634e-01, 2.507121846453482794e-01
2.640917794169786448e-01, 2.577284705571603607e-01, 2.270956794185272354e-01, 2.510840706073337314e-01
2.644509046739759173e-01, 2.572832799398395154e-01, 2.268102624482984386e-01, 2.514555529378861842e-01
2.648094395348144503e-01, 2.568385849605821503e-01, 2.265253438661239127e-01, 2.518266316384795145e-01
2.651673838519341686e-01, 2.563943878875581395e-01, 2.262409215343819946e-01, 2.521973067261257251e-01
2.655247374943405236e-01, 2.559506909573987521e-01, 2.259569933150520904e-01, 2.525675782332085784e-01
2.658815003474251371e-01, 2.555074963753836692e-01, 2.256735570698736038e-01, 2.529374462073176733e-01
2.662376723127859446e-01, 2.550648063156276679e-01, 2.253906106605038651e-01, 2.533069107110825224e-01
2.665932533080487832e-01, 2.546226229212696923e-01, 2.251081519486743121e-01, 2.536759718220071846e-01
2.669482432666882010e-01, 2.541809483046616469e-01, 2.248261787963456715e-01, 2.540446296323043973e-01
2.673026421378493778e-01, 2.537397845475584113e-01, 2.245446890658613914e-01, 2.544128842487307085e-01
2.676564498861697672e-01, 2.532991337013087429e-01, 2.242636806201002697e-01, 2.547807357924211646e-01
2.680096664916014060e-01, 2.528589977870467354e-01, 2.239831513226273885e-01, 2.551481843987245535e-01
2.683622919492335557e-01, 2.524193787958836088e-01, 2.237030990378437723e-01, 2.555152302170390355e-01
2.687143262691157886e-01, 2.519802786891017221e-01, 2.234235216311346306e-01, 2.558818734106478310e-01
2.690657694760812402e-01, 2.515416993983469185e-01, 2.231444169690167678e-01, 2.562481141565550180e-01
2.694166216095704725e-01, 2.511036428258238140e-01, 2.228657829192838002e-01, 2.566139526453219966e-01
2.697668827234557254e-01, 2.506661108444898090e-01, 2.225876173511504574e-01, 2.569793890809040082e-01
2.701165528858655018e-01, 2.502291052982510977e-01, 2.223099181353961895e-01, 2.573444236804872665e-01
2.704656321790096518e-01, 2.497926280021583179e-01, 2.220326831445060267e-01, 2.577090566743260314e-01
2.708141206990052341e-01, 2.493566807426031151e-01, 2.217559102528113002e-01, 2.580732883055802951e-01
2.711620185557023222e-01, 2.489212652775152357e-01, 2.214795973366287529e-01, 2.584371188301536892e-01
2.715093258725105319e-01, 2.484863833365597297e-01, 2.212037422743977078e-01, 2.588005485165320030e-01
2.718560427862263817e-01, 2.480520366213351535e-01, 2.209283429468167359e-01, 2.591635776456218676e-01
2.722021694468604869e-01, 2.476182268055714675e-01, 2.206533972369783825e-01, 2.595262065105897187e-01
2.725477060174662514e-01, 2.471849555353292094e-01, 2.203789030305028374e-01, 2.598884354167018129e-01
2.728926526739678948e-01, 2.467522244291980860e-01, 2.201048582156704958e-01, 2.602502646811634679e-01
2.732370096049903108e-01, 2.463200350784966186e-01, 2.198312606835524374e-01, 2.606116946329605777e-01
2.735807770116884252e-01, 2.458883890474719280e-01, 2.195581083281402113e-01, 2.609727256126994632e-01
2.739239551075779433e-01, 2.454572878734992414e-01, 2.192853990464743719e-01, 2.613333579724484990e-01
2.742665441183659292e-01, 2.450267330672825650e-01, 2.190131307387711002e-01, 2.616935920755803502e-01
2.746085442817830513e-01, 2.445967261130549963e-01, 2.187413013085480196e-01, 2.620534282966139328e-01
2.749499558474152727e-01, 2.441672684687793415e-01, 2.184699086627484854e-01, 2.624128670210569281e-01
2.752907790765367069e-01, 2.437383615663491210e-01, 2.181989507118645699e-01, 2.627719086452495745e-01
2.756310142419437503e-01, 2.433100068117893533e-01, 2.179284253700586871e-01, 2.631305535762082926e-01
2.759706616277884383e-01, 2.428822055854577833e-01, 2.176583305552839687e-01, 2.634888022314698097e-01
2.763097215294138542e-01, 2.424549592422464150e-01, 2.173886641894033911e-01, 2.638466550389363396e-01
2.766481942531892613e-01, 2.420282691117824347e-01, 2.171194241983075424e-01, 2.642041124367207061e-01
2.769860801163466224e-01, 2.416021364986299658e-01, 2.168506085120308347e-01, 2.645611748729925772e-01
2.773233794468171753e-01, 2.411765626824912689e-01, 2.165822150648668842e-01, 2.649178428058245882e-01
2.776600925830691735e-01, 2.407515489184085256e-01, 2.163142417954822538e-01, 2.652741167030399638e-01
2.779962198739461821e-01, 2.403270964369650098e-01, 2.160466866470290570e-01, 2.656299970420598067e-01
2.783317616785059290e-01, 2.399032064444868440e-01, 2.157795475672559526e-01, 2.659854843097513855e-01
2.786667183658603220e-01, 2.394798801232442542e-01, 2.155128225086185567e-01, 2.663405790022769226e-01
2.790010903150156318e-01, 2.390571186316531316e-01, 2.152465094283877722e-01, 2.666952816249435476e-01
2.793348779147139527e-01, 2.386349231044758434e-01, 2.149806062887572866e-01, 2.670495926920529173e-01
2.796680815632751060e-01, 2.382132946530231832e-01, 2.147151110569497923e-01, 2.674035127267518352e-01
2.800007016684394889e-01, 2.377922343653546267e-01, 2.144500217053219027e-01, 2.677570422608839817e-01
2.803327386472113103e-01, 2.373717433064797822e-01, 2.141853362114672921e-01, 2.681101818348414767e-01
2.806641929257031598e-01, 2.369518225185590909e-01, 2.139210525583198075e-01, 2.684629319974179973e-01
2.809950649389809652e-01, 2.365324730211039173e-01, 2.136571687342538883e-01, 2.688152933056613403e-01
2.813253551309098932e-01, 2.361136958111776929e-01, 2.133936827331846253e-01, 2.691672663247278163e-01
2.816550639540011947e-01, 2.356954918635953689e-01, 2.131305925546664592e-01, 2.695188516277368662e-01
2.819841918692593818e-01, 2.352778621311237828e-01, 2.128678962039904643e-01, 2.698700497956263433e-01
2.823127393460308499e-01, 2.348608075446811105e-01, 2.126055916922803546e-01, 2.702208614170077405e-01
2.826407068618524976e-01, 2.344443290135361790e-01, 2.123436770365875470e-01, 2.705712870880237486e-01
2.829680949023024028e-01, 2.340284274255078900e-01, 2.120821502599846142e-01, 2.709213274122051485e-01
2.832949039608499975e-01, 2.336131036471635336e-01, 2.118210093916578773e-01, 2.712709830003287026e-01
2.836211345387078531e-01, 2.331983585240175738e-01, 2.115602524669985551e-01, 2.716202544702760457e-01
2.839467871446841873e-01, 2.327841928807298233e-01, 2.112998775276930530e-01, 2.719691424468930196e-01
2.842718622950362040e-01, 2.323706075213030076e-01, 2.110398826218111423e-01, 2.723176475618497849e-01
2.845963605133242091e-01, 2.319576032292799683e-01, 2.107802658038942789e-01, 2.726657704535016546e-01
2.849202823302663390e-01, 2.315451807679412277e-01, 2.105210251350416173e-01, 2.730135117667507050e-01
2.852436282835952297e-01, 2.311333408805011369e-01, 2.102621586829956646e-01, 2.733608721529081076e-01
2.855663989179137441e-01, 2.307220842903039970e-01, 2.100036645222254916e-01, 2.737078522695567950e-01
2.858885947845532516e-01, 2.303114117010200412e-01, 2.097455407340108324e-01, 2.740544527804159025e-01
2.862102164414321859e-01, 2.299013237968407231e-01, 2.094877854065226308e-01, 2.744006743552043770e-01
2.865312644529147690e-01, 2.294918212426733384e-01, 2.092303966349046973e-01, 2.747465176695071953e-01
2.868517393896721779e-01, 2.290829046843353145e-01, 2.089733725213521465e-01, 2.750919834046403611e-01
2.871716418285428785e-01, 2.286745747487483049e-01, 2.087167111751903059e-01, 2.754370722475184552e-01
2.874909723523951799e-01, 2.282668320441315069e-01, 2.084604107129516548e-01, 2.757817848905215752e-01
2.878097315499899556e-01, 2.278596771601940907e-01, 2.082044692584519019e-01, 2.761261220313640519e-01
2.881279200158445297e-01, 2.274531106683279624e-01, 2.079488849428645370e-01, 2.764700843729629987e-01
2.884455383500973413e-01, 2.270471331217991939e-01, 2.076936559047949660e-01, 2.768136726233083600e-01
2.887625871583739401e-01, 2.266417450559393698e-01, 2.074387802903530920e-01, 2.771568874953336259e-01
2.890790670516529826e-01, 2.262369469883359352e-01, 2.071842562532245358e-01, 2.774997297067865465e-01
2.893949786461338936e-01, 2.258327394190226267e-01, 2.069300819547413850e-01, 2.778421999801021225e-01
2.897103225631056378e-01, 2.254291228306684602e-01, 2.066762555639513887e-01, 2.781842990422746520e-01
2.900250994288153805e-01, 2.250260976887666908e-01, 2.064227752576861807e-01, 2.785260276247317757e-01
2.903393098743392020e-01, 2.246236644418232453e-01, 2.061696392206285866e-01, 2.788673864632088550e-01
2.906529545354531452e-01, 2.242218235215439892e-01, 2.059168456453785434e-01, 2.792083762976244610e-01
2.909660340525045408e-01, 2.238205753430215772e-01, 2.056643927325181864e-01, 2.795489978719556401e-01
2.912785490702862745e-01, 2.234199203049221649e-01, 2.054122786906759091e-01, 2.798892519341156793e-01
2.915905002379093891e-01, 2.230198587896706774e-01, 2.051605017365891737e-01, 2.802291392358307598e-01
2.919018882086789057e-01, 2.226203911636356059e-01, 2.049090600951663788e-01, 2.805686605325191096e-01
2.922127136399688685e-01, 2.222215177773138040e-01, 2.046579519995477270e-01, 2.809078165831695451e-01
2.925229771930993872e-01, 2.218232389655133419e-01, 2.044071756911651494e-01, 2.812466081502220661e-01
2.928326795332141796e-01, 2.214255550475370260e-01, 2.041567294198008975e-01, 2.815850359994478969e-01
2.931418213291588359e-01, 2.210284663273640593e-01, 2.039066114436453581e-01, 2.819231008998318022e-01
2.934504032533606921e-01, 2.206319730938317569e-01, 2.036568200293538689e-01, 2.822608036234536821e-01
2.937584259817089816e-01, 2.202360756208161796e-01, 2.034073534521024518e-01, 2.825981449453723870e-01
2.940658901934361524e-01, 2.198407741674118787e-01, 2.031582099956426579e-01, 2.829351256435091999e-01
2.943727965710002392e-01, 2.194460689781116414e-01, 2.029093879523551913e-01, 2.832717464985330391e-01
2.946791457999677344e-01, 2.190519602829841261e-01, 2.026608856233027001e-01, 2.836080082937453284e-01
2.949849385688983472e-01, 2.186584482978525257e-01, 2.024127013182819013e-01, 2.839439118149673091e-01
2.952901755692292074e-01, 2.182655332244705926e-01, 2.021648333558739574e-01, 2.842794578504261871e-01
2.955948574951615671e-01, 2.178732152506995812e-01, 2.019172800634950748e-01, 2.846146471906438880e-01
2.958989850435472801e-01, 2.174814945506828301e-01, 2.016700397774445763e-01, 2.849494806283253134e-01
2.962025589137768922e-01, 2.170903712850211498e-01, 2.014231108429537231e-01, 2.852839589582483182e-01
2.965055798076682292e-01, 2.166998456009458229e-01, 2.011764916142324000e-01, 2.856180829771536311e-01
2.968080484293560972e-01, 2.163099176324922712e-01, 2.009301804545151615e-01, 2.859518534836363868e-01
2.971099654851833138e-01, 2.159205875006716124e-01, 2.006841757361070011e-01, 2.862852712780380449e-01
2.974113316835916287e-01, 2.155318553136423843e-01, 2.004384758404271494e-01, 2.866183371623388654e-01
2.977121477350146428e-01, 2.151437211668810190e-01, 2.001930791580525393e-01, 2.869510519400518267e-01
2.980124143517711710e-01, 2.147561851433512081e-01, 1.999479840887607995e-01, 2.872834164161168768e-01
2.983121322479593829e-01, 2.143692473136733501e-01, 1.997031890415712774e-01, 2.876154313967960174e-01
2.986113021393524414e-01, 2.139829077362918608e-01, 1.994586924347863111e-01, 2.879470976895694423e-01
2.989099247432941975e-01, 2.135971664576427620e-01, 1.992144926960307538e-01, 2.882784161030321757e-01
2.992080007785967721e-01, 2.132120235123201868e-01, 1.989705882622912481e-01, 2.886093874467918208e-01
2.995055309654383047e-01, 2.128274789232410813e-01, 1.987269775799541394e-01, 2.889400125313665302e-01
2.998025160252618115e-01, 2.124435327018105724e-01, 1.984836591048431131e-01, 2.892702921680844752e-01
3.000989566806754882e-01, 2.120601848480852536e-01, 1.982406313022553046e-01, 2.896002271689839813e-01
3.003948536553529003e-01, 2.116774353509361661e-01, 1.979978926469971867e-01, 2.899298183467136636e-01
3.006902076739352836e-01, 2.112952841882107524e-01, 1.977554416234192924e-01, 2.902590665144346160e-01
3.009850194619335673e-01, 2.109137313268940606e-01, 1.975132767254500765e-01, 2.905879724857222679e-01
3.012792897456322283e-01, 2.105327767232687275e-01, 1.972713964566293610e-01, 2.909165370744696832e-01
3.015730192519937014e-01, 2.101524203230744903e-01, 1.970297993301403650e-01, 2.912447610947915266e-01
3.018662087085634549e-01, 2.097726620616665316e-01, 1.967884838688415960e-01, 2.915726453609283619e-01
3.021588588433766764e-01, 2.093935018641732149e-01, 1.965474486052973258e-01, 2.919001906871528385e-01
3.024509703848647924e-01, 2.090149396456523756e-01, 1.963066920818077876e-01, 2.922273978876750444e-01
3.027425440617639296e-01, 2.086369753112474190e-01, 1.960662128504384594e-01, 2.925542677765501920e-01
3.030335806030236556e-01, 2.082596087563419185e-01, 1.958260094730481238e-01, 2.928808011675863576e-01
3.033240807377167725e-01, 2.078828398667137978e-01, 1.955860805213170406e-01, 2.932069988742524447e-01
3.036140451949502217e-01, 2.075066685186879867e-01, 1.953464245767734531e-01, 2.935328617095883663e-01
3.039034747037762663e-01, 2.071310945792889380e-01, 1.951070402308202056e-01, 2.938583904861145624e-01
3.041923699931053382e-01, 2.067561179063915899e-01, 1.948679260847598071e-01, 2.941835860157432370e-01
3.044807317916192191e-01, 2.063817383488718293e-01, 1.946290807498193831e-01, 2.945084491096895407e-01
3.047685608276850533e-01, 2.060079557467556222e-01, 1.943905028471745455e-01, 2.948329805783846402e-01
3.050558578292710266e-01, 2.056347699313677280e-01, 1.941521910079728741e-01, 2.951571812313883991e-01
3.053426235238616004e-01, 2.052621807254790265e-01, 1.939141438733561484e-01, 2.954810518773033357e-01
3.056288586383748562e-01, 2.048901879434532058e-01, 1.936763600944825248e-01, 2.958045933236894687e-01
3.059145638990800053e-01, 2.045187913913925903e-01, 1.934388383325476024e-01, 2.961278063769798297e-01
3.061997400315161766e-01, 2.041479908672826915e-01, 1.932015772588049074e-01, 2.964506918423962523e-01
3.064843877604113143e-01, 2.037777861611361763e-01, 1.929645755545857655e-01, 2.967732505238667717e-01
3.067685078096030193e-01, 2.034081770551356971e-01, 1.927278319113182870e-01, 2.970954832239430243e-01
3.070521009019592795e-01, 2.030391633237758620e-01, 1.924913450305459628e-01, 2.974173907437187570e-01
3.073351677593009201e-01, 2.026707447340045654e-01, 1.922551136239455671e-01, 2.977389738827489474e-01
3.076177091023237220e-01, 2.023029210453625992e-01, 1.920191364133440881e-01, 2.980602334389695907e-01
3.078997256505225377e-01, 2.019356920101234021e-01, 1.917834121307354089e-01, 2.983811702086186513e-01
3.081812181221159075e-01, 2.015690573734307822e-01, 1.915479395182961841e-01, 2.987017849861571817e-01
3.084621872339710080e-01, 2.012030168734368629e-01, 1.913127173284010774e-01, 2.990220785641909962e-01
3.087426337015301003e-01, 2.008375702414378905e-01, 1.910777443236373607e-01, 2.993420517333946207e-01
3.090225582387373104e-01, 2.004727172020100978e-01, 1.908430192768190148e-01, 2.996617052824335770e-01
3.093019615579666315e-01, 2.001084574731441246e-01, 1.906085409710000511e-01, 2.999810399978892761e-01
3.095808443699502033e-01, 1.997447907663785494e-01, 1.903743081994873632e-01, 3.003000566641839675e-01
3.098592073837083127e-01, 1.993817167869329221e-01, 1.901403197658528554e-01, 3.006187560635059652e-01
3.101370513064791168e-01, 1.990192352338388537e-01, 1.899065744839453784e-01, 3.009371389757365955e-01
3.104143768436499196e-01, 1.986573458000716885e-01, 1.896730711779014145e-01, 3.012552061783769775e-01
3.106911846986890047e-01, 1.982960481726796231e-01, 1.894398086821556526e-01, 3.015729584464756918e-01
3.109674755730783557e-01, 1.979353420329132418e-01, 1.892067858414510362e-01, 3.018903965525573385e-01
3.112432501662469320e-01, 1.975752270563532198e-01, 1.889740015108479776e-01, 3.022075212665519262e-01
3.115185091755049429e-01, 1.972157029130376937e-01, 1.887414545557332124e-01, 3.025243333557242620e-01
3.117932532959790115e-01, 1.968567692675881609e-01, 1.885091438518279872e-01, 3.028408335846048405e-01
3.120674832205479476e-01, 1.964984257793351285e-01, 1.882770682851959698e-01, 3.031570227149209540e-01
3.123411996397791324e-01, 1.961406721024421540e-01, 1.880452267522499943e-01, 3.034729015055286916e-01
3.126144032418661789e-01, 1.957835078860294398e-01, 1.878136181597592491e-01, 3.037884707123452155e-01
3.128870947125664825e-01, 1.954269327742962359e-01, 1.875822414248551340e-01, 3.041037310882823141e-01
3.131592747351408246e-01, 1.950709464066424370e-01, 1.873510954750366164e-01, 3.044186833831799555e-01
3.134309439902926986e-01, 1.947155484177896523e-01, 1.871201792481761716e-01, 3.047333283437414497e-01
3.137021031561085249e-01, 1.943607384379003045e-01, 1.868894916925233352e-01, 3.050476667134680020e-01
3.139727529079986978e-01, 1.940065160926968679e-01, 1.866590317667095322e-01, 3.053616992325948187e-01
3.142428939186403536e-01, 1.936528810035800241e-01, 1.864287984397516584e-01, 3.056754266380278806e-01
3.145125268579187505e-01, 1.932998327877452349e-01, 1.861987906910549384e-01, 3.059888496632809929e-01
3.147816523928716470e-01, 1.929473710582991774e-01, 1.859690075104158402e-01, 3.063019690384132798e-01
3.150502711876327355e-01, 1.925954954243747630e-01, 1.857394478980242403e-01, 3.066147854899681779e-01
3.153183839033769642e-01, 1.922442054912457954e-01, 1.855101108644650054e-01, 3.069272997409120962e-01
3.155859911982657473e-01, 1.918935008604400472e-01, 1.852809954307197138e-01, 3.072395125105745195e-01
3.158530937273932304e-01, 1.915433811298519751e-01, 1.850521006281668768e-01, 3.075514245145878345e-01
3.161196921427336659e-01, 1.911938458938543250e-01, 1.848234254985829661e-01, 3.078630364648290429e-01
3.163857870930885663e-01, 1.908448947434088494e-01, 1.845949690941420529e-01, 3.081743490693606424e-01
3.166513792240353564e-01, 1.904965272661762465e-01, 1.843667304774152804e-01, 3.084853630323730056e-01
3.169164691778768028e-01, 1.901487430466250739e-01, 1.841387087213703089e-01, 3.087960790541279255e-01
3.171810575935898879e-01, 1.898015416661396892e-01, 1.839109029093695113e-01, 3.091064978309008282e-01
3.174451451067775154e-01, 1.894549227031278871e-01, 1.836833121351688636e-01, 3.094166200549258727e-01
3.177087323496183280e-01, 1.891088857331265916e-01, 1.834559355029152794e-01, 3.097264464143398288e-01
3.179718199508197451e-01, 1.887634303289079662e-01, 1.832287721271444736e-01, 3.100359775931277317e-01
3.182344085355698349e-01, 1.884185560605835807e-01, 1.830018211327777145e-01, 3.103452142710687589e-01
3.184964987254906288e-01, 1.880742624957082443e-01, 1.827750816551189650e-01, 3.106541571236821064e-01
3.187580911385918814e-01, 1.877305491993828679e-01, 1.825485528398506085e-01, 3.109628068221745312e-01
3.190191863892259949e-01, 1.873874157343563829e-01, 1.823222338430299239e-01, 3.112711640333876706e-01
3.192797850880425004e-01, 1.870448616611270765e-01, 1.820961238310843389e-01, 3.115792294197461398e-01
3.195398878419446476e-01, 1.867028865380424285e-01, 1.818702219808066844e-01, 3.118870036392062395e-01
3.197994952540452185e-01, 1.863614899213991427e-01, 1.816445274793502540e-01, 3.121944873452054403e-01
3.200586079236241721e-01, 1.860206713655412070e-01, 1.814190395242228360e-01, 3.125016811866117572e-01
3.203172264460860119e-01, 1.856804304229578706e-01, 1.811937573232813847e-01, 3.128085858076747883e-01
3.205753514129184856e-01, 1.853407666443803725e-01, 1.809686800947253316e-01, 3.131152018479758659e-01
3.208329834116510626e-01, 1.850016795788782531e-01, 1.807438070670904506e-01, 3.134215299423802614e-01
3.210901230258153549e-01, 1.846631687739541949e-01, 1.805191374792416703e-01, 3.137275707209886133e-01
3.213467708349048713e-01, 1.843252337756388914e-01, 1.802946705803661342e-01, 3.140333248090900753e-01
3.216029274143356598e-01, 1.839878741285840280e-01, 1.800704056299654576e-01, 3.143387928271148546e-01
3.218585933354084494e-01, 1.836510893761554297e-01, 1.798463418978479833e-01, 3.146439753905880266e-01
3.221137691652700696e-01, 1.833148790605249878e-01, 1.796224786641206772e-01, 3.149488731100841821e-01
3.223684554668766467e-01, 1.829792427227614482e-01, 1.793988152191807739e-01, 3.152534865911811313e-01
3.226226527989564663e-01, 1.826441799029209223e-01, 1.791753508637065617e-01, 3.155578164344159942e-01
3.228763617159742805e-01, 1.823096901401363712e-01, 1.789520849086490561e-01, 3.158618632352404032e-01
3.231295827680950583e-01, 1.819757729727061735e-01, 1.787290166752219800e-01, 3.161656275839767605e-01
3.233823165011497913e-01, 1.816424279381822493e-01, 1.785061454948926596e-01, 3.164691100657753275e-01
3.236345634566004659e-01, 1.813096545734566856e-01, 1.782834707093718940e-01, 3.167723112605709823e-01
3.238863241715066454e-01, 1.809774524148484720e-01, 1.780609916706036855e-01, 3.170752317430410305e-01
3.241375991784920529e-01, 1.806458209981889329e-01, 1.778387077407551642e-01, 3.173778720825637945e-01
3.243883890057116526e-01, 1.803147598589061318e-01, 1.776166182922054582e-01, 3.176802328431767020e-01
3.246386941768198975e-01, 1.799842685321092206e-01, 1.773947227075349797e-01, 3.179823145835359854e-01
3.248885152109385888e-01, 1.796543465526713179e-01, 1.771730203795142400e-01, 3.182841178568757701e-01
3.251378526226265664e-01, 1.793249934553120817e-01, 1.769515107110922747e-01, 3.185856432109691605e-01
3.253867069218482899e-01, 1.789962087746793384e-01, 1.767301931153849870e-01, 3.188868911880874402e-01
3.256350786139445841e-01, 1.786679920454297965e-01, 1.765090670156631847e-01, 3.191878623249624347e-01
3.258829681996029404e-01, 1.783403428023093429e-01, 1.762881318453404789e-01, 3.194885571527474322e-01
3.261303761748280960e-01, 1.780132605802322854e-01, 1.760673870479606551e-01, 3.197889761969788802e-01
3.263773030309146672e-01, 1.776867449143601507e-01, 1.758468320771854332e-01, 3.200891199775396379e-01
3.266237492544183385e-01, 1.773607953401792614e-01, 1.756264663967812556e-01, 3.203889890086210612e-01
3.268697153271287736e-01, 1.770354113935782292e-01, 1.754062894806063533e-01, 3.206885837986868104e-01
3.271152017260426925e-01, 1.767105926109239500e-01, 1.751863008125973120e-01, 3.209879048504361010e-01
3.273602089233377810e-01, 1.763863385291375707e-01, 1.749664998867560550e-01, 3.212869526607684545e-01
3.276047373863464895e-01, 1.760626486857695683e-01, 1.747468862071356877e-01, 3.215857277207482268e-01
3.278487875775307203e-01, 1.757395226190734683e-01, 1.745274592878266195e-01, 3.218842305155691363e-01
3.280923599544567915e-01, 1.754169598680798414e-01, 1.743082186529429090e-01, 3.221824615245204582e-01
3.283354549697714564e-01, 1.750949599726688011e-01, 1.740891638366074967e-01, 3.224804212209523291e-01
3.285780730711773123e-01, 1.747735224736422510e-01, 1.738702943829379954e-01, 3.227781100722422747e-01
3.288202147014102072e-01, 1.744526469127953006e-01, 1.736516098460322288e-01, 3.230755285397621246e-01
3.290618802982152036e-01, 1.741323328329868192e-01, 1.734331097899531882e-01, 3.233726770788447613e-01
3.293030702943248733e-01, 1.738125797782094084e-01, 1.732147937887139610e-01, 3.236695561387517017e-01
3.295437851174367605e-01, 1.734933872936589849e-01, 1.729966614262629099e-01, 3.239661661626412892e-01
3.297840251901920094e-01, 1.731747549258032537e-01, 1.727787122964681843e-01, 3.242625075875367191e-01
3.300237909301539929e-01, 1.728566822224493760e-01, 1.725609460031022058e-01, 3.245585808442945086e-01
3.302630827497876065e-01, 1.725391687328117762e-01, 1.723433621598262078e-01, 3.248543863575743540e-01
3.305019010564394510e-01, 1.722222140075783947e-01, 1.721259603901744706e-01, 3.251499245458077669e-01
3.307402462523169051e-01, 1.719058175989766901e-01, 1.719087403275381676e-01, 3.254451958211682094e-01
3.309781187344699727e-01, 1.715899790608390596e-01, 1.716917016151495445e-01, 3.257402005895413399e-01
3.312155188947713547e-01, 1.712746979486672871e-01, 1.714748439060657659e-01, 3.260349392504955923e-01
3.314524471198982414e-01, 1.709599738196965479e-01, 1.712581668631523446e-01, 3.263294121972528661e-01
3.316889037913141047e-01, 1.706458062329589132e-01, 1.710416701590668498e-01, 3.266236198166599380e-01
3.319248892852511568e-01, 1.703321947493459387e-01, 1.708253534762424475e-01, 3.269175624891603182e-01
3.321604039726925861e-01, 1.700191389316706991e-01, 1.706092165068708866e-01, 3.272112405887657727e-01
3.323954482193557380e-01, 1.697066383447292104e-01, 1.703932589528860397e-01, 3.275046544830290673e-01
3.326300223856759608e-01, 1.693946925553612703e-01, 1.701774805259465562e-01, 3.277978045330162682e-01
3.328641268267899522e-01, 1.690833011325107993e-01, 1.699618809474192083e-01, 3.280906910932800402e-01
3.330977618925206052e-01, 1.687724636472850148e-01, 1.697464599483615721e-01, 3.283833145118328911e-01
3.333309279273605763e-01, 1.684621796730138565e-01, 1.695312172695046526e-01, 3.286756751301207480e-01
3.335636252704589078e-01, 1.681524487853080230e-01, 1.693161526612358414e-01, 3.289677732829971446e-01
3.337958542556047625e-01, 1.678432705621168974e-01, 1.691012658835811533e-01, 3.292596092986972423e-01
3.340276152112141017e-01, 1.675346445837855858e-01, 1.688865567061877404e-01, 3.295511834988125721e-01
3.342589084603159733e-01, 1.672265704331115099e-01, 1.686720249083065448e-01, 3.298424961982660553e-01
3.344897343205381901e-01, 1.669190476954004743e-01, 1.684576702787742297e-01, 3.301335477052871892e-01
3.347200931040949512e-01, 1.666120759585220379e-01, 1.682434926159954991e-01, 3.304243383213875673e-01
3.349499851177736853e-01, 1.663056548129642764e-01, 1.680294917279253342e-01, 3.307148683413367318e-01
3.351794106629227277e-01, 1.659997838518880164e-01, 1.678156674320509523e-01, 3.310051380531384146e-01
3.354083700354387743e-01, 1.656944626711807089e-01, 1.676020195553737102e-01, 3.312951477380066678e-01
3.356368635257562794e-01, 1.653896908695093870e-01, 1.673885479343913130e-01, 3.315848976703431039e-01
3.358648914188345214e-01, 1.650854680483731518e-01, 1.671752524150792174e-01, 3.318743881177130262e-01
3.360924539941476663e-01, 1.647817938121555748e-01, 1.669621328528728132e-01, 3.321636193408240567e-01
3.363195515256733326e-01, 1.644786677681756570e-01, 1.667491891126488546e-01, 3.324525915935021003e-01
3.365461842818827098e-01, 1.641760895267391773e-01, 1.665364210687075575e-01, 3.327413051226705276e-01
3.367723525257299566e-01, 1.638740587011889849e-01, 1.663238286047537262e-01, 3.330297601683274711e-01
3.369980565146425411e-01, 1.635725749079545988e-01, 1.661114116138785179e-01, 3.333179569635243977e-01
3.372232965005119709e-01, 1.632716377666018903e-01, 1.658991699985413737e-01, 3.336058957343449594e-01
3.374480727296841898e-01, 1.629712468998817110e-01, 1.656871036705507283e-01, 3.338935766998832877e-01
3.376723854429514726e-01, 1.626714019337783812e-01, 1.654752125510463023e-01, 3.341810000722239549e-01
3.378962348755425449e-01, 1.623721024975571525e-01, 1.652634965704797565e-01, 3.344681660564206016e-01
3.381196212571156989e-01, 1.620733482238117529e-01, 1.650519556685967892e-01, 3.347550748504757867e-01
3.383425448117499679e-01, 1.617751387485110715e-01, 1.648405897944180132e-01, 3.350417266453208920e-01
3.385650057579375205e-01, 1.614774737110454828e-01, 1.646293989062204699e-01, 3.353281216247965268e-01
3.387870043085764449e-01, 1.611803527542725045e-01, 1.644183829715189227e-01, 3.356142599656321557e-01
3.390085406709635318e-01, 1.608837755245623446e-01, 1.642075419670471215e-01, 3.359001418374270576e-01
3.392296150467871141e-01, 1.605877416718423378e-01, 1.639968758787391512e-01, 3.361857674026313414e-01
3.394502276321211265e-01, 1.602922508496417431e-01, 1.637863847017108077e-01, 3.364711368165264616e-01
3.396703786174177231e-01, 1.599973027151351535e-01, 1.635760684402404186e-01, 3.367562502272065661e-01
3.398900681875026697e-01, 1.597028969291863776e-01, 1.633659271077506359e-01, 3.370411077755604001e-01
3.401092965215679054e-01, 1.594090331563909335e-01, 1.631559607267893675e-01, 3.373257095952519324e-01
3.403280637931671015e-01, 1.591157110651186535e-01, 1.629461693290109592e-01, 3.376100558127033135e-01
3.405463701702101109e-01, 1.588229303275559279e-01, 1.627365529551578482e-01, 3.378941465470761685e-01
3.407642158149575828e-01, 1.585306906197470889e-01, 1.625271116550412176e-01, 3.381779819102541662e-01
3.409816008840165225e-01, 1.582389916216353776e-01, 1.623178454875228161e-01, 3.384615620068253117e-01
3.411985255283355722e-01, 1.579478330171039946e-01, 1.621087545204958902e-01, 3.387448869340646262e-01
3.414149898932003491e-01, 1.576572144940161790e-01, 1.618998388308664216e-01, 3.390279567819169948e-01
3.416309941182301135e-01, 1.573671357442550378e-01, 1.616910985045348081e-01, 3.393107716329802348e-01
3.418465383373727184e-01, 1.570775964637627364e-01, 1.614825336363766295e-01, 3.395933315624877769e-01
3.420616226789026104e-01, 1.567885963525800785e-01, 1.612741443302244948e-01, 3.398756366382928995e-01
3.422762472654151122e-01, 1.565001351148843090e-01, 1.610659306988490858e-01, 3.401576869208512988e-01
3.424904122138257567e-01, 1.562122124590279992e-01, 1.608578928639405881e-01, 3.404394824632056560e-01
3.427041176353649576e-01, 1.559248280975762124e-01, 1.606500309560901785e-01, 3.407210233109687625e-01
3.429173636355768440e-01, 1.556379817473441673e-01, 1.604423451147712620e-01, 3.410023095023078099e-01
3.431301503143157072e-01, 1.553516731294341258e-01, 1.602348354883214310e-01, 3.412833410679287915e-01
3.433424777657442251e-01, 1.550659019692719465e-01, 1.600275022339233133e-01, 3.415641180310605707e-01
3.435543460783306857e-01, 1.547806679966432786e-01, 1.598203455175866428e-01, 3.418446404074393929e-01
3.437657553348474337e-01, 1.544959709457293939e-01, 1.596133655141296070e-01, 3.421249082052935653e-01
3.439767056123688160e-01, 1.542118105551424923e-01, 1.594065624071605014e-01, 3.424049214253280238e-01
3.441871969822696276e-01, 1.539281865679608952e-01, 1.591999363890595487e-01, 3.426846800607099564e-01
3.443972295102236125e-01, 1.536450987317634354e-01, 1.589934876609604142e-01, 3.429641840970525379e-01
3.446068032562022432e-01, 1.533625467986641233e-01, 1.587872164327321645e-01, 3.432434335124014968e-01
3.448159182744736095e-01, 1.530805305253459814e-01, 1.585811229229610042e-01, 3.435224282772194049e-01
3.450245746136015312e-01, 1.527990496730946002e-01, 1.583752073589322074e-01, 3.438011683543718000e-01
3.452327723164446693e-01, 1.525181040078311678e-01, 1.581694699766119927e-01, 3.440796536991121979e-01
3.454405114201560822e-01, 1.522376933001460542e-01, 1.579639110206296770e-01, 3.443578842590683253e-01
3.456477919561827261e-01, 1.519578173253304243e-01, 1.577585307442595230e-01, 3.446358599742272433e-01
3.458546139502654548e-01, 1.516784758634093511e-01, 1.575533294094032810e-01, 3.449135807769219131e-01
3.460609774224382984e-01, 1.513996686991730956e-01, 1.573483072865718702e-01, 3.451910465918167081e-01
3.462668823870292956e-01, 1.511213956222090815e-01, 1.571434646548679481e-01, 3.454682573358937581e-01
3.464723288526597722e-01, 1.508436564269328151e-01, 1.569388018019682585e-01, 3.457452129184390155e-01
3.466773168222457291e-01, 1.505664509126191375e-01, 1.567343190241060891e-01, 3.460219132410289888e-01
3.468818462929973423e-01, 1.502897788834325066e-01, 1.565300166260535364e-01, 3.462983581975165870e-01
3.470859172564201844e-01, 1.500136401484574999e-01, 1.563258949211043247e-01, 3.465745476740179631e-01
3.472895296983157798e-01, 1.497380345217289577e-01, 1.561219542310563202e-01, 3.468504815488989146e-01
3.474926835987824925e-01, 1.494629618222613199e-01, 1.559181948861943778e-01, 3.471261596927618376e-01
3.476953789322164701e-01, 1.491884218740783252e-01, 1.557146172252730498e-01, 3.474015819684321271e-01
3.478976156673130871e-01, 1.489144145062419322e-01, 1.555112215954996269e-01, 3.476767482309452983e-01
3.480993937670676108e-01, 1.486409395528814070e-01, 1.553080083525169852e-01, 3.479516583275338859e-01
3.483007131887773111e-01, 1.483679968532216065e-01, 1.551049778603868501e-01, 3.482263120976142323e-01
3.485015738840423483e-01, 1.480955862516113442e-01, 1.549021304915729202e-01, 3.485007093727733873e-01
3.487019757987677160e-01, 1.478237075975513681e-01, 1.546994666269239371e-01, 3.487748499767568955e-01
3.489019188731649068e-01, 1.475523607457221997e-01, 1.544969866556575033e-01, 3.490487337254554734e-01
3.491014030417532998e-01, 1.472815455560114173e-01, 1.542946909753432072e-01, 3.493223604268920202e-01
3.493004282333631583e-01, 1.470112618935409399e-01, 1.540925799918863026e-01, 3.495957298812095160e-01
3.494989943711365732e-01, 1.467415096286939780e-01, 1.538906541195113331e-01, 3.498688418806581990e-01
3.496971013725296840e-01, 1.464722886371417621e-01, 1.536889137807462835e-01, 3.501416962095824092e-01
3.498947491493156203e-01, 1.462035987998697717e-01, 1.534873594064058155e-01, 3.504142926444085981e-01
3.500919376075865563e-01, 1.459354400032043531e-01, 1.532859914355760855e-01, 3.506866309536331161e-01
3.502886666477553201e-01, 1.456678121388381431e-01, 1.530848103155980355e-01, 3.509587108978085568e-01
3.504849361645590022e-01, 1.454007151038561596e-01, 1.528838165020522666e-01, 3.512305322295325438e-01
3.506807460470607318e-01, 1.451341488007613367e-01, 1.526830104587431347e-01, 3.515020946934349078e-01
3.508760961786525634e-01, 1.448681131374994491e-01, 1.524823926576831523e-01, 3.517733980261648075e-01
3.510709864370585298e-01, 1.446026080274844527e-01, 1.522819635790777781e-01, 3.520444419563791838e-01
3.512654166943368628e-01, 1.443376333896231600e-01, 1.520817237113099851e-01, 3.523152262047299921e-01
3.514593868168831570e-01, 1.440731891483399418e-01, 1.518816735509250504e-01, 3.525857504838518786e-01
3.516528966654331456e-01, 1.438092752336009861e-01, 1.516818136026157338e-01, 3.528560144983500235e-01
3.518459460950661422e-01, 1.435458915809386948e-01, 1.514821443792070954e-01, 3.531260179447880398e-01
3.520385349552074827e-01, 1.432830381314754709e-01, 1.512826664016417577e-01, 3.533957605116753720e-01
3.522306630896319124e-01, 1.430207148319475596e-01, 1.510833801989655834e-01, 3.536652418794550834e-01
3.524223303364668047e-01, 1.427589216347287526e-01, 1.508842863083125763e-01, 3.539344617204919219e-01
3.526135365281953815e-01, 1.424976584978536465e-01, 1.506853852748909761e-01, 3.542034196990598849e-01
3.528042814916600434e-01, 1.422369253850409021e-01, 1.504866776519689364e-01, 3.544721154713300626e-01
3.529945650480653674e-01, 1.419767222657163652e-01, 1.502881640008600639e-01, 3.547405486853583145e-01
3.531843870129816598e-01, 1.417170491150357425e-01, 1.500898448909097349e-01, 3.550087189810727795e-01
3.533737471963487864e-01, 1.414579059139075556e-01, 1.498917208994812733e-01, 3.552766259902623847e-01
3.535626454024788923e-01, 1.411992926490152900e-01, 1.496937926119422668e-01, 3.555442693365636897e-01
3.537510814300601769e-01, 1.409412093128400434e-01, 1.494960606216506893e-01, 3.558116486354489516e-01
3.539390550721608353e-01, 1.406836559036826473e-01, 1.492985255299419112e-01, 3.560787634942145785e-01
3.541265661162319445e-01, 1.404266324256854548e-01, 1.491011879461152656e-01, 3.563456135119674184e-01
3.543136143441113495e-01, 1.401701388888546007e-01, 1.489040484874208370e-01, 3.566121982796132128e-01
3.545001995320273824e-01, 1.399141753090812623e-01, 1.487071077790468043e-01, 3.568785173798443289e-01
3.546863214506024153e-01, 1.396587417081636695e-01, 1.485103664541062851e-01, 3.571445703871274913e-01
3.548719798648564128e-01, 1.394038381138282545e-01, 1.483138251536250118e-01, 3.574103568676903486e-01
3.550571745342104291e-01, 1.391494645597508573e-01, 1.481174845265284257e-01, 3.576758763795102603e-01
3.552419052124909937e-01, 1.388956210855781803e-01, 1.479213452296298525e-01, 3.579411284723009734e-01
3.554261716479329425e-01, 1.386423077369486057e-01, 1.477254079276179299e-01, 3.582061126875005219e-01
3.556099735831836917e-01, 1.383895245655130113e-01, 1.475296732930447829e-01, 3.584708285582585141e-01
3.557933107553069019e-01, 1.381372716289556435e-01, 1.473341420063141449e-01, 3.587352756094234763e-01
3.559761828957859198e-01, 1.378855489910147669e-01, 1.471388147556694781e-01, 3.589994533575299185e-01
3.561585897305277193e-01, 1.376343567215030927e-01, 1.469436922371829268e-01, 3.592633613107862889e-01
3.563405309798668430e-01, 1.373836948963282623e-01, 1.467487751547432717e-01, 3.595269989690615398e-01
3.565220063585687882e-01, 1.371335635975130529e-01, 1.465540642200453825e-01, 3.597903658238728597e-01
3.567030155758337262e-01, 1.368839629132156954e-01, 1.463595601525788381e-01, 3.600534613583719068e-01
3.568835583353002772e-01, 1.366348929377497468e-01, 1.461652636796172133e-01, 3.603162850473328738e-01
3.570636343350496733e-01, 1.363863537716042962e-01, 1.459711755362071706e-01, 3.605788363571387767e-01
3.572432432676088121e-01, 1.361383455214637273e-01, 1.457772964651585512e-01, 3.608411147457689649e-01
3.574223848199544196e-01, 1.358908683002274798e-01, 1.455836272170332180e-01, 3.611031196627850215e-01
3.576010586735162700e-01, 1.356439222270297840e-01, 1.453901685501355900e-01, 3.613648505493183283e-01
3.577792645041812380e-01, 1.353975074272594503e-01, 1.451969212305023182e-01, 3.616263068380568546e-01
3.579570019822970739e-01, 1.351516240325790486e-01, 1.450038860318927370e-01, 3.618874879532310573e-01
3.581342707726754560e-01, 1.349062721809445586e-01, 1.448110637357789277e-01, 3.621483933106009467e-01
3.583110705345959879e-01, 1.346614520166249662e-01, 1.446184551313366429e-01, 3.624090223174423753e-01
3.584874009218096957e-01, 1.344171636902210532e-01, 1.444260610154358415e-01, 3.626693743725334929e-01
3.586632615825424142e-01, 1.341734073586850484e-01, 1.442338821926316683e-01, 3.629294488661407025e-01
3.588386521594988388e-01, 1.339301831853396685e-01, 1.440419194751557386e-01, 3.631892451800057264e-01
3.590135722898652459e-01, 1.336874913398972964e-01, 1.438501736829072564e-01, 3.634487626873302291e-01
3.591880216053134900e-01, 1.334453319984787167e-01, 1.436586456434446046e-01, 3.637080007527633274e-01
3.593619997320038340e-01, 1.332037053436325169e-01, 1.434673361919771017e-01, 3.639669587323864919e-01
3.595355062905894461e-01, 1.329626115643539053e-01, 1.432762461713568136e-01, 3.642256359736998905e-01
3.597085408962183428e-01, 1.327220508561034462e-01, 1.430853764320706989e-01, 3.644840318156076231e-01
3.598811031585374409e-01, 1.324820234208258785e-01, 1.428947278322328929e-01, 3.647421455884036767e-01
3.600531926816961104e-01, 1.322425294669693496e-01, 1.427043012375771303e-01, 3.649999766137573820e-01
3.602248090643485057e-01, 1.320035692095036239e-01, 1.425140975214494732e-01, 3.652575242046984250e-01
3.603959518996572298e-01, 1.317651428699390947e-01, 1.423241175648011780e-01, 3.655147876656025252e-01
3.605666207752963870e-01, 1.315272506763454918e-01, 1.421343622561817288e-01, 3.657717662921763369e-01
3.607368152734546363e-01, 1.312898928633703666e-01, 1.419448324917322590e-01, 3.660284593714426271e-01
3.609065349708381887e-01, 1.310530696722579380e-01, 1.417555291751788626e-01, 3.662848661817250107e-01
3.610757794386735831e-01, 1.308167813508675226e-01, 1.415664532178262935e-01, 3.665409859926327396e-01
3.612445482427105725e-01, 1.305810281536921302e-01, 1.413776055385520258e-01, 3.667968180650454380e-01
3.614128409432252331e-01, 1.303458103418772829e-01, 1.411889870638001476e-01, 3.670523616510973364e-01
3.615806570950223509e-01, 1.301111281832392497e-01, 1.410005987275758377e-01, 3.673076159941625618e-01
3.617479962474384192e-01, 1.298769819522837266e-01, 1.408124414714396755e-01, 3.675625803288380955e-01
3.619148579443439706e-01, 1.296433719302243492e-01, 1.406245162445026731e-01, 3.678172538809290626e-01
3.620812417241464076e-01, 1.294102984050012617e-01, 1.404368240034208071e-01, 3.680716358674315791e-01
3.622471471197921677e-01, 1.291777616712995180e-01, 1.402493657123904947e-01, 3.683257254965179306e-01
3.624125736587693880e-01, 1.289457620305679286e-01, 1.400621423431439028e-01, 3.685795219675188084e-01
3.625775208631102919e-01, 1.287142997910370179e-01, 1.398751548749443685e-01, 3.688330244709082661e-01
3.627419882493931880e-01, 1.284833752677381480e-01, 1.396884042945823190e-01, 3.690862321882862340e-01
3.629059753287450230e-01, 1.282529887825217263e-01, 1.395018915963712469e-01, 3.693391442923619761e-01
3.630694816068431030e-01, 1.280231406640756631e-01, 1.393156177821439079e-01, 3.695917599469373815e-01
3.632325065839172584e-01, 1.277938312479443006e-01, 1.391295838612488789e-01, 3.698440783068895898e-01
3.633950497547520087e-01, 1.275650608765467320e-01, 1.389437908505470887e-01, 3.700960985181542262e-01
3.635571106086881721e-01, 1.273368298991953973e-01, 1.387582397744087370e-01, 3.703478197177077491e-01
3.637186886296248090e-01, 1.271091386721147631e-01, 1.385729316647104359e-01, 3.705992410335499643e-01
3.638797832960208867e-01, 1.268819875584600299e-01, 1.383878675608325726e-01, 3.708503615846865942e-01
3.640403940808967787e-01, 1.266553769283357556e-01, 1.382030485096568395e-01, 3.711011804811107373e-01
3.642005204518357631e-01, 1.264293071588144524e-01, 1.380184755655639028e-01, 3.713516968237858817e-01
3.643601618709859102e-01, 1.262037786339555157e-01, 1.378341497904315982e-01, 3.716019097046269759e-01
3.645193177950606933e-01, 1.259787917448237649e-01, 1.376500722536331545e-01, 3.718518182064823319e-01
3.646779876753409866e-01, 1.257543468895085947e-01, 1.374662440320354451e-01, 3.721014214031150291e-01
3.648361709576753986e-01, 1.255304444731424884e-01, 1.372826662099978778e-01, 3.723507183591842074e-01
3.649938670824821596e-01, 1.253070849079200022e-01, 1.370993398793712847e-01, 3.725997081302264702e-01
3.651510754847496210e-01, 1.250842686131168058e-01, 1.369162661394971725e-01, 3.728483897626364008e-01
3.653077955940369770e-01, 1.248619960151086394e-01, 1.367334460972067789e-01, 3.730967622936475214e-01
3.654640268344754861e-01, 1.246402675473902294e-01, 1.365508808668210450e-01, 3.733448247513131424e-01
3.656197686247686929e-01, 1.244190836505946335e-01, 1.363685715701504486e-01, 3.735925761544862667e-01
3.657750203781932608e-01, 1.241984447725120178e-01, 1.361865193364948101e-01, 3.738400155127999946e-01
3.659297815025991940e-01, 1.239783513681091548e-01, 1.360047253026438752e-01, 3.740871418266477066e-01
3.660840514004103374e-01, 1.237588038995487694e-01, 1.358231906128779254e-01, 3.743339540871629678e-01
3.662378294686247648e-01, 1.235398028362083844e-01, 1.356419164189682780e-01, 3.745804512761985450e-01
3.663911150988143905e-01, 1.233213486547002635e-01, 1.354609038801786736e-01, 3.748266323663066446e-01
3.665439076771255245e-01, 1.231034418388905760e-01, 1.352801541632663307e-01, 3.750724963207174856e-01
3.666962065842785945e-01, 1.228860828799189647e-01, 1.350996684424835281e-01, 3.753180420933188710e-01
3.668480111955677025e-01, 1.226692722762181831e-01, 1.349194478995794089e-01, 3.755632686286347610e-01
3.669993208808605689e-01, 1.224530105335337460e-01, 1.347394937238018675e-01, 3.758081748618038453e-01
3.671501350045981993e-01, 1.222372981649436641e-01, 1.345598071118999373e-01, 3.760527597185581716e-01
3.673004529257939965e-01, 1.220221356908783999e-01, 1.343803892681263989e-01, 3.762970221152012185e-01
3.674502739980332056e-01, 1.218075236391406163e-01, 1.342012414042400015e-01, 3.765409609585862460e-01
3.675995975694724138e-01, 1.215934625449251044e-01, 1.340223647395089868e-01, 3.767845751460934811e-01
3.677484229828382745e-01, 1.213799529508392400e-01, 1.338437605007140874e-01, 3.770278635656083566e-01
3.678967495754266737e-01, 1.211669954069227589e-01, 1.336654299221520237e-01, 3.772708250954985298e-01
3.680445766791016204e-01, 1.209545904706680886e-01, 1.334873742456390566e-01, 3.775134586045912344e-01
3.681919036202936923e-01, 1.207427387070408448e-01, 1.333095947205154286e-01, 3.777557629521499649e-01
3.683387297199990917e-01, 1.205314406885001910e-01, 1.331320926036489716e-01, 3.779977369878517734e-01
3.684850542937778139e-01, 1.203206969950192384e-01, 1.329548691594399923e-01, 3.782393795517629553e-01
3.686308766517519819e-01, 1.201105082141059460e-01, 1.327779256598258517e-01, 3.784806894743162342e-01
3.687761960986045140e-01, 1.199008749408235208e-01, 1.326012633842858501e-01, 3.787216655762860595e-01
3.689210119335767368e-01, 1.196917977778115677e-01, 1.324248836198466672e-01, 3.789623066687650699e-01
3.690653234504664426e-01, 1.194832773353068089e-01, 1.322487876610875523e-01, 3.792026115531392239e-01
3.692091299376261126e-01, 1.192753142311641229e-01, 1.320729768101462087e-01, 3.794425790210635419e-01
3.693524306779602528e-01, 1.190679090908778603e-01, 1.318974523767248164e-01, 3.796822078544370704e-01
3.694952249489232843e-01, 1.188610625476028831e-01, 1.317222156780960274e-01, 3.799214968253777913e-01
3.696375120225167121e-01, 1.186547752421760193e-01, 1.315472680391096827e-01, 3.801604446961975858e-01
3.697792911652867387e-01, 1.184490478231375460e-01, 1.313726107921993902e-01, 3.803990502193763112e-01
3.699205616383213213e-01, 1.182438809467527413e-01, 1.311982452773896857e-01, 3.806373121375363211e-01
3.700613226972471748e-01, 1.180392752770335618e-01, 1.310241728423029439e-01, 3.808752291834162085e-01
3.702015735922271067e-01, 1.178352314857605693e-01, 1.308503948421672891e-01, 3.811128000798449933e-01
3.703413135679561874e-01, 1.176317502525047048e-01, 1.306769126398241165e-01, 3.813500235397149218e-01
3.704805418636591408e-01, 1.174288322646493826e-01, 1.305037276057359474e-01, 3.815868982659555431e-01
3.706192577130862920e-01, 1.172264782174126663e-01, 1.303308411179951443e-01, 3.818234229515058975e-01
3.707574603445101813e-01, 1.170246888138697372e-01, 1.301582545623319598e-01, 3.820595962792881495e-01
3.708951489807220114e-01, 1.168234647649749464e-01, 1.299859693321235854e-01, 3.822954169221794984e-01
3.710323228390274841e-01, 1.166228067895846710e-01, 1.298139868284032550e-01, 3.825308835429845900e-01
3.711689811312431364e-01, 1.164227156144798658e-01, 1.296423084598692377e-01, 3.827659947944078156e-01
3.713051230636916777e-01, 1.162231919743889064e-01, 1.294709356428946079e-01, 3.830007493190248913e-01
3.714407478371983262e-01, 1.160242366120102647e-01, 1.292998698015371262e-01, 3.832351457492542690e-01
3.715758546470862012e-01, 1.158258502780361021e-01, 1.291291123675490093e-01, 3.834691827073287151e-01
3.717104426831712161e-01, 1.156280337311748202e-01, 1.289586647803877273e-01, 3.837028588052662226e-01
3.718445111297583039e-01, 1.154307877381748615e-01, 1.287885284872261060e-01, 3.839361726448407564e-01
3.719780591656358659e-01, 1.152341130738479269e-01, 1.286187049429634577e-01, 3.841691228175527772e-01
3.721110859640711643e-01, 1.150380105210926512e-01, 1.284491956102365995e-01, 3.844017079045996543e-01
3.722435906928050486e-01, 1.148424808709182787e-01, 1.282800019594313445e-01, 3.846339264768453003e-01
3.723755725140469042e-01, 1.146475249224685744e-01, 1.281111254686939094e-01, 3.848657770947905843e-01
3.725070305844691010e-01, 1.144531434830457078e-01, 1.279425676239430154e-01, 3.850972583085421896e-01
3.726379640552012207e-01, 1.142593373681347474e-01, 1.277743299188819348e-01, 3.853283686577821388e-01
3.727683720718251714e-01, 1.140661074014273635e-01, 1.276064138550107863e-01, 3.855591066717367066e-01
3.728982537743684156e-01, 1.138734544148467670e-01, 1.274388209416395246e-01, 3.857894708691453345e-01
3.730276082972988072e-01, 1.136813792485720093e-01, 1.272715526959005694e-01, 3.860194597582286002e-01
3.731564347695180417e-01, 1.134898827510628372e-01, 1.271046106427620448e-01, 3.862490718366570208e-01
3.732847323143557161e-01, 1.132989657790843818e-01, 1.269379963150413237e-01, 3.864783055915186338e-01
3.734125000495626123e-01, 1.131086291977322911e-01, 1.267717112534187118e-01, 3.867071594992864680e-01
3.735397370873044243e-01, 1.129188738804578346e-01, 1.266057570064512972e-01, 3.869356320257864579e-01
3.736664425341553741e-01, 1.127297007090931613e-01, 1.264401351305873833e-01, 3.871637216261639702e-01
3.737926154910909404e-01, 1.125411105738768069e-01, 1.262748471901807279e-01, 3.873914267448516080e-01
3.739182550534810301e-01, 1.123531043734791596e-01, 1.261098947575054474e-01, 3.876187458155344601e-01
3.740433603110832617e-01, 1.121656830150282308e-01, 1.259452794127710051e-01, 3.878456772611173498e-01
3.741679303480355823e-01, 1.119788474141358986e-01, 1.257810027441374490e-01, 3.880722194936910840e-01
3.742919642428485516e-01, 1.117925984949231372e-01, 1.256170663477308158e-01, 3.882983709144975371e-01
3.744154610683985696e-01, 1.116069371900469398e-01, 1.254534718276591743e-01, 3.885241299138953441e-01
3.745384198919196050e-01, 1.114218644407263675e-01, 1.252902207960283343e-01, 3.887494948713257070e-01
3.746608397749959241e-01, 1.112373811967689446e-01, 1.251273148729583617e-01, 3.889744641552767557e-01
3.747827197735539295e-01, 1.110534884165975122e-01, 1.249647556866000930e-01, 3.891990361232485207e-01
3.749040589378541677e-01, 1.108701870672767903e-01, 1.248025448731517745e-01, 3.894232091217171843e-01
3.750248563124835011e-01, 1.106874781245404116e-01, 1.246406840768763680e-01, 3.896469814860997194e-01
3.751451109363460601e-01, 1.105053625728180389e-01, 1.244791749501186762e-01, 3.898703515407172526e-01
3.752648218426555826e-01, 1.103238414052625377e-01, 1.243180191533228979e-01, 3.900933175987589818e-01
3.753839880589266431e-01, 1.101429156237773432e-01, 1.241572183550505581e-01, 3.903158779622453722e-01
3.755026086069656599e-01, 1.099625862390441605e-01, 1.239967742319986188e-01, 3.905380309219915191e-01
3.756206825028623464e-01, 1.097828542705504007e-01, 1.238366884690174918e-01, 3.907597747575697333e-01
3.757382087569807183e-01, 1.096037207466172697e-01, 1.236769627591300102e-01, 3.909811077372720156e-01
3.758551863739498233e-01, 1.094251867044276211e-01, 1.235175988035499689e-01, 3.912020281180726422e-01
3.759716143526549148e-01, 1.092472531900541000e-01, 1.233585983117013590e-01, 3.914225341455897511e-01
3.760874916862275708e-01, 1.090699212584874678e-01, 1.231999630012375474e-01, 3.916426240540474835e-01
3.762028173620364790e-01, 1.088931919736651488e-01, 1.230416945980610105e-01, 3.918622960662372923e-01
3.763175903616783335e-01, 1.087170664084997351e-01, 1.228837948363430688e-01, 3.920815483934789736e-01
3.764318096609668984e-01, 1.085415456449075472e-01, 1.227262654585437734e-01, 3.923003792355817532e-01
3.765454742299242374e-01, 1.083666307738380269e-01, 1.225691082154326816e-01, 3.925187867808050401e-01
3.766585830327703333e-01, 1.081923228953022564e-01, 1.224123248661088681e-01, 3.927367692058185700e-01
3.767711350279130400e-01, 1.080186231184023932e-01, 1.222559171780220749e-01, 3.929543246756625474e-01
3.768831291679375917e-01, 1.078455325613611737e-01, 1.220998869269935561e-01, 3.931714513437076230e-01
3.769945643995967210e-01, 1.076730523515510851e-01, 1.219442358972375184e-01, 3.933881473516147032e-01
3.771054396637997241e-01, 1.075011836255241882e-01, 1.217889658813826187e-01, 3.936044108292934829e-01
3.772157538956021905e-01, 1.073299275290419408e-01, 1.216340786804934737e-01, 3.938202398948624228e-01
3.773255060241953451e-01, 1.071592852171049520e-01, 1.214795761040929067e-01, 3.940356326546067267e-01
3.774346949728948353e-01, 1.069892578539832911e-01, 1.213254599701841796e-01, 3.942505872029375968e-01
3.775433196591302387e-01, 1.068198466132464913e-01, 1.211717321052732804e-01, 3.944651016223499895e-01
3.776513789944336841e-01, 1.066510526777941226e-01, 1.210183943443916971e-01, 3.946791739833804269e-01
3.777588718844289706e-01, 1.064828772398860451e-01, 1.208654485311193572e-01, 3.948928023445655300e-01
3.778657972288201328e-01, 1.063153215011733571e-01, 1.207128965176078594e-01, 3.951059847523986646e-01
3.779721539213800052e-01, 1.061483866727288561e-01, 1.205607401646036081e-01, 3.953187192412875306e-01
3.780779408499388428e-01, 1.059820739750782642e-01, 1.204089813414716686e-01, 3.955310038335111966e-01
3.781831568963729406e-01, 1.058163846382310508e-01, 1.202576219262194712e-01, 3.957428365391765790e-01
3.782878009365927552e-01, 1.056513199017117960e-01, 1.201066638055208330e-01, 3.959542153561746436e-01
3.783918718405306914e-01, 1.054868810145914437e-01, 1.199561088747404664e-01, 3.961651382701374957e-01
3.784953684721302225e-01, 1.053230692355186932e-01, 1.198059590379580291e-01, 3.963756032543930830e-01
3.785982896893328453e-01, 1.051598858327518760e-01, 1.196562162079932989e-01, 3.965856082699220631e-01
3.787006343440667555e-01, 1.049973320841902508e-01, 1.195068823064307090e-01, 3.967951512653123403e-01
3.788024012822343578e-01, 1.048354092774062135e-01, 1.193579592636448417e-01, 3.970042301767145454e-01
3.789035893437000535e-01, 1.046741187096771886e-01, 1.192094490188254502e-01, 3.972128429277972939e-01
3.790041973622778060e-01, 1.045134616880176032e-01, 1.190613535200031742e-01, 3.974209874297014444e-01
3.791042241657190948e-01, 1.043534395292111672e-01, 1.189136747240752828e-01, 3.976286615809944691e-01
3.792036685756997039e-01, 1.041940535598433748e-01, 1.187664145968316404e-01, 3.978358632676253226e-01
3.793025294078077869e-01, 1.040353051163338677e-01, 1.186195751129807963e-01, 3.980425903628775908e-01
3.794008054715309886e-01, 1.038771955449688117e-01, 1.184731582561763946e-01, 3.982488407273238051e-01
3.794984955702434548e-01, 1.037197262019339816e-01, 1.183271660190438473e-01, 3.984546122087787023e-01
3.795955985011933431e-01, 1.035628984533472352e-01, 1.181816004032067990e-01, 3.986599026422525949e-01
3.796921130554898327e-01, 1.034067136752915977e-01, 1.180364634193143553e-01, 3.988647098499042420e-01
3.797880380180898019e-01, 1.032511732538482357e-01, 1.178917570870681164e-01, 3.990690316409938321e-01
3.798833721677853936e-01, 1.030962785851296526e-01, 1.177474834352493643e-01, 3.992728658118355756e-01
3.799781142771906928e-01, 1.029420310753128426e-01, 1.176036445017467486e-01, 3.994762101457496883e-01
3.800722631127280704e-01, 1.027884321406725282e-01, 1.174602423335838614e-01, 3.996790624130154290e-01
3.801658174346160268e-01, 1.026354832076149665e-01, 1.173172789869471461e-01, 3.998814203708219162e-01
3.802587759968547587e-01, 1.024831857127108531e-01, 1.171747565272137914e-01, 4.000832817632206106e-01
3.803511375472138911e-01, 1.023315411027295452e-01, 1.170326770289801810e-01, 4.002846443210764105e-01
3.804429008272181001e-01, 1.021805508346724789e-01, 1.168910425760899263e-01, 4.004855057620194669e-01
3.805340645721347892e-01, 1.020302163758068370e-01, 1.167498552616626911e-01, 4.006858637903956688e-01
3.806246275109596011e-01, 1.018805392036997021e-01, 1.166091171881227934e-01, 4.008857160972179035e-01
3.807145883664037611e-01, 1.017315208062517379e-01, 1.164688304672278768e-01, 4.010850603601165409e-01
3.808039458548800327e-01, 1.015831626817314398e-01, 1.163289972200982070e-01, 4.012838942432903622e-01
3.808926986864891728e-01, 1.014354663388089967e-01, 1.161896195772455231e-01, 4.014822153974562102e-01
3.809808455650070536e-01, 1.012884332965906520e-01, 1.160506996786026396e-01, 4.016800214597996965e-01
3.810683851878698958e-01, 1.011420650846528019e-01, 1.159122396735525473e-01, 4.018773100539247412e-01
3.811553162461616129e-01, 1.009963632430763703e-01, 1.157742417209582791e-01, 4.020740787898036683e-01
3.812416374245998218e-01, 1.008513293224810314e-01, 1.156367079891925248e-01, 4.022703252637266913e-01
3.813273474015220210e-01, 1.007069648840597242e-01, 1.154996406561673017e-01, 4.024660470582508975e-01
3.814124448488722674e-01, 1.005632714996130272e-01, 1.153630419093642639e-01, 4.026612417421503998e-01
3.814969284321871879e-01, 1.004202507515837284e-01, 1.152269139458644981e-01, 4.028559068703645996e-01
3.815807968105824899e-01, 1.002779042330912140e-01, 1.150912589723788459e-01, 4.030500399839473946e-01
3.816640486367394725e-01, 1.001362335479661775e-01, 1.149560792052782138e-01, 4.032436386100161640e-01
3.817466825568907596e-01, 9.999524031078513286e-02, 1.148213768706239507e-01, 4.034367002616999764e-01
3.818286972108075328e-01, 9.985492614690512359e-02, 1.146871542041986852e-01, 4.036292224380887417e-01
3.819100912317849317e-01, 9.971529269249830574e-02, 1.145534134515363428e-01, 4.038212026241803643e-01
3.819908632466293419e-01, 9.957634159458657319e-02, 1.144201568679535236e-01, 4.040126382908305613e-01
3.820710118756441842e-01, 9.943807451107629369e-02, 1.142873867185799502e-01, 4.042035268946995163e-01
3.821505357326167029e-01, 9.930049311079319763e-02, 1.141551052783894293e-01, 4.043938658782006423e-01
3.822294334248040326e-01, 9.916359907351664227e-02, 1.140233148322309792e-01, 4.045836526694482904e-01
3.823077035529205414e-01, 9.902739409001468096e-02, 1.138920176748596386e-01, 4.047728846822051252e-01
3.823853447111233983e-01, 9.889187986207859105e-02, 1.137612161109678582e-01, 4.049615593158301108e-01
3.824623554870000275e-01, 9.875705810255752670e-02, 1.136309124552165456e-01, 4.051496739552259974e-01
3.825387344615537866e-01, 9.862293053539324117e-02, 1.135011090322663591e-01, 4.053372259707866410e-01
3.826144802091922537e-01, 9.848949889565475346e-02, 1.133718081768089331e-01, 4.055242127183441569e-01
3.826895912977122394e-01, 9.835676492957277917e-02, 1.132430122335984363e-01, 4.057106315391165730e-01
3.827640662882879630e-01, 9.822473039457457755e-02, 1.131147235574826992e-01, 4.058964797596547047e-01
3.828379037354574521e-01, 9.809339705931817421e-02, 1.129869445134348283e-01, 4.060817546917895871e-01
3.829111021871094978e-01, 9.796276670372700002e-02, 1.128596774765846800e-01, 4.062664536325787945e-01
3.829836601844710531e-01, 9.783284111902443292e-02, 1.127329248322502114e-01, 4.064505738642544830e-01
3.830555762620941884e-01, 9.770362210776786793e-02, 1.126066889759689688e-01, 4.066341126541689888e-01
3.831268489478437123e-01, 9.757511148388334221e-02, 1.124809723135298395e-01, 4.068170672547432032e-01
3.831974767628839595e-01, 9.744731107269957726e-02, 1.123557772610043748e-01, 4.069994349034120606e-01
3.832674582216671344e-01, 9.732022271098202115e-02, 1.122311062447781532e-01, 4.071812128225726357e-01
3.833367918319203205e-01, 9.719384824696727931e-02, 1.121069617015827413e-01, 4.073623982195296866e-01
3.834054760946332130e-01, 9.706818954039676817e-02, 1.119833460785267659e-01, 4.075429882864433084e-01
3.834735095040465724e-01, 9.694324846255057693e-02, 1.118602618331274029e-01, 4.077229802002753090e-01
3.835408905476399011e-01, 9.681902689628155145e-02, 1.117377114333422405e-01, 4.079023711227363069e-01
3.836076177061191750e-01, 9.669552673604860094e-02, 1.116156973576000605e-01, 4.080811582002322746e-01
3.836736894534059639e-01, 9.657274988795028214e-02, 1.114942220948326179e-01, 4.082593385638111361e-01
3.837391042566253851e-01, 9.645069826975839755e-02, 1.113732881445059081e-01, 4.084369093291101982e-01
3.838038605760948907e-01, 9.632937381095116325e-02, 1.112528980166511416e-01, 4.086138675963028044e-01
3.838679568653129981e-01, 9.620877845274607154e-02, 1.111330542318961917e-01, 4.087902104500447109e-01
3.839313915709481884e-01, 9.608891414813325316e-02, 1.110137593214967494e-01, 4.089659349594217397e-01
3.839941631328284699e-01, 9.596978286190796514e-02, 1.108950158273668829e-01, 4.091410381778967098e-01
3.840562699839301097e-01, 9.585138657070331469e-02, 1.107768263021104704e-01, 4.093155171432560913e-01
3.841177105503676414e-01, 9.573372726302284419e-02, 1.106591933090517732e-01, 4.094893688775577134e-01
3.841784832513835957e-01, 9.561680693927251951e-02, 1.105421194222661052e-01, 4.096625903870777519e-01
3.842385864993382305e-01, 9.550062761179300974e-02, 1.104256072266106697e-01, 4.098351786622581594e-01
3.842980186996995950e-01, 9.538519130489141185e-02, 1.103096593177547158e-01, 4.100071306776541524e-01
3.843567782510350361e-01, 9.527050005487303075e-02, 1.101942783022101108e-01, 4.101784433918818640e-01
3.844148635449999851e-01, 9.515655591007259051e-02, 1.100794667973614277e-01, 4.103491137475659967e-01
3.844722729663303529e-01, 9.504336093088562587e-02, 1.099652274314960182e-01, 4.105191386712879753e-01
3.845290048928334814e-01, 9.493091718979926319e-02, 1.098515628438337804e-01, 4.106885150735334888e-01
3.845850576953789290e-01, 9.481922677142301525e-02, 1.097384756845571213e-01, 4.108572398486410870e-01
3.846404297378904213e-01, 9.470829177251913200e-02, 1.096259686148400997e-01, 4.110253098747503886e-01
3.846951193773383570e-01, 9.459811430203275695e-02, 1.095140443068781111e-01, 4.111927220137508443e-01
3.847491249637314259e-01, 9.448869648112180608e-02, 1.094027054439167951e-01, 4.113594731112300007e-01
3.848024448401090591e-01, 9.438004044318658303e-02, 1.092919547202810537e-01, 4.115255599964232625e-01
3.848550773425352678e-01, 9.427214833389896409e-02, 1.091817948414036260e-01, 4.116909794821622670e-01
3.849070208000903714e-01, 9.416502231123133337e-02, 1.090722285238536760e-01, 4.118557283648246470e-01
3.849582735348656692e-01, 9.405866454548536537e-02, 1.089632584953649924e-01, 4.120198034242840701e-01
3.850088338619567230e-01, 9.395307721932004419e-02, 1.088548874948637030e-01, 4.121832014238594466e-01
3.850587000894578615e-01, 9.384826252777989097e-02, 1.087471182724965568e-01, 4.123459191102656352e-01
3.851078705184561857e-01, 9.374422267832230315e-02, 1.086399535896575563e-01, 4.125079532135638716e-01
3.851563434430270716e-01, 9.364095989084489369e-02, 1.085333962190157264e-01, 4.126693004471125303e-01
3.852041171502285088e-01, 9.353847639771220579e-02, 1.084274489445415934e-01, 4.128299575075176642e-01
3.852511899200982692e-01, 9.343677444378226116e-02, 1.083221145615339276e-01, 4.129899210745856530e-01
3.852975600256481337e-01, 9.333585628643241427e-02, 1.082173958766457361e-01, 4.131491878112737992e-01
3.853432257328615607e-01, 9.323572419558506796e-02, 1.081132957079102425e-01, 4.133077543636429763e-01
3.853881853006904668e-01, 9.313638045373283381e-02, 1.080098168847663381e-01, 4.134656173608103336e-01
3.854324369810516737e-01, 9.303782735596305420e-02, 1.079069622480838403e-01, 4.136227734149013346e-01
3.854759790188254653e-01, 9.294006720998231053e-02, 1.078047346501881526e-01, 4.137792191210040160e-01
3.855188096518532559e-01, 9.284310233614001540e-02, 1.077031369548846346e-01, 4.139349510571220803e-01
3.855609271109364244e-01, 9.274693506745169957e-02, 1.076021720374827767e-01, 4.140899657841290993e-01
3.856023296198351491e-01, 9.265156774962200747e-02, 1.075018427848196678e-01, 4.142442598457231617e-01
3.856430153952685180e-01, 9.255700274106662406e-02, 1.074021520952830044e-01, 4.143978297683817980e-01
3.856829826469138078e-01, 9.246324241293438218e-02, 1.073031028788341001e-01, 4.145506720613176266e-01
3.857222295774074272e-01, 9.237028914912816246e-02, 1.072046980570301039e-01, 4.147027832164343342e-01
3.857607543823459162e-01, 9.227814534632575172e-02, 1.071069405630453997e-01, 4.148541597082828769e-01
3.857985552502878890e-01, 9.218681341399977136e-02, 1.070098333416935610e-01, 4.150047979940188481e-01
3.858356303627553663e-01, 9.209629577443720350e-02, 1.069133793494476264e-01, 4.151546945133598454e-01
3.858719778942371059e-01, 9.200659486275840349e-02, 1.068175815544606944e-01, 4.153038456885438379e-01
3.859075960121916005e-01, 9.191771312693508555e-02, 1.067224429365856708e-01, 4.154522479242875321e-01
3.859424828770509075e-01, 9.182965302780828065e-02, 1.066279664873945737e-01, 4.155998976077462936e-01
3.859766366422249240e-01, 9.174241703910503143e-02, 1.065341552101969902e-01, 4.157467911084731793e-01
3.860100554541064932e-01, 9.165600764745485129e-02, 1.064410121200583953e-01, 4.158929247783801353e-01
3.860427374520773447e-01, 9.157042735240551734e-02, 1.063485402438177213e-01, 4.160382949516993056e-01
3.860746807685135340e-01, 9.148567866643760038e-02, 1.062567426201041915e-01, 4.161828979449446186e-01
3.861058835287929369e-01, 9.140176411497909215e-02, 1.061656222993537096e-01, 4.163267300568743168e-01
3.861363438513026880e-01, 9.131868623641868632e-02, 1.060751823438242925e-01, 4.164697875684543749e-01
3.861660598474470629e-01, 9.123644758211862937e-02, 1.059854258276115291e-01, 4.166120667428228064e-01
3.861950296216568601e-01, 9.115505071642655832e-02, 1.058963558366626673e-01, 4.167535638252539143e-01
3.862232512713983934e-01, 9.107449821668693601e-02, 1.058079754687902413e-01, 4.168942750431243738e-01
3.862507228871843723e-01, 9.099479267325120968e-02, 1.057202878336852281e-01, 4.170341966058792593e-01
3.862774425525840605e-01, 9.091593668948753926e-02, 1.056332960529292042e-01, 4.171733247049992377e-01
3.863034083442360989e-01, 9.083793288178945713e-02, 1.055470032600058089e-01, 4.173116555139686490e-01
3.863286183318601075e-01, 9.076078387958379234e-02, 1.054614126003116104e-01, 4.174491851882445315e-01
3.863530705782701191e-01, 9.068449232533772053e-02, 1.053765272311661116e-01, 4.175859098652260348e-01
3.863767631393890123e-01, 9.060906087456482849e-02, 1.052923503218207296e-01, 4.177218256642252769e-01
3.863996940642631106e-01, 9.053449219583030450e-02, 1.052088850534674686e-01, 4.178569286864389776e-01
3.864218613950773928e-01, 9.046078897075526815e-02, 1.051261346192463170e-01, 4.179912150149211469e-01
3.864432631671725349e-01, 9.038795389402000391e-02, 1.050441022242518674e-01, 4.181246807145556632e-01
3.864638974090621737e-01, 9.031598967336645911e-02, 1.049627910855393809e-01, 4.182573218320319586e-01
3.864837621424505598e-01, 9.024489902959947907e-02, 1.048822044321295471e-01, 4.183891343958204279e-01
3.865028553822525970e-01, 9.017468469658709851e-02, 1.048023455050125646e-01, 4.185201144161477260e-01
3.865211751366125492e-01, 9.010534942126002811e-02, 1.047232175571513463e-01, 4.186502578849760625e-01
3.865387194069258014e-01, 9.003689596360983649e-02, 1.046448238534836150e-01, 4.187795607759808303e-01
3.865554861878600090e-01, 8.996932709668592487e-02, 1.045671676709229725e-01, 4.189080190445310659e-01
3.865714734673786346e-01, 8.990264560659204374e-02, 1.044902522983593568e-01, 4.190356286276699649e-01
3.865866792267633745e-01, 8.983685429248083887e-02, 1.044140810366581407e-01, 4.191623854440976737e-01
3.866011014406403601e-01, 8.977195596654780063e-02, 1.043386571986580358e-01, 4.192882853941537480e-01
3.866147380770041941e-01, 8.970795345402410303e-02, 1.042639841091687752e-01, 4.194133243598029415e-01
3.866275870972454287e-01, 8.964484959316777746e-02, 1.041900651049664367e-01, 4.195374982046203294e-01
3.866396464561784874e-01, 8.958264723525428963e-02, 1.041169035347889460e-01, 4.196608027737782631e-01
3.866509141020697538e-01, 8.952134924456514598e-02, 1.040445027593296656e-01, 4.197832338940354902e-01
3.866613879766675477e-01, 8.946095849837615299e-02, 1.039728661512299979e-01, 4.199047873737264402e-01
3.866710660152331003e-01, 8.940147788694356723e-02, 1.039019970950709887e-01, 4.200254590027523438e-01
3.866799461465724175e-01, 8.934291031348948198e-02, 1.038318989873636689e-01, 4.201452445525745705e-01
3.866880262930691425e-01, 8.928525869418543759e-02, 1.037625752365380211e-01, 4.202641397762074127e-01
3.866953043707193061e-01, 8.922852595813537957e-02, 1.036940292629309340e-01, 4.203821404082143109e-01
3.867017782891661315e-01, 8.917271504735618803e-02, 1.036262644987729076e-01, 4.204992421647048007e-01
3.867074459517365614e-01, 8.911782891675794349e-02, 1.035592843881730646e-01, 4.206154407433325138e-01
3.867123052554794493e-01, 8.906387053412201382e-02, 1.034930923871034830e-01, 4.207307318232951232e-01
3.867163540912039177e-01, 8.901084288007783674e-02, 1.034276919633817099e-01, 4.208451110653365634e-01
3.867195903435199922e-01, 8.895874894807852262e-02, 1.033630865966520679e-01, 4.209585741117494173e-01
3.867220118908797355e-01, 8.890759174437447288e-02, 1.032992797783655464e-01, 4.210711165863802452e-01
3.867236166056199909e-01, 8.885737428798580473e-02, 1.032362750117585687e-01, 4.211827340946356912e-01
3.867244023540062359e-01, 8.880809961067327729e-02, 1.031740758118297047e-01, 4.212934222234908099e-01
3.867243669962782127e-01, 8.875977075690731632e-02, 1.031126857053155099e-01, 4.214031765414990027e-01
3.867235083866958911e-01, 8.871239078383567900e-02, 1.030521082306646713e-01, 4.215119925988037863e-01
3.867218243735883187e-01, 8.866596276124932841e-02, 1.029923469380104456e-01, 4.216198659271518379e-01
3.867193127994020818e-01, 8.862048977154697582e-02, 1.029334053891420020e-01, 4.217267920399089820e-01
3.867159715007524867e-01, 8.857597490969723597e-02, 1.028752871574735994e-01, 4.218327664320766779e-01
3.867117983084757404e-01, 8.853242128319979698e-02, 1.028179958280126538e-01, 4.219377845803118365e-01
3.867067910476822967e-01, 8.848983201204459192e-02, 1.027615349973261122e-01, 4.220418419429470824e-01
3.867009475378118122e-01, 8.844821022866886095e-02, 1.027059082735048562e-01, 4.221449339600145678e-01
3.866942655926900452e-01, 8.840755907791295054e-02, 1.026511192761266900e-01, 4.222470560532702866e-01
3.866867430205865874e-01, 8.836788171697376737e-02, 1.025971716362178016e-01, 4.223482036262218298e-01
3.866783776242744275e-01, 8.832918131535667794e-02, 1.025440689962118096e-01, 4.224483720641570850e-01
3.866691672010909020e-01, 8.829146105482561790e-02, 1.024918150099079633e-01, 4.225475567341755445e-01
3.866591095430004787e-01, 8.825472412935080058e-02, 1.024404133424266505e-01, 4.226457529852220563e-01
3.866482024366590386e-01, 8.821897374505488498e-02, 1.023898676701636978e-01, 4.227429561481223508e-01
3.866364436634796564e-01, 8.818421312015700675e-02, 1.023401816807425341e-01, 4.228391615356207889e-01
3.866238309996997136e-01, 8.815044548491476895e-02, 1.022913590729646605e-01, 4.229343644424208848e-01
3.866103622164507869e-01, 8.811767408156429005e-02, 1.022434035567577754e-01, 4.230285601452271615e-01
3.865960350798284817e-01, 8.808590216425797592e-02, 1.021963188531225392e-01, 4.231217439027908922e-01
3.865808473509659282e-01, 8.805513299900040447e-02, 1.021501086940769243e-01, 4.232139109559566181e-01
3.865647967861072787e-01, 8.802536986358193427e-02, 1.021047768225986779e-01, 4.233050565277121646e-01
3.865478811366837575e-01, 8.799661604750996791e-02, 1.020603269925657169e-01, 4.233951758232404883e-01
3.865300981493920429e-01, 8.796887485193842504e-02, 1.020167629686946770e-01, 4.234842640299749106e-01
3.865114455662728710e-01, 8.794214958959455097e-02, 1.019740885264769636e-01, 4.235723163176556838e-01
3.864919211247932473e-01, 8.791644358470378229e-02, 1.019323074521126249e-01, 4.236593278383902761e-01
3.864715225579291036e-01, 8.789176017291200349e-02, 1.018914235424429465e-01, 4.237452937267159325e-01
3.864502475942507287e-01, 8.786810270120568034e-02, 1.018514406048794951e-01, 4.238302090996641236e-01
3.864280939580092000e-01, 8.784547452782948129e-02, 1.018123624573319397e-01, 4.239140690568293790e-01
3.864050593692260893e-01, 8.782387902220140097e-02, 1.017741929281331531e-01, 4.239968686804393982e-01
3.863811415437837238e-01, 8.780331956482592681e-02, 1.017369358559621628e-01, 4.240786030354282143e-01
3.863563381935180008e-01, 8.778379954720397227e-02, 1.017005950897644506e-01, 4.241592671695135763e-01
3.863306470263134229e-01, 8.776532237174097806e-02, 1.016651744886705455e-01, 4.242388561132749980e-01
3.863040657461998539e-01, 8.774789145165194648e-02, 1.016306779219114526e-01, 4.243173648802368025e-01
3.862765920534509956e-01, 8.773151021086422752e-02, 1.015971092687319999e-01, 4.243947884669527215e-01
3.862482236446858064e-01, 8.771618208391748772e-02, 1.015644724183018960e-01, 4.244711218530947683e-01
3.862189582129715304e-01, 8.770191051586115338e-02, 1.015327712696237339e-01, 4.245463600015434991e-01
3.861887934479281137e-01, 8.768869896214903648e-02, 1.015020097314388997e-01, 4.246204978584838807e-01
3.861577270358363401e-01, 8.767655088853136547e-02, 1.014721917221307890e-01, 4.246935303535014361e-01
3.861257566597467439e-01, 8.766546977094390181e-02, 1.014433211696252890e-01, 4.247654523996840514e-01
3.860928799995914096e-01, 8.765545909539419756e-02, 1.014154020112886800e-01, 4.248362588937258377e-01
3.860590947322976585e-01, 8.764652235784536893e-02, 1.013884381938227192e-01, 4.249059447160342118e-01
3.860243985319047333e-01, 8.763866306409667795e-02, 1.013624336731574066e-01, 4.249745047308411405e-01
3.859887890696812596e-01, 8.763188472966108866e-02, 1.013373924143402688e-01, 4.250419337863174385e-01
3.859522640142465377e-01, 8.762619087964024223e-02, 1.013133183914233792e-01, 4.251082267146898963e-01
3.859148210316936112e-01, 8.762158504859623998e-02, 1.012902155873476318e-01, 4.251733783323625171e-01
3.858764577857141109e-01, 8.761807078042016528e-02, 1.012680879938235440e-01, 4.252373834400421937e-01
3.858371719377265419e-01, 8.761565162819810737e-02, 1.012469396112097436e-01, 4.253002368228656627e-01
3.857969611470058457e-01, 8.761433115407342431e-02, 1.012267744483878601e-01, 4.253619332505328421e-01
3.857558230708165725e-01, 8.761411292910650794e-02, 1.012075965226352930e-01, 4.254224674774417236e-01
3.857137553645473282e-01, 8.761500053313069081e-02, 1.011894098594941366e-01, 4.254818342428279276e-01
3.856707556818488314e-01, 8.761699755460548855e-02, 1.011722184926373558e-01, 4.255400282709084214e-01
3.856268216747731903e-01, 8.762010759046623409e-02, 1.011560264637318823e-01, 4.255970442710286794e-01
3.855819509939174550e-01, 8.762433424597065867e-02, 1.011408378222986432e-01, 4.256528769378132293e-01
3.855361412885677797e-01, 8.762968113454198960e-02, 1.011266566255689114e-01, 4.257075209513212499e-01
3.854893902068475264e-01, 8.763615187760860625e-02, 1.011134869383382151e-01, 4.257609709772057216e-01
