4.486999270906308901e-01, 6.681714226801208079e-02, 4.233326363635098177e-01, 6.115029427784735711e-02
4.484689224699930366e-01, 6.697840981199647270e-02, 4.232531229050784938e-01, 6.129954481293199003e-02
4.482368814547031399e-01, 6.714079931735421336e-02, 4.231723098792470883e-01, 6.145000934869561393e-02
4.480038041897623780e-01, 6.730431110792951810e-02, 4.230901951276091477e-01, 6.160168957469891460e-02
4.477696908288551492e-01, 6.746894549129145435e-02, 4.230067765076027109e-01, 6.175458717225052602e-02
4.475345415346069222e-01, 6.763470275844708779e-02, 4.229220518928464845e-01, 6.190870381409947082e-02
4.472983564788406974e-01, 6.780158318355426761e-02, 4.228360191734787943e-01, 6.206404116412617133e-02
4.470611358428355775e-01, 6.796958702363402327e-02, 4.227486762564980349e-01, 6.222060087703241982e-02
4.468228798175842842e-01, 6.813871451828307224e-02, 4.226600210661026202e-01, 6.237838459802998170e-02
4.465835886040515068e-01, 6.830896588938609182e-02, 4.225700515440344862e-01, 6.253739396252805394e-02
4.463432624134316407e-01, 6.848034134082757463e-02, 4.224787656499211508e-01, 6.269763059581960618e-02
4.461019014674081351e-01, 6.865284105820422533e-02, 4.223861613616211597e-01, 6.285909611276642439e-02
4.458595059984115094e-01, 6.882646520853673289e-02, 4.222922366755687551e-01, 6.302179211748305809e-02
4.456160762498775907e-01, 6.900121393998195907e-02, 4.221969896071205430e-01, 6.318572020301987946e-02
4.453716124765071949e-01, 6.917708738154491888e-02, 4.221004181909031594e-01, 6.335088195104476849e-02
4.451261149445241427e-01, 6.935408564279101074e-02, 4.220025204811609920e-01, 6.351727893152399329e-02
4.448795839319341083e-01, 6.953220881355799687e-02, 4.219032945521060118e-01, 6.368491270240188296e-02
4.446320197287835785e-01, 6.971145696366881639e-02, 4.218027384982679928e-01, 6.385378480927973721e-02
4.443834226374181462e-01, 6.989183014264371829e-02, 4.217008504348444542e-01, 6.402389678509351478e-02
4.441337929727419698e-01, 7.007332837941339376e-02, 4.215976284980537114e-01, 6.419525014979084176e-02
4.438831310624747339e-01, 7.025595168203194185e-02, 4.214930708454864283e-01, 6.436784641000695140e-02
4.436314372474113310e-01, 7.043970003739009889e-02, 4.213871756564588900e-01, 6.454168705873974954e-02
4.433787118816793771e-01, 7.062457341092909235e-02, 4.212799411323672749e-01, 6.471677357502429728e-02
4.431249553329976165e-01, 7.081057174635459195e-02, 4.211713654970418164e-01, 6.489310742360607231e-02
4.428701679829328830e-01, 7.099769496535128510e-02, 4.210614469971019069e-01, 6.507069005461381395e-02
4.426143502271586705e-01, 7.118594296729788273e-02, 4.209501839023118697e-01, 6.524952290323150772e-02
4.423575024757112617e-01, 7.137531562898241644e-02, 4.208375745059368400e-01, 6.542960738936957898e-02
4.420996251532469667e-01, 7.156581280431828507e-02, 4.207236171250993140e-01, 6.561094491733542033e-02
4.418407186992989732e-01, 7.175743432406085642e-02, 4.206083101011365843e-01, 6.579353687550361374e-02
4.415807835685326976e-01, 7.195017999552467958e-02, 4.204916517999575665e-01, 6.597738463598500080e-02
4.413198202310021911e-01, 7.214404960230128006e-02, 4.203736406124010117e-01, 6.616248955429550327e-02
4.410578291724049360e-01, 7.233904290397777381e-02, 4.202542749545927769e-01, 6.634885296902454099e-02
4.407948108943363086e-01, 7.253515963585623061e-02, 4.201335532683049268e-01, 6.653647620150252018e-02
4.405307659145447641e-01, 7.273239950867368964e-02, 4.200114740213132247e-01, 6.672536055546840483e-02
4.402656947671839127e-01, 7.293076220832310497e-02, 4.198880357077566794e-01, 6.691550731673627517e-02
4.399995980030672604e-01, 7.313024739557540121e-02, 4.197632368484952026e-01, 6.710691775286208027e-02
4.397324761899193413e-01, 7.333085470580198717e-02, 4.196370759914689885e-01, 6.729959311280957202e-02
4.394643299126282376e-01, 7.353258374869858782e-02, 4.195095517120570050e-01, 6.749353462661622505e-02
4.391951597734957136e-01, 7.373543410801020048e-02, 4.193806626134353177e-01, 6.768874350505868498e-02
4.389249663924887357e-01, 7.393940534125650887e-02, 4.192504073269364140e-01, 6.788522093931831369e-02
4.386537504074881633e-01, 7.414449697945921236e-02, 4.191187845124066946e-01, 6.808296810064611015e-02
4.383815124745373826e-01, 7.435070852686981313e-02, 4.189857928585651869e-01, 6.828198614002761735e-02
4.381082532680909969e-01, 7.455803946069926302e-02, 4.188514310833614251e-01, 6.848227618784819004e-02
4.378339734812610184e-01, 7.476648923084806830e-02, 4.187156979343333862e-01, 6.868383935355742986e-02
4.375586738260635045e-01, 7.497605725963858714e-02, 4.185785921889638161e-01, 6.888667672533414776e-02
4.372823550336629728e-01, 7.518674294154778504e-02, 4.184401126550379990e-01, 6.909078936975114604e-02
4.370050178546175945e-01, 7.539854564294219685e-02, 4.183002581710000278e-01, 6.929617833144009753e-02
4.367266630591214449e-01, 7.561146470181356882e-02, 4.181590276063083533e-01, 6.950284463275657743e-02
4.364472914372466428e-01, 7.582549942751674876e-02, 4.180164198617916105e-01, 6.971078927344509513e-02
4.361669037991847131e-01, 7.604064910050846449e-02, 4.178724338700024465e-01, 6.992001323030452853e-02
4.358855009754858401e-01, 7.625691297208796182e-02, 4.177270685955726814e-01, 7.013051745685365546e-02
4.356030838172979536e-01, 7.647429026413948838e-02, 4.175803230355655260e-01, 7.034230288299711531e-02
4.353196531966037619e-01, 7.669278016887595695e-02, 4.174321962198290215e-01, 7.055537041469141235e-02
4.350352100064567296e-01, 7.691238184858481541e-02, 4.172826872113465924e-01, 7.076972093361169613e-02
4.347497551612167221e-01, 7.713309443537554044e-02, 4.171317951065889873e-01, 7.098535529681872236e-02
4.344632895967820430e-01, 7.735491703092878257e-02, 4.169795190358628334e-01, 7.120227433642618842e-02
4.341758142708229684e-01, 7.757784870624766238e-02, 4.168258581636605231e-01, 7.142047885926897099e-02
4.338873301630112866e-01, 7.780188850141085688e-02, 4.166708116890062152e-01, 7.163996964657157185e-02
4.335978382752502247e-01, 7.802703542532772596e-02, 4.165143788458046115e-01, 7.186074745361735461e-02
4.333073396319018777e-01, 7.825328845549550660e-02, 4.163565589031842373e-01, 7.208281300941840608e-02
4.330158352800130284e-01, 7.848064653775840838e-02, 4.161973511658425551e-01, 7.230616701638606370e-02
4.327233262895404109e-01, 7.870910858606905425e-02, 4.160367549743881899e-01, 7.253081015000246989e-02
4.324298137535726450e-01, 7.893867348225212799e-02, 4.158747697056826009e-01, 7.275674305849254286e-02
4.321352987885528907e-01, 7.916934007577013099e-02, 4.157113947731799763e-01, 7.298396636249714076e-02
4.318397825344966745e-01, 7.940110718349124852e-02, 4.155466296272650739e-01, 7.321248065474697531e-02
4.315432661552114357e-01, 7.963397358946022742e-02, 4.153804737555905624e-01, 7.344228649973762180e-02
4.312457508385114102e-01, 7.986793804467082203e-02, 4.152129266834124199e-01, 7.367338443340550047e-02
4.309472377964315148e-01, 8.010299926684122385e-02, 4.150439879739225013e-01, 7.390577496280473224e-02
4.306477282654412320e-01, 8.033915594019198914e-02, 4.148736572285812163e-01, 7.413945856578574300e-02
4.303472235066531648e-01, 8.057640671522603437e-02, 4.147019340874467663e-01, 7.437443569067407612e-02
4.300457248060325921e-01, 8.081475020851190683e-02, 4.145288182295039370e-01, 7.461070675595145307e-02
4.297432334746039140e-01, 8.105418500246933111e-02, 4.143543093729892823e-01, 7.484827214993741706e-02
4.294397508486541004e-01, 8.129470964515726761e-02, 4.141784072757158652e-01, 7.508713223047275287e-02
4.291352782899359175e-01, 8.153632265006520441e-02, 4.140011117353950554e-01, 7.532728732460379495e-02
4.288298171858676011e-01, 8.177902249590711381e-02, 4.138224225899563846e-01, 7.556873772826902536e-02
4.285233689497310872e-01, 8.202280762641785128e-02, 4.136423397178649042e-01, 7.581148370598610187e-02
4.282159350208676329e-01, 8.226767645015328756e-02, 4.134608630384374317e-01, 7.605552549054148126e-02
4.279075168648716621e-01, 8.251362734029253632e-02, 4.132779925121549125e-01, 7.630086328268095852e-02
4.275981159737813897e-01, 8.276065863444379000e-02, 4.130937281409727269e-01, 7.654749725080212119e-02
4.272877338662681712e-01, 8.300876863445309783e-02, 4.129080699686302758e-01, 7.679542753064856619e-02
4.269763720878228530e-01, 8.325795560621603031e-02, 4.127210180809549600e-01, 7.704465422500601790e-02
4.266640322109402361e-01, 8.350821777949303526e-02, 4.125325726061668252e-01, 7.729517740339993115e-02
4.263507158352999871e-01, 8.375955334772725025e-02, 4.123427337151775451e-01, 7.754699710179520367e-02
4.260364245879462719e-01, 8.401196046786651994e-02, 4.121515016218892935e-01, 7.780011332229795629e-02
4.257211601234640042e-01, 8.426543726018786984e-02, 4.119588765834888422e-01, 7.805452603285921442e-02
4.254049241241533719e-01, 8.451998180812612949e-02, 4.117648589007400495e-01, 7.831023516698053244e-02
4.250877183002001458e-01, 8.477559215810526183e-02, 4.115694489182725180e-01, 7.856724062342190784e-02
4.247695443898455991e-01, 8.503226631937385593e-02, 4.113726470248685319e-01, 7.882554226591202695e-02
4.244504041595515420e-01, 8.529000226384363115e-02, 4.111744536537446648e-01, 7.908513992286018979e-02
4.241302994041635244e-01, 8.554879792593191035e-02, 4.109748692828334438e-01, 7.934603338707120479e-02
4.238092319470716518e-01, 8.580865120240738220e-02, 4.107738944350587396e-01, 7.960822241546228195e-02
4.234872036403678486e-01, 8.606955995223992961e-02, 4.105715296786097701e-01, 7.987170672878236843e-02
4.231642163650008448e-01, 8.633152199645394154e-02, 4.103677756272112731e-01, 8.013648601133394056e-02
4.228402720309270002e-01, 8.659453511798527459e-02, 4.101626329403903481e-01, 8.040255991069741870e-02
4.225153725772603508e-01, 8.685859706154255844e-02, 4.099561023237389135e-01, 8.066992803745812179e-02
4.221895199724172154e-01, 8.712370553347190127e-02, 4.097481845291748304e-01, 8.093858996493596969e-02
4.218627162142595810e-01, 8.738985820162577245e-02, 4.095388803551971990e-01, 8.120854522891758631e-02
4.215349633302342136e-01, 8.765705269523570153e-02, 4.093281906471386011e-01, 8.147979332739141434e-02
4.212062633775097709e-01, 8.792528660478930724e-02, 4.091161162974150112e-01, 8.175233372028582746e-02
4.208766184431098623e-01, 8.819455748191100397e-02, 4.089026582457695458e-01, 8.202616582920961574e-02
4.205460306440425566e-01, 8.846486283924720473e-02, 4.086878174795144925e-01, 8.230128903719577393e-02
4.202145021274280023e-01, 8.873620015035539599e-02, 4.084715950337682311e-01, 8.257770268844828732e-02
4.198820350706221061e-01, 8.900856684959780607e-02, 4.082539919916884918e-01, 8.285540608809173480e-02
4.195486316813358263e-01, 8.928196033203879278e-02, 4.080350094847011722e-01, 8.313439850192423652e-02
4.192142941977531900e-01, 8.955637795334712992e-02, 4.078146486927262115e-01, 8.341467915617349627e-02
4.188790248886438694e-01, 8.983181702970219340e-02, 4.075929108443979709e-01, 8.369624723725584137e-02
4.185428260534742040e-01, 9.010827483770500468e-02, 4.073697972172818371e-01, 8.397910189153905136e-02
4.182057000225124499e-01, 9.038574861429307661e-02, 4.071453091380863865e-01, 8.426324222510798989e-02
4.178676491569332518e-01, 9.066423555666044964e-02, 4.069194479828723843e-01, 8.454866730353394200e-02
4.175286758489161199e-01, 9.094373282218182197e-02, 4.066922151772549565e-01, 8.483537615164726819e-02
4.171887825217416856e-01, 9.122423752834131483e-02, 4.064636121966033744e-01, 8.512336775331373617e-02
4.168479716298842397e-01, 9.150574675266609503e-02, 4.062336405662355099e-01, 8.541264105121409989e-02
4.165062456591003270e-01, 9.178825753266434129e-02, 4.060023018616075730e-01, 8.570319494662782811e-02
4.161636071265129577e-01, 9.207176686576799829e-02, 4.057695977084991856e-01, 8.599502829921980285e-02
4.158200585806940408e-01, 9.235627170928059626e-02, 4.055355297831940153e-01, 8.628813992683136147e-02
4.154756026017408232e-01, 9.264176898032926155e-02, 4.053000998126549681e-01, 8.658252860527483608e-02
4.151302418013502193e-01, 9.292825555582208408e-02, 4.050633095746957735e-01, 8.687819306813200637e-02
4.147839788228879221e-01, 9.321572827241006443e-02, 4.048251608981455196e-01, 8.717513200655632732e-02
4.144368163414553496e-01, 9.350418392645408472e-02, 4.045856556630110790e-01, 8.747334406907944504e-02
4.140887570639509296e-01, 9.379361927399655630e-02, 4.043447958006313181e-01, 8.777282786142129312e-02
4.137398037291282749e-01, 9.408403103073854912e-02, 4.041025832938287543e-01, 8.807358194630439396e-02
4.133899591076510838e-01, 9.437541587202138982e-02, 4.038590201770548838e-01, 8.837560484327258714e-02
4.130392260021424344e-01, 9.466777043281353332e-02, 4.036141085365306802e-01, 8.867889502851340755e-02
4.126876072472316914e-01, 9.496109130770266638e-02, 4.033678505103806544e-01, 8.898345093468496003e-02
4.123351057095962502e-01, 9.525537505089265444e-02, 4.031202482887639160e-01, 8.928927095074719322e-02
4.119817242879995067e-01, 9.555061817620559561e-02, 4.028713041139977413e-01, 8.959635342179719797e-02
4.116274659133254410e-01, 9.584681715708953664e-02, 4.026210202806761451e-01, 8.990469664890891888e-02
4.112723335486073717e-01, 9.614396842663068543e-02, 4.023693991357843447e-01, 9.021429888897758431e-02
4.109163301890547682e-01, 9.644206837757147988e-02, 4.021164430788053412e-01, 9.052515835456832749e-02
4.105594588620740115e-01, 9.674111336233354175e-02, 4.018621545618229485e-01, 9.083727321376929009e-02
4.102017226272859918e-01, 9.704109969304600125e-02, 4.016065360896184377e-01, 9.115064159004961086e-02
4.098431245765384312e-01, 9.734202364157931719e-02, 4.013495902197606879e-01, 9.146526156212156367e-02
4.094836678339158209e-01, 9.764388143958425970e-02, 4.010913195626920613e-01, 9.178113116380780256e-02
4.091233555557429735e-01, 9.794666927853615257e-02, 4.008317267818076735e-01, 9.209824838391328372e-02
4.087621909305851897e-01, 9.825038330978506929e-02, 4.005708145935283349e-01, 9.241661116610136451e-02
4.084001771792449276e-01, 9.855501964461062248e-02, 4.003085857673688297e-01, 9.273621740877556474e-02
4.080373175547524212e-01, 9.886057435428295681e-02, 4.000450431259990891e-01, 9.305706496496558844e-02
4.076736153423528020e-01, 9.916704347012876564e-02, 3.997801895453002019e-01, 9.337915164221828601e-02
4.073090738594896121e-01, 9.947442298360285873e-02, 3.995140279544136530e-01, 9.370247520249394557e-02
4.069436964557820446e-01, 9.978270884636544769e-02, 3.992465613357855658e-01, 9.402703336206703899e-02
4.065774865129995197e-01, 1.000918969703647882e-01, 3.989777927252033951e-01, 9.435282379143240805e-02
4.062104474450308755e-01, 1.004019832279252622e-01, 3.987077252118275128e-01, 9.467984411521623844e-02
4.058425826978493967e-01, 1.007129634518412753e-01, 3.984363619382169097e-01, 9.500809191209239057e-02
4.054738957494728457e-01, 1.010248334354766908e-01, 3.981637061003469591e-01, 9.533756471470355986e-02
4.051043901099199429e-01, 1.013375889328695378e-01, 3.978897609476225727e-01, 9.566826000958783549e-02
4.047340693211617380e-01, 1.016512256588428254e-01, 3.976145297828850289e-01, 9.600017523711062983e-02
4.043629369570677090e-01, 1.019657392891204634e-01, 3.973380159624104735e-01, 9.633330779140129863e-02
4.039909966233494742e-01, 1.022811254604494291e-01, 3.970602228959052016e-01, 9.666765502029592283e-02
4.036182519574975092e-01, 1.025973797707268320e-01, 3.967811540464912246e-01, 9.700321422528443427e-02
4.032447066287149218e-01, 1.029144977791333349e-01, 3.965008129306877294e-01, 9.733998266146391687e-02
4.028703643378457322e-01, 1.032324750062717234e-01, 3.962192031183854879e-01, 9.767795753749701493e-02
4.024952288172993220e-01, 1.035513069343114712e-01, 3.959363282328138278e-01, 9.801713601557546229e-02
4.021193038309696099e-01, 1.038709890071387587e-01, 3.956521919505019413e-01, 9.835751521138969000e-02
4.017425931741501755e-01, 1.041915166305123763e-01, 3.953667980012338656e-01, 9.869909219410348544e-02
4.013651006734443305e-01, 1.045128851722250674e-01, 3.950801501679963024e-01, 9.904186398633421651e-02
4.009868301866711393e-01, 1.048350899622707832e-01, 3.947922522869192763e-01, 9.938582756413874564e-02
4.006077856027655537e-01, 1.051581262930175453e-01, 3.945031082472117978e-01, 9.973097985700508927e-02
4.002279708416759396e-01, 1.054819894193858992e-01, 3.942127219910891434e-01, 1.000773177478490733e-01
3.998473898542550531e-01, 1.058066745590332258e-01, 3.939210975136943071e-01, 1.004248380730173584e-01
3.994660466221476303e-01, 1.061321768925435199e-01, 3.936282388630131246e-01, 1.007735376222956836e-01
3.990839451576724817e-01, 1.064584915636232476e-01, 3.933341501397812912e-01, 1.011234131389228685e-01
3.987010895037009228e-01, 1.067856136793023242e-01, 3.930388354973861631e-01, 1.014744613196105483e-01
3.983174837335293761e-01, 1.071135383101411015e-01, 3.927422991417606757e-01, 1.018266788145688606e-01
3.979331319507485865e-01, 1.074422604904431422e-01, 3.924445453312709886e-01, 1.021800622275373105e-01
3.975480382891071196e-01, 1.077717752184733369e-01, 3.921455783765973035e-01, 1.025346081158222122e-01
3.971622069123710297e-01, 1.081020774566817666e-01, 3.918454026406079094e-01, 1.028903129903391417e-01
3.967756420141788087e-01, 1.084331621319334638e-01, 3.915440225382260664e-01, 1.032471733156615917e-01
3.963883478178906183e-01, 1.087650241357432657e-01, 3.912414425362904513e-01, 1.036051855100755120e-01
3.960003285764351344e-01, 1.090976583245167747e-01, 3.909376671534084413e-01, 1.039643459456396635e-01
3.956115885721491199e-01, 1.094310595197966335e-01, 3.906327009598030142e-01, 1.043246509482512047e-01
3.952221321166147772e-01, 1.097652225085147260e-01, 3.903265485771520993e-01, 1.046860967977184531e-01
3.948319635504909386e-01, 1.101001420432491107e-01, 3.900192146784218217e-01, 1.050486797278381568e-01
3.944410872433407600e-01, 1.104358128424877961e-01, 3.897107039876921974e-01, 1.054123959264792604e-01
3.940495075934535296e-01, 1.107722295908967064e-01, 3.894010212799766668e-01, 1.057772415356730139e-01
3.936572290276637021e-01, 1.111093869395941292e-01, 3.890901713810342444e-01, 1.061432126517079799e-01
3.932642560011637145e-01, 1.114472795064299776e-01, 3.887781591671746750e-01, 1.065103053252317300e-01
3.928705929973131394e-01, 1.117859018762711321e-01, 3.884649895650573725e-01, 1.068785155613582727e-01
3.924762445274437295e-01, 1.121252486012915689e-01, 3.881506675514834193e-01, 1.072478393197812269e-01
3.920812151306587445e-01, 1.124653142012685680e-01, 3.878351981531797388e-01, 1.076182725148930042e-01
3.916855093736288929e-01, 1.128060931638834585e-01, 3.875185864465775509e-01, 1.079898110159101393e-01
3.912891318503834981e-01, 1.131475799450286368e-01, 3.872008375575837769e-01, 1.083624506470041299e-01
3.908920871820969478e-01, 1.134897689691192202e-01, 3.868819566613451721e-01, 1.087361871874386043e-01
3.904943800168712564e-01, 1.138326546294103347e-01, 3.865619489820062982e-01, 1.091110163717121800e-01
3.900960150295135764e-01, 1.141762312883194685e-01, 3.862408197924597220e-01, 1.094869338897071914e-01
3.896969969213104346e-01, 1.145204932777543483e-01, 3.859185744140906649e-01, 1.098639353868446217e-01
3.892973304197958617e-01, 1.148654348994453955e-01, 3.855952182165141018e-01, 1.102420164642445854e-01
3.888970202785174690e-01, 1.152110504252841922e-01, 3.852707566173052545e-01, 1.106211726788930150e-01
3.884960712767960844e-01, 1.155573340976662755e-01, 3.849451950817235901e-01, 1.110013995438141610e-01
3.880944882194824475e-01, 1.159042801298393183e-01, 3.846185391224296035e-01, 1.113826925282486308e-01
3.876922759367095184e-01, 1.162518827062566373e-01, 3.842907942991958259e-01, 1.117650470578380045e-01
3.872894392836401245e-01, 1.166001359829350603e-01, 3.839619662186103954e-01, 1.121484585148145585e-01
3.868859831402105542e-01, 1.169490340878183154e-01, 3.836320605337739109e-01, 1.125329222381973721e-01
3.864819124108704873e-01, 1.172985711211449872e-01, 3.833010829439904565e-01, 1.129184335239940273e-01
3.860772320243182065e-01, 1.176487411558216484e-01, 3.829690391944519656e-01, 1.133049876254081517e-01
3.856719469332322014e-01, 1.179995382378001972e-01, 3.826359350759148126e-01, 1.136925797530527471e-01
3.852660621139982200e-01, 1.183509563864608150e-01, 3.823017764243715755e-01, 1.140812050751693618e-01
3.848595825664328784e-01, 1.187029895949989061e-01, 3.819665691207152491e-01, 1.144708587178530218e-01
3.844525133135029415e-01, 1.190556318308170214e-01, 3.816303190903974074e-01, 1.148615357652826435e-01
3.840448594010408279e-01, 1.194088770359215540e-01, 3.812930323030799262e-01, 1.152532312599575531e-01
3.836366258974560073e-01, 1.197627191273236275e-01, 3.809547147722807114e-01, 1.156459402029396816e-01
3.832278178934427348e-01, 1.201171519974446600e-01, 3.806153725550119327e-01, 1.160396575541006864e-01
3.828184405016841207e-01, 1.204721695145266613e-01, 3.802750117514134276e-01, 1.164343782323758042e-01
3.824084988565518706e-01, 1.208277655230462627e-01, 3.799336385043792230e-01, 1.168300971160225465e-01
3.819979981138031389e-01, 1.211839338441339370e-01, 3.795912589991777275e-01, 1.172268090428852383e-01
3.815869434502725532e-01, 1.215406682759967716e-01, 3.792478794630658734e-01, 1.176245088106648573e-01
3.811753400635617406e-01, 1.218979625943458073e-01, 3.789035061648973191e-01, 1.180231911771949388e-01
3.807631931717249674e-01, 1.222558105528276096e-01, 3.785581454147248226e-01, 1.184228508607225172e-01
3.803505080129500615e-01, 1.226142058834597259e-01, 3.782118035633960651e-01, 1.188234825401941475e-01
3.799372898452376690e-01, 1.229731422970702370e-01, 3.778644870021435898e-01, 1.192250808555484903e-01
3.795235439460757920e-01, 1.233326134837415544e-01, 3.775162021621695785e-01, 1.196276404080130196e-01
3.791092756121114959e-01, 1.236926131132576046e-01, 3.771669555142239671e-01, 1.200311557604068907e-01
3.786944901588187307e-01, 1.240531348355554120e-01, 3.768167535681772873e-01, 1.204356214374486395e-01
3.782791929201630432e-01, 1.244141722811800133e-01, 3.764656028725875125e-01, 1.208410319260694449e-01
3.778633892482638479e-01, 1.247757190617435480e-01, 3.761135100142612431e-01, 1.212473816757312500e-01
3.774470845130519780e-01, 1.251377687703874309e-01, 3.757604816178100049e-01, 1.216546650987505723e-01
3.770302841019251283e-01, 1.255003149822485065e-01, 3.754065243451995548e-01, 1.220628765706267826e-01
3.766129934194000772e-01, 1.258633512549286460e-01, 3.750516448952952997e-01, 1.224720104303758661e-01
3.761952178867615237e-01, 1.262268711289677159e-01, 3.746958500034013873e-01, 1.228820609808693315e-01
3.757769629417082036e-01, 1.265908681283199055e-01, 3.743391464407944680e-01, 1.232930224891774784e-01
3.753582340379958970e-01, 1.269553357608330380e-01, 3.739815410142525720e-01, 1.237048891869183681e-01
3.749390366450778278e-01, 1.273202675187320165e-01, 3.736230405655789899e-01, 1.241176552706111658e-01
3.745193762477418975e-01, 1.276856568791041313e-01, 3.732636519711198253e-01, 1.245313149020342430e-01
3.740992583457450893e-01, 1.280514973043885840e-01, 3.729033821412777727e-01, 1.249458622085885678e-01
3.736786884534458730e-01, 1.284177822428681504e-01, 3.725422380200208994e-01, 1.253612912836651883e-01
3.732576720994329467e-01, 1.287845051291641729e-01, 3.721802265843852098e-01, 1.257775961870176429e-01
3.728362148261524234e-01, 1.291516593847344130e-01, 3.718173548439737686e-01, 1.261947709451393673e-01
3.724143221895315770e-01, 1.295192384183734557e-01, 3.714536298404503833e-01, 1.266128095516446395e-01
3.719919997586004778e-01, 1.298872356267156414e-01, 3.710890586470287356e-01, 1.270317059676550897e-01
3.715692531151117417e-01, 1.302556443947410492e-01, 3.707236483679570704e-01, 1.274514541221900554e-01
3.711460878531568919e-01, 1.306244580962837576e-01, 3.703574061379980575e-01, 1.278720479125613485e-01
3.707225095787813895e-01, 1.309936700945421861e-01, 3.699903391219044324e-01, 1.282934812047721307e-01
3.702985239095969994e-01, 1.313632737425923513e-01, 3.696224545138899753e-01, 1.287157478339207295e-01
3.698741364743919346e-01, 1.317332623839030104e-01, 3.692537595370972703e-01, 1.291388416046078402e-01
3.694493529127393372e-01, 1.321036293528530525e-01, 3.688842614430594691e-01, 1.295627562913481134e-01
3.690241788746032037e-01, 1.324743679752510839e-01, 3.685139675111596125e-01, 1.299874856389861277e-01
3.685986200199428131e-01, 1.328454715688568155e-01, 3.681428850480849002e-01, 1.304130233631154712e-01
3.681726820183149895e-01, 1.332169334439045061e-01, 3.677710213872778522e-01, 1.308393631505027355e-01
3.677463705484746437e-01, 1.335887469036281527e-01, 3.673983838883824737e-01, 1.312664986595146466e-01
3.673196912979738160e-01, 1.339609052447887361e-01, 3.670249799366883670e-01, 1.316944235205490810e-01
3.668926499627582216e-01, 1.343334017582023532e-01, 3.666508169425691244e-01, 1.321231313364701898e-01
3.664652522467635176e-01, 1.347062297292709321e-01, 3.662759023409191128e-01, 1.325526156830464375e-01
3.660375038615084620e-01, 1.350793824385136399e-01, 3.659002435905852058e-01, 1.329828701093926091e-01
3.656094105256880722e-01, 1.354528531620999010e-01, 3.655238481737964618e-01, 1.334138881384154818e-01
3.651809779647642862e-01, 1.358266351723839693e-01, 3.651467235955893620e-01, 1.338456632672624380e-01
3.647522119105559013e-01, 1.362007217384402780e-01, 3.647688773832305498e-01, 1.342781889677733820e-01
3.643231181008270148e-01, 1.365751061266003152e-01, 3.643903170856361284e-01, 1.347114586869365416e-01
3.638937022788741871e-01, 1.369497816009903057e-01, 3.640110502727887942e-01, 1.351454658473468518e-01
3.634639701931128841e-01, 1.373247414240697795e-01, 3.636310845351500287e-01, 1.355802038476671412e-01
3.630339275966625867e-01, 1.376999788571713068e-01, 3.632504274830726243e-01, 1.360156660630935377e-01
3.626035802469303460e-01, 1.380754871610403445e-01, 3.628690867462069924e-01, 1.364518458458222616e-01
3.621729339051950047e-01, 1.384512595963768578e-01, 3.624870699729076384e-01, 1.368887365255205268e-01
3.617419943361886436e-01, 1.388272894243761102e-01, 3.621043848296358614e-01, 1.373263314097994126e-01
3.613107673076789150e-01, 1.392035699072712018e-01, 3.617210390003600673e-01, 1.377646237846898714e-01
3.608792585900497119e-01, 1.395800943088752466e-01, 3.613370401859539172e-01, 1.382036069151210689e-01
3.604474739558812812e-01, 1.399568558951240771e-01, 3.609523961035929762e-01, 1.386432740454016654e-01
3.600154191795306713e-01, 1.403338479346191714e-01, 3.605671144861476995e-01, 1.390836183997024578e-01
3.595831000367103458e-01, 1.407110636991708019e-01, 3.601812030815756405e-01, 1.395246331825431840e-01
3.591505223040675765e-01, 1.410884964643408790e-01, 3.597946696523118271e-01, 1.399663115792797452e-01
3.587176917587627245e-01, 1.414661395099860164e-01, 3.594075219746565297e-01, 1.404086467565947016e-01
3.582846141780480775e-01, 1.418439861208006525e-01, 3.590197678381615853e-01, 1.408516318629897401e-01
3.578512953388454099e-01, 1.422220295868590889e-01, 3.586314150450159444e-01, 1.412952600292796679e-01
3.574177410173242087e-01, 1.426002632041583618e-01, 3.582424714094283869e-01, 1.417395243690890150e-01
3.569839569884802888e-01, 1.429786802751594754e-01, 3.578529447570102939e-01, 1.421844179793499974e-01
3.565499490257132420e-01, 1.433572741093290248e-01, 3.574628429241554772e-01, 1.426299339408021727e-01
3.561157229004047187e-01, 1.437360380236800406e-01, 3.570721737574208965e-01, 1.430760653184942888e-01
3.556812843814969871e-01, 1.441149653433115851e-01, 3.566809451129041575e-01, 1.435228051622872703e-01
3.552466392350714930e-01, 1.444940494019479327e-01, 3.562891648556218982e-01, 1.439701465073587872e-01
3.548117932239276962e-01, 1.448732835424773879e-01, 3.558968408588857879e-01, 1.444180823747091003e-01
3.543767521071627957e-01, 1.452526611174891069e-01, 3.555039810036793591e-01, 1.448666057716687938e-01
3.539415216397513442e-01, 1.456321754898093623e-01, 3.551105931780323410e-01, 1.453157096924068969e-01
3.535061075721257495e-01, 1.460118200330370042e-01, 3.547166852763963263e-01, 1.457653871184409200e-01
3.530705156497569441e-01, 1.463915881320769496e-01, 3.543222651990188266e-01, 1.462156310191472519e-01
3.526347516127367188e-01, 1.467714731836728403e-01, 3.539273408513172736e-01, 1.466664343522730007e-01
3.521988211953602232e-01, 1.471514685969382563e-01, 3.535319201432526870e-01, 1.471177900644488057e-01
3.517627301257081895e-01, 1.475315677938860426e-01, 3.531360109887038412e-01, 1.475696910917017879e-01
3.513264841252328186e-01, 1.479117642099564978e-01, 3.527396213048408224e-01, 1.480221303599698612e-01
3.508900889083416130e-01, 1.482920512945437030e-01, 3.523427590114983632e-01, 1.484751007856162375e-01
3.504535501819845966e-01, 1.486724225115197695e-01, 3.519454320305509532e-01, 1.489285952759447640e-01
3.500168736452410334e-01, 1.490528713397577809e-01, 3.515476482852859519e-01, 1.493826067297153448e-01
3.495800649889084788e-01, 1.494333912736525438e-01, 3.511494156997790328e-01, 1.498371280376598891e-01
3.491431298950926077e-01, 1.498139758236390062e-01, 3.507507421982695717e-01, 1.502921520829986757e-01
3.487060740367980971e-01, 1.501946185167090941e-01, 3.503516357045363128e-01, 1.507476717419565237e-01
3.482689030775212857e-01, 1.505753128969259669e-01, 3.499521041412738120e-01, 1.512036798842790464e-01
3.478316226708443870e-01, 1.509560525259360242e-01, 3.495521554294702127e-01, 1.516601693737494871e-01
3.473942384600309241e-01, 1.513368309834789149e-01, 3.491517974877857422e-01, 1.521171330687044465e-01
3.469567560776232185e-01, 1.517176418678945760e-01, 3.487510382319317093e-01, 1.525745638225504686e-01
3.465191811450407111e-01, 1.520984787966280782e-01, 3.483498855740518318e-01, 1.530324544842794898e-01
3.460815192721807265e-01, 1.524793354067317530e-01, 3.479483474221031769e-01, 1.534907978989843436e-01
3.456437760570214013e-01, 1.528602053553646534e-01, 3.475464316792402641e-01, 1.539495869083737645e-01
3.452059570852249459e-01, 1.532410823202891847e-01, 3.471441462431989478e-01, 1.544088143512868661e-01
3.447680679297450146e-01, 1.536219600003650987e-01, 3.467414990056832402e-01, 1.548684730642067298e-01
3.443301141504335749e-01, 1.540028321160401836e-01, 3.463384978517526358e-01, 1.553285558817735224e-01
3.438921012936523858e-01, 1.543836924098384300e-01, 3.459351506592122094e-01, 1.557890556372970026e-01
3.434540348918844743e-01, 1.547645346468445315e-01, 3.455314652980036039e-01, 1.562499651632672792e-01
3.430159204633491110e-01, 1.551453526151861106e-01, 3.451274496295989591e-01, 1.567112772918657360e-01
3.425777635116185049e-01, 1.555261401265114474e-01, 3.447231115063958407e-01, 1.571729848554742348e-01
3.421395695252369973e-01, 1.559068910164652377e-01, 3.443184587711151101e-01, 1.576350806871828214e-01
3.417013439773421424e-01, 1.562875991451600777e-01, 3.439134992562006277e-01, 1.580975576212971800e-01
3.412630923252892301e-01, 1.566682583976449217e-01, 3.435082407832218410e-01, 1.585604084938440073e-01
3.408248200102773073e-01, 1.570488626843698499e-01, 3.431026911622778175e-01, 1.590236261430749976e-01
3.403865324569778639e-01, 1.574294059416472269e-01, 3.426968581914049405e-01, 1.594872034099699964e-01
3.399482350731669600e-01, 1.578098821321094747e-01, 3.422907496559858820e-01, 1.599511331387376833e-01
3.395099332493590194e-01, 1.581902852451627373e-01, 3.418843733281630715e-01, 1.604154081773151719e-01
3.390716323584436198e-01, 1.585706092974370485e-01, 3.414777369662532203e-01, 1.608800213778660004e-01
3.386333377553256696e-01, 1.589508483332326971e-01, 3.410708483141658420e-01, 1.613449655972758467e-01
3.381950547765674164e-01, 1.593309964249622068e-01, 3.406637151008238829e-01, 1.618102336976464106e-01
3.377567887400341751e-01, 1.597110476735887907e-01, 3.402563450395891254e-01, 1.622758185467878811e-01
3.373185449445423867e-01, 1.600909962090607541e-01, 3.398487458276882589e-01, 1.627417130187086003e-01
3.368803286695110644e-01, 1.604708361907415393e-01, 3.394409251456440013e-01, 1.632079099941032840e-01
3.364421451746162361e-01, 1.608505618078357735e-01, 3.390328906567096068e-01, 1.636744023608383281e-01
3.360039996994481082e-01, 1.612301672798110430e-01, 3.386246500063053166e-01, 1.641411830144355877e-01
3.355658974631717251e-01, 1.616096468568153088e-01, 3.382162108214600282e-01, 1.646082448585530766e-01
3.351278436641909053e-01, 1.619889948200900764e-01, 3.378075807102550732e-01, 1.650755808054640006e-01
3.346898434798147859e-01, 1.623682054823793741e-01, 3.373987672612734356e-01, 1.655431837765324043e-01
3.342519020659289186e-01, 1.627472731883336243e-01, 3.369897780430504697e-01, 1.660110467026870706e-01
3.338140245566677544e-01, 1.631261923149099902e-01, 3.365806206035300008e-01, 1.664791625248923101e-01
3.333762160640922900e-01, 1.635049572717671151e-01, 3.361713024695246466e-01, 1.669475241946159205e-01
3.329384816778704348e-01, 1.638835625016561437e-01, 3.357618311461786909e-01, 1.674161246742948417e-01
3.325008264649606526e-01, 1.642620024808063017e-01, 3.353522141164356762e-01, 1.678849569377974804e-01
3.320632554692992677e-01, 1.646402717193066745e-01, 3.349424588405108261e-01, 1.683540139708832595e-01
3.316257737114916559e-01, 1.650183647614821836e-01, 3.345325727553666306e-01, 1.688232887716595021e-01
3.311883861885060454e-01, 1.653962761862659281e-01, 3.341225632741934848e-01, 1.692927743510345140e-01
3.307510978733725904e-01, 1.657740006075652806e-01, 3.337124377858941005e-01, 1.697624637331680564e-01
3.303139137148839999e-01, 1.661515326746247079e-01, 3.333022036545724709e-01, 1.702323499559188491e-01
3.298768386373021055e-01, 1.665288670723820141e-01, 3.328918682190278311e-01, 1.707024260712880215e-01
3.294398775400659840e-01, 1.669059985218210584e-01, 3.324814387922528369e-01, 1.711726851458601206e-01
3.290030352975058525e-01, 1.672829217803185331e-01, 3.320709226609357967e-01, 1.716431202612399287e-01
3.285663167585589073e-01, 1.676596316419860233e-01, 3.316603270849686758e-01, 1.721137245144864769e-01
3.281297267464908241e-01, 1.680361229380068488e-01, 3.312496592969592091e-01, 1.725844910185431735e-01
3.276932700586197011e-01, 1.684123905369680207e-01, 3.308389265017477321e-01, 1.730554129026646015e-01
3.272569514660445544e-01, 1.687884293451867579e-01, 3.304281358759292853e-01, 1.735264833128393469e-01
3.268207757133777536e-01, 1.691642343070319243e-01, 3.300172945673807146e-01, 1.739976954122096076e-01
3.263847475184808999e-01, 1.695398004052403595e-01, 3.296064096947919908e-01, 1.744690423814866942e-01
3.259488715722058672e-01, 1.699151226612276300e-01, 3.291954883472035243e-01, 1.749405174193628398e-01
3.255131525381384505e-01, 1.702901961353939786e-01, 3.287845375835484196e-01, 1.754121137429192623e-01
3.250775950523467905e-01, 1.706650159274242240e-01, 3.283735644321988389e-01, 1.758838245880302020e-01
3.246422037231341817e-01, 1.710395771765833850e-01, 3.279625758905193589e-01, 1.763556432097631577e-01
3.242069831307952676e-01, 1.714138750620056717e-01, 3.275515789244242693e-01, 1.768275628827747636e-01
3.237719378273768989e-01, 1.717879048029792299e-01, 3.271405804679405338e-01, 1.772995769017033374e-01
3.233370723364427657e-01, 1.721616616592246962e-01, 3.267295874227762464e-01, 1.777716785815562917e-01
3.229023911528425272e-01, 1.725351409311684514e-01, 3.263186066578945832e-01, 1.782438612580944104e-01
3.224678987424849375e-01, 1.729083379602108228e-01, 3.259076450090929167e-01, 1.787161182882114341e-01
3.220335995421150788e-01, 1.732812481289884854e-01, 3.254967092785873151e-01, 1.791884430503091763e-01
3.215994979590960368e-01, 1.736538668616311454e-01, 3.250858062346038690e-01, 1.796608289446689488e-01
3.211655983711951823e-01, 1.740261896240130890e-01, 3.246749426109733494e-01, 1.801332693938184071e-01
3.207319051263735066e-01, 1.743982119239991246e-01, 3.242641251067336916e-01, 1.806057578428937049e-01
3.202984225425803966e-01, 1.747699293116848351e-01, 3.238533603857368104e-01, 1.810782877599978191e-01
3.198651549075527956e-01, 1.751413373796312789e-01, 3.234426550762619645e-01, 1.815508526365539610e-01
3.194321064786172504e-01, 1.755124317630943620e-01, 3.230320157706336737e-01, 1.820234459876546862e-01
3.189992814824978984e-01, 1.758832081402481318e-01, 3.226214490248471289e-01, 1.824960613524067299e-01
3.185666841151281181e-01, 1.762536622324031854e-01, 3.222109613581980447e-01, 1.829686922942707905e-01
3.181343185414657881e-01, 1.766237898042187782e-01, 3.218005592529183945e-01, 1.834413324013969837e-01
3.177021888953149298e-01, 1.769935866639096023e-01, 3.213902491538194739e-01, 1.839139752869559941e-01
3.172702992791490151e-01, 1.773630486634472647e-01, 3.209800374679388502e-01, 1.843866145894648978e-01
3.168386537639410472e-01, 1.777321716987554923e-01, 3.205699305641947494e-01, 1.848592439731087944e-01
3.164072563889963607e-01, 1.781009517099002570e-01, 3.201599347730456069e-01, 1.853318571280577753e-01
3.159761111617909179e-01, 1.784693846812740181e-01, 3.197500563861563339e-01, 1.858044477707786746e-01
3.155452220578134348e-01, 1.788374666417745229e-01, 3.193403016560695251e-01, 1.862770096443425449e-01
3.151145930204116152e-01, 1.792051936649775579e-01, 3.189306767958837718e-01, 1.867495365187270828e-01
3.146842279606433812e-01, 1.795725618693046477e-01, 3.185211879789374700e-01, 1.872220221911145011e-01
3.142541307571327103e-01, 1.799395674181847593e-01, 3.181118413384985688e-01, 1.876944604861839061e-01
3.138243052559285817e-01, 1.803062065202105935e-01, 3.177026429674611463e-01, 1.881668452563997618e-01
3.133947552703696959e-01, 1.806724754292887702e-01, 3.172935989180469818e-01, 1.886391703822946353e-01
3.129654845809530794e-01, 1.810383704447852404e-01, 3.168847152015141777e-01, 1.891114297727476135e-01
3.125364969352067424e-01, 1.814038879116643410e-01, 3.164759977878714992e-01, 1.895836173652573620e-01
3.121077960475673874e-01, 1.817690242206226325e-01, 3.160674526055993194e-01, 1.900557271262106329e-01
3.116793855992620044e-01, 1.821337758082171021e-01, 3.156590855413755614e-01, 1.905277530511454154e-01
3.112512692381937396e-01, 1.824981391569876210e-01, 3.152509024398091331e-01, 1.909996891650095341e-01
3.108234505788328716e-01, 1.828621107955741010e-01, 3.148429091031791360e-01, 1.914715295224139191e-01
3.103959332021115070e-01, 1.832256872988279883e-01, 3.144351112911796808e-01, 1.919432682078809349e-01
3.099687206553226604e-01, 1.835888652879179850e-01, 3.140275147206713080e-01, 1.924148993360880466e-01
3.095418164520241100e-01, 1.839516414304306624e-01, 3.136201250654394590e-01, 1.928864170521058241e-01
3.091152240719460820e-01, 1.843140124404655522e-01, 3.132129479559567775e-01, 1.933578155316315328e-01
3.086889469609039316e-01, 1.846759750787239363e-01, 3.128059889791546810e-01, 1.938290889812175344e-01
3.082629885307140993e-01, 1.850375261525934178e-01, 3.123992536781984852e-01, 1.943002316384939698e-01
3.078373521591158402e-01, 1.853986625162260815e-01, 3.119927475522702998e-01, 1.947712377723877231e-01
3.074120411896958949e-01, 1.857593810706117399e-01, 3.115864760563574198e-01, 1.952421016833349732e-01
3.069870589318178800e-01, 1.861196787636453243e-01, 3.111804446010473235e-01, 1.957128177034894723e-01
3.065624086605567844e-01, 1.864795525901893625e-01, 3.107746585523281646e-01, 1.961833801969255497e-01
3.061380936166365196e-01, 1.868389995921307944e-01, 3.103691232313964821e-01, 1.966537835598362871e-01
3.057141170063718549e-01, 1.871980168584324034e-01, 3.099638439144700719e-01, 1.971240222207256421e-01
3.052904820016159038e-01, 1.875566015251791951e-01, 3.095588258326075204e-01, 1.975940906405973252e-01
3.048671917397101638e-01, 1.879147507756191993e-01, 3.091540741715340657e-01, 1.980639833131367100e-01
3.044442493234393865e-01, 1.882724618401991068e-01, 3.087495940714728437e-01, 1.985336947648886352e-01
3.040216578209913867e-01, 1.886297319965947739e-01, 3.083453906269834621e-01, 1.990032195554304606e-01
3.035994202659193508e-01, 1.889865585697363959e-01, 3.079414688868050698e-01, 1.994725522775392668e-01
3.031775396571101400e-01, 1.893429389318284639e-01, 3.075378338537071432e-01, 1.999416875573541419e-01
3.027560189587552575e-01, 1.896988705023646415e-01, 3.071344904843457124e-01, 2.004106200545345273e-01
3.023348611003264241e-01, 1.900543507481373406e-01, 3.067314436891247498e-01, 2.008793444624114577e-01
3.019140689765557606e-01, 1.904093771832427451e-01, 3.063286983320654966e-01, 2.013478555081359977e-01
3.014936454474190786e-01, 1.907639473690801168e-01, 3.059262592306798423e-01, 2.018161479528209346e-01
3.010735933381237239e-01, 1.911180589143462449e-01, 3.055241311558511974e-01, 2.022842165916788337e-01
3.006539154391006385e-01, 1.914717094750252036e-01, 3.051223188317206958e-01, 2.027520562541535731e-01
3.002346145059995308e-01, 1.918248967543728367e-01, 3.047208269355791144e-01, 2.032196618040485736e-01
2.998156932596891533e-01, 1.921776185028964967e-01, 3.043196600977656763e-01, 2.036870281396486737e-01
2.993971543862606888e-01, 1.925298725183298698e-01, 3.039188229015714060e-01, 2.041541501938379521e-01
2.989790005370352444e-01, 1.928816566456026949e-01, 3.035183198831499785e-01, 2.046210229342121933e-01
2.985612343285751757e-01, 1.932329687768061244e-01, 3.031181555314323983e-01, 2.050876413631862183e-01
2.981438583426995192e-01, 1.935838068511528676e-01, 3.027183342880504502e-01, 2.055540005180972185e-01
2.977268751265030322e-01, 1.939341688549328646e-01, 3.023188605472622581e-01, 2.060200954713018728e-01
2.973102871923790080e-01, 1.942840528214642426e-01, 3.019197386558869489e-01, 2.064859213302698837e-01
2.968940970180458105e-01, 1.946334568310394697e-01, 3.015209729132429795e-01, 2.069514732376717403e-01
2.964783070465772385e-01, 1.949823790108670407e-01, 3.011225675710934579e-01, 2.074167463714622073e-01
2.960629196864367763e-01, 1.953308175350085829e-01, 3.007245268335959620e-01, 2.078817359449586510e-01
2.956479373115150078e-01, 1.956787706243110769e-01, 3.003268548572591290e-01, 2.083464372069148141e-01
2.952333622611710284e-01, 1.960262365463351919e-01, 2.999295557509040200e-01, 2.088108454415897597e-01
2.948191968402777974e-01, 1.963732136152786800e-01, 2.995326335756315905e-01, 2.092749559688118766e-01
2.944054433192700992e-01, 1.967197001918956634e-01, 2.991360923447956011e-01, 2.097387641440386918e-01
2.939921039341967246e-01, 1.970656946834112022e-01, 2.987399360239806345e-01, 2.102022653584114387e-01
2.935791808867766473e-01, 1.974111955434320886e-01, 2.983441685309861646e-01, 2.106654550388050717e-01
2.931666763444572554e-01, 1.977562012718526441e-01, 2.979487937358161198e-01, 2.111283286478740084e-01
2.927545924404772459e-01, 1.981007104147568532e-01, 2.975538154606729990e-01, 2.115908816840928464e-01
2.923429312739327379e-01, 1.984447215643165285e-01, 2.971592374799580938e-01, 2.120531096817926953e-01
2.919316949098459402e-01, 1.987882333586842021e-01, 2.967650635202768172e-01, 2.125150082111930128e-01
2.915208853792385368e-01, 1.991312444818832128e-01, 2.963712972604496398e-01, 2.129765728784286383e-01
2.911105046792069606e-01, 1.994737536636930764e-01, 2.959779423315274105e-01, 2.134377993255725525e-01
2.907005547730018291e-01, 1.998157596795309132e-01, 2.955850023168126728e-01, 2.138986832306545016e-01
2.902910375901104345e-01, 2.001572613503289633e-01, 2.951924807518862548e-01, 2.143592203076744029e-01
2.898819550263421196e-01, 2.004982575424084923e-01, 2.948003811246376338e-01, 2.148194063066118376e-01
2.894733089439173179e-01, 2.008387471673490909e-01, 2.944087068753021841e-01, 2.152792370134313515e-01
2.890651011715592023e-01, 2.011787291818552537e-01, 2.940174613965025330e-01, 2.157387082500830944e-01
2.886573335045886646e-01, 2.015182025876180172e-01, 2.936266480332940243e-01, 2.161978158744991552e-01
2.882500077050226817e-01, 2.018571664311738789e-01, 2.932362700832174540e-01, 2.166565557805860687e-01
2.878431255016746237e-01, 2.021956198037593577e-01, 2.928463307963537487e-01, 2.171149238982122420e-01
2.874366885902590596e-01, 2.025335618411626126e-01, 2.924568333753862492e-01, 2.175729161931921618e-01
2.870306986334980048e-01, 2.028709917235705096e-01, 2.920677809756657139e-01, 2.180305286672658271e-01
2.866251572612311116e-01, 2.032079086754133013e-01, 2.916791767052813733e-01, 2.184877573580743249e-01
2.862200660705283006e-01, 2.035443119652051991e-01, 2.912910236251355922e-01, 2.189445983391309636e-01
2.858154266258049470e-01, 2.038802009053814202e-01, 2.909033247490246388e-01, 2.194010477197889386e-01
2.854112404589407848e-01, 2.042155748521324865e-01, 2.905160830437221731e-01, 2.198571016452046389e-01
2.850075090693998114e-01, 2.045504332052344998e-01, 2.901293014290690087e-01, 2.203127562962965413e-01
2.846042339243554098e-01, 2.048847754078766403e-01, 2.897429827780663714e-01, 2.207680078897015230e-01
2.842014164588153036e-01, 2.052186009464852245e-01, 2.893571299169739319e-01, 2.212228526777255122e-01
2.837990580757514536e-01, 2.055519093505448758e-01, 2.889717456254120020e-01, 2.216772869482916963e-01
2.833971601462312306e-01, 2.058847001924161146e-01, 2.885868326364683378e-01, 2.221313070248843169e-01
2.829957240095517523e-01, 2.062169730871503404e-01, 2.882023936368093842e-01, 2.225849092664886897e-01
2.825947509733758300e-01, 2.065487276923017035e-01, 2.878184312667949607e-01, 2.230380900675274503e-01
2.821942423138720790e-01, 2.068799637077356757e-01, 2.874349481205985546e-01, 2.234908458577936907e-01
2.817941992758554171e-01, 2.072106808754353713e-01, 2.870519467463298890e-01, 2.239431731023793781e-01
2.813946230729313380e-01, 2.075408789793042885e-01, 2.866694296461630986e-01, 2.243950683016013581e-01
2.809955148876419062e-01, 2.078705578449668578e-01, 2.862873992764685682e-01, 2.248465279909226122e-01
2.805968758716148037e-01, 2.081997173395658540e-01, 2.859058580479482137e-01, 2.252975487408712119e-01
2.801987071457129885e-01, 2.085283573715573657e-01, 2.855248083257751479e-01, 2.257481271569546921e-01
2.798010098001887380e-01, 2.088564778905027119e-01, 2.851442524297371217e-01, 2.261982598795713728e-01
2.794037848948383029e-01, 2.091840788868583600e-01, 2.847641926343842389e-01, 2.266479435839190149e-01
2.790070334591590595e-01, 2.095111603917629295e-01, 2.843846311691791140e-01, 2.270971749798989525e-01
2.786107564925089930e-01, 2.098377224768214200e-01, 2.840055702186523034e-01, 2.275459508120173113e-01
2.782149549642683461e-01, 2.101637652538879408e-01, 2.836270119225603459e-01, 2.279942678592834504e-01
2.778196298140026554e-01, 2.104892888748447211e-01, 2.832489583760478546e-01, 2.284421229351047133e-01
2.774247819516285629e-01, 2.108142935313801203e-01, 2.828714116298132741e-01, 2.288895128871781537e-01
2.770304122575807937e-01, 2.111387794547633645e-01, 2.824943736902773561e-01, 2.293364345973786245e-01
2.766365215829815205e-01, 2.114627469156173389e-01, 2.821178465197559659e-01, 2.297828849816450358e-01
2.762431107498119487e-01, 2.117861962236897988e-01, 2.817418320366361639e-01, 2.302288609898620608e-01
2.758501805510844007e-01, 2.121091277276209996e-01, 2.813663321155547847e-01, 2.306743596057397594e-01
2.754577317510175649e-01, 2.124315418147109946e-01, 2.809913485875811245e-01, 2.311193778466902604e-01
2.750657650852126324e-01, 2.127534389106834900e-01, 2.806168832404029589e-01, 2.315639127637008077e-01
2.746742812608318207e-01, 2.130748194794485628e-01, 2.802429378185147257e-01, 2.320079614412049462e-01
2.742832809567775643e-01, 2.133956840228626861e-01, 2.798695140234098155e-01, 2.324515209969501006e-01
2.738927648238744239e-01, 2.137160330804878661e-01, 2.794966135137753049e-01, 2.328945885818624051e-01
2.735027334850519409e-01, 2.140358672293480313e-01, 2.791242379056905198e-01, 2.333371613799096189e-01
2.731131875355287675e-01, 2.143551870836840068e-01, 2.787523887728268757e-01, 2.337792366079603779e-01
2.727241275429992395e-01, 2.146739932947067941e-01, 2.783810676466528244e-01, 2.342208115156411141e-01
2.723355540478205050e-01, 2.149922865503488822e-01, 2.780102760166398568e-01, 2.346618833851908670e-01
2.719474675632012617e-01, 2.153100675750144744e-01, 2.776400153304715568e-01, 2.351024495313126794e-01
2.715598685753925490e-01, 2.156273371293272179e-01, 2.772702869942567649e-01, 2.355425073010234127e-01
2.711727575438788174e-01, 2.159440960098774898e-01, 2.769010923727434625e-01, 2.359820540735002581e-01
2.707861349015711627e-01, 2.162603450489669898e-01, 2.765324327895363199e-01, 2.364210872599254443e-01
2.704000010550014488e-01, 2.165760851143529730e-01, 2.761643095273174642e-01, 2.368596043033281140e-01
2.700143563845174843e-01, 2.168913171089903447e-01, 2.757967238280676914e-01, 2.372976026784244519e-01
2.696292012444800879e-01, 2.172060419707727008e-01, 2.754296768932923967e-01, 2.377350798914548147e-01
2.692445359634603186e-01, 2.175202606722717869e-01, 2.750631698842485040e-01, 2.381720334800193073e-01
2.688603608444389281e-01, 2.178339742204763174e-01, 2.746972039221741713e-01, 2.386084610129106665e-01
2.684766761650054789e-01, 2.181471836565285483e-01, 2.743317800885207158e-01, 2.390443600899452292e-01
2.680934821775604049e-01, 2.184598900554607370e-01, 2.739668994251871492e-01, 2.394797283417916534e-01
2.677107791095161282e-01, 2.187720945259298833e-01, 2.736025629347559884e-01, 2.399145634297981944e-01
2.673285671635002858e-01, 2.190837982099510806e-01, 2.732387715807321205e-01, 2.403488630458165132e-01
2.669468465175598992e-01, 2.193950022826307300e-01, 2.728755262877836651e-01, 2.407826249120257056e-01
2.665656173253658223e-01, 2.197057079518980605e-01, 2.725128279419842259e-01, 2.412158467807518358e-01
2.661848797164185765e-01, 2.200159164582358717e-01, 2.721506773910573607e-01, 2.416485264342881911e-01
2.658046337962547412e-01, 2.203256290744101675e-01, 2.717890754446236623e-01, 2.420806616847114290e-01
2.654248796466543436e-01, 2.206348471051995108e-01, 2.714280228744486156e-01, 2.425122503736974744e-01
2.650456173258486925e-01, 2.209435718871227972e-01, 2.710675204146933970e-01, 2.429432903723351411e-01
2.646668468687293219e-01, 2.212518047881666672e-01, 2.707075687621662841e-01, 2.433737795809377824e-01
2.642885682870573794e-01, 2.215595472075123640e-01, 2.703481685765765086e-01, 2.438037159288538869e-01
2.639107815696735138e-01, 2.218668005752611749e-01, 2.699893204807900515e-01, 2.442330973742751765e-01
2.635334866827091505e-01, 2.221735663521601789e-01, 2.696310250610863268e-01, 2.446619219040443993e-01
2.631566835697967122e-01, 2.224798460293264390e-01, 2.692732828674165857e-01, 2.450901875334602353e-01
2.627803721522829483e-01, 2.227856411279712234e-01, 2.689160944136643194e-01, 2.455178923060816476e-01
2.624045523294395998e-01, 2.230909531991231709e-01, 2.685594601779067170e-01, 2.459450342935304012e-01
2.620292239786778943e-01, 2.233957838233520954e-01, 2.682033806026776768e-01, 2.463716115952923613e-01
2.616543869557604873e-01, 2.237001346104904032e-01, 2.678478560952320398e-01, 2.467976223385169310e-01
2.612800410950161800e-01, 2.240040071993560367e-01, 2.674928870278113213e-01, 2.472230646778163232e-01
2.609061862095533590e-01, 2.243074032574738919e-01, 2.671384737379108310e-01, 2.476479367950619459e-01
2.605328220914747694e-01, 2.246103244807969301e-01, 2.667846165285474580e-01, 2.480722368991807036e-01
2.601599485120923427e-01, 2.249127725934276512e-01, 2.664313156685296224e-01, 2.484959632259503837e-01
2.597875652221420251e-01, 2.252147493473386219e-01, 2.660785713927272256e-01, 2.489191140377920719e-01
2.594156719519996046e-01, 2.255162565220930337e-01, 2.657263839023434326e-01, 2.493416876235638735e-01
2.590442684118957617e-01, 2.258172959245650369e-01, 2.653747533651875656e-01, 2.497636822983517191e-01
2.586733542921321738e-01, 2.261178693886599922e-01, 2.650236799159480516e-01, 2.501850964032596991e-01
2.583029292632976759e-01, 2.264179787750343897e-01, 2.646731636564680357e-01, 2.506059283052000097e-01
2.579329929764836993e-01, 2.267176259708157948e-01, 2.643232046560196613e-01, 2.510261763966808446e-01
2.575635450635014312e-01, 2.270168128893229054e-01, 2.639738029515814599e-01, 2.514458390955942590e-01
2.571945851370974201e-01, 2.273155414697850263e-01, 2.636249585481147961e-01, 2.518649148450027297e-01
2.568261127911702912e-01, 2.276138136770624043e-01, 2.632766714188423673e-01, 2.522834021129249926e-01
2.564581276009872401e-01, 2.279116315013657024e-01, 2.629289415055261481e-01, 2.527012993921209927e-01
2.560906291234000820e-01, 2.282089969579761402e-01, 2.625817687187475546e-01, 2.531186051998761677e-01
2.557236168970621892e-01, 2.285059120869656346e-01, 2.622351529381870550e-01, 2.535353180777851212e-01
2.553570904426443744e-01, 2.288023789529167462e-01, 2.618890940129045553e-01, 2.539514365915342409e-01
2.549910492630516612e-01, 2.290983996446433746e-01, 2.615435917616209527e-01, 2.543669593306839283e-01
2.546254928436390563e-01, 2.293939762749110101e-01, 2.611986459729997989e-01, 2.547818849084501069e-01
2.542604206524277655e-01, 2.296891109801577346e-01, 2.608542564059289082e-01, 2.551962119614855085e-01
2.538958321403212426e-01, 2.299838059202151674e-01, 2.605104227898039082e-01, 2.556099391496596818e-01
2.535317267413205733e-01, 2.302780632780298264e-01, 2.601671448248102370e-01, 2.560230651558392245e-01
2.531681038727406352e-01, 2.305718852593847401e-01, 2.598244221822074707e-01, 2.564355886856670708e-01
2.528049629354246486e-01, 2.308652740926214753e-01, 2.594822545046120976e-01, 2.568475084673416675e-01
2.524423033139598371e-01, 2.311582320283624981e-01, 2.591406414062822905e-01, 2.572588232513953188e-01
2.520801243768919231e-01, 2.314507613392338681e-01, 2.587995824734014572e-01, 2.576695318104726962e-01
2.517184254769396778e-01, 2.317428643195884874e-01, 2.584590772643631240e-01, 2.580796329391086830e-01
2.513572059512091394e-01, 2.320345432852297662e-01, 2.581191253100552641e-01, 2.584891254535058858e-01
2.509964651214073306e-01, 2.323258005731356213e-01, 2.577797261141452356e-01, 2.588980081913117570e-01
2.506362022940559764e-01, 2.326166385411831683e-01, 2.574408791533643326e-01, 2.593062800113964950e-01
2.502764167607042789e-01, 2.329070595678739419e-01, 2.571025838777929451e-01, 2.597139397936288341e-01
2.499171077981416633e-01, 2.331970660520595318e-01, 2.567648397111451652e-01, 2.601209864386536119e-01
2.495582746686102193e-01, 2.334866604126676903e-01, 2.564276460510540590e-01, 2.605274188676678926e-01
2.491999166200163651e-01, 2.337758450884298012e-01, 2.560910022693561605e-01, 2.609332360221978120e-01
2.488420328861418729e-01, 2.340646225376074863e-01, 2.557549077123764114e-01, 2.613384368638742572e-01
2.484846226868552832e-01, 2.343529952377216841e-01, 2.554193617012126549e-01, 2.617430203742101558e-01
2.481276852283218759e-01, 2.346409656852809777e-01, 2.550843635320207969e-01, 2.621469855543764882e-01
2.477712197032131691e-01, 2.349285363955110895e-01, 2.547499124762980793e-01, 2.625503314249776343e-01
2.474152252909168626e-01, 2.352157099020854847e-01, 2.544160077811681298e-01, 2.629530570258296063e-01
2.470597011577449487e-01, 2.355024887568561709e-01, 2.540826486696642905e-01, 2.633551614157346732e-01
2.467046464571419628e-01, 2.357888755295852456e-01, 2.537498343410136692e-01, 2.637566436722592611e-01
2.463500603298922897e-01, 2.360748728076777214e-01, 2.534175639709201344e-01, 2.641575028915098544e-01
2.459959419043276918e-01, 2.363604831959148778e-01, 2.530858367118472563e-01, 2.645577381879101742e-01
2.456422902965323674e-01, 2.366457093161881131e-01, 2.527546516933013576e-01, 2.649573486939781897e-01
2.452891046105495354e-01, 2.369305538072342399e-01, 2.524240080221132332e-01, 2.653563335601030748e-01
2.449363839385857999e-01, 2.372150193243710015e-01, 2.520939047827202018e-01, 2.657546919543229968e-01
2.445841273612154032e-01, 2.374991085392342549e-01, 2.517643410374474922e-01, 2.661524230621029607e-01
2.442323339475838684e-01, 2.377828241395150977e-01, 2.514353158267889077e-01, 2.665495260861121540e-01
2.438810027556104765e-01, 2.380661688286986322e-01, 2.511068281696874904e-01, 2.669460002460032344e-01
2.435301328321906877e-01, 2.383491453258036463e-01, 2.507788770638152975e-01, 2.673418447781905627e-01
2.431797232133966757e-01, 2.386317563651224050e-01, 2.504514614858521782e-01, 2.677370589356288244e-01
2.428297729246788050e-01, 2.389140046959626340e-01, 2.501245803917652721e-01, 2.681316419875933721e-01
2.424802809810645277e-01, 2.391958930823895046e-01, 2.497982327170864547e-01, 2.685255932194595685e-01
2.421312463873576126e-01, 2.394774243029690886e-01, 2.494724173771901143e-01, 2.689189119324830735e-01
2.417826681383363763e-01, 2.397586011505126458e-01, 2.491471332675698758e-01, 2.693115974435809079e-01
2.414345452189506636e-01, 2.400394264318221338e-01, 2.488223792641146015e-01, 2.697036490851126289e-01
2.410868766045182743e-01, 2.403199029674361886e-01, 2.484981542233836160e-01, 2.700950662046618933e-01
2.407396612609208897e-01, 2.406000335913781873e-01, 2.481744569828818192e-01, 2.704858481648189650e-01
2.403928981447985835e-01, 2.408798211509043663e-01, 2.478512863613333006e-01, 2.708759943429636663e-01
2.400465862037435005e-01, 2.411592685062534103e-01, 2.475286411589543156e-01, 2.712655041310487181e-01
2.397007243764930073e-01, 2.414383785303972074e-01, 2.472065201577259008e-01, 2.716543769353838567e-01
2.393553115931217612e-01, 2.417171541087927422e-01, 2.468849221216650736e-01, 2.720426121764203953e-01
2.390103467752327793e-01, 2.419955981391349875e-01, 2.465638457970957265e-01, 2.724302092885365623e-01
2.386658288361475089e-01, 2.422737135311105738e-01, 2.462432899129182451e-01, 2.728171677198235612e-01
2.383217566810953703e-01, 2.425515032061535681e-01, 2.459232531808784317e-01, 2.732034869318725190e-01
2.379781292074019949e-01, 2.428289700972012521e-01, 2.456037342958355407e-01, 2.735891663995611012e-01
2.376349453046765758e-01, 2.431061171484518724e-01, 2.452847319360293432e-01, 2.739742056108422363e-01
2.372922038549980794e-01, 2.433829473151230549e-01, 2.449662447633460527e-01, 2.743586040665328962e-01
2.369499037331012636e-01, 2.436594635632120254e-01, 2.446482714235835854e-01, 2.747423612801031534e-01
2.366080438065605029e-01, 2.439356688692561892e-01, 2.443308105467159874e-01, 2.751254767774674037e-01
2.362666229359735581e-01, 2.442115662200957660e-01, 2.440138607471561971e-01, 2.755079500967745898e-01
2.359256399751440136e-01, 2.444871586126366181e-01, 2.436974206240183072e-01, 2.758897807882009778e-01
2.355850937712627435e-01, 2.447624490536156883e-01, 2.433814887613789113e-01, 2.762709684137425459e-01
2.352449831650883505e-01, 2.450374405593660210e-01, 2.430660637285368131e-01, 2.766515125470087044e-01
2.349053069911263281e-01, 2.453121361555845314e-01, 2.427511440802723186e-01, 2.770314127730167941e-01
2.345660640778079176e-01, 2.455865388770998026e-01, 2.424367283571048082e-01, 2.774106686879875272e-01
2.342272532476669111e-01, 2.458606517676421299e-01, 2.421228150855499195e-01, 2.777892798991412060e-01
2.338888733175161772e-01, 2.461344778796138721e-01, 2.418094027783749267e-01, 2.781672460244950518e-01
2.335509230986231033e-01, 2.464080202738620218e-01, 2.414964899348535088e-01, 2.785445666926614772e-01
2.332134013968832909e-01, 2.466812820194511924e-01, 2.411840750410190470e-01, 2.789212415426464142e-01
2.328763070129940826e-01, 2.469542661934383820e-01, 2.408721565699169787e-01, 2.792972702236506399e-01
2.325396387426260092e-01, 2.472269758806488471e-01, 2.405607329818556517e-01, 2.796726523948694920e-01
2.322033953765945125e-01, 2.474994141734534470e-01, 2.402498027246564860e-01, 2.800473877252955268e-01
2.318675757010291161e-01, 2.477715841715467937e-01, 2.399393642339025523e-01, 2.804214758935215102e-01
2.315321784975424013e-01, 2.480434889817272892e-01, 2.396294159331862073e-01, 2.807949165875441300e-01
2.311972025433977618e-01, 2.483151317176779393e-01, 2.393199562343549525e-01, 2.811677095045693187e-01
2.308626466116759091e-01, 2.485865154997491389e-01, 2.390109835377569603e-01, 2.815398543508180196e-01
2.305285094714400462e-01, 2.488576434547418170e-01, 2.387024962324844901e-01, 2.819113508413337299e-01
2.301947898879006527e-01, 2.491285187156927761e-01, 2.383944926966165556e-01, 2.822821986997900434e-01
2.298614866225782705e-01, 2.493991444216608622e-01, 2.380869712974602870e-01, 2.826523976583005804e-01
2.295285984334659857e-01, 2.496695237175143856e-01, 2.377799303917905727e-01, 2.830219474572289173e-01
2.291961240751899942e-01, 2.499396597537207054e-01, 2.374733683260891737e-01, 2.833908478450000157e-01
2.288640622991697238e-01, 2.502095556861354542e-01, 2.371672834367818394e-01, 2.837590985779131492e-01
2.285324118537763183e-01, 2.504792146757948146e-01, 2.368616740504741469e-01, 2.841266994199547757e-01
2.282011714844904282e-01, 2.507486398887082690e-01, 2.365565384841869512e-01, 2.844936501426144071e-01
2.278703399340585578e-01, 2.510178344956527363e-01, 2.362518750455891436e-01, 2.848599505246995345e-01
2.275399159426483298e-01, 2.512868016719682629e-01, 2.359476820332300773e-01, 2.852256003521533856e-01
2.272098982480024731e-01, 2.515555445973544635e-01, 2.356439577367702154e-01, 2.855905994178727370e-01
2.268802855855922007e-01, 2.518240664556692376e-01, 2.353407004372108369e-01, 2.859549475215277248e-01
2.265510766887686434e-01, 2.520923704347281524e-01, 2.350379084071211877e-01, 2.863186444693819332e-01
2.262222702889138404e-01, 2.523604597261050464e-01, 2.347355799108664098e-01, 2.866816900741145924e-01
2.258938651155902311e-01, 2.526283375249346319e-01, 2.344337132048319727e-01, 2.870440841546433308e-01
2.255658598966887030e-01, 2.528960070297154861e-01, 2.341323065376475221e-01, 2.874058265359483166e-01
2.252382533585765567e-01, 2.531634714421154841e-01, 2.338313581504102845e-01, 2.877669170488976191e-01
2.249110442262428622e-01, 2.534307339667777326e-01, 2.335308662769052523e-01, 2.881273555300741251e-01
2.245842312234436200e-01, 2.536977978111279453e-01, 2.332308291438253411e-01, 2.884871418216029548e-01
2.242578130728458130e-01, 2.539646661851835407e-01, 2.329312449709901311e-01, 2.888462757709805429e-01
2.239317884961695704e-01, 2.542313423013635720e-01, 2.326321119715617503e-01, 2.892047572309050518e-01
2.236061562143299153e-01, 2.544978293743005993e-01, 2.323334283522615340e-01, 2.895625860591079515e-01
2.232809149475768473e-01, 2.547641306206529510e-01, 2.320351923135834382e-01, 2.899197621181867079e-01
2.229560634156346199e-01, 2.550302492589196501e-01, 2.317374020500069243e-01, 2.902762852754388057e-01
2.226316003378396302e-01, 2.552961885092551175e-01, 2.314400557502082345e-01, 2.906321554026968235e-01
2.223075244332772260e-01, 2.555619515932865959e-01, 2.311431515972702522e-01, 2.909873723761658426e-01
2.219838344209172920e-01, 2.558275417339319069e-01, 2.308466877688906127e-01, 2.913419360762602994e-01
2.216605290197488365e-01, 2.560929621552189284e-01, 2.305506624375890934e-01, 2.916958463874431695e-01
2.213376069489132458e-01, 2.563582160821064604e-01, 2.302550737709127826e-01, 2.920491031980674834e-01
2.210150669278364843e-01, 2.566233067403064783e-01, 2.299599199316403608e-01, 2.924017064002165656e-01
2.206929076763601560e-01, 2.568882373561068300e-01, 2.296651990779845776e-01, 2.927536558895482699e-01
2.203711279148710400e-01, 2.571530111561969867e-01, 2.293709093637935348e-01, 2.931049515651384940e-01
2.200497263644302093e-01, 2.574176313674929606e-01, 2.290770489387502495e-01, 2.934555933293266361e-01
2.197287017469002068e-01, 2.576821012169651093e-01, 2.287836159485711618e-01, 2.938055810875634388e-01
2.194080527850718332e-01, 2.579464239314670504e-01, 2.284906085352029492e-01, 2.941549147482581117e-01
2.190877782027889353e-01, 2.582106027375646873e-01, 2.281980248370174824e-01, 2.945035942226287284e-01
2.187678767250728906e-01, 2.584746408613682878e-01, 2.279058629890063914e-01, 2.948516194245525135e-01
2.184483470782450643e-01, 2.587385415283642298e-01, 2.276141211229728289e-01, 2.951989902704180158e-01
2.181291879900490727e-01, 2.590023079632491343e-01, 2.273227973677229563e-01, 2.955457066789788367e-01
2.178103981897713537e-01, 2.592659433897648857e-01, 2.270318898492555137e-01, 2.958917685712084134e-01
2.174919764083602658e-01, 2.595294510305345415e-01, 2.267413966909493928e-01, 2.962371758701559110e-01
2.171739213785449374e-01, 2.597928341069004610e-01, 2.264513160137506809e-01, 2.965819285008038375e-01
2.168562318349523677e-01, 2.600560958387627686e-01, 2.261616459363578746e-01, 2.969260263899269336e-01
2.165389065142232505e-01, 2.603192394444193702e-01, 2.258723845754052884e-01, 2.972694694659520631e-01
2.162219441551272714e-01, 2.605822681404076357e-01, 2.255835300456452974e-01, 2.976122576588197677e-01
2.159053434986767661e-01, 2.608451851413466360e-01, 2.252950804601295265e-01, 2.979543908998470991e-01
2.155891032882395475e-01, 2.611079936597811568e-01, 2.250070339303877065e-01, 2.982958691215915614e-01
2.152732222696502329e-01, 2.613706969060268226e-01, 2.247193885666057822e-01, 2.986366922577171068e-01
2.149576991913212110e-01, 2.616332980880163306e-01, 2.244321424778024932e-01, 2.989768602428601318e-01
2.146425328043511660e-01, 2.618958004111469062e-01, 2.241452937720036787e-01, 2.993163730124982491e-01
2.143277218626343239e-01, 2.621582070781293683e-01, 2.238588405564167216e-01, 2.996552305028195029e-01
2.140132651229668115e-01, 2.624205212888377492e-01, 2.235727809376019670e-01, 2.999934326505933613e-01
2.136991613451529326e-01, 2.626827462401607471e-01, 2.232871130216435296e-01, 3.003309793930428184e-01
2.133854092921101120e-01, 2.629448851258540665e-01, 2.230018349143182421e-01, 3.006678706677176627e-01
2.130720077299725901e-01, 2.632069411363938127e-01, 2.227169447212638820e-01, 3.010041064123697430e-01
2.127589554281943129e-01, 2.634689174588320526e-01, 2.224324405481449274e-01, 3.013396865648287903e-01
2.124462511596503789e-01, 2.637308172766515413e-01, 2.221483205008177308e-01, 3.016746110628801825e-01
2.121338937007377912e-01, 2.639926437696242245e-01, 2.218645826854938885e-01, 3.020088798441442068e-01
2.118218818314746010e-01, 2.642544001136687970e-01, 2.215812252089018330e-01, 3.023424928459547689e-01
2.115102143355985786e-01, 2.645160894807104257e-01, 2.212982461784480381e-01, 3.026754500052429298e-01
2.111988900006643854e-01, 2.647777150385414169e-01, 2.210156437023755582e-01, 3.030077512584185562e-01
2.108879076181396361e-01, 2.650392799506833819e-01, 2.207334158899220966e-01, 3.033393965412548021e-01
2.105772659835005167e-01, 2.653007873762497359e-01, 2.204515608514758529e-01, 3.036703857887738112e-01
2.102669638963253207e-01, 2.655622404698102512e-01, 2.201700766987308711e-01, 3.040007189351334183e-01
2.099570001603878744e-01, 2.658236423812562754e-01, 2.198889615448402779e-01, 3.043303959135156278e-01
2.096473735837492969e-01, 2.660849962556669501e-01, 2.196082135045678840e-01, 3.046594166560158690e-01
2.093380829788490383e-01, 2.663463052331771497e-01, 2.193278306944396738e-01, 3.049877810935341382e-01
2.090291271625948633e-01, 2.666075724488458087e-01, 2.190478112328920479e-01, 3.053154891556671413e-01
2.087205049564513637e-01, 2.668688010325259152e-01, 2.187681532404207041e-01, 3.056425407706020447e-01
2.084122151865282213e-01, 2.671299941087352803e-01, 2.184888548397257990e-01, 3.059689358650106161e-01
2.081042566836665275e-01, 2.673911547965288626e-01, 2.182099141558581368e-01, 3.062946743639463620e-01
2.077966282835248535e-01, 2.676522862093713151e-01, 2.179313293163622212e-01, 3.066197561907414992e-01
2.074893288266638491e-01, 2.679133914550116402e-01, 2.176530984514186695e-01, 3.069441812669059244e-01
2.071823571586299817e-01, 2.681744736353582348e-01, 2.173752196939848225e-01, 3.072679495120270721e-01
2.068757121300381363e-01, 2.684355358463551555e-01, 2.170976911799347986e-01, 3.075910608436718818e-01
2.065693925966535227e-01, 2.686965811778598834e-01, 2.168205110481972453e-01, 3.079135151772893209e-01
2.062633974194722775e-01, 2.689576127135214212e-01, 2.165436774408922016e-01, 3.082353124261141830e-01
2.059577254648009004e-01, 2.692186335306596678e-01, 2.162671885034665731e-01, 3.085564525010727754e-01
2.056523756043354134e-01, 2.694796467001465134e-01, 2.159910423848282468e-01, 3.088769353106897708e-01
2.053473467152388265e-01, 2.697406552862870455e-01, 2.157152372374787352e-01, 3.091967607609955593e-01
2.050426376802176043e-01, 2.700016623467019761e-01, 2.154397712176444324e-01, 3.095159287554359318e-01
2.047382473875980768e-01, 2.702626709322119014e-01, 2.151646424854071205e-01, 3.098344391947828735e-01
2.044341747314006585e-01, 2.705236840867212833e-01, 2.148898492048322562e-01, 3.101522919770456355e-01
2.041304186114140384e-01, 2.707847048471047069e-01, 2.146153895440965353e-01, 3.104694869973847471e-01
2.038269779332675946e-01, 2.710457362430929718e-01, 2.143412616756137923e-01, 3.107860241480255858e-01
2.035238516085037808e-01, 2.713067812971611259e-01, 2.140674637761602050e-01, 3.111019033181748883e-01
2.032210385546489306e-01, 2.715678430244170549e-01, 2.137939940269972250e-01, 3.114171243939367062e-01
2.029185376952831465e-01, 2.718289244324910148e-01, 2.135208506139941176e-01, 3.117316872582316933e-01
2.026163479601093831e-01, 2.720900285214263303e-01, 2.132480317277485882e-01, 3.120455917907156707e-01
2.023144682850219200e-01, 2.723511582835704825e-01, 2.129755355637063252e-01, 3.123588378677011335e-01
2.020128976121731146e-01, 2.726123167034686379e-01, 2.127033603222795999e-01, 3.126714253620787032e-01
2.017116348900399592e-01, 2.728735067577559570e-01, 2.124315042089637284e-01, 3.129833541432404109e-01
2.014106790734893626e-01, 2.731347314150526784e-01, 2.121599654344533958e-01, 3.132946240770045354e-01
2.011100291238429316e-01, 2.733959936358593690e-01, 2.118887422147566479e-01, 3.136052350255411070e-01
2.008096840089398372e-01, 2.736572963724528962e-01, 2.116178327713083007e-01, 3.139151868472988549e-01
2.005096427032004580e-01, 2.739186425687840654e-01, 2.113472353310819341e-01, 3.142244793969336536e-01
2.002099041876869989e-01, 2.741800351603752017e-01, 2.110769481267001924e-01, 3.145331125252376347e-01
1.999104674501654133e-01, 2.744414770742195087e-01, 2.108069693965450297e-01, 3.148410860790700760e-01
1.996113314851648002e-01, 2.747029712286808700e-01, 2.105372973848650131e-01, 3.151483999012892889e-01
1.993124952940367178e-01, 2.749645205333945963e-01, 2.102679303418830137e-01, 3.154550538306856167e-01
1.990139578850134705e-01, 2.752261278891690588e-01, 2.099988665239015118e-01, 3.157610477019159867e-01
1.987157182732653404e-01, 2.754877961878883230e-01, 2.097301041934074850e-01, 3.160663813454390181e-01
1.984177754809571814e-01, 2.757495283124155039e-01, 2.094616416191754094e-01, 3.163710545874520164e-01
1.981201285373041521e-01, 2.760113271364968979e-01, 2.091934770763698437e-01, 3.166750672498290231e-01
1.978227764786265885e-01, 2.762731955246676141e-01, 2.089256088466459049e-01, 3.169784191500599202e-01
1.975257183484037671e-01, 2.765351363321567613e-01, 2.086580352182493825e-01, 3.172811101011900892e-01
1.972289531973272503e-01, 2.767971524047947995e-01, 2.083907544861150485e-01, 3.175831399117629017e-01
1.969324800833530120e-01, 2.770592465789211700e-01, 2.081237649519641353e-01, 3.178845083857615994e-01
1.966362980717531739e-01, 2.773214216812925903e-01, 2.078570649244007307e-01, 3.181852153225535051e-01
1.963404062351664647e-01, 2.775836805289921827e-01, 2.075906527190065631e-01, 3.184852605168346784e-01
1.960448036536480976e-01, 2.778460259293399903e-01, 2.073245266584351210e-01, 3.187846437585767356e-01
1.957494894147188691e-01, 2.781084606798033820e-01, 2.070586850725041617e-01, 3.190833648329734484e-01
1.954544626134134822e-01, 2.783709875679092893e-01, 2.067931262982876661e-01, 3.193814235203894514e-01
1.951597223523277302e-01, 2.786336093711560546e-01, 2.065278486802060443e-01, 3.196788195963100598e-01
1.948652677416654044e-01, 2.788963288569272225e-01, 2.062628505701156467e-01, 3.199755528312917541e-01
1.945710978992840345e-01, 2.791591487824051643e-01, 2.059981303273966946e-01, 3.202716229909140511e-01
1.942772119507399919e-01, 2.794220718944862569e-01, 2.057336863190409315e-01, 3.205670298357327641e-01
1.939836090293327875e-01, 2.796851009296960067e-01, 2.054695169197369997e-01, 3.208617731212340951e-01
1.936902882761487865e-01, 2.799482386141058377e-01, 2.052056205119559551e-01, 3.211558525977894485e-01
1.933972488401036749e-01, 2.802114876632495477e-01, 2.049419954860344784e-01, 3.214492680106122990e-01
1.931044898779847030e-01, 2.804748507820418180e-01, 2.046786402402581417e-01, 3.217420190997154483e-01
1.928120105544919305e-01, 2.807383306646958898e-01, 2.044155531809424553e-01, 3.220341055998696689e-01
1.925198100422787773e-01, 2.810019299946438509e-01, 2.041527327225142741e-01, 3.223255272405632366e-01
1.922278875219916028e-01, 2.812656514444553668e-01, 2.038901772875902629e-01, 3.226162837459628507e-01
1.919362421823091192e-01, 2.815294976757595213e-01, 2.036278853070561945e-01, 3.229063748348751650e-01
1.916448732199803606e-01, 2.817934713391655466e-01, 2.033658552201439984e-01, 3.231958002207102054e-01
1.913537798398625422e-01, 2.820575750741849408e-01, 2.031040854745079505e-01, 3.234845596114446775e-01
1.910629612549576972e-01, 2.823218115091541969e-01, 2.028425745263002788e-01, 3.237726527095877160e-01
1.907724166864492588e-01, 2.825861832611589186e-01, 2.025813208402452159e-01, 3.240600792121466345e-01
1.904821453637368933e-01, 2.828506929359567712e-01, 2.023203228897125228e-01, 3.243468388105938405e-01
1.901921465244718890e-01, 2.831153431279033739e-01, 2.020595791567891542e-01, 3.246329311908355275e-01
1.899024194145909339e-01, 2.833801364198770267e-01, 2.017990881323512009e-01, 3.249183560331807552e-01
1.896129632883493954e-01, 2.836450753832054361e-01, 2.015388483161335842e-01, 3.252031130123115843e-01
1.893237774083542657e-01, 2.839101625775918292e-01, 2.012788582167994167e-01, 3.254872017972544884e-01
1.890348610455959422e-01, 2.841754005510430114e-01, 2.010191163520083091e-01, 3.257706220513527096e-01
1.887462134794798130e-01, 2.844407918397968138e-01, 2.007596212484834830e-01, 3.260533734322398347e-01
1.884578339978566497e-01, 2.847063389682514267e-01, 2.005003714420782179e-01, 3.263354555918137057e-01
1.881697218970529717e-01, 2.849720444488940685e-01, 2.002413654778409380e-01, 3.266168681762120496e-01
1.878818764818999953e-01, 2.852379107822313742e-01, 1.999826019100796604e-01, 3.268976108257889979e-01
1.875942970657626663e-01, 2.855039404567198957e-01, 1.997240793024254168e-01, 3.271776831750920489e-01
1.873069829705675260e-01, 2.857701359486967130e-01, 1.994657962278944541e-01, 3.274570848528411404e-01
1.870199335268303564e-01, 2.860364997223122652e-01, 1.992077512689501839e-01, 3.277358154819071112e-01
1.867331480736826033e-01, 2.863030342294614616e-01, 1.989499430175632189e-01, 3.280138746792925497e-01
1.864466259588979657e-01, 2.865697419097174570e-01, 1.986923700752713795e-01, 3.282912620561132533e-01
1.861603665389174045e-01, 2.868366251902648711e-01, 1.984350310532380091e-01, 3.285679772175797431e-01
1.858743691788746211e-01, 2.871036864858338422e-01, 1.981779245723103433e-01, 3.288440197629812212e-01
1.855886332526199556e-01, 2.873709281986348008e-01, 1.979210492630756879e-01, 3.291193892856694170e-01
1.853031581427442009e-01, 2.876383527182938549e-01, 1.976644037659180952e-01, 3.293940853730438767e-01
1.850179432406017233e-01, 2.879059624217879532e-01, 1.974079867310728764e-01, 3.296681076065374749e-01
1.847329879463328883e-01, 2.881737596733819351e-01, 1.971517968186811409e-01, 3.299414555616040357e-01
1.844482916688859608e-01, 2.884417468245651928e-01, 1.968958326988430318e-01, 3.302141288077059533e-01
1.841638538260384206e-01, 2.887099262139886657e-01, 1.966400930516700452e-01, 3.304861269083028130e-01
1.838796738444178069e-01, 2.889783001674035012e-01, 1.963845765673368216e-01, 3.307574494208418980e-01
1.835957511595216196e-01, 2.892468709975989927e-01, 1.961292819461316894e-01, 3.310280958967476983e-01
1.833120852157370806e-01, 2.895156410043419615e-01, 1.958742078985067081e-01, 3.312980658814143053e-01
1.830286754663600357e-01, 2.897846124743159169e-01, 1.956193531451263234e-01, 3.315673589141976962e-01
1.827455213736135231e-01, 2.900537876810614368e-01, 1.953647164169160511e-01, 3.318359745284090168e-01
1.824626224086656201e-01, 2.903231688849166048e-01, 1.951102964551093000e-01, 3.321039122513084196e-01
1.821799780516466793e-01, 2.905927583329581121e-01, 1.948560920112943073e-01, 3.323711716041010122e-01
1.818975877916660655e-01, 2.908625582589424163e-01, 1.946021018474595743e-01, 3.326377521019319716e-01
1.816154511268287530e-01, 2.911325708832485093e-01, 1.943483247360388022e-01, 3.329036532538839355e-01
1.813335675642507028e-01, 2.914027984128199078e-01, 1.940947594599548853e-01, 3.331688745629744486e-01
1.810519366200741553e-01, 2.916732430411076993e-01, 1.938414048126635703e-01, 3.334334155261546306e-01
1.807705578194822027e-01, 2.919439069480142535e-01, 1.935882595981951726e-01, 3.336972756343084545e-01
1.804894306967131379e-01, 2.922147922998371006e-01, 1.933353226311969042e-01, 3.339604543722529684e-01
1.802085547950736666e-01, 2.924859012492131982e-01, 1.930825927369735906e-01, 3.342229512187395168e-01
1.799279296669525074e-01, 2.927572359350639752e-01, 1.928300687515276668e-01, 3.344847656464557950e-01
1.796475548738325489e-01, 2.930287984825407643e-01, 1.925777495215987567e-01, 3.347458971220279023e-01
1.793674299863032562e-01, 2.933005910029702346e-01, 1.923256339047018926e-01, 3.350063451060246722e-01
1.790875545840719396e-01, 2.935726155938009341e-01, 1.920737207691657067e-01, 3.352661090529614474e-01
1.788079282559751626e-01, 2.938448743385500550e-01, 1.918220089941692630e-01, 3.355251884113055749e-01
1.785285505999891220e-01, 2.941173693067499206e-01, 1.915704974697786667e-01, 3.357835826234821797e-01
1.782494212232399455e-01, 2.943901025538967486e-01, 1.913191850969822305e-01, 3.360412911258809365e-01
1.779705397420132118e-01, 2.946630761213970828e-01, 1.910680707877258078e-01, 3.362983133488638976e-01
1.776919057817631098e-01, 2.949362920365173335e-01, 1.908171534649465428e-01, 3.365546487167729861e-01
1.774135189771212373e-01, 2.952097523123322076e-01, 1.905664320626064001e-01, 3.368102966479402105e-01
1.771353789719046501e-01, 2.954834589476739160e-01, 1.903159055257249710e-01, 3.370652565546963242e-01
1.768574854191240497e-01, 2.957574139270820468e-01, 1.900655728104113651e-01, 3.373195278433825384e-01
1.765798379809904450e-01, 2.960316192207529951e-01, 1.898154328838954907e-01, 3.375731099143610692e-01
1.763024363289226182e-01, 2.963060767844911125e-01, 1.895654847245586416e-01, 3.378260021620276832e-01
1.760252801435531478e-01, 2.965807885596590809e-01, 1.893157273219633896e-01, 3.380782039748243539e-01
1.757483691147346538e-01, 2.968557564731296727e-01, 1.890661596768828667e-01, 3.383297147352528622e-01
1.754717029415450991e-01, 2.971309824372363462e-01, 1.888167808013291593e-01, 3.385805338198894510e-01
1.751952813322929792e-01, 2.974064683497264494e-01, 1.885675897185812855e-01, 3.388306605993992027e-01
1.749191040045220691e-01, 2.976822160937128148e-01, 1.883185854632123957e-01, 3.390800944385525817e-01
1.746431706850156418e-01, 2.979582275376267964e-01, 1.880697670811162792e-01, 3.393288346962413105e-01
1.743674811098000488e-01, 2.982345045351711965e-01, 1.878211336295328715e-01, 3.395768807254958555e-01
1.740920350241484671e-01, 2.985110489252740251e-01, 1.875726841770743170e-01, 3.398242318735032463e-01
1.738168321825836471e-01, 2.987878625320420367e-01, 1.873244178037486163e-01, 3.400708874816255611e-01
1.735418723488807435e-01, 2.990649471647155444e-01, 1.870763336009843292e-01, 3.403168468854194662e-01
1.732671552960690087e-01, 2.993423046176218461e-01, 1.868284306716531673e-01, 3.405621094146558114e-01
1.729926808064343458e-01, 2.996199366701315370e-01, 1.865807081300934200e-01, 3.408066743933406695e-01
1.727184486715198086e-01, 2.998978450866127132e-01, 1.863331651021314095e-01, 3.410505411397361519e-01
1.724444586921272671e-01, 3.001760316163868958e-01, 1.860858007251031676e-01, 3.412937089663826140e-01
1.721707106783176844e-01, 3.004544979936853433e-01, 1.858386141478752529e-01, 3.415361771801215807e-01
1.718972044494114504e-01, 3.007332459376049205e-01, 1.855916045308650397e-01, 3.417779450821186171e-01
1.716239398339881317e-01, 3.010122771520645224e-01, 1.853447710460601749e-01, 3.420190119678871432e-01
1.713509166698860275e-01, 3.012915933257627743e-01, 1.850981128770377293e-01, 3.422593771273135799e-01
1.710781348042011429e-01, 3.015711961321344003e-01, 1.848516292189824883e-01, 3.424990398446818851e-01
1.708055940932861616e-01, 3.018510872293086456e-01, 1.846053192787051322e-01, 3.427379993986999773e-01
1.705332944027484754e-01, 3.021312682600666433e-01, 1.843591822746590836e-01, 3.429762550625257145e-01
1.702612356074484079e-01, 3.024117408517998373e-01, 1.841132174369574659e-01, 3.432138061037943166e-01
1.699894175914967720e-01, 3.026925066164684042e-01, 1.838674240073892019e-01, 3.434506517846457330e-01
1.697178402482522330e-01, 3.029735671505602856e-01, 1.836218012394343624e-01, 3.436867913617532300e-01
1.694465034803181169e-01, 3.032549240350502773e-01, 1.833763483982796538e-01, 3.439222240863518687e-01
1.691754071995392739e-01, 3.035365788353593941e-01, 1.831310647608323794e-01, 3.441569492042688139e-01
1.689045513269980259e-01, 3.038185331013148471e-01, 1.828859496157345943e-01, 3.443909659559524217e-01
1.686339357930104477e-01, 3.041007883671097978e-01, 1.826410022633765118e-01, 3.446242735765033816e-01
1.683635605371214261e-01, 3.043833461512636673e-01, 1.823962220159089376e-01, 3.448568712957059690e-01
1.680934255081005246e-01, 3.046662079565835013e-01, 1.821516081972562318e-01, 3.450887583380597423e-01
1.678235306639366264e-01, 3.049493752701238347e-01, 1.819071601431274665e-01, 3.453199339228120723e-01
1.675538759718324944e-01, 3.052328495631488336e-01, 1.816628772010280002e-01, 3.455503972639907828e-01
1.672844614081991643e-01, 3.055166322910929932e-01, 1.814187587302699967e-01, 3.457801475704378458e-01
1.670152869586500888e-01, 3.058007248935235012e-01, 1.811748041019828614e-01, 3.460091840458435763e-01
1.667463526179944477e-01, 3.060851287941022125e-01, 1.809310126991228174e-01, 3.462375058887805501e-01
1.664776583902308482e-01, 3.063698454005474581e-01, 1.806873839164820084e-01, 3.464651122927396854e-01
1.662092042885402743e-01, 3.066548761045974625e-01, 1.804439171606973258e-01, 3.466920024461648819e-01
1.659409903352788151e-01, 3.069402222819723192e-01, 1.802006118502587628e-01, 3.469181755324902694e-01
1.656730165619702266e-01, 3.072258852923376304e-01, 1.799574674155166587e-01, 3.471436307301754010e-01
1.654052830092979653e-01, 3.075118664792680367e-01, 1.797144832986895535e-01, 3.473683672127443889e-01
1.651377897270973338e-01, 3.077981671702104682e-01, 1.794716589538703500e-01, 3.475923841488219312e-01
1.648705367743467931e-01, 3.080847886764480070e-01, 1.792289938470329747e-01, 3.478156807021721142e-01
1.646035242191595249e-01, 3.083717322930645821e-01, 1.789864874560380958e-01, 3.480382560317377694e-01
1.643367521387743835e-01, 3.086589992989087206e-01, 1.787441392706383414e-01, 3.482601092916784435e-01
1.640702206195465696e-01, 3.089465909565587420e-01, 1.785019487924834336e-01, 3.484812396314112548e-01
1.638039297569382768e-01, 3.092345085122871762e-01, 1.782599155351242415e-01, 3.487016461956503055e-01
1.635378796555090886e-01, 3.095227531960262346e-01, 1.780180390240170829e-01, 3.489213281244475384e-01
1.632720704289053471e-01, 3.098113262213334496e-01, 1.777763187965271663e-01, 3.491402845532340371e-01
1.630065021998505781e-01, 3.101002287853564798e-01, 1.775347544019314494e-01, 3.493585146128614927e-01
1.627411751001344720e-01, 3.103894620687998596e-01, 1.772933454014216648e-01, 3.495760174296440592e-01
1.624760892706022253e-01, 3.106790272358904703e-01, 1.770520913681061792e-01, 3.497927921254010974e-01
1.622112448611435498e-01, 3.109689254343444009e-01, 1.768109918870119091e-01, 3.500088378175001957e-01
1.619466420306812371e-01, 3.112591577953329747e-01, 1.765700465550857634e-01, 3.502241536189000248e-01
1.616822809471597233e-01, 3.115497254334501087e-01, 1.763292549811953658e-01, 3.504387386381948577e-01
1.614181617875331820e-01, 3.118406294466788409e-01, 1.760886167861296647e-01, 3.506525919796583679e-01
1.611542847377537002e-01, 3.121318709163586891e-01, 1.758481316025991004e-01, 3.508657127432885381e-01
1.608906499927587330e-01, 3.124234509071536769e-01, 1.756077990752351603e-01, 3.510781000248524020e-01
1.606272577564588078e-01, 3.127153704670193046e-01, 1.753676188605898245e-01, 3.512897529159320076e-01
1.603641082417248676e-01, 3.130076306271706854e-01, 1.751275906271341498e-01, 3.515006705039703250e-01
1.601012016703750040e-01, 3.133002324020507379e-01, 1.748877140552571596e-01, 3.517108518723169874e-01
1.598385382731616622e-01, 3.135931767892988775e-01, 1.746479888372636513e-01, 3.519202961002758645e-01
1.595761182897579844e-01, 3.138864647697187094e-01, 1.744084146773718647e-01, 3.521290022631514693e-01
1.593139419687443215e-01, 3.141800973072477188e-01, 1.741689912917110672e-01, 3.523369694322968648e-01
1.590520095675944656e-01, 3.144740753489256857e-01, 1.739297184083183345e-01, 3.525441966751616807e-01
1.587903213526613844e-01, 3.147683998248639314e-01, 1.736905957671349698e-01, 3.527506830553396311e-01
1.585288775991634536e-01, 3.150630716482151206e-01, 1.734516231200030068e-01, 3.529564276326184191e-01
1.582676785911692474e-01, 3.153580917151423968e-01, 1.732128002306608239e-01, 3.531614294630274764e-01
1.580067246215839383e-01, 3.156534609047894069e-01, 1.729741268747385374e-01, 3.533656875988882007e-01
1.577460159921334204e-01, 3.159491800792498806e-01, 1.727356028397534216e-01, 3.535692010888634162e-01
1.574855530133499049e-01, 3.162452500835388203e-01, 1.724972279251042462e-01, 3.537719689780069454e-01
1.572253360045567094e-01, 3.165416717455617479e-01, 1.722590019420660035e-01, 3.539739903078155114e-01
1.569653652938524935e-01, 3.168384458760862277e-01, 1.720209247137837183e-01, 3.541752641162776993e-01
1.567056412180958258e-01, 3.171355732687118345e-01, 1.717829960752662588e-01, 3.543757894379262474e-01
1.564461641228895306e-01, 3.174330546998417324e-01, 1.715452158733796195e-01, 3.545755653038890065e-01
1.561869343625646722e-01, 3.177308909286538086e-01, 1.713075839668401767e-01, 3.547745907419411759e-01
1.559279523001642354e-01, 3.180290826970717522e-01, 1.710701002262069725e-01, 3.549728647765569844e-01
1.556692183074270541e-01, 3.183276307297368546e-01, 1.708327645338743317e-01, 3.551703864289618706e-01
1.554107327647711034e-01, 3.186265357339791437e-01, 1.705955767840638682e-01, 3.553671547171859957e-01
1.551524960612770399e-01, 3.189257983997904056e-01, 1.703585368828160473e-01, 3.555631686561163685e-01
1.548945085946714095e-01, 3.192254193997954292e-01, 1.701216447479819427e-01, 3.557584272575510798e-01
1.546367707713094952e-01, 3.195253993892244737e-01, 1.698849003092137155e-01, 3.559529295302521490e-01
1.543792830061582744e-01, 3.198257390058859007e-01, 1.696483035079560109e-01, 3.561466744799999251e-01
1.541220457227790441e-01, 3.201264388701384744e-01, 1.694118542974358821e-01, 3.563396611096467104e-01
1.538650593533101019e-01, 3.204274995848646612e-01, 1.691755526426532152e-01, 3.565318884191719384e-01
1.536083243384491759e-01, 3.207289217354433730e-01, 1.689393985203706261e-01, 3.567233554057366862e-01
1.533518411274354953e-01, 3.210307058897230448e-01, 1.687033919191028020e-01, 3.569140610637385191e-01
1.530956101780319989e-01, 3.213328525979952111e-01, 1.684675328391059268e-01, 3.571040043848667800e-01
1.528396319565072659e-01, 3.216353623929678607e-01, 1.682318212923664402e-01, 3.572931843581583777e-01
1.525839069376173918e-01, 3.219382357897391245e-01, 1.679962573025901851e-01, 3.574815999700534652e-01
1.523284356045876142e-01, 3.222414732857711850e-01, 1.677608409051900007e-01, 3.576692502044512834e-01
1.520732184490939387e-01, 3.225450753608642973e-01, 1.675255721472747039e-01, 3.578561340427669490e-01
1.518182559712445423e-01, 3.228490424771312539e-01, 1.672904510876364603e-01, 3.580422504639875769e-01
1.515635486795609832e-01, 3.231533750789714055e-01, 1.670554777967383497e-01, 3.582275984447293449e-01
1.513090970909593269e-01, 3.234580735930449036e-01, 1.668206523567017097e-01, 3.584121769592940598e-01
1.510549017307313557e-01, 3.237631384282482205e-01, 1.665859748612933677e-01, 3.585959849797269450e-01
1.508009631325255284e-01, 3.240685699756885030e-01, 1.663514454159122358e-01, 3.587790214758737051e-01
1.505472818383274403e-01, 3.243743686086584255e-01, 1.661170641375755985e-01, 3.589612854154385357e-01
1.502938583984407828e-01, 3.246805346826117655e-01, 1.658828311549058188e-01, 3.591427757640416885e-01
1.500406933714679147e-01, 3.249870685351385347e-01, 1.656487466081159876e-01, 3.593234914852775352e-01
1.497877873242901836e-01, 3.252939704859405534e-01, 1.654148106489959358e-01, 3.595034315407734105e-01
1.495351408320483300e-01, 3.256012408368068600e-01, 1.651810234408975786e-01, 3.596825948902472869e-01
1.492827544781228366e-01, 3.259088798715899515e-01, 1.649473851587200945e-01, 3.598609804915672838e-01
1.490306288541138613e-01, 3.262168878561813590e-01, 1.647138959888950760e-01, 3.600385873008097315e-01
1.487787645598215580e-01, 3.265252650384879440e-01, 1.644805561293714302e-01, 3.602154142723190122e-01
1.485271622032257599e-01, 3.268340116484083624e-01, 1.642473657895997530e-01, 3.603914603587662357e-01
1.482758224004658287e-01, 3.271431278978088053e-01, 1.640143251905164801e-01, 3.605667245112089137e-01
1.480247457758206986e-01, 3.274526139805003511e-01, 1.637814345645285385e-01, 3.607412056791504118e-01
1.477739329616883091e-01, 3.277624700722152618e-01, 1.635486941554966100e-01, 3.609149028105997914e-01
1.475233845985652048e-01, 3.280726963305840016e-01, 1.633161042187192269e-01, 3.610878148521316500e-01
1.472731013350259688e-01, 3.283832928951120889e-01, 1.630836650209158689e-01, 3.612599407489460179e-01
1.470230838277028773e-01, 3.286942598871575028e-01, 1.628513768402104767e-01, 3.614312794449292543e-01
1.467733327412649169e-01, 3.290055974099077574e-01, 1.626192399661141319e-01, 3.616018298827131661e-01
1.465238487483973562e-01, 3.293173055483573641e-01, 1.623872546995083488e-01, 3.617715910037369031e-01
1.462746325297806516e-01, 3.296293843692858494e-01, 1.621554213526270882e-01, 3.619405617483064663e-01
1.460256847740696862e-01, 3.299418339212347728e-01, 1.619237402490394939e-01, 3.621087410556562136e-01
1.457770061778726756e-01, 3.302546542344860225e-01, 1.616922117236321566e-01, 3.622761278640092564e-01
1.455285974457305731e-01, 3.305678453210400547e-01, 1.614608361225908228e-01, 3.624427211106385771e-01
1.452804592900952818e-01, 3.308814071745936891e-01, 1.612296138033823267e-01, 3.626085197319287579e-01
1.450325924313089765e-01, 3.311953397705182378e-01, 1.609985451347364649e-01, 3.627735226634363208e-01
1.447849975975828707e-01, 3.315096430658385773e-01, 1.607676304966269287e-01, 3.629377288399515122e-01
1.445376755249757894e-01, 3.318243169992111663e-01, 1.605368702802529579e-01, 3.631011371955600309e-01
1.442906269573727418e-01, 3.321393614909028402e-01, 1.603062648880202445e-01, 3.632637466637040347e-01
1.440438526464639102e-01, 3.324547764427700502e-01, 1.600758147335217541e-01, 3.634255561772442578e-01
1.437973533517228342e-01, 3.327705617382371028e-01, 1.598455202415185739e-01, 3.635865646685216279e-01
1.435511298403850944e-01, 3.330867172422757871e-01, 1.596153818479204289e-01, 3.637467710694187728e-01
1.433051828874267741e-01, 3.334032428013847249e-01, 1.593853999997658921e-01, 3.639061743114224701e-01
1.430595132755430043e-01, 3.337201382435683317e-01, 1.591555751552029274e-01, 3.640647733256855978e-01
1.428141217951260922e-01, 3.340374033783166663e-01, 1.589259077834685729e-01, 3.642225670430888074e-01
1.425690092442439827e-01, 3.343550379965844477e-01, 1.586963983648689014e-01, 3.643795543943027515e-01
1.423241764286186928e-01, 3.346730418707716259e-01, 1.584670473907589250e-01, 3.645357343098507008e-01
1.420796241616044953e-01, 3.349914147547028431e-01, 1.582378553635220286e-01, 3.646911057201705497e-01
1.418353532641662140e-01, 3.353101563836073939e-01, 1.580088227965494585e-01, 3.648456675556771001e-01
1.415913645648571861e-01, 3.356292664740991305e-01, 1.577799502142193944e-01, 3.649994187468242890e-01
1.413476588997979733e-01, 3.359487447241573665e-01, 1.575512381518763272e-01, 3.651523582241681387e-01
1.411042371126540740e-01, 3.362685908131067825e-01, 1.573226871558100204e-01, 3.653044849184289844e-01
1.408611000546142467e-01, 3.365888044015980518e-01, 1.570942977832340826e-01, 3.654557977605537022e-01
1.406182485843685548e-01, 3.369093851315881905e-01, 1.568660706022649010e-01, 3.656062956817782705e-01
1.403756835680867454e-01, 3.372303326263217382e-01, 1.566380061919002142e-01, 3.657559776136912189e-01
1.401334058793959336e-01, 3.375516464903113856e-01, 1.564101051419975741e-01, 3.659048424882951345e-01
1.398914163993590365e-01, 3.378733263093187111e-01, 1.561823680532524183e-01, 3.660528892380698340e-01
1.396497160164527629e-01, 3.381953716503358076e-01, 1.559547955371764494e-01, 3.662001167960350356e-01
1.394083056265454645e-01, 3.385177820615659083e-01, 1.557273882160757073e-01, 3.663465240958129754e-01
1.391671861328755144e-01, 3.388405570724052907e-01, 1.555001467230284484e-01, 3.664921100716908575e-01
1.389263584460292134e-01, 3.391636961934239025e-01, 1.552730717018629691e-01, 3.666368736586838595e-01
1.386858234839187520e-01, 3.394871989163479875e-01, 1.550461638071353732e-01, 3.667808137925978595e-01
1.384455821717605895e-01, 3.398110647140407115e-01, 1.548194237041070065e-01, 3.669239294100918314e-01
1.382056354420531097e-01, 3.401352930404842878e-01, 1.545928520687220309e-01, 3.670662194487404606e-01
1.379659842345549725e-01, 3.404598833307623251e-01, 1.543664495875851084e-01, 3.672076828470976495e-01
1.377266294962631032e-01, 3.407848350010412308e-01, 1.541402169579380033e-01, 3.673483185447578014e-01
1.374875721813907936e-01, 3.411101474485521701e-01, 1.539141548876374055e-01, 3.674881254824197141e-01
1.372488132513458303e-01, 3.414358200515739683e-01, 1.536882640951316714e-01, 3.676271026019485300e-01
1.370103536747086515e-01, 3.417618521694147371e-01, 1.534625453094377867e-01, 3.677652488464388525e-01
1.367721944272102530e-01, 3.420882431423946102e-01, 1.532369992701185235e-01, 3.679025631602765301e-01
1.365343364917107061e-01, 3.424149922918285349e-01, 1.530116267272589037e-01, 3.680390444892019386e-01
1.362967808581769802e-01, 3.427420989200077872e-01, 1.527864284414431340e-01, 3.681746917803722652e-01
1.360595285236613772e-01, 3.430695623101839842e-01, 1.525614051837310414e-01, 3.683095039824236250e-01
1.358225804922797153e-01, 3.433973817265513206e-01, 1.523365577356349254e-01, 3.684434800455340664e-01
1.355859377751895967e-01, 3.437255564142291941e-01, 1.521118868890956877e-01, 3.685766189214855215e-01
1.353496013905685913e-01, 3.440540855992457181e-01, 1.518873934464593511e-01, 3.687089195637262562e-01
1.351135723635926988e-01, 3.443829684885207354e-01, 1.516630782204534678e-01, 3.688403809274330425e-01
1.348778517264145604e-01, 3.447122042698484434e-01, 1.514389420341631654e-01, 3.689710019695737198e-01
1.346424405181420592e-01, 3.450417921118816289e-01, 1.512149857210074999e-01, 3.691007816489688120e-01
1.344073397848165874e-01, 3.453717311641141818e-01, 1.509912101247154192e-01, 3.692297189263538115e-01
1.341725505793915918e-01, 3.457020205568652194e-01, 1.507676160993018377e-01, 3.693578127644414066e-01
1.339380739617109517e-01, 3.460326594012620993e-01, 1.505442045090437664e-01, 3.694850621279832104e-01
1.337039109984879681e-01, 3.463636467892245996e-01, 1.503209762284559714e-01, 3.696114659838314331e-01
1.334700627632834369e-01, 3.466949817934483757e-01, 1.500979321422670765e-01, 3.697370233010011664e-01
1.332365303364846931e-01, 3.470266634673885853e-01, 1.498750731453952767e-01, 3.698617330507315004e-01
1.330033148052841285e-01, 3.473586908452444555e-01, 1.496524001429239970e-01, 3.699855942065475300e-01
1.327704172636582913e-01, 3.476910629419424636e-01, 1.494299140500778278e-01, 3.701086057443214727e-01
1.325378388123462370e-01, 3.480237787531210158e-01, 1.492076157921981006e-01, 3.702307666423347299e-01
1.323055805588287392e-01, 3.483568372551144043e-01, 1.489855063047183792e-01, 3.703520758813383940e-01
1.320736436173073625e-01, 3.486902374049372644e-01, 1.487635865331402851e-01, 3.704725324446150880e-01
1.318420291086831730e-01, 3.490239781402682540e-01, 1.485418574330088504e-01, 3.705921353180396949e-01
1.316107381605359228e-01, 3.493580583794353434e-01, 1.483203199698881480e-01, 3.707108834901405858e-01
1.313797719071034542e-01, 3.496924770213995504e-01, 1.480989751193366455e-01, 3.708287759521602944e-01
1.311491314892605231e-01, 3.500272329457401188e-01, 1.478778238668829459e-01, 3.709458116981163567e-01
1.309188180544984259e-01, 3.503623250126384758e-01, 1.476568672080008082e-01, 3.710619897248622068e-01
1.306888327569042663e-01, 3.506977520628635214e-01, 1.474361061480848889e-01, 3.711773090321474067e-01
1.304591767571403327e-01, 3.510335129177560298e-01, 1.472155417024259283e-01, 3.712917686226776537e-01
1.302298512224237814e-01, 3.513696063792137725e-01, 1.469951748961861870e-01, 3.714053675021763423e-01
1.300008573265060696e-01, 3.517060312296760860e-01, 1.467750067643747158e-01, 3.715181046794430730e-01
1.297721962496528603e-01, 3.520427862321092172e-01, 1.465550383518229305e-01, 3.716299791664150476e-01
1.295438691786237329e-01, 3.523798701299910019e-01, 1.463352707131594377e-01, 3.717409899782258553e-01
1.293158773066518663e-01, 3.527172816472963213e-01, 1.461157049127859153e-01, 3.718511361332658693e-01
1.290882218334242493e-01, 3.530550194884820581e-01, 1.458963420248519938e-01, 3.719604166532417544e-01
1.288609039650616961e-01, 3.533930823384722753e-01, 1.456771831332307476e-01, 3.720688305632353088e-01
1.286339249140988628e-01, 3.537314688626437276e-01, 1.454582293314939656e-01, 3.721763768917634163e-01
1.284072858994645405e-01, 3.540701777068110401e-01, 1.452394817228873369e-01, 3.722830546708370547e-01
1.281809881464621714e-01, 3.544092074972121087e-01, 1.450209414203058877e-01, 3.723888629360198044e-01
1.279550328867500031e-01, 3.547485568404936118e-01, 1.448026095462693064e-01, 3.724938007264871342e-01
1.277294213583218263e-01, 3.550882243236965774e-01, 1.445844872328969910e-01, 3.725978670850846330e-01
1.275041548054876295e-01, 3.554282085142417280e-01, 1.443665756218837637e-01, 3.727010610583869066e-01
1.272792344788541141e-01, 3.557685079599155475e-01, 1.441488758644748625e-01, 3.728033816967554204e-01
1.270546616353060154e-01, 3.561091211888552377e-01, 1.439313891214415719e-01, 3.729048280543971750e-01
1.268304375379865900e-01, 3.564500467095352843e-01, 1.437141165630562711e-01, 3.730053991894217713e-01
1.266065634562790199e-01, 3.567912830107524136e-01, 1.434970593690681750e-01, 3.731050941639004748e-01
1.263830406657874550e-01, 3.571328285616118259e-01, 1.432802187286785489e-01, 3.732039120439221702e-01
1.261598704483184175e-01, 3.574746818115130953e-01, 1.430635958405160613e-01, 3.733018518996524260e-01
1.259370540918622883e-01, 3.578168411901357371e-01, 1.428471919126126088e-01, 3.733989128053893380e-01
1.257145928905746834e-01, 3.581593051074254408e-01, 1.426310081623783366e-01, 3.734950938396216502e-01
1.254924881447582186e-01, 3.585020719535795819e-01, 1.424150458165776012e-01, 3.735903940850844318e-01
1.252707411608444954e-01, 3.588451400990341766e-01, 1.421993061113042411e-01, 3.736848126288171978e-01
1.250493532513757000e-01, 3.591885078944485055e-01, 1.419837902919572625e-01, 3.737783485622185875e-01
1.248283257349870612e-01, 3.595321736706923454e-01, 1.417684996132165254e-01, 3.738710009811040957e-01
1.246076599363884763e-01, 3.598761357388316484e-01, 1.415534353390185685e-01, 3.739627689857613624e-01
1.243873571863475525e-01, 3.602203923901144411e-01, 1.413385987425319623e-01, 3.740536516810060719e-01
1.241674188216715102e-01, 3.605649418959573915e-01, 1.411239911061333840e-01, 3.741436481762376864e-01
1.239478461851899332e-01, 3.609097825079316535e-01, 1.409096137213833866e-01, 3.742327575854950683e-01
1.237286406257376986e-01, 3.612549124577489890e-01, 1.406954678890022514e-01, 3.743209790275109361e-01
1.235098034981375187e-01, 3.616003299572487228e-01, 1.404815549188459800e-01, 3.744083116257678201e-01
1.232913361631831906e-01, 3.619460331983827550e-01, 1.402678761298822296e-01, 3.744947545085518525e-01
1.230732399876228039e-01, 3.622920203532027372e-01, 1.400544328501662494e-01, 3.745803068090082233e-01
1.228555163441416992e-01, 3.626382895738463064e-01, 1.398412264168172603e-01, 3.746649676651947480e-01
1.226381666113464247e-01, 3.629848389925227070e-01, 1.396282581759945018e-01, 3.747487362201362693e-01
1.224211921737479586e-01, 3.633316667214999685e-01, 1.394155294828733349e-01, 3.748316116218788352e-01
1.222045944217455687e-01, 3.636787708530901941e-01, 1.392030417016218435e-01, 3.749135930235424352e-01
1.219883747516107841e-01, 3.640261494596369052e-01, 1.389907962053768820e-01, 3.749946795833754010e-01
1.217725345654714908e-01, 3.643738005935007740e-01, 1.387787943762207876e-01, 3.750748704648068643e-01
1.215570752712959446e-01, 3.647217222870458020e-01, 1.385670376051579833e-01, 3.751541648365002701e-01
1.213419982828774779e-01, 3.650699125526259414e-01, 1.383555272920911627e-01, 3.752325618724053902e-01
1.211273050198187623e-01, 3.654183693825716617e-01, 1.381442648457984201e-01, 3.753100607518111143e-01
1.209129969075165983e-01, 3.657670907491756274e-01, 1.379332516839098244e-01, 3.753866606593979638e-01
1.206990753771468722e-01, 3.661160746046794312e-01, 1.377224892328842709e-01, 3.754623607852892730e-01
1.204855418656496369e-01, 3.664653188812599938e-01, 1.375119789279864724e-01, 3.755371603251038692e-01
1.202723978157139578e-01, 3.668148214910153526e-01, 1.373017222132641157e-01, 3.756110584800065877e-01
1.200596446757637992e-01, 3.671645803259514507e-01, 1.370917205415246032e-01, 3.756840544567600637e-01
1.198472838999432577e-01, 3.675145932579685359e-01, 1.368819753743127088e-01, 3.757561474677755253e-01
1.196353169481022272e-01, 3.678648581388465066e-01, 1.366724881818876247e-01, 3.758273367311635860e-01
1.194237452857826870e-01, 3.682153728002324766e-01, 1.364632604432004792e-01, 3.758976214707843155e-01
1.192125703842042694e-01, 3.685661350536258984e-01, 1.362542936458718545e-01, 3.759670009162980331e-01
1.190017937202508397e-01, 3.689171426903651851e-01, 1.360455892861692773e-01, 3.760354743032146563e-01
1.187914167764570206e-01, 3.692683934816141655e-01, 1.358371488689852080e-01, 3.761030408729437169e-01
1.185814410409943148e-01, 3.696198851783477068e-01, 1.356289739078144485e-01, 3.761696998728434882e-01
1.183718680076585317e-01, 3.699716155113383920e-01, 1.354210659247325477e-01, 3.762354505562704454e-01
1.181626991758563533e-01, 3.703235821911421977e-01, 1.352134264503735972e-01, 3.763002921826278935e-01
1.179539360505926365e-01, 3.706757829080845612e-01, 1.350060570239083324e-01, 3.763642240174144837e-01
1.177455801424577148e-01, 3.710282153322468912e-01, 1.347989591930225939e-01, 3.764272453322728418e-01
1.175376329676151715e-01, 3.713808771134521347e-01, 1.345921345138955116e-01, 3.764893554050371960e-01
1.173300960477892119e-01, 3.717337658812508439e-01, 1.343855845511782998e-01, 3.765505535197816722e-01
1.171229709102529631e-01, 3.720868792449070761e-01, 1.341793108779727739e-01, 3.766108389668673118e-01
1.169162590878164570e-01, 3.724402147933844054e-01, 1.339733150758097846e-01, 3.766702110429894224e-01
1.167099621188148056e-01, 3.727937700953316003e-01, 1.337675987346286788e-01, 3.767286690512248182e-01
1.165040815470970159e-01, 3.731475426990687461e-01, 1.335621634527560386e-01, 3.767862123010782271e-01
1.162986189220145961e-01, 3.735015301325723125e-01, 1.333570108368845597e-01, 3.768428401085284207e-01
1.160935757984103422e-01, 3.738557299034615533e-01, 1.331521425020530114e-01, 3.768985517960750653e-01
1.158889537366077638e-01, 3.742101394989837959e-01, 1.329475600716248651e-01, 3.769533466927836862e-01
1.156847543024000780e-01, 3.745647563859998974e-01, 1.327432651772683103e-01, 3.770072241343316866e-01
1.154809790670401626e-01, 3.749195780109701448e-01, 1.325392594589360207e-01, 3.770601834630535887e-01
1.152776296072298423e-01, 3.752746017999395445e-01, 1.323355445648445872e-01, 3.771122240279859983e-01
1.150747075051102436e-01, 3.756298251585230563e-01, 1.321321221514548394e-01, 3.771633451849118468e-01
1.148722143482517055e-01, 3.759852454718909387e-01, 1.319289938834518339e-01, 3.772135462964055774e-01
1.146701517296442457e-01, 3.763408601047543156e-01, 1.317261614337250641e-01, 3.772628267318764439e-01
1.144685212476882763e-01, 3.766966664013501331e-01, 1.315236264833489210e-01, 3.773111858676125863e-01
1.142673245061851944e-01, 3.770526616854263380e-01, 1.313213907215633747e-01, 3.773586230868250513e-01
1.140665631143284869e-01, 3.774088432602269449e-01, 1.311194558457542958e-01, 3.774051377796902029e-01
1.138662386866950288e-01, 3.777652084084767714e-01, 1.309178235614349151e-01, 3.774507293433931321e-01
1.136663528432364650e-01, 3.781217543923668933e-01, 1.307164955822264218e-01, 3.774953971821702892e-01
1.134669072092709952e-01, 3.784784784535386581e-01, 1.305154736298389795e-01, 3.775391407073513395e-01
1.132679034154750602e-01, 3.788353778130691407e-01, 1.303147594340536841e-01, 3.775819593374020733e-01
1.130693430978756409e-01, 3.791924496714554893e-01, 1.301143547327035799e-01, 3.776238524979652067e-01
1.128712278978426520e-01, 3.795496912085993824e-01, 1.299142612716553402e-01, 3.776648196219025144e-01
1.126735594620812964e-01, 3.799070995837915410e-01, 1.297144808047913933e-01, 3.777048601493358526e-01
1.124763394426249313e-01, 3.802646719356961857e-01, 1.295150150939915479e-01, 3.777439735276873489e-01
1.122795694968281854e-01, 3.806224053823353826e-01, 1.293158659091154239e-01, 3.777821592117210914e-01
1.120832512873601028e-01, 3.809802970210726114e-01, 1.291170350279847168e-01, 3.778194166635825413e-01
1.118873864821977315e-01, 3.813383439285981114e-01, 1.289185242363656003e-01, 3.778557453528386678e-01
1.116919767546195458e-01, 3.816965431609113391e-01, 1.287203353279514351e-01, 3.778911447565176385e-01
1.114970237831997835e-01, 3.820548917533058142e-01, 1.285224701043459483e-01, 3.779256143591485095e-01
1.113025292518022291e-01, 3.824133867203526327e-01, 1.283249303750456094e-01, 3.779591536527994733e-01
1.111084948495750235e-01, 3.827720250558841464e-01, 1.281277179574233649e-01, 3.779917621371173819e-01
1.109149222709447935e-01, 3.831308037329773097e-01, 1.279308346767120408e-01, 3.780234393193658837e-01
1.107218132156118778e-01, 3.834897197039373040e-01, 1.277342823659873561e-01, 3.780541847144635592e-01
1.105291693885454146e-01, 3.838487699002806064e-01, 1.275380628661522964e-01, 3.780839978450216687e-01
1.103369924999784701e-01, 3.842079512327186697e-01, 1.273421780259208491e-01, 3.781128782413820111e-01
1.101452842654038894e-01, 3.845672605911404918e-01, 1.271466297018018776e-01, 3.781408254416537273e-01
1.099540464055698413e-01, 3.849266948445956849e-01, 1.269514197580837722e-01, 3.781678389917507710e-01
1.097632806464759886e-01, 3.852862508412773224e-01, 1.267565500668187684e-01, 3.781939184454279901e-01
1.095729887193699348e-01, 3.856459254085047306e-01, 1.265620225078076533e-01, 3.782190633643177091e-01
1.093831723607434914e-01, 3.860057153527059470e-01, 1.263678389685846115e-01, 3.782432733179660334e-01
1.091938333123295274e-01, 3.863656174594000681e-01, 1.261740013444024311e-01, 3.782665478838679873e-01
1.090049733210992078e-01, 3.867256284931798738e-01, 1.259805115382175988e-01, 3.782888866475034306e-01
1.088165941392588709e-01, 3.870857451976932317e-01, 1.257873714606758397e-01, 3.783102892023720298e-01
1.086286975242479053e-01, 3.874459642956261107e-01, 1.255945830300978505e-01, 3.783307551500280086e-01
1.084412852387363346e-01, 3.878062824886838733e-01, 1.254021481724650611e-01, 3.783502841001148420e-01
1.082543590506226394e-01, 3.881666964575726797e-01, 1.252100688214055624e-01, 3.783688756703990075e-01
1.080679207330322716e-01, 3.885272028619821683e-01, 1.250183469181807283e-01, 3.783865294868048457e-01
1.078819720643160868e-01, 3.888877983405655825e-01, 1.248269844116712685e-01, 3.784032451834470900e-01
1.076965148280488727e-01, 3.892484795109221185e-01, 1.246359832583641553e-01, 3.784190224026648952e-01
1.075115508130285724e-01, 3.896092429695772186e-01, 1.244453454223394262e-01, 3.784338607950548106e-01
1.073270818132754240e-01, 3.899700852919643079e-01, 1.242550728752571942e-01, 3.784477600195031433e-01
1.071431096280311968e-01, 3.903310030324050883e-01, 1.240651675963448802e-01, 3.784607197432188208e-01
1.069596360617594138e-01, 3.906919927240903867e-01, 1.238756315723849449e-01, 3.784727396417653100e-01
1.067766629241448384e-01, 3.910530508790609483e-01, 1.236864667977022325e-01, 3.784838193990920918e-01
1.065941920300938206e-01, 3.914141739881868975e-01, 1.234976752741522299e-01, 3.784939587075671352e-01
1.064122251997350194e-01, 3.917753585211489753e-01, 1.233092590111088405e-01, 3.785031572680071510e-01
1.062307642584197076e-01, 3.921366009264178887e-01, 1.231212200254528516e-01, 3.785114147897094550e-01
1.060498110367230212e-01, 3.924978976312346046e-01, 1.229335603415606937e-01, 3.785187309904816666e-01
1.058693673704450139e-01, 3.928592450415893667e-01, 1.227462819912927133e-01, 3.785251055966728506e-01
1.056894351006122945e-01, 3.932206395422019329e-01, 1.225593870139824876e-01, 3.785305383432032156e-01
1.055100160734794984e-01, 3.935820774965003710e-01, 1.223728774564259159e-01, 3.785350289735942009e-01
1.053311121405313966e-01, 3.939435552466004076e-01, 1.221867553728705480e-01, 3.785385772399975091e-01
1.051527251584851302e-01, 3.943050691132846675e-01, 1.220010228250052731e-01, 3.785411829032249154e-01
1.049748569892924865e-01, 3.946666153959806911e-01, 1.218156818819500498e-01, 3.785428457327767449e-01
1.047975095001428408e-01, 3.950281903727407284e-01, 1.216307346202459977e-01, 3.785435655068705163e-01
1.046206845634659460e-01, 3.953897903002188685e-01, 1.214461831238455858e-01, 3.785433420124695858e-01
1.044443840569351106e-01, 3.957514114136502781e-01, 1.212620294841033758e-01, 3.785421750453111245e-01
1.042686098634708902e-01, 3.961130499268289418e-01, 1.210782757997662107e-01, 3.785400644099338741e-01
1.040933638712444320e-01, 3.964747020320854021e-01, 1.208949241769645688e-01, 3.785370099197055693e-01
1.039186479736817215e-01, 3.968363639002643328e-01, 1.207119767292035434e-01, 3.785330113968504162e-01
1.037444640694676484e-01, 3.971980316807025568e-01, 1.205294355773540715e-01, 3.785280686724757371e-01
1.035708140625503509e-01, 3.975597015012058977e-01, 1.203473028496447744e-01, 3.785221815865990047e-01
1.033976998621462251e-01, 3.979213694680263647e-01, 1.201655806816534777e-01, 3.785153499881739325e-01
1.032251233827444353e-01, 3.982830316658392267e-01, 1.199842712162993014e-01, 3.785075737351169534e-01
1.030530865441124794e-01, 3.986446841577196420e-01, 1.198033766038350961e-01, 3.784988526943328657e-01
1.028815912713013370e-01, 3.990063229851189552e-01, 1.196228990018394917e-01, 3.784891867417403133e-01
1.027106394946513540e-01, 3.993679441678412712e-01, 1.194428405752098327e-01, 3.784785757622974312e-01
1.025402331497978908e-01, 3.997295437040198629e-01, 1.192632034961553095e-01, 3.784670196500269368e-01
1.023703741776779280e-01, 4.000911175700921918e-01, 1.190839899441893807e-01, 3.784545183080403885e-01
1.022010645245358951e-01, 4.004526617207766481e-01, 1.189052021061238473e-01, 3.784410716485636650e-01
1.020323061419307065e-01, 4.008141720890470716e-01, 1.187268421760619974e-01, 3.784266795929602245e-01
1.018641009867426034e-01, 4.011756445861091591e-01, 1.185489123553923746e-01, 3.784113420717558629e-01
1.016964510211801759e-01, 4.015370751013744299e-01, 1.183714148527829774e-01, 3.783950590246623613e-01
1.015293582127877459e-01, 4.018984595024360229e-01, 1.181943518841754165e-01, 3.783778304006007454e-01
1.013628245344529860e-01, 4.022597936350428838e-01, 1.180177256727792112e-01, 3.783596561577248774e-01
1.011968519644148440e-01, 4.026210733230744521e-01, 1.178415384490666129e-01, 3.783405362634441049e-01
1.010314424862713278e-01, 4.029822943685146819e-01, 1.176657924507674563e-01, 3.783204706944465756e-01
1.008665980889882213e-01, 4.033434525514263402e-01, 1.174904899228641358e-01, 3.782994594367212193e-01
1.007023207669074244e-01, 4.037045436299250833e-01, 1.173156331175871508e-01, 3.782775024855803969e-01
1.005386125197554326e-01, 4.040655633401521452e-01, 1.171412242944103593e-01, 3.782545998456819381e-01
1.003754753526530374e-01, 4.044265073962493573e-01, 1.169672657200469812e-01, 3.782307515310507351e-01
1.002129112761237645e-01, 4.047873714903304498e-01, 1.167937596684453933e-01, 3.782059575651004479e-01
1.000509223061039621e-01, 4.051481512924553496e-01, 1.166207084207854378e-01, 3.781802179806551534e-01
9.988951046395218303e-02, 4.055088424506032574e-01, 1.164481142654747586e-01, 3.781535328199698842e-01
9.972867777645910703e-02, 4.058694405906436153e-01, 1.162759794981453459e-01, 3.781259021347518900e-01
9.956842627585775485e-02, 4.062299413163101836e-01, 1.161043064216506632e-01, 3.780973259861814539e-01
9.940875799983384109e-02, 4.065903402091720631e-01, 1.159330973460622194e-01, 3.780678044449317654e-01
9.924967499153623807e-02, 4.069506328286063290e-01, 1.157623545886672933e-01, 3.780373375911900702e-01
9.909117929958793924e-02, 4.073108147117693312e-01, 1.155920804739660468e-01, 3.780059255146765440e-01
9.893327297809692555e-02, 4.076708813735683279e-01, 1.154222773336694569e-01, 3.779735683146653313e-01
9.877595808666742028e-02, 4.080308283066326758e-01, 1.152529475066969289e-01, 3.779402661000030306e-01
9.861923669041139373e-02, 4.083906509812851859e-01, 1.150840933391746868e-01, 3.779060189891286226e-01
9.846311085996013734e-02, 4.087503448455129806e-01, 1.149157171844338993e-01, 3.778708271100929550e-01
9.830758267147612917e-02, 4.091099053249377393e-01, 1.147478214030092092e-01, 3.778346906005768946e-01
9.815265420666509366e-02, 4.094693278227865552e-01, 1.145804083626373870e-01, 3.777976096079108670e-01
9.799832755278828356e-02, 4.098286077198619592e-01, 1.144134804382563458e-01, 3.777595842890933420e-01
9.784460480267488658e-02, 4.101877403745122774e-01, 1.142470400120042390e-01, 3.777206148108085415e-01
9.769148805473469588e-02, 4.105467211226009328e-01, 1.140810894732185721e-01, 3.776807013494457022e-01
9.753897941297116903e-02, 4.109055452774766914e-01, 1.139156312184360226e-01, 3.776398440911162280e-01
9.738708098699400129e-02, 4.112642081299421326e-01, 1.137506676513918707e-01, 3.775980432316719537e-01
9.723579489203294790e-02, 4.116227049482242273e-01, 1.135862011830200552e-01, 3.775552989767226308e-01
9.708512324895084145e-02, 4.119810309779419755e-01, 1.134222342314531590e-01, 3.775116115416540241e-01
9.693506818425726146e-02, 4.123391814420757640e-01, 1.132587692220228398e-01, 3.774669811516440099e-01
9.678563183012249549e-02, 4.126971515409365021e-01, 1.130958085872599134e-01, 3.774214080416810058e-01
9.663681632439145852e-02, 4.130549364521329814e-01, 1.129333547668955329e-01, 3.773748924565800134e-01
9.648862381059761240e-02, 4.134125313305407889e-01, 1.127714102078615777e-01, 3.773274346510001043e-01
9.634105643797771790e-02, 4.137699313082700003e-01, 1.126099773642918328e-01, 3.772790348894604073e-01
9.619411636148592071e-02, 4.141271314946329829e-01, 1.124490586975232936e-01, 3.772296934463578166e-01
9.604780574180857289e-02, 4.144841269761125324e-01, 1.122886566760972898e-01, 3.771794106059816465e-01
9.590212674537931803e-02, 4.148409128163281778e-01, 1.121287737757611785e-01, 3.771281866625313395e-01
9.575708154439353803e-02, 4.151974840560046509e-01, 1.119694124794700096e-01, 3.770760219201317875e-01
9.561267231682391010e-02, 4.155538357129381355e-01, 1.118105752773885242e-01, 3.770229166928494302e-01
9.546890124643565845e-02, 4.159099627819633493e-01, 1.116522646668928337e-01, 3.769688713047081863e-01
9.532577052280175045e-02, 4.162658602349200709e-01, 1.114944831525730845e-01, 3.769138860897049970e-01
9.518328234131885612e-02, 4.166215230206201658e-01, 1.113372332462356645e-01, 3.768579613918253690e-01
9.504143890322278021e-02, 4.169769460648131698e-01, 1.111805174669054375e-01, 3.768010975650586403e-01
9.490024241560440776e-02, 4.173321242701528710e-01, 1.110243383408288376e-01, 3.767432949734138004e-01
9.475969509142588565e-02, 4.176870525161634484e-01, 1.108686984014765342e-01, 3.766845539909341456e-01
9.461979914953655424e-02, 4.180417256592046105e-01, 1.107136001895462490e-01, 3.766248750017124891e-01
9.448055681468925382e-02, 4.183961385324380111e-01, 1.105590462529661838e-01, 3.765642583999064819e-01
9.434197031755674201e-02, 4.187502859457924442e-01, 1.104050391468979625e-01, 3.765027045897528790e-01
9.420404189474833323e-02, 4.191041626859286495e-01, 1.102515814337402672e-01, 3.764402139855826945e-01
9.406677378882614959e-02, 4.194577635162055063e-01, 1.100986756831323077e-01, 3.763767870118360226e-01
9.393016824832225997e-02, 4.198110831766442841e-01, 1.099463244719573463e-01, 3.763124241030761374e-01
9.379422752775527783e-02, 4.201641163838936710e-01, 1.097945303843466947e-01, 3.762471257040044259e-01
9.365895388764722274e-02, 4.205168578311946348e-01, 1.096432960116834471e-01, 3.761808922694746538e-01
9.352434959454085373e-02, 4.208693021883452290e-01, 1.094926239526066297e-01, 3.761137242645073431e-01
9.339041692101644754e-02, 4.212214441016644551e-01, 1.093425168130152531e-01, 3.760456221643037611e-01
9.325715814570920137e-02, 4.215732781939571239e-01, 1.091929772060726278e-01, 3.759765864542609637e-01
9.312457555332642745e-02, 4.219247990644781621e-01, 1.090440077522106810e-01, 3.759066176299847850e-01
9.299267143466492802e-02, 4.222760012888960857e-01, 1.088956110791344384e-01, 3.758357161973046034e-01
9.286144808662835648e-02, 4.226268794192575284e-01, 1.087477898218265071e-01, 3.757638826722876080e-01
9.273090781224495316e-02, 4.229774279839511597e-01, 1.086005466225518773e-01, 3.756911175812521764e-01
9.260105292068464278e-02, 4.233276414876708804e-01, 1.084538841308624602e-01, 3.756174214607820305e-01
9.247188572727703393e-02, 4.236775144113803515e-01, 1.083078050036021256e-01, 3.755427948577405028e-01
9.234340855352896060e-02, 4.240270412122759125e-01, 1.081623119049113374e-01, 3.754672383292838589e-01
9.221562372714200984e-02, 4.243762163237501661e-01, 1.080174075062324129e-01, 3.753907524428753972e-01
9.208853358203038242e-02, 4.247250341553558961e-01, 1.078730944863143387e-01, 3.753133377762993272e-01
9.196214045833871198e-02, 4.250734890927688192e-01, 1.077293755312178913e-01, 3.752349949176744803e-01
9.183644670245963426e-02, 4.254215754977513364e-01, 1.075862533343209526e-01, 3.751557244654680767e-01
9.171145466705173110e-02, 4.257692877081152849e-01, 1.074437305963235473e-01, 3.750755270285094367e-01
9.158716671105732177e-02, 4.261166200376856894e-01, 1.073018100252530888e-01, 3.749944032260040250e-01
9.146358519972015710e-02, 4.264635667762632365e-01, 1.071604943364699164e-01, 3.749123536875466622e-01
9.134071250460343294e-02, 4.268101221895881925e-01, 1.070197862526723748e-01, 3.748293790531359582e-01
9.121855100360734547e-02, 4.271562805193027668e-01, 1.068796885039022121e-01, 3.747454799731878006e-01
9.109710308098700748e-02, 4.275020359829141414e-01, 1.067402038275500481e-01, 3.746606571085487891e-01
9.097637112737028131e-02, 4.278473827737582780e-01, 1.066013349683608141e-01, 3.745749111305107237e-01
9.085635753977522322e-02, 4.281923150609618922e-01, 1.064630846784389295e-01, 3.744882427208239273e-01
9.073706472162808290e-02, 4.285368269894063720e-01, 1.063254557172540748e-01, 3.744006525717115119e-01
9.061849508278087273e-02, 4.288809126796900295e-01, 1.061884508516462017e-01, 3.743121413858828128e-01
9.050065103952882606e-02, 4.292245662280919083e-01, 1.060520728558313197e-01, 3.742227098765478210e-01
9.038353501462800810e-02, 4.295677817065342019e-01, 1.059163245114067009e-01, 3.741323587674311169e-01
9.026714943731289909e-02, 4.299105531625456722e-01, 1.057812086073560698e-01, 3.740410887927853589e-01
9.015149674331367213e-02, 4.302528746192249010e-01, 1.056467279400553905e-01, 3.739489006974060503e-01
9.003657937487344332e-02, 4.305947400752031529e-01, 1.055128853132778488e-01, 3.738557952366455828e-01
8.992239978076575768e-02, 4.309361435046080713e-01, 1.053796835381990704e-01, 3.737617731764272255e-01
8.980896041631133975e-02, 4.312770788570264857e-01, 1.052471254334025469e-01, 3.736668352932596138e-01
8.969626374339552399e-02, 4.316175400574684407e-01, 1.051152138248847706e-01, 3.735709823742512370e-01
8.958431223048479719e-02, 4.319575210063305581e-01, 1.049839515460600781e-01, 3.734742152171244833e-01
8.947310835264389584e-02, 4.322970155793591229e-01, 1.048533414377659650e-01, 3.733765346302310162e-01
8.936265459155214030e-02, 4.326360176276145553e-01, 1.047233863482678329e-01, 3.732779414325655964e-01
8.925295343552022698e-02, 4.329745209774348291e-01, 1.045940891332638178e-01, 3.731784364537811260e-01
8.914400737950646525e-02, 4.333125194303998895e-01, 1.044654526558897595e-01, 3.730780205342039690e-01
8.903581892513288965e-02, 4.336500067632952371e-01, 1.043374797867235998e-01, 3.729766945248481624e-01
8.892839058070156621e-02, 4.339869767280770119e-01, 1.042101734037900740e-01, 3.728744592874312924e-01
8.882172486121010790e-02, 4.343234230518355776e-01, 1.040835363925649709e-01, 3.727713156943894268e-01
8.871582428836760625e-02, 4.346593394367611052e-01, 1.039575716459795185e-01, 3.726672646288917701e-01
8.861069139061006350e-02, 4.349947195601080452e-01, 1.038322820644245054e-01, 3.725623069848574276e-01
8.850632870311547773e-02, 4.353295570741599341e-01, 1.037076705557542777e-01, 3.724564436669702272e-01
8.840273876781915008e-02, 4.356638456061954767e-01, 1.035837400352905002e-01, 3.723496755906948175e-01
8.829992413342840907e-02, 4.359975787584534634e-01, 1.034604934258258613e-01, 3.722420036822922107e-01
8.819788735543718228e-02, 4.363307501080987416e-01, 1.033379336576276675e-01, 3.721334288788365474e-01
8.809663099614023496e-02, 4.366633532071884649e-01, 1.032160636684408411e-01, 3.720239521282303619e-01
8.799615762464767232e-02, 4.369953815826386201e-01, 1.030948864034914036e-01, 3.719135743892224566e-01
8.789646981689819283e-02, 4.373268287361898321e-01, 1.029744048154891123e-01, 3.718022966314228350e-01
8.779757015567309086e-02, 4.376576881443757228e-01, 1.028546218646301941e-01, 3.716901198353207980e-01
8.769946123060932963e-02, 4.379879532584891599e-01, 1.027355405185999410e-01, 3.715770449923014307e-01
8.760214563821243361e-02, 4.383176175045498946e-01, 1.026171637525748054e-01, 3.714630731046627554e-01
8.750562598186932550e-02, 4.386466742832734189e-01, 1.024994945492242598e-01, 3.713482051856329957e-01
8.740990487186053870e-02, 4.389751169700384370e-01, 1.023825358987127954e-01, 3.712324422593883400e-01
8.731498492537211054e-02, 4.393029389148560004e-01, 1.022662907987011427e-01, 3.711157853610707602e-01
8.722086876650747556e-02, 4.396301334423390328e-01, 1.021507622543476046e-01, 3.709982355368058315e-01
8.712755902629852611e-02, 4.399566938516712433e-01, 1.020359532783088607e-01, 3.708797938437213282e-01
8.703505834271671460e-02, 4.402826134165777061e-01, 1.019218668907404951e-01, 3.707604613499650981e-01
8.694336936068343402e-02, 4.406078853852950505e-01, 1.018085061192973012e-01, 3.706402391347241587e-01
8.685249473208025983e-02, 4.409325029805427065e-01, 1.016958739991333932e-01, 3.705191282882434600e-01
8.676243711575863660e-02, 4.412564593994941498e-01, 1.015839735729015675e-01, 3.703971299118455907e-01
8.667319917754935654e-02, 4.415797478137488685e-01, 1.014728078907526365e-01, 3.702742451179490968e-01
8.658478359027109439e-02, 4.419023613693051633e-01, 1.013623800103344297e-01, 3.701504750300892987e-01
8.649719303373933077e-02, 4.422242931865328353e-01, 1.012526929967903083e-01, 3.700258207829376089e-01
8.641043019477397114e-02, 4.425455363601472070e-01, 1.011437499227570702e-01, 3.699002835223218488e-01
8.632449776720696466e-02, 4.428660839591829768e-01, 1.010355538683631593e-01, 3.697738644052470103e-01
