3.427519382499851219e-01, 6.506921642453031285e-02, 6.725293233015600114e-02, 5.249259129953286473e-01
3.432372094711666488e-01, 6.508742734661858431e-02, 6.728370805890797335e-02, 5.243916551233066548e-01
3.437224411995089546e-01, 6.510690072001475148e-02, 6.731580023463044904e-02, 5.238548578458458449e-01
3.442076242393737884e-01, 6.512763712611442657e-02, 6.734920953813490485e-02, 5.233155290963767969e-01
3.446927493720385316e-01, 6.514963715438452929e-02, 6.738393665722636205e-02, 5.227736768163506742e-01
3.451778073556990845e-01, 6.517290140228146345e-02, 6.741998228660661674e-02, 5.222293089554127521e-01
3.456627889254757502e-01, 6.519743047516740608e-02, 6.745734712777554098e-02, 5.216824334715812750e-01
3.461476847934212286e-01, 6.522322498622423748e-02, 6.749603188893003869e-02, 5.211330583314244258e-01
3.466324856485306083e-01, 6.525028555636588901e-02, 6.753603728486121116e-02, 5.205811915102424026e-01
3.471171821567533566e-01, 6.527861281414829020e-02, 6.757736403684899695e-02, 5.200268409922492729e-01
3.476017649610089189e-01, 6.530820739567738675e-02, 6.762001287255504922e-02, 5.194700147707587146e-01
3.480862246812017613e-01, 6.533906994451542383e-02, 6.766398452591353141e-02, 5.189107208483692002e-01
3.485705519142422992e-01, 6.537120111158485625e-02, 6.770927973701978964e-02, 5.183489672371531798e-01
3.490547372340671028e-01, 6.540460155507041295e-02, 6.775589925201663810e-02, 5.177847619588458183e-01
3.495387711916633777e-01, 6.543927194031935735e-02, 6.780384382297939549e-02, 5.172181130450378417e-01
3.500226443150944999e-01, 6.547521293973959655e-02, 6.785311420779804870e-02, 5.166490285373678271e-01
3.505063471095294370e-01, 6.551242523269580620e-02, 6.790371117005780666e-02, 5.160775164877169363e-01
3.509898700572732788e-01, 6.555090950540383432e-02, 6.795563547891773915e-02, 5.155035849584052032e-01
3.514732036178006558e-01, 6.559066645082289870e-02, 6.800888790898704239e-02, 5.149272420223894864e-01
3.519563382277920982e-01, 6.563169676854604950e-02, 6.806346924019972267e-02, 5.143484957634621990e-01
3.524392643011725612e-01, 6.567400116468867510e-02, 6.811938025768704552e-02, 5.137673542764517043e-01
3.529219722291521699e-01, 6.571758035177507895e-02, 6.817662175164804217e-02, 5.131838256674248200e-01
3.534044523802706284e-01, 6.576243504862309963e-02, 6.823519451721807294e-02, 5.125979180538883240e-01
3.538866951004425165e-01, 6.580856598022706561e-02, 6.829509935433553114e-02, 5.120096395649947896e-01
3.543686907130070285e-01, 6.585597387763862665e-02, 6.835633706760652073e-02, 5.114189983417477547e-01
3.548504295187797641e-01, 6.590465947784579503e-02, 6.841890846616759114e-02, 5.108260025372070023e-01
3.553319017961055204e-01, 6.595462352365019654e-02, 6.848281436354669571e-02, 5.102306603166975041e-01
3.558130978009175216e-01, 6.600586676354260052e-02, 6.854805557752201295e-02, 5.096329798580179204e-01
3.562940077667954841e-01, 6.605838995157607696e-02, 6.861463292997901919e-02, 5.090329693516493226e-01
3.567746219050286771e-01, 6.611219384723820980e-02, 6.868254724676579881e-02, 5.084306370009673559e-01
3.572549304046815366e-01, 6.616727921532053469e-02, 6.875179935754610616e-02, 5.078259910224518503e-01
3.577349234326612781e-01, 6.622364682578693595e-02, 6.882239009565112309e-02, 5.072190396459005379e-01
3.582145911337893396e-01, 6.628129745363985081e-02, 6.889432029792882939e-02, 5.066097911146419941e-01
3.586939236308750445e-01, 6.634023187878472505e-02, 6.896759080459173574e-02, 5.059982536857485780e-01
3.591729110247924850e-01, 6.640045088589299760e-02, 6.904220245906296516e-02, 5.053844356302517049e-01
3.596515433945598472e-01, 6.646195526426278144e-02, 6.911815610782028052e-02, 5.047683452333570076e-01
3.601298107974227336e-01, 6.652474580767837875e-02, 6.919545260023841904e-02, 5.041499907946603853e-01
3.606077032689390394e-01, 6.658882331426756174e-02, 6.927409278842966422e-02, 5.035293806283637208e-01
3.610852108230679924e-01, 6.665418858635756283e-02, 6.935407752708248885e-02, 5.029065230634920391e-01
3.615623234522618024e-01, 6.672084243032888606e-02, 6.943540767329853258e-02, 5.022814264441107790e-01
3.620390311275600848e-01, 6.678878565646789722e-02, 6.951808408642794201e-02, 5.016540991295440621e-01
3.625153237986877275e-01, 6.685801907881731843e-02, 6.960210762790276784e-02, 5.010245494945922973e-01
3.629911913941556434e-01, 6.692854351502519616e-02, 6.968747916106864115e-02, 5.003927859297504499e-01
3.634666238213649647e-01, 6.700035978619225951e-02, 6.977419955101502036e-02, 4.997588168414277554e-01
3.639416109667134580e-01, 6.707346871671752975e-02, 6.986226966440324537e-02, 4.991226506521657114e-01
3.644161426957071015e-01, 6.714787113414218134e-02, 6.995169036929327344e-02, 4.984842958008575131e-01
3.648902088530715515e-01, 6.722356786899212622e-02, 7.004246253496870800e-02, 4.978437607429675449e-01
3.653637992628707143e-01, 6.730055975461843309e-02, 7.013458703175988462e-02, 4.972010539507509264e-01
3.658369037286252623e-01, 6.737884762703660879e-02, 7.022806473086562473e-02, 4.965561839134726152e-01
3.663095120334362020e-01, 6.745843232476393669e-02, 7.032289650417324067e-02, 4.959091591376265651e-01
3.667816139401112729e-01, 6.753931468865546905e-02, 7.041908322407669507e-02, 4.952599881471566046e-01
3.672531991912947325e-01, 6.762149556173821519e-02, 7.051662576329348342e-02, 4.946086794836735967e-01
3.677242575095996391e-01, 6.770497578904408065e-02, 7.061552499467964317e-02, 4.939552417066765955e-01
3.681947785977450205e-01, 6.778975621744075253e-02, 7.071578179104334727e-02, 4.932996833937708936e-01
3.686647521386948179e-01, 6.787583769546151613e-02, 7.081739702495684630e-02, 4.926420131408868475e-01
3.691341677958012713e-01, 6.796322107313319816e-02, 7.092037156856677294e-02, 4.919822395624987021e-01
3.696030152129513024e-01, 6.805190720180288866e-02, 7.102470629340308650e-02, 4.913203712918426391e-01
3.700712840147160620e-01, 6.814189693396288661e-02, 7.113040207018621330e-02, 4.906564169811347687e-01
3.705389638065043068e-01, 6.823319112307424383e-02, 7.123745976863295193e-02, 4.899903853017885669e-01
3.710060441747189963e-01, 6.832579062338882403e-02, 7.134588025726053273e-02, 4.893222849446316469e-01
3.714725146869176098e-01, 6.841969628976998785e-02, 7.145566440318976142e-02, 4.886521246201226965e-01
3.719383648919756258e-01, 6.851490897751157105e-02, 7.156681307194577568e-02, 4.879799130585670830e-01
3.724035843202537222e-01, 6.861142954215564138e-02, 7.167932712725827438e-02, 4.873056590103324592e-01
3.728681624837679731e-01, 6.870925883930885381e-02, 7.179320743085960965e-02, 4.866293712460634802e-01
3.733320888763648759e-01, 6.880839772445708491e-02, 7.190845484228192142e-02, 4.859510585568960761e-01
3.737953529738984315e-01, 6.890884705277890154e-02, 7.202507021865237058e-02, 4.852707297546703935e-01
3.742579442344110552e-01, 6.901060767895758619e-02, 7.214305441448748413e-02, 4.845883936721438467e-01
3.747198520983197056e-01, 6.911368045699188556e-02, 7.226240828148572382e-02, 4.839040591632026711e-01
3.751810659886029020e-01, 6.921806624000502450e-02, 7.238313266831869486e-02, 4.832177351030734203e-01
3.756415753109939026e-01, 6.932376588005295659e-02, 7.250522842042125826e-02, 4.825294303885319103e-01
3.761013694541754382e-01, 6.943078022793061632e-02, 7.262869637978003334e-02, 4.818391539381137734e-01
3.765604377899801625e-01, 6.953911013297729704e-02, 7.275353738472074838e-02, 4.811469146923217366e-01
3.770187696735926020e-01, 6.964875644288065493e-02, 7.287975226969413411e-02, 4.804527216138326229e-01
3.774763544437561569e-01, 6.975972000347913093e-02, 7.300734186506052659e-02, 4.797565836877041301e-01
3.779331814229839881e-01, 6.987200165856352618e-02, 7.313630699687333203e-02, 4.790585099215791121e-01
3.783892399177721244e-01, 6.998560224967702303e-02, 7.326664848666102070e-02, 4.783585093458899151e-01
3.788445192188178989e-01, 7.010052261591380451e-02, 7.339836715120805211e-02, 4.776565910140602722e-01
3.792990086012410500e-01, 7.021676359371695209e-02, 7.353146380233448187e-02, 4.769527640027075854e-01
3.797526973248090965e-01, 7.033432601667451156e-02, 7.366593924667431958e-02, 4.762470374118421002e-01
3.802055746341661546e-01, 7.045321071531485124e-02, 7.380179428545272091e-02, 4.755394203650662455e-01
3.806576297590658076e-01, 7.057341851690047962e-02, 7.393902971426200010e-02, 4.748299220097717543e-01
3.811088519146070830e-01, 7.069495024522090554e-02, 7.407764632283643513e-02, 4.741185515173355625e-01
3.815592303014754827e-01, 7.081780672038408275e-02, 7.421764489482600424e-02, 4.734053180833143748e-01
3.820087541061860104e-01, 7.094198875860713294e-02, 7.435902620756901227e-02, 4.726902309276377334e-01
3.824574125013319725e-01, 7.106749717200540328e-02, 7.450179103186332918e-02, 4.719732992947993089e-01
3.829051946458356670e-01, 7.119433276838076086e-02, 7.464594013173692089e-02, 4.712545324540466374e-01
3.833520896852042892e-01, 7.132249635100881835e-02, 7.479147426421699218e-02, 4.705339396995699142e-01
3.837980867517889472e-01, 7.145198871842478594e-02, 7.493839417909833878e-02, 4.698115303506878448e-01
3.842431749650482842e-01, 7.158281066420847660e-02, 7.508670061871026979e-02, 4.690873137520329972e-01
3.846873434318143214e-01, 7.171496297676824283e-02, 7.523639431768308627e-02, 4.683612992737343217e-01
3.851305812465639633e-01, 7.184844643912381701e-02, 7.538747600271293592e-02, 4.676334963115993393e-01
3.855728774916932777e-01, 7.198326182868811096e-02, 7.553994639232602948e-02, 4.669039142872926096e-01
3.860142212377960513e-01, 7.211940991704825221e-02, 7.569380619664189958e-02, 4.661725626485138663e-01
3.864546015439455640e-01, 7.225689146974514920e-02, 7.584905611713560480e-02, 4.654394508691735988e-01
3.868940074579815813e-01, 7.239570724605266794e-02, 7.600569684639904566e-02, 4.647045884495667467e-01
3.873324280167992906e-01, 7.253585799875532369e-02, 7.616372906790137842e-02, 4.639679849165439518e-01
3.877698522466441755e-01, 7.267734447392561192e-02, 7.632315345574849919e-02, 4.632296498236818105e-01
3.882062691634086127e-01, 7.282016741069979870e-02, 7.648397067444166753e-02, 4.624895927514499627e-01
3.886416677729344626e-01, 7.296432754105341978e-02, 7.664618137863540848e-02, 4.617478233073766813e-01
3.890760370713179928e-01, 7.310982558957537791e-02, 7.680978621289442920e-02, 4.610043511262122418e-01
3.895093660452190187e-01, 7.325666227324156843e-02, 7.697478581144974463e-02, 4.602591858700895711e-01
3.899416436721749313e-01, 7.340483830118742226e-02, 7.714118079795426186e-02, 4.595123372286833430e-01
3.903728589209166100e-01, 7.355435437447988001e-02, 7.730897178523715718e-02, 4.587638149193662973e-01
3.908030007516903326e-01, 7.370521118588820031e-02, 7.747815937505782291e-02, 4.580136286873635609e-01
3.912320581165821265e-01, 7.385740941965450446e-02, 7.764874415785914807e-02, 4.572617883059042487e-01
3.916600199598463394e-01, 7.401094975126283615e-02, 7.782072671251979989e-02, 4.565083035763709551e-01
3.920868752182388173e-01, 7.416583284720829061e-02, 7.799410760610618609e-02, 4.557531843284467477e-01
3.925126128213524690e-01, 7.432205936476474206e-02, 7.816888739362352900e-02, 4.549964404202592183e-01
3.929372216919584382e-01, 7.447962995175233525e-02, 7.834506661776621805e-02, 4.542380817385230363e-01
3.933606907463494951e-01, 7.463854524630408882e-02, 7.852264580866782917e-02, 4.534781181986785592e-01
3.937830088946885354e-01, 7.479880587663174929e-02, 7.870162548365045030e-02, 4.527165597450292789e-01
3.942041650413602993e-01, 7.496041246079117315e-02, 7.888200614697325752e-02, 4.519534163508752700e-01
3.946241480853269756e-01, 7.512336560644707062e-02, 7.906378828958099403e-02, 4.511886980186450291e-01
3.950429469204879696e-01, 7.528766591063701386e-02, 7.924697238885118622e-02, 4.504224147800239275e-01
3.954605504360431123e-01, 7.545331395953498721e-02, 7.943155890834179000e-02, 4.496545766960801105e-01
3.958769475168598673e-01, 7.562031032821456278e-02, 7.961754829753750484e-02, 4.488851938573880651e-01
3.962921270438446997e-01, 7.578865558041086858e-02, 7.980494099159632371e-02, 4.481142763841481358e-01
3.967060778943172217e-01, 7.595835026828287595e-02, 7.999373741109515323e-02, 4.473418344263047075e-01
3.971187889423898887e-01, 7.612939493217465992e-02, 8.018393796177544774e-02, 4.465678781636600037e-01
3.975302490593493054e-01, 7.630179010037638210e-02, 8.037554303428798286e-02, 4.457924178059863296e-01
3.979404471140432498e-01, 7.647553628888478783e-02, 8.056855300393778174e-02, 4.450154635931340974e-01
3.983493719732705274e-01, 7.665063400116328696e-02, 8.076296823042847239e-02, 4.442370257951377410e-01
3.987570125021745460e-01, 7.682708372790146567e-02, 8.095878905760614530e-02, 4.434571147123178014e-01
3.991633575646408860e-01, 7.700488594677461218e-02, 8.115601581320351643e-02, 4.426757406753810686e-01
3.995683960236987575e-01, 7.718404112220236812e-02, 8.135464880858318815e-02, 4.418929140455157834e-01
3.999721167419256207e-01, 7.736454970510753260e-02, 8.155468833848104893e-02, 4.411086452144858394e-01
4.003745085818564142e-01, 7.754641213267415845e-02, 8.175613468074942325e-02, 4.403229446047200457e-01
4.007755604063955035e-01, 7.772962882810574570e-02, 8.195898809609995783e-02, 4.395358226693988346e-01
4.011752610792326812e-01, 7.791420020038269945e-02, 8.216324882784648009e-02, 4.387472898925380838e-01
4.015735994652635532e-01, 7.810012664401994043e-02, 8.236891710164771785e-02, 4.379573567890687746e-01
4.019705644310120340e-01, 7.828740853882412698e-02, 8.257599312524986634e-02, 4.371660339049140420e-01
4.023661448450582268e-01, 7.847604624965064113e-02, 8.278447708822887774e-02, 4.363733318170622266e-01
4.027603295784684123e-01, 7.866604012616067176e-02, 8.299436916173333345e-02, 4.355792611336375963e-01
4.031531075052297020e-01, 7.885739050257778437e-02, 8.320566949822658098e-02, 4.347838324939660160e-01
4.035444675026875205e-01, 7.905009769744449077e-02, 8.341837823122934259e-02, 4.339870565686385628e-01
4.039343984519874198e-01, 7.924416201337897148e-02, 8.363249547506237946e-02, 4.331889440595713681e-01
4.043228892385194451e-01, 7.943958373683120133e-02, 8.384802132458862856e-02, 4.323895057000606834e-01
4.047099287523670541e-01, 7.963636313783976906e-02, 8.406495585495642187e-02, 4.315887522548367827e-01
4.050955058887587001e-01, 7.983450046978800285e-02, 8.428329912134192858e-02, 4.307866945201115350e-01
4.054796095485233010e-01, 8.003399596916026260e-02, 8.450305115869218009e-02, 4.299833433236242008e-01
4.058622286385494271e-01, 8.023484985529863445e-02, 8.472421198146828925e-02, 4.291787095246836770e-01
4.062433520722470437e-01, 8.043706233015913976e-02, 8.494678158338880847e-02, 4.283728040142050775e-01
4.066229687700135820e-01, 8.064063357806844357e-02, 8.517075993717312943e-02, 4.275656377147448728e-01
4.070010676597026755e-01, 8.084556376548038270e-02, 8.539614699428550726e-02, 4.267572215805314206e-01
4.073776376770969487e-01, 8.105185304073303509e-02, 8.562294268467911251e-02, 4.259475665974907788e-01
4.077526677663835808e-01, 8.125950153380530339e-02, 8.585114691654059660e-02, 4.251366837832706858e-01
4.081261468806328119e-01, 8.146850935607420630e-02, 8.608075957603465722e-02, 4.243245841872582136e-01
4.084980639822814452e-01, 8.167887660007239203e-02, 8.631178052704967241e-02, 4.235112788905964210e-01
4.088684080436170709e-01, 8.189060333924547130e-02, 8.654420961094293208e-02, 4.226967790061945118e-01
4.092371680472677853e-01, 8.210368962770997481e-02, 8.677804664628670228e-02, 4.218810956787354960e-01
4.096043329866935201e-01, 8.231813550001165769e-02, 8.701329142861501109e-02, 4.210642400846796307e-01
4.099698918666815906e-01, 8.253394097088380399e-02, 8.724994373017050386e-02, 4.202462234322639767e-01
4.103338337038446859e-01, 8.275110603500603068e-02, 8.748800329965203404e-02, 4.194270569614974020e-01
4.106961475271215245e-01, 8.296963066676354970e-02, 8.772746986196268415e-02, 4.186067519441522000e-01
4.110568223782827824e-01, 8.318951482000686015e-02, 8.796834311795868888e-02, 4.177853196837515992e-01
4.114158473124371329e-01, 8.341075842781170424e-02, 8.821062274419858018e-02, 4.169627715155526104e-01
4.117732113985416720e-01, 8.363336140223952275e-02, 8.845430839269322054e-02, 4.161391188065255431e-01
4.121289037199160621e-01, 8.385732363409856283e-02, 8.869939969065650243e-02, 4.153143729553288588e-01
4.124829133747580645e-01, 8.408264499270526326e-02, 8.894589624025688035e-02, 4.144885453922797502e-01
4.128352294766629571e-01, 8.430932532564640314e-02, 8.919379761836915277e-02, 4.136616475793215009e-01
4.131858411551451171e-01, 8.453736445854155568e-02, 8.944310337632765950e-02, 4.128336910099855706e-01
4.135347375561635452e-01, 8.476676219480679120e-02, 8.969381303967997876e-02, 4.120046872093497403e-01
4.138819078426484999e-01, 8.499751831541782487e-02, 8.994592610794127641e-02, 4.111746477339923156e-01
4.142273411950324613e-01, 8.522963257867514908e-02, 9.019944205434998752e-02, 4.103435841719423327e-01
4.145710268117828723e-01, 8.546310471996888813e-02, 9.045436032562413631e-02, 4.095115081426240478e-01
4.149129539099375430e-01, 8.569793445154486045e-02, 9.071068034171830829e-02, 4.086784312967991495e-01
4.152531117256431092e-01, 8.593412146227127901e-02, 9.096840149558231559e-02, 4.078443653165033655e-01
4.155914895146957666e-01, 8.617166541740615970e-02, 9.122752315291994540e-02, 4.070093219149780728e-01
4.159280765530846691e-01, 8.641056595836556220e-02, 9.148804465194973479e-02, 4.061733128366000756e-01
4.162628621375371596e-01, 8.665082270249273300e-02, 9.174996530316584242e-02, 4.053363498568042234e-01
4.165958355860682194e-01, 8.689243524282795617e-02, 9.201328438910090501e-02, 4.044984447820029749e-01
4.169269862385295289e-01, 8.713540314787954211e-02, 9.227800116408910180e-02, 4.036596094495017439e-01
4.172563034571638574e-01, 8.737972596139552406e-02, 9.254411485403132853e-02, 4.028198557274092484e-01
4.175837766271592311e-01, 8.762540320213653422e-02, 9.281162465616064894e-02, 4.019791955145435303e-01
4.179093951572072085e-01, 8.787243436364924887e-02, 9.308052973880980019e-02, 4.011376407403336453e-01
4.182331484800624333e-01, 8.812081891404133227e-02, 9.335082924117936443e-02, 4.002952033647169117e-01
4.185550260531040734e-01, 8.837055629575710225e-02, 9.362252227310745301e-02, 3.994518953780313297e-01
4.188750173589004255e-01, 8.862164592535445862e-02, 9.389560791484072300e-02, 3.986077288009042263e-01
4.191931119057747956e-01, 8.887408719328282469e-02, 9.417008521680672595e-02, 3.977627156841355704e-01
4.195092992283734334e-01, 8.912787946366221292e-02, 9.444595319938745015e-02, 3.969168681085769035e-01
4.198235688882355210e-01, 8.938302207406340072e-02, 9.472321085269483354e-02, 3.960701981850062170e-01
4.201359104743654926e-01, 8.963951433528953572e-02, 9.500185713634702600e-02, 3.952227180539980012e-01
4.204463136038063542e-01, 8.989735553115857369e-02, 9.528189097924656681e-02, 3.943744398857884637e-01
4.207547679222157777e-01, 9.015654491828747896e-02, 9.556331127936006087e-02, 3.935253758801365853e-01
4.210612631044431953e-01, 9.041708172587734071e-02, 9.584611690349918722e-02, 3.926755382661802352e-01
4.213657888551086694e-01, 9.067896515549969672e-02, 9.613030668710345616e-02, 3.918249393022881777e-01
4.216683349091840949e-01, 9.094219438088468888e-02, 9.641587943402463168e-02, 3.909735912759065846e-01
4.219688910325747888e-01, 9.120676854771016251e-02, 9.670283391631269432e-02, 3.901215065034022711e-01
4.222674470227044119e-01, 9.147268677339234766e-02, 9.699116887400342779e-02, 3.892686973298997710e-01
4.225639927090987791e-01, 9.173994814687796984e-02, 9.728088301490785128e-02, 3.884151761291153582e-01
4.228585179539738337e-01, 9.200855172843791507e-02, 9.757197501440333098e-02, 3.875609553031849619e-01
4.231510126528231774e-01, 9.227849654946201907e-02, 9.786444351522649576e-02, 3.867060472824883077e-01
4.234414667350075434e-01, 9.254978161225593802e-02, 9.815828712726787364e-02, 3.858504645254687282e-01
4.237298701643452126e-01, 9.282240588983907414e-02, 9.845350442736873486e-02, 3.849942195184470339e-01
4.240162129397042068e-01, 9.309636832574456899e-02, 9.875009395911905907e-02, 3.841373247754322207e-01
4.243004850955947593e-01, 9.337166783382035151e-02, 9.904805423265826414e-02, 3.832797928379264585e-01
4.245826767027639503e-01, 9.364830329803260078e-02, 9.934738372447728116e-02, 3.824216362747261400e-01
4.248627778687897871e-01, 9.392627357226987495e-02, 9.964808087722290542e-02, 3.815628676817174880e-01
4.251407787386777271e-01, 9.420557748014990462e-02, 9.995014409950389589e-02, 3.807034996816683892e-01
4.254166694954578110e-01, 9.448621381482763537e-02, 1.002535717656997255e-01, 3.798435449240149531e-01
4.256904403607811305e-01, 9.476818133880512973e-02, 1.005583622157702334e-01, 3.789830160846435758e-01
4.259620815955195705e-01, 9.505147878374320403e-02, 1.008645137550686910e-01, 3.781219258656686733e-01
4.262315835003636644e-01, 9.533610485027525783e-02, 1.011720246541560342e-01, 3.772602869952051408e-01
4.264989364164230023e-01, 9.562205820782232468e-02, 1.014808931486178983e-01, 3.763981122271367052e-01
4.267641307258264183e-01, 9.590933749441059308e-02, 1.017911174388834855e-01, 3.755354143408795031e-01
4.270271568523222316e-01, 9.619794131649052338e-02, 1.021026956900466104e-01, 3.746722061411406068e-01
4.272880052618798774e-01, 9.648786824875810186e-02, 1.024156260316893552e-01, 3.738085004576726100e-01
4.275466664632911473e-01, 9.677911683397798226e-02, 1.027299065577076953e-01, 3.729443101450231612e-01
4.278031310087720418e-01, 9.707168558280859783e-02, 1.030455353261395673e-01, 3.720796480822798347e-01
4.280573894945645663e-01, 9.736557297362939678e-02, 1.033625103589952965e-01, 3.712145271728107265e-01
4.283094325615394160e-01, 9.766077745237014551e-02, 1.036808296420905634e-01, 3.703489603439997779e-01
4.285592508957981051e-01, 9.795729743234213305e-02, 1.040004911248813280e-01, 3.694829605469784894e-01
4.288068352292743746e-01, 9.825513129407197066e-02, 1.043214927203017089e-01, 3.686165407563520291e-01
4.290521763403374322e-01, 9.855427738513695968e-02, 1.046438323046040147e-01, 3.677497139699215656e-01
4.292952650543938597e-01, 9.885473402000310994e-02, 1.049675077172015636e-01, 3.668824932084015500e-01
4.295360922444887986e-01, 9.915649947986504564e-02, 1.052925167605135576e-01, 3.660148915151325566e-01
4.297746488319085789e-01, 9.945957201248840918e-02, 1.056188571998132181e-01, 3.651469219557896828e-01
4.300109257867812951e-01, 9.976394983205445766e-02, 1.059465267630779056e-01, 3.642785976180862861e-01
4.302449141286779355e-01, 1.000696311190067272e-01, 1.062755231408420570e-01, 3.634099316114732803e-01
4.304766049272126249e-01, 1.003766140199004731e-01, 1.066058439860530088e-01, 3.625409370668339903e-01
4.307059893026427555e-01, 1.006848966472539825e-01, 1.069374869139291112e-01, 3.616716271361741786e-01
4.309330584264680075e-01, 1.009944770794027752e-01, 1.072704495018209359e-01, 3.608020149923082953e-01
4.311578035220288152e-01, 1.013053533603555656e-01, 1.076047292890750517e-01, 3.599321138285405119e-01
4.313802158651043883e-01, 1.016175234996534865e-01, 1.079403237769004237e-01, 3.590619368583417015e-01
4.316002867845094015e-01, 1.019309854722308673e-01, 1.082772304282377945e-01, 3.581914973150219783e-01
4.318180076626897956e-01, 1.022457372182793561e-01, 1.086154466676320096e-01, 3.573208084513987415e-01
4.320333699363181346e-01, 1.025617766431139721e-01, 1.089549698811069778e-01, 3.564498835394608878e-01
4.322463650968875193e-01, 1.028791016170418210e-01, 1.092957974160434498e-01, 3.555787358700271406e-01
4.324569846913040583e-01, 1.031977099752336702e-01, 1.096379265810600856e-01, 3.547073787524021582e-01
4.326652203224785054e-01, 1.035175995175978136e-01, 1.099813546458970892e-01, 3.538358255140267583e-01
4.328710636499164544e-01, 1.038387680086565318e-01, 1.103260788413027160e-01, 3.529640895001242007e-01
4.330745063903079228e-01, 1.041612131774255906e-01, 1.106720963589235551e-01, 3.520921840733428065e-01
4.332755403181137166e-01, 1.044849327172960030e-01, 1.110194043511967266e-01, 3.512201226133935261e-01
4.334741572661518494e-01, 1.048099242859184960e-01, 1.113679999312459507e-01, 3.503479185166837317e-01
4.336703491261820198e-01, 1.051361855050910871e-01, 1.117178801727802540e-01, 3.494755851959466808e-01
4.338641078494880343e-01, 1.054637139606490331e-01, 1.120690421099959505e-01, 3.486031360798669820e-01
4.340554254474585649e-01, 1.057925072023577356e-01, 1.124214827374818426e-01, 3.477305846127018985e-01
4.342442939921666301e-01, 1.061225627438083241e-01, 1.127751990101271001e-01, 3.468579442538979318e-01
4.344307056169461334e-01, 1.064538780623162512e-01, 1.131301878430330254e-01, 3.459852284777045206e-01
4.346146525169676256e-01, 1.067864505988224688e-01, 1.134864461114273027e-01, 3.451124507727826307e-01
4.347961269498107906e-01, 1.071202777577976301e-01, 1.138439706505819521e-01, 3.442396246418095718e-01
4.349751212360360442e-01, 1.074553569071493020e-01, 1.142027582557342824e-01, 3.433667636010804269e-01
4.351516277597525795e-01, 1.077916853781317463e-01, 1.145628056820110763e-01, 3.424938811801044869e-01
4.353256389691854134e-01, 1.081292604652591971e-01, 1.149241096443563287e-01, 3.416209909211990747e-01
4.354971473772389357e-01, 1.084680794262211784e-01, 1.152866668174620662e-01, 3.407481063790778752e-01
4.356661455620588486e-01, 1.088081394818018743e-01, 1.156504738357023859e-01, 3.398752411204368773e-01
4.358326261675911639e-01, 1.091494378158017892e-01, 1.160155272930711579e-01, 3.390024087235358752e-01
4.359965819041384805e-01, 1.094919715749626404e-01, 1.163818237431229752e-01, 3.381296227777758623e-01
4.361580055489140406e-01, 1.098357378688952640e-01, 1.167493596989172266e-01, 3.372568968832735381e-01
4.363168899465925676e-01, 1.101807337700105860e-01, 1.171181316329660271e-01, 3.363842446504307637e-01
4.364732280098584383e-01, 1.105269563134538974e-01, 1.174881359771852707e-01, 3.355116796995024075e-01
4.366270127199510243e-01, 1.108744024970416409e-01, 1.178593691228492779e-01, 3.346392156601580292e-01
4.367782371272068143e-01, 1.112230692812020832e-01, 1.182318274205488573e-01, 3.337668661710422868e-01
4.369268943515987602e-01, 1.115729535889185275e-01, 1.186055071801526972e-01, 3.328946448793301260e-01
4.370729775832719599e-01, 1.119240523056759390e-01, 1.189804046707726021e-01, 3.320225654402794713e-01
4.372164800830770082e-01, 1.122763622794108879e-01, 1.193565161207321007e-01, 3.311506415167799755e-01
4.373573951830989071e-01, 1.126298803204642401e-01, 1.197338377175384133e-01, 3.302788867788984950e-01
4.374957162871834226e-01, 1.129846032015373591e-01, 1.201123656078581792e-01, 3.294073149034210113e-01
4.376314368714597225e-01, 1.133405276576518739e-01, 1.204920958974968065e-01, 3.285359395733916110e-01
4.377645504848592939e-01, 1.136976503861118759e-01, 1.208730246513811946e-01, 3.276647744776475246e-01
4.378950507496318645e-01, 1.140559680464700992e-01, 1.212551478935461752e-01, 3.267938333103517778e-01
4.380229313618564380e-01, 1.144154772604969728e-01, 1.216384616071248259e-01, 3.259231297705217911e-01
4.381481860919498317e-01, 1.147761746121531701e-01, 1.220229617343417533e-01, 3.250526775615552033e-01
4.382708087851708845e-01, 1.151380566475653650e-01, 1.224086441765107752e-01, 3.241824903907528643e-01
4.383907933621203346e-01, 1.155011198750054424e-01, 1.227955047940358785e-01, 3.233125819688383862e-01
4.385081338192370892e-01, 1.158653607648727629e-01, 1.231835394064157152e-01, 3.224429660094743633e-01
4.386228242292907753e-01, 1.162307757496800348e-01, 1.235727437922523320e-01, 3.215736562287768718e-01
4.387348587418692936e-01, 1.165973612240425172e-01, 1.239631136892628688e-01, 3.207046663448253065e-01
4.388442315838629870e-01, 1.169651135446705403e-01, 1.243546447942956296e-01, 3.198360100771710512e-01
4.389509370599433691e-01, 1.173340290303653000e-01, 1.247473327633493861e-01, 3.189677011463419309e-01
4.390549695530394092e-01, 1.177041039620183860e-01, 1.251411732115968178e-01, 3.180997532733453315e-01
4.391563235248074348e-01, 1.180753345826142942e-01, 1.255361617134113095e-01, 3.172321801791669338e-01
4.392549935160969810e-01, 1.184477170972367405e-01, 1.259322938023979266e-01, 3.163649955842683936e-01
4.393509741474129759e-01, 1.188212476730781120e-01, 1.263295649714275826e-01, 3.154982132080813573e-01
4.394442601193724318e-01, 1.191959224394525119e-01, 1.267279706726756328e-01, 3.146318467684993680e-01
4.395348462131564715e-01, 1.195717374878123573e-01, 1.271275063176638409e-01, 3.137659099813673302e-01
4.396227272909576378e-01, 1.199486888717680722e-01, 1.275281672773059816e-01, 3.129004165599683640e-01
4.397078982964223726e-01, 1.203267726071116928e-01, 1.279299488819577446e-01, 3.120353802145081623e-01
4.397903542550885558e-01, 1.207059846718436941e-01, 1.283328464214701647e-01, 3.111708146515976825e-01
4.398700902748177155e-01, 1.210863210062032708e-01, 1.287368551452465759e-01, 3.103067335737324517e-01
4.399471015462229628e-01, 1.214677775127021297e-01, 1.291419702623038956e-01, 3.094431506787710395e-01
4.400213833430903776e-01, 1.218503500561620989e-01, 1.295481869413374898e-01, 3.085800796594100337e-01
4.400929310227967295e-01, 1.222340344637557197e-01, 1.299555003107896733e-01, 3.077175342026579608e-01
4.401617400267205937e-01, 1.226188265250505727e-01, 1.303639054589221247e-01, 3.068555279893066534e-01
4.402278058806490257e-01, 1.230047219920574336e-01, 1.307733974338926575e-01, 3.059940746934007860e-01
4.402911241951781296e-01, 1.233917165792813714e-01, 1.311839712438348515e-01, 3.051331879817056336e-01
4.403516906661086860e-01, 1.237798059637766485e-01, 1.315956218569422076e-01, 3.042728815131725550e-01
4.404095010748352856e-01, 1.241689857852054102e-01, 1.320083442015561326e-01, 3.034131689384031438e-01
4.404645512887316872e-01, 1.245592516458993437e-01, 1.324221331662571721e-01, 3.025540638991118247e-01
4.405168372615280159e-01, 1.249505991109253200e-01, 1.328369835999608783e-01, 3.016955800275858413e-01
4.405663550336838541e-01, 1.253430237081544774e-01, 1.332528903120168418e-01, 3.008377309461448545e-01
4.406131007327558913e-01, 1.257365209283343999e-01, 1.336698480723117755e-01, 2.999805302665979889e-01
4.406570705737573035e-01, 1.261310862251657783e-01, 1.340878516113766517e-01, 2.991239915897002111e-01
4.406982608595142459e-01, 1.265267150153814857e-01, 1.345068956204973631e-01, 2.982681285046068220e-01
4.407366679810141297e-01, 1.269234026788299829e-01, 1.349269747518291596e-01, 2.974129545883266168e-01
4.407722884177484590e-01, 1.273211445585620272e-01, 1.353480836185154135e-01, 2.965584834051740448e-01
4.408051187380500058e-01, 1.277199359609206830e-01, 1.357702167948094396e-01, 2.957047285062198716e-01
4.408351555994231008e-01, 1.281197721556352198e-01, 1.361933688162006995e-01, 2.948517034287409522e-01
4.408623957488680967e-01, 1.285206483759184226e-01, 1.366175341795447806e-01, 2.939994216956687278e-01
4.408868360231992245e-01, 1.289225598185671229e-01, 1.370427073431966514e-01, 2.931478968150370013e-01
4.409084733493567332e-01, 1.293255016440667815e-01, 1.374688827271484393e-01, 2.922971422794280461e-01
4.409273047447115346e-01, 1.297294689766991804e-01, 1.378960547131703462e-01, 2.914471715654189943e-01
4.409433273173641865e-01, 1.301344569046536392e-01, 1.383242176449558380e-01, 2.905979981330262807e-01
4.409565382664373812e-01, 1.305404604801420620e-01, 1.387533658282702753e-01, 2.897496354251501982e-01
4.409669348823611612e-01, 1.309474747195172317e-01, 1.391834935311034860e-01, 2.889020968670181766e-01
4.409745145471520855e-01, 1.313554946033943516e-01, 1.396145949838258349e-01, 2.880553958656277835e-01
4.409792747346857333e-01, 1.317645150767768059e-01, 1.400466643793483734e-01, 2.872095458091891707e-01
4.409812130109620476e-01, 1.321745310491845571e-01, 1.404796958732866807e-01, 2.863645600665666868e-01
4.409803270343641279e-01, 1.325855373947866789e-01, 1.409136835841279245e-01, 2.855204519867213242e-01
4.409766145559103623e-01, 1.329975289525368309e-01, 1.413486215934023071e-01, 2.846772348981504441e-01
4.409700734194992866e-01, 1.334105005263126753e-01, 1.417845039458578149e-01, 2.838349221083301677e-01
4.409607015621478388e-01, 1.338244468850582902e-01, 1.422213246496387140e-01, 2.829935269031551570e-01
4.409484970142223959e-01, 1.342393627629302200e-01, 1.426590776764676827e-01, 2.821530625463796738e-01
4.409334578996629284e-01, 1.346552428594471329e-01, 1.430977569618317458e-01, 2.813135422790581375e-01
4.409155824362001042e-01, 1.350720818396426159e-01, 1.435373564051715123e-01, 2.804749793189859064e-01
4.408948689355651207e-01, 1.354898743342211054e-01, 1.439778698700746040e-01, 2.796373868601391144e-01
4.408713158036925983e-01, 1.359086149397182863e-01, 1.444192911844721094e-01, 2.788007780721169504e-01
4.408449215409163124e-01, 1.363282982186632686e-01, 1.448616141408387570e-01, 2.779651660995816620e-01
4.408156847421569324e-01, 1.367489186997456474e-01, 1.453048324963971127e-01, 2.771305640617003352e-01
4.407836040971039870e-01, 1.371704708779848403e-01, 1.457489399733245816e-01, 2.762969850515866743e-01
4.407486783903887817e-01, 1.375929492149032263e-01, 1.461939302589646272e-01, 2.754644421357433925e-01
4.407109065017513760e-01, 1.380163481387028102e-01, 1.466397970060411282e-01, 2.746329483535047133e-01
4.406702874061994013e-01, 1.384406620444444125e-01, 1.470865338328762872e-01, 2.738025167164798712e-01
4.406268201741598833e-01, 1.388658852942309951e-01, 1.475341343236119540e-01, 2.729731602079971120e-01
4.405805039716229610e-01, 1.392920122173937902e-01, 1.479825920284347507e-01, 2.721448917825483593e-01
4.405313380602790541e-01, 1.397190371106817042e-01, 1.484319004638042783e-01, 2.713177243652350468e-01
4.404793217976475939e-01, 1.401469542384539413e-01, 1.488820531126844315e-01, 2.704916708512139500e-01
4.404244546371989255e-01, 1.405757578328762636e-01, 1.493330434247793492e-01, 2.696667441051453507e-01
4.403667361284685500e-01, 1.410054420941197206e-01, 1.497848648167710017e-01, 2.688429569606408109e-01
4.403061659171625952e-01, 1.414360011905629877e-01, 1.502375106725614418e-01, 2.680203222197129476e-01
4.402427437452580694e-01, 1.418674292589980901e-01, 1.506909743435179416e-01, 2.671988526522259266e-01
4.401764694510925668e-01, 1.422997204048385145e-01, 1.511452491487212946e-01, 2.663785609953476241e-01
4.401073429694489225e-01, 1.427328687023312614e-01, 1.516003283752174469e-01, 2.655594599530024524e-01
4.400353643316299856e-01, 1.431668681947714239e-01, 1.520562052782726270e-01, 2.647415621953260745e-01
4.399605336655270649e-01, 1.436017128947200128e-01, 1.525128730816312783e-01, 2.639248803581215608e-01
4.398828511956811016e-01, 1.440373967842248637e-01, 1.529703249777774055e-01, 2.631094270423166570e-01
4.398023172433332406e-01, 1.444739138150445690e-01, 1.534285541281992793e-01, 2.622952148134229944e-01
4.397189322264712930e-01, 1.449112579088753516e-01, 1.538875536636566399e-01, 2.614822562009967988e-01
4.396326966598658181e-01, 1.453494229575807983e-01, 1.543473166844518130e-01, 2.606705636981014873e-01
4.395436111550996561e-01, 1.457884028234248952e-01, 1.548078362607033798e-01, 2.598601497607719857e-01
4.394516764205889103e-01, 1.462281913393075616e-01, 1.552691054326229281e-01, 2.590510268074806555e-01
4.393568932615963818e-01, 1.466687823090033760e-01, 1.557311172107948283e-01, 2.582432072186054417e-01
4.392592625802372863e-01, 1.471101695074031879e-01, 1.561938645764593958e-01, 2.574367033359001855e-01
4.391587853754769233e-01, 1.475523466807582285e-01, 1.566573404817983295e-01, 2.566315274619665465e-01
4.390554627431205170e-01, 1.479953075469274126e-01, 1.571215378502236470e-01, 2.558276918597283678e-01
4.389492958757951757e-01, 1.484390457956274445e-01, 1.575864495766690909e-01, 2.550252087519083166e-01
4.388402860629236346e-01, 1.488835550886851711e-01, 1.580520685278848370e-01, 2.542240903205064129e-01
4.387284346906907273e-01, 1.493288290602934887e-01, 1.585183875427345068e-01, 2.534243487062814437e-01
4.386137432420013083e-01, 1.497748613172689702e-01, 1.589853994324953168e-01, 2.526259960082344325e-01
4.384962132964312365e-01, 1.502216454393132949e-01, 1.594530969811609467e-01, 2.518290442830945497e-01
4.383758465301687557e-01, 1.506691749792762880e-01, 1.599214729457471007e-01, 2.510335055448080221e-01
4.382526447159493799e-01, 1.511174434634221242e-01, 1.603905200565996225e-01, 2.502393917640288734e-01
4.381266097229831735e-01, 1.515664443916981408e-01, 1.608602310177053296e-01, 2.494467148676132451e-01
4.379977435168722066e-01, 1.520161712380059815e-01, 1.613305985070059012e-01, 2.486554867381158274e-01
4.378660481595220699e-01, 1.524666174504752947e-01, 1.618016151767133204e-01, 2.478657192132893150e-01
4.377315258090445083e-01, 1.529177764517400118e-01, 1.622732736536288689e-01, 2.470774240855866666e-01
4.375941787196520605e-01, 1.533696416392171802e-01, 1.627455665394643702e-01, 2.462906131016664724e-01
4.374540092415454828e-01, 1.538222063853878774e-01, 1.632184864111652922e-01, 2.455052979619012643e-01
4.373110198207929566e-01, 1.542754640380809283e-01, 1.636920258212372081e-01, 2.447214903198888236e-01
4.371652129992006364e-01, 1.547294079207587603e-01, 1.641661772980741174e-01, 2.439392017819664304e-01
4.370165914141767582e-01, 1.551840313328053667e-01, 1.646409333462887925e-01, 2.431584439067290548e-01
4.368651577985869783e-01, 1.556393275498171302e-01, 1.651162864470464287e-01, 2.423792282045496294e-01
4.367109149806014390e-01, 1.560952898238954223e-01, 1.655922290583995704e-01, 2.416015661371036238e-01
4.365538658835357855e-01, 1.565519113839415055e-01, 1.660687536156257860e-01, 2.408254691168968675e-01
4.363940135256821895e-01, 1.570091854359538797e-01, 1.665458525315675897e-01, 2.400509485067963966e-01
4.362313610201335456e-01, 1.574671051633273755e-01, 1.670235181969740856e-01, 2.392780156195648822e-01
4.360659115746009507e-01, 1.579256637271547192e-01, 1.675017429808452196e-01, 2.385066817173990827e-01
4.358976684912210242e-01, 1.583848542665299008e-01, 1.679805192307776418e-01, 2.377369580114713221e-01
4.357266351663577897e-01, 1.588446698988539296e-01, 1.684598392733133165e-01, 2.369688556614749364e-01
4.355528150903953954e-01, 1.593051037201421161e-01, 1.689396954142887708e-01, 2.362023857751737455e-01
4.353762118475236753e-01, 1.597661488053336298e-01, 1.694200799391881174e-01, 2.354375594079546052e-01
4.351968291155161039e-01, 1.602277982086031671e-01, 1.699009851134963278e-01, 2.346743875623844011e-01
4.350146706654997586e-01, 1.606900449636739781e-01, 1.703824031830554198e-01, 2.339128811877707881e-01
4.348297403617181756e-01, 1.611528820841331144e-01, 1.708643263744219487e-01, 2.331530511797267058e-01
4.346420421612857132e-01, 1.616163025637485373e-01, 1.713467468952263872e-01, 2.323949083797392512e-01
4.344515801139356426e-01, 1.620802993767876954e-01, 1.718296569345342806e-01, 2.316384635747424647e-01
4.342583583617589671e-01, 1.625448654783382962e-01, 1.723130486632092062e-01, 2.308837274966935860e-01
4.340623811389378028e-01, 1.630099938046300767e-01, 1.727969142342769548e-01, 2.301307108221551379e-01
4.338636527714694879e-01, 1.634756772733590713e-01, 1.732812457832919317e-01, 2.293794241718794813e-01
4.336621776768844194e-01, 1.639419087840127687e-01, 1.737660354287045295e-01, 2.286298781103982269e-01
4.334579603639554524e-01, 1.644086812181974055e-01, 1.742512752722302771e-01, 2.278820831456168650e-01
4.332510054324009152e-01, 1.648759874399662873e-01, 1.747369573992205716e-01, 2.271360497284122537e-01
4.330413175725797426e-01, 1.653438202961500236e-01, 1.752230738790344911e-01, 2.263917882522356873e-01
4.328289015651794469e-01, 1.658121726166880694e-01, 1.757096167654122465e-01, 2.256493090527202650e-01
4.326137622808968186e-01, 1.662810372149614857e-01, 1.761965780968498818e-01, 2.249086224072917584e-01
4.323959046801111872e-01, 1.667504068881275336e-01, 1.766839498969753341e-01, 2.241697385347858062e-01
4.321753338125512434e-01, 1.672202744174550448e-01, 1.771717241749254657e-01, 2.234326675950682739e-01
4.319520548169533125e-01, 1.676906325686614019e-01, 1.776598929257245940e-01, 2.226974196886608304e-01
4.317260729207140213e-01, 1.681614740922509621e-01, 1.781484481306640222e-01, 2.219640048563709112e-01
4.314973934395354704e-01, 1.686327917238542029e-01, 1.786373817576826784e-01, 2.212324330789277038e-01
4.312660217770625803e-01, 1.691045781845681439e-01, 1.791266857617487274e-01, 2.205027142766204651e-01
4.310319634245146081e-01, 1.695768261812986288e-01, 1.796163520852424311e-01, 2.197748583089442764e-01
4.307952239603092259e-01, 1.700495284071023294e-01, 1.801063726583395641e-01, 2.190488749742489638e-01
4.305558090496794943e-01, 1.705226775415308871e-01, 1.805967393993961334e-01, 2.183247740093935407e-01
4.303137244442845621e-01, 1.709962662509759701e-01, 1.810874442153338204e-01, 2.176025650894057306e-01
4.300689759818134283e-01, 1.714702871890143310e-01, 1.815784790020260053e-01, 2.168822578271462354e-01
4.298215695855816532e-01, 1.719447329967552784e-01, 1.820698356446851518e-01, 2.161638617729779444e-01
4.295715112641220745e-01, 1.724195963031874557e-01, 1.825615060182500249e-01, 2.154473864144403616e-01
4.293188071107681969e-01, 1.728948697255277001e-01, 1.830534819877744357e-01, 2.147328411759296118e-01
4.290634633032311962e-01, 1.733705458695699309e-01, 1.835457554088163468e-01, 2.140202354183823596e-01
4.288054861031717069e-01, 1.738466173300350637e-01, 1.840383181278270053e-01, 2.133095784389663352e-01
4.285448818557620609e-01, 1.743230766909214524e-01, 1.845311619825414917e-01, 2.126008794707748839e-01
4.282816569892465841e-01, 1.747999165258564136e-01, 1.850242788023693796e-01, 2.118941476825275949e-01
4.280158180144912894e-01, 1.752771293984476675e-01, 1.855176604087853953e-01, 2.111893921782756756e-01
4.277473715245300179e-01, 1.757547078626359727e-01, 1.860112986157210213e-01, 2.104866219971128771e-01
4.274763241941035297e-01, 1.762326444630480660e-01, 1.865051852299566271e-01, 2.097858461128917218e-01
4.272026827791921555e-01, 1.767109317353498243e-01, 1.869993120515131002e-01, 2.090870734339448367e-01
4.269264541165431748e-01, 1.771895622066002318e-01, 1.874936708740442270e-01, 2.083903128028123386e-01
4.266476451231910882e-01, 1.776685283956057071e-01, 1.879882534852296005e-01, 2.076955729959736041e-01
4.263662627959731166e-01, 1.781478228132744313e-01, 1.884830516671668066e-01, 2.070028627235856455e-01
4.260823142110382045e-01, 1.786274379629714248e-01, 1.889780571967643874e-01, 2.063121906292259000e-01
4.257958065233501954e-01, 1.791073663408735972e-01, 1.894732618461349716e-01, 2.056235652896412913e-01
4.255067469661848456e-01, 1.795876004363251566e-01, 1.899686573829877101e-01, 2.049369952145023155e-01
4.252151428506225073e-01, 1.800681327321931313e-01, 1.904642355710212676e-01, 2.042524888461630661e-01
4.249210015650338734e-01, 1.805489557052230853e-01, 1.909599881703167301e-01, 2.035700545594262001e-01
4.246243305745608376e-01, 1.810300618263948058e-01, 1.914559069377299305e-01, 2.028897006613144260e-01
4.243251374205913029e-01, 1.815114435612780186e-01, 1.919519836272840785e-01, 2.022114353908465167e-01
4.240234297202294389e-01, 1.819930933703887421e-01, 1.924482099905618915e-01, 2.015352669188198165e-01
4.237192151657600547e-01, 1.824750037095444755e-01, 1.929445777770976145e-01, 2.008612033475978831e-01
4.234125015241074208e-01, 1.829571670302200248e-01, 1.934410787347685956e-01, 2.001892527109039865e-01
4.231032966362897607e-01, 1.834395757799034132e-01, 1.939377046101866675e-01, 1.995194229736201585e-01
4.227916084168679145e-01, 1.839222224024509855e-01, 1.944344471490887516e-01, 1.988517220315922096e-01
4.224774448533894500e-01, 1.844050993384429571e-01, 1.949312980967277120e-01, 1.981861577114399087e-01
4.221608140058268344e-01, 1.848881990255379359e-01, 1.954282491982618775e-01, 1.975227377703732967e-01
4.218417240060124418e-01, 1.853715138988279720e-01, 1.959252921991447294e-01, 1.968614698960148568e-01
4.215201830570668995e-01, 1.858550363911928294e-01, 1.964224188455134246e-01, 1.962023617062268188e-01
4.211961994328241032e-01, 1.863387589336539807e-01, 1.969196208845771789e-01, 1.955454207489448204e-01
4.208697814772503487e-01, 1.868226739557280192e-01, 1.974168900650046798e-01, 1.948906545020170356e-01
4.205409376038603542e-01, 1.873067738857800146e-01, 1.979142181373107767e-01, 1.942380703730488267e-01
4.202096762951271769e-01, 1.877910511513760372e-01, 1.984115968542427832e-01, 1.935876756992539194e-01
4.198760061018890211e-01, 1.882754981796352090e-01, 1.989090179711651696e-01, 1.929394777473105727e-01
4.195399356427507165e-01, 1.887601073975812283e-01, 1.994064732464445322e-01, 1.922934837132236618e-01
4.192014736034813671e-01, 1.892448712324932281e-01, 1.999039544418322600e-01, 1.916497007221930893e-01
4.188606287364085579e-01, 1.897297821122559680e-01, 2.004014533228479500e-01, 1.910081358284875519e-01
4.185174098598062331e-01, 1.902148324657097489e-01, 2.008989616591603800e-01, 1.903687960153237768e-01
4.181718258572812985e-01, 1.907000147229984954e-01, 2.013964712249677325e-01, 1.897316881947525291e-01
4.178238856771543941e-01, 1.911853213159184217e-01, 2.018939737993778738e-01, 1.890968192075492826e-01
4.174735983318374477e-01, 1.916707446782649760e-01, 2.023914611667860519e-01, 1.884641958231115244e-01
4.171209728972071762e-01, 1.921562772461791468e-01, 2.028889251172522334e-01, 1.878338247393615268e-01
4.167660185119753113e-01, 1.926419114584927983e-01, 2.033863574468770252e-01, 1.872057125826548929e-01
4.164087443770548291e-01, 1.931276397570736159e-01, 2.038837499581766799e-01, 1.865798659076949029e-01
4.160491597549230147e-01, 1.936134545871681378e-01, 2.043810944604561586e-01, 1.859562911974527721e-01
4.156872739689799756e-01, 1.940993483977447309e-01, 2.048783827701817495e-01, 1.853349948630934885e-01
4.153230964029062111e-01, 1.945853136418347340e-01, 2.053756067113515771e-01, 1.847159832439076443e-01
4.149566365000132429e-01, 1.950713427768727970e-01, 2.058727581158649456e-01, 1.840992626072489313e-01
4.145879037625949115e-01, 1.955574282650368867e-01, 2.063698288238907663e-01, 1.834848391484773800e-01
4.142169077512729003e-01, 1.960435625735853504e-01, 2.068668106842335153e-01, 1.828727189909082063e-01
4.138436580843399826e-01, 1.965297381751946737e-01, 2.073636955546985516e-01, 1.822629081857668476e-01
4.134681644371006604e-01, 1.970159475482946843e-01, 2.078604753024554663e-01, 1.816554127121492168e-01
4.130904365412085832e-01, 1.975021831774031733e-01, 2.083571418044001533e-01, 1.810502384769880901e-01
4.127104841840014138e-01, 1.979884375534590735e-01, 2.088536869475145497e-01, 1.804473913150250464e-01
4.123283172078322512e-01, 1.984747031741541934e-01, 2.093501026292257372e-01, 1.798468769887878183e-01
4.119439455094003333e-01, 1.989609725442633703e-01, 2.098463807577624629e-01, 1.792487011885738335e-01
4.115573790390761877e-01, 1.994472381759738733e-01, 2.103425132525103824e-01, 1.786528695324394456e-01
4.111686278002276151e-01, 1.999334925892128079e-01, 2.108384920443656940e-01, 1.780593875661938830e-01
4.107777018485407883e-01, 2.004197283119730777e-01, 2.113343090760859966e-01, 1.774682607634001930e-01
4.103846112913404065e-01, 2.009059378806379581e-01, 2.118299563026406762e-01, 1.768794945253808482e-01
4.099893662869075195e-01, 2.013921138403045596e-01, 2.123254256915585170e-01, 1.762930941812293484e-01
4.095919770437947416e-01, 2.018782487451045438e-01, 2.128207092232735631e-01, 1.757090649878272348e-01
4.091924538201397454e-01, 2.023643351585244776e-01, 2.133157988914690384e-01, 1.751274121298667663e-01
4.087908069229770347e-01, 2.028503656537240796e-01, 2.138106867034196279e-01, 1.745481407198792578e-01
4.083870467075477739e-01, 2.033363328138524384e-01, 2.143053646803310675e-01, 1.739712557982687202e-01
4.079811835766074535e-01, 2.038222292323630114e-01, 2.147998248576783453e-01, 1.733967623333511343e-01
4.075732279797322222e-01, 2.043080475133268736e-01, 2.152940592855416002e-01, 1.728246652213992485e-01
4.071631904126240542e-01, 2.047937802717436917e-01, 2.157880600289396877e-01, 1.722549692866925108e-01
4.067510814164134736e-01, 2.052794201338515034e-01, 2.162818191681618873e-01, 1.716876792815731911e-01
4.063369115769612794e-01, 2.057649597374344719e-01, 2.167753287990973887e-01, 1.711227998865068045e-01
4.059206915241597713e-01, 2.062503917321286684e-01, 2.172685810335624468e-01, 1.705603357101491413e-01
4.055024319312309777e-01, 2.067357087797259407e-01, 2.177615679996253717e-01, 1.700002912894176821e-01
4.050821435140255500e-01, 2.072209035544761990e-01, 2.182542818419295483e-01, 1.694426710895686472e-01
4.046598370303192138e-01, 2.077059687433873703e-01, 2.187467147220134855e-01, 1.688874795042798749e-01
4.042355232791089992e-01, 2.081908970465237152e-01, 2.192388588186293119e-01, 1.683347208557379737e-01
4.038092130999083040e-01, 2.086756811773017584e-01, 2.197307063280582728e-01, 1.677843993947316648e-01
4.033809173720409591e-01, 2.091603138627848024e-01, 2.202222494644245354e-01, 1.672365193007496476e-01
4.029506470139349039e-01, 2.096447878439747226e-01, 2.207134804600059674e-01, 1.666910846820843506e-01
4.025184129824153634e-01, 2.101290958761021510e-01, 2.212043915655425852e-01, 1.661480995759399837e-01
4.020842262719963034e-01, 2.106132307289142191e-01, 2.216949750505431138e-01, 1.656075679485463359e-01
4.016480979141730523e-01, 2.110971851869608562e-01, 2.221852232035883556e-01, 1.650694936952777359e-01
4.012100389767130904e-01, 2.115809520498778407e-01, 2.226751283326325326e-01, 1.645338806407764254e-01
4.007700605629478940e-01, 2.120645241326686581e-01, 2.231646827653017973e-01, 1.640007325390817339e-01
4.003281738110622823e-01, 2.125478942659837778e-01, 2.236538788491904406e-01, 1.634700530737636104e-01
3.998843898933867602e-01, 2.130310552963977089e-01, 2.241427089521542682e-01, 1.629418458580612905e-01
3.994387200156869766e-01, 2.135140000866837806e-01, 2.246311654626018117e-01, 1.624161144350274311e-01
3.989911754164546798e-01, 2.139967215160867575e-01, 2.251192407897823489e-01, 1.618928622776761861e-01
3.985417673661983406e-01, 2.144792124805932343e-01, 2.256069273640716744e-01, 1.613720927891366397e-01
3.980905071667338313e-01, 2.149614658931995881e-01, 2.260942176372551793e-01, 1.608538093028113736e-01
3.976374061504753810e-01, 2.154434746841774606e-01, 2.265811040828081269e-01, 1.603380150825390593e-01
3.971824756797273648e-01, 2.159252318013373251e-01, 2.270675791961731249e-01, 1.598247133227622685e-01
3.967257271459755374e-01, 2.164067302102893331e-01, 2.275536354950352114e-01, 1.593139071486999181e-01
3.962671719691795991e-01, 2.168879628947019689e-01, 2.280392655195941365e-01, 1.588055996165243233e-01
3.958068215970659831e-01, 2.173689228565579556e-01, 2.285244618328333144e-01, 1.582997937135427191e-01
3.953446875044209774e-01, 2.178496031164084135e-01, 2.290092170207869426e-01, 1.577964923583836943e-01
3.948807811923850664e-01, 2.183299967136237973e-01, 2.294935236928034028e-01, 1.572956984011877613e-01
3.944151141877478839e-01, 2.188100967066427815e-01, 2.299773744818066068e-01, 1.567974146238027833e-01
3.939476980422438324e-01, 2.192898961732188956e-01, 2.304607620445538740e-01, 1.563016437399834258e-01
3.934785443318488674e-01, 2.197693882106640795e-01, 2.309436790618915880e-01, 1.558083883955955484e-01
3.930076646560781706e-01, 2.202485659360901293e-01, 2.314261182390072447e-01, 1.553176511688244832e-01
3.925350706372848775e-01, 2.207274224866478118e-01, 2.319080723056796134e-01, 1.548294345703877528e-01
3.920607739199603037e-01, 2.212059510197625090e-01, 2.323895340165247902e-01, 1.543437410437523416e-01
3.915847861700349486e-01, 2.216841447133687526e-01, 2.328704961512404470e-01, 1.538605729653557963e-01
3.911071190741806092e-01, 2.221619967661409012e-01, 2.333509515148466940e-01, 1.533799326448316847e-01
3.906277843391151028e-01, 2.226395003977218179e-01, 2.338308929379236956e-01, 1.529018223252393283e-01
3.901467936909069345e-01, 2.231166488489487731e-01, 2.343103132768468988e-01, 1.524262441832975046e-01
3.896641588742819073e-01, 2.235934353820771270e-01, 2.347892054140191809e-01, 1.519532003296217848e-01
3.891798916519325080e-01, 2.240698532810009025e-01, 2.352675622580996662e-01, 1.514826928089669511e-01
3.886940038038272371e-01, 2.245458958514708059e-01, 2.357453767442299619e-01, 1.510147236004720506e-01
3.882065071265222711e-01, 2.250215564213098873e-01, 2.362226418342573409e-01, 1.505492946179104452e-01
3.877174134324758992e-01, 2.254968283406263985e-01, 2.366993505169546208e-01, 1.500864077099430260e-01
3.872267345493630164e-01, 2.259717049820237633e-01, 2.371754958082374909e-01, 1.496260646603755906e-01
3.867344823193933911e-01, 2.264461797408083288e-01, 2.376510707513785070e-01, 1.491682671884197453e-01
3.862406685986301547e-01, 2.269202460351937845e-01, 2.381260684172180064e-01, 1.487130169489579157e-01
3.857453052563123985e-01, 2.273938973065037228e-01, 2.386004819043723302e-01, 1.482603155328114930e-01
3.852484041741775500e-01, 2.278671270193707021e-01, 2.390743043394389089e-01, 1.478101644670128945e-01
3.847499772457877998e-01, 2.283399286619331170e-01, 2.395475288771976574e-01, 1.473625652150813425e-01
3.842500363758585280e-01, 2.288122957460290985e-01, 2.400201487008105095e-01, 1.469175191773019473e-01
3.837485934795873965e-01, 2.292842218073877780e-01, 2.404921570220168725e-01, 1.464750276910079807e-01
3.832456604819884927e-01, 2.297557004058178587e-01, 2.409635470813263625e-01, 1.460350920308673695e-01
3.827412493172265284e-01, 2.302267251253932723e-01, 2.414343121482087351e-01, 1.455977134091716030e-01
3.822353719279547590e-01, 2.306972895746362551e-01, 2.419044455212800981e-01, 1.451628929761287212e-01
3.817280402646558990e-01, 2.311673873866978424e-01, 2.423739405284870696e-01, 1.447306318201592723e-01
3.812192662849833158e-01, 2.316370122195347825e-01, 2.428427905272864396e-01, 1.443009309681953234e-01
3.807090619531085518e-01, 2.321061577560852296e-01, 2.433109889048232499e-01, 1.438737913859828854e-01
3.801974392390680690e-01, 2.325748177044398846e-01, 2.437785290781045444e-01, 1.434492139783873355e-01
3.796844101181152675e-01, 2.330429857980117203e-01, 2.442454044941710367e-01, 1.430271995897020032e-01
3.791699865700736694e-01, 2.335106557957020157e-01, 2.447116086302646709e-01, 1.426077490039595608e-01
3.786541805786942105e-01, 2.339778214820646407e-01, 2.451771349939942113e-01, 1.421908629452467432e-01
3.781370041310150865e-01, 2.344444766674665948e-01, 2.456419771234965854e-01, 1.417765420780215946e-01
3.776184692167240398e-01, 2.349106151882459914e-01, 2.461061285875963400e-01, 1.413647870074335455e-01
3.770985878275246450e-01, 2.353762309068677394e-01, 2.465695829859607946e-01, 1.409555982796469042e-01
3.765773719565049804e-01, 2.358413177120758097e-01, 2.470323339492530024e-01, 1.405489763821661797e-01
3.760548335975100742e-01, 2.363058695190436154e-01, 2.474943751392813529e-01, 1.401449217441649575e-01
3.755309847445171267e-01, 2.367698802695199778e-01, 2.479557002491457884e-01, 1.397434347368169960e-01
3.750058373910141185e-01, 2.372333439319744275e-01, 2.484163030033815778e-01, 1.393445156736297652e-01
3.744794035293818046e-01, 2.376962545017381190e-01, 2.488761771580991489e-01, 1.389481648107809553e-01
3.739516951502787623e-01, 2.381586060011423589e-01, 2.493353165011217010e-01, 1.385543823474571778e-01
3.734227242420305459e-01, 2.386203924796549136e-01, 2.497937148521193473e-01, 1.381631684261952209e-01
3.728925027900217848e-01, 2.390816080140128752e-01, 2.502513660627398440e-01, 1.377745231332255793e-01
3.723610427760913888e-01, 2.395422467083529461e-01, 2.507082640167370147e-01, 1.373884464988186227e-01
3.718283561779326951e-01, 2.400023026943392812e-01, 2.511644026300954846e-01, 1.370049384976325391e-01
3.712944549684953355e-01, 2.404617701312880274e-01, 2.516197758511525828e-01, 1.366239990490639433e-01
3.707593511153925436e-01, 2.409206432062893366e-01, 2.520743776607176079e-01, 1.362456280176005119e-01
3.702230565803105722e-01, 2.413789161343269096e-01, 2.525282020721867915e-01, 1.358698252131756712e-01
3.696855833184233275e-01, 2.418365831583942638e-01, 2.529812431316568744e-01, 1.354965903915255065e-01
3.691469432778093918e-01, 2.422936385496086698e-01, 2.534334949180344077e-01, 1.351259232545475308e-01
3.686071483988737074e-01, 2.427500766073220073e-01, 2.538849515431426118e-01, 1.347578234506615347e-01
3.680662106137730927e-01, 2.432058916592292619e-01, 2.543356071518253492e-01, 1.343922905751723518e-01
3.675241418458448095e-01, 2.436610780614737459e-01, 2.547854559220469328e-01, 1.340293241706343730e-01
3.669809540090405164e-01, 2.441156301987502941e-01, 2.552344920649910476e-01, 1.336689237272180308e-01
3.664366590073623864e-01, 2.445695424844052113e-01, 2.556827098251545638e-01, 1.333110886830778663e-01
3.658912687343048309e-01, 2.450228093605332780e-01, 2.561301034804394083e-01, 1.329558184247225106e-01
3.653447950722992221e-01, 2.454754252980732021e-01, 2.565766673422416044e-01, 1.326031122873860268e-01
3.647972498921628892e-01, 2.459273847968986848e-01, 2.570223957555370364e-01, 1.322529695554013340e-01
3.642486450525529440e-01, 2.463786823859085151e-01, 2.574672830989639949e-01, 1.319053894625746293e-01
3.636989923994227158e-01, 2.468293126231125012e-01, 2.579113237849032236e-01, 1.315603711925616148e-01
3.631483037654839041e-01, 2.472792700957158751e-01, 2.583545122595550803e-01, 1.312179138792451683e-01
3.625965909696720058e-01, 2.477285494202000615e-01, 2.587968430030134215e-01, 1.308780166071144002e-01
3.620438658166162949e-01, 2.481771452424018642e-01, 2.592383105293368240e-01, 1.305406784116450447e-01
3.614901400961137434e-01, 2.486250522375886562e-01, 2.596789093866166409e-01, 1.302058982796809872e-01
3.609354255826076607e-01, 2.490722651105324037e-01, 2.601186341570426164e-01, 1.298736751498173470e-01
3.603797340346701072e-01, 2.495187785955797211e-01, 2.605574794569656683e-01, 1.295440079127844757e-01
3.598230771944894713e-01, 2.499645874567203996e-01, 2.609954399369567857e-01, 1.292168954118333712e-01
3.592654667873610985e-01, 2.504096864876525497e-01, 2.614325102818644830e-01, 1.288923364431217855e-01
3.587069145211838617e-01, 2.508540705118456060e-01, 2.618686852108686458e-01, 1.285703297561019698e-01
3.581474320859593941e-01, 2.512977343826002796e-01, 2.623039594775314898e-01, 1.282508740539087255e-01
3.575870311532977075e-01, 2.517406729831068168e-01, 2.627383278698464664e-01, 1.279339679937490371e-01
3.570257233759253079e-01, 2.521828812264995112e-01, 2.631717852102831712e-01, 1.276196101872921207e-01
3.564635203871994173e-01, 2.526243540559094947e-01, 2.636043263558305316e-01, 1.273077992010605841e-01
3.559004338006254153e-01, 2.530650864445151416e-01, 2.640359461980371081e-01, 1.269985335568224183e-01
3.553364752093797208e-01, 2.535050733955889202e-01, 2.644666396630479532e-01, 1.266918117319834614e-01
3.547716561858367257e-01, 2.539443099425426897e-01, 2.648964017116396397e-01, 1.263876321599810004e-01
3.542059882811001703e-01, 2.543827911489706106e-01, 2.653252273392517346e-01, 1.260859932306774844e-01
3.536394830245395693e-01, 2.548205121086883906e-01, 2.657531115760166096e-01, 1.257868932907553472e-01
3.530721519233309680e-01, 2.552574679457713658e-01, 2.661800494867853639e-01, 1.254903306441122746e-01
3.525040064620019731e-01, 2.556936538145894167e-01, 2.666060361711521387e-01, 1.251963035522564716e-01
3.519350581019818902e-01, 2.561290648998396646e-01, 2.670310667634750446e-01, 1.249048102347033729e-01
3.513653182811563580e-01, 2.565636964165766143e-01, 2.674551364328950909e-01, 1.246158488693718674e-01
3.507947984134264230e-01, 2.569975436102399646e-01, 2.678782403833522285e-01, 1.243294175929813700e-01
3.502235098882726105e-01, 2.574306017566800886e-01, 2.683003738535981730e-01, 1.240455145014490307e-01
3.496514640703231036e-01, 2.578628661621811813e-01, 2.687215321172082283e-01, 1.237641376502875840e-01
3.490786722989272506e-01, 2.582943321634814104e-01, 2.691417104825886142e-01, 1.234852850550026415e-01
3.485051458877338471e-01, 2.587249951277918458e-01, 2.695609042929832389e-01, 1.232089546914912348e-01
3.479308961242724707e-01, 2.591548504528119468e-01, 2.699791089264758637e-01, 1.229351444964396356e-01
3.473559342695424768e-01, 2.595838935667436620e-01, 2.703963197959920461e-01, 1.226638523677217457e-01
3.467802715576038808e-01, 2.600121199283024209e-01, 2.708125323492963643e-01, 1.223950761647973617e-01
3.462039191951742922e-01, 2.604395250267259043e-01, 2.712277420689891416e-01, 1.221288137091105785e-01
3.456268883612307885e-01, 2.608661043817820380e-01, 2.716419444724991750e-01, 1.218650627844879986e-01
3.450491902066160077e-01, 2.612918535437718792e-01, 2.720551351120750749e-01, 1.216038211375369688e-01
3.444708358536487935e-01, 2.617167680935331697e-01, 2.724673095747740525e-01, 1.213450864780439287e-01
3.438918363957405577e-01, 2.621408436424401134e-01, 2.728784634824473754e-01, 1.210888564793720923e-01
3.433122028970149731e-01, 2.625640758324007118e-01, 2.732885924917250464e-01, 1.208351287788592965e-01
3.427319463919340503e-01, 2.629864603358532671e-01, 2.736976922939968748e-01, 1.205839009782157800e-01
3.421510778849276568e-01, 2.634079928557592210e-01, 2.741057586153919923e-01, 1.203351706439211438e-01
3.415696083500282532e-01, 2.638286691255950500e-01, 2.745127872167551497e-01, 1.200889353076214500e-01
3.409875487305108477e-01, 2.642484849093411081e-01, 2.749187738936222369e-01, 1.198451924665257101e-01
3.404049099385367261e-01, 2.646674360014693028e-01, 2.753237144761918609e-01, 1.196039395838022906e-01
3.398217028548027319e-01, 2.650855182269271082e-01, 2.757276048292958137e-01, 1.193651740889743462e-01
3.392379383281956540e-01, 2.655027274411218552e-01, 2.761304408523671539e-01, 1.191288933783153509e-01
3.386536271754500005e-01, 2.659190595299005255e-01, 2.765322184794057891e-01, 1.188950948152436710e-01
3.380687801808117121e-01, 2.663345104095294347e-01, 2.769329336789419505e-01, 1.186637757307169305e-01
3.374834080957064275e-01, 2.667490760266703620e-01, 2.773325824539977780e-01, 1.184349334236254742e-01
3.368975216384119120e-01, 2.671627523583560149e-01, 2.777311608420465761e-01, 1.182085651611853444e-01
3.363111314937365370e-01, 2.675755354119626617e-01, 2.781286649149700696e-01, 1.179846681793307456e-01
3.357242483127006460e-01, 2.679874212251804333e-01, 2.785250907790133845e-01, 1.177632396831054251e-01
3.351368827122243599e-01, 2.683984058659837912e-01, 2.789204345747383074e-01, 1.175442768470537497e-01
3.345490452748189902e-01, 2.688084854325966666e-01, 2.793146924769738249e-01, 1.173277768156105322e-01
3.339607465482841153e-01, 2.692176560534594310e-01, 2.797078606947659418e-01, 1.171137367034904980e-01
3.333719970454088188e-01, 2.696259138871904826e-01, 2.800999354713240019e-01, 1.169021535960766550e-01
3.327828072436771478e-01, 2.700332551225490541e-01, 2.804909130839659537e-01, 1.166930245498079693e-01
3.321931875849795102e-01, 2.704396759783934678e-01, 2.808807898440613959e-01, 1.164863465925655567e-01
3.316031484753280689e-01, 2.708451727036401135e-01, 2.812695620969729582e-01, 1.162821167240587900e-01
3.310127002845766331e-01, 2.712497415772183729e-01, 2.816572262219952938e-01, 1.160803319162098668e-01
3.304218533461453222e-01, 2.716533789080249894e-01, 2.820437786322924079e-01, 1.158809891135372666e-01
3.298306179567508933e-01, 2.720560810348767178e-01, 2.824292157748336529e-01, 1.156840852335387082e-01
3.292390043761399543e-01, 2.724578443264607519e-01, 2.828135341303267825e-01, 1.154896171670723864e-01
3.286470228268285054e-01, 2.728586651812835995e-01, 2.831967302131503383e-01, 1.152975817787375012e-01
3.280546834938448120e-01, 2.732585400276180132e-01, 2.835788005712834292e-01, 1.151079759072536068e-01
3.274619965244781050e-01, 2.736574653234490340e-01, 2.839597417862343987e-01, 1.149207963658385873e-01
3.268689720280307798e-01, 2.740554375564172029e-01, 2.843395504729665513e-01, 1.147360399425854660e-01
3.262756200755760339e-01, 2.744524532437612740e-01, 2.847182232798243229e-01, 1.145537034008383415e-01
3.256819506997197244e-01, 2.748485089322586505e-01, 2.850957568884551763e-01, 1.143737834795665043e-01
3.250879738943665553e-01, 2.752436011981639341e-01, 2.854721480137319967e-01, 1.141962768937375833e-01
3.244936996144915931e-01, 2.756377266471468079e-01, 2.858473934036723230e-01, 1.140211803346893732e-01
3.238991377759155021e-01, 2.760308819142276993e-01, 2.862214898393568019e-01, 1.138484904705001355e-01
3.233042982550847766e-01, 2.764230636637118321e-01, 2.865944341348456992e-01, 1.136782039463576366e-01
3.227091908888565785e-01, 2.768142685891224475e-01, 2.869662231370941896e-01, 1.135103173849269231e-01
3.221138254742871299e-01, 2.772044934131314142e-01, 2.873368537258651489e-01, 1.133448273867162098e-01
3.215182117684265983e-01, 2.775937348874897292e-01, 2.877063228136419459e-01, 1.131817305304418098e-01
3.209223594881156494e-01, 2.779819897929550199e-01, 2.880746273455379036e-01, 1.130210233733912606e-01
3.203262783097894362e-01, 2.783692549392193238e-01, 2.884417642992061492e-01, 1.128627024517850769e-01
3.197299778692833661e-01, 2.787555271648335942e-01, 2.888077306847461889e-01, 1.127067642811367676e-01
3.191334677616451954e-01, 2.791408033371327035e-01, 2.891725235446104270e-01, 1.125532053566117019e-01
3.185367575409503993e-01, 2.795250803521573402e-01, 2.895361399535085201e-01, 1.124020221533838515e-01
3.179398567201224823e-01, 2.799083551345756260e-01, 2.898985770183108435e-01, 1.122532111269912702e-01
3.173427747707572855e-01, 2.802906246376032917e-01, 2.902598318779496256e-01, 1.121067687136899083e-01
3.167455211229521228e-01, 2.806718858429221863e-01, 2.906199017033202492e-01, 1.119626913308056360e-01
3.161481051651383600e-01, 2.810521357605974546e-01, 2.909787836971795549e-01, 1.118209753770845472e-01
3.155505362439193218e-01, 2.814313714289941037e-01, 2.913364750940443670e-01, 1.116816172330420132e-01
3.149528236639116963e-01, 2.818095899146915717e-01, 2.916929731600873543e-01, 1.115446132613092250e-01
3.143549766875914919e-01, 2.821867883123971299e-01, 2.920482751930328358e-01, 1.114099598069786395e-01
3.137570045351439352e-01, 2.825629637448586751e-01, 2.924023785220500882e-01, 1.112776531979472322e-01
3.131589163843185863e-01, 2.829381133627758005e-01, 2.927552805076470421e-01, 1.111476897452585572e-01
3.125607213702868425e-01, 2.833122343447098124e-01, 2.931069785415611473e-01, 1.110200657434420590e-01
3.119624285855055468e-01, 2.836853238969928581e-01, 2.934574700466502928e-01, 1.108947774708515105e-01
3.113640470795829285e-01, 2.840573792536350006e-01, 2.938067524767812300e-01, 1.107718211900008271e-01
3.107655858591502063e-01, 2.844283976762317923e-01, 2.941548233167191606e-01, 1.106511931478987021e-01
3.101670538877366323e-01, 2.847983764538691287e-01, 2.945016800820134950e-01, 1.105328895763806746e-01
3.095684600856478119e-01, 2.851673129030280474e-01, 2.948473203188844427e-01, 1.104169066924397397e-01
3.089698133298495741e-01, 2.855352043674881379e-01, 2.951917416041072717e-01, 1.103032406985549607e-01
3.083711224538549511e-01, 2.859020482182299538e-01, 2.955349415448972894e-01, 1.101918877830179444e-01
3.077723962476147657e-01, 2.862678418533361469e-01, 2.958769177787914928e-01, 1.100828441202576641e-01
3.071736434574136032e-01, 2.866325826978922686e-01, 2.962176679735311069e-01, 1.099761058711629658e-01
3.065748727857680600e-01, 2.869962682038860180e-01, 2.965571898269425133e-01, 1.098716691834034087e-01
3.059760928913301536e-01, 2.873588958501058221e-01, 2.968954810668163469e-01, 1.097695301917477051e-01
3.053773123887937313e-01, 2.877204631420380299e-01, 2.972325394507874807e-01, 1.096696850183807165e-01
3.047785398488056519e-01, 2.880809676117641049e-01, 2.975683627662127351e-01, 1.095721297732176885e-01
3.041797837978797436e-01, 2.884404068178557656e-01, 2.979029488300475870e-01, 1.094768605542169454e-01
3.035810527183155361e-01, 2.887987783452705126e-01, 2.982362954887233242e-01, 1.093838734476905578e-01
3.029823550481203775e-01, 2.891560798052452141e-01, 2.985684006180218675e-01, 1.092931645286124298e-01
3.023836991809349395e-01, 2.895123088351893581e-01, 2.988992621229508151e-01, 1.092047298609248179e-01
3.017850934659630502e-01, 2.898674630985774714e-01, 2.992288779376169328e-01, 1.091185654978424485e-01
3.011865462079050260e-01, 2.902215402848407066e-01, 2.995572460250996438e-01, 1.090346674821545542e-01
3.005880656668944995e-01, 2.905745381092577073e-01, 2.998843643773229650e-01, 1.089530318465249392e-01
2.999896600584388562e-01, 2.909264543128444180e-01, 3.002102310149272757e-01, 1.088736546137895889e-01
2.993913375533639454e-01, 2.912772866622435619e-01, 3.005348439871400323e-01, 1.087965317972524881e-01
2.987931062777614555e-01, 2.916270329496134517e-01, 3.008582013716460946e-01, 1.087216594009789566e-01
2.981949743129403974e-01, 2.919756909925154686e-01, 3.011803012744570518e-01, 1.086490334200870683e-01
2.975969496953821403e-01, 2.923232586338013195e-01, 3.015011418297799950e-01, 1.085786498410364620e-01
2.969990404166985010e-01, 2.926697337414999045e-01, 3.018207211998858996e-01, 1.085105046419156810e-01
2.964012544235938851e-01, 2.930151142087029648e-01, 3.021390375749767876e-01, 1.084445937927264181e-01
2.958035996178304816e-01, 2.933593979534500074e-01, 3.024560891730530554e-01, 1.083809132556663168e-01
2.952060838561972322e-01, 2.937025829186140080e-01, 3.027718742397798035e-01, 1.083194589854089562e-01
2.946087149504815206e-01, 2.940446670717842825e-01, 3.030863910483522217e-01, 1.082602269293821001e-01
2.940115006674450249e-01, 2.943856484051504130e-01, 3.033996378993614740e-01, 1.082032130280431576e-01
2.934144487288023462e-01, 2.947255249353857298e-01, 3.037116131206589187e-01, 1.081484132151530331e-01
2.928175668112032448e-01, 2.950642947035288510e-01, 3.040223150672208274e-01, 1.080958234180470906e-01
2.922208625462178189e-01, 2.954019557748661651e-01, 3.043317421210117169e-01, 1.080454395579041882e-01
2.916243435203256795e-01, 2.957385062388128705e-01, 3.046398926908479576e-01, 1.079972575500135340e-01
2.910280172749067917e-01, 2.960739442087941264e-01, 3.049467652122602179e-01, 1.079512733040388500e-01
2.904318913062374219e-01, 2.964082678221252043e-01, 3.052523581473565173e-01, 1.079074827242807733e-01
2.898359730654880284e-01, 2.967414752398916944e-01, 3.055566699846838929e-01, 1.078658817099365369e-01
2.892402699587242054e-01, 2.970735646468289914e-01, 3.058596992390895108e-01, 1.078264661553574588e-01
2.886447893469116788e-01, 2.974045342512010581e-01, 3.061614444515830535e-01, 1.077892319503043206e-01
2.880495385459231339e-01, 2.977343822846799104e-01, 3.064619041891968321e-01, 1.077541749802002485e-01
2.874545248265491515e-01, 2.980631070022233264e-01, 3.067610770448463420e-01, 1.077212911263811801e-01
2.868597554145115858e-01, 2.983907066819529996e-01, 3.070589616371909303e-01, 1.076905762663444011e-01
2.862652374904798847e-01, 2.987171796250321920e-01, 3.073555566104934633e-01, 1.076620262739944461e-01
2.856709781900904077e-01, 2.990425241555431102e-01, 3.076508606344800500e-01, 1.076356370198865153e-01
2.850769846039692412e-01, 2.993667386203634484e-01, 3.079448724041992658e-01, 1.076114043714680446e-01
2.844832637777566231e-01, 2.996898213890438201e-01, 3.082375906398817089e-01, 1.075893241933176814e-01
2.838898227121358642e-01, 3.000117708536834682e-01, 3.085290140867987807e-01, 1.075693923473818175e-01
2.832966683628634352e-01, 3.003325854288066976e-01, 3.088191415151209651e-01, 1.075516046932088743e-01
2.827038076408029399e-01, 3.006522635512385300e-01, 3.091079717197769972e-01, 1.075359570881814497e-01
2.821112474119617519e-01, 3.009708036799806918e-01, 3.093955035203118098e-01, 1.075224453877457742e-01
2.815189944975297065e-01, 3.012882042960865481e-01, 3.096817357607445920e-01, 1.075110654456390841e-01
2.809270556739213998e-01, 3.016044639025367569e-01, 3.099666673094272906e-01, 1.075018131141145666e-01
2.803354376728203201e-01, 3.019195810241140365e-01, 3.102502970589018916e-01, 1.074946842441638489e-01
2.797441471812262548e-01, 3.022335542072776549e-01, 3.105326239257586440e-01, 1.074896746857374186e-01
2.791531908415051388e-01, 3.025463820200388620e-01, 3.108136468504937300e-01, 1.074867802879624079e-01
2.785625752514409581e-01, 3.028580630518346584e-01, 3.110933647973662119e-01, 1.074859968993581300e-01
2.779723069642912603e-01, 3.031685959134027275e-01, 3.113717767542566461e-01, 1.074873203680494077e-01
2.773823924888440540e-01, 3.034779792366552598e-01, 3.116488817325233640e-01, 1.074907465419772251e-01
2.767928382894781492e-01, 3.037862116745533303e-01, 3.119246787668609744e-01, 1.074962712691075184e-01
2.762036507862251633e-01, 3.040932919009809443e-01, 3.121991669151568116e-01, 1.075038903976370669e-01
2.756148363548343583e-01, 3.043992186106190267e-01, 3.124723452583488825e-01, 1.075135997761975659e-01
2.750264013268403640e-01, 3.047039905188194120e-01, 3.127442129002834248e-01, 1.075253952540568408e-01
2.744383519896319013e-01, 3.050076063614782229e-01, 3.130147689675715772e-01, 1.075392726813182015e-01
2.738506945865246123e-01, 3.053100648949105822e-01, 3.132840126094477151e-01, 1.075552279091172569e-01
2.732634353168342245e-01, 3.056113648957236029e-01, 3.135519429976261208e-01, 1.075732567898160519e-01
2.726765803359541551e-01, 3.059115051606908775e-01, 3.138185593261593742e-01, 1.075933551771956348e-01
2.720901357554336153e-01, 3.062104845066256353e-01, 3.140838608112953012e-01, 1.076155189266455037e-01
2.715041076430586564e-01, 3.065083017702549539e-01, 3.143478466913350866e-01, 1.076397438953512059e-01
2.709185020229356033e-01, 3.068049558080938044e-01, 3.146105162264909993e-01, 1.076660259424796623e-01
2.703333248755759310e-01, 3.071004454963183750e-01, 3.148718686987443394e-01, 1.076943609293613963e-01
2.697485821379843607e-01, 3.073947697306406157e-01, 3.151319034117034401e-01, 1.077247447196716806e-01
2.691642797037476775e-01, 3.076879274261817843e-01, 3.153906196904621706e-01, 1.077571731796083537e-01
2.685804234231273235e-01, 3.079799175173469350e-01, 3.156480168814579934e-01, 1.077916421780676787e-01
2.679970191031520454e-01, 3.082707389576988533e-01, 3.159040943523309108e-01, 1.078281475868180794e-01
2.674140725077145953e-01, 3.085603907198327112e-01, 3.161588514917816339e-01, 1.078666852806711290e-01
2.668315893576684306e-01, 3.088488717952498352e-01, 3.164122877094310282e-01, 1.079072511376506227e-01
2.662495753309285229e-01, 3.091361811942329729e-01, 3.166644024356791709e-01, 1.079498410391592916e-01
2.656680360625719439e-01, 3.094223179457205597e-01, 3.169151951215643526e-01, 1.079944508701430606e-01
2.650869771449420598e-01, 3.097072810971816526e-01, 3.171646652386233001e-01, 1.080410765192530292e-01
2.645064041277533917e-01, 3.099910697144910854e-01, 3.174128122787502893e-01, 1.080897138790054418e-01
2.639263225181990302e-01, 3.102736828818042358e-01, 3.176596357540577009e-01, 1.081403588459390469e-01
2.633467377810602139e-01, 3.105551197014330134e-01, 3.179051351967363548e-01, 1.081930073207704734e-01
2.627676553388160197e-01, 3.108353792937209037e-01, 3.181493101589161210e-01, 1.082476552085470251e-01
2.621890805717571604e-01, 3.111144607969189013e-01, 3.183921602125264205e-01, 1.083042984187975316e-01
2.616110188180995055e-01, 3.113923633670614977e-01, 3.186336849491582801e-01, 1.083629328656807722e-01
2.610334753741003211e-01, 3.116690861778429467e-01, 3.188738839799251101e-01, 1.084235544681317054e-01
2.604564554941761756e-01, 3.119446284204935860e-01, 3.191127569353248705e-01, 1.084861591500052985e-01
2.598799643910223445e-01, 3.122189893036567687e-01, 3.193503034651023476e-01, 1.085507428402185670e-01
2.593040072357332693e-01, 3.124921680532655732e-01, 3.195865232381114307e-01, 1.086173014728898240e-01
2.587285891579259034e-01, 3.127641639124199568e-01, 3.198214159421782221e-01, 1.086858309874759732e-01
2.581537152458632800e-01, 3.130349761412647425e-01, 3.200549812839642017e-01, 1.087563273289078175e-01
2.575793905465805222e-01, 3.133046040168669388e-01, 3.202872189888297805e-01, 1.088287864477227723e-01
2.570056200660120194e-01, 3.135730468330940046e-01, 3.205181288006984097e-01, 1.089032043001954830e-01
2.564324087691201570e-01, 3.138403039004923345e-01, 3.207477104819210223e-01, 1.089795768484665001e-01
2.558597615800253244e-01, 3.141063745461656898e-01, 3.209759638131405857e-01, 1.090579000606683863e-01
2.552876833821378644e-01, 3.143712581136545725e-01, 3.212028885931575428e-01, 1.091381699110500064e-01
2.547161790182908558e-01, 3.146349539628153225e-01, 3.214284846387953087e-01, 1.092203823800983742e-01
2.541452532908746176e-01, 3.148974614697002683e-01, 3.216527517847664885e-01, 1.093045334546585978e-01
2.535749109619723773e-01, 3.151587800264371575e-01, 3.218756898835392066e-01, 1.093906191280513002e-01
2.530051567534977175e-01, 3.154189090411100294e-01, 3.220972988052039909e-01, 1.094786354001883039e-01
2.524359953473325757e-01, 3.156778479376400326e-01, 3.223175784373414898e-01, 1.095685782776860406e-01
2.518674313854672997e-01, 3.159355961556663539e-01, 3.225365286848899116e-01, 1.096604437739765875e-01
2.512994694701413123e-01, 3.161921531504278682e-01, 3.227541494700137403e-01, 1.097542279094170375e-01
2.507321141639857198e-01, 3.164475183926453994e-01, 3.229704407319725079e-01, 1.098499267113964561e-01
2.501653699901662531e-01, 3.167016913684034818e-01, 3.231854024269896208e-01, 1.099475362144406304e-01
2.495992414325282349e-01, 3.169546715790337310e-01, 3.233990345281228529e-01, 1.100470524603151395e-01
2.490337329357423524e-01, 3.172064585409976045e-01, 3.236113370251341714e-01, 1.101484714981260660e-01
2.484688489054509564e-01, 3.174570517857699947e-01, 3.238223099243606184e-01, 1.102517893844183472e-01
2.479045937084171092e-01, 3.177064508597238768e-01, 3.240319532485859133e-01, 1.103570021832730036e-01
2.473409716726726881e-01, 3.179546553240140683e-01, 3.242402670369121109e-01, 1.104641059664012021e-01
2.467779870876689874e-01, 3.182016647544624321e-01, 3.244472513446317041e-01, 1.105730968132368347e-01
2.462156442044280691e-01, 3.184474787414432462e-01, 3.246529062431012802e-01, 1.106839708110273490e-01
2.456539472356946419e-01, 3.186920968897691275e-01, 3.248572318196143449e-01, 1.107967240549217747e-01
2.450929003560895492e-01, 3.189355188185773460e-01, 3.250602281772757007e-01, 1.109113526480574319e-01
2.445325077022637295e-01, 3.191777441612161925e-01, 3.252618954348758251e-01, 1.110278527016442945e-01
2.439727733730533976e-01, 3.194187725651329024e-01, 3.254622337267662480e-01, 1.111462203350474937e-01
2.434137014296363644e-01, 3.196586036917608009e-01, 3.256612432027352622e-01, 1.112664516758676142e-01
2.428552958956885499e-01, 3.198972372164080036e-01, 3.258589240278840227e-01, 1.113885428600195071e-01
2.422975607575420520e-01, 3.201346728281457832e-01, 3.260552763825035893e-01, 1.115124900318083950e-01
2.417404999643441299e-01, 3.203709102296982136e-01, 3.262503004619528579e-01, 1.116382893440048402e-01
2.411841174282160494e-01, 3.206059491373313142e-01, 3.264439964765354918e-01, 1.117659369579170336e-01
2.406284170244141207e-01, 3.208397892807440810e-01, 3.266363646513801289e-01, 1.118954290434617804e-01
2.400734025914902370e-01, 3.210724304029584641e-01, 3.268274052263181462e-01, 1.120267617792330139e-01
2.395190779314545215e-01, 3.213038722602115094e-01, 3.270171184557651434e-01, 1.121599313525688812e-01
2.389654468099369766e-01, 3.215341146218463342e-01, 3.272055046086000396e-01, 1.122949339596165108e-01
2.384125129563520740e-01, 3.217631572702055465e-01, 3.273925639680472233e-01, 1.124317658053951285e-01
2.378602800640616799e-01, 3.219910000005231643e-01, 3.275782968315578136e-01, 1.125704231038574116e-01
2.373087517905406174e-01, 3.222176426208186450e-01, 3.277627035106922548e-01, 1.127109020779484549e-01
2.367579317575418951e-01, 3.224430849517908593e-01, 3.279457843310037424e-01, 1.128531989596636004e-01
2.362078235512625191e-01, 3.226673268267125638e-01, 3.281275396319210391e-01, 1.129973099901038364e-01
2.356584307225107755e-01, 3.228903680913258190e-01, 3.283079697666338448e-01, 1.131432314195295191e-01
2.351097567868730975e-01, 3.231122086037372942e-01, 3.284870751019769997e-01, 1.132909595074124559e-01
2.345618052248821805e-01, 3.233328482343149068e-01, 3.286648560183167977e-01, 1.134404905224860732e-01
2.340145794821852365e-01, 3.235522868655845152e-01, 3.288413129094366893e-01, 1.135918207427934618e-01
2.334680829697133309e-01, 3.237705243921274456e-01, 3.290164461824247599e-01, 1.137449464557343526e-01
2.329223190638507468e-01, 3.239875607204785735e-01, 3.291902562575612645e-01, 1.138998639581093320e-01
2.323772911066050995e-01, 3.242033957690247936e-01, 3.293627435682067728e-01, 1.140565695561633203e-01
2.318330024057778105e-01, 3.244180294679043230e-01, 3.295339085606913132e-01, 1.142150595656264839e-01
2.312894562351351935e-01, 3.246314617589067253e-01, 3.297037516942042390e-01, 1.143753303117538700e-01
2.307466558345799557e-01, 3.248436925953728793e-01, 3.298722734406843160e-01, 1.145373781293629462e-01
2.302046044103230604e-01, 3.250547219420962253e-01, 3.300394742847109208e-01, 1.147011993628698628e-01
2.296633051350559784e-01, 3.252645497752247317e-01, 3.302053547233956832e-01, 1.148667903663235790e-01
2.291227611481236048e-01, 3.254731760821626407e-01, 3.303699152662752381e-01, 1.150341475034385302e-01
2.285829755556970933e-01, 3.256806008614733239e-01, 3.305331564352040341e-01, 1.152032671476254377e-01
2.280439514309477445e-01, 3.258868241227832474e-01, 3.306950787642483069e-01, 1.153741456820207706e-01
2.275056918142202012e-01, 3.260918458866854941e-01, 3.308556827995803862e-01, 1.155467794995138353e-01
2.269681997132071416e-01, 3.262956661846449502e-01, 3.310149690993746674e-01, 1.157211650027732547e-01
2.264314781031234736e-01, 3.264982850589032704e-01, 3.311729382337025851e-01, 1.158972986042707820e-01
2.258955299268809724e-01, 3.266997025623850637e-01, 3.313295907844300281e-01, 1.160751767263039913e-01
2.253603580952636964e-01, 3.268999187586044131e-01, 3.314849273451143108e-01, 1.162547958010175519e-01
2.248259654871028468e-01, 3.270989337215723380e-01, 3.316389485209025323e-01, 1.164361522704222135e-01
2.242923549494525437e-01, 3.272967475357043687e-01, 3.317916549284300465e-01, 1.166192425864128468e-01
2.237595292977655748e-01, 3.274933602957291745e-01, 3.319430471957207085e-01, 1.168040632107846394e-01
2.232274913160690322e-01, 3.276887721065976922e-01, 3.320931259620857334e-01, 1.169906106152473479e-01
2.226962437571411435e-01, 3.278829830833933090e-01, 3.322418918780266073e-01, 1.171788812814390512e-01
2.221657893426867425e-01, 3.280759933512414905e-01, 3.323893456051347783e-01, 1.173688717009369054e-01
2.216361307635148215e-01, 3.282678030452219065e-01, 3.325354878159957339e-01, 1.175605783752675798e-01
2.211072706797142240e-01, 3.284584123102793907e-01, 3.326803191940909676e-01, 1.177539978159154455e-01
2.205792117208310865e-01, 3.286478213011366778e-01, 3.328238404337027223e-01, 1.179491265443295966e-01
2.200519564860453914e-01, 3.288360301822075282e-01, 3.329660522398179556e-01, 1.181459610919292774e-01
2.195255075443482695e-01, 3.290230391275100197e-01, 3.331069553280340823e-01, 1.183444980001076147e-01
2.189998674347189700e-01, 3.292088483205818927e-01, 3.332465504244649379e-01, 1.185447338202341161e-01
2.184750386663022459e-01, 3.293934579543943975e-01, 3.333848382656476872e-01, 1.187466651136557527e-01
2.179510237185851851e-01, 3.295768682312687492e-01, 3.335218195984498979e-01, 1.189502884516962095e-01
2.174278250415750402e-01, 3.297590793627924177e-01, 3.336574951799785027e-01, 1.191556004156539839e-01
2.169054450559764757e-01, 3.299400915697359160e-01, 3.337918657774885944e-01, 1.193625975967991387e-01
2.163838861533684543e-01, 3.301199050819705327e-01, 3.339249321682928318e-01, 1.195712765963681673e-01
2.158631506963823166e-01, 3.302985201383871194e-01, 3.340566951396723994e-01, 1.197816340255580675e-01
2.153432410188788060e-01, 3.304759369868146557e-01, 3.341871554887882456e-01, 1.199936665055183899e-01
2.148241594261253995e-01, 3.306521558839399799e-01, 3.343163140225923757e-01, 1.202073706673424669e-01
2.143059081949736933e-01, 3.308271770952281310e-01, 3.344441715577415875e-01, 1.204227431520565744e-01
2.137884895740369551e-01, 3.310010008948440774e-01, 3.345707289205103740e-01, 1.206397806106086212e-01
2.132719057838669552e-01, 3.311736275655735029e-01, 3.346959869467050486e-01, 1.208584797038546044e-01
2.127561590171312134e-01, 3.313450573987455905e-01, 3.348199464815789228e-01, 1.210788371025443289e-01
2.122412514387904681e-01, 3.315152906941563060e-01, 3.349426083797478748e-01, 1.213008494873053372e-01
2.117271851862753407e-01, 3.316843277599917927e-01, 3.350639735051071377e-01, 1.215245135486258954e-01
2.112139623696631108e-01, 3.318521689127527652e-01, 3.351840427307476444e-01, 1.217498259868365490e-01
2.107015850718549632e-01, 3.320188144771799021e-01, 3.353028169388750923e-01, 1.219767835120901256e-01
2.101900553487522083e-01, 3.321842647861794062e-01, 3.354202970207274537e-01, 1.222053828443407930e-01
2.096793752294331958e-01, 3.323485201807496181e-01, 3.355364838764954838e-01, 1.224356207133218410e-01
2.091695467163290911e-01, 3.325115810099075753e-01, 3.356513784152416746e-01, 1.226674938585215480e-01
2.086605717854007891e-01, 3.326734476306176802e-01, 3.357649815548224836e-01, 1.229009990291588944e-01
2.081524523863147180e-01, 3.328341204077195359e-01, 3.358772942218087310e-01, 1.231361329841570845e-01
2.076451904426181716e-01, 3.329935997138570580e-01, 3.359883173514086607e-01, 1.233728924921160403e-01
2.071387878519159176e-01, 3.331518859294088641e-01, 3.360980518873910028e-01, 1.236112743312842432e-01
2.066332464860448359e-01, 3.333089794424180519e-01, 3.362064987820085893e-01, 1.238512752895284674e-01
2.061285681912497225e-01, 3.334648806485240313e-01, 3.363136589959231926e-01, 1.240928921643030397e-01
2.056247547883580107e-01, 3.336195899508938578e-01, 3.364195334981306962e-01, 1.243361217626175186e-01
2.051218080729546867e-01, 3.337731077601548413e-01, 3.365241232658872650e-01, 1.245809609010032487e-01
2.046197298155568722e-01, 3.339254344943281549e-01, 3.366274292846358485e-01, 1.248274064054789717e-01
2.041185217617881853e-01, 3.340765705787624440e-01, 3.367294525479344602e-01, 1.250754551115149382e-01
2.036181856325526007e-01, 3.342265164460679339e-01, 3.368301940573834030e-01, 1.253251038639960069e-01
2.031187231242082836e-01, 3.343752725360526479e-01, 3.369296548225553245e-01, 1.255763495171838273e-01
2.026201359087412279e-01, 3.345228392956572372e-01, 3.370278358609239411e-01, 1.258291889346775660e-01
2.021224256339384517e-01, 3.346692171788924197e-01, 3.371247381977958146e-01, 1.260836189893735360e-01
2.016255939235605810e-01, 3.348144066467755309e-01, 3.372203628662397978e-01, 1.263396365634240626e-01
2.011296423775151276e-01, 3.349584081672690172e-01, 3.373147109070209204e-01, 1.265972385481949625e-01
2.006345725720279916e-01, 3.351012222152188191e-01, 3.374077833685315553e-01, 1.268564218442218006e-01
2.001403860598159890e-01, 3.352428492722931974e-01, 3.374995813067253048e-01, 1.271171833611654534e-01
1.996470843702583542e-01, 3.353832898269235030e-01, 3.375901057850516640e-01, 1.273795200177665066e-01
1.991546690095679362e-01, 3.355225443742440028e-01, 3.376793578743897961e-01, 1.276434287417982372e-01
1.986631414609623114e-01, 3.356606134160336485e-01, 3.377673386529848054e-01, 1.279089064700190959e-01
1.981725031848342311e-01, 3.357974974606577345e-01, 3.378540492063841771e-01, 1.281759501481236907e-01
1.976827556189220403e-01, 3.359331970230107212e-01, 3.379394906273743282e-01, 1.284445567306930769e-01
1.971939001784792922e-01, 3.360677126244590585e-01, 3.380236640159179906e-01, 1.287147231811437698e-01
1.967059382564445291e-01, 3.362010447927855639e-01, 3.381065704790938153e-01, 1.289864464716760917e-01
1.962188712236103139e-01, 3.363331940621339111e-01, 3.381882111310345884e-01, 1.292597235832211311e-01
1.957327004287918171e-01, 3.364641609729537852e-01, 3.382685870928672789e-01, 1.295345515053870078e-01
1.952474271989952659e-01, 3.365939460719469256e-01, 3.383476994926537529e-01, 1.298109272364039724e-01
1.947630528395858929e-01, 3.367225499120133358e-01, 3.384255494653320984e-01, 1.300888477830687562e-01
1.942795786344551912e-01, 3.368499730521989366e-01, 3.385021381526581163e-01, 1.303683101606877559e-01
1.937970058461884193e-01, 3.369762160576432186e-01, 3.385774667031488661e-01, 1.306493113930194128e-01
1.933153357162308850e-01, 3.371012794995279505e-01, 3.386515362720254330e-01, 1.309318485122156484e-01
1.928345694650543951e-01, 3.372251639550260527e-01, 3.387243480211570845e-01, 1.312159185587622456e-01
1.923547082923231788e-01, 3.373478700072519154e-01, 3.387959031190064252e-01, 1.315015185814185361e-01
1.918757533770587276e-01, 3.374693982452111607e-01, 3.388662027405743848e-01, 1.317886456371558102e-01
1.913977058778052465e-01, 3.375897492637525144e-01, 3.389352480673468171e-01, 1.320772967910954776e-01
1.909205669327938837e-01, 3.377089236635192893e-01, 3.390030402872412085e-01, 1.323674691164456463e-01
1.904443376601067106e-01, 3.378269220509018123e-01, 3.390695805945543317e-01, 1.326591596944371731e-01
1.899690191578402576e-01, 3.379437450379902952e-01, 3.391348701899103424e-01, 1.329523656142588828e-01
1.894946125042688001e-01, 3.380593932425290937e-01, 3.391989102802102085e-01, 1.332470839729919532e-01
1.890211187580065066e-01, 3.381738672878702445e-01, 3.392617020785803628e-01, 1.335433118755428861e-01
1.885485389581698090e-01, 3.382871678029293339e-01, 3.393232468043241301e-01, 1.338410464345768103e-01
1.880768741245391340e-01, 3.383992954221405336e-01, 3.393835456828718233e-01, 1.341402847704485368e-01
1.876061252577197469e-01, 3.385102507854129139e-01, 3.394425999457332255e-01, 1.344410240111341137e-01
1.871362933393025674e-01, 3.386200345380876997e-01, 3.395004108304491286e-01, 1.347432612921605211e-01
1.866673793320243191e-01, 3.387286473308953050e-01, 3.395569795805450375e-01, 1.350469937565353384e-01
1.861993841799269855e-01, 3.388360898199138105e-01, 3.396123074454842072e-01, 1.353522185546749967e-01
1.857323088085169605e-01, 3.389423626665277745e-01, 3.396663956806224016e-01, 1.356589328443327802e-01
1.852661541249239208e-01, 3.390474665373873209e-01, 3.397192455471630956e-01, 1.359671337905256627e-01
1.848009210180585615e-01, 3.391514021043683380e-01, 3.397708583121124004e-01, 1.362768185654607556e-01
1.843366103587702753e-01, 3.392541700445331765e-01, 3.398212352482361531e-01, 1.365879843484603950e-01
1.838732230000044154e-01, 3.393557710400919025e-01, 3.398703776340165628e-01, 1.369006283258872025e-01
1.834107597769583098e-01, 3.394562057783639952e-01, 3.399182867536097441e-01, 1.372147476910679231e-01
1.829492215072378025e-01, 3.395554749517410986e-01, 3.399649638968042509e-01, 1.375303396442167092e-01
1.824886089910124076e-01, 3.396535792576499957e-01, 3.400104103589799420e-01, 1.378474013923577379e-01
1.820289230111699352e-01, 3.397505193985160266e-01, 3.400546274410674030e-01, 1.381659301492468017e-01
1.815701643334713677e-01, 3.398462960817278389e-01, 3.400976164495083665e-01, 1.384859231352925379e-01
1.811123337067044314e-01, 3.399409100196022493e-01, 3.401393786962164101e-01, 1.388073775774769369e-01
1.806554318628367795e-01, 3.400343619293496045e-01, 3.401799154985385987e-01, 1.391302907092749619e-01
1.801994595171687863e-01, 3.401266525330399748e-01, 3.402192281792174589e-01, 1.394546597705737800e-01
1.797444173684856761e-01, 3.402177825575696812e-01, 3.402573180663540642e-01, 1.397804820075906618e-01
1.792903060992089848e-01, 3.403077527346288766e-01, 3.402941864933707317e-01, 1.401077546727912959e-01
1.788371263755479113e-01, 3.403965638006694605e-01, 3.403298347989759387e-01, 1.404364750248064675e-01
1.783848788476495584e-01, 3.404842164968734375e-01, 3.403642643271283519e-01, 1.407666403283485967e-01
1.779335641497485354e-01, 3.405707115691217757e-01, 3.403974764270021880e-01, 1.410982478541274732e-01
1.774831829003168382e-01, 3.406560497679647082e-01, 3.404294724529530192e-01, 1.414312948787654622e-01
1.770337357022122859e-01, 3.407402318485912573e-01, 3.404602537644844662e-01, 1.417657786847118517e-01
1.765852231428267638e-01, 3.408232585708008133e-01, 3.404898217262153359e-01, 1.421016965601570869e-01
1.761376457942336327e-01, 3.409051306989736574e-01, 3.405181777078469807e-01, 1.424390457989456460e-01
1.756910042133351391e-01, 3.409858490020438726e-01, 3.405453230841317680e-01, 1.427778237004891371e-01
1.752452989420084650e-01, 3.410654142534713662e-01, 3.405712592348421608e-01, 1.431180275696780912e-01
1.748005305072517224e-01, 3.411438272312148912e-01, 3.405959875447396867e-01, 1.434596547167935887e-01
1.743566994213294197e-01, 3.412210887177060670e-01, 3.406195094035458504e-01, 1.438027024574184687e-01
1.739138061819167080e-01, 3.412971994998237335e-01, 3.406418262059122681e-01, 1.441471681123472348e-01
1.734718512722437933e-01, 3.413721603688681383e-01, 3.406629393513918025e-01, 1.444930490074960716e-01
1.730308351612395434e-01, 3.414459721205371778e-01, 3.406828502444109730e-01, 1.448403424738124445e-01
1.725907583036738191e-01, 3.415186355549015285e-01, 3.407015602942415899e-01, 1.451890458471830625e-01
1.721516211403005259e-01, 3.415901514763818314e-01, 3.407190709149749419e-01, 1.455391564683427563e-01
1.717134240979987791e-01, 3.416605206937251560e-01, 3.407353835254940400e-01, 1.458906716827819139e-01
1.712761675899144576e-01, 3.417297440199831837e-01, 3.407504995494490263e-01, 1.462435888406533879e-01
1.708398520156002298e-01, 3.417978222724896153e-01, 3.407644204152309730e-01, 1.465979052966792373e-01
1.704044777611557759e-01, 3.418647562728395761e-01, 3.407771475559476793e-01, 1.469536184100569687e-01
1.699700451993673145e-01, 3.419305468468685771e-01, 3.407886824093994682e-01, 1.473107255443648345e-01
1.695365546898459086e-01, 3.419951948246317541e-01, 3.407990264180553730e-01, 1.476692240674670198e-01
1.691040065791657165e-01, 3.420587010403853268e-01, 3.408081810290303770e-01, 1.480291113514185242e-01
1.686724012010018814e-01, 3.421210663325662260e-01, 3.408161476940630985e-01, 1.483903847723687386e-01
1.682417388762668664e-01, 3.421822915437743307e-01, 3.408229278694933084e-01, 1.487530417104655223e-01
1.678120199132470958e-01, 3.422423775207537600e-01, 3.408285230162411139e-01, 1.491170795497582802e-01
1.673832446077385960e-01, 3.423013251143754432e-01, 3.408329345997856419e-01, 1.494824956781003744e-01
1.669554132431822768e-01, 3.423591351796205218e-01, 3.408361640901453327e-01, 1.498492874870518132e-01
1.665285260907981568e-01, 3.424158085755631409e-01, 3.408382129618578449e-01, 1.502174523717808574e-01
1.661025834097193676e-01, 3.424713461653548507e-01, 3.408390826939607376e-01, 1.505869877309652383e-01
1.656775854471253528e-01, 3.425257488162086750e-01, 3.408387747699728187e-01, 1.509578909666930979e-01
1.652535324383748172e-01, 3.425790173993846222e-01, 3.408372906778764921e-01, 1.513301594843639020e-01
1.648304246071376211e-01, 3.426311527901749199e-01, 3.408346319100994393e-01, 1.517037906925879920e-01
1.644082621655260923e-01, 3.426821558678899149e-01, 3.408307999634977437e-01, 1.520787820030863047e-01
1.639870453142260598e-01, 3.427320275158446394e-01, 3.408257963393394041e-01, 1.524551308305899799e-01
1.635667742426271665e-01, 3.427807686213459326e-01, 3.408196225432882365e-01, 1.528328345927386367e-01
1.631474491289523487e-01, 3.428283800756799504e-01, 3.408122800853882195e-01, 1.532118907099793981e-01
1.627290701403871498e-01, 3.428748627740999533e-01, 3.408037704800484513e-01, 1.535922966054644734e-01
1.623116374332076450e-01, 3.429202176158149817e-01, 3.407940952460285500e-01, 1.539740497049489343e-01
1.618951511529087561e-01, 3.429644455039785877e-01, 3.407832559064246092e-01, 1.543571474366881302e-01
1.614796114343312328e-01, 3.430075473456787316e-01, 3.407712539886557646e-01, 1.547415872313343821e-01
1.610650184017884401e-01, 3.430495240519270683e-01, 3.407580910244508154e-01, 1.551273665218335374e-01
1.606513721691921193e-01, 3.430903765376503434e-01, 3.407437685498361790e-01, 1.555144827433214416e-01
1.602386728401778704e-01, 3.431301057216798456e-01, 3.407282881051230672e-01, 1.559029333330193001e-01
1.598269205082301081e-01, 3.431687125267442462e-01, 3.407116512348965509e-01, 1.562927157301292613e-01
1.594161152568060180e-01, 3.432061978794603285e-01, 3.406938594880038473e-01, 1.566838273757297229e-01
1.590062571594594576e-01, 3.432425627103262156e-01, 3.406749144175443278e-01, 1.570762657126699713e-01
1.585973462799635525e-01, 3.432778079537131544e-01, 3.406548175808587486e-01, 1.574700281854645167e-01
1.581893826724333763e-01, 3.433119345478595763e-01, 3.406335705395198143e-01, 1.578651122401872886e-01
1.577823663814475474e-01, 3.433449434348641582e-01, 3.406111748593227961e-01, 1.582615153243655259e-01
1.573762974421696048e-01, 3.433768355606803824e-01, 3.405876321102770388e-01, 1.586592348868729185e-01
1.569711758804684942e-01, 3.434076118751110407e-01, 3.405629438665974118e-01, 1.590582683778230533e-01
1.565670017130384450e-01, 3.434372733318030724e-01, 3.405371117066964270e-01, 1.594586132484622221e-01
1.561637749475184855e-01, 3.434658208882431785e-01, 3.405101372131767445e-01, 1.598602669510616747e-01
1.557614955826112091e-01, 3.434932555057537695e-01, 3.404820219728246777e-01, 1.602632269388103159e-01
1.553601636082010684e-01, 3.435195781494893019e-01, 3.404527675766033101e-01, 1.606674906657062363e-01
1.549597790054718649e-01, 3.435447897884332247e-01, 3.404223756196465556e-01, 1.610730555864484936e-01
1.545603417470234886e-01, 3.435688913953947599e-01, 3.403908477012531075e-01, 1.614799191563286718e-01
1.541618517969890190e-01, 3.435918839470072927e-01, 3.403581854248821092e-01, 1.618880788311216623e-01
1.537643091111499105e-01, 3.436137684237257628e-01, 3.403243903981476581e-01, 1.622975320669767796e-01
1.533677136370515115e-01, 3.436345458098254979e-01, 3.402894642328148644e-01, 1.627082763203081262e-01
1.529720653141176667e-01, 3.436542170934015483e-01, 3.402534085447957435e-01, 1.631203090476849860e-01
1.525773640737648484e-01, 3.436727832663672433e-01, 3.402162249541460515e-01, 1.635336277057218846e-01
1.521836098395155101e-01, 3.436902453244544131e-01, 3.401779150850617328e-01, 1.639482297509682052e-01
1.517908025271110239e-01, 3.437066042672141108e-01, 3.401384805658769772e-01, 1.643641126397978602e-01
1.513989420446240353e-01, 3.437218610980158906e-01, 3.400979230290613886e-01, 1.647812738282986300e-01
1.510080282925701789e-01, 3.437360168240503056e-01, 3.400562441112183754e-01, 1.651997107721611124e-01
1.506180611640192124e-01, 3.437490724563292965e-01, 3.400134454530839845e-01, 1.656194209265675898e-01
1.502290405447055666e-01, 3.437610290096883014e-01, 3.399695286995256804e-01, 1.660404017460805626e-01
1.498409663131383684e-01, 3.437718875027888643e-01, 3.399244954995416235e-01, 1.664626506845311160e-01
1.494538383407109372e-01, 3.437816489581208557e-01, 3.398783475062609472e-01, 1.668861651949072322e-01
1.490676564918096136e-01, 3.437903144020054702e-01, 3.398310863769434809e-01, 1.673109427292414630e-01
1.486824206239218404e-01, 3.437978848645986130e-01, 3.397827137729806934e-01, 1.677369807384989087e-01
1.482981305877441591e-01, 3.438043613798953402e-01, 3.397332313598962483e-01, 1.681642766724643356e-01
1.479147862272892355e-01, 3.438097449857329124e-01, 3.396826408073480574e-01, 1.685928279796298779e-01
1.475323873799924412e-01, 3.438140367237963457e-01, 3.396309437891293359e-01, 1.690226321070819326e-01
1.471509338768178243e-01, 3.438172376396228525e-01, 3.395781419831711556e-01, 1.694536865003881398e-01
1.467704255423637194e-01, 3.438193487826073924e-01, 3.395242370715448321e-01, 1.698859886034840005e-01
1.463908621949674693e-01, 3.438203712060082240e-01, 3.394692307404647558e-01, 1.703195358585595509e-01
1.460122436468098972e-01, 3.438203059669528439e-01, 3.394131246802917223e-01, 1.707543257059455089e-01
1.456345697040189735e-01, 3.438191541264448703e-01, 3.393559205855364858e-01, 1.711903555839996149e-01
1.452578401667732888e-01, 3.438169167493702605e-01, 3.392976201548638659e-01, 1.716276229289925570e-01
1.448820548294044164e-01, 3.438135949045049156e-01, 3.392382250910968566e-01, 1.720661251749937559e-01
1.445072134804992192e-01, 3.438091896645220080e-01, 3.391777371012217324e-01, 1.725058597537569016e-01
1.441333159030015465e-01, 3.438037021059999754e-01, 3.391161578963924894e-01, 1.729468240946058777e-01
1.437603618743130418e-01, 3.437971333094304582e-01, 3.390534891919369520e-01, 1.733890156243194924e-01
1.433883511663937294e-01, 3.437894843592273486e-01, 3.389897327073618238e-01, 1.738324317670170704e-01
1.430172835458621838e-01, 3.437807563437351166e-01, 3.389248901663594604e-01, 1.742770699440433224e-01
1.426471587740945624e-01, 3.437709503552387469e-01, 3.388589632968136423e-01, 1.747229275738530485e-01
1.422779766073238583e-01, 3.437600674899728426e-01, 3.387919538308071243e-01, 1.751700020718962580e-01
1.419097367967381562e-01, 3.437481088481317837e-01, 3.387238635046278534e-01, 1.756182908505023454e-01
1.415424390885781647e-01, 3.437350755338800523e-01, 3.386546940587769616e-01, 1.760677913187646826e-01
1.411760832242350827e-01, 3.437209686553628352e-01, 3.385844472379769265e-01, 1.765185008824250723e-01
1.408106689403467449e-01, 3.437057893247169593e-01, 3.385131247911786767e-01, 1.769704169437575636e-01
1.404461959688944606e-01, 3.436895386580819389e-01, 3.384407284715706954e-01, 1.774235369014528774e-01
1.400826640372981879e-01, 3.436722177756121321e-01, 3.383672600365876248e-01, 1.778778581505019996e-01
1.397200728685121240e-01, 3.436538278014881764e-01, 3.382927212479194257e-01, 1.783333780820801906e-01
1.393584221811193791e-01, 3.436343698639295896e-01, 3.382171138715204251e-01, 1.787900940834305230e-01
1.389977116894259013e-01, 3.436138450952070378e-01, 3.381404396776194754e-01, 1.792480035377476966e-01
1.386379411035542630e-01, 3.435922546316553805e-01, 3.380627004407292802e-01, 1.797071038240609098e-01
1.382791101295371139e-01, 3.435695996136871599e-01, 3.379838979396579401e-01, 1.801673923171179525e-01
1.379212184694091903e-01, 3.435458811858052020e-01, 3.379040339575177243e-01, 1.806288663872677724e-01
1.375642658213001579e-01, 3.435211004966178816e-01, 3.378231102817377818e-01, 1.810915234003441787e-01
1.372082518795258443e-01, 3.434952586988516687e-01, 3.377411287040742449e-01, 1.815553607175482420e-01
1.368531763346793606e-01, 3.434683569493668376e-01, 3.376580910206220532e-01, 1.820203756953317487e-01
1.364990388737220839e-01, 3.434403964091712891e-01, 3.375739990318268879e-01, 1.824865656852798501e-01
1.361458391800733359e-01, 3.434113782434360385e-01, 3.374888545424968300e-01, 1.829539280339936846e-01
1.357935769337006160e-01, 3.433813036215107029e-01, 3.374026593618153491e-01, 1.834224600829733598e-01
1.354422518112083362e-01, 3.433501737169384338e-01, 3.373154153033532388e-01, 1.838921591684999635e-01
1.350918634859266387e-01, 3.433179897074724596e-01, 3.372271241850821610e-01, 1.843630226215186851e-01
1.347424116279997142e-01, 3.432847527750919059e-01, 3.371377878293875807e-01, 1.848350477675208270e-01
1.343938959044733428e-01, 3.432504641060182271e-01, 3.370474080630821434e-01, 1.853082319264261202e-01
1.340463159793824910e-01, 3.432151248907325258e-01, 3.369559867174196643e-01, 1.857825724124652633e-01
1.336996715138375202e-01, 3.431787363239917066e-01, 3.368635256281089507e-01, 1.862580665340617947e-01
1.333539621661112562e-01, 3.431412996048462949e-01, 3.367700266353281791e-01, 1.867347115937142699e-01
1.330091875917239208e-01, 3.431028159366580899e-01, 3.366754915837394946e-01, 1.872125048878785503e-01
1.326653474435293967e-01, 3.430632865271174836e-01, 3.365799223225037218e-01, 1.876914437068493702e-01
1.323224413717995762e-01, 3.430227125882623351e-01, 3.364833207052954633e-01, 1.881715253346425976e-01
1.319804690243089051e-01, 3.429810953364956783e-01, 3.363856885903184213e-01, 1.886527470488769676e-01
1.316394300464185374e-01, 3.429384359926045955e-01, 3.362870278403212176e-01, 1.891351061206557049e-01
1.312993240811597961e-01, 3.428947357817790365e-01, 3.361873403226126045e-01, 1.896185998144485629e-01
1.309601507693170519e-01, 3.428499959336312464e-01, 3.360866279090783393e-01, 1.901032253879733624e-01
1.306219097495107118e-01, 3.428042176822150289e-01, 3.359848924761968392e-01, 1.905889800920775312e-01
1.302846006582790983e-01, 3.427574022660450082e-01, 3.358821359050561672e-01, 1.910758611706198096e-01
1.299482231301604118e-01, 3.427095509281172792e-01, 3.357783600813703528e-01, 1.915638658603519562e-01
1.296127767977739431e-01, 3.426606649159288920e-01, 3.356735668954973217e-01, 1.920529913907997599e-01
1.292782612919008978e-01, 3.426107454814988906e-01, 3.355677582424549943e-01, 1.925432349841451063e-01
1.289446762415649150e-01, 3.425597938813882415e-01, 3.354609360219399927e-01, 1.930345938551068785e-01
1.286120212741118374e-01, 3.425078113767214272e-01, 3.353531021383442390e-01, 1.935270652108224965e-01
1.282802960152897576e-01, 3.424547992332068747e-01, 3.352442585007737730e-01, 1.940206462507295115e-01
1.279495000893276224e-01, 3.424007587211592152e-01, 3.351344070230667382e-01, 1.945153341664465352e-01
1.276196331190141697e-01, 3.423456911155199345e-01, 3.350235496238112010e-01, 1.950111261416545838e-01
1.272906947257764487e-01, 3.422895976958798547e-01, 3.349116882263649675e-01, 1.955080193519787013e-01
1.269626845297572582e-01, 3.422324797465009505e-01, 3.347988247588730704e-01, 1.960060109648687210e-01
1.266356021498930007e-01, 3.421743385563386086e-01, 3.346849611542878078e-01, 1.965050981394805829e-01
1.263094472039904548e-01, 3.421151754190641658e-01, 3.345700993503877840e-01, 1.970052780265575953e-01
1.259842193088035744e-01, 3.420549916330877793e-01, 3.344542412897970607e-01, 1.975065477683116133e-01
1.256599180801097893e-01, 3.419937885015811863e-01, 3.343373889200052518e-01, 1.980089044983039115e-01
1.253365431327854163e-01, 3.419315673325009075e-01, 3.342195441933871192e-01, 1.985123453413265848e-01
1.250140940808817658e-01, 3.418683294386118399e-01, 3.341007090672230562e-01, 1.990168674132834215e-01
1.246925705376995819e-01, 3.418040761375105152e-01, 3.339808855037187940e-01, 1.995224678210710534e-01
1.243719721158640240e-01, 3.417388087516493034e-01, 3.338600754700266071e-01, 2.000291436624600794e-01
1.240522984273987328e-01, 3.416725286083598934e-01, 3.337382809382654081e-01, 2.005368920259760213e-01
1.237335490837997432e-01, 3.416052370398780513e-01, 3.336155038855419530e-01, 2.010457099907802525e-01
1.234157236961090087e-01, 3.415369353833678234e-01, 3.334917462939717137e-01, 2.015555946265513987e-01
1.230988218749875102e-01, 3.414676249809460717e-01, 3.333670101507004158e-01, 2.020665429933659329e-01
1.227828432307877943e-01, 3.413973071797075653e-01, 3.332412974479253553e-01, 2.025785521415793267e-01
1.224677873736264300e-01, 3.413259833317495717e-01, 3.331146101829167705e-01, 2.030916191117072278e-01
1.221536539134560062e-01, 3.412536547941976139e-01, 3.329869503580402124e-01, 2.036057409343061675e-01
1.218404424601366859e-01, 3.411803229292303952e-01, 3.328583199807779724e-01, 2.041209146298548216e-01
1.215281526235073434e-01, 3.411059891041059444e-01, 3.327287210637517867e-01, 2.046371372086349394e-01
1.212167840134564245e-01, 3.410306546911867631e-01, 3.325981556247446513e-01, 2.051544056706120500e-01
1.209063362399926955e-01, 3.409543210679662484e-01, 3.324666256867238601e-01, 2.056727170053171128e-01
1.205968089133149235e-01, 3.408769896170948388e-01, 3.323341332778634305e-01, 2.061920681917268627e-01
1.202882016438821255e-01, 3.407986617264061602e-01, 3.322006804315666417e-01, 2.067124561981450726e-01
1.199805140424825417e-01, 3.407193387889437819e-01, 3.320662691864899041e-01, 2.072338779820837584e-01
1.196737457203030930e-01, 3.406390222029876402e-01, 3.319309015865652968e-01, 2.077563304901438868e-01
1.193678962889979100e-01, 3.405577133720811833e-01, 3.317945796810241044e-01, 2.082798106578966635e-01
1.190629653607566396e-01, 3.404754137050585161e-01, 3.316573055244204093e-01, 2.088043154097644072e-01
1.187589525483726538e-01, 3.403921246160711567e-01, 3.315190811766546286e-01, 2.093298416589015054e-01
1.184558574653107460e-01, 3.403078475246159584e-01, 3.313799087029973278e-01, 2.098563863070759261e-01
1.181536797257742161e-01, 3.402225838555625326e-01, 3.312397901741135908e-01, 2.103839462445497854e-01
1.178524189447722054e-01, 3.401363350391805040e-01, 3.310987276660867784e-01, 2.109125183499606648e-01
1.175520747381863379e-01, 3.400491025111681553e-01, 3.309567232604427867e-01, 2.114420994902026785e-01
1.172526467228369174e-01, 3.399608877126802930e-01, 3.308137790441749160e-01, 2.119726865203077626e-01
1.169541345165491797e-01, 3.398716920903561700e-01, 3.306698971097682405e-01, 2.125042762833263821e-01
1.166565377382189350e-01, 3.397815170963480180e-01, 3.305250795552238108e-01, 2.130368656102092084e-01
1.163598560078777933e-01, 3.396903641883496361e-01, 3.303793284840844668e-01, 2.135704513196879650e-01
1.160640889467585979e-01, 3.395982348296253117e-01, 3.302326460054594293e-01, 2.141050302181566056e-01
1.157692361773599715e-01, 3.395051304890381316e-01, 3.300850342340492793e-01, 2.146405990995526314e-01
1.154752973235107227e-01, 3.394110526410793471e-01, 3.299364952901714387e-01, 2.151771547452384359e-01
1.151822720104342668e-01, 3.393160027658977396e-01, 3.297870312997858155e-01, 2.157146939238822614e-01
1.148901598648121997e-01, 3.392199823493283750e-01, 3.296366443945198399e-01, 2.162532133913396548e-01
1.145989605148479973e-01, 3.391229928829223583e-01, 3.294853367116947207e-01, 2.167927098905348682e-01
1.143086735903302009e-01, 3.390250358639768091e-01, 3.293331103943509808e-01, 2.173331801513420647e-01
1.140192987226954779e-01, 3.389261127955636166e-01, 3.291799675912744916e-01, 2.178746208904664694e-01
1.137308355450911412e-01, 3.388262251865601926e-01, 3.290259104570226190e-01, 2.184170288113261027e-01
1.134432836924375854e-01, 3.387253745516792813e-01, 3.288709411519502579e-01, 2.189604006039329309e-01
1.131566428014904591e-01, 3.386235624114988241e-01, 3.287150618422362558e-01, 2.195047329447744056e-01
1.128709125109022132e-01, 3.385207902924927126e-01, 3.285582746999100578e-01, 2.200500224966950025e-01
1.125860924612839126e-01, 3.384170597270605430e-01, 3.284005819028780748e-01, 2.205962659087774280e-01
1.123021822952662702e-01, 3.383123722535589240e-01, 3.282419856349504395e-01, 2.211434598162242970e-01
1.120191816575606542e-01, 3.382067294163316751e-01, 3.280824880858678738e-01, 2.216916008402398108e-01
1.117370901950198864e-01, 3.381001327657409128e-01, 3.279220914513282792e-01, 2.222406855879108800e-01
1.114559075566984164e-01, 3.379925838581977482e-01, 3.277607979330145471e-01, 2.227907106520893576e-01
1.111756333939126762e-01, 3.378840842561934288e-01, 3.275986097386207607e-01, 2.233416726112731066e-01
1.108962673603009486e-01, 3.377746355283306467e-01, 3.274355290818803388e-01, 2.238935680294879549e-01
1.106178091118828477e-01, 3.376642392493549583e-01, 3.272715581825927922e-01, 2.244463934561693186e-01
1.103402583071187854e-01, 3.375528970001858697e-01, 3.271066992666515350e-01, 2.250001454260438238e-01
1.100636146069689930e-01, 3.374406103679484237e-01, 3.269409545660712513e-01, 2.255548204590113182e-01
1.097878776749524748e-01, 3.373273809460053951e-01, 3.267743263190157621e-01, 2.261104150600262708e-01
1.095130471772054886e-01, 3.372132103339886000e-01, 3.266068167698258362e-01, 2.266669257189800613e-01
1.092391227825399297e-01, 3.370981001378307029e-01, 3.264384281690470013e-01, 2.272243489105823244e-01
1.089661041625014370e-01, 3.369820519697977468e-01, 3.262691627734575217e-01, 2.277826810942433222e-01
1.086939909914271668e-01, 3.368650674485208496e-01, 3.260990228460965423e-01, 2.283419187139555107e-01
1.084227829465036486e-01, 3.367471481990285120e-01, 3.259280106562922330e-01, 2.289020581981755231e-01
1.081524797078237121e-01, 3.366282958527794800e-01, 3.257561284796902656e-01, 2.294630959597065145e-01
1.078830809584439970e-01, 3.365085120476942193e-01, 3.255833785982820139e-01, 2.300250283955797004e-01
1.076145863844417822e-01, 3.363877984281884448e-01, 3.254097633004330303e-01, 2.305878518869367011e-01
1.073469956749714405e-01, 3.362661566452052608e-01, 3.252352848809116348e-01, 2.311515627989116362e-01
1.070803085223211437e-01, 3.361435883562480798e-01, 3.250599456409177246e-01, 2.317161574805129964e-01
1.068145246219689010e-01, 3.360200952254135398e-01, 3.248837478881113627e-01, 2.322816322645061826e-01
1.065496436726385970e-01, 3.358956789234242568e-01, 3.247066939366415883e-01, 2.328479834672955162e-01
1.062856653763557813e-01, 3.357703411276625194e-01, 3.245287861071754487e-01, 2.334152073888063061e-01
1.060225894385030954e-01, 3.356440835222024854e-01, 3.243500267269270321e-01, 2.339833003123673039e-01
1.057604155678758401e-01, 3.355169077978445435e-01, 3.241704181296864440e-01, 2.345522585045932418e-01
1.054991434767367786e-01, 3.353888156521475095e-01, 3.239899626558490064e-01, 2.351220782152665945e-01
1.052387728808712730e-01, 3.352598087894635981e-01, 3.238086626524446787e-01, 2.356927556772205057e-01
1.049793034996418656e-01, 3.351298889209702314e-01, 3.236265204731671452e-01, 2.362642871062207439e-01
1.047207350560428463e-01, 3.349990577647051770e-01, 3.234435384784032363e-01, 2.368366687008486293e-01
1.044630672767544177e-01, 3.348673170455994663e-01, 3.232597190352630712e-01, 2.374098966423830726e-01
1.042062998921968603e-01, 3.347346684955113671e-01, 3.230750645176084235e-01, 2.379839670946834185e-01
1.039504326365843917e-01, 3.346011138532604678e-01, 3.228895773060833640e-01, 2.385588762040718180e-01
1.036954652479787908e-01, 3.344666548646617055e-01, 3.227032597881437370e-01, 2.391346200992157944e-01
1.034413974683430076e-01, 3.343312932825590611e-01, 3.225161143580867473e-01, 2.397111948910112256e-01
1.031882290435943705e-01, 3.341950308668601988e-01, 3.223281434170810478e-01, 2.402885966724643829e-01
1.029359597236575719e-01, 3.340578693845706049e-01, 3.221393493731966040e-01, 2.408668215185751915e-01
1.026845892625178475e-01, 3.339198106098278385e-01, 3.219497346414345595e-01, 2.414458654862197962e-01
1.024341174182735181e-01, 3.337808563239357817e-01, 3.217593016437576559e-01, 2.420257246140330443e-01
1.021845439531884614e-01, 3.336410083153996675e-01, 3.215680528091200419e-01, 2.426063949222918847e-01
1.019358686337447500e-01, 3.335002683799601075e-01, 3.213759905734975275e-01, 2.431878724127975733e-01
1.016880912306945273e-01, 3.333586383206280646e-01, 3.211831173799183370e-01, 2.437701530687589879e-01
1.014412115191121871e-01, 3.332161199477196023e-01, 3.209894356784926406e-01, 2.443532328546753896e-01
1.011952292784461804e-01, 3.330727150788906354e-01, 3.207949479264436965e-01, 2.449371077162194876e-01
1.009501442925705983e-01, 3.329284255391714575e-01, 3.205996565881378824e-01, 2.455217735801200063e-01
1.007059563498367422e-01, 3.327832531610024347e-01, 3.204035641351155594e-01, 2.461072263540452776e-01
1.004626652431243328e-01, 3.326371997842686445e-01, 3.202066730461211597e-01, 2.466934619264858630e-01
1.002202707698927608e-01, 3.324902672563347372e-01, 3.200089858071345494e-01, 2.472804761666379803e-01
9.997877273223203243e-02, 3.323424574320805736e-01, 3.198105049114012277e-01, 2.478682649242862635e-01
9.973817093691356162e-02, 3.321937721739361415e-01, 3.196112328594630791e-01, 2.484568240296872732e-01
9.949846519544081058e-02, 3.320442133519170835e-01, 3.194111721591896269e-01, 2.490461492934523402e-01
9.925965532409987413e-02, 3.318937828436602233e-01, 3.192103253258086748e-01, 2.496362365064311861e-01
9.902174114400973115e-02, 3.317424825344585937e-01, 3.190086948819371160e-01, 2.502270814395946563e-01
9.878472248117244059e-02, 3.315903143172970191e-01, 3.188062833576120747e-01, 2.508186798439185350e-01
9.854859916652325413e-02, 3.314372800928880869e-01, 3.186030932903221591e-01, 2.514110274502666109e-01
9.831337103598042360e-02, 3.312833817697075633e-01, 3.183991272250380478e-01, 2.520041199692740208e-01
9.807903793049481400e-02, 3.311286212640300874e-01, 3.181943877142444088e-01, 2.525979530912306759e-01
9.784559969609978036e-02, 3.309730004999650865e-01, 3.179888773179704309e-01, 2.531925224859647439e-01
9.761305618396036443e-02, 3.308165214094923035e-01, 3.177825986038214645e-01, 2.537878238027259092e-01
9.738140725042263024e-02, 3.306591859324980454e-01, 3.175755541470101084e-01, 2.543838526700692992e-01
9.715065275706287473e-02, 3.305009960168109329e-01, 3.173677465303878509e-01, 2.549806046957382999e-01
9.692079257073664411e-02, 3.303419536182383154e-01, 3.171591783444762669e-01, 2.555780754665487597e-01
9.669182656362740325e-02, 3.301820607006015762e-01, 3.169498521874987707e-01, 2.561762605482723054e-01
9.646375461329557977e-02, 3.300213192357731029e-01, 3.167397706654114797e-01, 2.567751554855198792e-01
9.623657660272691428e-02, 3.298597312037119811e-01, 3.165289363919356891e-01, 2.573747558016253878e-01
9.601029242038097711e-02, 3.296972985925004651e-01, 3.163173519885887908e-01, 2.579750569985297393e-01
9.578490196023961567e-02, 3.295340233983801159e-01, 3.161050200847163594e-01, 2.585760545566638813e-01
9.556040512185501323e-02, 3.293699076257884384e-01, 3.158919433175233493e-01, 2.591777439348332268e-01
9.533680181039774770e-02, 3.292049532873951301e-01, 3.156781243321064023e-01, 2.597801205701008587e-01
9.511409193670478102e-02, 3.290391624041383301e-01, 3.154635657814852112e-01, 2.603831798776716777e-01
9.489227541732740689e-02, 3.288725370052617558e-01, 3.152482703266347164e-01, 2.609869172507761070e-01
9.467135217457860186e-02, 3.287050791283507301e-01, 3.150322406365166916e-01, 2.615913280605540181e-01
9.445132213658093134e-02, 3.285367908193689845e-01, 3.148154793881117741e-01, 2.621964076559383794e-01
9.423218523731380358e-02, 3.283676741326955750e-01, 3.145979892664513278e-01, 2.628021513635392936e-01
9.401394141666073734e-02, 3.281977311311612411e-01, 3.143797729646497507e-01, 2.634085544875282570e-01
9.379659062045679618e-02, 3.280269638860854875e-01, 3.141608331839360613e-01, 2.640156123095215857e-01
9.358013280053538441e-02, 3.278553744773133882e-01, 3.139411726336865383e-01, 2.646233200884647307e-01
9.336456791477541761e-02, 3.276829649932520017e-01, 3.137207940314563070e-01, 2.652316730605162043e-01
9.314989592714811861e-02, 3.275097375309083403e-01, 3.134997001030118136e-01, 2.658406664389317831e-01
9.293611680776357742e-02, 3.273356941959252309e-01, 3.132778935823627986e-01, 2.664502954139483237e-01
9.272323053291768591e-02, 3.271608371026191731e-01, 3.130553772117949385e-01, 2.670605551526681332e-01
9.251123708513843413e-02, 3.269851683740168102e-01, 3.128321537419017084e-01, 2.676714407989428945e-01
9.230013645323227600e-02, 3.268086901418927881e-01, 3.126082259316171341e-01, 2.682829474732579822e-01
9.208992863233048110e-02, 3.266314045468058369e-01, 3.123835965482472110e-01, 2.688950702726164432e-01
9.188061362393538933e-02, 3.264533137381371297e-01, 3.121582683675037106e-01, 2.695078042704236454e-01
9.167219143596626318e-02, 3.262744198741271973e-01, 3.119322441735354889e-01, 2.701211445163710367e-01
9.146466208280547294e-02, 3.260947251219126208e-01, 3.117055267589611822e-01, 2.707350860363206824e-01
9.125802558534422404e-02, 3.259142316575640574e-01, 3.114781189249022364e-01, 2.713496238321895793e-01
9.105228197102821497e-02, 3.257329416661235988e-01, 3.112500234810146593e-01, 2.719647528818335824e-01
9.084743127390350337e-02, 3.255508573416419082e-01, 3.110212432455219944e-01, 2.725804681389325523e-01
9.064347353466190027e-02, 3.253679808872159129e-01, 3.107917810452481833e-01, 2.731967645328740035e-01
9.044040880068636434e-02, 3.251843145150263292e-01, 3.105616397156494846e-01, 2.738136369686378635e-01
9.023823712609639613e-02, 3.249998604463750773e-01, 3.103308221008477807e-01, 2.744310803266807319e-01
9.003695857179327966e-02, 3.248146209117229732e-01, 3.100993310536630521e-01, 2.750490894628206395e-01
8.983657320550517134e-02, 3.246285981507276430e-01, 3.098671694356461281e-01, 2.756676592081211963e-01
8.963708110183211952e-02, 3.244417944122806596e-01, 3.096343401171111620e-01, 2.762867843687761282e-01
8.943848234229105632e-02, 3.242542119545457346e-01, 3.094008459771688813e-01, 2.769064597259943139e-01
8.924077701536045626e-02, 3.240658530449964103e-01, 3.091666899037592842e-01, 2.775266800358837660e-01
8.904396521652532814e-02, 3.238767199604539182e-01, 3.089318747936842247e-01, 2.781474400293365568e-01
8.884804704832161004e-02, 3.236868149871245381e-01, 3.086964035526406080e-01, 2.787687344119132438e-01
8.865302262038067538e-02, 3.234961404206383451e-01, 3.084602790952532536e-01, 2.793905578637277953e-01
8.845889204947418594e-02, 3.233046985660862904e-01, 3.082235043451074796e-01, 2.800129050393321273e-01
8.826565545955768199e-02, 3.231124917380587269e-01, 3.079860822347828542e-01, 2.806357705676007508e-01
8.807331298181554635e-02, 3.229195222606834337e-01, 3.077480157058852250e-01, 2.812591490516158088e-01
8.788186475470480263e-02, 3.227257924676631973e-01, 3.075093077090805815e-01, 2.818830350685515573e-01
8.769131092399905236e-02, 3.225313047023141699e-01, 3.072699612041276951e-01, 2.825074231695590132e-01
8.750165164283275898e-02, 3.223360613176043388e-01, 3.070299791599112038e-01, 2.831323078796516013e-01
8.731288707174483799e-02, 3.221400646761909958e-01, 3.067893645544750303e-01, 2.837576836975891359e-01
8.712501737872234420e-02, 3.219433171504595403e-01, 3.065481203750551331e-01, 2.843835450957631350e-01
8.693804273924439496e-02, 3.217458211225610598e-01, 3.063062496181127581e-01, 2.850098865200818010e-01
8.675196333632567702e-02, 3.215475789844515209e-01, 3.060637552893679669e-01, 2.856367023898548907e-01
8.656677936055959255e-02, 3.213485931379290728e-01, 3.058206404038327220e-01, 2.862639870976785850e-01
8.638249101016208520e-02, 3.211488659946731827e-01, 3.055769079858436932e-01, 2.868917350093209695e-01
8.619909849101460575e-02, 3.209483999762826056e-01, 3.053325610690960645e-01, 2.875199404636067380e-01
8.601660201670735528e-02, 3.207471975143136311e-01, 3.050876026966768961e-01, 2.881485977723021730e-01
8.583500180858238959e-02, 3.205452610503189415e-01, 3.048420359210977093e-01, 2.887777012200007931e-01
8.565429809577666809e-02, 3.203425930358862472e-01, 3.045958638043287925e-01, 2.894072450640082783e-01
8.547449111526465859e-02, 3.201391959326758130e-01, 3.043490894178320638e-01, 2.900372235342275617e-01
8.529558111190153891e-02, 3.199350722124600366e-01, 3.041017158425941558e-01, 2.906676308330442549e-01
8.511756833846557957e-02, 3.197302243571617519e-01, 3.038537461691607766e-01, 2.912984611352119613e-01
8.494045305570063764e-02, 3.195246548588924207e-01, 3.036051834976691288e-01, 2.919297085877377018e-01
8.476423553235908070e-02, 3.193183662199914896e-01, 3.033560309378822151e-01, 2.925613673097671730e-01
8.458891604524378105e-02, 3.191113609530643047e-01, 3.031062916092217563e-01, 2.931934313924702828e-01
8.441449487925044293e-02, 3.189036415810214131e-01, 3.028559686408019425e-01, 2.938258948989262986e-01
8.424097232740997143e-02, 3.186952106371170879e-01, 3.026050651714629058e-01, 2.944587518640101043e-01
8.406834869093038343e-02, 3.184860706649880746e-01, 3.023535843498045272e-01, 2.950919962942770702e-01
8.389662427923885724e-02, 3.182762242186924495e-01, 3.021015293342196872e-01, 2.957256221678490338e-01
8.372579941002362969e-02, 3.180656738627484770e-01, 3.018489032929279059e-01, 2.963596234343000568e-01
8.355587440927560172e-02, 3.178544221721735785e-01, 3.015957094040092046e-01, 2.969939940145416846e-01
8.338684961133022155e-02, 3.176424717325228020e-01, 3.013419508554374682e-01, 2.976287278007095916e-01
8.321872535890889599e-02, 3.174298251399283455e-01, 3.010876308451143069e-01, 2.982638186560483962e-01
8.305150200316042952e-02, 3.172164850011383042e-01, 3.008327525809026959e-01, 2.988992604147984733e-01
8.288517990370244948e-02, 3.170024539335554170e-01, 3.005773192806606708e-01, 2.995350468820814349e-01
8.271975942866255371e-02, 3.167877345652764798e-01, 3.003213341722749119e-01, 3.001711718337861101e-01
