3.278202412695560564e-01, 3.428939843684651878e-01, 2.398821568947648031e-01, 8.940361746721400826e-02
3.279566619759783364e-01, 3.427319230944740891e-01, 2.396745747925903280e-01, 8.963684013695710773e-02
3.280924336070134006e-01, 3.425697662068333815e-01, 2.394665897927164278e-01, 8.987121039343683171e-02
3.282275536549577599e-01, 3.424075148285486425e-01, 2.392582031586475144e-01, 9.010672835784594437e-02
3.283620196147735149e-01, 3.422451700713843303e-01, 2.390494161600109635e-01, 9.034339415383124683e-02
3.284958289841110046e-01, 3.420827330359064722e-01, 2.388402300725999128e-01, 9.058120790738263817e-02
3.286289792633326767e-01, 3.419202048115260184e-01, 2.386306461784178656e-01, 9.082016974672332821e-02
3.287614679555365127e-01, 3.417575864765430294e-01, 2.384206657657219897e-01, 9.106027980219850992e-02
3.288932925665801199e-01, 3.415948790981881977e-01, 2.382102901290665542e-01, 9.130153820616508653e-02
3.290244506051051565e-01, 3.414320837326669245e-01, 2.379995205693472837e-01, 9.154394509288074633e-02
3.291549395825622559e-01, 3.412692014252007300e-01, 2.377883583938442125e-01, 9.178750059839278774e-02
3.292847570132367840e-01, 3.411062332100699424e-01, 2.375768049162659268e-01, 9.203220486042741622e-02
3.294139004142732641e-01, 3.409431801106554416e-01, 2.373648614567927251e-01, 9.227805801827856924e-02
3.295423673057025216e-01, 3.407800431394806262e-01, 2.371525293421204439e-01, 9.252506021269651937e-02
3.296701552104670530e-01, 3.406168232982525468e-01, 2.369398099055038120e-01, 9.277321158577662985e-02
3.297972616544483926e-01, 3.404535215779033730e-01, 2.367267044867999992e-01, 9.302251228084817969e-02
3.299236841664937581e-01, 3.402901389586313607e-01, 2.365132144325123864e-01, 9.327296244236257805e-02
3.300494202784433062e-01, 3.401266764099413753e-01, 2.362993410958331986e-01, 9.352456221578202278e-02
3.301744675251586658e-01, 3.399631348906856920e-01, 2.360850858366879967e-01, 9.377731174746771481e-02
3.302988234445495830e-01, 3.397995153491040754e-01, 2.358704500217781719e-01, 9.403121118456823913e-02
3.304224855776037306e-01, 3.396358187228637471e-01, 2.356554350246247154e-01, 9.428626067490768203e-02
3.305454514684149081e-01, 3.394720459390996314e-01, 2.354400422256117120e-01, 9.454246036687380395e-02
3.306677186642120181e-01, 3.393081979144531579e-01, 2.352242730120288616e-01, 9.479981040930597624e-02
3.307892847153888205e-01, 3.391442755551122290e-01, 2.350081287781156936e-01, 9.505831095138331244e-02
3.309101471755334645e-01, 3.389802797568500781e-01, 2.347916109251041716e-01, 9.531796214251248012e-02
3.310303036014586864e-01, 3.388162114050640716e-01, 2.345747208612618540e-01, 9.557876413221538803e-02
3.311497515532326741e-01, 3.386520713748145672e-01, 2.343574600019354692e-01, 9.584071707001724783e-02
3.312684885942090984e-01, 3.384878605308632160e-01, 2.341398297695936881e-01, 9.610382110533409461e-02
3.313865122910588101e-01, 3.383235797277108770e-01, 2.339218315938700887e-01, 9.636807638736027970e-02
3.315038202138013146e-01, 3.381592298096359195e-01, 2.337034669116064278e-01, 9.663348306495629647e-02
3.316204099358360247e-01, 3.379948116107319711e-01, 2.334847371668958005e-01, 9.690004128653618987e-02
3.317362790339749012e-01, 3.378303259549452209e-01, 2.332656438111249120e-01, 9.716775119995491039e-02
3.318514250884746497e-01, 3.376657736561117784e-01, 2.330461883030177650e-01, 9.743661295239579301e-02
3.319658456830693050e-01, 3.375011555179947553e-01, 2.328263721086779592e-01, 9.770662669025792502e-02
3.320795384050037602e-01, 3.373364723343211247e-01, 2.326061967016319065e-01, 9.797779255904330575e-02
3.321925008450664074e-01, 3.371717248888183027e-01, 2.323856635628712419e-01, 9.825011070324413121e-02
3.323047305976233323e-01, 3.370069139552507309e-01, 2.321647741808958443e-01, 9.852358126623006473e-02
3.324162252606522872e-01, 3.368420402974559025e-01, 2.319435300517565801e-01, 9.879820439013520250e-02
3.325269824357767190e-01, 3.366771046693803338e-01, 2.317219326790976308e-01, 9.907398021574524705e-02
3.326369997283005198e-01, 3.365121078151155909e-01, 2.314999835741994028e-01, 9.935090888238456985e-02
3.327462747472427762e-01, 3.363470504689334284e-01, 2.312776842560208823e-01, 9.962899052780299636e-02
3.328548051053731305e-01, 3.361819333553215383e-01, 2.310550362512422129e-01, 9.990822528806311831e-02
3.329625884192470298e-01, 3.360167571890187443e-01, 2.308320410943074108e-01, 1.001886132974268290e-01
3.330696223092419195e-01, 3.358515226750493077e-01, 2.306087003274663871e-01, 1.004701546882423857e-01
3.331759043995926040e-01, 3.356862305087585652e-01, 2.303850155008173584e-01, 1.007528495908312921e-01
3.332814323184284944e-01, 3.355208813758469577e-01, 2.301609881723496731e-01, 1.010366981333748471e-01
3.333862036978091914e-01, 3.353554759524041695e-01, 2.299366199079853623e-01, 1.013217004418011519e-01
3.334902161737625104e-01, 3.351900149049438227e-01, 2.297119122816219383e-01, 1.016078566396717564e-01
3.335934673863205635e-01, 3.350244988904368948e-01, 2.294868668751741947e-01, 1.018951668480682360e-01
3.336959549795583402e-01, 3.348589285563459694e-01, 2.292614852786166446e-01, 1.021836311854790180e-01
3.337976766016304553e-01, 3.346933045406582652e-01, 2.290357690900252929e-01, 1.024732497676859450e-01
3.338986299048098960e-01, 3.345276274719192755e-01, 2.288097199156199080e-01, 1.027640227076509205e-01
3.339988125455259360e-01, 3.343618979692659643e-01, 2.285833393698057381e-01, 1.030559501154023339e-01
3.340982221844027711e-01, 3.341961166424595731e-01, 2.283566290752156724e-01, 1.033490320979219279e-01
3.341968564862984326e-01, 3.340302840919185945e-01, 2.281295906627520409e-01, 1.036432687590309876e-01
3.342947131203437006e-01, 3.338644009087510800e-01, 2.279022257716281363e-01, 1.039386601992771109e-01
3.343917897599815725e-01, 3.336984676747872802e-01, 2.276745360494104309e-01, 1.042352065158206054e-01
3.344880840830070090e-01, 3.335324849626121191e-01, 2.274465231520599318e-01, 1.045329078023209957e-01
3.345835937716062913e-01, 3.333664533355963355e-01, 2.272181887439740366e-01, 1.048317641488234198e-01
3.346783165123977111e-01, 3.332003733479294016e-01, 2.269895344980278340e-01, 1.051317756416451782e-01
3.347722499964714271e-01, 3.330342455446504979e-01, 2.267605620956160417e-01, 1.054329423632620610e-01
3.348653919194305995e-01, 3.328680704616803765e-01, 2.265312732266941409e-01, 1.057352643921949525e-01
3.349577399814316903e-01, 3.327018486258525587e-01, 2.263016695898197872e-01, 1.060387418028960471e-01
3.350492918872258752e-01, 3.325355805549443655e-01, 2.260717528921944997e-01, 1.063433746656353152e-01
3.351400453462002882e-01, 3.323692667577081705e-01, 2.258415248497045169e-01, 1.066491630463870105e-01
3.352299980724195438e-01, 3.322029077339019865e-01, 2.256109871869626249e-01, 1.069561070067159558e-01
3.353191477846675372e-01, 3.320365039743201074e-01, 2.253801416373483746e-01, 1.072642066036638836e-01
3.354074922064896880e-01, 3.318700559608237510e-01, 2.251489899430504371e-01, 1.075734618896360545e-01
3.354950290662346291e-01, 3.317035641663712564e-01, 2.249175338551067105e-01, 1.078838729122874179e-01
3.355817560970972280e-01, 3.315370290550482268e-01, 2.246857751334455644e-01, 1.081954397144090224e-01
3.356676710371612748e-01, 3.313704510820972282e-01, 2.244537155469269740e-01, 1.085081623338145784e-01
3.357527716294417264e-01, 3.312038306939483201e-01, 2.242213568733832374e-01, 1.088220408032266606e-01
3.358370556219288927e-01, 3.310371683282479771e-01, 2.239887008996598872e-01, 1.091370751501632708e-01
3.359205207676307370e-01, 3.308704644138887874e-01, 2.237557494216563247e-01, 1.094532653968241093e-01
3.360031648246171176e-01, 3.307037193710392620e-01, 2.235225042443665378e-01, 1.097706115599770826e-01
3.360849855560634203e-01, 3.305369336111722012e-01, 2.232889671819197064e-01, 1.100891136508447138e-01
3.361659807302941338e-01, 3.303701075370943374e-01, 2.230551400576210597e-01, 1.104087716749905385e-01
3.362461481208276481e-01, 3.302032415429750900e-01, 2.228210247039917324e-01, 1.107295856322055849e-01
3.363254855064199411e-01, 3.300363360143750979e-01, 2.225866229628099546e-01, 1.110515555163949231e-01
3.364039906711099315e-01, 3.298693913282750856e-01, 2.223519366851508250e-01, 1.113746813154640330e-01
3.364816614042634990e-01, 3.297024078531040625e-01, 2.221169677314270563e-01, 1.116989630112053128e-01
3.365584955006188372e-01, 3.295353859487676895e-01, 2.218817179714287491e-01, 1.120244005791847658e-01
3.366344907603313619e-01, 3.293683259666763674e-01, 2.216461892843639148e-01, 1.123509939886282311e-01
3.367096449890195076e-01, 3.292012282497736031e-01, 2.214103835588986935e-01, 1.126787432023083207e-01
3.367839559978095254e-01, 3.290340931325629881e-01, 2.211743026931967393e-01, 1.130076481764306640e-01
3.368574216033816682e-01, 3.288669209411373973e-01, 2.209379485949600486e-01, 1.133377088605208582e-01
3.369300396280160426e-01, 3.286997119932048017e-01, 2.207013231814682896e-01, 1.136689251973108383e-01
3.370018078996384614e-01, 3.285324665981172454e-01, 2.204644283796187709e-01, 1.140012971226256611e-01
3.370727242518665179e-01, 3.283651850568971020e-01, 2.202272661259661868e-01, 1.143348245652702350e-01
3.371427865240563815e-01, 3.281978676622649971e-01, 2.199898383667624746e-01, 1.146695074469159942e-01
3.372119925613492053e-01, 3.280305146986666198e-01, 2.197521470579963943e-01, 1.150053456819877251e-01
3.372803402147174223e-01, 3.278631264422993130e-01, 2.195141941654328299e-01, 1.153423391775504209e-01
3.373478273410121520e-01, 3.276957031611393290e-01, 2.192759816646525917e-01, 1.156804878331958997e-01
3.374144518030099960e-01, 3.275282451149682528e-01, 2.190375115410917173e-01, 1.160197915409299368e-01
3.374802114694601118e-01, 3.273607525553999253e-01, 2.187987857900807465e-01, 1.163602501850590915e-01
3.375451042151315639e-01, 3.271932257259064225e-01, 2.185598064168842447e-01, 1.167018636420776856e-01
3.376091279208610629e-01, 3.270256648618444784e-01, 2.183205754367397444e-01, 1.170446317805547420e-01
3.376722804736002059e-01, 3.268580701904816865e-01, 2.180810948748968803e-01, 1.173885544610211995e-01
3.377345597664633825e-01, 3.266904419310230345e-01, 2.178413667666567743e-01, 1.177336315358567392e-01
3.377959636987758474e-01, 3.265227802946361613e-01, 2.176013931574106164e-01, 1.180798628491773195e-01
3.378564901761214045e-01, 3.263550854844775584e-01, 2.173611761026789657e-01, 1.184272482367220297e-01
3.379161371103909239e-01, 3.261873576957182719e-01, 2.171207176681502482e-01, 1.187757875257405282e-01
3.379749024198302476e-01, 3.260195971155696593e-01, 2.168800199297197528e-01, 1.191254805348802848e-01
3.380327840290890395e-01, 3.258518039233087027e-01, 2.166390849735284063e-01, 1.194763270740740041e-01
3.380897798692688583e-01, 3.256839782903033220e-01, 2.163979148960008814e-01, 1.198283269444268689e-01
3.381458878779724508e-01, 3.255161203800381875e-01, 2.161565118038852040e-01, 1.201814799381043658e-01
3.382011059993515478e-01, 3.253482303481393112e-01, 2.159148778142897518e-01, 1.205357858382194031e-01
3.382554321841569900e-01, 3.251803083423994711e-01, 2.156730150547232494e-01, 1.208912444187202340e-01
3.383088643897866898e-01, 3.250123545028034688e-01, 2.154309256631318226e-01, 1.212478554442780326e-01
3.383614005803353697e-01, 3.248443689615521102e-01, 2.151886117879379667e-01, 1.216056186701744840e-01
3.384130387266435780e-01, 3.246763518430881845e-01, 2.149460755880784335e-01, 1.219645338421897346e-01
3.384637768063465946e-01, 3.245083032641203902e-01, 2.147033192330424778e-01, 1.223246006964904264e-01
3.385136128039248904e-01, 3.243402233336482032e-01, 2.144603449029097997e-01, 1.226858189595170512e-01
3.385625447107524777e-01, 3.241721121529861360e-01, 2.142171547883885419e-01, 1.230481883478727334e-01
3.386105705251474807e-01, 3.240039698157887726e-01, 2.139737510908530926e-01, 1.234117085682107096e-01
3.386576882524209298e-01, 3.238357964080742502e-01, 2.137301360223820557e-01, 1.237763793171227644e-01
3.387038959049274989e-01, 3.236675920082494051e-01, 2.134863118057957754e-01, 1.241422002810274317e-01
3.387491915021144662e-01, 3.234993566871332549e-01, 2.132422806746939736e-01, 1.245091711360583192e-01
3.387935730705724513e-01, 3.233310905079814224e-01, 2.129980448734936638e-01, 1.248772915479524487e-01
3.388370386440850424e-01, 3.231627935265099505e-01, 2.127536066574662044e-01, 1.252465611719388860e-01
3.388795862636787004e-01, 3.229944657909193939e-01, 2.125089682927748247e-01, 1.256169796526271643e-01
3.389212139776734412e-01, 3.228261073419185223e-01, 2.122641320565121503e-01, 1.259885466238959972e-01
3.389619198417326285e-01, 3.226577182127480237e-01, 2.120191002367373401e-01, 1.263612617087819801e-01
3.390017019189137670e-01, 3.224892984292043741e-01, 2.117738751325131674e-01, 1.267351245193686360e-01
3.390405582797182960e-01, 3.223208480096634299e-01, 2.115284590539432685e-01, 1.271101346566750057e-01
3.390784870021423258e-01, 3.221523669651036315e-01, 2.112828543222090572e-01, 1.274862917105450411e-01
3.391154861717272651e-01, 3.219838552991297065e-01, 2.110370632696067228e-01, 1.278635952595363612e-01
3.391515538816100017e-01, 3.218153130079960955e-01, 2.107910882395839236e-01, 1.282420448708098126e-01
3.391866882325739185e-01, 3.216467400806303778e-01, 2.105449315867770343e-01, 1.286216401000186138e-01
3.392208873330990193e-01, 3.214781364986559753e-01, 2.102985956770472287e-01, 1.290023804911977212e-01
3.392541492994131658e-01, 3.213095022364159115e-01, 2.100520828875174217e-01, 1.293842655766534455e-01
3.392864722555421486e-01, 3.211408372609956818e-01, 2.098053956066089076e-01, 1.297672948768532342e-01
3.393178543333611463e-01, 3.209721415322464022e-01, 2.095585362340774971e-01, 1.301514679003150377e-01
3.393482936726450183e-01, 3.208034150028073461e-01, 2.093115071810502381e-01, 1.305367841434975085e-01
3.393777884211190421e-01, 3.206346576181296482e-01, 2.090643108700613317e-01, 1.309232430906897837e-01
3.394063367345105942e-01, 3.204658693164987304e-01, 2.088169497350889081e-01, 1.313108442139016563e-01
3.394339367765989435e-01, 3.202970500290570066e-01, 2.085694262215904982e-01, 1.316995869727537183e-01
3.394605867192664328e-01, 3.201281996798266416e-01, 2.083217427865393934e-01, 1.320894708143674767e-01
3.394862847425501040e-01, 3.199593181857327551e-01, 2.080739018984608391e-01, 1.324804951732563019e-01
3.395110290346918802e-01, 3.197904054566252929e-01, 2.078259060374674783e-01, 1.328726594712153208e-01
3.395348177921895250e-01, 3.196214613953022865e-01, 2.075777576952955172e-01, 1.332659631172126991e-01
3.395576492198479346e-01, 3.194524858975320569e-01, 2.073294593753401416e-01, 1.336604055072798392e-01
3.395795215308300419e-01, 3.192834788520758083e-01, 2.070810135926913764e-01, 1.340559860244029122e-01
3.396004329467073313e-01, 3.191144401407097764e-01, 2.068324228741695581e-01, 1.344527040384133065e-01
3.396203816975114642e-01, 3.189453696382483217e-01, 2.065836897583608056e-01, 1.348505589058794363e-01
3.396393660217846833e-01, 3.187762672125654118e-01, 2.063348167956524370e-01, 1.352495499699974402e-01
3.396573841666309934e-01, 3.186071327246176588e-01, 2.060858065482682744e-01, 1.356496765604831012e-01
3.396744343877670103e-01, 3.184379660284660796e-01, 2.058366615903036989e-01, 1.360509379934632113e-01
3.396905149495728637e-01, 3.182687669712986889e-01, 2.055873845077609563e-01, 1.364533335713672968e-01
3.397056241251435460e-01, 3.180995353934525927e-01, 2.053379778985843784e-01, 1.368568625828196217e-01
3.397197601963387048e-01, 3.179302711284355265e-01, 2.050884443726947726e-01, 1.372615243025309684e-01
3.397329214538347131e-01, 3.177609740029492258e-01, 2.048387865520250872e-01, 1.376673179911910849e-01
3.397451061971746289e-01, 3.175916438369104089e-01, 2.045890070705543573e-01, 1.380742428953606882e-01
3.397563127348197654e-01, 3.174222804434729817e-01, 2.043391085743431201e-01, 1.384822982473641328e-01
3.397665393841996506e-01, 3.172528836290507970e-01, 2.040890937215676659e-01, 1.388914832651819420e-01
3.397757844717632092e-01, 3.170834531933384715e-01, 2.038389651825548154e-01, 1.393017971523435317e-01
3.397840463330294436e-01, 3.169139889293343670e-01, 2.035887256398160594e-01, 1.397132390978201300e-01
3.397913233126381161e-01, 3.167444906233619073e-01, 2.033383777880821419e-01, 1.401258082759178625e-01
3.397976137644000416e-01, 3.165749580550916153e-01, 2.030879243343373386e-01, 1.405395038461708934e-01
3.398029160513480473e-01, 3.164053909975630408e-01, 2.028373679978537070e-01, 1.409543249532351217e-01
3.398072285457873210e-01, 3.162357892172064644e-01, 2.025867115102248928e-01, 1.413702707267812109e-01
3.398105496293455374e-01, 3.160661524738649919e-01, 2.023359576154006023e-01, 1.417873402813888128e-01
3.398128776930239292e-01, 3.158964805208158699e-01, 2.020851090697200758e-01, 1.422055327164400418e-01
3.398142111372470797e-01, 3.157267731047926351e-01, 2.018341686419464487e-01, 1.426248471160138642e-01
3.398145483719132165e-01, 3.155570299660068745e-01, 2.015831391132999750e-01, 1.430452825487801005e-01
3.398138878164446708e-01, 3.153872508381697082e-01, 2.013320232774919727e-01, 1.434668380678937594e-01
3.398122278998379486e-01, 3.152174354485136054e-01, 2.010808239407585740e-01, 1.438895127108900385e-01
3.398095670607135244e-01, 3.150475835178140338e-01, 2.008295439218939771e-01, 1.443133054995784093e-01
3.398059037473661892e-01, 3.148776947604115528e-01, 2.005781860522839466e-01, 1.447382154399383392e-01
3.398012364178145672e-01, 3.147077688842327969e-01, 2.003267531759390929e-01, 1.451642415220135707e-01
3.397955635398513530e-01, 3.145378055908125692e-01, 2.000752481495280677e-01, 1.455913827198079824e-01
3.397888835910927163e-01, 3.143678045753153238e-01, 1.998236738424109815e-01, 1.460196379911809783e-01
3.397811950590279295e-01, 3.141977655265568714e-01, 1.995720331366721556e-01, 1.464490062777430435e-01
3.397724964410691606e-01, 3.140276881270261944e-01, 1.993203289271532064e-01, 1.468794865047515497e-01
3.397627862446007119e-01, 3.138575720529063751e-01, 1.990685641214858803e-01, 1.473110775810070050e-01
3.397520629870285913e-01, 3.136874169740971330e-01, 1.988167416401251664e-01, 1.477437783987492481e-01
3.397403251958292514e-01, 3.135172225542356972e-01, 1.985648644163812981e-01, 1.481775878335536978e-01
3.397275714085995491e-01, 3.133469884507187886e-01, 1.983129353964532826e-01, 1.486125047442283520e-01
3.397138001731050960e-01, 3.131767143147242138e-01, 1.980609575394605693e-01, 1.490485279727102041e-01
3.396990100473293306e-01, 3.130063997912319596e-01, 1.978089338174760792e-01, 1.494856563439626584e-01
3.396831995995226450e-01, 3.128360445190464523e-01, 1.975568672155582350e-01, 1.499238886658725844e-01
3.396663674082507356e-01, 3.126656481308179303e-01, 1.973047607317834629e-01, 1.503632237291478713e-01
3.396485120624431753e-01, 3.124952102530638154e-01, 1.970526173772780554e-01, 1.508036603072149540e-01
3.396296321614422076e-01, 3.123247305061903623e-01, 1.968004401762505629e-01, 1.512451971561169228e-01
3.396097263150507084e-01, 3.121542085045145298e-01, 1.965482321660234899e-01, 1.516878330144113829e-01
3.395887931435804252e-01, 3.119836438562852421e-01, 1.962959963970654365e-01, 1.521315666030688962e-01
3.395668312779002718e-01, 3.118130361637054260e-01, 1.960437359330227391e-01, 1.525763966253716464e-01
3.395438393594841231e-01, 3.116423850229529391e-01, 1.957914538507512514e-01, 1.530223217668116309e-01
3.395198160404584997e-01, 3.114716900242031072e-01, 1.955391532403480404e-01, 1.534693406949904915e-01
3.394947599836501961e-01, 3.113009507516492635e-01, 1.952868372051826673e-01, 1.539174520595179008e-01
3.394686698626342425e-01, 3.111301667835253970e-01, 1.950345088619289124e-01, 1.543666544919115036e-01
3.394415443617803119e-01, 3.109593376921274133e-01, 1.947821713405958888e-01, 1.548169466054963583e-01
3.394133821763012371e-01, 3.107884630438343954e-01, 1.945298277845596002e-01, 1.552683269953048228e-01
3.393841820122986408e-01, 3.106175423991309192e-01, 1.942774813505937503e-01, 1.557207942379766619e-01
3.393539425868109527e-01, 3.104465753126284810e-01, 1.940251352089009673e-01, 1.561743468916596544e-01
3.393226626278594837e-01, 3.102755613330869799e-01, 1.937727925431438347e-01, 1.566289834959097016e-01
3.392903408744954996e-01, 3.101045000034368115e-01, 1.935204565504757279e-01, 1.570847025715920442e-01
3.392569760768459064e-01, 3.099333908608005173e-01, 1.932681304415715395e-01, 1.575415026207821756e-01
3.392225669961600465e-01, 3.097622334365142116e-01, 1.930158174406584048e-01, 1.579993821266672260e-01
3.391871124048560504e-01, 3.095910272561497312e-01, 1.927635207855466215e-01, 1.584583395534474581e-01
3.391506110865659118e-01, 3.094197718395364505e-01, 1.925112437276595423e-01, 1.589183733462381232e-01
3.391130618361816729e-01, 3.092484667007825982e-01, 1.922589895320643838e-01, 1.593794819309714006e-01
3.390744634599006657e-01, 3.090771113482977395e-01, 1.920067614775025078e-01, 1.598416637142989760e-01
3.390348147752716423e-01, 3.089057052848142582e-01, 1.917545628564197580e-01, 1.603049170834943415e-01
3.389941146112387393e-01, 3.087342480074092843e-01, 1.915023969749962141e-01, 1.607692404063556235e-01
3.389523618081877188e-01, 3.085627390075266208e-01, 1.912502671531767506e-01, 1.612346320311089654e-01
3.389095552179895443e-01, 3.083911777709986146e-01, 1.909981767247004025e-01, 1.617010902863115218e-01
3.388656937040457340e-01, 3.082195637780685282e-01, 1.907461290371305906e-01, 1.621686134807551194e-01
3.388207761413329355e-01, 3.080478965034116334e-01, 1.904941274518849315e-01, 1.626371999033704996e-01
3.387748014164462251e-01, 3.078761754161582487e-01, 1.902421753442645747e-01, 1.631068478231309793e-01
3.387277684276438494e-01, 3.077043999799151663e-01, 1.899902761034839571e-01, 1.635775554889569994e-01
3.386796760848908017e-01, 3.075325696527879127e-01, 1.897384331327002516e-01, 1.640493211296210341e-01
3.386305233099023981e-01, 3.073606838874025637e-01, 1.894866498490427043e-01, 1.645221429536523616e-01
3.385803090361875212e-01, 3.071887421309285049e-01, 1.892349296836418338e-01, 1.649960191492421124e-01
3.385290322090920290e-01, 3.070167438250999692e-01, 1.889832760816587687e-01, 1.654709478841492887e-01
3.384766917858413326e-01, 3.068446884062386859e-01, 1.887316925023139469e-01, 1.659469273056060901e-01
3.384232867355834173e-01, 3.066725753052757519e-01, 1.884801824189167585e-01, 1.664239555402240445e-01
3.383688160394313638e-01, 3.065004039477742803e-01, 1.882287493188936900e-01, 1.669020306939007492e-01
3.383132786905051481e-01, 3.063281737539512162e-01, 1.879773967038174676e-01, 1.673811508517260571e-01
3.382566736939744967e-01, 3.061558841387004848e-01, 1.877261280894357287e-01, 1.678613140778892621e-01
3.381990000670998531e-01, 3.059835345116143079e-01, 1.874749470056994438e-01, 1.683425184155863119e-01
3.381402568392744001e-01, 3.058111242770066851e-01, 1.872238569967916710e-01, 1.688247618869272160e-01
3.380804430520654158e-01, 3.056386528339350983e-01, 1.869728616211554784e-01, 1.693080424928440075e-01
3.380195577592552958e-01, 3.054661195762233272e-01, 1.867219644515226706e-01, 1.697923582129987619e-01
3.379576000268825209e-01, 3.052935238924839867e-01, 1.864711690749416284e-01, 1.702777070056920583e-01
3.378945689332816804e-01, 3.051208651661410087e-01, 1.862204790928055631e-01, 1.707640868077716922e-01
3.378304635691252722e-01, 3.049481427754525131e-01, 1.859698981208804669e-01, 1.712514955345416923e-01
3.377652830374621717e-01, 3.047753560935332895e-01, 1.857194297893329515e-01, 1.717399310796716705e-01
3.376990264537584885e-01, 3.046025044883773347e-01, 1.854690777427578374e-01, 1.722293913151063949e-01
3.376316929459369787e-01, 3.044295873228808347e-01, 1.852188456402061867e-01, 1.727198740909758889e-01
3.375632816544165693e-01, 3.042566039548654233e-01, 1.849687371552124759e-01, 1.732113772355056147e-01
3.374937917321510494e-01, 3.040835537370999431e-01, 1.847187559758222408e-01, 1.737038985549267667e-01
3.374232223446684276e-01, 3.039104360173244257e-01, 1.844689058046193042e-01, 1.741974358333878148e-01
3.373515726701091788e-01, 3.037372501382722967e-01, 1.842191903587534207e-01, 1.746919868328651038e-01
3.372788418992647141e-01, 3.035639954376940230e-01, 1.839696133699666447e-01, 1.751875492930747014e-01
3.372050292356153500e-01, 3.033906712483794288e-01, 1.837201785846210300e-01, 1.756841209313841634e-01
3.371301338953684446e-01, 3.032172768981815092e-01, 1.834708897637253588e-01, 1.761816994427248262e-01
3.370541551074952014e-01, 3.030438117100390238e-01, 1.832217506829617037e-01, 1.766802824995040988e-01
3.369770921137687503e-01, 3.028702750020000889e-01, 1.829727651327126003e-01, 1.771798677515185605e-01
3.368989441688005626e-01, 3.026966660872452142e-01, 1.827239369180871098e-01, 1.776804528258670302e-01
3.368197105400773106e-01, 3.025229842741106734e-01, 1.824752698589478250e-01, 1.781820353268640800e-01
3.367393905079973937e-01, 3.023492288661119853e-01, 1.822267677899368221e-01, 1.786846128359537988e-01
3.366579833659066878e-01, 3.021753991619668955e-01, 1.819784345605022502e-01, 1.791881829116241664e-01
3.365754884201349051e-01, 3.020014944556196901e-01, 1.817302740349241719e-01, 1.796927430893212885e-01
3.364919049900307879e-01, 3.018275140362636222e-01, 1.814822900923408755e-01, 1.801982908813647699e-01
3.364072324079974696e-01, 3.016534571883655591e-01, 1.812344866267747434e-01, 1.807048237768623111e-01
3.363214700195273910e-01, 3.014793231916889082e-01, 1.809868675471579536e-01, 1.812123392416257750e-01
3.362346171832372166e-01, 3.013051113213176535e-01, 1.807394367773583477e-01, 1.817208347180867822e-01
3.361466732709018079e-01, 3.011308208476800030e-01, 1.804921982562049942e-01, 1.822303076252131671e-01
3.360576376674888621e-01, 3.009564510365722589e-01, 1.802451559375135015e-01, 1.827407553584254329e-01
3.359675097711920522e-01, 3.007820011491824097e-01, 1.799983137901115249e-01, 1.832521752895139022e-01
3.358762889934649998e-01, 3.006074704421149435e-01, 1.797516757978640800e-01, 1.837645647665559212e-01
3.357839747590542490e-01, 3.004328581674136078e-01, 1.795052459596985228e-01, 1.842779211138335926e-01
3.356905665060321842e-01, 3.002581635725864451e-01, 1.792590282896296128e-01, 1.847922416317517580e-01
3.355960636858296708e-01, 3.000833859006294957e-01, 1.790130268167844374e-01, 1.853075235967564238e-01
3.355004657632680298e-01, 2.999085243900510012e-01, 1.787672455854271980e-01, 1.858237642612537988e-01
3.354037722165912339e-01, 2.997335782748958843e-01, 1.785216886549838011e-01, 1.863409608535290252e-01
3.353059825374977709e-01, 2.995585467847699523e-01, 1.782763601000663667e-01, 1.868591105776659933e-01
3.352070962311711755e-01, 2.993834291448638774e-01, 1.780312640104978195e-01, 1.873782106134670999e-01
3.351071128163118362e-01, 2.992082245759785097e-01, 1.777864044913360086e-01, 1.878982581163735621e-01
3.350060318251673608e-01, 2.990329322945486368e-01, 1.775417856628978830e-01, 1.884192502173861195e-01
3.349038528035627182e-01, 2.988575515126678517e-01, 1.772974116607835826e-01, 1.889411840229858752e-01
3.348005753109306037e-01, 2.986820814381131450e-01, 1.770532866359004198e-01, 1.894640566150559147e-01
3.346961989203410259e-01, 2.985065212743697738e-01, 1.768094147544864159e-01, 1.899878650508028122e-01
3.345907232185305613e-01, 2.983308702206558527e-01, 1.765658001981343372e-01, 1.905126063626791655e-01
3.344841478059316642e-01, 2.981551274719473899e-01, 1.763224471638149826e-01, 1.910382775583059078e-01
3.343764722967012548e-01, 2.979792922190031002e-01, 1.760793598639005808e-01, 1.915648756203950920e-01
3.342676963187487527e-01, 2.978033636483893298e-01, 1.758365425261881332e-01, 1.920923975066737288e-01
3.341578195137651086e-01, 2.976273409425053140e-01, 1.755939993939226174e-01, 1.926208401498069323e-01
3.340468415372494504e-01, 2.974512232796082123e-01, 1.753517347258198578e-01, 1.931502004573225073e-01
3.339347620585369492e-01, 2.972750098338383662e-01, 1.751097527960895073e-01, 1.936804753115350664e-01
3.338215807608261310e-01, 2.970986997752445569e-01, 1.748680578944577513e-01, 1.942116615694715331e-01
3.337072973412051335e-01, 2.969222922698093736e-01, 1.746266543261899007e-01, 1.947437560627956754e-01
3.335919115106782407e-01, 2.967457864794744715e-01, 1.743855464121129295e-01, 1.952767555977344693e-01
3.334754229941920278e-01, 2.965691815621664396e-01, 1.741447384886377070e-01, 1.958106569550037979e-01
3.333578315306610085e-01, 2.963924766718222803e-01, 1.739042349077813410e-01, 1.963454568897355090e-01
3.332391368729927250e-01, 2.962156709584146119e-01, 1.736640400371889659e-01, 1.968811521314036694e-01
3.331193387881132284e-01, 2.960387635679782026e-01, 1.734241582601559195e-01, 1.974177393837525385e-01
3.329984370569913366e-01, 2.958617536426352279e-01, 1.731845939756495312e-01, 1.979552153247239599e-01
3.328764314746630593e-01, 2.956846403206209173e-01, 1.729453515983302991e-01, 1.984935766063856133e-01
3.327533218502556345e-01, 2.955074227363105877e-01, 1.727064355585740951e-01, 1.990328198548597938e-01
3.326291080070108985e-01, 2.953301000202442350e-01, 1.724678503024927034e-01, 1.995729416702521630e-01
3.325037897823088784e-01, 2.951526712991541235e-01, 1.722296002919556923e-01, 2.001139386265814446e-01
3.323773670276903291e-01, 2.949751356959897097e-01, 1.719916900046108699e-01, 2.006558072717090635e-01
3.322498396088797712e-01, 2.947974923299447880e-01, 1.717541239339057391e-01, 2.011985441272697295e-01
3.321212074058069175e-01, 2.946197403164835804e-01, 1.715169065891076761e-01, 2.017421456886017150e-01
3.319914703126295441e-01, 2.944418787673669935e-01, 1.712800424953248024e-01, 2.022866084246784935e-01
3.318606282377538630e-01, 2.942639067906795414e-01, 1.710435361935264686e-01, 2.028319287780401270e-01
3.317286811038563932e-01, 2.940858234908555469e-01, 1.708073922405631551e-01, 2.033781031647249882e-01
3.315956288479043890e-01, 2.939076279687059534e-01, 1.705716152091869275e-01, 2.039251279742026468e-01
3.314614714211765456e-01, 2.937293193214455256e-01, 1.703362096880712828e-01, 2.044729995693065350e-01
3.313262087892827612e-01, 2.935508966427190503e-01, 1.701011802818308549e-01, 2.050217142861674169e-01
3.311898409321835657e-01, 2.933723590226284816e-01, 1.698665316110410106e-01, 2.055712684341469976e-01
3.310523678442101603e-01, 2.931937055477604193e-01, 1.696322683122574171e-01, 2.061216582957721422e-01
3.309137895340828472e-01, 2.930149353012124203e-01, 1.693983950380351378e-01, 2.066728801266696780e-01
3.307741060249295151e-01, 2.928360473626210880e-01, 1.691649164569479502e-01, 2.072249301555015299e-01
3.306333173543043458e-01, 2.926570408081884955e-01, 1.689318372536072199e-01, 2.077778045839000221e-01
3.304914235742053008e-01, 2.924779147107102184e-01, 1.686991621286803855e-01, 2.083314995864041785e-01
3.303484247510915517e-01, 2.922986681396023689e-01, 1.684668957989100546e-01, 2.088860113103960248e-01
3.302043209659009659e-01, 2.921193001609295736e-01, 1.682350429971319339e-01, 2.094413358760375543e-01
3.300591123140663719e-01, 2.919398098374319517e-01, 1.680036084722934253e-01, 2.099974693762081679e-01
3.299127989055326005e-01, 2.917601962285536477e-01, 1.677725969894713620e-01, 2.105544078764424454e-01
3.297653808647716400e-01, 2.915804583904697544e-01, 1.675420133298901326e-01, 2.111121474148684451e-01
3.296168583307991784e-01, 2.914005953761151235e-01, 1.673118622909392506e-01, 2.116706840021465585e-01
3.294672314571889804e-01, 2.912206062352115099e-01, 1.670821486861908678e-01, 2.122300136214087252e-01
3.293165004120885975e-01, 2.910404900142963824e-01, 1.668528773454169556e-01, 2.127901322281981200e-01
3.291646653782335230e-01, 2.908602457567505128e-01, 1.666240531146066517e-01, 2.133510357504092569e-01
3.290117265529612922e-01, 2.906798725028266750e-01, 1.663956808559830247e-01, 2.139127200882289526e-01
3.288576841482255264e-01, 2.904993692896776780e-01, 1.661677654480198663e-01, 2.144751811140770126e-01
3.287025383906088671e-01, 2.903187351513850101e-01, 1.659403117854580667e-01, 2.150384146725481116e-01
3.285462895213367429e-01, 2.901379691189871490e-01, 1.657133247793221298e-01, 2.156024165803539505e-01
3.283889377962892486e-01, 2.899570702205087058e-01, 1.654868093569362431e-01, 2.161671826262657192e-01
3.282304834860143572e-01, 2.897760374809886796e-01, 1.652607704619401818e-01, 2.167327085710569479e-01
3.280709268757386887e-01, 2.895948699225090461e-01, 1.650352130543047968e-01, 2.172989901474475516e-01
3.279102682653801670e-01, 2.894135665642246225e-01, 1.648101421103479458e-01, 2.178660230600473202e-01
3.277485079695587333e-01, 2.892321264223911004e-01, 1.645855626227494817e-01, 2.184338029853008789e-01
3.275856463176067823e-01, 2.890505485103945782e-01, 1.643614796005662404e-01, 2.190023255714323436e-01
3.274216836535803754e-01, 2.888688318387810372e-01, 1.641378980692472511e-01, 2.195715864383913085e-01
3.272566203362688997e-01, 2.886869754152850409e-01, 1.639148230706479470e-01, 2.201415811777981679e-01
3.270904567392043383e-01, 2.885049782448596001e-01, 1.636922596630448756e-01, 2.207123053528912693e-01
3.269231932506713179e-01, 2.883228393297053715e-01, 1.634702129211496602e-01, 2.212837544984735949e-01
3.267548302737158239e-01, 2.881405576693005233e-01, 1.632486879361232102e-01, 2.218559241208604427e-01
3.265853682261533053e-01, 2.879581322604303772e-01, 1.630276898155890997e-01, 2.224288096978272733e-01
3.264148075405776117e-01, 2.877755620972167749e-01, 1.628072236836472508e-01, 2.230024066785582793e-01
3.262431486643682099e-01, 2.875928461711488859e-01, 1.625872946808873676e-01, 2.235767104835956753e-01
3.260703920596977889e-01, 2.874099834711120738e-01, 1.623679079644013423e-01, 2.241517165047888227e-01
3.258965382035396430e-01, 2.872269729834189267e-01, 1.621490687077966619e-01, 2.247274201052447684e-01
3.257215875876739997e-01, 2.870438136918390115e-01, 1.619307821012085369e-01, 2.253038166192785074e-01
3.255455407186944594e-01, 2.868605045776292939e-01, 1.617130533513122526e-01, 2.258809013523641607e-01
3.253683981180139906e-01, 2.866770446195642252e-01, 1.614958876813352706e-01, 2.264586695810865691e-01
3.251901603218705916e-01, 2.864934327939669401e-01, 1.612792903310687753e-01, 2.270371165530936652e-01
3.250108278813322871e-01, 2.863096680747392320e-01, 1.610632665568793309e-01, 2.276162374870491500e-01
3.248304013623022346e-01, 2.861257494333924178e-01, 1.608478216317200116e-01, 2.281960275725852527e-01
3.246488813455228883e-01, 2.859416758390784241e-01, 1.606329608451415036e-01, 2.287764819702570174e-01
3.244662684265806063e-01, 2.857574462586204289e-01, 1.604186895033025972e-01, 2.293575958114963953e-01
3.242825632159088145e-01, 2.855730596565438373e-01, 1.602050129289806502e-01, 2.299393641985668646e-01
3.240977663387916152e-01, 2.853885149951075340e-01, 1.599919364615817463e-01, 2.305217822045190212e-01
3.239118784353670621e-01, 2.852038112343354692e-01, 1.597794654571507433e-01, 2.311048448731466698e-01
3.237249001606292698e-01, 2.850189473320474121e-01, 1.595676052883805152e-01, 2.316885472189428030e-01
3.235368321844311890e-01, 2.848339222438907026e-01, 1.593563613446213612e-01, 2.322728842270567473e-01
3.233476751914861613e-01, 2.846487349233717823e-01, 1.591457390318900544e-01, 2.328578508532520852e-01
3.231574298813696400e-01, 2.844633843218878910e-01, 1.589357437728785294e-01, 2.334434420238640506e-01
3.229660969685200778e-01, 2.842778693887587083e-01, 1.587263810069621528e-01, 2.340296526357589224e-01
3.227736771822404815e-01, 2.840921890712587716e-01, 1.585176561902080228e-01, 2.346164775562927518e-01
3.225801712666977461e-01, 2.839063423146483967e-01, 1.583095747953824906e-01, 2.352039116232712279e-01
3.223855799809237643e-01, 2.837203280622071500e-01, 1.581021423119588765e-01, 2.357919496449100982e-01
3.221899040988145946e-01, 2.835341452552649910e-01, 1.578953642461244089e-01, 2.363805863997959222e-01
3.219931444091299055e-01, 2.833477928332350237e-01, 1.576892461207873020e-01, 2.369698166368477688e-01
3.217953017154921436e-01, 2.831612697336460260e-01, 1.574837934755829727e-01, 2.375596350752789132e-01
3.215963768363850339e-01, 2.829745748921748683e-01, 1.572790118668803694e-01, 2.381500364045597007e-01
3.213963706051519154e-01, 2.827877072426793204e-01, 1.570749068677880778e-01, 2.387410152843807976e-01
3.211952838699937418e-01, 2.826006657172305259e-01, 1.568714840681592337e-01, 2.393325663446166096e-01
3.209931174939666398e-01, 2.824134492461465307e-01, 1.566687490745972133e-01, 2.399246841852896994e-01
3.207898723549790221e-01, 2.822260567580243684e-01, 1.564667075104602401e-01, 2.405173633765363417e-01
3.205855493457886451e-01, 2.820384871797742554e-01, 1.562653650158659369e-01, 2.411105984585710793e-01
3.203801493739991679e-01, 2.818507394366520646e-01, 1.560647272476953784e-01, 2.417043839416534445e-01
3.201736733620559328e-01, 2.816628124522929655e-01, 1.558647998795966994e-01, 2.422987143060544302e-01
3.199661222472423017e-01, 2.814747051487448415e-01, 1.556655886019889523e-01, 2.428935840020239045e-01
3.197574969816748824e-01, 2.812864164465022632e-01, 1.554670991220644671e-01, 2.434889874497584150e-01
3.195477985322986991e-01, 2.810979452645395171e-01, 1.552693371637921538e-01, 2.440849190393697132e-01
3.193370278808819740e-01, 2.809092905203449120e-01, 1.550723084679193065e-01, 2.446813731308537243e-01
3.191251860240105764e-01, 2.807204511299550287e-01, 1.548760187919737130e-01, 2.452783440540606541e-01
3.189122739730823053e-01, 2.805314260079879718e-01, 1.546804739102649595e-01, 2.458758261086647634e-01
3.186982927543003941e-01, 2.803422140676783414e-01, 1.544856796138858179e-01, 2.464738135641355854e-01
3.184832434086670161e-01, 2.801528142209109840e-01, 1.542916417107124960e-01, 2.470723006597095317e-01
3.182671269919764012e-01, 2.799632253782561309e-01, 1.540983660254055532e-01, 2.476712816043619148e-01
3.180499445748078413e-01, 2.797734464490030937e-01, 1.539058583994090956e-01, 2.482707505767798861e-01
3.178316972425176412e-01, 2.795834763411959023e-01, 1.537141246909508041e-01, 2.488707017253356524e-01
3.176123860952314581e-01, 2.793933139616673333e-01, 1.535231707750406016e-01, 2.494711291680605236e-01
3.173920122478363637e-01, 2.792029582160743262e-01, 1.533330025434694044e-01, 2.500720269926199890e-01
3.171705768299715178e-01, 2.790124080089326775e-01, 1.531436259048073456e-01, 2.506733892562884591e-01
3.169480809860201198e-01, 2.788216622436527903e-01, 1.529550467844014161e-01, 2.512752099859257293e-01
3.167245258750994719e-01, 2.786307198225743686e-01, 1.527672711243728276e-01, 2.518774831779532208e-01
3.164999126710520971e-01, 2.784395796470024442e-01, 1.525803048836140707e-01, 2.524802027983312769e-01
3.162742425624353593e-01, 2.782482406172425704e-01, 1.523941540377846682e-01, 2.530833627825374577e-01
3.160475167525113593e-01, 2.780567016326365160e-01, 1.522088245793078443e-01, 2.536869570355443360e-01
3.158197364592367218e-01, 2.778649615915984028e-01, 1.520243225173655288e-01, 2.542909794317994021e-01
3.155909029152513812e-01, 2.776730193916503997e-01, 1.518406538778935277e-01, 2.548954238152046914e-01
3.153610173678680351e-01, 2.774808739294590820e-01, 1.516578247035758609e-01, 2.555002839990971331e-01
3.151300810790595985e-01, 2.772885241008713475e-01, 1.514758410538390720e-01, 2.561055537662299542e-01
3.148980953254489346e-01, 2.770959688009509425e-01, 1.512947090048454846e-01, 2.567112268687546384e-01
3.146650613982954758e-01, 2.769032069240150440e-01, 1.511144346494862345e-01, 2.573172970282032179e-01
3.144309806034837340e-01, 2.767102373636706747e-01, 1.509350240973741097e-01, 2.579237579354714538e-01
3.141958542615098660e-01, 2.765170590128517847e-01, 1.507564834748350568e-01, 2.585306032508032925e-01
3.139596837074695168e-01, 2.763236707638557776e-01, 1.505788189249001596e-01, 2.591378266037746569e-01
3.137224702910438312e-01, 2.761300715083807589e-01, 1.504020366072962023e-01, 2.597454215932792354e-01
3.134842153764862416e-01, 2.759362601375625612e-01, 1.502261426984364268e-01, 2.603533817875147149e-01
3.132449203426085904e-01, 2.757422355420124926e-01, 1.500511433914101800e-01, 2.609617007239687370e-01
3.130045865827666973e-01, 2.755479966118541402e-01, 1.498770448959723389e-01, 2.615703719094068513e-01
3.127632155048463702e-01, 2.753535422367611729e-01, 1.497038534385321806e-01, 2.621793888198603595e-01
3.125208085312480843e-01, 2.751588713059954228e-01, 1.495315752621414473e-01, 2.627887449006149900e-01
3.122773670988724382e-01, 2.749639827084443544e-01, 1.493602166264822728e-01, 2.633984335662009624e-01
3.120328926591043883e-01, 2.747688753326592570e-01, 1.491897838078538874e-01, 2.640084482003825506e-01
3.117873866777980396e-01, 2.745735480668929918e-01, 1.490202830991593785e-01, 2.646187821561494236e-01
3.115408506352608242e-01, 2.743779997991390163e-01, 1.488517208098917854e-01, 2.652294287557083741e-01
3.112932860262365709e-01, 2.741822294171692431e-01, 1.486841032661188611e-01, 2.658403812904753805e-01
3.110446943598899061e-01, 2.739862358085726757e-01, 1.485174368104682785e-01, 2.664516330210690565e-01
3.107950771597892681e-01, 2.737900178607942658e-01, 1.483517278021116437e-01, 2.670631771773048224e-01
3.105444359638899199e-01, 2.735935744611737719e-01, 1.481869826167476478e-01, 2.676750069581886882e-01
3.102927723245164082e-01, 2.733969044969846163e-01, 1.480232076465854141e-01, 2.682871155319135337e-01
3.100400878083455769e-01, 2.732000068554732986e-01, 1.478604093003264008e-01, 2.688994960358546682e-01
3.097863839963884702e-01, 2.730028804238984197e-01, 1.476985940031459166e-01, 2.695121415765671657e-01
3.095316624839722364e-01, 2.728055240895702616e-01, 1.475377681966743293e-01, 2.701250452297833116e-01
3.092759248807219197e-01, 2.726079367398903108e-01, 1.473779383389770548e-01, 2.707382000404107703e-01
3.090191728105419755e-01, 2.724101172623912825e-01, 1.472191109045342117e-01, 2.713515990225325303e-01
3.087614079115973964e-01, 2.722120645447765885e-01, 1.470612923842196940e-01, 2.719652351594062933e-01
3.085026318362946163e-01, 2.720137774749606940e-01, 1.469044892852792994e-01, 2.725791014034654736e-01
3.082428462512621370e-01, 2.718152549411092522e-01, 1.467487081313080810e-01, 2.731931906763204188e-01
3.079820528373313215e-01, 2.716164958316794609e-01, 1.465939554622275043e-01, 2.738074958687617411e-01
3.077202532895159659e-01, 2.714174990354603634e-01, 1.464402378342613831e-01, 2.744220098407620934e-01
3.074574493169930367e-01, 2.712182634416139826e-01, 1.462875618199113437e-01, 2.750367254214815538e-01
3.071936426430816880e-01, 2.710187879397156774e-01, 1.461359340079313729e-01, 2.756516354092712340e-01
3.069288350052231662e-01, 2.708190714197952764e-01, 1.459853610033021443e-01, 2.762667325716794409e-01
3.066630281549598824e-01, 2.706191127723783785e-01, 1.458358494272035677e-01, 2.768820096454582269e-01
3.063962238579147068e-01, 2.704189108885272086e-01, 1.456874059169878388e-01, 2.774974593365702180e-01
3.061284238937692082e-01, 2.702184646598827511e-01, 1.455400371261508785e-01, 2.781130743201971622e-01
3.058596300562429482e-01, 2.700177729787056058e-01, 1.453937497243031618e-01, 2.787288472407482565e-01
3.055898441530713883e-01, 2.698168347379183984e-01, 1.452485503971400194e-01, 2.793447707118702494e-01
3.053190680059839623e-01, 2.696156488311470811e-01, 1.451044458464107456e-01, 2.799608373164582109e-01
3.050473034506822056e-01, 2.694142141527636758e-01, 1.449614427898873459e-01, 2.805770396066666894e-01
3.047745523368176612e-01, 2.692125295979280741e-01, 1.448195479613321179e-01, 2.811933701039220357e-01
3.045008165279688428e-01, 2.690105940626306702e-01, 1.446787681104646228e-01, 2.818098212989359475e-01
3.042260979016188638e-01, 2.688084064437346599e-01, 1.445391100029276288e-01, 2.824263856517187921e-01
3.039503983491324002e-01, 2.686059656390192840e-01, 1.444005804202526944e-01, 2.830430555915955937e-01
3.036737197757328199e-01, 2.684032705472223501e-01, 1.442631861598239473e-01, 2.836598235172207993e-01
3.033960641004786463e-01, 2.682003200680833088e-01, 1.441269340348422801e-01, 2.842766817965957649e-01
3.031174332562399099e-01, 2.679971131023867748e-01, 1.439918308742874076e-01, 2.848936227670858523e-01
3.028378291896748897e-01, 2.677936485520056586e-01, 1.438578835228801200e-01, 2.855106387354392483e-01
3.025572538612057438e-01, 2.675899253199450767e-01, 1.437250988410426755e-01, 2.861277219778063929e-01
3.022757092449948058e-01, 2.673859423103857602e-01, 1.435934837048595258e-01, 2.867448647397599637e-01
3.019931973289199933e-01, 2.671816984287280206e-01, 1.434630450060354612e-01, 2.873620592363165249e-01
3.017097201145506058e-01, 2.669771925816363800e-01, 1.433337896518543930e-01, 2.879792976519586212e-01
3.014252796171226767e-01, 2.667724236770830371e-01, 1.432057245651364719e-01, 2.885965721406578144e-01
3.011398778655139385e-01, 2.665673906243928859e-01, 1.430788566841942056e-01, 2.892138748258988867e-01
3.008535169022193423e-01, 2.663620923342880364e-01, 1.429531929627879394e-01, 2.898311978007045431e-01
3.005661987833253557e-01, 2.661565277189326117e-01, 1.428287403700802261e-01, 2.904485331276618343e-01
3.002779255784849277e-01, 2.659506956919773235e-01, 1.427055058905889462e-01, 2.910658728389488581e-01
2.999886993708920091e-01, 2.657445951686053798e-01, 1.425834965241400687e-01, 2.916832089363625147e-01
2.996985222572561280e-01, 2.655382250655772269e-01, 1.424627192858188840e-01, 2.923005333913477610e-01
2.994073963477760780e-01, 2.653315843012762909e-01, 1.423431812059204604e-01, 2.929178381450271429e-01
2.991153237661144382e-01, 2.651246717957547183e-01, 1.422248893298988792e-01, 2.935351151082319920e-01
2.988223066493711499e-01, 2.649174864707790067e-01, 1.421078507183157480e-01, 2.941523561615340121e-01
2.985283471480578710e-01, 2.647100272498763562e-01, 1.419920724467875484e-01, 2.947695531552781967e-01
2.982334474260707191e-01, 2.645022930583806886e-01, 1.418775616059317624e-01, 2.953866979096167467e-01
2.979376096606644597e-01, 2.642942828234792763e-01, 1.417643253013119997e-01, 2.960037822145441533e-01
2.976408360424253607e-01, 2.640859954742593163e-01, 1.416523706533824034e-01, 2.966207978299328363e-01
2.973431287752447694e-01, 2.638774299417542823e-01, 1.415417047974304732e-01, 2.972377364855703918e-01
2.970444900762919671e-01, 2.636685851589916640e-01, 1.414323348835189731e-01, 2.978545898811974513e-01
2.967449221759868583e-01, 2.634594600610395965e-01, 1.413242680764268122e-01, 2.984713496865466498e-01
2.964444273179735467e-01, 2.632500535850544332e-01, 1.412175115555888982e-01, 2.990880075413832606e-01
2.961430077590920251e-01, 2.630403646703280973e-01, 1.411120725150343813e-01, 2.997045550555454962e-01
2.958406657693514741e-01, 2.628303922583361540e-01, 1.410079581633243984e-01, 3.003209838089879735e-01
2.955374036319023956e-01, 2.626201352927853838e-01, 1.409051757234880964e-01, 3.009372853518241242e-01
2.952332236430089685e-01, 2.624095927196622435e-01, 1.408037324329578233e-01, 3.015534512043711035e-01
2.949281281120212372e-01, 2.621987634872807726e-01, 1.407036355435029862e-01, 3.021694728571949762e-01
2.946221193613473566e-01, 2.619876465463314985e-01, 1.406048923211629664e-01, 3.027853417711581785e-01
2.943151997264254471e-01, 2.617762408499298976e-01, 1.405075100461782023e-01, 3.034010493774664252e-01
2.940073715556954514e-01, 2.615645453536654119e-01, 1.404114960129209111e-01, 3.040165870777181700e-01
2.936986372105709342e-01, 2.613525590156505207e-01, 1.403168575298239518e-01, 3.046319462439546766e-01
2.933889990654110491e-01, 2.611402807965699790e-01, 1.402236019193083549e-01, 3.052471182187105336e-01
2.930784595074918952e-01, 2.609277096597302781e-01, 1.401317365177105478e-01, 3.058620943150673899e-01
2.927670209369777621e-01, 2.607148445711094942e-01, 1.400412686752068314e-01, 3.064768658167059123e-01
2.924546857668932631e-01, 2.605016844994070269e-01, 1.399522057557379684e-01, 3.070914239779616306e-01
2.921414564230940258e-01, 2.602882284160940030e-01, 1.398645551369316065e-01, 3.077057600238805035e-01
2.918273353442381590e-01, 2.600744752954626260e-01, 1.397783242100236745e-01, 3.083198651502755405e-01
2.915123249817574980e-01, 2.598604241146782456e-01, 1.396935203797784464e-01, 3.089337305237858655e-01
2.911964277998286277e-01, 2.596460738538284851e-01, 1.396101510644073562e-01, 3.095473472819356142e-01
2.908796462753438505e-01, 2.594314234959751997e-01, 1.395282236954862032e-01, 3.101607065331946633e-01
2.905619828978823760e-01, 2.592164720272049916e-01, 1.394477457178713020e-01, 3.107737993570412471e-01
2.902434401696808441e-01, 2.590012184366808912e-01, 1.393687245896141069e-01, 3.113866168040241300e-01
2.899240206056044045e-01, 2.587856617166936490e-01, 1.392911677818743088e-01, 3.119991498958276099e-01
2.896037267331173504e-01, 2.585698008627135835e-01, 1.392150827788317391e-01, 3.126113896253372992e-01
2.892825610922540314e-01, 2.583536348734423727e-01, 1.391404770775969413e-01, 3.132233269567067380e-01
2.889605262355890436e-01, 2.581371627508652900e-01, 1.390673581881199383e-01, 3.138349528254257281e-01
2.886376247282083085e-01, 2.579203835003037737e-01, 1.389957336330978621e-01, 3.144462581383901112e-01
2.883138591476792634e-01, 2.577032961304675518e-01, 1.389256109478810008e-01, 3.150572337739720452e-01
2.879892320840216624e-01, 2.574858996535078215e-01, 1.388569976803777084e-01, 3.156678705820928355e-01
2.876637461396775453e-01, 2.572681930850698739e-01, 1.387899013909569268e-01, 3.162781593842955430e-01
2.873374039294820936e-01, 2.570501754443468290e-01, 1.387243296523503200e-01, 3.168880909738207574e-01
2.870102080806338773e-01, 2.568318457541320932e-01, 1.386602900495523261e-01, 3.174976561156816479e-01
2.866821612326649338e-01, 2.566132030408743159e-01, 1.385977901797184886e-01, 3.181068455467422340e-01
2.863532660374113470e-01, 2.563942463347300693e-01, 1.385368376520627609e-01, 3.187156499757958783e-01
2.860235251589834382e-01, 2.561749746696184160e-01, 1.384774400877527845e-01, 3.193240600836455001e-01
2.856929412737356788e-01, 2.559553870832753097e-01, 1.384196051198040012e-01, 3.199320665231851213e-01
2.853615170702374915e-01, 2.557354826173076634e-01, 1.383633403929718786e-01, 3.205396599194829110e-01
2.850292552492429410e-01, 2.555152603172486381e-01, 1.383086535636425807e-01, 3.211468308698658403e-01
2.846961585236609804e-01, 2.552947192326118775e-01, 1.382555522997222786e-01, 3.217535699440047803e-01
2.843622296185257525e-01, 2.550738584169473522e-01, 1.382040442805243796e-01, 3.223598676840024324e-01
2.840274712709664473e-01, 2.548526769278963156e-01, 1.381541371966557297e-01, 3.229657146044816463e-01
2.836918862301776589e-01, 2.546311738272466485e-01, 1.381058387499003171e-01, 3.235711011926752922e-01
2.833554772573894653e-01, 2.544093481809895918e-01, 1.380591566531023384e-01, 3.241760179085187432e-01
2.830182471258370636e-01, 2.541871990593748132e-01, 1.380140986300465444e-01, 3.247804551847416898e-01
2.826801986207316819e-01, 2.539647255369670842e-01, 1.379706724153377528e-01, 3.253844034269636198e-01
2.823413345392298823e-01, 2.537419266927027905e-01, 1.379288857542780300e-01, 3.259878530137892971e-01
2.820016576904040284e-01, 2.535188016099467756e-01, 1.378887464027424847e-01, 3.265907942969067945e-01
2.816611708952123094e-01, 2.532953493765486286e-01, 1.378502621270531470e-01, 3.271932176011860260e-01
2.813198769864685422e-01, 2.530715690849006938e-01, 1.378134407038511811e-01, 3.277951132247795551e-01
2.809777788088129724e-01, 2.528474598319948030e-01, 1.377782899199673505e-01, 3.283964714392247908e-01
2.806348792186812990e-01, 2.526230207194801736e-01, 1.377448175722906509e-01, 3.289972824895479042e-01
2.802911810842759199e-01, 2.523982508537211955e-01, 1.377130314676348610e-01, 3.295975365943681346e-01
2.799466872855350674e-01, 2.521731493458553852e-01, 1.376829394226038172e-01, 3.301972239460055913e-01
2.796014007141036095e-01, 2.519477153118519497e-01, 1.376545492634546897e-01, 3.307963347105896679e-01
2.792553242733029073e-01, 2.517219478725699067e-01, 1.376278688259588712e-01, 3.313948590281682871e-01
2.789084608781008945e-01, 2.514958461538171486e-01, 1.376029059552617562e-01, 3.319927870128202563e-01
2.785608134550825454e-01, 2.512694092864092288e-01, 1.375796685057401880e-01, 3.325901087527680100e-01
2.782123849424199546e-01, 2.510426364062286475e-01, 1.375581643408582411e-01, 3.331868143104931290e-01
2.778631782898424163e-01, 2.508155266542843043e-01, 1.375384013330207822e-01, 3.337828937228524140e-01
2.775131964586069477e-01, 2.505880791767710059e-01, 1.375203873634255891e-01, 3.343783370011964018e-01
2.771624424214683691e-01, 2.503602931251295849e-01, 1.375041303219130540e-01, 3.349731341314890476e-01
2.768109191626498267e-01, 2.501321676561067409e-01, 1.374896381068140550e-01, 3.355672750744293498e-01
2.764586296778129282e-01, 2.499037019318156583e-01, 1.374769186247963293e-01, 3.361607497655750842e-01
2.761055769740282662e-01, 2.496748951197964861e-01, 1.374659797907080705e-01, 3.367535481154671495e-01
2.757517640697459971e-01, 2.494457463930769836e-01, 1.374568295274200547e-01, 3.373456600097569646e-01
2.753971939947659209e-01, 2.492162549302338603e-01, 1.374494757656656574e-01, 3.379370753093345892e-01
2.750418697902082266e-01, 2.489864199154538382e-01, 1.374439264438788999e-01, 3.385277838504591186e-01
2.746857945084840713e-01, 2.487562405385951858e-01, 1.374401895080299973e-01, 3.391177754448906900e-01
2.743289712132662705e-01, 2.485257159952495853e-01, 1.374382729114597690e-01, 3.397070398800244306e-01
2.739714029794595440e-01, 2.482948454868039723e-01, 1.374381846147108011e-01, 3.402955669190257382e-01
2.736130928931715389e-01, 2.480636282205027077e-01, 1.374399325853576381e-01, 3.408833463009682263e-01
2.732540440516834090e-01, 2.478320634095100838e-01, 1.374435247978340879e-01, 3.414703677409724469e-01
2.728942595634208379e-01, 2.476001502729731352e-01, 1.374489692332587221e-01, 3.420566209303473326e-01
2.725337425479245068e-01, 2.473678880360842547e-01, 1.374562738792581840e-01, 3.426420955367331378e-01
2.721724961358212846e-01, 2.471352759301443380e-01, 1.374654467297885263e-01, 3.432267812042458233e-01
2.718105234687949179e-01, 2.469023131926265102e-01, 1.374764957849539115e-01, 3.438106675536245493e-01
2.714478276995572759e-01, 2.466689990672394639e-01, 1.374894290508238415e-01, 3.443937441823794465e-01
2.710844119918192630e-01, 2.464353328039909918e-01, 1.375042545392473337e-01, 3.449760006649424393e-01
2.707202795202618972e-01, 2.462013136592526297e-01, 1.375209802676657100e-01, 3.455574265528196798e-01
2.703554334705076112e-01, 2.459669408958236048e-01, 1.375396142589225823e-01, 3.461380113747460907e-01
2.699898770390913860e-01, 2.457322137829953401e-01, 1.375601645410720886e-01, 3.467177446368410743e-01
2.696236134334321077e-01, 2.454971315966163747e-01, 1.375826391471841048e-01, 3.472966158227673295e-01
2.692566458718037570e-01, 2.452616936191572561e-01, 1.376070461151481239e-01, 3.478746143938908908e-01
2.688889775833070428e-01, 2.450258991397756270e-01, 1.376333934874743037e-01, 3.484517297894429988e-01
2.685206118078409254e-01, 2.447897474543819507e-01, 1.376616893110920448e-01, 3.490279514266851901e-01
2.681515517960736394e-01, 2.445532378657048755e-01, 1.376919416371470140e-01, 3.496032687010744988e-01
2.677818008094152158e-01, 2.443163696833574872e-01, 1.377241585207948371e-01, 3.501776709864324322e-01
2.674113621199882829e-01, 2.440791422239031172e-01, 1.377583480209933764e-01, 3.507511476351151680e-01
2.670402390106003110e-01, 2.438415548109218178e-01, 1.377945182002920932e-01, 3.513236879781858613e-01
2.666684347747151906e-01, 2.436036067750770306e-01, 1.378326771246189963e-01, 3.518952813255886714e-01
2.662959527164254214e-01, 2.433652974541824221e-01, 1.378728328630656752e-01, 3.524659169663263425e-01
2.659227961504239124e-01, 2.431266261932686634e-01, 1.379149934876696959e-01, 3.530355841686378393e-01
2.655489684019755048e-01, 2.428875923446509599e-01, 1.379591670731939168e-01, 3.536042721801795352e-01
2.651744728068901047e-01, 2.426481952679965526e-01, 1.380053616969050267e-01, 3.541719702282082327e-01
2.647993127114939282e-01, 2.424084343303923306e-01, 1.380535854383476979e-01, 3.547386675197660155e-01
2.644234914726023011e-01, 2.421683089064126937e-01, 1.381038463791176285e-01, 3.553043532418673767e-01
2.640470124574915145e-01, 2.419278183781880254e-01, 1.381561526026315878e-01, 3.558690165616887890e-01
2.636698790438717355e-01, 2.416869621354726938e-01, 1.382105121938951853e-01, 3.564326466267603299e-01
2.632920946198589740e-01, 2.414457395757141078e-01, 1.382669332392677808e-01, 3.569952325651591374e-01
2.629136625839479380e-01, 2.412041501041210234e-01, 1.383254238262253688e-01, 3.575567634857056976e-01
2.625345863449843886e-01, 2.409621931337330991e-01, 1.383859920431206036e-01, 3.581172284781618531e-01
2.621548693221382176e-01, 2.407198680854898964e-01, 1.384486459789403268e-01, 3.586766166134314759e-01
2.617745149448755249e-01, 2.404771743883004076e-01, 1.385133937230607071e-01, 3.592349169437631384e-01
2.613935266529321400e-01, 2.402341114791129717e-01, 1.385802433649997445e-01, 3.597921185029551161e-01
2.610119078962860328e-01, 2.399906788029846916e-01, 1.386492029941668869e-01, 3.603482103065624997e-01
2.606296621351305576e-01, 2.397468758131520716e-01, 1.387202806996105098e-01, 3.609031813521069720e-01
2.602467928398471408e-01, 2.395027019711011840e-01, 1.387934845697628428e-01, 3.614570206192888047e-01
2.598633034909789696e-01, 2.392581567466383896e-01, 1.388688226921815927e-01, 3.620097170702011313e-01
2.594791975792035688e-01, 2.390132396179606988e-01, 1.389463031532897075e-01, 3.625612596495461082e-01
2.590944786053064330e-01, 2.387679500717271863e-01, 1.390259340381119757e-01, 3.631116372848544605e-01
2.587091500801540489e-01, 2.385222876031300177e-01, 1.391077234300094334e-01, 3.636608388867065278e-01
2.583232155246676376e-01, 2.382762517159657534e-01, 1.391916794104106347e-01, 3.642088533489559743e-01
2.579366784697962323e-01, 2.380298419227073192e-01, 1.392778100585403966e-01, 3.647556695489559409e-01
2.575495424564906433e-01, 2.377830577445752269e-01, 1.393661234511462954e-01, 3.653012763477878067e-01
2.571618110356767017e-01, 2.375358987116100717e-01, 1.394566276622216106e-01, 3.658456625904916160e-01
2.567734877682287253e-01, 2.372883643627445860e-01, 1.395493307627262425e-01, 3.663888171063003907e-01
2.563845762249440385e-01, 2.370404542458759700e-01, 1.396442408203048546e-01, 3.669307287088751091e-01
2.559950799865158833e-01, 2.367921679179386119e-01, 1.397413658990017404e-01, 3.674713861965437367e-01
2.556050026435079947e-01, 2.365435049449767790e-01, 1.398407140589736364e-01, 3.680107783525415344e-01
2.552143477963277896e-01, 2.362944649022178101e-01, 1.399422933561993154e-01, 3.685488939452551405e-01
2.548231190552011083e-01, 2.360450473741449728e-01, 1.400461118421864881e-01, 3.690857217284675418e-01
2.544313200401455699e-01, 2.357952519545711556e-01, 1.401521775636761225e-01, 3.696212504416069855e-01
2.540389543809455364e-01, 2.355450782467122528e-01, 1.402604985623438216e-01, 3.701554688099984447e-01
2.536460257171250232e-01, 2.352945258632609393e-01, 1.403710828744982320e-01, 3.706883655451156945e-01
2.532525376979231635e-01, 2.350435944264606669e-01, 1.404839385307771471e-01, 3.712199293448389947e-01
2.528584939822677291e-01, 2.347922835681796327e-01, 1.405990735558400873e-01, 3.717501488937126064e-01
2.524638982387497621e-01, 2.345405929299851366e-01, 1.407164959680587135e-01, 3.722790128632063600e-01
2.520687541455978731e-01, 2.342885221632181325e-01, 1.408362137792041058e-01, 3.728065099119798886e-01
2.516730653906525395e-01, 2.340360709290678354e-01, 1.409582349941310431e-01, 3.733326286861486931e-01
2.512768356713407925e-01, 2.337832388986461896e-01, 1.410825676104597026e-01, 3.738573578195533154e-01
2.508800686946508485e-01, 2.335300257530634471e-01, 1.412092196182543891e-01, 3.743806859340314541e-01
2.504827681771059633e-01, 2.332764311835028304e-01, 1.413381989996992660e-01, 3.749026016396918570e-01
2.500849378447403959e-01, 2.330224548912959714e-01, 1.414695137287714788e-01, 3.754230935351921539e-01
2.496865814330725131e-01, 2.327680965879984354e-01, 1.416031717709111126e-01, 3.759421502080179667e-01
2.492877026870805035e-01, 2.325133559954653817e-01, 1.417391810826884313e-01, 3.764597602347656280e-01
2.488883053611770091e-01, 2.322582328459270873e-01, 1.418775496114680346e-01, 3.769759121814278413e-01
2.484883932191834233e-01, 2.320027268820650801e-01, 1.420182852950702956e-01, 3.774905946036811177e-01
2.480879700343050775e-01, 2.317468378570883003e-01, 1.421613960614298566e-01, 3.780037960471765990e-01
2.476870395891062060e-01, 2.314905655348092062e-01, 1.423068898282510153e-01, 3.785155050478336558e-01
2.472856056754842990e-01, 2.312339096897198243e-01, 1.424547745026601975e-01, 3.790257101321357625e-01
2.468836720946453456e-01, 2.309768701070688546e-01, 1.426050579808558760e-01, 3.795343998174299793e-01
2.464812426570787418e-01, 2.307194465829380259e-01, 1.427577481477550481e-01, 3.800415626122282120e-01
2.460783211825321171e-01, 2.304616389243187013e-01, 1.429128528766369921e-01, 3.805471870165123560e-01
2.456749114999863814e-01, 2.302034469491888724e-01, 1.430703800287838612e-01, 3.810512615220407739e-01
2.452710174476306348e-01, 2.299448704865906246e-01, 1.432303374531191387e-01, 3.815537746126597130e-01
2.448666428728370204e-01, 2.296859093767065207e-01, 1.433927329858414590e-01, 3.820547147646150554e-01
2.444617916321359385e-01, 2.294265634709374002e-01, 1.435575744500574569e-01, 3.825540704468692876e-01
2.440564675911909842e-01, 2.291668326319796223e-01, 1.437248696554099814e-01, 3.830518301214195231e-01
2.436506746247738275e-01, 2.289067167339025877e-01, 1.438946263977043116e-01, 3.835479822436193564e-01
2.432444166167392063e-01, 2.286462156622262876e-01, 1.440668524585311250e-01, 3.840425152625034366e-01
2.428376974600002514e-01, 2.283853293139990470e-01, 1.442415556048861625e-01, 3.845354176211145392e-01
2.424305210565029789e-01, 2.281240575978754070e-01, 1.444187435887874515e-01, 3.850266777568341903e-01
2.420228913172015606e-01, 2.278624004341938125e-01, 1.445984241468891429e-01, 3.855162841017154562e-01
2.416148121620335654e-01, 2.276003577550548829e-01, 1.447806050000923772e-01, 3.860042250828193411e-01
2.412062875198941747e-01, 2.273379295043990445e-01, 1.449652938531534874e-01, 3.864904891225533490e-01
2.407973213286117575e-01, 2.270751156380854119e-01, 1.451524983942887037e-01, 3.869750646390141546e-01
2.403879175349226405e-01, 2.268119161239693649e-01, 1.453422262947762500e-01, 3.874579400463316614e-01
2.399780800944458503e-01, 2.265483309419812075e-01, 1.455344852085553309e-01, 3.879391037550174448e-01
2.395678129716581894e-01, 2.262843600842044112e-01, 1.457292827718219830e-01, 3.884185441723154164e-01
2.391571201398687285e-01, 2.260200035549541353e-01, 1.459266266026220393e-01, 3.888962497025551523e-01
2.387460055811939097e-01, 2.257552613708557199e-01, 1.461265243004411796e-01, 3.893722087475092186e-01
2.383344732865322058e-01, 2.254901335609233171e-01, 1.463289834457919547e-01, 3.898464097067527168e-01
2.379225272555386961e-01, 2.252246201666383285e-01, 1.465340115997972315e-01, 3.903188409780257162e-01
2.375101714966000033e-01, 2.249587212420282867e-01, 1.467416163037719157e-01, 3.907894909575997389e-01
2.370974100268085083e-01, 2.246924368537455419e-01, 1.469518050788003738e-01, 3.912583480406455205e-01
2.366842468719373427e-01, 2.244257670811458105e-01, 1.471645854253114949e-01, 3.917254006216053241e-01
2.362706860664143815e-01, 2.241587120163670288e-01, 1.473799648226507553e-01, 3.921906370945678622e-01
2.358567316532970692e-01, 2.238912717644082895e-01, 1.475979507286490078e-01, 3.926540458536456613e-01
2.354423876842464125e-01, 2.236234464432086122e-01, 1.478185505791887733e-01, 3.931156152933561465e-01
2.350276582195017505e-01, 2.233552361837254641e-01, 1.480417717877670070e-01, 3.935753338090057230e-01
2.346125473278544427e-01, 2.230866411300142238e-01, 1.482676217450552003e-01, 3.940331897970762998e-01
2.341970590866220836e-01, 2.228176614393063693e-01, 1.484961078184562910e-01, 3.944891716556151451e-01
2.337811975816229682e-01, 2.225482972820888306e-01, 1.487272373516591861e-01, 3.949432677846290707e-01
2.333649669071493349e-01, 2.222785488421824551e-01, 1.489610176641893713e-01, 3.953954665864788942e-01
2.329483711659415257e-01, 2.220084163168211666e-01, 1.491974560509573278e-01, 3.958457564662799522e-01
2.325314144691620899e-01, 2.217378999167304021e-01, 1.494365597818038127e-01, 3.962941258323035565e-01
2.321141009363688334e-01, 2.214669998662063821e-01, 1.496783361010419755e-01, 3.967405630963829477e-01
2.316964346954883680e-01, 2.211957164031942147e-01, 1.499227922269967539e-01, 3.971850566743207467e-01
2.312784198827900206e-01, 2.209240497793672764e-01, 1.501699353515412727e-01, 3.976275949863014580e-01
2.308600606428586055e-01, 2.206520002602053165e-01, 1.504197726396304391e-01, 3.980681664573056389e-01
2.304413611285676955e-01, 2.203795681250735883e-01, 1.506723112288312905e-01, 3.985067595175273425e-01
2.300223255010529211e-01, 2.201067536673009251e-01, 1.509275582288510109e-01, 3.989433626027951707e-01
2.296029579296844647e-01, 2.198335571942586775e-01, 1.511855207210612007e-01, 3.993779641549957682e-01
2.291832625920398603e-01, 2.195599790274385399e-01, 1.514462057580203413e-01, 3.998105526225011475e-01
2.287632436738770147e-01, 2.192860195025318759e-01, 1.517096203629924867e-01, 4.002411164605987337e-01
2.283429053691059252e-01, 2.190116789695070176e-01, 1.519757715294633993e-01, 4.006696441319237412e-01
2.279222518797615615e-01, 2.187369577926878694e-01, 1.522446662206541346e-01, 4.010961241068965455e-01
2.275012874159759169e-01, 2.184618563508321232e-01, 1.525163113690312378e-01, 4.015205448641607777e-01
2.270800161959495023e-01, 2.181863750372089183e-01, 1.527907138758145822e-01, 4.019428948910269139e-01
2.266584424459237579e-01, 2.179105142596771960e-01, 1.530678806104822098e-01, 4.023631626839169195e-01
2.262365704001520206e-01, 2.176342744407627205e-01, 1.533478184102722019e-01, 4.027813367488130569e-01
2.258144043008714907e-01, 2.173576560177364059e-01, 1.536305340796821906e-01, 4.031974056017097463e-01
2.253919483982742000e-01, 2.170806594426915592e-01, 1.539160343899658445e-01, 4.036113577690684795e-01
2.249692069504778680e-01, 2.168032851826210694e-01, 1.542043260786262471e-01, 4.040231817882748988e-01
2.245461842234969807e-01, 2.165255337194948726e-01, 1.544954158489074969e-01, 4.044328662081006498e-01
2.241228844912132590e-01, 2.162474055503369741e-01, 1.547893103692825623e-01, 4.048403995891671769e-01
2.236993120353464037e-01, 2.159689011873021369e-01, 1.550860162729390812e-01, 4.052457705044124059e-01
2.232754711454234264e-01, 2.156900211577528481e-01, 1.553855401572622197e-01, 4.056489675395614225e-01
2.228513661187496719e-01, 2.154107660043358130e-01, 1.556878885833149206e-01, 4.060499792935995389e-01
2.224270012603777602e-01, 2.151311362850581999e-01, 1.559930680753154886e-01, 4.064487943792486346e-01
2.220023808830772771e-01, 2.148511325733638844e-01, 1.563010851201125928e-01, 4.068454014234462734e-01
2.215775093073041602e-01, 2.145707554582094445e-01, 1.566119461666576895e-01, 4.072397890678288168e-01
2.211523908611695288e-01, 2.142900055441397944e-01, 1.569256576254746682e-01, 4.076319459692160363e-01
2.207270298804084319e-01, 2.140088834513640959e-01, 1.572422258681271667e-01, 4.080218608001003333e-01
2.203014307083483447e-01, 2.137273898158304763e-01, 1.575616572266833049e-01, 4.084095222491378463e-01
2.198755976958773894e-01, 2.134455252893016630e-01, 1.578839579931775872e-01, 4.087949190216434991e-01
2.194495352014120271e-01, 2.131632905394292565e-01, 1.582091344190708349e-01, 4.091780398400878815e-01
2.190232475908650278e-01, 2.128806862498290597e-01, 1.585371927147073978e-01, 4.095588734445985146e-01
2.185967392376126917e-01, 2.125977131201545189e-01, 1.588681390487694245e-01, 4.099374085934633372e-01
2.181700145224616805e-01, 2.123143718661716084e-01, 1.592019795477297439e-01, 4.103136340636368007e-01
2.177430778336161554e-01, 2.120306632198320496e-01, 1.595387202953014727e-01, 4.106875386512502946e-01
2.173159335666439984e-01, 2.117465879293467801e-01, 1.598783673318855958e-01, 4.110591111721236812e-01
2.168885861244426727e-01, 2.114621467592596726e-01, 1.602209266540160770e-01, 4.114283404622816054e-01
2.164610399172056665e-01, 2.111773404905197271e-01, 1.605664042138027769e-01, 4.117952153784716907e-01
2.160332993623876041e-01, 2.108921699205542899e-01, 1.609148059183723722e-01, 4.121597247986857337e-01
2.156053688846690797e-01, 2.106066358633406910e-01, 1.612661376293060000e-01, 4.125218576226842293e-01
2.151772529159221847e-01, 2.103207391494787415e-01, 1.616204051620759030e-01, 4.128816027725233373e-01
2.147489558951742317e-01, 2.100344806262615660e-01, 1.619776142854789935e-01, 4.132389491930851810e-01
2.143204822685725042e-01, 2.097478611577477947e-01, 1.623377707210687526e-01, 4.135938858526109763e-01
2.138918364893475088e-01, 2.094608816248314243e-01, 1.627008801425847972e-01, 4.139464017432363807e-01
2.134630230177765597e-01, 2.091735429253130385e-01, 1.630669481753800332e-01, 4.142964858815303408e-01
2.130340463211468083e-01, 2.088858459739695583e-01, 1.634359803958465585e-01, 4.146441273090372692e-01
2.126049108737177173e-01, 2.085977917026238526e-01, 1.638079823308384586e-01, 4.149893150928199992e-01
2.121756211566835360e-01, 2.083093810602144325e-01, 1.641829594570935746e-01, 4.153320383260085680e-01
2.117461816581348022e-01, 2.080206150128640352e-01, 1.645609172006525234e-01, 4.156722861283486115e-01
2.113165968730202626e-01, 2.077314945439482086e-01, 1.649418609362764965e-01, 4.160100476467551989e-01
2.108868713031071818e-01, 2.074420206541632006e-01, 1.653257959868621452e-01, 4.163453120558674447e-01
2.104570094569427341e-01, 2.071521943615940164e-01, 1.657127276228562152e-01, 4.166780685586070621e-01
2.100270158498137030e-01, 2.068620167017809208e-01, 1.661026610616662680e-01, 4.170083063867390805e-01
2.095968950037065126e-01, 2.065714887277867451e-01, 1.664956014670714579e-01, 4.173360148014352289e-01
2.091666514472662053e-01, 2.062806115102626958e-01, 1.668915539486305610e-01, 4.176611830938404823e-01
2.087362897157558350e-01, 2.059893861375143298e-01, 1.672905235610885610e-01, 4.179838005856413297e-01
2.083058143510143900e-01, 2.056978137155664743e-01, 1.676925153037814864e-01, 4.183038566296376493e-01
2.078752299014152150e-01, 2.054058953682285638e-01, 1.680975341200397766e-01, 4.186213406103164725e-01
2.074445409218232117e-01, 2.051136322371581999e-01, 1.685055848965898717e-01, 4.189362419444287444e-01
2.070137519735520126e-01, 2.048210254819252674e-01, 1.689166724629543592e-01, 4.192485500815684163e-01
2.065828676243206263e-01, 2.045280762800750218e-01, 1.693308015908506492e-01, 4.195582545047537026e-01
2.061518924482095005e-01, 2.042347858271906791e-01, 1.697479769935879568e-01, 4.198653447310117803e-01
2.057208310256159745e-01, 2.039411553369554209e-01, 1.701682033254633963e-01, 4.201698103119652639e-01
2.052896879432095367e-01, 2.036471860412140122e-01, 1.705914851811558830e-01, 4.204716408344205680e-01
2.048584677938864174e-01, 2.033528791900336696e-01, 1.710178270951195345e-01, 4.207708259209604340e-01
2.044271751767236522e-01, 2.030582360517643459e-01, 1.714472335409752413e-01, 4.210673552305367329e-01
2.039958146969327035e-01, 2.027632579130985435e-01, 1.718797089309014037e-01, 4.213612184590673770e-01
2.035643909658123862e-01, 2.024679460791302954e-01, 1.723152576150229209e-01, 4.216524053400344529e-01
2.031329086007014617e-01, 2.021723018734137012e-01, 1.727538838807998467e-01, 4.219409056450849627e-01
2.027013722249308425e-01, 2.018763266380210197e-01, 1.731955919524141019e-01, 4.222267091846340081e-01
2.022697864677745760e-01, 2.015800217335995126e-01, 1.736403859901558266e-01, 4.225098058084700847e-01
2.018381559644011058e-01, 2.012833885394281486e-01, 1.740882700898084834e-01, 4.227901854063623177e-01
2.014064853558234502e-01, 2.009864284534735313e-01, 1.745392482820327107e-01, 4.230678379086703078e-01
2.009747792888492146e-01, 2.006891428924451048e-01, 1.749933245317499553e-01, 4.233427532869557530e-01
2.005430424160292435e-01, 2.003915332918495273e-01, 1.754505027375248827e-01, 4.236149215545963465e-01
2.001112793956068558e-01, 2.000936011060445996e-01, 1.759107867309467887e-01, 4.238843327674018391e-01
1.996794948914654699e-01, 1.997953478082923895e-01, 1.763741802760107613e-01, 4.241509770242313793e-01
1.992476935730763954e-01, 1.994967748908114402e-01, 1.768406870684980370e-01, 4.244148444676140719e-01
1.988158801154452648e-01, 1.991978838648284511e-01, 1.773103107353555252e-01, 4.246759252843707588e-01
1.983840591990586599e-01, 1.988986762606294312e-01, 1.777830548340748051e-01, 4.249342097062370760e-01
1.979522355098296826e-01, 1.985991536276092151e-01, 1.782589228520711500e-01, 4.251896880104900078e-01
1.975204137390426384e-01, 1.982993175343214232e-01, 1.787379182060611638e-01, 4.254423505205747191e-01
1.970885985832981635e-01, 1.979991695685265340e-01, 1.792200442414412787e-01, 4.256921876067340516e-01
1.966567947444560760e-01, 1.976987113372401239e-01, 1.797053042316643645e-01, 4.259391896866394633e-01
1.962250069295793653e-01, 1.973979444667792738e-01, 1.801937013776177265e-01, 4.261833472260236344e-01
1.957932398508761274e-01, 1.970968706028090878e-01, 1.806852388069995763e-01, 4.264246507393151253e-01
1.953614982256417221e-01, 1.967954914103878794e-01, 1.811799195736962520e-01, 4.266630907902740910e-01
1.949297867761999314e-01, 1.964938085740114970e-01, 1.816777466571586619e-01, 4.268986579926299374e-01
1.944981102298433406e-01, 1.961918237976571500e-01, 1.821787229617793102e-01, 4.271313430107201992e-01
1.940664733187735247e-01, 1.958895388048259578e-01, 1.826828513162689627e-01, 4.273611365601315271e-01
1.936348807800398197e-01, 1.955869553385847504e-01, 1.831901344730337833e-01, 4.275880294083416744e-01
1.932033373554784550e-01, 1.952840751616071735e-01, 1.837005751075521109e-01, 4.278120123753622606e-01
1.927718477916497697e-01, 1.949809000562136296e-01, 1.842141758177518462e-01, 4.280330763343846434e-01
1.923404168397760683e-01, 1.946774318244105517e-01, 1.847309391233884768e-01, 4.282512122124249587e-01
1.919090492556773109e-01, 1.943736722879282341e-01, 1.852508674654225751e-01, 4.284664109909718244e-01
1.914777497997076361e-01, 1.940696232882585803e-01, 1.857739632053984069e-01, 4.286786637066353767e-01
1.910465232366899690e-01, 1.937652866866910462e-01, 1.863002286248231221e-01, 4.288879614517958627e-01
1.906153743358504626e-01, 1.934606643643481949e-01, 1.868296659245459734e-01, 4.290942953752553968e-01
1.901843078707524670e-01, 1.931557582222197256e-01, 1.873622772241385626e-01, 4.292976566828892171e-01
1.897533286192289725e-01, 1.928505701811963347e-01, 1.878980645612758626e-01, 4.294980366382987746e-01
1.893224413633151360e-01, 1.925451021821018294e-01, 1.884370298911177133e-01, 4.296954265634653214e-01
1.888916508891798629e-01, 1.922393561857243527e-01, 1.889791750856913422e-01, 4.298898178394044978e-01
1.884609619870560582e-01, 1.919333341728468867e-01, 1.895245019332749969e-01, 4.300812019068220304e-01
1.880303794511712645e-01, 1.916270381442765625e-01, 1.900730121377822157e-01, 4.302695702667699296e-01
1.875999080796764418e-01, 1.913204701208729430e-01, 1.906247073181473739e-01, 4.304549144813033523e-01
1.871695526745747185e-01, 1.910136321435749185e-01, 1.911795890077122584e-01, 4.306372261741381324e-01
1.867393180416489773e-01, 1.907065262734272404e-01, 1.917376586536143068e-01, 4.308164970313094200e-01
1.863092089903891913e-01, 1.903991545916053074e-01, 1.922989176161751801e-01, 4.309927188018302657e-01
1.858792303339183716e-01, 1.900915191994390629e-01, 1.928633671682918882e-01, 4.311658832983507050e-01
1.854493868889179886e-01, 1.897836222184359489e-01, 1.934310084948283881e-01, 4.313359823978177299e-01
1.850196834755528374e-01, 1.894754657903024719e-01, 1.940018426920093464e-01, 4.315030080421353720e-01
1.845901249173951542e-01, 1.891670520769649644e-01, 1.945758707668148180e-01, 4.316669522388250635e-01
1.841607160413472888e-01, 1.888583832605888746e-01, 1.951530936363776447e-01, 4.318278070616861641e-01
1.837314616775645448e-01, 1.885494615435970300e-01, 1.957335121273814371e-01, 4.319855646514570435e-01
1.833023666593762979e-01, 1.882402891486868179e-01, 1.963171269754609982e-01, 4.321402172164757749e-01
1.828734358232073642e-01, 1.879308683188460893e-01, 1.969039388246050515e-01, 4.322917570333415505e-01
1.824446740084974539e-01, 1.876212013173677307e-01, 1.974939482265598012e-01, 4.324401764475749865e-01
1.820160860576206519e-01, 1.873112904278635138e-01, 1.980871556402358236e-01, 4.325854678742800385e-01
1.815876768158038723e-01, 1.870011379542762253e-01, 1.986835614311162068e-01, 4.327276237988036955e-01
1.811594511310442301e-01, 1.866907462208907686e-01, 1.992831658706673281e-01, 4.328666367773977841e-01
1.807314138540260517e-01, 1.863801175723438230e-01, 1.998859691357518786e-01, 4.330024994378781633e-01
1.803035698380368590e-01, 1.860692543736330862e-01, 2.004919713080443866e-01, 4.331352044802857515e-01
1.798759239388822151e-01, 1.857581590101237412e-01, 2.011011723734487666e-01, 4.332647446775451661e-01
1.794484810148006537e-01, 1.854468338875554512e-01, 2.017135722215190885e-01, 4.333911128761246956e-01
1.790212459263767208e-01, 1.851352814320464113e-01, 2.023291706448825111e-01, 4.335143019966944400e-01
1.785942235364538777e-01, 1.848235040900970960e-01, 2.029479673386649363e-01, 4.336343050347840622e-01
1.781674187100464879e-01, 1.845115043285928957e-01, 2.035699618999199101e-01, 4.337511150614407618e-01
1.777408363142508885e-01, 1.841992846348042834e-01, 2.041951538270599387e-01, 4.338647252238849172e-01
1.773144812181554342e-01, 1.838868475163868699e-01, 2.048235425192909132e-01, 4.339751287461667828e-01
1.768883582927502085e-01, 1.835741955013794890e-01, 2.054551272760498093e-01, 4.340823189298205764e-01
1.764624724108354026e-01, 1.832613311382011445e-01, 2.060899072964452183e-01, 4.341862891545181236e-01
1.760368284469293054e-01, 1.829482569956464577e-01, 2.067278816787014584e-01, 4.342870328787227230e-01
1.756114312771750730e-01, 1.826349756628797838e-01, 2.073690494196055167e-01, 4.343845436403396820e-01
1.751862857792468031e-01, 1.823214897494282172e-01, 2.080134094139580170e-01, 4.344788150573670182e-01
1.747613968322549727e-01, 1.820078018851727097e-01, 2.086609604540271279e-01, 4.345698408285452730e-01
1.743367693166508192e-01, 1.816939147203383287e-01, 2.093117012290063028e-01, 4.346576147340045493e-01
1.739124081141299183e-01, 1.813798309254825436e-01, 2.099656303244759048e-01, 4.347421306359116056e-01
1.734883181075348724e-01, 1.810655531914828476e-01, 2.106227462218679680e-01, 4.348233824791143398e-01
1.730645041807575280e-01, 1.807510842295219911e-01, 2.112830472979354279e-01, 4.349013642917850531e-01
1.726409712186396661e-01, 1.804364267710725778e-01, 2.119465318242251817e-01, 4.349760701860625467e-01
1.722177241068736098e-01, 1.801215835678800503e-01, 2.126131979665544791e-01, 4.350474943586917775e-01
1.717947677319015265e-01, 1.798065573919437055e-01, 2.132830437844925320e-01, 4.351156310916621806e-01
1.713721069808139263e-01, 1.794913510354969877e-01, 2.139560672308454536e-01, 4.351804747528435491e-01
1.709497467412475769e-01, 1.791759673109858675e-01, 2.146322661511458896e-01, 4.352420197966206938e-01
1.705276919012823078e-01, 1.788604090510455547e-01, 2.153116382831467557e-01, 4.353002607645254374e-01
1.701059473493371499e-01, 1.785446791084764062e-01, 2.159941812563197783e-01, 4.353551922858666656e-01
1.696845179740656129e-01, 1.782287803562177808e-01, 2.166798925913583640e-01, 4.354068090783582146e-01
1.692634086642500202e-01, 1.779127156873202276e-01, 2.173687696996851881e-01, 4.354551059487445364e-01
1.688426243086951772e-01, 1.775964880149169256e-01, 2.180608098829643626e-01, 4.355000777934235900e-01
1.684221697961210684e-01, 1.772801002721924868e-01, 2.187560103326184058e-01, 4.355417195990680113e-01
1.680020500150549712e-01, 1.769635554123517307e-01, 2.194543681293507631e-01, 4.355800264432426738e-01
1.675822698537221822e-01, 1.766468564085850734e-01, 2.201558802426722972e-01, 4.356149934950204194e-01
1.671628341999368272e-01, 1.763300062540340274e-01, 2.208605435304337727e-01, 4.356466160155953449e-01
1.667437479409908108e-01, 1.760130079617542032e-01, 2.215683547383630603e-01, 4.356748893588919813e-01
1.663250159635428216e-01, 1.756958645646769235e-01, 2.222793104996071412e-01, 4.356998089721730305e-01
1.659066431535060893e-01, 1.753785791155693385e-01, 2.229934073342811351e-01, 4.357213703966433815e-01
1.654886343959352524e-01, 1.750611546869931534e-01, 2.237106416490206584e-01, 4.357395692680509081e-01
1.650709945749126994e-01, 1.747435943712612461e-01, 2.244310097365413981e-01, 4.357544013172846009e-01
1.646537285734340217e-01, 1.744259012803932862e-01, 2.251545077752030444e-01, 4.357658623709697587e-01
1.642368412732923832e-01, 1.741080785460691893e-01, 2.258811318285800507e-01, 4.357739483520582935e-01
1.638203375549626140e-01, 1.737901293195816821e-01, 2.266108778450376671e-01, 4.357786552804180369e-01
1.634042222974839698e-01, 1.734720567717862316e-01, 2.273437416573134418e-01, 4.357799792734163846e-01
1.629885003783425601e-01, 1.731538640930503636e-01, 2.280797189821057169e-01, 4.357779165465013871e-01
1.625731766733524986e-01, 1.728355544932008159e-01, 2.288188054196674259e-01, 4.357724634137792874e-01
1.621582560565367759e-01, 1.725171312014691649e-01, 2.295609964534060243e-01, 4.357636162885880071e-01
1.617437434000070784e-01, 1.721985974664358432e-01, 2.303062874494905821e-01, 4.357513716840665241e-01
1.613296435738428014e-01, 1.718799565559724074e-01, 2.310546736564637882e-01, 4.357357262137210308e-01
1.609159614459693965e-01, 1.715612117571821971e-01, 2.318061502048616718e-01, 4.357166765919867069e-01
1.605027018820359419e-01, 1.712423663763397719e-01, 2.325607121068392069e-01, 4.356942196347851626e-01
1.600898697452918795e-01, 1.709234237388276012e-01, 2.333183542558025791e-01, 4.356683522600779956e-01
1.596774698964631423e-01, 1.706043871890726427e-01, 2.340790714260484184e-01, 4.356390714884156856e-01
1.592655071936275035e-01, 1.702852600904795899e-01, 2.348428582724091940e-01, 4.356063744434837681e-01
1.588539864920889555e-01, 1.699660458253638151e-01, 2.356097093299062140e-01, 4.355702583526410709e-01
1.584429126442514491e-01, 1.696467477948817582e-01, 2.363796190134092590e-01, 4.355307205474574506e-01
1.580322904994926336e-01, 1.693273694189603440e-01, 2.371525816173030154e-01, 4.354877584642440902e-01
1.576221249040352934e-01, 1.690079141362237358e-01, 2.379285913151609200e-01, 4.354413696445800230e-01
1.572124207008196162e-01, 1.686883854039196440e-01, 2.387076421594264419e-01, 4.353915517358343257e-01
1.568031827293740466e-01, 1.683687866978428316e-01, 2.394897280811008611e-01, 4.353383024916821498e-01
1.563944158256854733e-01, 1.680491215122576487e-01, 2.402748428894392330e-01, 4.352816197726175895e-01
1.559861248220687224e-01, 1.677293933598185127e-01, 2.410629802716537096e-01, 4.352215015464590553e-01
1.555783145470354956e-01, 1.674096057714888341e-01, 2.418541337926234935e-01, 4.351579458888520935e-01
1.551709898251626973e-01, 1.670897622964582496e-01, 2.426482968946139795e-01, 4.350909509837650457e-01
1.547641554769597083e-01, 1.667698665020580506e-01, 2.434454628970021683e-01, 4.350205151239800450e-01
1.543578163187354635e-01, 1.664499219736750302e-01, 2.442456249960106573e-01, 4.349466367115787935e-01
1.539519771624644762e-01, 1.661299323146635254e-01, 2.450487762644492085e-01, 4.348693142584227900e-01
1.535466428156526397e-01, 1.658099011462559058e-01, 2.458549096514644761e-01, 4.347885463866270062e-01
1.531418180812018359e-01, 1.654898321074710632e-01, 2.466640179822976175e-01, 4.347043318290294556e-01
1.527375077572747653e-01, 1.651697288550216525e-01, 2.474760939580498975e-01, 4.346166694296537125e-01
1.523337166371580009e-01, 1.648495950632191120e-01, 2.482911301554568406e-01, 4.345255581441660464e-01
1.519304495091256257e-01, 1.645294344238774076e-01, 2.491091190266702116e-01, 4.344309970403268384e-01
1.515277111563013701e-01, 1.642092506462148882e-01, 2.499300528990486270e-01, 4.343329852984351147e-01
1.511255063565207502e-01, 1.638890474567541999e-01, 2.507539239749567161e-01, 4.342315222117683615e-01
1.507238398821922620e-01, 1.635688285992210889e-01, 2.515807243315723585e-01, 4.341266071870142351e-01
1.503227165001582433e-01, 1.632485978344410948e-01, 2.524104459207026641e-01, 4.340182397446979978e-01
1.499221409715549569e-01, 1.629283589402340526e-01, 2.532430805686087250e-01, 4.339064195196022378e-01
1.495221180516723702e-01, 1.626081157113084263e-01, 2.540786199758391373e-01, 4.337911462611799829e-01
1.491226524898132955e-01, 1.622878719591520635e-01, 2.549170557170720164e-01, 4.336724198339627079e-01
1.487237490291519471e-01, 1.619676315119225607e-01, 2.557583792409658940e-01, 4.335502402179595149e-01
1.483254124065920831e-01, 1.616473982143356580e-01, 2.566025818700199967e-01, 4.334246075090522066e-01
1.479276473526246471e-01, 1.613271759275514694e-01, 2.574496548004430174e-01, 4.332955219193809215e-01
1.475304585911846877e-01, 1.610069685290594355e-01, 2.582995891020309909e-01, 4.331629837777248859e-01
1.471338508395083622e-01, 1.606867799125618890e-01, 2.591523757180547727e-01, 4.330269935298749484e-01
1.467378288079888016e-01, 1.603666139878551777e-01, 2.600080054651562889e-01, 4.328875517389996763e-01
1.463423972000320039e-01, 1.600464746807094274e-01, 2.608664690332540559e-01, 4.327446590860044573e-01
1.459475607119121721e-01, 1.597263659327472218e-01, 2.617277569854581376e-01, 4.325983163698823852e-01
1.455533240326263855e-01, 1.594062917013197578e-01, 2.625918597579947056e-01, 4.324485245080592066e-01
1.451596918437493278e-01, 1.590862559593814729e-01, 2.634587676601394812e-01, 4.322952845367297181e-01
1.447666688192871809e-01, 1.587662626953637579e-01, 2.643284708741616695e-01, 4.321385976111875027e-01
1.443742596255313537e-01, 1.584463159130461707e-01, 2.652009594552761085e-01, 4.319784650061463394e-01
1.439824689209118214e-01, 1.581264196314262904e-01, 2.660762233316067427e-01, 4.318148881160551733e-01
1.435913013558501039e-01, 1.578065778845880451e-01, 2.669542523041578130e-01, 4.316478684554039824e-01
1.432007615726118843e-01, 1.574867947215683461e-01, 2.678350360467965374e-01, 4.314774076590232044e-01
1.428108542051591268e-01, 1.571670742062220016e-01, 2.687185641062451169e-01, 4.313035074823737269e-01
1.424215838790023891e-01, 1.568474204170851316e-01, 2.696048259020816240e-01, 4.311261698018308275e-01
1.420329552110522753e-01, 1.565278374472367784e-01, 2.704938107267525482e-01, 4.309453966149583981e-01
1.416449728094707206e-01, 1.562083294041592962e-01, 2.713855077455934461e-01, 4.307611900407766203e-01
1.412576412735224995e-01, 1.558889004095966035e-01, 2.722799059968610824e-01, 4.305735523200199255e-01
1.408709651934257900e-01, 1.555695545994112416e-01, 2.731769943917751742e-01, 4.303824858153879052e-01
1.404849491502028203e-01, 1.552502961234398793e-01, 2.740767617145696278e-01, 4.301879930117876172e-01
1.400995977155305161e-01, 1.549311291453469297e-01, 2.749791966225552109e-01, 4.299900765165673988e-01
1.397149154515905378e-01, 1.546120578424767245e-01, 2.758842876461907734e-01, 4.297887390597417978e-01
1.393309069109192611e-01, 1.542930864057044382e-01, 2.767920231891667915e-01, 4.295839834942095092e-01
1.389475766362577580e-01, 1.539742190392849597e-01, 2.777023915284969613e-01, 4.293758127959603210e-01
1.385649291604014177e-01, 1.536554599607005689e-01, 2.786153808146220601e-01, 4.291642300642759533e-01
1.381829690060493998e-01, 1.533368134005069772e-01, 2.795309790715228004e-01, 4.289492385219208503e-01
1.378017006856543103e-01, 1.530182836021780346e-01, 2.804491741968443419e-01, 4.287308415153232577e-01
1.374211287012712945e-01, 1.526998748219484947e-01, 2.813699539620297951e-01, 4.285090425147503601e-01
1.370412575444072412e-01, 1.523815913286557799e-01, 2.822933060124656057e-01, 4.282838451144714287e-01
1.366620916958700971e-01, 1.520634374035798875e-01, 2.832192178676367078e-01, 4.280552530329133631e-01
1.362836356256179604e-01, 1.517454173402821849e-01, 2.841476769212920583e-01, 4.278232701128077964e-01
1.359058937926077848e-01, 1.514275354444423183e-01, 2.850786704416218287e-01, 4.275879003213280405e-01
1.355288706446450275e-01, 1.511097960336941770e-01, 2.860121855714438666e-01, 4.273491477502170399e-01
1.351525706182320208e-01, 1.507922034374597764e-01, 2.869482093284016488e-01, 4.271070166159066650e-01
1.347769981384173976e-01, 1.504747619967824468e-01, 2.878867286051725038e-01, 4.268615112596276240e-01
1.344021576186452127e-01, 1.501574760641582185e-01, 2.888277301696872690e-01, 4.266126361475093276e-01
1.340280534606037299e-01, 1.498403500033656521e-01, 2.897712006653594408e-01, 4.263603958706712604e-01
1.336546900540749316e-01, 1.495233881892946426e-01, 2.907171266113260377e-01, 4.261047951453043603e-01
1.332820717767835561e-01, 1.492065950077736958e-01, 2.916654944026990659e-01, 4.258458388127436822e-01
1.329102029942467178e-01, 1.488899748553959290e-01, 2.926162903108275315e-01, 4.255835318395297384e-01
1.325390880596231669e-01, 1.485735321393436836e-01, 2.935695004835703337e-01, 4.253178793174627881e-01
1.321687313135631592e-01, 1.482572712772116108e-01, 2.945251109455797600e-01, 4.250488864636454700e-01
1.317991370840579657e-01, 1.479411966968288417e-01, 2.954831075985967503e-01, 4.247765586205164423e-01
1.314303096862901588e-01, 1.476253128360797973e-01, 2.964434762217555974e-01, 4.245009012558744743e-01
1.310622534224836766e-01, 1.473096241427232778e-01, 2.974062024719004160e-01, 4.242219199628927129e-01
1.306949725817541652e-01, 1.469941350742108854e-01, 2.983712718839124922e-01, 4.239396204601225127e-01
1.303284714399596811e-01, 1.466788500975038378e-01, 2.993386698710481242e-01, 4.236540085914883291e-01
1.299627542595515883e-01, 1.463637736888888097e-01, 3.003083817252871768e-01, 4.233650903262725085e-01
1.295978252894256222e-01, 1.460489103337921646e-01, 3.012803926176934044e-01, 4.230728717590888088e-01
1.292336887647735633e-01, 1.457342645265935210e-01, 3.022546875987846549e-01, 4.227773591098482608e-01
1.288703489069348285e-01, 1.454198407704376805e-01, 3.032312515989143975e-01, 4.224785587237129825e-01
1.285078099232486448e-01, 1.451056435770457509e-01, 3.042100694286641871e-01, 4.221764770710413894e-01
1.281460760069065008e-01, 1.447916774665250483e-01, 3.051911257792467858e-01, 4.218711207473216374e-01
1.277851513368051806e-01, 1.444779469671775007e-01, 3.061744052229203872e-01, 4.215624964730970148e-01
1.274250400773995762e-01, 1.441644566153075513e-01, 3.071598922134134435e-01, 4.212506110938793458e-01
1.270657463785568320e-01, 1.438512109550288132e-01, 3.081475710863607054e-01, 4.209354715800536217e-01
1.267072743754100728e-01, 1.435382145380691143e-01, 3.091374260597494206e-01, 4.206170850267713091e-01
1.263496281882131034e-01, 1.432254719235755702e-01, 3.101294412343773566e-01, 4.202954586538341086e-01
1.259928119221953580e-01, 1.429129876779172970e-01, 3.111236005943204819e-01, 4.199705998055668354e-01
1.256368296674176821e-01, 1.426007663744884857e-01, 3.121198880074126381e-01, 4.196425159506811942e-01
1.252816854986276707e-01, 1.422888125935095616e-01, 3.131182872257350369e-01, 4.193112146821277308e-01
1.249273834751171708e-01, 1.419771309218275934e-01, 3.141187818861166936e-01, 4.189767037169385144e-01
1.245739276405786605e-01, 1.416657259527159540e-01, 3.151213555106462949e-01, 4.186389908960591044e-01
1.242213220229631682e-01, 1.413546022856731477e-01, 3.161259915071937265e-01, 4.182980841841698605e-01
1.238695706343388436e-01, 1.410437645262201667e-01, 3.171326731699432577e-01, 4.179539916694977597e-01
1.235186774707493634e-01, 1.407332172856976538e-01, 3.181413836799361627e-01, 4.176067215636167784e-01
1.231686465120739177e-01, 1.404229651810619539e-01, 3.191521061056258879e-01, 4.172562822012381711e-01
1.228194817218871693e-01, 1.401130128346799175e-01, 3.201648234034416562e-01, 4.169026820399911459e-01
1.224711870473201430e-01, 1.398033648741237311e-01, 3.211795184183641738e-01, 4.165459296601919936e-01
1.221237664189220307e-01, 1.394940259319643883e-01, 3.221961738845108281e-01, 4.161860337646028363e-01
1.217772237505223287e-01, 1.391850006455643274e-01, 3.232147724257325438e-01, 4.158230031781808278e-01
1.214315629390936846e-01, 1.388762936568697370e-01, 3.242352965562199651e-01, 4.154568468478165855e-01
1.210867878646161577e-01, 1.385679096122020004e-01, 3.252577286811205726e-01, 4.150875738420612970e-01
1.207429023899415227e-01, 1.382598531620480298e-01, 3.262820510971660704e-01, 4.147151933508443356e-01
1.203999103606585575e-01, 1.379521289608507395e-01, 3.273082459933102650e-01, 4.143397146851804380e-01
1.200578156049595530e-01, 1.376447416667982149e-01, 3.283362954513770471e-01, 4.139611472768650602e-01
1.197166219335072945e-01, 1.373376959416123255e-01, 3.293661814467185311e-01, 4.135795006781619598e-01
1.193763331393025845e-01, 1.370309964503370892e-01, 3.303978858488834658e-01, 4.131947845614769577e-01
1.190369529975536383e-01, 1.367246478611263416e-01, 3.314313904222958018e-01, 4.128070087190242043e-01
1.186984852655454531e-01, 1.364186548450305181e-01, 3.324666768269435857e-01, 4.124161830624804015e-01
1.183609336825104247e-01, 1.361130220757833520e-01, 3.335037266190772898e-01, 4.120223176226289752e-01
1.180243019695001172e-01, 1.358077542295879070e-01, 3.345425212519181901e-01, 4.116254225489936469e-01
1.176885938292576012e-01, 1.355028559849021652e-01, 3.355830420763776800e-01, 4.112255081094626230e-01
1.173538129460909990e-01, 1.351983320222238105e-01, 3.366252703417845771e-01, 4.108225846899006828e-01
1.170199629857482104e-01, 1.348941870238755392e-01, 3.376691871966239211e-01, 4.104166627937523293e-01
1.166870475952922481e-01, 1.345904256737886773e-01, 3.387147736892849315e-01, 4.100077530416341154e-01
1.163550704029779337e-01, 1.342870526572876866e-01, 3.397620107688175684e-01, 4.095958661709168114e-01
1.160240350181295926e-01, 1.339840726608732824e-01, 3.408108792857005853e-01, 4.091810130352965258e-01
1.156939450310196932e-01, 1.336814903720060788e-01, 3.418613599926175750e-01, 4.087632046043566114e-01
1.153648040127487062e-01, 1.333793104788893180e-01, 3.429134335452428406e-01, 4.083424519631190797e-01
1.150366155151263253e-01, 1.330775376702516832e-01, 3.439670805030371481e-01, 4.079187663115848017e-01
1.147093830705532141e-01, 1.327761766351298056e-01, 3.450222813300519165e-01, 4.074921589642650499e-01
1.143831101919045440e-01, 1.324752320626504942e-01, 3.460790163957432330e-01, 4.070626413497017149e-01
1.140578003724144890e-01, 1.321747086418126604e-01, 3.471372659757950840e-01, 4.066302250099776971e-01
1.137334570855615679e-01, 1.318746110612696865e-01, 3.481970102529508004e-01, 4.061949216002179730e-01
1.134100837849559007e-01, 1.315749440091105449e-01, 3.492582293178542185e-01, 4.057567428880792804e-01
1.130876839042271598e-01, 1.312757121726423337e-01, 3.503209031698999998e-01, 4.053157007532304790e-01
1.127662608569140051e-01, 1.309769202381711461e-01, 3.513850117180913890e-01, 4.048718071868234736e-01
1.124458180363545889e-01, 1.306785728907841060e-01, 3.524505347819081869e-01, 4.044250742909531460e-01
1.121263588155787944e-01, 1.303806748141305705e-01, 3.535174520921826047e-01, 4.039755142781080721e-01
1.118078865472012101e-01, 1.300832306902041102e-01, 3.545857432919833907e-01, 4.035231394706112473e-01
1.114904045633159646e-01, 1.297862451991237398e-01, 3.556553879375091709e-01, 4.030679623000511524e-01
1.111739161753924898e-01, 1.294897230189157034e-01, 3.567263654989893951e-01, 4.026099953067023840e-01
1.108584246741729784e-01, 1.291936688252953158e-01, 3.577986553615939425e-01, 4.021492511389377356e-01
1.105439333295710203e-01, 1.288980872914487208e-01, 3.588722368263506102e-01, 4.016857425526295655e-01
1.102304453905717380e-01, 1.286029830878148705e-01, 3.599470891110708726e-01, 4.012194824105424495e-01
1.099179640851332129e-01, 1.283083608818677557e-01, 3.610231913512835233e-01, 4.007504836817155636e-01
1.096064926200896184e-01, 1.280142253378988848e-01, 3.621005226011757006e-01, 4.002787594408359073e-01
1.092960341810555597e-01, 1.277205811167997085e-01, 3.631790618345426269e-01, 3.998043228676020910e-01
1.089865919323318860e-01, 1.274274328758447372e-01, 3.642587879457440669e-01, 3.993271872460792404e-01
1.086781690168132780e-01, 1.271347852684744928e-01, 3.653396797506689442e-01, 3.988473659640432434e-01
1.083707685558969042e-01, 1.268426429440790426e-01, 3.664217159877062313e-01, 3.983648725123178358e-01
1.080643936493929785e-01, 1.265510105477818392e-01, 3.675048753187249995e-01, 3.978797204841001411e-01
1.077590473754366646e-01, 1.262598927202239485e-01, 3.685891363300602963e-01, 3.973919235742789935e-01
1.074547327904016303e-01, 1.259692940973484998e-01, 3.696744775335059074e-01, 3.969014955787438792e-01
1.071514529288149498e-01, 1.256792193101859412e-01, 3.707608773673154445e-01, 3.964084503936835535e-01
1.068492108032740862e-01, 1.253896729846391556e-01, 3.718483141972088735e-01, 3.959128020148779403e-01
1.065480094043647630e-01, 1.251006597412696875e-01, 3.729367663173863701e-01, 3.954145645369792073e-01
1.062478517005810558e-01, 1.248121841950842054e-01, 3.740262119515489481e-01, 3.949137521527856798e-01
1.059487406382470243e-01, 1.245242509553212834e-01, 3.751166292539257485e-01, 3.944103791525059854e-01
1.056506791414395380e-01, 1.242368646252391545e-01, 3.762079963103062696e-01, 3.939044599230150379e-01
1.053536701119133778e-01, 1.239500298019037272e-01, 3.773002911390810898e-01, 3.933960089471018051e-01
1.050577164290275867e-01, 1.236637510759775460e-01, 3.783934916922867542e-01, 3.928850408027081409e-01
1.047628209496736240e-01, 1.233780330315090573e-01, 3.794875758566578217e-01, 3.923715701621595664e-01
1.044689865082052971e-01, 1.230928802457228050e-01, 3.805825214546842417e-01, 3.918556117913876147e-01
1.041762159163704404e-01, 1.228082972888101393e-01, 3.816783062456749476e-01, 3.913371805491444588e-01
1.038845119632440667e-01, 1.225242887237209394e-01, 3.827749079268260024e-01, 3.908162913862089360e-01
1.035938774151634878e-01, 1.222408591059557931e-01, 3.838723041342961273e-01, 3.902929593445846890e-01
1.033043150156652962e-01, 1.219580129833590237e-01, 3.849704724442853387e-01, 3.897671995566903136e-01
1.030158274854236222e-01, 1.216757548959127438e-01, 3.860693903741208022e-01, 3.892390272445427901e-01
1.027284175221908902e-01, 1.213940893755316858e-01, 3.871690353833462939e-01, 3.887084577189311441e-01
1.024420878007396285e-01, 1.211130209458584350e-01, 3.882693848748176024e-01, 3.881755063785842785e-01
1.021568409728066534e-01, 1.208325541220604260e-01, 3.893704161958022048e-01, 3.876401887093307574e-01
1.018726796670387930e-01, 1.205526934106270487e-01, 3.904721066390836604e-01, 3.871025202832504841e-01
1.015896064889404704e-01, 1.202734433091681154e-01, 3.915744334440712238e-01, 3.865625167578201071e-01
1.013076240208230783e-01, 1.199948083062133686e-01, 3.926773737979131207e-01, 3.860201938750504880e-01
1.010267348217563782e-01, 1.197167928810128068e-01, 3.937809048366136544e-01, 3.854755674606172300e-01
1.007469414275216218e-01, 1.194394015033376777e-01, 3.948850036461562518e-01, 3.849286534229844348e-01
1.004682463505665035e-01, 1.191626386332838294e-01, 3.959896472636286191e-01, 3.843794677525210757e-01
1.001906520799620975e-01, 1.188865087210742716e-01, 3.970948126783528376e-01, 3.838280265206108210e-01
9.991416108136162710e-02, 1.186110162068644280e-01, 3.982004768330188460e-01, 3.832743458787551405e-01
9.963877579696103770e-02, 1.183361655205478619e-01, 3.993066166248212534e-01, 3.827184420576699719e-01
9.936449864546180455e-02, 1.180619610815629161e-01, 4.004132089066000932e-01, 3.821603313663752832e-01
9.909133202203514179e-02, 1.177884072987011449e-01, 4.015202304879845752e-01, 3.816000301912791381e-01
9.881927829828866805e-02, 1.175155085699166879e-01, 4.026276581365398344e-01, 3.810375549952548790e-01
9.854833982223452915e-02, 1.172432692821363809e-01, 4.037354685789171227e-01, 3.804729223167118146e-01
9.827851891825976904e-02, 1.169716938110722526e-01, 4.048436385020062755e-01, 3.799061487686616334e-01
9.800981788709862974e-02, 1.167007865210341472e-01, 4.059521445540915097e-01, 3.793372510377755469e-01
9.774223900580661373e-02, 1.164305517647442889e-01, 4.070609633460092747e-01, 3.787662458834398782e-01
9.747578452773660029e-02, 1.161609938831531103e-01, 4.081700714523082141e-01, 3.781931501368019921e-01
9.721045668251694638e-02, 1.158921172052564258e-01, 4.092794454124132897e-01, 3.776179806998132271e-01
9.694625767603175237e-02, 1.156239260479136888e-01, 4.103890617317889622e-01, 3.770407545442654995e-01
9.668318969040257116e-02, 1.153564247156681627e-01, 4.114988968831072014e-01, 3.764614887108220787e-01
9.642125488397262911e-02, 1.150896175005681338e-01, 4.126089273074150521e-01, 3.758802003080440879e-01
9.616045539129289277e-02, 1.148235086819896500e-01, 4.137191294153063081e-01, 3.752969065114112879e-01
9.590079332310991189e-02, 1.145581025264608976e-01, 4.148294795880917429e-01, 3.747116245623375308e-01
9.564227076635573033e-02, 1.142934032874879102e-01, 4.159399541789734478e-01, 3.741243717671827729e-01
9.538488978414037811e-02, 1.140294152053818455e-01, 4.170505295142190594e-01, 3.735351654962585921e-01
9.512865241574518238e-02, 1.137661425070878030e-01, 4.181611818943368197e-01, 3.729440231828303198e-01
9.487356067661924242e-02, 1.135035894060151956e-01, 4.192718875952520241e-01, 3.723509623221135656e-01
9.461961655837733409e-02, 1.132417601018697595e-01, 4.203826228694848011e-01, 3.717560004702681331e-01
9.436682202879993764e-02, 1.129806587804870893e-01, 4.214933639473272264e-01, 3.711591552433857744e-01
9.411517903183512501e-02, 1.127202896136678817e-01, 4.226040870380221581e-01, 3.705604443164747797e-01
9.386468948760293141e-02, 1.124606567590147183e-01, 4.237147683309414603e-01, 3.699598854224409039e-01
9.361535529240107290e-02, 1.122017643597707226e-01, 4.248253839967645606e-01, 3.693574963510635190e-01
9.336717831871341189e-02, 1.119436165446596188e-01, 4.259359101886583954e-01, 3.687532949479686017e-01
9.312016041521978260e-02, 1.116862174277276493e-01, 4.270463230434543012e-01, 3.681472991135981698e-01
9.287430340680832841e-02, 1.114295711081874363e-01, 4.281565986828283488e-01, 3.675395268021759976e-01
9.262960909458954617e-02, 1.111736816702630776e-01, 4.292667132144774578e-01, 3.669299960206697797e-01
9.238607925591248160e-02, 1.109185531830375743e-01, 4.303766427332985089e-01, 3.663187248277514629e-01
9.214371564438307571e-02, 1.106641897003015629e-01, 4.314863633225635708e-01, 3.657057313327518044e-01
9.190251998988428761e-02, 1.104105952604042540e-01, 4.325958510550969027e-01, 3.650910336946147083e-01
9.166249399859836833e-02, 1.101577738861057865e-01, 4.337050819944485158e-01, 3.644746501208473433e-01
9.142363935303106370e-02, 1.099057295844319410e-01, 4.348140321960689003e-01, 3.638565988664679285e-01
9.118595771203812095e-02, 1.096544663465301300e-01, 4.359226777084809767e-01, 3.632368982329506890e-01
9.094945071085332178e-02, 1.094039881475276366e-01, 4.370309945744502711e-01, 3.626155665671687012e-01
9.071411996111904130e-02, 1.091542989463917396e-01, 4.381389588321548678e-01, 3.619926222603344068e-01
9.047996705091845837e-02, 1.089054026857914914e-01, 4.392465465163525318e-01, 3.613680837469374074e-01
9.024699354480998637e-02, 1.086573032919617571e-01, 4.403537336595466645e-01, 3.607419695036815366e-01
9.001520098386342483e-02, 1.084100046745689050e-01, 4.414604962931490406e-01, 3.601142980484186573e-01
8.978459088569856750e-02, 1.081635107265784684e-01, 4.425668104486416010e-01, 3.594850879390813492e-01
8.955516474452539233e-02, 1.079178253241252494e-01, 4.436726521587353589e-01, 3.588543577726141520e-01
8.932692403118645819e-02, 1.076729523263845467e-01, 4.447779974585265861e-01, 3.582221261839023674e-01
8.909987019320118884e-02, 1.074288955754462149e-01, 4.458828223866512230e-01, 3.575884118447015259e-01
8.887400465481223866e-02, 1.071856588961901668e-01, 4.469871029864350698e-01, 3.569532334625625802e-01
8.864932881703370404e-02, 1.069432460961644293e-01, 4.480908153070425892e-01, 3.563166097797591525e-01
8.842584405770154143e-02, 1.067016609654645037e-01, 4.491939354046220467e-01, 3.556785595722120052e-01
8.820355173152555350e-02, 1.064609072766155295e-01, 4.502964393434461532e-01, 3.550391016484127360e-01
8.798245317014383171e-02, 1.062209887844560718e-01, 4.513983031970527637e-01, 3.543982548483474160e-01
8.776254968217873931e-02, 1.059819092260240875e-01, 4.524995030493776937e-01, 3.537560380424195627e-01
8.754384255329508702e-02, 1.057436723204449869e-01, 4.536000149958875904e-01, 3.531124701303722802e-01
8.732633304626000181e-02, 1.055062817688219995e-01, 4.546998151447074199e-01, 3.524675700402106204e-01
8.711002240100509941e-02, 1.052697412541279964e-01, 4.557988796177434021e-01, 3.518213567271234465e-01
8.689491183469028046e-02, 1.050340544411003940e-01, 4.568971845518038921e-01, 3.511738491724054056e-01
8.668100254176949737e-02, 1.047992249761374034e-01, 4.579947060997143216e-01, 3.505250663823788471e-01
8.646829569405842242e-02, 1.045652564871966256e-01, 4.590914204314285874e-01, 3.498750273873162953e-01
8.625679244080429464e-02, 1.043321525836961861e-01, 4.601873037351362772e-01, 3.492237512403633115e-01
8.604649390875697412e-02, 1.040999168564173821e-01, 4.612823322183643993e-01, 3.485712570164613000e-01
8.583740120224275794e-02, 1.038685528774099948e-01, 4.623764821090756705e-01, 3.479175638112715352e-01
8.562951540323936184e-02, 1.036380641998997099e-01, 4.634697296567608094e-01, 3.472626907401002438e-01
8.542283757145309464e-02, 1.034084543581972465e-01, 4.645620511335266101e-01, 3.466066569368229655e-01
8.521736874439786447e-02, 1.031797268676104828e-01, 4.656534228351789650e-01, 3.459494815528126876e-01
8.501310993747576705e-02, 1.029518852243581639e-01, 4.667438210823000033e-01, 3.452911837558660935e-01
8.481006214405995003e-02, 1.027249329054859689e-01, 4.678332222213205660e-01, 3.446317827291335290e-01
8.460822633557889272e-02, 1.024988733687847153e-01, 4.689216026255872416e-01, 3.439712976700490810e-01
8.440760346160268435e-02, 1.022737100527113530e-01, 4.700089386964232951e-01, 3.433097477892625982e-01
8.420819444993105085e-02, 1.020494463763110260e-01, 4.710952068641843793e-01, 3.426471523095734883e-01
8.401000020668310253e-02, 1.018260857391426466e-01, 4.721803835893081391e-01, 3.419835304648660146e-01
8.381302161638895520e-02, 1.016036315212058283e-01, 4.732644453633584880e-01, 3.413189014990467007e-01
8.361725954208314160e-02, 1.013820870828702619e-01, 4.743473687100626113e-01, 3.406532846649840129e-01
8.342271482539945215e-02, 1.011614557648075619e-01, 4.754291301863430852e-01, 3.399866992234499841e-01
8.322938828666796851e-02, 1.009417408879252076e-01, 4.765097063833431679e-01, 3.393191644420636144e-01
8.303728072501349866e-02, 1.007229457533024980e-01, 4.775890739274457619e-01, 3.386506995942381582e-01
8.284639291845567743e-02, 1.005050736421292529e-01, 4.786672094812856604e-01, 3.379813239581293538e-01
8.265672562401099599e-02, 1.002881278156462497e-01, 4.797440897447554642e-01, 3.373110568155872624e-01
8.246827957779627460e-02, 1.000721115150883522e-01, 4.808196914560046165e-01, 3.366399174511107151e-01
8.228105549513406447e-02, 9.985702796162954087e-02, 4.818939913924318863e-01, 3.359679251508044806e-01
8.209505407065921523e-02, 9.964288035633032947e-02, 4.829669663716704142e-01, 3.352950992013399301e-01
8.191027597842776009e-02, 9.942967188008762502e-02, 4.840385932525664292e-01, 3.346214588889181440e-01
8.172672187202661975e-02, 9.921740569358659945e-02, 4.851088489361496947e-01, 3.339470234982370722e-01
8.154439238468551288e-02, 9.900608493725469861e-02, 4.861777103665985700e-01, 3.332718123114612463e-01
8.136328812939028210e-02, 9.879571273121851016e-02, 4.872451545321953015e-01, 3.325958446071958785e-01
8.118340969899763560e-02, 9.858629217526206079e-02, 4.883111584662760962e-01, 3.319191396594641796e-01
8.100475766635158170e-02, 9.837782634878800003e-02, 4.893756992481723134e-01, 3.312417167366880077e-01
8.082733258440133461e-02, 9.817031831078082416e-02, 4.904387540041447724e-01, 3.305635951006730133e-01
8.065113498632071887e-02, 9.796377109977225106e-02, 4.915002999083095681e-01, 3.298847940055973926e-01
8.047616538562916977e-02, 9.775818773380907933e-02, 4.925603141835568355e-01, 3.292053326970049154e-01
8.030242427631407998e-02, 9.755357121042278201e-02, 4.936187741024614661e-01, 3.285252304108016164e-01
8.012991213295467263e-02, 9.734992450660219510e-02, 4.946756569881852195e-01, 3.278445063722578712e-01
7.995862941084738718e-02, 9.714725057876766323e-02, 4.957309402153715072e-01, 3.271631797950134146e-01
7.978857654613256967e-02, 9.694555236274769727e-02, 4.967846012110316845e-01, 3.264812698800881319e-01
7.961975395592245375e-02, 9.674483277375789392e-02, 4.978366174554230139e-01, 3.257987958148966245e-01
7.945216203843100122e-02, 9.654509470638224233e-02, 4.988869664829186923e-01, 3.251157767722680503e-01
7.928580117310456143e-02, 9.634634103455595733e-02, 4.999356258828692168e-01, 3.244322319094703477e-01
7.912067172075422372e-02, 9.614857461155158769e-02, 5.009825733004547033e-01, 3.237481803672395131e-01
7.895677402368934950e-02, 9.595179826996649841e-02, 5.020277864375299881e-01, 3.230636412688141501e-01
7.879410840585260312e-02, 9.575601482171268442e-02, 5.030712430534598489e-01, 3.223786337189748497e-01
7.863267517295581543e-02, 9.556122705800916550e-02, 5.041129209659463983e-01, 3.216931768030886207e-01
7.847247461261777635e-02, 9.536743774937615770e-02, 5.051527980518466521e-01, 3.210072895861593723e-01
7.831350699450283226e-02, 9.517464964563156216e-02, 5.061908522479828809e-01, 3.203209911118827247e-01
7.815577257046076032e-02, 9.498286547588963291e-02, 5.072270615519421932e-01, 3.196343004017073719e-01
7.799927157466803040e-02, 9.479208794856193443e-02, 5.082614040228689012e-01, 3.189472364539011617e-01
7.784400422377005246e-02, 9.460231975136008942e-02, 5.092938577822461177e-01, 3.182598182426237265e-01
7.768997071702478385e-02, 9.441356355130110789e-02, 5.103244010146701370e-01, 3.175720647170039435e-01
7.753717123644725262e-02, 9.422582199471458975e-02, 5.113530119686140463e-01, 3.168839948002241669e-01
7.738560594695557959e-02, 9.403909770725188411e-02, 5.123796689571828988e-01, 3.161956273886096791e-01
7.723527499651776373e-02, 9.385339329389788543e-02, 5.134043503588596735e-01, 3.155069813507246912e-01
7.708617851629970263e-02, 9.366871133898456436e-02, 5.144270346182416853e-01, 3.148180755264741726e-01
7.693831662081401790e-02, 9.348505440620639984e-02, 5.154477002467675595e-01, 3.141289287262119534e-01
7.679168940807072630e-02, 9.330242503863847570e-02, 5.164663258234353238e-01, 3.134395597298554326e-01
7.664629695972768886e-02, 9.312082575875606227e-02, 5.174828899955101758e-01, 3.127499872860060592e-01
7.650213934124334980e-02, 9.294025906845662655e-02, 5.184973714792235899e-01, 3.120602301110764754e-01
7.635921660202944772e-02, 9.276072744908377132e-02, 5.195097490604619894e-01, 3.113703068884247638e-01
7.621752877560523942e-02, 9.258223336145318672e-02, 5.205200015954472015e-01, 3.106802362674944140e-01
7.607707587975243158e-02, 9.240477924588053060e-02, 5.215281080114055889e-01, 3.099900368629613934e-01
7.593785791667123641e-02, 9.222836752221169609e-02, 5.225340473072287439e-01, 3.092997272538882680e-01
7.579987487313699646e-02, 9.205300058985436962e-02, 5.235377985541238566e-01, 3.086093259828847080e-01
7.566312672065807210e-02, 9.187868082781246171e-02, 5.245393408962550907e-01, 3.079188515552744865e-01
7.552761341563413167e-02, 9.170541059472164802e-02, 5.255386535513733026e-01, 3.072283224382709732e-01
7.539333489951571821e-02, 9.153319222888753326e-02, 5.265357158114392089e-01, 3.065377570601575119e-01
7.526029109896424651e-02, 9.136202804832530000e-02, 5.275305070432334542e-01, 3.058471738094770132e-01
7.512848192601291608e-02, 9.119192035080149472e-02, 5.285230066889584633e-01, 3.051565910342270982e-01
7.499790727822859548e-02, 9.102287141387764569e-02, 5.295131942668304115e-01, 3.044660270410632918e-01
7.486856703887395659e-02, 9.085488349495571270e-02, 5.305010493716609821e-01, 3.037755000945093764e-01
7.474046107707081610e-02, 9.068795883132581281e-02, 5.314865516754284647e-01, 3.030850284161748509e-01
7.461358924796381020e-02, 9.052209964021498689e-02, 5.324696809278411935e-01, 3.023946301839800510e-01
7.448795139288487410e-02, 9.035730811883874170e-02, 5.334504169568878851e-01, 3.017043235313885408e-01
7.436354733951840157e-02, 9.019358644445371609e-02, 5.344287396693806480e-01, 3.010141265466471650e-01
7.424037690206697349e-02, 9.003093677441240117e-02, 5.354046290514868911e-01, 3.003240572720337620e-01
7.411843988141758599e-02, 8.986936124621978939e-02, 5.363780651692507950e-01, 2.996341337031117602e-01
7.399773606530858638e-02, 8.970886197759166125e-02, 5.373490281691057913e-01, 2.989443737879939333e-01
7.387826522849715027e-02, 8.954944106651442637e-02, 5.383174982783763829e-01, 2.982547954266120405e-01
7.376002713292707791e-02, 8.939110059130708774e-02, 5.392834558057700844e-01, 2.975654164699958470e-01
7.364302152789736766e-02, 8.923384261068476042e-02, 5.402468811418591477e-01, 2.968762547195587520e-01
7.352724815023113647e-02, 8.907766916382355016e-02, 5.412077547595531835e-01, 2.961873279263920744e-01
7.341270672444492884e-02, 8.892258227042786067e-02, 5.421660572145602375e-01, 2.954986537905669453e-01
7.329939696291852547e-02, 8.876858393079850584e-02, 5.431217691458388730e-01, 2.948102499604440818e-01
7.318731856606512653e-02, 8.861567612590325049e-02, 5.440748712760401506e-01, 2.941221340319913891e-01
7.307647122250195137e-02, 8.846386081744826713e-02, 5.450253444119396162e-01, 2.934343235481101653e-01
7.296685460922119892e-02, 8.831313994795163269e-02, 5.459731694448586303e-01, 2.927468359979685797e-01
7.285846839176123024e-02, 8.816351544081835190e-02, 5.469183273510764831e-01, 2.920596888163438654e-01
7.275131222437820899e-02, 8.801498920041689322e-02, 5.478607991922324061e-01, 2.913728993829725056e-01
7.264538575021790845e-02, 8.786756311215705717e-02, 5.488005661157170367e-01, 2.906864850219080809e-01
7.254068860148780995e-02, 8.772123904256975968e-02, 5.497376093550545573e-01, 2.900004630008879425e-01
7.243722039962950665e-02, 8.757601883938806453e-02, 5.506719102302743973e-01, 2.893148505307079343e-01
7.233498075549119055e-02, 8.743190433162958963e-02, 5.516034501482742769e-01, 2.886296647646049984e-01
7.223396926950048647e-02, 8.728889732968067583e-02, 5.525322106031705927e-01, 2.879449227976483283e-01
7.213418553183720272e-02, 8.714699962538170752e-02, 5.534581731766421431e-01, 2.872606416661389606e-01
7.203562912260660922e-02, 8.700621299211404314e-02, 5.543813195382621961e-01, 2.865768383470172487e-01
7.193829961201229917e-02, 8.686653918488822235e-02, 5.553016314458203428e-01, 2.858935297572791634e-01
7.184219656052975855e-02, 8.672797994043347780e-02, 5.562190907456362465e-01, 2.852107327534004200e-01
7.174731951907947769e-02, 8.659053697728869015e-02, 5.571336793728624004e-01, 2.845284641307694318e-01
7.165366802920034028e-02, 8.645421199589478634e-02, 5.580453793517766714e-01, 2.838467406231281465e-01
7.156124162322309579e-02, 8.631900667868817878e-02, 5.589541727960665174e-01, 2.831655789020221525e-01
7.147003982444367909e-02, 8.618492269019557839e-02, 5.598600419091027680e-01, 2.824849955762580023e-01
7.138006214729654408e-02, 8.605196167713013988e-02, 5.607629689842035248e-01, 2.818050071913696941e-01
7.129130809752796949e-02, 8.592012526848874510e-02, 5.616629364048892903e-01, 2.811256302290940368e-01
7.120377717236943405e-02, 8.578941507565034097e-02, 5.625599266451272173e-01, 2.804468811068530076e-01
7.111746886071046436e-02, 8.565983269247601228e-02, 5.634539222695674754e-01, 2.797687761772459925e-01
7.103238264327195461e-02, 8.553137969540952623e-02, 5.643449059337685147e-01, 2.790913317275500183e-01
7.094851799277869520e-02, 8.540405764357941742e-02, 5.652328603844142263e-01, 2.784145639792277027e-01
7.086587437413233159e-02, 8.527786807890201659e-02, 5.661177684595207760e-01, 2.777384890874448620e-01
7.078445124458385140e-02, 8.515281252618568664e-02, 5.669996130886344465e-01, 2.770631231405960571e-01
7.070424805390565504e-02, 8.502889249323600240e-02, 5.678783772930203755e-01, 2.763884821598380226e-01
7.062526424456377905e-02, 8.490610947096209615e-02, 5.687540441858416340e-01, 2.757145820986325879e-01
7.054749925188961990e-02, 8.478446493348390511e-02, 5.696265969723293132e-01, 2.750414388422973144e-01
7.047095250425140789e-02, 8.466396033824034884e-02, 5.704960189499433953e-01, 2.743690682075649589e-01
7.039562342322538968e-02, 8.454459712609871391e-02, 5.713622935085248544e-01, 2.736974859421510420e-01
7.032151142376683040e-02, 8.442637672146466321e-02, 5.722254041304380978e-01, 2.730267077243304641e-01
7.024861591438021080e-02, 8.430930053239339694e-02, 5.730853343907048592e-01, 2.723567491625215053e-01
7.017693629728963267e-02, 8.419336995070152152e-02, 5.739420679571294315e-01, 2.716876257948795392e-01
7.010647196860832209e-02, 8.407858635208001474e-02, 5.747955885904137974e-01, 2.710193530888979629e-01
7.003722231850803559e-02, 8.396495109620775998e-02, 5.756458801442657647e-01, 2.703519464410184536e-01
6.996918673138789735e-02, 8.385246552686609345e-02, 5.764929265654971102e-01, 2.696854211762489961e-01
6.990236458604268122e-02, 8.374113097205382328e-02, 5.773367118941130638e-01, 2.690197925477905705e-01
6.983675525583080135e-02, 8.363094874410358093e-02, 5.781772202633939095e-01, 2.683550757366717221e-01
6.977235810884163669e-02, 8.352192013979826968e-02, 5.790144358999673724e-01, 2.676912858513926796e-01
6.970917250806236976e-02, 8.341404644048873440e-02, 5.798483431238725672e-01, 2.670284379275763009e-01
6.964719781154410372e-02, 8.330732891221163949e-02, 5.806789263486167307e-01, 2.663665469276276787e-01
6.958643337256778527e-02, 8.320176880580840151e-02, 5.815061700812207413e-01, 2.657056277404030165e-01
6.952687853980914212e-02, 8.309736735704456589e-02, 5.823300589222604184e-01, 2.650456951808857764e-01
6.946853265750316253e-02, 8.299412578672980823e-02, 5.831505775658958335e-01, 2.643867639898710431e-01
6.941139506560792261e-02, 8.289204530083851830e-02, 5.839677107998950678e-01, 2.637288488336584358e-01
6.935546509996759479e-02, 8.279112709063086994e-02, 5.847814435056486460e-01, 2.630719643037530697e-01
6.930074209247509553e-02, 8.269137233277465415e-02, 5.855917606581756418e-01, 2.624161249165747334e-01
6.924722537123362276e-02, 8.259278218946707051e-02, 5.863986473261241228e-01, 2.617613451131752256e-01
6.919491426071781859e-02, 8.249535780855786482e-02, 5.872020886717610466e-01, 2.611076392589631867e-01
6.914380808193382189e-02, 8.239910032367188386e-02, 5.880020699509562743e-01, 2.604550216434380894e-01
6.909390615257883506e-02, 8.230401085433294850e-02, 5.887985765131573679e-01, 2.598035064799308347e-01
6.904520778719973328e-02, 8.221009050608747704e-02, 5.895915938013590596e-01, 2.591531079053536191e-01
6.899771229735093825e-02, 8.211734037062883018e-02, 5.903811073520629504e-01, 2.585038399799572950e-01
6.895141899175134814e-02, 8.202576152592189196e-02, 5.911671027952306590e-01, 2.578557166870960038e-01
6.890632717644053218e-02, 8.193535503632791428e-02, 5.919495658542307526e-01, 2.572087519330006899e-01
6.886243615493391201e-02, 8.184612195272972235e-02, 5.927284823457765750e-01, 2.565629595465597212e-01
6.881974522837715214e-02, 8.175806331265714211e-02, 5.935038381798577456e-01, 2.559183532791080018e-01
6.877825369569946778e-02, 8.167118014041266361e-02, 5.942756193596653302e-01, 2.552749468042226355e-01
6.873796085376619736e-02, 8.158547344719735417e-02, 5.950438119815089077e-01, 2.546327537175276379e-01
6.869886599753027845e-02, 8.150094423123670218e-02, 5.958084022347271969e-01, 2.539917875365059197e-01
6.866096842018271085e-02, 8.141759347790711310e-02, 5.965693764015921330e-01, 2.533520617003179320e-01
6.862426741330211744e-02, 8.133542215986204471e-02, 5.973267208572061726e-01, 2.527135895696296375e-01
6.858876226700315326e-02, 8.125443123715846150e-02, 5.980804220693921591e-01, 2.520763844264461429e-01
6.855445227008397091e-02, 8.117462165738333069e-02, 5.988304665985783037e-01, 2.514404594739543253e-01
6.852133671017254790e-02, 8.109599435578021542e-02, 5.995768410976749507e-01, 2.508058278363722304e-01
6.848941487387205651e-02, 8.101855025537563204e-02, 6.003195323119466797e-01, 2.501725025588055762e-01
6.845868604690487358e-02, 8.094229026710593466e-02, 6.010585270788768586e-01, 2.495404966071123332e-01
6.842914951425572989e-02, 8.086721528994349206e-02, 6.017938123280265339e-01, 2.489098228677741886e-01
6.840080456031361056e-02, 8.079332621102336409e-02, 6.025253750808881037e-01, 2.482804941477749217e-01
6.837365046901235088e-02, 8.072062390576954793e-02, 6.032532024507312185e-01, 2.476525231744867994e-01
6.834768652397030242e-02, 8.064910923802127984e-02, 6.039772816424451296e-01, 2.470259225955632743e-01
6.832291200862866676e-02, 8.057878306015903158e-02, 6.046975999523732659e-01, 2.464007049788390913e-01
6.829932620638858032e-02, 8.050964621323067338e-02, 6.054141447681429256e-01, 2.457768828122379179e-01
6.827692840074697789e-02, 8.044169952707701243e-02, 6.061269035684900830e-01, 2.451544685036859683e-01
6.825571787543117941e-02, 8.037494382045738683e-02, 6.068358639230782003e-01, 2.445334743810332057e-01
6.823569391453228328e-02, 8.030937990117495429e-02, 6.075410134923114880e-01, 2.439139126919811218e-01
6.821685580263726900e-02, 8.024500856620170319e-02, 6.082423400271430580e-01, 2.432957956040180392e-01
6.819920282495949004e-02, 8.018183060180306132e-02, 6.089398313688777487e-01, 2.426791352043595751e-01
6.818273426746836174e-02, 8.011984678366247670e-02, 6.096334754489713958e-01, 2.420639434998976547e-01
6.816744941701720351e-02, 8.005905787700519360e-02, 6.103232602888231106e-01, 2.414502324171546033e-01
6.815334756146987361e-02, 7.999946463672213959e-02, 6.110091739995632265e-01, 2.408380138022447881e-01
6.814042798982619664e-02, 7.994106780749297980e-02, 6.116912047818381382e-01, 2.402272994208425605e-01
6.812868999234586442e-02, 7.988386812390900482e-02, 6.123693409255891451e-01, 2.396181009581560828e-01
6.811813286067065765e-02, 7.982786631059551885e-02, 6.130435708098256331e-01, 2.390104300189082875e-01
6.810875588794568225e-02, 7.977306308233363119e-02, 6.137138829023972564e-01, 2.384042981273234996e-01
6.810055836893884329e-02, 7.971945914418179790e-02, 6.143802657597583483e-01, 2.377997167271211076e-01
6.809353960015891716e-02, 7.966705519159637816e-02, 6.150427080267304447e-01, 2.371966971815143155e-01
6.808769887997213888e-02, 7.961585191055221833e-02, 6.157011984362595891e-01, 2.365952507732159982e-01
6.808303550871731835e-02, 7.956584997766198708e-02, 6.163557258091701962e-01, 2.359953887044504428e-01
6.807954878881941618e-02, 7.951705006029563538e-02, 6.170062790539150299e-01, 2.353971220969699740e-01
6.807723802490144027e-02, 7.946945281669855199e-02, 6.176528471663205178e-01, 2.348004619920795455e-01
6.807610252389499628e-02, 7.942305889610941361e-02, 6.182954192293304008e-01, 2.342054193506651338e-01
6.807614159514918661e-02, 7.937786893887739670e-02, 6.189339844127440537e-01, 2.336120050532293768e-01
6.807735455053780249e-02, 7.933388357657841783e-02, 6.195685319729519192e-01, 2.330202298999318467e-01
6.807974070456505877e-02, 7.929110343213073564e-02, 6.201990512526679433e-01, 2.324301046106362068e-01
6.808329937446970515e-02, 7.924952911991001159e-02, 6.208255316806591262e-01, 2.318416398249611710e-01
6.808802988032724990e-02, 7.920916124586324658e-02, 6.214479627714702969e-01, 2.312548461023391511e-01
6.809393154515093471e-02, 7.917000040762209312e-02, 6.220663341251484457e-01, 2.306697339220784848e-01
6.810100369499072492e-02, 7.913204719461543191e-02, 6.226806354269620591e-01, 2.300863136834317979e-01
