7.654722655977722057e-02, 5.997196467109618956e-01, 6.770164078422333254e-02, 2.560314859450374958e-01
7.660485850623652282e-02, 5.989765005205782700e-01, 6.773584955558117904e-02, 2.566827914176039172e-01
7.666361509970097410e-02, 5.982296687982889827e-01, 6.777130246679285985e-02, 2.573354136352171695e-01
7.672349553440924175e-02, 5.974791643489268944e-01, 6.780800069831621757e-02, 2.579893394183478406e-01
7.678449899479578011e-02, 5.967250000662275289e-01, 6.784594543137432987e-02, 2.586445555076024028e-01
7.684662465536955256e-02, 5.959671889329751782e-01, 6.788513784779624805e-02, 2.593010485638591045e-01
7.690987168059246204e-02, 5.952057440211420136e-01, 6.792557912985631996e-02, 2.599588051684093015e-01
7.697423922475762903e-02, 5.944406784920216458e-01, 6.796727046011227791e-02, 2.606178118231083363e-01
7.703972643186784985e-02, 5.936720055963574660e-01, 6.801021302124211909e-02, 2.612780549505325789e-01
7.710633243551356930e-02, 5.928997386744635500e-01, 6.805440799587930689e-02, 2.619395208941435738e-01
7.717405635875103365e-02, 5.921238911563406759e-01, 6.809985656644707008e-02, 2.626021959184613452e-01
7.724289731398052694e-02, 5.913444765617846821e-01, 6.814655991499125876e-02, 2.632660662092434212e-01
7.731285440282427424e-02, 5.905615085004909393e-01, 6.819451922301214553e-02, 2.639311178736727381e-01
7.738392671600455297e-02, 5.897750006721483862e-01, 6.824373567129456142e-02, 2.645973369405524300e-01
7.745611333322191538e-02, 5.889849668665314564e-01, 6.829421043973754601e-02, 2.652647093605089990e-01
7.752941332303332767e-02, 5.881914209635824564e-01, 6.834594470718199921e-02, 2.659332210062023694e-01
7.760382574273037848e-02, 5.873943769334873943e-01, 6.839893965123781949e-02, 2.666028576725444355e-01
7.767934963821787608e-02, 5.865938488367472559e-01, 6.845319644810954340e-02, 2.672736050769252691e-01
7.775598404389225116e-02, 5.857898508242397329e-01, 6.850871627242109685e-02, 2.679454488594469885e-01
7.783372798252025104e-02, 5.849823971372754006e-01, 6.856550029703903371e-02, 2.686183745831653424e-01
7.791258046511792545e-02, 5.841715021076467895e-01, 6.862354969289545525e-02, 2.692923677343398436e-01
7.799254049082968154e-02, 5.833571801576702409e-01, 6.868286562880888957e-02, 2.699674137226913406e-01
7.807360704680758878e-02, 5.825394458002197684e-01, 6.874344927130493499e-02, 2.706434978816676939e-01
7.815577910809121120e-02, 5.817183136387553688e-01, 6.880530178443552969e-02, 2.713206054687177793e-01
7.823905563748727310e-02, 5.808937983673426730e-01, 6.886842432959720817e-02, 2.719987216655728735e-01
7.832343558544985207e-02, 5.800659147706647145e-01, 6.893281806534844181e-02, 2.726778315785369777e-01
7.840891788996114109e-02, 5.792346777240282574e-01, 6.899848414722623002e-02, 2.733579202387844131e-01
7.849550147641227993e-02, 5.784001021933600217e-01, 6.906542372756130366e-02, 2.740389726026664641e-01
7.858318525748454741e-02, 5.775622032351972468e-01, 6.913363795529273159e-02, 2.747209735520254603e-01
7.867196813303121983e-02, 5.767209959966698163e-01, 6.920312797578170860e-02, 2.754039078945171859e-01
7.876184898995969297e-02, 5.758764957154742792e-01, 6.927389493062417747e-02, 2.760877603639418920e-01
7.885282670211395117e-02, 5.750287177198398769e-01, 6.934593995746289596e-02, 2.767725156205833037e-01
7.894490013015779961e-02, 5.741776774284881313e-01, 6.941926418979844915e-02, 2.774581582515557865e-01
7.903806812145842964e-02, 5.733233903505821072e-01, 6.949386875679958164e-02, 2.781446727711597844e-01
7.913232950997055315e-02, 5.724658720856703464e-01, 6.956975478311279437e-02, 2.788320436212463060e-01
7.922768311612116143e-02, 5.716051383236193661e-01, 6.964692338867101151e-02, 2.795202551715885164e-01
7.932412774669458932e-02, 5.707412048445411612e-01, 6.972537568850167844e-02, 2.802092917202625433e-01
7.942166219471857858e-02, 5.698740875187106036e-01, 6.980511279253415191e-02, 2.808991374940366659e-01
7.952028523935074367e-02, 5.690038023064749595e-01, 6.988613580540617432e-02, 2.815897766487681642e-01
7.961999564576567601e-02, 5.681303652581550789e-01, 6.996844582626994546e-02, 2.822811932698093829e-01
7.972079216504286692e-02, 5.672537925139378157e-01, 7.005204394859741723e-02, 2.829733713724219002e-01
7.982267353405524124e-02, 5.663741003037612298e-01, 7.013693125998500533e-02, 2.836662949021986901e-01
7.992563847535825994e-02, 5.654913049471885778e-01, 7.022310884195767655e-02, 2.843599477354954441e-01
8.002968569708011903e-02, 5.646054228532773056e-01, 7.031057776977259199e-02, 2.850543136798699972e-01
8.013481389281251754e-02, 5.637164705204361637e-01, 7.039933911222187590e-02, 2.857493764745295262e-01
8.024102174150202216e-02, 5.628244645362747711e-01, 7.048939393143523191e-02, 2.864451197907880164e-01
8.034830790734290296e-02, 5.619294215774455203e-01, 7.058074328268182374e-02, 2.871415272325297807e-01
8.045667103966988587e-02, 5.610313584094751560e-01, 7.067338821417182282e-02, 2.878385823366831908e-01
8.056610977285252884e-02, 5.601302918865876945e-01, 7.076732976685727594e-02, 2.885362685737024591e-01
8.067662272619023633e-02, 5.592262389515191279e-01, 7.086256897423300061e-02, 2.892345693480575797e-01
8.078820850380806495e-02, 5.583192166353231345e-01, 7.095910686213631469e-02, 2.899334679987325414e-01
8.090086569455358367e-02, 5.574092420571662432e-01, 7.105694444854719627e-02, 2.906329477997329214e-01
8.101459287189483049e-02, 5.564963324241168907e-01, 7.115608274338761086e-02, 2.913329919606006957e-01
8.112938859381886580e-02, 5.555805050309221560e-01, 7.125652274832051936e-02, 2.920335836269385421e-01
8.124525140273164414e-02, 5.546617772597774998e-01, 7.135826545654888609e-02, 2.927347058809420810e-01
8.136217982535894067e-02, 5.537401665800868455e-01, 7.146131185261397900e-02, 2.934363417419402764e-01
8.148017237264809642e-02, 5.528156905482132233e-01, 7.156566291219368381e-02, 2.941384741669449965e-01
8.159922753967095710e-02, 5.518883668072204207e-01, 7.167131960190060991e-02, 2.948410860512080123e-01
8.171934380552804689e-02, 5.509582130866047534e-01, 7.177828287907975224e-02, 2.955441602287874336e-01
8.184051963325345014e-02, 5.500252472020187300e-01, 7.188655369160620867e-02, 2.962476794731217500e-01
8.196275346972127507e-02, 5.490894870549839490e-01, 7.199613297768263365e-02, 2.969516264976121422e-01
8.208604374555306116e-02, 5.481509506325964454e-01, 7.210702166563653925e-02, 2.976559839562140097e-01
8.221038887502631065e-02, 5.472096560072202687e-01, 7.221922067371740195e-02, 2.983607344440358800e-01
8.233578725598450498e-02, 5.462656213361742896e-01, 7.233273090989399134e-02, 2.990658604979471447e-01
8.246223726974792612e-02, 5.453188648614072376e-01, 7.244755327165126879e-02, 2.997713445971934565e-01
8.258973728102601830e-02, 5.443694049091647447e-01, 7.256368864578748024e-02, 3.004771691640217290e-01
8.271828563783092947e-02, 5.434172598896466200e-01, 7.268113790821120745e-02, 3.011833165643112431e-01
8.284788067139238488e-02, 5.424624482966540207e-01, 7.279990192373833602e-02, 3.018897691082151891e-01
8.297852069607375425e-02, 5.415049887072282964e-01, 7.291998154588916203e-02, 3.025965090508087596e-01
8.311020400928961771e-02, 5.405448997812786205e-01, 7.304137761668552664e-02, 3.033035185927461241e-01
8.324292889142452523e-02, 5.395822002612021828e-01, 7.316409096644804766e-02, 3.040107798809252859e-01
8.337669360575303279e-02, 5.386169089714923919e-01, 7.328812241359347612e-02, 3.047182750091610992e-01
8.351149639836150107e-02, 5.376490448183400828e-01, 7.341347276443221936e-02, 3.054259860188661135e-01
8.364733549807090718e-02, 5.366786267892232898e-01, 7.354014281296597511e-02, 3.061338948997399112e-01
8.378420911636123847e-02, 5.357056739524874711e-01, 7.366813334068549046e-02, 3.068419835904657722e-01
8.392211544729749617e-02, 5.347302054569180729e-01, 7.379744511636883442e-02, 3.075502339794156659e-01
8.406105266745678151e-02, 5.337522405313008811e-01, 7.392807889587953152e-02, 3.082586279053629030e-01
8.420101893585714425e-02, 5.327717984839744902e-01, 7.406003542196532008e-02, 3.089671471582031148e-01
8.434201239388794402e-02, 5.317888987023730030e-01, 7.419331542405685487e-02, 3.096757734796822814e-01
8.448403116524158540e-02, 5.308035606525587369e-01, 7.432791961806704817e-02, 3.103844885641327545e-01
8.462707335584680746e-02, 5.298158038787448287e-01, 7.446384870619060514e-02, 3.110932740592178281e-01
8.477113705380370789e-02, 5.288256480028099560e-01, 7.460110337670387837e-02, 3.118021115666823606e-01
8.491622032932022446e-02, 5.278331127238020670e-01, 7.473968430376529137e-02, 3.125109826431125004e-01
8.506232123464985140e-02, 5.268382178174320085e-01, 7.487959214721605361e-02, 3.132198688007021281e-01
8.520943780403186785e-02, 5.258409831355599362e-01, 7.502082755238133338e-02, 3.139287515080268487e-01
8.535756805363209354e-02, 5.248414286056699574e-01, 7.516339114987197201e-02, 3.146376121908259771e-01
8.550670998148626745e-02, 5.238395742303361136e-01, 7.530728355538660046e-02, 3.153464322327910185e-01
8.565686156744428681e-02, 5.228354400866788154e-01, 7.545250536951443598e-02, 3.160551929763625867e-01
8.580802077311663889e-02, 5.218290463258118406e-01, 7.559905717753843957e-02, 3.167638757235331504e-01
8.596018554182238702e-02, 5.208204131722794505e-01, 7.574693954923929218e-02, 3.174724617366589396e-01
8.611335379853875260e-02, 5.198095609234849590e-01, 7.589615303869967633e-02, 3.181809322392766815e-01
8.626752344985245957e-02, 5.187965099491086418e-01, 7.604669818410936255e-02, 3.188892684169295499e-01
8.642269238391321606e-02, 5.177812806905170984e-01, 7.619857550757105913e-02, 3.195974514179986681e-01
8.657885847038802873e-02, 5.167638936601632871e-01, 7.635178551490666432e-02, 3.203054623545421031e-01
8.673601956041818162e-02, 5.157443694409764579e-01, 7.650632869546432346e-02, 3.210132823031410787e-01
8.689417348657772766e-02, 5.147227286857434247e-01, 7.666220552192663795e-02, 3.217208923057521819e-01
8.705331806283346519e-02, 5.136989921164806239e-01, 7.681941645011865216e-02, 3.224282733705670645e-01
8.721345108450719030e-02, 5.126731805237962902e-01, 7.697796191881775552e-02, 3.231354064728786946e-01
8.737457032823946201e-02, 5.116453147662438639e-01, 7.713784234956344577e-02, 3.238422725559533255e-01
8.753667355195519917e-02, 5.106154157696660700e-01, 7.729905814646860496e-02, 3.245488525319100703e-01
8.769975849483142849e-02, 5.095835045265302288e-01, 7.746160969603123336e-02, 3.252551272826070816e-01
8.786382287726647589e-02, 5.085496020952539054e-01, 7.762549736694722424e-02, 3.259610776605323390e-01
8.802886440085146147e-02, 5.075137295995217901e-01, 7.779072150992388801e-02, 3.266666844897027633e-01
8.819488074834322400e-02, 5.064759082275933633e-01, 7.795728245749464214e-02, 3.273719285665688261e-01
8.836186958363970168e-02, 5.054361592316019003e-01, 7.812518052383436717e-02, 3.280767906609239892e-01
8.852982855175661747e-02, 5.043945039268448172e-01, 7.829441600457606731e-02, 3.287812515168225258e-01
8.869875527880648203e-02, 5.033509636910638019e-01, 7.846498917662832195e-02, 3.294852918535013386e-01
8.886864737197949782e-02, 5.023055599637180624e-01, 7.863690029799361159e-02, 3.301888923663088282e-01
8.903950241952619804e-02, 5.012583142452473606e-01, 7.881014960758814247e-02, 3.308920337276383128e-01
8.921131799074240309e-02, 5.002092480963263865e-01, 7.898473732506226808e-02, 3.315946965878689978e-01
8.938409163595574525e-02, 4.991583831371118052e-01, 7.916066365062228438e-02, 3.322968615763102207e-01
8.955782088651426109e-02, 4.981057410464792556e-01, 7.933792876485326606e-02, 3.329985093021531894e-01
8.973250325477731548e-02, 4.970513435612523567e-01, 7.951653282854323490e-02, 3.336996203554270513e-01
8.990813623410798261e-02, 4.959952124754235525e-01, 7.969647598250800824e-02, 3.344001753079605121e-01
9.008471729886784185e-02, 4.949373696393657429e-01, 7.987775834741764336e-02, 3.351001547143486747e-01
9.026224390441374423e-02, 4.938778369590369199e-01, 8.006038002362413086e-02, 3.357995391129253160e-01
9.044071348709613323e-02, 4.928166363951749229e-01, 8.024434109099001788e-02, 3.364983090267389954e-01
9.062012346426015497e-02, 4.917537899624853104e-01, 8.042964160871848844e-02, 3.371964449645361572e-01
9.080047123424808686e-02, 4.906893197288200725e-01, 8.061628161518485935e-02, 3.378939274217470090e-01
9.098175417640434748e-02, 4.896232478143495714e-01, 8.080426112776896430e-02, 3.385907368814770613e-01
9.116396965108210237e-02, 4.885555963907250443e-01, 8.099358014268917549e-02, 3.392868538155036640e-01
9.134711499965245118e-02, 4.874863876802340013e-01, 8.118423863483781311e-02, 3.399822586852757067e-01
9.153118754451494699e-02, 4.864156439549481847e-01, 8.137623655761760944e-02, 3.406769319429192588e-01
9.171618458911091898e-02, 4.853433875358624250e-01, 8.156957384278008816e-02, 3.413708540322465956e-01
9.190210341793844662e-02, 4.842696407920276114e-01, 8.176425040026462365e-02, 3.420640053897692212e-01
9.208894129656960970e-02, 4.831944261396745044e-01, 8.196026611803969297e-02, 3.427563664457162207e-01
9.227669547166934827e-02, 4.821177660413308308e-01, 8.215762086194498826e-02, 3.434479176250547772e-01
9.246536317101741731e-02, 4.810396830049311068e-01, 8.235631447553537487e-02, 3.441386393485160178e-01
9.265494160353117403e-02, 4.799601995829187451e-01, 8.255634677992611248e-02, 3.448285120336239684e-01
9.284542795929134895e-02, 4.788793383713406127e-01, 8.275771757363988013e-02, 3.455175160957281166e-01
9.303681940956970431e-02, 4.777971220089358706e-01, 8.296042663245489779e-02, 3.462056319490396383e-01
9.322911310685855213e-02, 4.767135731762154882e-01, 8.316447370925496296e-02, 3.468928400076710661e-01
9.342230618490254823e-02, 4.756287145945372608e-01, 8.336985853388104162e-02, 3.475791206866791216e-01
9.361639575873294261e-02, 4.745425690251721673e-01, 8.357658081298421915e-02, 3.482644544031107126e-01
9.381137892470302331e-02, 4.734551592683645671e-01, 8.378464022988038606e-02, 3.489488215770520374e-01
9.400725276052657176e-02, 4.723665081623859563e-01, 8.399403644440689432e-02, 3.496322026326806331e-01
9.420401432531798347e-02, 4.712766385825820636e-01, 8.420476909278007405e-02, 3.503145779993198650e-01
9.440166065963465081e-02, 4.701855734404128961e-01, 8.441683778745526223e-02, 3.509959281124971908e-01
9.460018878552131638e-02, 4.690933356824872891e-01, 8.463024211698792765e-02, 3.516762334150035363e-01
9.479959570655660528e-02, 4.679999482895905172e-01, 8.484498164589691915e-02, 3.523554743579558890e-01
9.499987840790176385e-02, 4.669054342757064102e-01, 8.506105591452904624e-02, 3.530336314018626687e-01
9.520103385635128590e-02, 4.658098166870326406e-01, 8.527846443892585226e-02, 3.537106850176903183e-01
9.540305900038587028e-02, 4.647131186009903492e-01, 8.549720671069160893e-02, 3.543866156879322271e-01
9.560595077022736310e-02, 4.636153631252287188e-01, 8.571728219686353123e-02, 3.550614039076803730e-01
9.580970607789579541e-02, 4.625165733966226100e-01, 8.593869033978357441e-02, 3.557350301856980201e-01
9.601432181726855808e-02, 4.614167725802650333e-01, 8.616143055697221553e-02, 3.564074750454941376e-01
9.621979486414172777e-02, 4.603159838684549032e-01, 8.638550224100370600e-02, 3.570787190263997046e-01
9.642612207629329413e-02, 4.592142304796778540e-01, 8.661090475938365563e-02, 3.577487426846451268e-01
9.663330029354882944e-02, 4.581115356575835573e-01, 8.683763745442799054e-02, 3.584175265944397060e-01
9.684132633784879596e-02, 4.570079226699561570e-01, 8.706569964314408994e-02, 3.590850513490509988e-01
9.705019701331825399e-02, 4.559034148076813175e-01, 8.729509061711369922e-02, 3.597512975618866737e-01
9.725990910633876274e-02, 4.547980353837070555e-01, 8.752580964237788308e-02, 3.604162458675762570e-01
9.747045938562183542e-02, 4.536918077320003517e-01, 8.775785595932357464e-02, 3.610798769230542105e-01
9.768184460228500343e-02, 4.525847552064992674e-01, 8.799122878257252534e-02, 3.617421714086431761e-01
9.789406148992971235e-02, 4.514769011800601750e-01, 8.822592730087167046e-02, 3.624031100291384422e-01
9.810710676472113312e-02, 4.503682690434003821e-01, 8.846195067698578440e-02, 3.630626735148926310e-01
9.832097712547049895e-02, 4.492588822040372576e-01, 8.869929804759217606e-02, 3.637208426228999425e-01
9.853566925371895491e-02, 4.481487640852223620e-01, 8.893796852317706336e-02, 3.643775981378816198e-01
9.875117981382361410e-02, 4.470379381248716366e-01, 8.917796118793430704e-02, 3.650329208733704145e-01
9.896750545304588975e-02, 4.459264277744924843e-01, 8.941927509966564325e-02, 3.656867916727959966e-01
9.918464280164158986e-02, 4.448142564981059088e-01, 8.966190928968352514e-02, 3.663391914105689762e-01
9.940258847295306566e-02, 4.437014477711657690e-01, 8.990586276271560207e-02, 3.669901009931657021e-01
9.962133906350341406e-02, 4.425880250794739790e-01, 9.015113449681137758e-02, 3.676395013602112849e-01
9.984089115309276175e-02, 4.414740119180931011e-01, 9.039772344325082420e-02, 3.682873734855633407e-01
1.000612413048962562e-01, 4.403594317902548294e-01, 9.064562852645549618e-02, 3.689336983783934598e-01
1.002823860655644439e-01, 4.392443082062654769e-01, 9.089484864390071084e-02, 3.695784570842693961e-01
1.005043219653252717e-01, 4.381286646824091302e-01, 9.114538266603108840e-02, 3.702216306862344819e-01
1.007270455180881708e-01, 4.370125247398470858e-01, 9.139722943617718809e-02, 3.708632003058875415e-01
1.009505532215502488e-01, 4.358959119035149543e-01, 9.165038777047482266e-02, 3.715031471044600853e-01
1.011748415573040100e-01, 4.347788497010172670e-01, 9.190485645778614932e-02, 3.721414522838927263e-01
1.013999069909475026e-01, 4.336613616615191402e-01, 9.216063425962318922e-02, 3.727780970879102096e-01
1.016257459721961187e-01, 4.325434713146367183e-01, 9.241771991007312337e-02, 3.734130628030941645e-01
1.018523549349962254e-01, 4.314252021893233979e-01, 9.267611211572593377e-02, 3.740463307599545262e-01
1.020797302976407667e-01, 4.303065778127566632e-01, 9.293580955560436230e-02, 3.746778823339984021e-01
1.023078684628869889e-01, 4.291876217092205348e-01, 9.319681088109547928e-02, 3.753076989467970526e-01
1.025367658180755814e-01, 4.280683573989875756e-01, 9.345911471588511099e-02, 3.759357620670517042e-01
1.027664187352519409e-01, 4.269488083971991754e-01, 9.372271965589398790e-02, 3.765620532116547570e-01
1.029968235712894475e-01, 4.258289982127445028e-01, 9.398762426921591917e-02, 3.771865539467500472e-01
1.032279766680141014e-01, 4.247089503471366267e-01, 9.425382709605864551e-02, 3.778092458887906679e-01
1.034598743523312964e-01, 4.235886882933894149e-01, 9.452132664868642675e-02, 3.784301107055929037e-01
1.036925129363544806e-01, 4.224682355348923779e-01, 9.479012141136516911e-02, 3.790491301173879446e-01
1.039258887175353030e-01, 4.213476155442846260e-01, 9.506020984030952303e-02, 3.796662858978706589e-01
1.041599979787956320e-01, 4.202268517823276595e-01, 9.533159036363221539e-02, 3.802815598752444237e-01
1.043948369886615879e-01, 4.191059676967787695e-01, 9.560426138129550500e-02, 3.808949339332641792e-01
1.046304020013988090e-01, 4.179849867212622749e-01, 9.587822126506506670e-02, 3.815063900122737661e-01
1.048666892571500225e-01, 4.168639322741417574e-01, 9.615346835846595719e-02, 3.821159101102422628e-01
1.051036949820738087e-01, 4.157428277573911868e-01, 9.643000097674060689e-02, 3.827234762837942728e-01
1.053414153884853488e-01, 4.146216965554664347e-01, 9.670781740680958749e-02, 3.833290706492386013e-01
1.055798466749987008e-01, 4.135005620341766774e-01, 9.698691590723382272e-02, 3.839326753835906603e-01
1.058189850266710308e-01, 4.123794475395561321e-01, 9.726729470817951917e-02, 3.845342727255932624e-01
1.060588266151478581e-01, 4.112583763967356809e-01, 9.754895201138533145e-02, 3.851338449767309768e-01
1.062993675988107845e-01, 4.101373719088159953e-01, 9.783188599013160902e-02, 3.857313745022417084e-01
1.065406041229259027e-01, 4.090164573557396044e-01, 9.811609478921157201e-02, 3.863268437321227822e-01
1.067825323197945653e-01, 4.078956559931659065e-01, 9.840157652490562346e-02, 3.869202351621338631e-01
1.070251483089052075e-01, 4.067749910513451805e-01, 9.868832928495666068e-02, 3.875115313547928819e-01
1.072684481970870574e-01, 4.056544857339942634e-01, 9.897635112854846762e-02, 3.881007149403701284e-01
1.075124280786650816e-01, 4.045341632171745028e-01, 9.926564008628621649e-02, 3.886877686178742408e-01
1.077570840356166515e-01, 4.034140466481691001e-01, 9.955619416017881529e-02, 3.892726751560354193e-01
1.080024121377296392e-01, 4.022941591443633946e-01, 9.984801132362393361e-02, 3.898554173942829770e-01
1.082484084427619425e-01, 4.011745237921265916e-01, 1.001410895213948604e-01, 3.904359782437166193e-01
1.084950689966025228e-01, 4.000551636456942672e-01, 1.004354266696297904e-01, 3.910143406880733918e-01
1.087423898334337891e-01, 3.989361017260540931e-01, 1.007310206558233029e-01, 3.915904877846888010e-01
1.089903669758955085e-01, 3.978173610198329491e-01, 1.010278693388200338e-01, 3.921644026654515502e-01
1.092389964352500492e-01, 3.966989644781859226e-01, 1.013259705488103457e-01, 3.927360685377536131e-01
1.094882742115488583e-01, 3.955809350156882509e-01, 1.016253220873288982e-01, 3.933054686854339788e-01
1.097381962938005773e-01, 3.944632955092295390e-01, 1.019259217272542456e-01, 3.938725864697157353e-01
1.099887586601401845e-01, 3.933460687969100866e-01, 1.022277672128116682e-01, 3.944374053301379912e-01
1.102399572779997061e-01, 3.922292776769409350e-01, 1.025308562595780015e-01, 3.949999087854813573e-01
1.104917881042798561e-01, 3.911129449065458008e-01, 1.028351865544879645e-01, 3.955600804346863231e-01
1.107442470855235644e-01, 3.899970932008666735e-01, 1.031407557558435967e-01, 3.961179039577661376e-01
1.109973301580898103e-01, 3.888817452318720780e-01, 1.034475614933254156e-01, 3.966733631167127516e-01
1.112510332483295783e-01, 3.877669236272691666e-01, 1.037556013680054623e-01, 3.972264417563958205e-01
1.115053522727626339e-01, 3.866526509694188651e-01, 1.040648729523631216e-01, 3.977771238054554348e-01
1.117602831382552148e-01, 3.855389497942546262e-01, 1.043753737903026779e-01, 3.983253932771874672e-01
1.120158217421993035e-01, 3.844258425902049581e-01, 1.046871013971731879e-01, 3.988712342704225922e-01
1.122719639726929008e-01, 3.833133517971196169e-01, 1.050000532597903519e-01, 3.994146309703971442e-01
1.125287057087210746e-01, 3.822014998052000734e-01, 1.053142268364608003e-01, 3.999555676496180379e-01
1.127860428203387028e-01, 3.810903089539339206e-01, 1.056296195570080587e-01, 4.004940286687193041e-01
1.130439711688537713e-01, 3.799798015310329458e-01, 1.059462288228011223e-01, 4.010299984773121884e-01
1.133024866070116848e-01, 3.788699997713768641e-01, 1.062640520067846678e-01, 4.015634616148268665e-01
1.135615849791810905e-01, 3.777609258559599392e-01, 1.065830864535118466e-01, 4.020944027113470542e-01
1.138212621215402148e-01, 3.766526019108437096e-01, 1.069033294791787714e-01, 4.026228064884373459e-01
1.140815138622641445e-01, 3.755450500061132124e-01, 1.072247783716613750e-01, 4.031486577599613375e-01
1.143423360217135087e-01, 3.744382921548388699e-01, 1.075474303905539220e-01, 4.036719414328936995e-01
1.146037244126235227e-01, 3.733323503120430931e-01, 1.078712827672102526e-01, 4.041926425081230900e-01
1.148656748402943073e-01, 3.722272463736721604e-01, 1.081963327047862633e-01, 4.047107460812472413e-01
1.151281831027818336e-01, 3.711230021755727582e-01, 1.085225773782852038e-01, 4.052262373433602738e-01
1.153912449910898946e-01, 3.700196394924746834e-01, 1.088500139346044587e-01, 4.057391015818309632e-01
1.156548562893626314e-01, 3.689171800369785426e-01, 1.091786394925846476e-01, 4.062493241810740119e-01
1.159190127750783783e-01, 3.678156454585495005e-01, 1.095084511430604729e-01, 4.067568906233115511e-01
1.161837102192435078e-01, 3.667150573425156379e-01, 1.098394459489138442e-01, 4.072617864893270934e-01
1.164489443865874829e-01, 3.656154372090736349e-01, 1.101716209451287093e-01, 4.077639974592101035e-01
1.167147110357589501e-01, 3.645168065122996737e-01, 1.105049731388481615e-01, 4.082635093130932424e-01
1.169810059195215829e-01, 3.634191866391660031e-01, 1.108394995094333230e-01, 4.087603079318791188e-01
1.172478247849515071e-01, 3.623225989085646637e-01, 1.111751970085239211e-01, 4.092543792979598249e-01
1.175151633736349899e-01, 3.612270645703366534e-01, 1.115120625601013493e-01, 4.097457094959269797e-01
1.177830174218664899e-01, 3.601326048043080874e-01, 1.118500930605532684e-01, 4.102342847132721682e-01
1.180513826608477757e-01, 3.590392407193323532e-01, 1.121892853787401223e-01, 4.107200912410797211e-01
1.183202548168874046e-01, 3.579469933523396485e-01, 1.125296363560635976e-01, 4.112031154747093353e-01
1.185896296116005638e-01, 3.568558836673924040e-01, 1.128711428065372335e-01, 4.116833439144698126e-01
1.188595027621097561e-01, 3.557659325547481433e-01, 1.132138015168582812e-01, 4.121607631662839166e-01
1.191298699812456396e-01, 3.546771608299291723e-01, 1.135576092464817693e-01, 4.126353599423434604e-01
1.194007269777487140e-01, 3.535895892327990953e-01, 1.139025627276966934e-01, 4.131071210617554557e-01
1.196720694564708948e-01, 3.525032384266470475e-01, 1.142486586657036063e-01, 4.135760334511783265e-01
1.199438931185782403e-01, 3.514181289972787559e-01, 1.145958937386937077e-01, 4.140420841454492962e-01
1.202161936617531929e-01, 3.503342814521143156e-01, 1.149442645979307787e-01, 4.145052602882016157e-01
1.204889667803980408e-01, 3.492517162192953495e-01, 1.152937678678337130e-01, 4.149655491324728551e-01
1.207622081658381030e-01, 3.481704536467976618e-01, 1.156444001460614213e-01, 4.154229380413028694e-01
1.210359135065253583e-01, 3.470905140015527746e-01, 1.159961580035994561e-01, 4.158774144883225499e-01
1.213100784882426147e-01, 3.460119174685768462e-01, 1.163490379848481915e-01, 4.163289660583322505e-01
1.215846987943077773e-01, 3.449346841501076399e-01, 1.167030366077127790e-01, 4.167775804478718871e-01
1.218597701057779203e-01, 3.438588340647487085e-01, 1.170581503636947268e-01, 4.172232454657787137e-01
1.221352881016545683e-01, 3.427843871466227377e-01, 1.174143757179852143e-01, 4.176659490337374936e-01
1.224112484590880873e-01, 3.417113632445321625e-01, 1.177717091095599605e-01, 4.181056791868197897e-01
1.226876468535829240e-01, 3.406397821211283872e-01, 1.181301469512758134e-01, 4.185424240740128199e-01
1.229644789592027471e-01, 3.395696634520888879e-01, 1.184896856299690882e-01, 4.189761719587392630e-01
1.232417404487756163e-01, 3.385010268253031973e-01, 1.188503215065550844e-01, 4.194069112193662408e-01
1.235194269940993045e-01, 3.374338917400669935e-01, 1.192120509161293807e-01, 4.198346303497043630e-01
1.237975342661469247e-01, 3.363682776062846269e-01, 1.195748701680711817e-01, 4.202593179594972250e-01
1.240760579352721132e-01, 3.353042037436810840e-01, 1.199387755461471389e-01, 4.206809627748996361e-01
1.243549936714145043e-01, 3.342416893810212786e-01, 1.203037633086178615e-01, 4.210995536389464666e-01
1.246343371443052739e-01, 3.331807536553390570e-01, 1.206698296883449151e-01, 4.215150795120107263e-01
1.249140840236723088e-01, 3.321214156111751414e-01, 1.210369708929000671e-01, 4.219275294722524827e-01
1.251942299794457369e-01, 3.310636941998233440e-01, 1.214051831046755459e-01, 4.223368927160554009e-01
1.254747706819628605e-01, 3.300076082785860510e-01, 1.217744624809958820e-01, 4.227431585584551788e-01
1.257557018021736583e-01, 3.289531766100390886e-01, 1.221448051542311508e-01, 4.231463164335562133e-01
1.260370190118451084e-01, 3.279004178613046938e-01, 1.225162072319118112e-01, 4.235463558949382756e-01
1.263187179837667873e-01, 3.268493506033355867e-01, 1.228886647968444601e-01, 4.239432666160530827e-01
1.266007943919547352e-01, 3.257999933102057599e-01, 1.232621739072294470e-01, 4.243370383906100995e-01
1.268832439118561251e-01, 3.247523643584125930e-01, 1.236367305967796398e-01, 4.247276611329516838e-01
1.271660622205535995e-01, 3.237064820261876807e-01, 1.240123308748402875e-01, 4.251151248784185155e-01
1.274492449969686358e-01, 3.226623644928163781e-01, 1.243889707265106448e-01, 4.254994197837042025e-01
1.277327879220658269e-01, 3.216200298379686129e-01, 1.247666461127665966e-01, 4.258805361271989498e-01
1.280166866790555247e-01, 3.205794960410366934e-01, 1.251453529705842949e-01, 4.262584643093235148e-01
1.283009369535971222e-01, 3.195407809804850507e-01, 1.255250872130657114e-01, 4.266331948528520601e-01
1.285855344340016693e-01, 3.185039024332084745e-01, 1.259058447295647865e-01, 4.270047184032249588e-01
1.288704748114339604e-01, 3.174688780739002292e-01, 1.262876213858151186e-01, 4.273730257288507750e-01
1.291557537801143185e-01, 3.164357254744296077e-01, 1.266704130240585424e-01, 4.277381077213975868e-01
1.294413670375202108e-01, 3.154044621032298656e-01, 1.270542154631753851e-01, 4.280999553960745940e-01
1.297273102845868664e-01, 3.143751053246956473e-01, 1.274390244988150567e-01, 4.284585598919024019e-01
1.300135792259080325e-01, 3.133476723985904600e-01, 1.278248359035286663e-01, 4.288139124719727580e-01
1.303001695699358420e-01, 3.123221804794634737e-01, 1.282116454269021100e-01, 4.291660045236985743e-01
1.305870770291802652e-01, 3.112986466160770349e-01, 1.285994487956902410e-01, 4.295148275590524589e-01
1.308742973204079507e-01, 3.102770877508438940e-01, 1.289882417139525117e-01, 4.298603732147956435e-01
1.311618261648409001e-01, 3.092575207192740927e-01, 1.293780198631893641e-01, 4.302026332526956431e-01
1.314496592883538373e-01, 3.082399622494325642e-01, 1.297687789024793426e-01, 4.305415995597342005e-01
1.317377924216716345e-01, 3.072244289614060597e-01, 1.301605144686180937e-01, 4.308772641483040733e-01
1.320262213005660712e-01, 3.062109373667811774e-01, 1.305532221762572553e-01, 4.312096191563956071e-01
1.323149416660512057e-01, 3.051995038681312167e-01, 1.309468976180448163e-01, 4.315386568477728724e-01
1.326039492645791351e-01, 3.041901447585144136e-01, 1.313415363647666978e-01, 4.318643696121397535e-01
1.328932398482344512e-01, 3.031828762209820560e-01, 1.317371339654886953e-01, 4.321867499652947697e-01
1.331828091749278631e-01, 3.021777143280961475e-01, 1.321336859476993919e-01, 4.325057905492766253e-01
1.334726530085895424e-01, 3.011746750414579510e-01, 1.325311878174542934e-01, 4.328214841324980466e-01
1.337627671193617196e-01, 3.001737742112472462e-01, 1.329296350595206011e-01, 4.331338236098704053e-01
1.340531472837897531e-01, 2.991750275757701916e-01, 1.333290231375222901e-01, 4.334428020029177930e-01
1.343437892850133930e-01, 2.981784507610195645e-01, 1.337293474940870475e-01, 4.337484124598799951e-01
1.346346889129568514e-01, 2.971840592802438286e-01, 1.341306035509930994e-01, 4.340506482558061374e-01
1.349258419645177343e-01, 2.961918685335269141e-01, 1.345327867093170648e-01, 4.343495027926383423e-01
1.352172442437555022e-01, 2.952018938073787679e-01, 1.349358923495825313e-01, 4.346449695992832263e-01
1.355088915620791534e-01, 2.942141502743354509e-01, 1.353399158319096574e-01, 4.349370423316757384e-01
1.358007797384336857e-01, 2.932286529925704488e-01, 1.357448524961647474e-01, 4.352257147728311182e-01
1.360929045994856978e-01, 2.922454169055153650e-01, 1.361506976621112419e-01, 4.355109808328876397e-01
1.363852619798085752e-01, 2.912644568414921586e-01, 1.365574466295608191e-01, 4.357928345491384747e-01
1.366778477220659538e-01, 2.902857875133544319e-01, 1.369650946785254675e-01, 4.360712700860542301e-01
1.369706576771949069e-01, 2.893094235181399854e-01, 1.373736370693700581e-01, 4.363462817352951051e-01
1.372636877045877168e-01, 2.883353793367336992e-01, 1.377830690429651950e-01, 4.366178639157133334e-01
1.375569336722731184e-01, 2.873636693335401837e-01, 1.381933858208413135e-01, 4.368860111733454121e-01
1.378503914570959887e-01, 2.863943077561670880e-01, 1.386045826053425023e-01, 4.371507181813944487e-01
1.381440569448961764e-01, 2.854273087351191784e-01, 1.390166545797813791e-01, 4.374119797402032384e-01
1.384379260306868864e-01, 2.844626862835020198e-01, 1.394295969085945219e-01, 4.376697907772165719e-01
1.387319946188311226e-01, 2.835004542967363705e-01, 1.398434047374978451e-01, 4.379241463469346618e-01
1.390262586232175468e-01, 2.825406265522830696e-01, 1.402580731936431124e-01, 4.381750416308562990e-01
1.393207139674352557e-01, 2.815832167093775262e-01, 1.406735973857741739e-01, 4.384224719374130719e-01
1.396153565849474198e-01, 2.806282383087755350e-01, 1.410899724043843950e-01, 4.386664327018926501e-01
1.399101824192635068e-01, 2.796757047725083045e-01, 1.415071933218736422e-01, 4.389069194863545187e-01
1.402051874241110052e-01, 2.787256294036487003e-01, 1.419252551927064343e-01, 4.391439279795338324e-01
1.405003675636053440e-01, 2.777780253860868687e-01, 1.423441530535699273e-01, 4.393774539967379988e-01
1.407957188124190073e-01, 2.768329057843163521e-01, 1.427638819235322876e-01, 4.396074934797324918e-01
1.410912371559494005e-01, 2.758902835432311407e-01, 1.431844368042018423e-01, 4.398340424966176720e-01
1.413869185904858827e-01, 2.749501714879314940e-01, 1.436058126798856749e-01, 4.400570972416968374e-01
1.416827591233745798e-01, 2.740125823235413649e-01, 1.440280045177493307e-01, 4.402766540353347802e-01
1.419787547731832522e-01, 2.730775286350346498e-01, 1.444510072679763557e-01, 4.404927093238057978e-01
1.422749015698640263e-01, 2.721450228870723187e-01, 1.448748158639281414e-01, 4.407052596791354304e-01
1.425711955549154586e-01, 2.712150774238497042e-01, 1.452994252223038241e-01, 4.409143017989309299e-01
1.428676327815428249e-01, 2.702877044689531716e-01, 1.457248302433009624e-01, 4.411198325062031245e-01
1.431642093148174921e-01, 2.693629161252270032e-01, 1.461510258107753812e-01, 4.413218487491800124e-01
1.434609212318351257e-01, 2.684407243746511629e-01, 1.465780067924022101e-01, 4.415203476011114736e-01
1.437577646218722027e-01, 2.675211410782269428e-01, 1.470057680398366429e-01, 4.417153262600641561e-01
1.440547355865415546e-01, 2.666041779758751007e-01, 1.474343043888744764e-01, 4.419067820487088682e-01
1.443518302399464104e-01, 2.656898466863417130e-01, 1.478636106596131206e-01, 4.420947124140987006e-01
1.446490447088333853e-01, 2.647781587071145748e-01, 1.482936816566131077e-01, 4.422791149274389877e-01
1.449463751327435546e-01, 2.638691254143499809e-01, 1.487245121690583816e-01, 4.424599872838481107e-01
1.452438176641631107e-01, 2.629627580628082217e-01, 1.491560969709180839e-01, 4.426373273021106391e-01
1.455413684686718001e-01, 2.620590677857995154e-01, 1.495884308211077596e-01, 4.428111329244208694e-01
1.458390237250902777e-01, 2.611580655951394325e-01, 1.500215084636498664e-01, 4.429814022161203124e-01
1.461367796256264895e-01, 2.602597623811132577e-01, 1.504553246278357848e-01, 4.431481333654243571e-01
1.464346323760201130e-01, 2.593641689124510097e-01, 1.508898740283864115e-01, 4.433113246831425491e-01
1.467325781956856368e-01, 2.584712958363110102e-01, 1.513251513656133362e-01, 4.434709746023900445e-01
1.470306133178546082e-01, 2.575811536782738886e-01, 1.517611513255802402e-01, 4.436270816782912352e-01
1.473287339897160764e-01, 2.566937528423444692e-01, 1.521978685802635456e-01, 4.437796445876758256e-01
1.476269364725552868e-01, 2.558091036109649830e-01, 1.526352977877132588e-01, 4.439286621287664714e-01
1.479252170418916268e-01, 2.549272161450357177e-01, 1.530734335922140643e-01, 4.440741332208585357e-01
1.482235719876149327e-01, 2.540481004839461598e-01, 1.535122706244456126e-01, 4.442160569039934059e-01
1.485219976141197162e-01, 2.531717665456149069e-01, 1.539518035016430586e-01, 4.443544323386223183e-01
1.488204902404391128e-01, 2.522982241265385728e-01, 1.543920268277579055e-01, 4.444892588052645199e-01
1.491190462003763872e-01, 2.514274829018499080e-01, 1.548329351936174325e-01, 4.446205357041563833e-01
1.494176618426354686e-01, 2.505595524253850237e-01, 1.552745231770850387e-01, 4.447482625548944690e-01
1.497163335309497356e-01, 2.496944421297596917e-01, 1.557167853432202265e-01, 4.448724389960703185e-01
1.500150576442098593e-01, 2.488321613264538323e-01, 1.561597162444376963e-01, 4.449930647848985843e-01
1.503138305765892024e-01, 2.479727192059059671e-01, 1.566033104206668580e-01, 4.451101397968380557e-01
1.506126487376690248e-01, 2.471161248376152475e-01, 1.570475623995109815e-01, 4.452236640252046906e-01
1.509115085525610245e-01, 2.462623871702533940e-01, 1.574924666964058750e-01, 4.453336375807797065e-01
1.512104064620289345e-01, 2.454115150317842664e-01, 1.579380178147783975e-01, 4.454400606914084570e-01
1.515093389226088716e-01, 2.445635171295923171e-01, 1.583842102462046653e-01, 4.455429337015941460e-01
1.518083024067275466e-01, 2.437184020506203141e-01, 1.588310384705679812e-01, 4.456422570720842136e-01
1.521072934028192547e-01, 2.428761782615142528e-01, 1.592784969562164032e-01, 4.457380313794500060e-01
1.524063084154419212e-01, 2.420368541087774827e-01, 1.597265801601200075e-01, 4.458302573156606718e-01
1.527053439653904832e-01, 2.412004378189329667e-01, 1.601752825280276515e-01, 4.459189356876488985e-01
1.530043965898096048e-01, 2.403669374986938112e-01, 1.606245984946236272e-01, 4.460040674168729291e-01
1.533034628423048940e-01, 2.395363611351419009e-01, 1.610745224836838962e-01, 4.460856535388694200e-01
1.536025392930520372e-01, 2.387087165959144996e-01, 1.615250489082313834e-01, 4.461636952028021352e-01
1.539016225289047968e-01, 2.378840116293993723e-01, 1.619761721706919622e-01, 4.462381936710039243e-01
1.542007091535015639e-01, 2.370622538649370947e-01, 1.624278866630489149e-01, 4.463091503185124265e-01
1.544997957873701366e-01, 2.362434508130321631e-01, 1.628801867669975312e-01, 4.463765666326001691e-01
1.547988790680307758e-01, 2.354276098655712912e-01, 1.633330668540993458e-01, 4.464404442122986150e-01
1.550979556500986789e-01, 2.346147382960492023e-01, 1.637865212859355435e-01, 4.465007847679166031e-01
1.553970222053835115e-01, 2.338048432598032189e-01, 1.642405444142601423e-01, 4.465575901205531828e-01
1.556960754229884392e-01, 2.329979317942542372e-01, 1.646951305811527599e-01, 4.466108622016045637e-01
1.559951120094076327e-01, 2.321940108191556662e-01, 1.651502741191707146e-01, 4.466606030522659587e-01
1.562941286886213310e-01, 2.313930871368499731e-01, 1.656059693515005982e-01, 4.467068148230280422e-01
1.565931222021904046e-01, 2.305951674325326661e-01, 1.660622105921096825e-01, 4.467494997731673578e-01
1.568920893093487257e-01, 2.298002582745226063e-01, 1.665189921458964106e-01, 4.467886602702322851e-01
1.571910267870941513e-01, 2.290083661145411453e-01, 1.669763083088404709e-01, 4.468242987895243434e-01
1.574899314302783127e-01, 2.282194972879966754e-01, 1.674341533681525662e-01, 4.468564179135724457e-01
1.577888000516942391e-01, 2.274336580142776731e-01, 1.678925216024232392e-01, 4.468850203316047653e-01
1.580876294821629835e-01, 2.266508543970515710e-01, 1.683514072817715312e-01, 4.469101088390138865e-01
1.583864165706183325e-01, 2.258710924245712626e-01, 1.688108046679925867e-01, 4.469316863368178461e-01
1.586851581841902670e-01, 2.250943779699879910e-01, 1.692707080147054788e-01, 4.469497558311162910e-01
1.589838512082868416e-01, 2.243207167916713152e-01, 1.697311115674991489e-01, 4.469643204325427499e-01
1.592824925466742036e-01, 2.235501145335352102e-01, 1.701920095640795660e-01, 4.469753833557109091e-01
1.595810791215556967e-01, 2.227825767253713285e-01, 1.706533962344144173e-01, 4.469829479186586130e-01
1.598796078736486326e-01, 2.220181087831880895e-01, 1.711152658008781857e-01, 4.469870175422851477e-01
1.601780757622603968e-01, 2.212567160095565699e-01, 1.715776124783968126e-01, 4.469875957497862484e-01
1.604764797653622510e-01, 2.204984035939630271e-01, 1.720404304745910551e-01, 4.469846861660836113e-01
1.607748168796622745e-01, 2.197431766131666686e-01, 1.725037139899194827e-01, 4.469782925172516297e-01
1.610730841206761410e-01, 2.189910400315642214e-01, 1.729674572178210579e-01, 4.469684186299386353e-01
1.613712785227970348e-01, 2.182419987015609131e-01, 1.734316543448566617e-01, 4.469550684307853627e-01
1.616693971393635409e-01, 2.174960573639463934e-01, 1.738962995508503417e-01, 4.469382459458397516e-01
1.619674370427262311e-01, 2.167532206482773172e-01, 1.743613870090295892e-01, 4.469179552999669180e-01
1.622653953243126390e-01, 2.160134930732657277e-01, 1.748269108861650045e-01, 4.468942007162565733e-01
1.625632690946910430e-01, 2.152768790471727978e-01, 1.752928653427095751e-01, 4.468669865154265564e-01
1.628610554836323054e-01, 2.145433828682082045e-01, 1.757592445329367870e-01, 4.468363171152226476e-01
1.631587516401705185e-01, 2.138130087249353606e-01, 1.762260426050785422e-01, 4.468021970298156065e-01
1.634563547326619015e-01, 2.130857606966818640e-01, 1.766932537014618554e-01, 4.467646308691943235e-01
1.637538619488427549e-01, 2.123616427539556373e-01, 1.771608719586453273e-01, 4.467236233385563082e-01
1.640512704958849433e-01, 2.116406587588657295e-01, 1.776288915075546204e-01, 4.466791792376946790e-01
1.643485776004510734e-01, 2.109228124655490588e-01, 1.780973064736174338e-01, 4.466313034603824894e-01
1.646457805087473691e-01, 2.102081075206015948e-01, 1.785661109768972576e-01, 4.465800009937538895e-01
1.649428764865751573e-01, 2.094965474635152036e-01, 1.790352991322272380e-01, 4.465252769176824010e-01
1.652398628193815500e-01, 2.087881357271188787e-01, 1.795048650493427378e-01, 4.464671364041568058e-01
1.655367368123076277e-01, 2.080828756380253830e-01, 1.799748028330129257e-01, 4.464055847166540358e-01
1.658334957902360129e-01, 2.073807704170820554e-01, 1.804451065831724488e-01, 4.463406272095095106e-01
1.661301370978367220e-01, 2.066818231798266958e-01, 1.809157703950516893e-01, 4.462722693272849206e-01
1.664266580996113798e-01, 2.059860369369480027e-01, 1.813867883593063557e-01, 4.462005166041342896e-01
1.667230561799363242e-01, 2.052934145947507283e-01, 1.818581545621467122e-01, 4.461253746631662076e-01
1.670193287431041562e-01, 2.046039589556244431e-01, 1.823298630854657543e-01, 4.460468492158057296e-01
1.673154732133635414e-01, 2.039176727185177951e-01, 1.828019080069664404e-01, 4.459649460611522231e-01
1.676114870349582342e-01, 2.032345584794162663e-01, 1.832742834002886456e-01, 4.458796710853367706e-01
1.679073676721642705e-01, 2.025546187318242042e-01, 1.837469833351351722e-01, 4.457910302608763531e-01
1.682031126093256335e-01, 2.018778558672509604e-01, 1.842200018773965386e-01, 4.456990296460268119e-01
1.684987193508888093e-01, 2.012042721757014985e-01, 1.846933330892759906e-01, 4.456036753841337017e-01
1.687941854214359827e-01, 2.005338698461700542e-01, 1.851669710294126525e-01, 4.455049737029814216e-01
1.690895083657166231e-01, 1.998666509671383762e-01, 1.856409097530046237e-01, 4.454029309141404602e-01
1.693846857486777102e-01, 1.992026175270773802e-01, 1.861151433119311305e-01, 4.452975534123138623e-01
1.696797151554927108e-01, 1.985417714149524948e-01, 1.865896657548738735e-01, 4.451888476746808654e-01
1.699745941915894454e-01, 1.978841144207325320e-01, 1.870644711274375149e-01, 4.450768202602404244e-01
1.702693204826758455e-01, 1.972296482359024161e-01, 1.875395534722696100e-01, 4.449614778091521283e-01
1.705638916747650446e-01, 1.965783744539785216e-01, 1.880149068291794290e-01, 4.448428270420768937e-01
1.708583054341989427e-01, 1.959302945710285904e-01, 1.884905252352564731e-01, 4.447208747595160494e-01
1.711525594476702994e-01, 1.952854099861933423e-01, 1.889664027249877420e-01, 4.445956278411485330e-01
1.714466514222438009e-01, 1.946437220022126935e-01, 1.894425333303745573e-01, 4.444670932451689205e-01
1.717405790853754055e-01, 1.940052318259541386e-01, 1.899189110810483028e-01, 4.443352780076221253e-01
1.720343401849305509e-01, 1.933699405689444650e-01, 1.903955300043858601e-01, 4.442001892417390407e-01
1.723279324892015296e-01, 1.927378492479043526e-01, 1.908723841256237952e-01, 4.440618341372704059e-01
1.726213537869224490e-01, 1.921089587852856662e-01, 1.913494674679717678e-01, 4.439202199598201726e-01
1.729146018872842472e-01, 1.914832700098117735e-01, 1.918267740527258292e-01, 4.437753540501780392e-01
1.732076746199475714e-01, 1.908607836570204164e-01, 1.923042978993799723e-01, 4.436272438236520399e-01
1.735005698350544634e-01, 1.902415003698087748e-01, 1.927820330257375703e-01, 4.434758967693991361e-01
1.737932854032390728e-01, 1.896254206989817781e-01, 1.932599734480221210e-01, 4.433213204497569726e-01
1.740858192156369277e-01, 1.890125451038023596e-01, 1.937381131809864654e-01, 4.431635224995742472e-01
1.743781691838931502e-01, 1.884028739525440144e-01, 1.942164462380220613e-01, 4.430025106255408018e-01
1.746703332401691178e-01, 1.877964075230458552e-01, 1.946949666312672023e-01, 4.428382926055178803e-01
1.749623093371483751e-01, 1.871931460032697780e-01, 1.951736683717141818e-01, 4.426708762878677761e-01
1.752540954480404922e-01, 1.865930894918598759e-01, 1.956525454693160415e-01, 4.425002695907836459e-01
1.755456895665850892e-01, 1.859962379987034065e-01, 1.961315919330925694e-01, 4.423264805016189904e-01
1.758370897070531680e-01, 1.854025914454943968e-01, 1.966108017712352163e-01, 4.421495170762172466e-01
1.761282939042482232e-01, 1.848121496662986363e-01, 1.970901689912114563e-01, 4.419693874382416565e-01
1.764193002135059918e-01, 1.842249124081206391e-01, 1.975696875998686486e-01, 4.417860997785047483e-01
1.767101067106926493e-01, 1.836408793314723009e-01, 1.980493516035363444e-01, 4.415996623542987054e-01
1.770007114922025060e-01, 1.830600500109432482e-01, 1.985291550081289547e-01, 4.414100834887252911e-01
1.772911126749538990e-01, 1.824824239357727973e-01, 1.990090918192466696e-01, 4.412173715700266619e-01
1.775813083963843075e-01, 1.819080005104232733e-01, 1.994891560422761556e-01, 4.410215350509162913e-01
1.778712968144443574e-01, 1.813367790551548286e-01, 1.999693416824904479e-01, 4.408225824479103383e-01
1.781610761075906324e-01, 1.807687588066018702e-01, 2.004496427451480933e-01, 4.406205223406593485e-01
1.784506444747771814e-01, 1.802039389183501261e-01, 2.009300532355911550e-01, 4.404153633712815652e-01
1.787400001354461920e-01, 1.796423184615157653e-01, 2.014105671593433844e-01, 4.402071142436945750e-01
1.790291413295176381e-01, 1.790838964253248511e-01, 2.018911785222065880e-01, 4.399957837229508950e-01
1.793180663173774558e-01, 1.785286717176944038e-01, 2.023718813303571340e-01, 4.397813806345710064e-01
1.796067733798649146e-01, 1.779766431658142967e-01, 2.028526695904412924e-01, 4.395639138638795518e-01
1.798952608182591284e-01, 1.774278095167299563e-01, 2.033335373096697429e-01, 4.393433923553410891e-01
1.801835269542640672e-01, 1.768821694379262288e-01, 2.038144784959119438e-01, 4.391198251118977880e-01
1.804715701299927366e-01, 1.763397215179114408e-01, 2.042954871577892240e-01, 4.388932211943065709e-01
1.807593887079504968e-01, 1.758004642668030137e-01, 2.047765573047672094e-01, 4.386635897204792522e-01
1.810469810710169658e-01, 1.752643961169130238e-01, 2.052576829472479991e-01, 4.384309398648219558e-01
1.813343456224274231e-01, 1.747315154233345103e-01, 2.057388580966613423e-01, 4.381952808575767522e-01
1.816214807857526037e-01, 1.742018204645285895e-01, 2.062200767655547329e-01, 4.379566219841641295e-01
1.819083850048780482e-01, 1.736753094429117072e-01, 2.067013329676833933e-01, 4.377149725845267403e-01
1.821950567439823421e-01, 1.731519804854435018e-01, 2.071826207180998969e-01, 4.374703420524742592e-01
1.824814944875139122e-01, 1.726318316442145562e-01, 2.076639340332417649e-01, 4.372227398350298500e-01
1.827676967401675734e-01, 1.721148608970349547e-01, 2.081452669310196180e-01, 4.369721754317778539e-01
1.830536620268595760e-01, 1.716010661480230071e-01, 2.086266134309045783e-01, 4.367186583942128664e-01
1.833393888927022097e-01, 1.710904452281931665e-01, 2.091079675540139515e-01, 4.364621983250906445e-01
1.836248759029767696e-01, 1.705829958960455306e-01, 2.095893233231976571e-01, 4.362028048777800704e-01
1.839101216431063557e-01, 1.700787158381540376e-01, 2.100706747631231608e-01, 4.359404877556165014e-01
1.841951247186272289e-01, 1.695776026697551619e-01, 2.105520159003594904e-01, 4.356752567112581187e-01
1.844798837551596682e-01, 1.690796539353366379e-01, 2.110333407634618075e-01, 4.354071215460419420e-01
1.847643973983772725e-01, 1.685848671092255724e-01, 2.115146433830540629e-01, 4.351360921093430645e-01
1.850486643139765408e-01, 1.680932395961766690e-01, 2.119959177919115145e-01, 4.348621782979352757e-01
1.853326831876440928e-01, 1.676047687319600354e-01, 2.124771580250431335e-01, 4.345853900553527382e-01
1.856164527250245277e-01, 1.671194517839485194e-01, 2.129583581197724007e-01, 4.343057373712545521e-01
1.858999716516861467e-01, 1.666372859517047944e-01, 2.134395121158181030e-01, 4.340232302807909837e-01
1.861832387130865074e-01, 1.661582683675681127e-01, 2.139206140553747137e-01, 4.337378788639706384e-01
1.864662526745374249e-01, 1.656823960972400034e-01, 2.144016579831915514e-01, 4.334496932450310758e-01
1.867490123211682229e-01, 1.652096661403699984e-01, 2.148826379466516334e-01, 4.331586835918102008e-01
1.870315164578890688e-01, 1.647400754311403315e-01, 2.153635479958503907e-01, 4.328648601151203201e-01
1.873137639093530038e-01, 1.642736208388500818e-01, 2.158443821836728282e-01, 4.325682330681241972e-01
1.875957535199172799e-01, 1.638102991684986520e-01, 2.163251345658710467e-01, 4.322688127457131047e-01
1.878774841536040019e-01, 1.633501071613683575e-01, 2.168057992011407087e-01, 4.319666094838869319e-01
1.881589546940601321e-01, 1.628930414956059891e-01, 2.172863701511969226e-01, 4.316616336591371228e-01
1.884401640445162451e-01, 1.624390987868037650e-01, 2.177668414808496822e-01, 4.313538956878302799e-01
1.887211111277448394e-01, 1.619882755885795611e-01, 2.182472072580792510e-01, 4.310434060255962652e-01
1.890017948860183150e-01, 1.615405683931551706e-01, 2.187274615541096590e-01, 4.307301751667168555e-01
1.892822142810652586e-01, 1.610959736319347302e-01, 2.192075984434831148e-01, 4.304142136435169519e-01
1.895623682940268395e-01, 1.606544876760811202e-01, 2.196876120041332259e-01, 4.300955320257588421e-01
1.898422559254122066e-01, 1.602161068370917540e-01, 2.201674963174573840e-01, 4.297741409200386276e-01
1.901218761950531078e-01, 1.597808273673730350e-01, 2.206472454683896522e-01, 4.294500509691842605e-01
1.904012281420578434e-01, 1.593486454608132596e-01, 2.211268535454718187e-01, 4.291232728516571338e-01
1.906803108247644984e-01, 1.589195572533549372e-01, 2.216063146409249229e-01, 4.287938172809556692e-01
1.909591233206937855e-01, 1.584935588235648896e-01, 2.220856228507200880e-01, 4.284616950050211814e-01
1.912376647265008889e-01, 1.580706461932038787e-01, 2.225647722746486035e-01, 4.281269168056466290e-01
1.915159341579265873e-01, 1.576508153277939861e-01, 2.230437570163915362e-01, 4.277894934978878627e-01
1.917939307497481816e-01, 1.572340621371851876e-01, 2.235225711835895079e-01, 4.274494359294772061e-01
1.920716536557294518e-01, 1.568203824761201237e-01, 2.240012088879107799e-01, 4.271067549802397556e-01
1.923491020485696978e-01, 1.564097721447971490e-01, 2.244796642451201973e-01, 4.267614615615130669e-01
1.926262751198529466e-01, 1.560022268894322994e-01, 2.249579313751468301e-01, 4.264135666155678961e-01
1.929031720799959937e-01, 1.555977424028191503e-01, 2.254360044021514742e-01, 4.260630811150333819e-01
1.931797921581956401e-01, 1.551963143248871191e-01, 2.259138774545936257e-01, 4.257100160623235596e-01
1.934561346023759287e-01, 1.547979382432584927e-01, 2.263915446652979835e-01, 4.253543824890675951e-01
1.937321986791346595e-01, 1.544026096938028447e-01, 2.268690001715207016e-01, 4.249961914555418496e-01
1.940079836736885999e-01, 1.540103241611904261e-01, 2.273462381150150313e-01, 4.246354540501059982e-01
1.942834888898192225e-01, 1.536210770794437519e-01, 2.278232526420967963e-01, 4.242721813886402571e-01
1.945587136498173886e-01, 1.532348638324863010e-01, 2.283000379037089800e-01, 4.239063846139873859e-01
1.948336572944270872e-01, 1.528516797546910500e-01, 2.287765880554865072e-01, 4.235380748953954111e-01
1.951083191827891750e-01, 1.524715201314252866e-01, 2.292528972578202762e-01, 4.231672634279651235e-01
1.953826986923847542e-01, 1.520943801995947586e-01, 2.297289596759210240e-01, 4.227939614320995187e-01
1.956567952189771087e-01, 1.517202551481851569e-01, 2.302047694798822208e-01, 4.224181801529556801e-01
1.959306081765539442e-01, 1.513491401188016561e-01, 2.306803208447436582e-01, 4.220399308599006583e-01
1.962041369972694904e-01, 1.509810302062069287e-01, 2.311556079505537875e-01, 4.216592248459698489e-01
1.964773811313842988e-01, 1.506159204588561062e-01, 2.316306249824318653e-01, 4.212760734273277574e-01
1.967503400472068176e-01, 1.502538058794305187e-01, 2.321053661306300975e-01, 4.208904879427325385e-01
1.970230132310330229e-01, 1.498946814253685200e-01, 2.325798255905952017e-01, 4.205024797530031999e-01
1.972954001870859120e-01, 1.495385420093950646e-01, 2.330539975630296634e-01, 4.201120602404894711e-01
1.975675004374545796e-01, 1.491853825000479250e-01, 2.335278762539524100e-01, 4.197192408085450022e-01
1.978393135220334609e-01, 1.488351977222026057e-01, 2.340014558747598450e-01, 4.193240328810042827e-01
1.981108389984593821e-01, 1.484879824575943696e-01, 2.344747306422856059e-01, 4.189264479016606146e-01
1.983820764420505534e-01, 1.481437314453386278e-01, 2.349476947788611547e-01, 4.185264973337495809e-01
1.986530254457430367e-01, 1.478024393824480254e-01, 2.354203425123752580e-01, 4.181241926594336800e-01
1.989236856200279624e-01, 1.474641009243482792e-01, 2.358926680763330785e-01, 4.177195453792907909e-01
1.991940565928880247e-01, 1.471287106853906568e-01, 2.363646657099155723e-01, 4.173125670118056907e-01
1.994641380097337824e-01, 1.467962632393627898e-01, 2.368363296580384969e-01, 4.169032690928649032e-01
1.997339295333387110e-01, 1.464667531199966843e-01, 2.373076541714107257e-01, 4.164916631752538789e-01
2.000034308437751152e-01, 1.461401748214742058e-01, 2.377786335065924794e-01, 4.160777608281582829e-01
2.002726416383487640e-01, 1.458165227989303703e-01, 2.382492619260539179e-01, 4.156615736366670033e-01
2.005415616315333605e-01, 1.454957914689541110e-01, 2.387195336982322613e-01, 4.152431132012803783e-01
2.008101905549048993e-01, 1.451779752100859910e-01, 2.391894430975898544e-01, 4.148223911374192552e-01
2.010785281570753869e-01, 1.448630683633143901e-01, 2.396589844046713713e-01, 4.143994190749389350e-01
2.013465742036260331e-01, 1.445510652325680545e-01, 2.401281519061609360e-01, 4.139742086576450042e-01
2.016143284770408328e-01, 1.442419600852066219e-01, 2.405969398949388549e-01, 4.135467715428136071e-01
2.018817907766388697e-01, 1.439357471525086751e-01, 2.410653426701387381e-01, 4.131171194007137171e-01
2.021489609185069536e-01, 1.436324206301569095e-01, 2.415333545372033708e-01, 4.126852639141327939e-01
2.024158387354316468e-01, 1.433319746787203586e-01, 2.420009698079415572e-01, 4.122512167779064374e-01
2.026824240768312357e-01, 1.430344034241347595e-01, 2.424681828005837980e-01, 4.118149896984503178e-01
2.029487168086866744e-01, 1.427397009581796161e-01, 2.429349878398383566e-01, 4.113765943932952140e-01
2.032147168134732784e-01, 1.424478613389527359e-01, 2.434013792569472978e-01, 4.109360425906266601e-01
2.034804239900915579e-01, 1.421588785913419639e-01, 2.438673513897412493e-01, 4.104933460288253122e-01
2.037458382537971624e-01, 1.418727467074945570e-01, 2.443328985826954958e-01, 4.100485164560126461e-01
2.040109595361321304e-01, 1.415894596472833944e-01, 2.447980151869851018e-01, 4.096015656295994845e-01
2.042757877848539183e-01, 1.413090113387704128e-01, 2.452626955605395065e-01, 4.091525053158361347e-01
2.045403229638657339e-01, 1.410313956786678480e-01, 2.457269340680980074e-01, 4.087013472893682997e-01
2.048045650531460371e-01, 1.407566065327960358e-01, 2.461907250812644110e-01, 4.082481033327934883e-01
2.050685140486771529e-01, 1.404846377365387144e-01, 2.466540629785614613e-01, 4.077927852362228101e-01
2.053321699623748553e-01, 1.402154830952954956e-01, 2.471169421454853798e-01, 4.073354047968442693e-01
2.055955328220168132e-01, 1.399491363849315051e-01, 2.475793569745606826e-01, 4.068759738184909991e-01
2.058586026711709260e-01, 1.396855913522242754e-01, 2.480413018653940538e-01, 4.064145041112108281e-01
2.061213795691238249e-01, 1.394248417153074182e-01, 2.485027712247286635e-01, 4.059510074908401767e-01
2.063838635908086805e-01, 1.391668811641120773e-01, 2.489637594664980969e-01, 4.054854957785811731e-01
2.066460548267328445e-01, 1.389117033608050777e-01, 2.494242610118808379e-01, 4.050179808005811566e-01
2.069079533829059070e-01, 1.386593019402240778e-01, 2.498842702893534773e-01, 4.045484743875163991e-01
2.071695593807664493e-01, 1.384096705103103064e-01, 2.503437817347450856e-01, 4.040769883741780477e-01
2.074308729571095467e-01, 1.381628026525380526e-01, 2.508027897912906146e-01, 4.036035345990617862e-01
2.076918942640135768e-01, 1.379186919223412966e-01, 2.512612889096845770e-01, 4.031281249039605497e-01
2.079526234687670838e-01, 1.376773318495376208e-01, 2.517192735481347809e-01, 4.026507711335606254e-01
2.082130607537949485e-01, 1.374387159387489288e-01, 2.521767381724159818e-01, 4.021714851350400299e-01
2.084732063165854743e-01, 1.372028376698197494e-01, 2.526336772559229504e-01, 4.016902787576717704e-01
2.087330603696160025e-01, 1.369696904982316277e-01, 2.530900852797242084e-01, 4.012071638524281059e-01
2.089926231402788881e-01, 1.367392678555158780e-01, 2.535459567326154851e-01, 4.007221522715897488e-01
2.092518948708078363e-01, 1.365115631496622572e-01, 2.540012861111726195e-01, 4.002352558683572870e-01
2.095108758182032405e-01, 1.362865697655253616e-01, 2.544560679198054620e-01, 3.997464864964660469e-01
2.097695662541576023e-01, 1.360642810652279988e-01, 2.549102966708107210e-01, 3.992558560098036780e-01
2.100279664649813693e-01, 1.358446903885612289e-01, 2.553639668844254196e-01, 3.987633762620319544e-01
2.102860767515278562e-01, 1.356277910533818798e-01, 2.558170730888801314e-01, 3.982690591062101881e-01
2.105438974291182486e-01, 1.354135763560068983e-01, 2.562696098204521600e-01, 3.977729163944227486e-01
2.108014288274667469e-01, 1.352020395716048429e-01, 2.567215716235187739e-01, 3.972749599774096363e-01
2.110586712906054319e-01, 1.349931739545842391e-01, 2.571729530506105532e-01, 3.967752017041998869e-01
2.113156251768087412e-01, 1.347869727389790773e-01, 2.576237486624644579e-01, 3.962736534217476958e-01
2.115722908585181139e-01, 1.345834291388314785e-01, 2.580739530280772853e-01, 3.957703269745732055e-01
2.118286687222666331e-01, 1.343825363485710855e-01, 2.585235607247585166e-01, 3.952652342044037925e-01
2.120847591686031985e-01, 1.341842875433919002e-01, 2.589725663381841625e-01, 3.947583869498209053e-01
2.123405626120165868e-01, 1.339886758796253741e-01, 2.594209644624495548e-01, 3.942497970459086787e-01
2.125960794808598453e-01, 1.337956944951118332e-01, 2.598687497001229141e-01, 3.937394763239053797e-01
2.128513102172743254e-01, 1.336053365095674905e-01, 2.603159166622987519e-01, 3.932274366108592933e-01
2.131062552771134377e-01, 1.334175950249495146e-01, 2.607624599686512723e-01, 3.927136897292858309e-01
2.133609151298663242e-01, 1.332324631258176018e-01, 2.612083742474874404e-01, 3.921982474968286891e-01
2.136152902585820856e-01, 1.330499338796928832e-01, 2.616536541358009393e-01, 3.916811217259241196e-01
2.138693811597929817e-01, 1.328700003374135574e-01, 2.620982942793255166e-01, 3.911623242234679720e-01
2.141231883434382699e-01, 1.326926555334880797e-01, 2.625422893325884410e-01, 3.906418667904852926e-01
2.143767123327874335e-01, 1.325178924864444940e-01, 2.629856339589644598e-01, 3.901197612218035848e-01
2.146299536643640482e-01, 1.323457041991780159e-01, 2.634283228307292557e-01, 3.895960193057287357e-01
2.148829128878686212e-01, 1.321760836592945354e-01, 2.638703506291131262e-01, 3.890706528237238282e-01
2.151355905661021528e-01, 1.320090238394516780e-01, 2.643117120443552182e-01, 3.885436735500908956e-01
2.153879872748895308e-01, 1.318445176976972277e-01, 2.647524017757571513e-01, 3.880150932516561180e-01
2.156401036030021756e-01, 1.316825581778039989e-01, 2.651924145317369752e-01, 3.874849236874569058e-01
2.158919401520816295e-01, 1.315231382096018198e-01, 2.656317450298836258e-01, 3.869531766084329805e-01
2.161434975365623956e-01, 1.313662507093074083e-01, 2.660703879970104935e-01, 3.864198637571196193e-01
2.163947763835950833e-01, 1.312118885798501666e-01, 2.665083381692104347e-01, 3.858849968673442876e-01
2.166457773329691916e-01, 1.310600447111957556e-01, 2.669455902919093404e-01, 3.853485876639258234e-01
2.168965010370361157e-01, 1.309107119806666719e-01, 2.673821391199210362e-01, 3.848106478623761761e-01
2.171469481606320973e-01, 1.307638832532597717e-01, 2.678179794175020167e-01, 3.842711891686062531e-01
2.173971193810008695e-01, 1.306195513819609633e-01, 2.682531059584054578e-01, 3.837302232786327094e-01
2.176470153877169689e-01, 1.304777092080570133e-01, 2.686875135259366720e-01, 3.831877618782894568e-01
2.178966368826077415e-01, 1.303383495614444110e-01, 2.691211969130072323e-01, 3.826438166429405041e-01
2.181459845796768771e-01, 1.302014652609353174e-01, 2.695541509221909271e-01, 3.820983992371969618e-01
2.183950592050264983e-01, 1.300670491145608509e-01, 2.699863703657776615e-01, 3.815515213146349338e-01
2.186438614967805560e-01, 1.299350939198711807e-01, 2.704178500658299678e-01, 3.810031945175184065e-01
2.188923922050066972e-01, 1.298055924642329551e-01, 2.708485848542370733e-01, 3.804534304765231911e-01
2.191406520916398815e-01, 1.296785375251241212e-01, 2.712785695727712998e-01, 3.799022408104647530e-01
2.193886419304043045e-01, 1.295539218704251094e-01, 2.717077990731431858e-01, 3.793496371260274280e-01
2.196363625067363490e-01, 1.294317382587081566e-01, 2.721362682170575531e-01, 3.787956310174981356e-01
2.198838146177072572e-01, 1.293119794395232169e-01, 2.725639718762686292e-01, 3.782402340665010354e-01
2.201309990719458876e-01, 1.291946381536809019e-01, 2.729909049326369463e-01, 3.776834578417361810e-01
2.203779166895611097e-01, 1.290797071335334778e-01, 2.734170622781849636e-01, 3.771253138987204490e-01
2.206245683020646997e-01, 1.289671791032518944e-01, 2.738424388151532995e-01, 3.765658137795301896e-01
2.208709547522935690e-01, 1.288570467791008423e-01, 2.742670294560572430e-01, 3.760049690125483179e-01
2.211170768943332698e-01, 1.287493028697108965e-01, 2.746908291237433741e-01, 3.754427911122125150e-01
2.213629355934395859e-01, 1.286439400763476626e-01, 2.751138327514459081e-01, 3.748792915787667601e-01
2.216085317259621212e-01, 1.285409510931782850e-01, 2.755360352828441495e-01, 3.743144818980154165e-01
2.218538661792665012e-01, 1.284403286075352923e-01, 2.759574316721187248e-01, 3.737483735410794816e-01
2.220989398516571844e-01, 1.283420653001775547e-01, 2.763780168840093698e-01, 3.731809779641558356e-01
2.223437536523001912e-01, 1.282461538455486605e-01, 2.767977858938716618e-01, 3.726123066082794866e-01
2.225883085011460816e-01, 1.281525869120323236e-01, 2.772167336877349730e-01, 3.720423708990866496e-01
2.228326053288521014e-01, 1.280613571622056523e-01, 2.776348552623598143e-01, 3.714711822465825430e-01
2.230766450767056042e-01, 1.279724572530888116e-01, 2.780521456252953993e-01, 3.708987520449100739e-01
2.233204286965467245e-01, 1.278858798363930183e-01, 2.784685997949379876e-01, 3.703250916721221864e-01
2.235639571506908285e-01, 1.278016175587651793e-01, 2.788842128005888377e-01, 3.697502124899551545e-01
2.238072314118518535e-01, 1.277196630620299755e-01, 2.792989796825118831e-01, 3.691741258436064266e-01
2.240502524630648418e-01, 1.276400089834295870e-01, 2.797128954919929078e-01, 3.685968430615127467e-01
2.242930212976091686e-01, 1.275626479558605308e-01, 2.801259552913978879e-01, 3.680183754551324959e-01
2.245355389189312156e-01, 1.274875726081079186e-01, 2.805381541542313895e-01, 3.674387343187293653e-01
2.247778063405678484e-01, 1.274147755650774094e-01, 2.809494871651957992e-01, 3.668579309291588597e-01
2.250198245860686452e-01, 1.273442494480237219e-01, 2.813599494202504436e-01, 3.662759765456572447e-01
2.252615946889197085e-01, 1.272759868747777856e-01, 2.817695360266704308e-01, 3.656928824096322139e-01
2.255031176924663927e-01, 1.272099804599703399e-01, 2.821782421031062138e-01, 3.651086597444570536e-01
2.257443946498366993e-01, 1.271462228152533680e-01, 2.825860627796435987e-01, 3.645233197552663618e-01
2.259854266238641718e-01, 1.270847065495191164e-01, 2.829929931978626967e-01, 3.639368736287539874e-01
2.262262146870113733e-01, 1.270254242691161994e-01, 2.833990285108984319e-01, 3.633493325329739121e-01
2.264667599212931148e-01, 1.269683685780635118e-01, 2.838041638835006042e-01, 3.627607076171427969e-01
2.267070634181997946e-01, 1.269135320782616427e-01, 2.842083944920935634e-01, 3.621710100114451381e-01
2.269471262786206256e-01, 1.268609073697015699e-01, 2.846117155248372166e-01, 3.615802508268406434e-01
2.271869496127672250e-01, 1.268104870506709947e-01, 2.850141221816875903e-01, 3.609884411548742733e-01
2.274265345400972860e-01, 1.267622637179585399e-01, 2.854156096744571158e-01, 3.603955920674870028e-01
2.276658821892376117e-01, 1.267162299670548942e-01, 2.858161732268762467e-01, 3.598017146168313030e-01
2.279049936979082869e-01, 1.266723783923518754e-01, 2.862158080746538547e-01, 3.592068198350861219e-01
2.281438702128455454e-01, 1.266307015873393005e-01, 2.866145094655390690e-01, 3.586109187342761406e-01
2.283825128897264967e-01, 1.265911921447989974e-01, 2.870122726593825058e-01, 3.580140223060920834e-01
2.286209228930919102e-01, 1.265538426569966513e-01, 2.874090929281978846e-01, 3.574161415217135818e-01
2.288591013962706644e-01, 1.265186457158714584e-01, 2.878049655562237019e-01, 3.568172873316340921e-01
2.290970495813035024e-01, 1.264855939132230600e-01, 2.881998858399855701e-01, 3.562174706654878675e-01
2.293347686388665374e-01, 1.264546798408963946e-01, 2.885938490883580010e-01, 3.556167024318792058e-01
2.295722597681957577e-01, 1.264258960909641627e-01, 2.889868506226266898e-01, 3.550149935182133620e-01
2.298095241770110320e-01, 1.263992352559069887e-01, 2.893788857765514089e-01, 3.544123547905306260e-01
2.300465630814399476e-01, 1.263746899287911674e-01, 2.897699498964281806e-01, 3.538087970933408433e-01
2.302833777059419829e-01, 1.263522527034444398e-01, 2.901600383411521711e-01, 3.532043312494612675e-01
2.305199692832333447e-01, 1.263319161746292718e-01, 2.905491464822811398e-01, 3.525989680598561882e-01
2.307563390542104464e-01, 1.263136729382136059e-01, 2.909372697040980005e-01, 3.519927183034778362e-01
2.309924882678749125e-01, 1.262975155913403091e-01, 2.913244034036741037e-01, 3.513855927371105636e-01
2.312284181812578332e-01, 1.262834367325931240e-01, 2.917105429909333525e-01, 3.507776020952156348e-01
2.314641300593439366e-01, 1.262714289621615082e-01, 2.920956838887153739e-01, 3.501687570897792368e-01
2.316996251749968427e-01, 1.262614848820028390e-01, 2.924798215328390238e-01, 3.495590684101613221e-01
2.319349048088832077e-01, 1.262535970960023957e-01, 2.928629513721671129e-01, 3.489485467229473392e-01
2.321699702493975614e-01, 1.262477582101311779e-01, 2.932450688686700779e-01, 3.483372026718012382e-01
2.324048227925870624e-01, 1.262439608326020313e-01, 2.936261694974900416e-01, 3.477250468773208092e-01
2.326394637420766964e-01, 1.262421975740228297e-01, 2.940062487470058161e-01, 3.471120899368946300e-01
2.328738944089936702e-01, 1.262424610475484099e-01, 2.943853021188970187e-01, 3.464983424245609012e-01
2.331081161118927492e-01, 1.262447438690298962e-01, 2.947633251282088529e-01, 3.458838148908683352e-01
2.333421301766814004e-01, 1.262490386571621104e-01, 2.951403133034176118e-01, 3.452685178627388773e-01
2.335759379365446031e-01, 1.262553380336287334e-01, 2.955162621864947936e-01, 3.446524618433319254e-01
2.338095407318704633e-01, 1.262636346232460238e-01, 2.958911673329728265e-01, 3.440356573119106587e-01
2.340429399101753016e-01, 1.262739210541034551e-01, 2.962650243120106275e-01, 3.434181147237106435e-01
2.342761368260289634e-01, 1.262861899577037150e-01, 2.966378287064584951e-01, 3.427998445098089375e-01
2.345091328409804055e-01, 1.263004339690992905e-01, 2.970095761129241119e-01, 3.421808570769960811e-01
2.347419293234834781e-01, 1.263166457270281928e-01, 2.973802621418385472e-01, 3.415611628076498096e-01
2.349745276488217349e-01, 1.263348178740471006e-01, 2.977498824175214831e-01, 3.409407720596096536e-01
2.352069291990351030e-01, 1.263549430566628384e-01, 2.981184325782479938e-01, 3.403196951660541480e-01
2.354391353628447758e-01, 1.263770139254615510e-01, 2.984859082763142157e-01, 3.396979424353794297e-01
2.356711475355796614e-01, 1.264010231352368230e-01, 2.988523051781039608e-01, 3.390755241510796103e-01
2.359029671191018862e-01, 1.264269633451147457e-01, 2.992176189641549411e-01, 3.384524505716283715e-01
2.361345955217331594e-01, 1.264548272186779010e-01, 2.995818453292257155e-01, 3.378287319303631686e-01
2.363660341581804436e-01, 1.264846074240874030e-01, 2.999449799823619145e-01, 3.372043784353702112e-01
2.365972844494624860e-01, 1.265162966342028017e-01, 3.003070186469634639e-01, 3.365794002693713871e-01
2.368283478228355443e-01, 1.265498875267001833e-01, 3.006679570608511987e-01, 3.359538075896130738e-01
2.370592257117203061e-01, 1.265853727841889931e-01, 3.010277909763343640e-01, 3.353276105277563368e-01
2.372899195556279761e-01, 1.266227450943262778e-01, 3.013865161602772291e-01, 3.347008191897686280e-01
2.375204308000863074e-01, 1.266619971499294561e-01, 3.017441283941671992e-01, 3.340734436558170928e-01
2.377507608965671038e-01, 1.267031216490879242e-01, 3.021006234741810403e-01, 3.334454939801638207e-01
2.379809113024120570e-01, 1.267461112952717739e-01, 3.024559972112536577e-01, 3.328169801910624837e-01
2.382108834807596942e-01, 1.267909587974396235e-01, 3.028102454311449865e-01, 3.321879122906556958e-01
2.384406789004721861e-01, 1.268376568701446716e-01, 3.031633639745077158e-01, 3.315583002548755376e-01
2.386702990360621834e-01, 1.268861982336383365e-01, 3.035153486969552339e-01, 3.309281540333441907e-01
2.388997453676199312e-01, 1.269365756139734236e-01, 3.038661954691299627e-01, 3.302974835492767380e-01
2.391290193807399656e-01, 1.269887817431043231e-01, 3.042159001767705262e-01, 3.296662986993851852e-01
2.393581225664485335e-01, 1.270428093589865692e-01, 3.045644587207806397e-01, 3.290346093537842576e-01
2.395870564211305398e-01, 1.270986512056742346e-01, 3.049118670172966672e-01, 3.284024253558985862e-01
2.398158224464571608e-01, 1.271563000334157145e-01, 3.052581209977563992e-01, 3.277697565223707254e-01
2.400444221493127361e-01, 1.272157485987482073e-01, 3.056032166089671653e-01, 3.271366126429719468e-01
2.402728570417226317e-01, 1.272769896645903343e-01, 3.059471498131741685e-01, 3.265030034805129211e-01
2.405011286407804927e-01, 1.273400160003333170e-01, 3.062899165881292629e-01, 3.258689387707569551e-01
2.407292384685760234e-01, 1.274048203819304892e-01, 3.066315129271592888e-01, 3.252344282223342820e-01
2.409571880521224896e-01, 1.274713955919853370e-01, 3.069719348392347391e-01, 3.245994815166574621e-01
2.411849789232847208e-01, 1.275397344198381799e-01, 3.073111783490387050e-01, 3.239641083078383943e-01
2.414126126187066956e-01, 1.276098296616509642e-01, 3.076492394970352651e-01, 3.233283182226071029e-01
2.416400906797397385e-01, 1.276816741204908623e-01, 3.079861143395385970e-01, 3.226921208602309132e-01
2.418674146523702440e-01, 1.277552606064123186e-01, 3.083217989487817001e-01, 3.220555257924358483e-01
2.420945860871481226e-01, 1.278305819365375129e-01, 3.086562894129853962e-01, 3.214185425633290794e-01
2.423216065391147200e-01, 1.279076309351357965e-01, 3.089895818364271629e-01, 3.207811806893223205e-01
2.425484775677311799e-01, 1.279864004337009920e-01, 3.093216723395104673e-01, 3.201434496590573886e-01
2.427752007368068066e-01, 1.280668832710278315e-01, 3.096525570588333220e-01, 3.195053589333319843e-01
2.430017776144274555e-01, 1.281490722932870641e-01, 3.099822321472578412e-01, 3.188669179450276392e-01
2.432282097728840908e-01, 1.282329603540984519e-01, 3.103106937739790183e-01, 3.182281360990383834e-01
2.434544987886013701e-01, 1.283185403146034353e-01, 3.106379381245941151e-01, 3.175890227722011350e-01
2.436806462420662844e-01, 1.284058050435355203e-01, 3.109639614011713848e-01, 3.169495873132267549e-01
2.439066537177570215e-01, 1.284947474172899728e-01, 3.112887598223200158e-01, 3.163098390426329343e-01
2.441325228040718831e-01, 1.285853603199916539e-01, 3.116123296232585771e-01, 3.156697872526779691e-01
2.443582550932578146e-01, 1.286776366435621599e-01, 3.119346670558844070e-01, 3.150294412072955352e-01
2.445838521813400168e-01, 1.287715692877850204e-01, 3.122557683888432800e-01, 3.143888101420316272e-01
2.448093156680505866e-01, 1.288671511603702025e-01, 3.125756299075980738e-01, 3.137479032639811649e-01
2.450346471567580453e-01, 1.289643751770167823e-01, 3.128942479144980471e-01, 3.131067297517272641e-01
2.452598482543961178e-01, 1.290632342614750350e-01, 3.132116187288482290e-01, 3.124652987552805072e-01
2.454849205713937610e-01, 1.291637213456066635e-01, 3.135277386869789185e-01, 3.118236193960206570e-01
2.457098657216040816e-01, 1.292658293694440574e-01, 3.138426041423139634e-01, 3.111817007666379808e-01
2.459346853222341145e-01, 1.293695512812485793e-01, 3.141562114654406490e-01, 3.105395519310766295e-01
2.461593809937742683e-01, 1.294748800375672415e-01, 3.144685570441787537e-01, 3.098971819244796810e-01
2.463839543599282145e-01, 1.295818086032885230e-01, 3.147796372836494383e-01, 3.092545997531337409e-01
2.466084070475425272e-01, 1.296903299516969088e-01, 3.150894486063444688e-01, 3.086118143944160397e-01
2.468327406865365725e-01, 1.298004370645262917e-01, 3.153979874521951610e-01, 3.079688347967419193e-01
2.470569569098324814e-01, 1.299121229320121806e-01, 3.157052502786414916e-01, 3.073256698795139297e-01
2.472810573532851497e-01, 1.300253805529429374e-01, 3.160112335607009326e-01, 3.066823285330710913e-01
2.475050436556124056e-01, 1.301402029347098477e-01, 3.163159337910373403e-01, 3.060388196186403231e-01
2.477289174583253706e-01, 1.302565830933560542e-01, 3.166193474800301222e-01, 3.053951519682883697e-01
2.479526804056582656e-01, 1.303745140536244629e-01, 3.169214711558427378e-01, 3.047513343848745615e-01
2.481763341444992166e-01, 1.304939888490044553e-01, 3.172223013644912548e-01, 3.041073756420049623e-01
2.483998803243207265e-01, 1.306150005217781018e-01, 3.175218346699135163e-01, 3.034632844839877941e-01
2.486233205971098426e-01, 1.307375421230643209e-01, 3.178200676540371417e-01, 3.028190696257887504e-01
2.488466566172993777e-01, 1.308616067128630100e-01, 3.181169969168486378e-01, 3.021747397529890855e-01
2.490698900416979111e-01, 1.309871873600978176e-01, 3.184126190764613451e-01, 3.015303035217429817e-01
2.492930225294211488e-01, 1.311142771426576925e-01, 3.187069307691841602e-01, 3.008857695587369707e-01
2.495160557418228398e-01, 1.312428691474378240e-01, 3.189999286495892594e-01, 3.002411464611501324e-01
2.497389913424250818e-01, 1.313729564703793318e-01, 3.192916093905810437e-01, 2.995964427966146260e-01
2.499618309968501817e-01, 1.315045322165081521e-01, 3.195819696834633628e-01, 2.989516671031782757e-01
2.501845763727514882e-01, 1.316375894999730900e-01, 3.198710062380079044e-01, 2.983068278892675451e-01
2.504072291397443362e-01, 1.317721214440825961e-01, 3.201587157825222518e-01, 2.976619336336508437e-01
2.506297909693379622e-01, 1.319081211813411258e-01, 3.204450950639168294e-01, 2.970169927854039993e-01
2.508522635348663932e-01, 1.320455818534841952e-01, 3.207301408477735150e-01, 2.963720137638758412e-01
2.510746485114200843e-01, 1.321844966115125752e-01, 3.210138499184122529e-01, 2.957270049586549487e-01
2.512969475757778626e-01, 1.323248586157260431e-01, 3.212962190789590000e-01, 2.950819747295370665e-01
2.515191624063379261e-01, 1.324666610357557173e-01, 3.215772451514124497e-01, 2.944369314064939069e-01
2.517412946830501763e-01, 1.326098970505958374e-01, 3.218569249767114782e-01, 2.937918832896423971e-01
2.519633460873478281e-01, 1.327545598486349065e-01, 3.221352554148020908e-01, 2.931468386492152578e-01
2.521853183020792977e-01, 1.329006426276853337e-01, 3.224122333447037025e-01, 2.925018057255316384e-01
2.524072130114403678e-01, 1.330481385950132156e-01, 3.226878556645765839e-01, 2.918567927289698605e-01
2.526290319009062424e-01, 1.331970409673664812e-01, 3.229621192917874750e-01, 2.912118078399397736e-01
2.528507766571635451e-01, 1.333473429710028413e-01, 3.232350211629765879e-01, 2.905668592088569424e-01
2.530724489680431510e-01, 1.334990378417164891e-01, 3.235065582341232759e-01, 2.899219549561171116e-01
2.532940505224517969e-01, 1.336521188248644965e-01, 3.237767274806122031e-01, 2.892771031720715591e-01
2.535155830103051344e-01, 1.338065791753920430e-01, 3.240455258972991248e-01, 2.886323119170037255e-01
2.537370481224600627e-01, 1.339624121578574800e-01, 3.243129504985765021e-01, 2.879875892211060107e-01
2.539584475506475036e-01, 1.341196110464557834e-01, 3.245789983184387273e-01, 2.873429430844580690e-01
2.541797829874048453e-01, 1.342781691250423404e-01, 3.248436664105476268e-01, 2.866983814770051597e-01
2.544010561260091063e-01, 1.344380796871552375e-01, 3.251069518482972986e-01, 2.860539123385382743e-01
2.546222686604097118e-01, 1.345993360360372981e-01, 3.253688517248788936e-01, 2.854095435786740409e-01
2.548434222851613806e-01, 1.347619314846570937e-01, 3.256293631533455080e-01, 2.847652830768360732e-01
2.550645186953572896e-01, 1.349258593557297603e-01, 3.258884832666760212e-01, 2.841211386822369844e-01
2.552855595865625160e-01, 1.350911129817367051e-01, 3.261462092178398775e-01, 2.834771182138609014e-01
2.555065466547468134e-01, 1.352576857049449799e-01, 3.264025381798608128e-01, 2.828332294604474217e-01
2.557274815962184977e-01, 1.354255708774258771e-01, 3.266574673458801925e-01, 2.821894801804753494e-01
2.559483661075576677e-01, 1.355947618610729988e-01, 3.269109939292213496e-01, 2.815458781021479839e-01
2.561692018855495911e-01, 1.357652520276195207e-01, 3.271631151634519230e-01, 2.809024309233790762e-01
2.563899906271184803e-01, 1.359370347586551231e-01, 3.274138283024473628e-01, 2.802591463117790060e-01
2.566107340292617112e-01, 1.361101034456423386e-01, 3.276631306204538241e-01, 2.796160319046421816e-01
2.568314337889826549e-01, 1.362844514899318460e-01, 3.279110194121501176e-01, 2.789730953089353260e-01
2.570520916032258407e-01, 1.364600723027780682e-01, 3.281574919927103262e-01, 2.783303441012857649e-01
2.572727091688095657e-01, 1.366369593053531895e-01, 3.284025456978661439e-01, 2.776877858279711009e-01
2.574932881823613906e-01, 1.368151059287616156e-01, 3.286461778839675496e-01, 2.770454280049094442e-01
2.577138303402513597e-01, 1.369945056140529915e-01, 3.288883859280453681e-01, 2.764032781176503084e-01
2.579343373385268867e-01, 1.371751518122356073e-01, 3.291291672278716662e-01, 2.757613436213657843e-01
2.581548108728468072e-01, 1.373570379842884714e-01, 3.293685192020211483e-01, 2.751196319408436564e-01
2.583752526384160975e-01, 1.375401576011734128e-01, 3.296064392899310524e-01, 2.744781504704793540e-01
2.585956643299203717e-01, 1.377245041438465989e-01, 3.298429249519623796e-01, 2.738369065742706221e-01
2.588160476414605449e-01, 1.379100711032692217e-01, 3.300779736694590127e-01, 2.731959075858111929e-01
2.590364042664877187e-01, 1.380968519804182115e-01, 3.303115829448081131e-01, 2.725551608082859012e-01
2.592567358977381775e-01, 1.382848402862963122e-01, 3.305437503014987954e-01, 2.719146735144667981e-01
2.594770442271678301e-01, 1.384740295419414069e-01, 3.307744732841818580e-01, 2.712744529467089882e-01
2.596973309458880941e-01, 1.386644132784358718e-01, 3.310037494587280693e-01, 2.706345063169480203e-01
2.599175977441004481e-01, 1.388559850369152360e-01, 3.312315764122867878e-01, 2.699948408066975558e-01
2.601378463110319839e-01, 1.390487383685764244e-01, 3.314579517533441377e-01, 2.693554635670473707e-01
2.603580783348709571e-01, 1.392426668346855578e-01, 3.316828731117806295e-01, 2.687163817186628556e-01
2.605782955027017289e-01, 1.394377640065855573e-01, 3.319063381389285028e-01, 2.680776023517841278e-01
2.607984995004409279e-01, 1.396340234657030832e-01, 3.321283445076290697e-01, 2.674391325262267527e-01
2.610186920127730015e-01, 1.398314388035554190e-01, 3.323488899122892803e-01, 2.668009792713824657e-01
2.612388747230854347e-01, 1.400300036217564104e-01, 3.325679720689378449e-01, 2.661631495862203378e-01
2.614590493134057447e-01, 1.402297115320227383e-01, 3.327855887152819103e-01, 2.655256504392896066e-01
2.616792174643364777e-01, 1.404305561561793314e-01, 3.330017376107622940e-01, 2.648884887687219525e-01
2.618993808549917035e-01, 1.406325311261645561e-01, 3.332164165366086062e-01, 2.642516714822351065e-01
2.621195411629334560e-01, 1.408356300840352682e-01, 3.334296232958944284e-01, 2.636152054571367920e-01
2.623397000641076171e-01, 1.410398466819712260e-01, 3.336413557135921581e-01, 2.629790975403291098e-01
2.625598592327804126e-01, 1.412451745822791704e-01, 3.338516116366262443e-01, 2.623433545483140894e-01
2.627800203414752955e-01, 1.414516074573970716e-01, 3.340603889339280874e-01, 2.617079832671995177e-01
2.630001850609092751e-01, 1.416591389898973763e-01, 3.342676854964885536e-01, 2.610729904527048229e-01
2.632203550599294117e-01, 1.418677628724906437e-01, 3.344734992374114313e-01, 2.604383828301685133e-01
2.634405320054504229e-01, 1.420774728080281546e-01, 3.346778280919656678e-01, 2.598041670945558379e-01
2.636607175623906785e-01, 1.422882625095048259e-01, 3.348806700176380491e-01, 2.591703499104663910e-01
2.638809133936101947e-01, 1.425001257000618748e-01, 3.350820229941844364e-01, 2.585369379121434941e-01
2.641011211598470743e-01, 1.427130561129883735e-01, 3.352818850236815029e-01, 2.579039377034831326e-01
2.643213425196552224e-01, 1.429270474917238021e-01, 3.354802541305774155e-01, 2.572713558580435600e-01
2.645415791293415642e-01, 1.431420935898593261e-01, 3.356771283617424606e-01, 2.566391989190565659e-01
2.647618326429035385e-01, 1.433581881711393224e-01, 3.358725057865193375e-01, 2.560074733994378571e-01
2.649821047119669259e-01, 1.435753250094624345e-01, 3.360663844967722858e-01, 2.553761857817984371e-01
2.652023969857232322e-01, 1.437934978888826265e-01, 3.362587626069368230e-01, 2.547453425184573739e-01
2.654227111108677928e-01, 1.440127006036099055e-01, 3.364496382540681507e-01, 2.541149500314541232e-01
2.656430487315378230e-01, 1.442329269580105433e-01, 3.366390095978898378e-01, 2.534850147125616848e-01
2.658634114892501898e-01, 1.444541707666077701e-01, 3.368268748208413932e-01, 2.528555429233005913e-01
2.660838010228396833e-01, 1.446764258540815529e-01, 3.370132321281257837e-01, 2.522265409949530079e-01
2.663042189683975658e-01, 1.448996860552685395e-01, 3.371980797477562852e-01, 2.515980152285776650e-01
2.665246669592096773e-01, 1.451239452151616705e-01, 3.373814159306032789e-01, 2.509699718950253455e-01
2.667451466256952619e-01, 1.453491971889099843e-01, 3.375632389504399922e-01, 2.503424172349547061e-01
2.669656595953455169e-01, 1.455754358418175354e-01, 3.377435471039882953e-01, 2.497153574588488467e-01
2.671862074926620312e-01, 1.458026550493427276e-01, 3.379223387109632770e-01, 2.490887987470320752e-01
2.674067919390964998e-01, 1.460308486970975095e-01, 3.380996121141185973e-01, 2.484627472496874212e-01
2.676274145529888848e-01, 1.462600106808459033e-01, 3.382753656792900077e-01, 2.478372090868752320e-01
2.678480769495070191e-01, 1.464901349065026726e-01, 3.384495977954393164e-01, 2.472121903485509087e-01
2.680687807405859879e-01, 1.467212152901323785e-01, 3.386223068746972431e-01, 2.465876970945845015e-01
2.682895275348669006e-01, 1.469532457579469931e-01, 3.387934913524061620e-01, 2.459637353547799443e-01
2.685103189376372157e-01, 1.471862202463047331e-01, 3.389631496871624017e-01, 2.453403111288957050e-01
2.687311565507697342e-01, 1.474201327017081731e-01, 3.391312803608576010e-01, 2.447174303866644640e-01
2.689520419726627587e-01, 1.476549770808019690e-01, 3.392978818787199535e-01, 2.440950990678153465e-01
2.691729767981798083e-01, 1.478907473503709158e-01, 3.394629527693548976e-01, 2.434733230820944616e-01
2.693939626185894443e-01, 1.481274374873378930e-01, 3.396264915847849175e-01, 2.428521083092877730e-01
2.696150010215058734e-01, 1.483650414787612837e-01, 3.397884969004895672e-01, 2.422314605992432479e-01
2.698360935908289404e-01, 1.486035533218327820e-01, 3.399489673154440506e-01, 2.416113857718942826e-01
2.700572419066843977e-01, 1.488429670238748392e-01, 3.401079014521576904e-01, 2.409918896172830172e-01
2.702784475453648416e-01, 1.490832766023379719e-01, 3.402652979567127312e-01, 2.403729778955844554e-01
2.704997120792700382e-01, 1.493244760847982355e-01, 3.404211554988005317e-01, 2.397546563371313610e-01
2.707210370768476371e-01, 1.495665595089543387e-01, 3.405754727717593133e-01, 2.391369306424388497e-01
2.709424241025345514e-01, 1.498095209226250335e-01, 3.407282484926103527e-01, 2.385198064822302011e-01
2.711638747166975061e-01, 1.500533543837459238e-01, 3.408794814020937869e-01, 2.379032894974628110e-01
2.713853904755745838e-01, 1.502980539603668564e-01, 3.410291702647036960e-01, 2.372873852993548638e-01
2.716069729312165504e-01, 1.505436137306486177e-01, 3.411773138687228535e-01, 2.366720994694119506e-01
2.718286236314280679e-01, 1.507900277828601865e-01, 3.413239110262569209e-01, 2.360574375594548524e-01
2.720503441197092975e-01, 1.510372902153752639e-01, 3.414689605732681432e-01, 2.354434050916472954e-01
2.722721359351980563e-01, 1.512853951366693872e-01, 3.416124613696081003e-01, 2.348300075585244562e-01
2.724940006126111980e-01, 1.515343366653166546e-01, 3.417544122990504585e-01, 2.342172504230216890e-01
2.727159396821869919e-01, 1.517841089299866164e-01, 3.418948122693225011e-01, 2.336051391185039461e-01
2.729379546696269476e-01, 1.520347060694407226e-01, 3.420336602121364367e-01, 2.329936790487958653e-01
2.731600470960385829e-01, 1.522861222325294361e-01, 3.421709550832206514e-01, 2.323828755882112185e-01
2.733822184778773035e-01, 1.525383515781887911e-01, 3.423066958623491307e-01, 2.317727340815848025e-01
2.736044703268892819e-01, 1.527913882754367569e-01, 3.424408815533714900e-01, 2.311632598443024988e-01
2.738268041500543371e-01, 1.530452265033705461e-01, 3.425735111842415637e-01, 2.305544581623335809e-01
2.740492214495284795e-01, 1.532998604511627005e-01, 3.427045838070461592e-01, 2.299463342922627718e-01
2.742717237225869575e-01, 1.535552843180580107e-01, 3.428340984980324802e-01, 2.293388934613225516e-01
2.744943124615678021e-01, 1.538114923133702683e-01, 3.429620543576356040e-01, 2.287321408674263534e-01
2.747169891538146502e-01, 1.540684786564786857e-01, 3.430884505105046833e-01, 2.281260816792019253e-01
2.749397552816204571e-01, 1.543262375768247596e-01, 3.432132861055293693e-01, 2.275207210360254695e-01
2.751626123221710407e-01, 1.545847633139086907e-01, 3.433365603158647361e-01, 2.269160640480555047e-01
2.753855617474887940e-01, 1.548440501172866357e-01, 3.434582723389562608e-01, 2.263121157962683094e-01
2.756086050243766739e-01, 1.551040922465666272e-01, 3.435784213965640821e-01, 2.257088813324927279e-01
2.758317436143621904e-01, 1.553648839714059926e-01, 3.436970067347858704e-01, 2.251063656794458634e-01
2.760549789736416737e-01, 1.556264195715078014e-01, 3.438140276240809756e-01, 2.245045738307696881e-01
2.762783125530243744e-01, 1.558886933366175065e-01, 3.439294833592912437e-01, 2.239035107510670142e-01
2.765017457978774518e-01, 1.561516995665200858e-01, 3.440433732596636096e-01, 2.233031813759387141e-01
2.767252801480703517e-01, 1.564154325710368221e-01, 3.441556966688711361e-01, 2.227035906120215514e-01
2.769489170379194620e-01, 1.566798866700219450e-01, 3.442664529550329422e-01, 2.221047433370255675e-01
2.771726578961333232e-01, 1.569450561933597166e-01, 3.443756415107342428e-01, 2.215066443997726620e-01
2.773965041457578939e-01, 1.572109354809614334e-01, 3.444832617530454444e-01, 2.209092986202352560e-01
2.776204572041213736e-01, 1.574775188827624295e-01, 3.445893131235406304e-01, 2.203127107895756498e-01
2.778445184827799674e-01, 1.577448007587190504e-01, 3.446937950883156576e-01, 2.197168856701852968e-01
2.780686893874637633e-01, 1.580127754788058225e-01, 3.447967071380049209e-01, 2.191218279957254933e-01
2.782929713180218867e-01, 1.582814374230126775e-01, 3.448980487877983947e-01, 2.185275424711669578e-01
2.785173656683689880e-01, 1.585507809813420099e-01, 3.449978195774571765e-01, 2.179340337728317700e-01
2.787418738264308415e-01, 1.588208005538061240e-01, 3.450960190713291964e-01, 2.173413065484338658e-01
2.789664971740909438e-01, 1.590914905504245414e-01, 3.451926468583633167e-01, 2.167493654171211426e-01
2.791912370871370008e-01, 1.593628453912212806e-01, 3.452877025521239873e-01, 2.161582149695177868e-01
2.794160949352070822e-01, 1.596348595062224984e-01, 3.453811857908039018e-01, 2.155678597677666286e-01
2.796410720817368856e-01, 1.599075273354538806e-01, 3.454730962372371539e-01, 2.149783043455721354e-01
2.798661698839062240e-01, 1.601808433289385047e-01, 3.455634335789110612e-01, 2.143895532082442656e-01
2.800913896925863456e-01, 1.604548019466940922e-01, 3.456521975279775449e-01, 2.138016108327419063e-01
2.803167328522873092e-01, 1.607293976587313711e-01, 3.457393878212640104e-01, 2.132144816677174204e-01
2.805422007011049157e-01, 1.610046249450511890e-01, 3.458250042202828944e-01, 2.126281701335610563e-01
2.807677945706686939e-01, 1.612804782956430705e-01, 3.459090465112417134e-01, 2.120426806224464944e-01
2.809935157860897759e-01, 1.615569522104828570e-01, 3.459915145050511676e-01, 2.114580174983760885e-01
2.812193656659084384e-01, 1.618340411995309314e-01, 3.460724080373336897e-01, 2.108741850972268572e-01
2.814453455220423672e-01, 1.621117397827303297e-01, 3.461517269684303844e-01, 2.102911877267969465e-01
2.816714566597350866e-01, 1.623900424900048822e-01, 3.462294711834079108e-01, 2.097090296668521481e-01
2.818977003775040568e-01, 1.626689438612578531e-01, 3.463056405920646452e-01, 2.091277151691734726e-01
2.821240779670897703e-01, 1.629484384463699698e-01, 3.463802351289357317e-01, 2.085472484576044727e-01
2.823505907134041260e-01, 1.632285208051983683e-01, 3.464532547532981899e-01, 2.079676337280993714e-01
2.825772398944796371e-01, 1.635091855075748446e-01, 3.465246994491743004e-01, 2.073888751487712734e-01
2.828040267814184716e-01, 1.637904271333048001e-01, 3.465945692253355470e-01, 2.068109768599412368e-01
2.830309526383417706e-01, 1.640722402721657702e-01, 3.466628641153050583e-01, 2.062339429741873453e-01
2.832580187223393553e-01, 1.643546195239067864e-01, 3.467295841773594955e-01, 2.056577775763945015e-01
2.834852262834191561e-01, 1.646375594982467938e-01, 3.467947294945300518e-01, 2.050824847238041093e-01
2.837125765644571418e-01, 1.649210548148742350e-01, 3.468583001746037286e-01, 2.045080684460648668e-01
2.839400708011475261e-01, 1.652051001034460231e-01, 3.469202963501227810e-01, 2.039345327452836421e-01
2.841677102219529183e-01, 1.654896900035867646e-01, 3.469807181783842731e-01, 2.033618815960760995e-01
2.843954960480543082e-01, 1.657748191648883707e-01, 3.470395658414380247e-01, 2.027901189456192965e-01
2.846234294933023823e-01, 1.660604822469093633e-01, 3.470968395460853340e-01, 2.022192487137028372e-01
2.848515117641680083e-01, 1.663466739191746813e-01, 3.471525395238755363e-01, 2.016492747927819129e-01
2.850797440596928300e-01, 1.666333888611750969e-01, 3.472066660311024511e-01, 2.010802010480295943e-01
2.853081275714408060e-01, 1.669206217623674382e-01, 3.472592193488008849e-01, 2.005120313173907320e-01
2.855366634834497486e-01, 1.672083673221742006e-01, 3.473101997827410248e-01, 1.999447694116350260e-01
2.857653529721819741e-01, 1.674966202499836576e-01, 3.473596076634230534e-01, 1.993784191144112317e-01
2.859941972064770077e-01, 1.677853752651500552e-01, 3.474074433460712097e-01, 1.988129841823015609e-01
2.862231973475029556e-01, 1.680746270969938339e-01, 3.474537072106265723e-01, 1.982484683448766938e-01
2.864523545487083211e-01, 1.683643704848019895e-01, 3.474983996617391213e-01, 1.976848753047505680e-01
2.866816699557750425e-01, 1.686546001778284898e-01, 3.475415211287601891e-01, 1.971222087376362786e-01
2.869111447065702536e-01, 1.689453109352950788e-01, 3.475830720657326900e-01, 1.965604722924020609e-01
2.871407799310990994e-01, 1.692364975263915827e-01, 3.476230529513820167e-01, 1.959996695911274123e-01
2.873705767514577736e-01, 1.695281547302770753e-01, 3.476614642891049933e-01, 1.954398042291601578e-01
2.876005362817865008e-01, 1.698202773360807105e-01, 3.476983066069594397e-01, 1.948808797751733213e-01
2.878306596282224628e-01, 1.701128601429026388e-01, 3.477335804576519585e-01, 1.943228997712229400e-01
2.880609478888535580e-01, 1.704058979598150891e-01, 3.477672864185256119e-01, 1.937658677328056855e-01
2.882914021536718274e-01, 1.706993856058639791e-01, 3.477994250915466545e-01, 1.932097871489175112e-01
2.885220235045272141e-01, 1.709933179100699141e-01, 3.478299971032909887e-01, 1.926546614821119108e-01
2.887528130150815442e-01, 1.712876897114298247e-01, 3.478590031049291209e-01, 1.921004941685593992e-01
2.889837717507631187e-01, 1.715824958589185489e-01, 3.478864437722115621e-01, 1.915472886181067702e-01
2.892149007687204176e-01, 1.718777312114905809e-01, 3.479123198054521193e-01, 1.909950482143368822e-01
2.894462011177771354e-01, 1.721733906380817913e-01, 3.479366319295120746e-01, 1.904437763146291374e-01
2.896776738383868288e-01, 1.724694690176113432e-01, 3.479593808937821442e-01, 1.898934762502195450e-01
2.899093199625880080e-01, 1.727659612389840782e-01, 3.479805674721653808e-01, 1.893441513262625608e-01
2.901411405139589506e-01, 1.730628622010920437e-01, 3.480001924630575227e-01, 1.887958048218914553e-01
2.903731365075735704e-01, 1.733601668128174900e-01, 3.480182566893281759e-01, 1.882484399902807637e-01
2.906053089499564535e-01, 1.736578699930347025e-01, 3.480347609983008295e-01, 1.877020600587082089e-01
2.908376588390388928e-01, 1.739559666706126384e-01, 3.480497062617315951e-01, 1.871566682286169014e-01
2.910701871641150906e-01, 1.742544517844177299e-01, 3.480630933757885015e-01, 1.866122676756786780e-01
2.913028949057977490e-01, 1.745533202833164932e-01, 3.480749232610288457e-01, 1.860688615498569398e-01
2.915357830359749380e-01, 1.748525671261781933e-01, 3.480851968623764336e-01, 1.855264529754704905e-01
2.917688525177661862e-01, 1.751521872818780912e-01, 3.480939151490983208e-01, 1.849850450512572630e-01
2.920021043054799037e-01, 1.754521757293001916e-01, 3.481010791147806649e-01, 1.844446408504392121e-01
2.922355393445695282e-01, 1.757525274573407403e-01, 3.481066897773035795e-01, 1.839052434207862352e-01
2.924691585715912256e-01, 1.760532374649111109e-01, 3.481107481788157099e-01, 1.833668557846818703e-01
2.927029629141613687e-01, 1.763543007609415236e-01, 3.481132553857083645e-01, 1.828294809391886877e-01
2.929369532909133489e-01, 1.766557123643844873e-01, 3.481142124885883149e-01, 1.822931218561139044e-01
2.931711306114562765e-01, 1.769574673042180191e-01, 3.481136206022501511e-01, 1.817577814820754978e-01
2.934054957763324034e-01, 1.772595606194500295e-01, 3.481114808656483040e-01, 1.812234627385693186e-01
2.936400496769753232e-01, 1.775619873591214037e-01, 3.481077944418679571e-01, 1.806901685220352605e-01
2.938747931956686155e-01, 1.778647425823106365e-01, 3.481025625180955707e-01, 1.801579017039251496e-01
2.941097272055038792e-01, 1.781678213581371628e-01, 3.480957863055886836e-01, 1.796266651307701356e-01
2.943448525703404872e-01, 1.784712187657660765e-01, 3.480874670396447712e-01, 1.790964616242487484e-01
2.945801701447633425e-01, 1.787749298944118770e-01, 3.480776059795696598e-01, 1.785672939812550652e-01
2.948156807740430763e-01, 1.790789498433432436e-01, 3.480662044086457740e-01, 1.780391649739679893e-01
2.950513852940949699e-01, 1.793832737218871709e-01, 3.480532636340983865e-01, 1.775120773499196669e-01
2.952872845314384320e-01, 1.796878966494334928e-01, 3.480387849870625883e-01, 1.769860338320653759e-01
2.955233793031575851e-01, 1.799928137554398233e-01, 3.480227698225490940e-01, 1.764610371188534699e-01
2.957596704168602986e-01, 1.802980201794359139e-01, 3.480052195194089926e-01, 1.759370898842947950e-01
2.959961586706386094e-01, 1.806035110710288161e-01, 3.479861354802983864e-01, 1.754141947780341604e-01
2.962328448530299196e-01, 1.809092815899075446e-01, 3.479655191316421425e-01, 1.748923544254205320e-01
2.964697297429766398e-01, 1.812153269058482952e-01, 3.479433719235967559e-01, 1.743715714275784756e-01
2.967068141097874423e-01, 1.815216421987194406e-01, 3.479196953300132678e-01, 1.738518483614799326e-01
2.969440987130986254e-01, 1.818282226584868044e-01, 3.478944908483988518e-01, 1.733331877800158294e-01
2.971815843028345894e-01, 1.821350634852190176e-01, 3.478677599998780678e-01, 1.728155922120684640e-01
2.974192716191699781e-01, 1.824421598890927920e-01, 3.478395043291530042e-01, 1.722990641625842256e-01
2.976571613924912096e-01, 1.827495070903985830e-01, 3.478097254044636433e-01, 1.717836061126465641e-01
2.978952543433578404e-01, 1.830571003195458901e-01, 3.477784248175471160e-01, 1.712692205195491535e-01
2.981335511824651507e-01, 1.833649348170692805e-01, 3.477456041835956801e-01, 1.707559098168698053e-01
2.983720526106063975e-01, 1.836730058336339122e-01, 3.477112651412154198e-01, 1.702436764145442982e-01
2.986107593186349551e-01, 1.839813086300413070e-01, 3.476754093523831135e-01, 1.697325226989406521e-01
2.988496719874271235e-01, 1.842898384772355125e-01, 3.476380385024031572e-01, 1.692224510329342901e-01
2.990887912878452681e-01, 1.845985906563089030e-01, 3.475991542998633221e-01, 1.687134637559823680e-01
2.993281178807008502e-01, 1.849075604585084798e-01, 3.475587584765907900e-01, 1.682055631841999632e-01
2.995676524167171229e-01, 1.852167431852417279e-01, 3.475168527876060787e-01, 1.676987516104351261e-01
2.998073955364937149e-01, 1.855261341480830550e-01, 3.474734390110781890e-01, 1.671930313043451799e-01
3.000473478704691055e-01, 1.858357286687801202e-01, 3.474285189482773650e-01, 1.666884045124732705e-01
3.002875100388857632e-01, 1.861455220792603282e-01, 3.473820944235286867e-01, 1.661848734583251663e-01
3.005278826517533419e-01, 1.864555097216369639e-01, 3.473341672841641081e-01, 1.656824403424456138e-01
3.007684663088133759e-01, 1.867656869482160475e-01, 3.472847394004737742e-01, 1.651811073424967191e-01
3.010092615995037524e-01, 1.870760491215028853e-01, 3.472338126656582258e-01, 1.646808766133351365e-01
3.012502691029236290e-01, 1.873865916142086196e-01, 3.471813889957777732e-01, 1.641817502870900891e-01
3.014914893877977953e-01, 1.876973098092570291e-01, 3.471274703297030362e-01, 1.636837304732420839e-01
3.017329230124427553e-01, 1.880081990997916619e-01, 3.470720586290643173e-01, 1.631868192587013489e-01
3.019745705247310896e-01, 1.883192548891820806e-01, 3.470151558781998102e-01, 1.626910187078869918e-01
3.022164324620577047e-01, 1.886304725910314672e-01, 3.469567640841042522e-01, 1.621963308628064926e-01
3.024585093513051937e-01, 1.889418476291832572e-01, 3.468968852763762989e-01, 1.617027577431352781e-01
3.027008017088098080e-01, 1.892533754377282440e-01, 3.468355215071652342e-01, 1.612103013462966583e-01
3.029433100403279289e-01, 1.895650514610118520e-01, 3.467726748511176793e-01, 1.607189636475424566e-01
3.031860348410020389e-01, 1.898768711536411580e-01, 3.467083474053233028e-01, 1.602287466000335003e-01
3.034289765953274154e-01, 1.901888299804922189e-01, 3.466425412892597535e-01, 1.597396521349205289e-01
3.036721357771191565e-01, 1.905009234167174270e-01, 3.465752586447376493e-01, 1.592516821614257672e-01
3.039155128494785418e-01, 1.908131469477526709e-01, 3.465065016358444550e-01, 1.587648385669243045e-01
3.041591082647608912e-01, 1.911254960693248295e-01, 3.464362724488880829e-01, 1.582791232170261686e-01
3.044029224645422027e-01, 1.914379662874593768e-01, 3.463645732923397724e-01, 1.577945379556586758e-01
3.046469558795872890e-01, 1.917505531184875711e-01, 3.462914063967765244e-01, 1.573110846051486988e-01
3.048912089298173034e-01, 1.920632520890541706e-01, 3.462167740148227590e-01, 1.568287649663058225e-01
3.051356820242775436e-01, 1.923760587361250940e-01, 3.461406784210916965e-01, 1.563475808185056659e-01
3.053803755611059212e-01, 1.926889686069947205e-01, 3.460631219121264590e-01, 1.558675339197728715e-01
3.056252899275012092e-01, 1.930019772592939942e-01, 3.459841068063393421e-01, 1.553886260068653991e-01
3.058704254996912342e-01, 1.933150802609976682e-01, 3.459036354439524730e-01, 1.549108587953586524e-01
3.061157826429019568e-01, 1.936282731904324095e-01, 3.458217101869361931e-01, 1.544342339797294683e-01
3.063613617113265519e-01, 1.939415516362843206e-01, 3.457383334189477742e-01, 1.539587532334412701e-01
3.066071630480941557e-01, 1.942549111976069054e-01, 3.456535075452698558e-01, 1.534844182090290277e-01
3.068531869852392235e-01, 1.945683474838287297e-01, 3.455672349927475517e-01, 1.530112305381844395e-01
3.070994338436714988e-01, 1.948818561147613870e-01, 3.454795182097254447e-01, 1.525391918318416140e-01
3.073459039331450371e-01, 1.951954327206075201e-01, 3.453903596659843034e-01, 1.520683036802632226e-01
3.075925975522285083e-01, 1.955090729419683704e-01, 3.452997618526768009e-01, 1.515985676531263759e-01
3.078395149882754422e-01, 1.958227724298520489e-01, 3.452077272822631215e-01, 1.511299852996094983e-01
3.080866565173939753e-01, 1.961365268456813082e-01, 3.451142584884459574e-01, 1.506625581484787868e-01
3.083340224044179845e-01, 1.964503318613016469e-01, 3.450193580261047277e-01, 1.501962877081757242e-01
3.085816129028769450e-01, 1.967641831589891088e-01, 3.449230284712297423e-01, 1.497311754669042039e-01
3.088294282549675085e-01, 1.970780764314584710e-01, 3.448252724208556441e-01, 1.492672228927183209e-01
3.090774686915242486e-01, 1.973920073818712373e-01, 3.447260924929942405e-01, 1.488044314336102458e-01
3.093257344319906288e-01, 1.977059717238435765e-01, 3.446254913265671682e-01, 1.483428025175987375e-01
3.095742256843905804e-01, 1.980199651814543160e-01, 3.445234715813376702e-01, 1.478823375528174056e-01
3.098229426453005808e-01, 1.983339834892532683e-01, 3.444200359378423171e-01, 1.474230379276037228e-01
3.100718854998204543e-01, 1.986480223922690580e-01, 3.443151870973222284e-01, 1.469649050105882315e-01
3.103210544215461719e-01, 1.989620776460171436e-01, 3.442089277816531290e-01, 1.465079401507836387e-01
3.105704495725413183e-01, 1.992761450165080606e-01, 3.441012607332759599e-01, 1.460521446776747445e-01
3.108200711033099473e-01, 1.995902202802552483e-01, 3.439921887151264901e-01, 1.455975199013083421e-01
3.110699191527687146e-01, 1.999042992242834049e-01, 3.438817145105643736e-01, 1.451440671123834236e-01
3.113199938482199558e-01, 2.002183776461362863e-01, 3.437698409233019836e-01, 1.446917875823416355e-01
3.115702953053237634e-01, 2.005324513538849218e-01, 3.436565707773329148e-01, 1.442406825634582890e-01
3.118208236280718970e-01, 2.008465161661353859e-01, 3.435419069168597073e-01, 1.437907532889330098e-01
3.120715789087603054e-01, 2.011605679120371803e-01, 3.434258522062211272e-01, 1.433420009729814149e-01
3.123225612279627028e-01, 2.014746024312911166e-01, 3.433084095298196692e-01, 1.428944268109264837e-01
3.125737706545044237e-01, 2.017886155741571708e-01, 3.431895817920478375e-01, 1.424480319792905680e-01
3.128252072454357768e-01, 2.021026032014626717e-01, 3.430693719172143163e-01, 1.420028176358872907e-01
3.130768710460056781e-01, 2.024165611846101276e-01, 3.429477828494699176e-01, 1.415587849199142489e-01
3.133287620896365033e-01, 2.027304854055854422e-01, 3.428248175527328634e-01, 1.411159349520452744e-01
3.135808803978973880e-01, 2.030443717569654083e-01, 3.427004790106137344e-01, 1.406742688345235803e-01
3.138332259804794688e-01, 2.033582161419258683e-01, 3.425747702263398087e-01, 1.402337876512549097e-01
3.140857988351697938e-01, 2.036720144742497351e-01, 3.424476942226798437e-01, 1.397944924679007106e-01
3.143385989478261200e-01, 2.039857626783346256e-01, 3.423192540418671381e-01, 1.393563843319721995e-01
3.145916262923522111e-01, 2.042994566892006314e-01, 3.421894527455233703e-01, 1.389194642729238705e-01
3.148448808306725244e-01, 2.046130924524983963e-01, 3.420582934145813270e-01, 1.384837333022478911e-01
3.150983625127071752e-01, 2.049266659245164990e-01, 3.419257791492077425e-01, 1.380491924135685278e-01
3.153520712763479561e-01, 2.052401730721895856e-01, 3.417919130687255835e-01, 1.376158425827368192e-01
3.156060070474334123e-01, 2.055536098731057804e-01, 3.416566983115356670e-01, 1.371836847679251126e-01
3.158601697397244168e-01, 2.058669723155143183e-01, 3.415201380350385008e-01, 1.367527199097228474e-01
3.161145592548801342e-01, 2.061802563983332337e-01, 3.413822354155551797e-01, 1.363229489312314524e-01
3.163691754824343172e-01, 2.064934581311570205e-01, 3.412429936482484494e-01, 1.358943727381601851e-01
3.166240182997707153e-01, 2.068065735342639322e-01, 3.411024159470433248e-01, 1.354669922189220832e-01
3.168790875721001488e-01, 2.071195986386235588e-01, 3.409605055445464328e-01, 1.350408082447297209e-01
3.171343831524362500e-01, 2.074325294859044044e-01, 3.408172656919671861e-01, 1.346158216696920207e-01
3.173899048815725377e-01, 2.077453621284809371e-01, 3.406726996590359047e-01, 1.341920333309105928e-01
3.176456525880588244e-01, 2.080580926294410826e-01, 3.405268107339237127e-01, 1.337694440485763525e-01
3.179016260881782352e-01, 2.083707170625935523e-01, 3.403796022231613261e-01, 1.333480546260669419e-01
3.181578251859240036e-01, 2.086832315124747816e-01, 3.402310774515574510e-01, 1.329278658500438470e-01
3.184142496729770455e-01, 2.089956320743565077e-01, 3.400812397621169603e-01, 1.325088784905496531e-01
3.186708993286827551e-01, 2.093079148542523749e-01, 3.399300925159588482e-01, 1.320910933011061328e-01
3.189277739200286343e-01, 2.096200759689252624e-01, 3.397776390922340184e-01, 1.316745110188119738e-01
3.191848732016220325e-01, 2.099321115458942510e-01, 3.396238828880426275e-01, 1.312591323644410057e-01
3.194421969156676089e-01, 2.102440177234413121e-01, 3.394688273183505411e-01, 1.308449580425404823e-01
3.196997447919450175e-01, 2.105557906506181631e-01, 3.393124758159071774e-01, 1.304319887415297807e-01
3.199575165477870908e-01, 2.108674264872532900e-01, 3.391548318311605192e-01, 1.300202251337991277e-01
3.202155118880580242e-01, 2.111789214039583307e-01, 3.389958988321749578e-01, 1.296096678758086873e-01
3.204737305051313379e-01, 2.114902715821347090e-01, 3.388356803045460830e-01, 1.292003176081878424e-01
3.207321720788683939e-01, 2.118014732139803513e-01, 3.386741797513169727e-01, 1.287921749558342821e-01
3.209908362765964696e-01, 2.121125225024960981e-01, 3.385114006928931496e-01, 1.283852405280143383e-01
3.212497227530879962e-01, 2.124234156614916436e-01, 3.383473466669582597e-01, 1.279795149184619896e-01
3.215088311505387431e-01, 2.127341489155927245e-01, 3.381820212283888627e-01, 1.275749987054796697e-01
3.217681610985467233e-01, 2.130447185002463661e-01, 3.380154279491690006e-01, 1.271716924520380487e-01
3.220277122140910997e-01, 2.133551206617275431e-01, 3.378475704183047101e-01, 1.267695967058765638e-01
3.222874841015116454e-01, 2.136653516571452305e-01, 3.376784522417387580e-01, 1.263687119996044217e-01
3.225474763524872057e-01, 2.139754077544480382e-01, 3.375080770422638210e-01, 1.259690388508008518e-01
3.228076885460156031e-01, 2.142852852324305113e-01, 3.373364484594371104e-01, 1.255705777621167751e-01
3.230681202483925429e-01, 2.145949803807383482e-01, 3.371635701494936077e-01, 1.251733292213754178e-01
3.233287710131915182e-01, 2.149044894998746180e-01, 3.369894457852594671e-01, 1.247772937016744660e-01
3.235896403812428268e-01, 2.152138089012048949e-01, 3.368140790560654185e-01, 1.243824716614867765e-01
3.238507278806139755e-01, 2.155229349069631151e-01, 3.366374736676598922e-01, 1.239888635447631282e-01
3.241120330265888638e-01, 2.158318638502566555e-01, 3.364596333421211449e-01, 1.235964697810334328e-01
3.243735553216479661e-01, 2.161405920750716914e-01, 3.362805618177711064e-01, 1.232052907855093055e-01
3.246352942554483478e-01, 2.164491159362786077e-01, 3.361002628490867283e-01, 1.228153269591863717e-01
3.248972493048035703e-01, 2.167574317996366073e-01, 3.359187402066131090e-01, 1.224265786889466995e-01
3.251594199336638735e-01, 2.170655360417992341e-01, 3.357359976768752863e-01, 1.220390463476614812e-01
3.254218055930968578e-01, 2.173734250503187027e-01, 3.355520390622902527e-01, 1.216527302942940342e-01
3.256844057212669452e-01, 2.176810952236510888e-01, 3.353668681810790253e-01, 1.212676308740027603e-01
3.259472197434168939e-01, 2.179885429711606315e-01, 3.351804888671782168e-01, 1.208837484182443134e-01
3.262102470718472591e-01, 2.182957647131244516e-01, 3.349929049701512174e-01, 1.205010832448770858e-01
3.264734871058977972e-01, 2.186027568807368537e-01, 3.348041203551005429e-01, 1.201196356582647368e-01
3.267369392319279808e-01, 2.189095159161137949e-01, 3.346141389025782953e-01, 1.197394059493798318e-01
3.270006028232973483e-01, 2.192160382722969925e-01, 3.344229645084977887e-01, 1.193603943959078845e-01
3.272644772403466296e-01, 2.195223204132576433e-01, 3.342306010840445096e-01, 1.189826012623511065e-01
3.275285618303789281e-01, 2.198283588139010591e-01, 3.340370525555871328e-01, 1.186060268001329771e-01
3.277928559276399034e-01, 2.201341499600696916e-01, 3.338423228645882035e-01, 1.182306712477022292e-01
3.280573588532997853e-01, 2.204396903485476011e-01, 3.336464159675150420e-01, 1.178565348306376825e-01
3.283220699154335565e-01, 2.207449764870633435e-01, 3.334493358357505377e-01, 1.174836177617526040e-01
3.285869884090029114e-01, 2.210500048942939111e-01, 3.332510864555034424e-01, 1.171119202411997906e-01
3.288521136158368274e-01, 2.213547720998678137e-01, 3.330516718277191646e-01, 1.167414424565763331e-01
3.291174448046133016e-01, 2.216592746443681039e-01, 3.328510959679898962e-01, 1.163721845830287399e-01
3.293829812308405880e-01, 2.219635090793359578e-01, 3.326493629064651847e-01, 1.160041467833583945e-01
3.296487221368383236e-01, 2.222674719672729504e-01, 3.324464766877621158e-01, 1.156373292081265547e-01
3.299146667517194320e-01, 2.225711598816444425e-01, 3.322424413708758295e-01, 1.152717319957603098e-01
3.301808142913712496e-01, 2.228745694068816618e-01, 3.320372610290890925e-01, 1.149073552726579267e-01
3.304471639584372067e-01, 2.231776971383846730e-01, 3.318309397498831470e-01, 1.145441991532949039e-01
3.307137149422986200e-01, 2.234805396825245150e-01, 3.316234816348473946e-01, 1.141822637403296092e-01
3.309804664190556522e-01, 2.237830936566454487e-01, 3.314148907995891902e-01, 1.138215491247097227e-01
3.312474175515098263e-01, 2.240853556890672060e-01, 3.312051713736448577e-01, 1.134620553857780823e-01
3.315145674891452621e-01, 2.243873224190868765e-01, 3.309943275003885410e-01, 1.131037825913792788e-01
3.317819153681104138e-01, 2.246889904969804341e-01, 3.307823633369430527e-01, 1.127467307979660438e-01
3.320494603111999732e-01, 2.249903565840048747e-01, 3.305692830540895022e-01, 1.123909000507056916e-01
3.323172014278365505e-01, 2.252914173523993258e-01, 3.303550908361771454e-01, 1.120362903835869922e-01
3.325851378140526893e-01, 2.255921694853867954e-01, 3.301397908810336235e-01, 1.116829018195270029e-01
3.328532685524724366e-01, 2.258926096771748659e-01, 3.299233873998750899e-01, 1.113307343704777047e-01
3.331215927122934128e-01, 2.261927346329574429e-01, 3.297058846172156166e-01, 1.109797880375335694e-01
3.333901093492687706e-01, 2.264925410689150320e-01, 3.294872867707779318e-01, 1.106300628110383349e-01
3.336588175056887096e-01, 2.267920257122158778e-01, 3.292675981114031036e-01, 1.102815586706922674e-01
3.339277162103632124e-01, 2.270911853010165460e-01, 3.290468229029602787e-01, 1.099342755856600046e-01
3.341968044786027825e-01, 2.273900165844622290e-01, 3.288249654222575868e-01, 1.095882135146774849e-01
3.344660813122013465e-01, 2.276885163226871345e-01, 3.286020299589517135e-01, 1.092433724061598749e-01
3.347355456994179912e-01, 2.279866812868145687e-01, 3.283780208154581937e-01, 1.088997521983092603e-01
3.350051966149585891e-01, 2.282845082589571584e-01, 3.281529423068617057e-01, 1.085573528192224219e-01
3.352750330199582018e-01, 2.285819940322163235e-01, 3.279267987608268653e-01, 1.082161741869986649e-01
3.355450538619625389e-01, 2.288791354106820830e-01, 3.276995945175073532e-01, 1.078762162098479971e-01
3.358152580749103611e-01, 2.291759292094326939e-01, 3.274713339294578751e-01, 1.075374787861990838e-01
3.360856445791149949e-01, 2.294723722545338740e-01, 3.272420213615437334e-01, 1.071999618048074671e-01
3.363562122812466804e-01, 2.297684613830378864e-01, 3.270116611908515103e-01, 1.068636651448639646e-01
3.366269600743141965e-01, 2.300641934429827618e-01, 3.267802578066000274e-01, 1.065285886761029310e-01
3.368978868376468760e-01, 2.303595652933908555e-01, 3.265478156100515283e-01, 1.061947322589107817e-01
3.371689914368761753e-01, 2.306545738042678761e-01, 3.263143390144214173e-01, 1.058620957444345867e-01
3.374402727239181332e-01, 2.309492158566010533e-01, 3.260798324447902741e-01, 1.055306789746904700e-01
3.377117295369546635e-01, 2.312434883423578058e-01, 3.258443003380147585e-01, 1.052004817826727306e-01
3.379833607004157359e-01, 2.315373881644835485e-01, 3.256077471426383485e-01, 1.048715039924623116e-01
3.382551650249606690e-01, 2.318309122369000552e-01, 3.253701773188035218e-01, 1.045437454193357540e-01
3.385271413074605329e-01, 2.321240574845029325e-01, 3.251315953381623269e-01, 1.042172058698741799e-01
3.387992883309792203e-01, 2.324168208431597327e-01, 3.248920056837886761e-01, 1.038918851420724127e-01
3.390716048647554604e-01, 2.327091992597068726e-01, 3.246514128500898599e-01, 1.035677830254477655e-01
3.393440896641847226e-01, 2.330011896919473857e-01, 3.244098213427183963e-01, 1.032448993011495370e-01
3.396167414707998433e-01, 2.332927891086478966e-01, 3.241672356784840447e-01, 1.029232337420681043e-01
3.398895590122538168e-01, 2.335839944895356235e-01, 3.239236603852664320e-01, 1.026027861129441554e-01
3.401625410023003115e-01, 2.338748028252950195e-01, 3.236791000019265674e-01, 1.022835561704781432e-01
3.404356861407755730e-01, 2.341652111175644979e-01, 3.234335590782203007e-01, 1.019655436634396839e-01
3.407089931135795502e-01, 2.344552163789329902e-01, 3.231870421747105593e-01, 1.016487483327769281e-01
3.409824605926577434e-01, 2.347448156329357549e-01, 3.229395538626801954e-01, 1.013331699117263202e-01
3.412560872359817754e-01, 2.350340059140510196e-01, 3.226910987240452777e-01, 1.010188081259219550e-01
3.415298716875309615e-01, 2.353227842676954840e-01, 3.224416813512682167e-01, 1.007056626935053517e-01
3.418038125772736580e-01, 2.356111477502200735e-01, 3.221913063472711114e-01, 1.003937333252351294e-01
3.420779085211477777e-01, 2.358990934289056374e-01, 3.219399783253498737e-01, 1.000830197245967251e-01
3.423521581210422493e-01, 2.361866183819580356e-01, 3.216877019090876311e-01, 9.977352158791208403e-02
3.426265599647778659e-01, 2.364737196985035872e-01, 3.214344817322687953e-01, 9.946523860444976550e-02
3.429011126260879672e-01, 2.367603944785837133e-01, 3.211803224387936861e-01, 9.915817045653455009e-02
3.431758146645992325e-01, 2.370466398331503022e-01, 3.209252286825929890e-01, 9.885231681965746253e-02
3.434506646258125850e-01, 2.373324528840595193e-01, 3.206692051275421007e-01, 9.854767736258576716e-02
3.437256610410835411e-01, 2.376178307640668119e-01, 3.204122564473768642e-01, 9.824425174747286604e-02
3.440008024276028364e-01, 2.379027706168210798e-01, 3.201543873256077477e-01, 9.794203962996832213e-02
3.442760872883768308e-01, 2.381872695968586806e-01, 3.198956024554363564e-01, 9.764104065932811827e-02
3.445515141122077463e-01, 2.384713248695970733e-01, 3.196359065396707777e-01, 9.734125447852440272e-02
3.448270813736740714e-01, 2.387549336113289344e-01, 3.193753042906410933e-01, 9.704268072435595638e-02
3.451027875331105776e-01, 2.390380930092153022e-01, 3.191138004301161124e-01, 9.674531902755807711e-02
3.453786310365881129e-01, 2.393208002612788876e-01, 3.188513996892200497e-01, 9.644916901291288036e-02
3.456546103158941730e-01, 2.396030525763976626e-01, 3.185881068083487588e-01, 9.615423029935947496e-02
3.459307237885118624e-01, 2.398848471742971444e-01, 3.183239265370869098e-01, 9.586050250010411111e-02
3.462069698576001331e-01, 2.401661812855435396e-01, 3.180588636341257214e-01, 9.556798522273043939e-02
3.464833469119735221e-01, 2.404470521515363612e-01, 3.177929228671801387e-01, 9.527667806930982530e-02
3.467598533260810023e-01, 2.407274570245004908e-01, 3.175261090129070096e-01, 9.498658063651155281e-02
3.470364874599854987e-01, 2.410073931674785730e-01, 3.172584268568228727e-01, 9.469769251571295843e-02
3.473132476593438489e-01, 2.412868578543229392e-01, 3.169898811932232441e-01, 9.441001329311002332e-02
3.475901322553847095e-01, 2.415658483696875580e-01, 3.167204768251004054e-01, 9.412354254982739643e-02
3.478671395648882947e-01, 2.418443620090193757e-01, 3.164502185640635790e-01, 9.383827986202870897e-02
3.481442678901653931e-01, 2.421223960785500173e-01, 3.161791112302576034e-01, 9.355422480102702776e-02
3.484215155190351076e-01, 2.423999478952867381e-01, 3.159071596522830538e-01, 9.327137693339508651e-02
3.486988807248043165e-01, 2.426770147870038752e-01, 3.156343686671161941e-01, 9.298973582107548930e-02
3.489763617662459128e-01, 2.429535940922333548e-01, 3.153607431200296518e-01, 9.270930102149109453e-02
3.492539568875765443e-01, 2.432296831602553111e-01, 3.150862878645127596e-01, 9.243007208765541272e-02
3.495316643184354644e-01, 2.435052793510889824e-01, 3.148110077621930625e-01, 9.215204856828256019e-02
3.498094822738619936e-01, 2.437803800354825245e-01, 3.145349076827576029e-01, 9.187523000789793448e-02
3.500874089542737044e-01, 2.440549825949034912e-01, 3.142579925038745392e-01, 9.159961594694826514e-02
3.503654425454437171e-01, 2.443290844215284807e-01, 3.139802671111159849e-01, 9.132520592191183118e-02
3.506435812184786061e-01, 2.446026829182328666e-01, 3.137017363978796269e-01, 9.105199946540887268e-02
3.509218231297955848e-01, 2.448757754985806390e-01, 3.134224052653121206e-01, 9.077999610631172500e-02
3.512001664210994689e-01, 2.451483595868132470e-01, 3.131422786222325394e-01, 9.050919536985485570e-02
3.514786092193600275e-01, 2.454204326178391349e-01, 3.128613613850554365e-01, 9.023959677774541499e-02
3.517571496367888906e-01, 2.456919920372227506e-01, 3.125796584777153497e-01, 8.997119984827309236e-02
3.520357857708157345e-01, 2.459630353011728054e-01, 3.122971748315913065e-01, 8.970400409642027839e-02
3.523145157040653563e-01, 2.462335598765314215e-01, 3.120139153854308844e-01, 8.943800903397247648e-02
3.525933375043337481e-01, 2.465035632407622523e-01, 3.117298850852761594e-01, 8.917321416962788183e-02
3.528722492245642828e-01, 2.467730428819387423e-01, 3.114450888843890985e-01, 8.890961900910786253e-02
3.531512489028236779e-01, 2.470419962987321638e-01, 3.111595317431772312e-01, 8.864722305526678836e-02
3.534303345622778481e-01, 2.473104210003994885e-01, 3.108732186291205957e-01, 8.838602580820199839e-02
3.537095042111671472e-01, 2.475783145067707580e-01, 3.105861545166981874e-01, 8.812602676536382407e-02
3.539887558427826098e-01, 2.478456743482369828e-01, 3.102983443873149061e-01, 8.786722542166543193e-02
3.542680874354400822e-01, 2.481124980657370971e-01, 3.100097932292300573e-01, 8.760962126959265239e-02
3.545474969524561315e-01, 2.483787832107451077e-01, 3.097205060374847996e-01, 8.735321379931389185e-02
3.548269823421223435e-01, 2.486445273452571048e-01, 3.094304878138307568e-01, 8.709800249878982270e-02
3.551065415376802870e-01, 2.489097280417777447e-01, 3.091397435666587978e-01, 8.684398685388317052e-02
3.553861724572956460e-01, 2.491743828833070107e-01, 3.088482783109290364e-01, 8.659116634846827920e-02
3.556658730040326288e-01, 2.494384894633264738e-01, 3.085560970681001658e-01, 8.633954046454082876e-02
3.559456410658276559e-01, 2.497020453857853595e-01, 3.082632048660595703e-01, 8.608910868232738656e-02
3.562254745154638247e-01, 2.499650482650867256e-01, 3.079696067390545466e-01, 8.583987048039486145e-02
3.565053712105437089e-01, 2.502274957260731125e-01, 3.076753077276231374e-01, 8.559182533576001339e-02
3.567853289934630467e-01, 2.504893854040120549e-01, 3.073803128785260741e-01, 8.534497272399883816e-02
3.570653456913839841e-01, 2.507507149445817873e-01, 3.070846272446784986e-01, 8.509931211935570228e-02
3.573454191162079296e-01, 2.510114820038563677e-01, 3.067882558850827945e-01, 8.485484299485293591e-02
3.576255470645481882e-01, 2.512716842482904944e-01, 3.064912038647616410e-01, 8.461156482239977350e-02
3.579057273177023157e-01, 2.515313193547048520e-01, 3.061934762546912325e-01, 8.436947707290148868e-02
3.581859576416246971e-01, 2.517903850102706786e-01, 3.058950781317359424e-01, 8.412857921636865410e-02
3.584662357868982352e-01, 2.520488789124939455e-01, 3.055960145785820981e-01, 8.388887072202577677e-02
3.587465594887063181e-01, 2.523067987692001468e-01, 3.052962906836733104e-01, 8.365035105842040519e-02
3.590269264668040639e-01, 2.525641422985183127e-01, 3.049959115411457478e-01, 8.341301969353195900e-02
3.593073344254901769e-01, 2.528209072288649661e-01, 3.046948822507644650e-01, 8.317687609488037814e-02
3.595877810535774710e-01, 2.530770912989281918e-01, 3.043932079178595096e-01, 8.294191972963484150e-02
3.598682640243638930e-01, 2.533326922576508711e-01, 3.040908936532629725e-01, 8.270815006472230502e-02
3.601487809956031572e-01, 2.535877078642145843e-01, 3.037879445732464823e-01, 8.247556656693584565e-02
3.604293296094748245e-01, 2.538421358880227352e-01, 3.034843657994591992e-01, 8.224416870304331051e-02
3.607099074925548265e-01, 2.540959741086836199e-01, 3.031801624588661426e-01, 8.201395593989536936e-02
3.609905122557848234e-01, 2.543492203159934961e-01, 3.028753396836877387e-01, 8.178492774453388625e-02
3.612711414944420052e-01, 2.546018723099194303e-01, 3.025699026113384815e-01, 8.155708358429993032e-02
3.615517927881083948e-01, 2.548539279005819780e-01, 3.022638563843678128e-01, 8.133042292694180053e-02
3.618324637006399835e-01, 2.551053849082372538e-01, 3.019572061504000593e-01, 8.110494524072277278e-02
3.621131517801349786e-01, 2.553562411632598339e-01, 3.016499570620760906e-01, 8.088064999452918014e-02
3.623938545589033278e-01, 2.556064945061243265e-01, 3.013421142769943106e-01, 8.065753665797786853e-02
3.626745695534341896e-01, 2.558561427873879413e-01, 3.010336829576538142e-01, 8.043560470152395780e-02
3.629552942643642366e-01, 2.561051838676717263e-01, 3.007246682713959895e-01, 8.021485359656804759e-02
3.632360261764451814e-01, 2.563536156176423608e-01, 3.004150753903485072e-01, 7.999528281556381182e-02
3.635167627585116357e-01, 2.566014359179941695e-01, 3.001049094913690873e-01, 7.977689183212509361e-02
3.637975014634480808e-01, 2.568486426594295824e-01, 2.997941757559893783e-01, 7.955968012113301402e-02
3.640782397281555616e-01, 2.570952337426410383e-01, 2.994828793703603886e-01, 7.934364715884308084e-02
3.643589749735186567e-01, 2.573412070782915562e-01, 2.991710255251978090e-01, 7.912879242299193649e-02
3.646397046043718948e-01, 2.575865605869960828e-01, 2.988586194157277776e-01, 7.891511539290416155e-02
3.649204260094656704e-01, 2.578312921993014539e-01, 2.985456662416340889e-01, 7.870261554959881445e-02
3.652011365614319383e-01, 2.580753998556677975e-01, 2.982321712070044595e-01, 7.849129237589592967e-02
3.654818336167499071e-01, 2.583188815064482724e-01, 2.979181395202789573e-01, 7.828114535652284933e-02
3.657625145157114566e-01, 2.585617351118696949e-01, 2.976035763941982104e-01, 7.807217397822056870e-02
3.660431765823858319e-01, 2.588039586420128324e-01, 2.972884870457518924e-01, 7.786437772984956818e-02
3.663238171245843389e-01, 2.590455500767914754e-01, 2.969728766961282629e-01, 7.765775610249585348e-02
