7.102017990744932674e-02, 7.214159208163731241e-02, 5.167154944965377528e-01, 3.401227335143756636e-01
7.108310168130940743e-02, 7.220543552336032567e-02, 5.161041746662610175e-01, 3.406072881290691523e-01
7.114721747406978214e-02, 7.227043711831454553e-02, 5.154905705924694992e-01, 3.410917748151461315e-01
7.121252722916353306e-02, 7.233659642446539639e-02, 5.148746912412220933e-01, 3.415761851051489217e-01
7.127903089258051661e-02, 7.240391300017129383e-02, 5.142565455908011396e-01, 3.420605105164470361e-01
7.134672841277348021e-02, 7.247238640408812382e-02, 5.136361426318477585e-01, 3.425447425512905264e-01
7.141561974056327700e-02, 7.254201619507318066e-02, 5.130134913674991859e-01, 3.430288726968643842e-01
7.148570482904240131e-02, 7.261280193208757838e-02, 5.123886008135243308e-01, 3.435128924253457727e-01
7.155698363347819113e-02, 7.268474317409835683e-02, 5.117614799984608887e-01, 3.439967931939626467e-01
7.162945611121444844e-02, 7.275783947997904733e-02, 5.111321379637525641e-01, 3.444805664450539817e-01
7.170312222157229631e-02, 7.283209040840982196e-02, 5.105005837638854072e-01, 3.449642036061325023e-01
7.177798192574981473e-02, 7.290749551777649107e-02, 5.098668264665255911e-01, 3.454476960899480753e-01
7.185403518672089929e-02, 7.298405436606857088e-02, 5.092308751526561927e-01, 3.459310352945543232e-01
7.193128196913282923e-02, 7.306176651077665729e-02, 5.085927389167141932e-01, 3.464142126033763480e-01
7.200972223920300286e-02, 7.314063150878891140e-02, 5.079524268667277020e-01, 3.468972193852804531e-01
7.208935596461474304e-02, 7.322064891628654593e-02, 5.073099481244531805e-01, 3.473800469946455305e-01
7.217018311441203426e-02, 7.330181828863877036e-02, 5.066653118255119992e-01, 3.478626867714371684e-01
7.225220365889326035e-02, 7.338413918029650096e-02, 5.060185271195275503e-01, 3.483451300412826468e-01
7.233541756950420676e-02, 7.346761114468575160e-02, 5.053696031702612501e-01, 3.488273681155487638e-01
7.241982481872984156e-02, 7.355223373409978949e-02, 5.047185491557493187e-01, 3.493093922914209393e-01
7.250542537998545811e-02, 7.363800649959091615e-02, 5.040653742684387817e-01, 3.497911938519848163e-01
7.259221922750662415e-02, 7.372492899086120766e-02, 5.034100877153228071e-01, 3.502727640663093611e-01
7.268020633623858973e-02, 7.381300075615260248e-02, 5.027526987180765961e-01, 3.507540941895321285e-01
7.276938668172443225e-02, 7.390222134213628169e-02, 5.020932165131920533e-01, 3.512351754629471356e-01
7.285976023999270190e-02, 7.399259029380127195e-02, 5.014316503521127899e-01, 3.517159991140932918e-01
7.295132698744381805e-02, 7.408410715434239624e-02, 5.007680095013673505e-01, 3.521965563568464352e-01
7.304408690073596611e-02, 7.417677146504754460e-02, 5.001023032427042159e-01, 3.526768383915122596e-01
7.313803995666988411e-02, 7.427058276518425095e-02, 4.994345408732236979e-01, 3.531568364049221809e-01
7.323318613207317751e-02, 7.436554059188545118e-02, 4.987647317055112217e-01, 3.536365415705301496e-01
7.332952540368338490e-02, 7.446164448003496361e-02, 4.980928850677689979e-01, 3.541159450485126814e-01
7.342705774803061358e-02, 7.455889396215184539e-02, 4.974190103039473621e-01, 3.545950379858702206e-01
7.352578314131914816e-02, 7.465728856827459625e-02, 4.967431167738753928e-01, 3.550738115165308351e-01
7.362570155930847626e-02, 7.475682782584447406e-02, 4.960652138533911959e-01, 3.555522567614557983e-01
7.372681297719342608e-02, 7.485751125958826913e-02, 4.953853109344706906e-01, 3.560303648287475031e-01
7.382911736948356840e-02, 7.495933839140053734e-02, 4.947034174253562844e-01, 3.565081268137596515e-01
7.393261470988204964e-02, 7.506230874022512545e-02, 4.940195427506843262e-01, 3.569855337992085542e-01
7.403730497116328690e-02, 7.516642182193647437e-02, 4.933336963516119500e-01, 3.574625768552883165e-01
7.414318812505055201e-02, 7.527167714921997876e-02, 4.926458876859434177e-01, 3.579392470397860238e-01
7.425026414209234815e-02, 7.537807423145211072e-02, 4.919561262282544645e-01, 3.584155353982011460e-01
7.435853299153828699e-02, 7.548561257457996054e-02, 4.912644214700163658e-01, 3.588914329638653866e-01
7.446799464121439671e-02, 7.559429168100012530e-02, 4.905707829197200054e-01, 3.593669307580655836e-01
7.457864905739769457e-02, 7.570411104943731984e-02, 4.898752201029963338e-01, 3.598420197901687212e-01
7.469049620468982964e-02, 7.581507017482243260e-02, 4.891777425627391040e-01, 3.603166910577486615e-01
7.480353604589073946e-02, 7.592716854817010974e-02, 4.884783598592235543e-01, 3.607909355467157075e-01
7.491776854187089107e-02, 7.604040565645601990e-02, 4.877770815702256457e-01, 3.612647442314474433e-01
7.503319365144363318e-02, 7.615478098249338357e-02, 4.870739172911399684e-01, 3.617381080749229594e-01
7.514981133123652124e-02, 7.627029400480944688e-02, 4.863688766350963144e-01, 3.622110180288576897e-01
7.526762153556215695e-02, 7.638694419752144193e-02, 4.856619692330743088e-01, 3.626834650338420785e-01
7.538662421628841703e-02, 7.650473103021185328e-02, 4.849532047340184282e-01, 3.631554400194813015e-01
7.550681932270823793e-02, 7.662365396780392024e-02, 4.842425928049501893e-01, 3.636269339045375970e-01
7.562820680140881768e-02, 7.674371247043620947e-02, 4.835301431310800035e-01, 3.640979375970749277e-01
7.575078659614011001e-02, 7.686490599333722917e-02, 4.828158654159171448e-01, 3.645684419946054744e-01
7.587455864768323510e-02, 7.698723398669929385e-02, 4.820997693813786622e-01, 3.650384379842388505e-01
7.599952289371772474e-02, 7.711069589555263892e-02, 4.813818647678971274e-01, 3.655079164428325367e-01
7.612567926868882284e-02, 7.723529115963877201e-02, 4.806621613345259392e-01, 3.659768682371464799e-01
7.625302770367417549e-02, 7.736101921328362996e-02, 4.799406688590449055e-01, 3.664452842239973029e-01
7.638156812624978531e-02, 7.748787948527073588e-02, 4.792173971380623843e-01, 3.669131552504171223e-01
7.651130046035588272e-02, 7.761587139871362062e-02, 4.784923559871175902e-01, 3.673804721538129758e-01
7.664222462616217257e-02, 7.774499437092843857e-02, 4.777655552407800155e-01, 3.678472257621294705e-01
7.677434053993255347e-02, 7.787524781330613932e-02, 4.770370047527485169e-01, 3.683134068940127626e-01
7.690764811388951794e-02, 7.800663113118440350e-02, 4.763067143959480165e-01, 3.687790063589780343e-01
7.704214725607824721e-02, 7.813914372371939809e-02, 4.755746940626245367e-01, 3.692440149575777486e-01
7.717783787023015096e-02, 7.827278498375760118e-02, 4.748409536644390694e-01, 3.697084234815731785e-01
7.731471985562607396e-02, 7.840755429770689122e-02, 4.741055031325593916e-01, 3.701722227141077126e-01
7.745279310695912800e-02, 7.854345104540795541e-02, 4.733683524177503266e-01, 3.706354034298824929e-01
7.759205751419727404e-02, 7.868047460000550386e-02, 4.726295114904623951e-01, 3.710979563953348270e-01
7.773251296244539088e-02, 7.881862432781902572e-02, 4.718889903409183018e-01, 3.715598723688172678e-01
7.787415933180710792e-02, 7.895789958821385068e-02, 4.711467989791980893e-01, 3.720211421007809105e-01
7.801699649724631869e-02, 7.909829973347176635e-02, 4.704029474353220164e-01, 3.724817563339599125e-01
7.816102432844838910e-02, 7.923982410866169113e-02, 4.696574457593320484e-01, 3.729417058035578436e-01
7.830624268968114365e-02, 7.938247205151037489e-02, 4.689103040213715157e-01, 3.734009812374370352e-01
7.845265143965532428e-02, 7.952624289227275267e-02, 4.681615323117617744e-01, 3.738595733563101486e-01
7.860025043138507694e-02, 7.967113595360250655e-02, 4.674111407410790897e-01, 3.743174728739332435e-01
7.874903951204810515e-02, 7.981715055042266915e-02, 4.666591394402271331e-01, 3.747746704973020648e-01
7.889901852284546269e-02, 7.996428598979572755e-02, 4.659055385605093136e-01, 3.752311569268494962e-01
7.905018729886133244e-02, 8.011254157079417126e-02, 4.651503482736982220e-01, 3.756869228566462882e-01
7.920254566892229176e-02, 8.026191658437117904e-02, 4.643935787721034658e-01, 3.761419589746031189e-01
7.935609345545666105e-02, 8.041241031323057009e-02, 4.636352402686371721e-01, 3.765962559626756523e-01
7.951083047435365814e-02, 8.056402203169776843e-02, 4.628753429968777144e-01, 3.770498044970708729e-01
7.966675653482215014e-02, 8.071675100559014271e-02, 4.621138972111309418e-01, 3.775025952484568070e-01
7.982387143924936368e-02, 8.087059649208759582e-02, 4.613509131864897417e-01, 3.779546188821732433e-01
7.998217498305977557e-02, 8.102555773960326557e-02, 4.605864012188909951e-01, 3.784058660584460054e-01
8.014166695457305978e-02, 8.118163398765433636e-02, 4.598203716251711981e-01, 3.788563274326013364e-01
8.030234713486288090e-02, 8.133882446673310063e-02, 4.590528347431186429e-01, 3.793059936552853895e-01
8.046421529761492442e-02, 8.149712839817759014e-02, 4.582838009315244321e-01, 3.797548553726830534e-01
8.062727120898501021e-02, 8.165654499404324806e-02, 4.575132805702308847e-01, 3.802029032267408293e-01
8.079151462745728929e-02, 8.181707345697379619e-02, 4.567412840601777768e-01, 3.806501278553911516e-01
8.095694530370219077e-02, 8.197871298007297636e-02, 4.559678218234460290e-01, 3.810965198927787623e-01
8.112356298043427172e-02, 8.214146274677620874e-02, 4.551929043032996169e-01, 3.815420699694899720e-01
8.129136739227026121e-02, 8.230532193072227776e-02, 4.544165419642243742e-01, 3.819867687127830869e-01
8.146035826558688242e-02, 8.247028969562564260e-02, 4.536387452919658503e-01, 3.824306067468216663e-01
8.163053531837871635e-02, 8.263636519514867829e-02, 4.528595247935627288e-01, 3.828735746929097794e-01
8.180189826011617649e-02, 8.280354757277409716e-02, 4.520788909973803005e-01, 3.833156631697295369e-01
8.197444679160331704e-02, 8.297183596167784225e-02, 4.512968544531391069e-01, 3.837568627935797339e-01
8.214818060483571049e-02, 8.314122948460214713e-02, 4.505134257319434177e-01, 3.841971641786187663e-01
8.232309938285861661e-02, 8.331172725372891497e-02, 4.497286154263053781e-01, 3.846365579371071042e-01
8.249920279962476288e-02, 8.348332837055341682e-02, 4.489424341501679350e-01, 3.850750346796538159e-01
8.267649051985261066e-02, 8.365603192575810088e-02, 4.481548925389250981e-01, 3.855125850154640932e-01
8.285496219888455194e-02, 8.382983699908694297e-02, 4.473660012494388161e-01, 3.859491995525896613e-01
8.303461748254503672e-02, 8.400474265922021344e-02, 4.465757709600549630e-01, 3.863848688981798007e-01
8.321545600699915834e-02, 8.418074796364928558e-02, 4.457842123706146631e-01, 3.868195836587367542e-01
8.339747739861105846e-02, 8.435785195855213803e-02, 4.449913362024656149e-01, 3.872533344403711331e-01
8.358068127380249845e-02, 8.453605367866905140e-02, 4.441971531984684196e-01, 3.876861118490599334e-01
8.376506723891197215e-02, 8.471535214717869355e-02, 4.434016741230020209e-01, 3.881179064909073273e-01
8.395063489005341606e-02, 8.489574637557471826e-02, 4.426049097619656481e-01, 3.885487089724062315e-01
8.413738381297543312e-02, 8.507723536354282190e-02, 4.418068709227787605e-01, 3.889785099007029845e-01
8.432531358292072454e-02, 8.525981809883811935e-02, 4.410075684343776059e-01, 3.894072998838635224e-01
8.451442376448556337e-02, 8.544349355716297778e-02, 4.402070131472100578e-01, 3.898350695311414982e-01
8.470471391147968432e-02, 8.562826070204554441e-02, 4.394052159332267893e-01, 3.902618094532478987e-01
8.489618356678615974e-02, 8.581411848471845460e-02, 4.386021876858709478e-01, 3.906875102626244378e-01
8.508883226222191398e-02, 8.600106584399812293e-02, 4.377979393200638891e-01, 3.911121625737159491e-01
8.528265951839798797e-02, 8.618910170616482513e-02, 4.369924817721891341e-01, 3.915357570032480528e-01
8.547766484458045599e-02, 8.637822498484287737e-02, 4.361858260000731624e-01, 3.919582841705036014e-01
8.567384773855163393e-02, 8.656843458088160637e-02, 4.353779829829637071e-01, 3.923797346976030109e-01
8.587120768647141245e-02, 8.675972938223716624e-02, 4.345689637215052747e-01, 3.928000992097863131e-01
8.606974416273882600e-02, 8.695210826385402214e-02, 4.337587792377113338e-01, 3.932193683356957625e-01
8.626945662985456564e-02, 8.714557008754812706e-02, 4.329474405749350607e-01, 3.936375327076623298e-01
8.647034453828285339e-02, 8.734011370188980716e-02, 4.321349587978357554e-01, 3.940545829619916396e-01
8.667240732631451006e-02, 8.753573794208792391e-02, 4.313213449923433696e-01, 3.944705097392541271e-01
8.687564441993014808e-02, 8.773244162987424433e-02, 4.305066102656204263e-01, 3.948853036845750841e-01
8.708005523266351688e-02, 8.793022357338846351e-02, 4.296907657460204422e-01, 3.952989554479275358e-01
8.728563916546547286e-02, 8.812908256706429577e-02, 4.288738225830435180e-01, 3.957114556844267828e-01
8.749239560656857373e-02, 8.832901739151555187e-02, 4.280557919472899875e-01, 3.961227950546259424e-01
8.770032393135143711e-02, 8.853002681342367342e-02, 4.272366850304102348e-01, 3.965329642248145436e-01
8.790942350220444512e-02, 8.873210958542546156e-02, 4.264165130450525143e-01, 3.969419538673175096e-01
8.811969366839493556e-02, 8.893526444600152736e-02, 4.255952872248066621e-01, 3.973497546607968611e-01
8.833113376593375310e-02, 8.913949011936571354e-02, 4.247730188241463645e-01, 3.977563572905541411e-01
8.854374311744173109e-02, 8.934478531535516854e-02, 4.239497191183678182e-01, 3.981617524488352822e-01
8.875752103201672849e-02, 8.955114872932097569e-02, 4.231253994035252264e-01, 3.985659308351370833e-01
8.897246680510148553e-02, 8.975857904201994808e-02, 4.223000709963639077e-01, 3.989688831565147420e-01
8.918857971835160436e-02, 8.996707491950678426e-02, 4.214737452342504631e-01, 3.993706001278910511e-01
8.940585903950441782e-02, 9.017663501302736195e-02, 4.206464334750998901e-01, 3.997710724723682607e-01
8.962430402224819126e-02, 9.038725795891257297e-02, 4.198181470972994211e-01, 4.001702909215397730e-01
8.984391390609190731e-02, 9.059894237847322673e-02, 4.189888974996301974e-01, 4.005682462158046131e-01
9.006468791623578607e-02, 9.081168687789552274e-02, 4.181586961011852788e-01, 4.009649291046833985e-01
9.028662526344219397e-02, 9.102549004813778599e-02, 4.173275543412850452e-01, 4.013603303471349748e-01
9.050972514390731583e-02, 9.124035046482739664e-02, 4.164954836793900439e-01, 4.017544407118751604e-01
9.073398673913354862e-02, 9.145626668815957927e-02, 4.156624955950098954e-01, 4.021472509776969351e-01
9.095940921580196459e-02, 9.167323726279592855e-02, 4.148286015876101462e-01, 4.025387519337920716e-01
9.118599172564624544e-02, 9.189126071776480831e-02, 4.139938131765156237e-01, 4.029289343800732670e-01
9.141373340532675529e-02, 9.211033556636215314e-02, 4.131581419008115152e-01, 4.033177891274995486e-01
9.164263337630532136e-02, 9.233046030605350507e-02, 4.123215993192401729e-01, 4.037053069984010700e-01
9.187269074472079189e-02, 9.255163341837649438e-02, 4.114841970100964752e-01, 4.040914788268062385e-01
9.210390460126546830e-02, 9.277385336884497180e-02, 4.106459465711193024e-01, 4.044762954587702297e-01
9.233627402106175941e-02, 9.299711860685357101e-02, 4.098068596193800706e-01, 4.048597477527045019e-01
9.256979806354027895e-02, 9.322142756558353394e-02, 4.089669477911686002e-01, 4.052418265797074759e-01
9.280447577231799861e-02, 9.344677866190939652e-02, 4.081262227418758770e-01, 4.056225228238967140e-01
9.304030617507748346e-02, 9.367317029630668757e-02, 4.072846961458734261e-01, 4.060018273827422641e-01
9.327728828344702960e-02, 9.390060085276087654e-02, 4.064423796963911317e-01, 4.063797311674010593e-01
9.351542109288123183e-02, 9.412906869867698756e-02, 4.055992851053894510e-01, 4.067562251030523712e-01
9.375470358254264780e-02, 9.435857218479057340e-02, 4.047554241034316269e-01, 4.071313001292351519e-01
9.399513471518411434e-02, 9.458910964507970254e-02, 4.039108084395506282e-01, 4.075049472001855966e-01
9.423671343703195202e-02, 9.482067939667769563e-02, 4.030654498811146458e-01, 4.078771572851757621e-01
9.447943867766993298e-02, 9.505327973978761058e-02, 4.022193602136883150e-01, 4.082479213688542385e-01
9.472330934992422014e-02, 9.528690895759696355e-02, 4.013725512408921059e-01, 4.086172304515868214e-01
9.496832434974904202e-02, 9.552156531619453161e-02, 4.005250347842576053e-01, 4.089850755497988488e-01
9.521448255611328348e-02, 9.575724706448733581e-02, 3.996768226830813564e-01, 4.093514476963180382e-01
9.546178283088804783e-02, 9.599395243411945611e-02, 3.988279267942739237e-01, 4.097163379407185446e-01
9.571022401873494068e-02, 9.623167963939173453e-02, 3.979783589922072373e-01, 4.100797373496661291e-01
9.595980494699543617e-02, 9.647042687718251908e-02, 3.971281311685586624e-01, 4.104416370072633269e-01
9.621052442558107598e-02, 9.671019232686982325e-02, 3.962772552321520703e-01, 4.108020280153970583e-01
9.646238124686466742e-02, 9.695097415025451248e-02, 3.954257431087954688e-01, 4.111609014940854068e-01
9.671537418557224486e-02, 9.719277049148472569e-02, 3.945736067411167447e-01, 4.115182485818262847e-01
9.696950199867648834e-02, 9.743557947698157362e-02, 3.937208580883956310e-01, 4.118740604359464319e-01
9.722476342529029480e-02, 9.767939921536587800e-02, 3.928675091263924557e-01, 4.122283282329513576e-01
9.748115718656219508e-02, 9.792422779738639560e-02, 3.920135718471755570e-01, 4.125810431688758384e-01
9.773868198557222886e-02, 9.817006329584901381e-02, 3.911590582589434817e-01, 4.129321964596354144e-01
9.799733650722905476e-02, 9.841690376554752817e-02, 3.903039803858457946e-01, 4.132817793413777196e-01
9.825711941816783757e-02, 9.866474724319521106e-02, 3.894483502678011133e-01, 4.136297830708359213e-01
9.851802936664959265e-02, 9.891359174735812887e-02, 3.885921799603112015e-01, 4.139761989256811048e-01
9.878006498246132139e-02, 9.916343527838965277e-02, 3.877354815342728411e-01, 4.143210182048762680e-01
9.904322487681693765e-02, 9.941427581836582983e-02, 3.868782670757862641e-01, 4.146642322290309823e-01
9.930750764225988736e-02, 9.966611133102276643e-02, 3.860205486859620283e-01, 4.150058323407553873e-01
9.957291185256628152e-02, 9.991893976169467784e-02, 3.851623384807228989e-01, 4.153458099050161278e-01
9.983943606264948645e-02, 1.001727590372537557e-01, 3.843036485906050626e-01, 4.156841563094916259e-01
1.001070788084657270e-01, 1.004275670660510350e-01, 3.834444911605550121e-01, 4.160208629649282952e-01
1.003758386069204950e-01, 1.006833617378588563e-01, 3.825848783497235450e-01, 4.163559213054971453e-01
1.006457139557766639e-01, 1.009401409238145086e-01, 3.817248223312586508e-01, 4.166893227891502738e-01
1.009167033335633262e-01, 1.011979024763652452e-01, 3.808643352920927927e-01, 4.170210588979785249e-01
1.011888051994858512e-01, 1.014566442292150483e-01, 3.800034294327304107e-01, 4.173511211385686481e-01
1.014620179933371918e-01, 1.017163639972720607e-01, 3.791421169670302072e-01, 4.176795010423605126e-01
1.017363401354103164e-01, 1.019770595765981808e-01, 3.782804101219855442e-01, 4.180061901660059309e-01
1.020117700264117633e-01, 1.022387287443594917e-01, 3.774183211375027325e-01, 4.183311800917259293e-01
1.022883060473765982e-01, 1.025013692587785075e-01, 3.765558622661755450e-01, 4.186544624276692939e-01
1.025659465595842729e-01, 1.027649788590876134e-01, 3.756930457730569550e-01, 4.189760288082710615e-01
1.028446899044759555e-01, 1.030295552654839769e-01, 3.748298839354293754e-01, 4.192958708946107338e-01
1.031245344035729011e-01, 1.032950961790858879e-01, 3.739663890425706239e-01, 4.196139803747705455e-01
1.034054783583962800e-01, 1.035615992818908759e-01, 3.731025733955182777e-01, 4.199303489641946219e-01
1.036875200503879768e-01, 1.038290622367345484e-01, 3.722384493068307543e-01, 4.202449684060466928e-01
1.039706577408329446e-01, 1.040974826872517883e-01, 3.713740291003462812e-01, 4.205578304715689719e-01
1.042548896707824746e-01, 1.043668582578388682e-01, 3.705093251109382591e-01, 4.208689269604404815e-01
1.045402140609790198e-01, 1.046371865536169926e-01, 3.696443496842689580e-01, 4.211782497011351545e-01
1.048266291117823934e-01, 1.049084651603977569e-01, 3.687791151765401065e-01, 4.214857905512798264e-01
1.051141330030967852e-01, 1.051806916446499374e-01, 3.679136339542413703e-01, 4.217915413980120043e-01
1.054027238942995409e-01, 1.054538635534675167e-01, 3.670479183938947787e-01, 4.220954941583381359e-01
1.056923999241712597e-01, 1.057279784145395141e-01, 3.661819808817988187e-01, 4.223976407794904353e-01
1.059831592108267523e-01, 1.060030337361214936e-01, 3.653158338137679761e-01, 4.226979732392837086e-01
1.062749998516477612e-01, 1.062790270070080589e-01, 3.644494895948710567e-01, 4.229964835464730677e-01
1.065679199232170832e-01, 1.065559556965073457e-01, 3.635829606391660085e-01, 4.232931637411095904e-01
1.068619174812535794e-01, 1.068338172544171655e-01, 3.627162593694331361e-01, 4.235880058948962024e-01
1.071569905605489481e-01, 1.071126091110019829e-01, 3.618493982169052048e-01, 4.238810021115438920e-01
1.074531371749058301e-01, 1.073923286769724317e-01, 3.609823896209952698e-01, 4.241721445271264823e-01
1.077503553170770789e-01, 1.076729733434657471e-01, 3.601152460290223400e-01, 4.244614253104349033e-01
1.080486429587064617e-01, 1.079545404820275861e-01, 3.592479798959341553e-01, 4.247488366633317969e-01
1.083479980502711632e-01, 1.082370274445963870e-01, 3.583806036840277431e-01, 4.250343708211046234e-01
1.086484185210249975e-01, 1.085204315634882843e-01, 3.575131298626680332e-01, 4.253180200528187127e-01
1.089499022789434807e-01, 1.088047501513839665e-01, 3.566455709080033065e-01, 4.255997766616692046e-01
1.092524472106704836e-01, 1.090899805013176432e-01, 3.557779393026789805e-01, 4.258796329853329343e-01
1.095560511814656357e-01, 1.093761198866666229e-01, 3.549102475355489505e-01, 4.261575813963188186e-01
1.098607120351539068e-01, 1.096631655611434442e-01, 3.540425081013841013e-01, 4.264336143023185755e-01
1.101664275940762300e-01, 1.099511147587889648e-01, 3.531747335005797628e-01, 4.267077241465549453e-01
1.104731956590414288e-01, 1.102399646939676015e-01, 3.523069362388595582e-01, 4.269799034081314670e-01
1.107810140092801710e-01, 1.105297125613634163e-01, 3.514391288269778091e-01, 4.272501446023784233e-01
1.110898804023997405e-01, 1.108203555359789372e-01, 3.505713237804199967e-01, 4.275184402812012840e-01
1.113997925743405865e-01, 1.111118907731345473e-01, 3.497035336191000043e-01, 4.277847830334247647e-01
1.117107482393344536e-01, 1.114043154084700810e-01, 3.488357708670565827e-01, 4.280491654851388272e-01
1.120227450898638177e-01, 1.116976265579480015e-01, 3.479680480521463171e-01, 4.283115803000417943e-01
1.123357807966225558e-01, 1.119918213178580646e-01, 3.471003777057360407e-01, 4.285720201797832973e-01
1.126498530084789618e-01, 1.122868967648237154e-01, 3.462327723623914721e-01, 4.288304778643057258e-01
1.129649593524390816e-01, 1.125828499558102908e-01, 3.453652445595655762e-01, 4.290869461321850098e-01
1.132810974336125459e-01, 1.128796779281344975e-01, 3.444978068372832603e-01, 4.293414178009695714e-01
1.135982648351795271e-01, 1.131773776994758895e-01, 3.436304717378254603e-01, 4.295938857275190537e-01
1.139164591183589453e-01, 1.134759462678898989e-01, 3.427632518054103961e-01, 4.298443428083406070e-01
1.142356778223787284e-01, 1.137753806118225325e-01, 3.418961595858734936e-01, 4.300927819799253427e-01
1.145559184644471679e-01, 1.140756776901264563e-01, 3.410292076263445327e-01, 4.303391962190818987e-01
1.148771785397260381e-01, 1.143768344420794530e-01, 3.401624084749243493e-01, 4.305835785432701734e-01
1.151994555213051719e-01, 1.146788477874037121e-01, 3.392957746803581531e-01, 4.308259220109328380e-01
1.155227468601785767e-01, 1.149817146262874096e-01, 3.384293187917084555e-01, 4.310662197218255720e-01
1.158470499852220365e-01, 1.152854318394075511e-01, 3.375630533580247228e-01, 4.313044648173456341e-01
1.161723623031724190e-01, 1.155899962879547577e-01, 3.366969909280128070e-01, 4.315406504808599886e-01
1.164986811986084003e-01, 1.158954048136596748e-01, 3.358311440497014355e-01, 4.317747699380304893e-01
1.168260040339327149e-01, 1.162016542388209228e-01, 3.349655252701078667e-01, 4.320068164571384539e-01
1.171543281493560851e-01, 1.165087413663347393e-01, 3.341001471349014929e-01, 4.322367833494077383e-01
1.174836508628826770e-01, 1.168166629797266903e-01, 3.332350221880653884e-01, 4.324646639693252581e-01
1.178139694702971391e-01, 1.171254158431844217e-01, 3.323701629715574146e-01, 4.326904517149611218e-01
1.181452812451529999e-01, 1.174349967015924368e-01, 3.315055820249687146e-01, 4.329141400282858210e-01
1.184775834387630650e-01, 1.177454022805687894e-01, 3.306412918851810989e-01, 4.331357223954870328e-01
1.188108732801908124e-01, 1.180566292865028871e-01, 3.297773050860229316e-01, 4.333551923472834244e-01
1.191451479762441062e-01, 1.183686744065953200e-01, 3.289136341579231848e-01, 4.335725434592373473e-01
1.194804047114696732e-01, 1.186815343088995917e-01, 3.280502916275651049e-01, 4.337877693520655886e-01
1.198166406481497026e-01, 1.189952056423649318e-01, 3.271872900175367693e-01, 4.340008636919485685e-01
1.201538529263000699e-01, 1.193096850368811634e-01, 3.263246418459820331e-01, 4.342118201908367614e-01
1.204920386636695873e-01, 1.196249691033254570e-01, 3.254623596262490315e-01, 4.344206326067558410e-01
1.208311949557415860e-01, 1.199410544336100559e-01, 3.246004558665376849e-01, 4.346272947441106593e-01
1.211713188757364973e-01, 1.202579376007324452e-01, 3.237389430695459813e-01, 4.348318004539850623e-01
1.215124074746162935e-01, 1.205756151588267405e-01, 3.228778337321149272e-01, 4.350341436344420942e-01
1.218544577810904417e-01, 1.208940836432168264e-01, 3.220171403448725544e-01, 4.352343182308202052e-01
1.221974668016235777e-01, 1.212133395704711181e-01, 3.211568753918764840e-01, 4.354323182360287925e-01
1.225414315204446658e-01, 1.215333794384592520e-01, 3.202970513502551575e-01, 4.356281376908408554e-01
1.228863488995574904e-01, 1.218541997264101368e-01, 3.194376806898487908e-01, 4.358217706841835404e-01
1.232322158787534094e-01, 1.221757968949715306e-01, 3.185787758728483854e-01, 4.360132113534266329e-01
1.235790293756249963e-01, 1.224981673862719639e-01, 3.177203493534339063e-01, 4.362024538846689947e-01
1.239267862855817776e-01, 1.228213076239834528e-01, 3.168624135774121831e-01, 4.363894925130225588e-01
1.242754834818671633e-01, 1.231452140133864337e-01, 3.160049809818525346e-01, 4.365743215228939378e-01
1.246251178155773770e-01, 1.234698829414361126e-01, 3.151480639947228379e-01, 4.367569352482635336e-01
1.249756861156816196e-01, 1.237953107768305916e-01, 3.142916750345242094e-01, 4.369373280729635933e-01
1.253271851890440935e-01, 1.241214938700803960e-01, 3.134358265099237983e-01, 4.371154944309517121e-01
1.256796118204474011e-01, 1.244484285535799178e-01, 3.125805308193888576e-01, 4.372914288065837818e-01
1.260329627726176904e-01, 1.247761111416803709e-01, 3.117258003508181496e-01, 4.374651257348838307e-01
1.263872347862513290e-01, 1.251045379307640648e-01, 3.108716474811736297e-01, 4.376365798018110320e-01
1.267424245800430616e-01, 1.254337051993209273e-01, 3.100180845761109638e-01, 4.378057856445250473e-01
1.270985288507160693e-01, 1.257636092080262058e-01, 3.091651239896098802e-01, 4.379727379516478725e-01
1.274555442730532229e-01, 1.260942461998195985e-01, 3.083127780636031878e-01, 4.381374314635239076e-01
1.278134674999300280e-01, 1.264256123999866754e-01, 3.074610591276058513e-01, 4.382998609724773065e-01
1.281722951623495976e-01, 1.267577040162410629e-01, 3.066099794983433435e-01, 4.384600213230659960e-01
1.285320238694781514e-01, 1.270905172388088755e-01, 3.057595514793787772e-01, 4.386179074123342514e-01
1.288926502086834014e-01, 1.274240482405142871e-01, 3.049097873607410358e-01, 4.387735141900612201e-01
1.292541707455734934e-01, 1.277582931768670438e-01, 3.040606994185510725e-01, 4.389268366590083348e-01
1.296165820240378908e-01, 1.280932481861513372e-01, 3.032122999146482090e-01, 4.390778698751626186e-01
1.299798805662899515e-01, 1.284289093895160938e-01, 3.023646010962167119e-01, 4.392266089479772706e-01
1.303440628729108375e-01, 1.287652728910672062e-01, 3.015176151954109818e-01, 4.393730490406110856e-01
1.307091254228948951e-01, 1.291023347779609864e-01, 3.006713544289811302e-01, 4.395171853701629883e-01
1.310750646736971448e-01, 1.294400911204993398e-01, 2.998258309978986125e-01, 4.396590132079049029e-01
1.314418770612814369e-01, 1.297785379722263266e-01, 2.989810570869804174e-01, 4.397985278795118469e-01
1.318095590001710227e-01, 1.301176713700265553e-01, 2.981370448645142002e-01, 4.399357247652881386e-01
1.321781068835000683e-01, 1.304574873342245755e-01, 2.972938064818833603e-01, 4.400705993003919958e-01
1.325475170830670291e-01, 1.307979818686861029e-01, 2.964513540731906760e-01, 4.402031469750560810e-01
1.329177859493892999e-01, 1.311391509609211858e-01, 2.956096997548838257e-01, 4.403333633348058274e-01
1.332889098117596149e-01, 1.314809905821875957e-01, 2.947688556253787451e-01, 4.404612439806739888e-01
1.336608849783039177e-01, 1.318234966875973802e-01, 2.939288337646850935e-01, 4.405867845694136364e-01
1.340337077360404805e-01, 1.321666652162233335e-01, 2.930896462340301101e-01, 4.407099808137059926e-01
1.344073743509411056e-01, 1.325104920912079098e-01, 2.922513050754838027e-01, 4.408308284823673207e-01
1.347818810679931034e-01, 1.328549732198732736e-01, 2.914138223115827486e-01, 4.409493234005508189e-01
1.351572241112633799e-01, 1.332001044938329049e-01, 2.905772099449561163e-01, 4.410654614499475157e-01
1.355333996839636901e-01, 1.335458817891043426e-01, 2.897414799579502431e-01, 4.411792385689817242e-01
1.359104039685174181e-01, 1.338923009662236763e-01, 2.889066443122537686e-01, 4.412906507530051092e-01
1.362882331266278835e-01, 1.342393578703614809e-01, 2.880727149485236560e-01, 4.413996940544869241e-01
1.366668832993481464e-01, 1.345870483314397792e-01, 2.872397037860111579e-01, 4.415063645832008610e-01
1.370463506071521453e-01, 1.349353681642509462e-01, 2.864076227221878379e-01, 4.416106585064089596e-01
1.374266311500075000e-01, 1.352843131685773359e-01, 2.855764836323727018e-01, 4.417125720490425178e-01
1.378077210074494241e-01, 1.356338791293128787e-01, 2.847462983693587746e-01, 4.418121014938788949e-01
1.381896162386565541e-01, 1.359840618165859549e-01, 2.839170787630413972e-01, 4.419092431817160382e-01
1.385723128825276929e-01, 1.363348569858831016e-01, 2.830888366200460249e-01, 4.420039935115431806e-01
1.389558069577604138e-01, 1.366862603781747176e-01, 2.822615837233567460e-01, 4.420963489407082614e-01
1.393400944629307470e-01, 1.370382677200416288e-01, 2.814353318319458563e-01, 4.421863059850818511e-01
1.397251713765745862e-01, 1.373908747238034023e-01, 2.806100926804038220e-01, 4.422738612192182450e-01
1.401110336572702897e-01, 1.377440770876474652e-01, 2.797858779785694638e-01, 4.423590112765128368e-01
1.404976772437225574e-01, 1.380978704957600001e-01, 2.789626994111616964e-01, 4.424417528493557739e-01
1.408850980548480014e-01, 1.384522506184575896e-01, 2.781405686374111563e-01, 4.425220826892831694e-01
1.412732919898619932e-01, 1.388072131123208042e-01, 2.773194972906933287e-01, 4.425999976071238740e-01
1.416622549283667043e-01, 1.391627536203284832e-01, 2.764994969781616185e-01, 4.426754944731433605e-01
1.420519827304405347e-01, 1.395188677719932935e-01, 2.756805792803825317e-01, 4.427485702171837789e-01
1.424424712367292623e-01, 1.398755511834990639e-01, 2.748627557509704111e-01, 4.428192218288012905e-01
1.428337162685379969e-01, 1.402327994578386194e-01, 2.740460379162240612e-01, 4.428874463573993503e-01
1.432257136279248277e-01, 1.405906081849534195e-01, 2.732304372747636489e-01, 4.429532409123580483e-01
1.436184590977955255e-01, 1.409489729418737791e-01, 2.724159652971695489e-01, 4.430166026631611187e-01
1.440119484419998819e-01, 1.413078892928610053e-01, 2.716026334256208541e-01, 4.430775288395182865e-01
1.444061774054289371e-01, 1.416673527895499218e-01, 2.707904530735362192e-01, 4.431360167314848941e-01
1.448011417141139845e-01, 1.420273589710932816e-01, 2.699794356252150362e-01, 4.431920636895776977e-01
1.451968370753262960e-01, 1.423879033643066505e-01, 2.691695924354803870e-01, 4.432456671248866109e-01
1.455932591776785412e-01, 1.427489814838149296e-01, 2.683609348293225505e-01, 4.432968245091840065e-01
1.459904036912273717e-01, 1.431105888321996811e-01, 2.675534741015438422e-01, 4.433455333750290772e-01
1.463882662675771162e-01, 1.434727209001476489e-01, 2.667472215164053972e-01, 4.433917913158699209e-01
1.467868425399846133e-01, 1.438353731666003332e-01, 2.659421883072741188e-01, 4.434355959861409624e-01
1.471861281234659036e-01, 1.441985410989048144e-01, 2.651383856762721813e-01, 4.434769451013572117e-01
1.475861186149031168e-01, 1.445622201529650208e-01, 2.643358247939265881e-01, 4.435158364382053575e-01
1.479868095931535232e-01, 1.449264057733950506e-01, 2.635345167988212278e-01, 4.435522678346301984e-01
1.483881966191591129e-01, 1.452910933936726046e-01, 2.627344727972498739e-01, 4.435862371899184642e-01
1.487902752360577008e-01, 1.456562784362936125e-01, 2.619357038628706280e-01, 4.436177424647780310e-01
1.491930409692951431e-01, 1.460219563129283027e-01, 2.611382210363619727e-01, 4.436467816814145260e-01
1.495964893267384965e-01, 1.463881224245778268e-01, 2.603420353250803232e-01, 4.436733529236033258e-01
1.500006157987904543e-01, 1.467547721617317169e-01, 2.595471577027190779e-01, 4.436974543367587231e-01
1.504054158585052814e-01, 1.471219009045268422e-01, 2.587535991089693899e-01, 4.437190841279984865e-01
1.508108849617049441e-01, 1.474895040229067811e-01, 2.579613704491827142e-01, 4.437382405662055884e-01
1.512170185470972927e-01, 1.478575768767822485e-01, 2.571704825940344108e-01, 4.437549219820859370e-01
1.516238120363950503e-01, 1.482261148161925779e-01, 2.563809463791897891e-01, 4.437691267682226659e-01
1.520312608344352723e-01, 1.485951131814678694e-01, 2.555927726049714854e-01, 4.437808533791253729e-01
1.524393603293007771e-01, 1.489645673033921092e-01, 2.548059720360287272e-01, 4.437901003312783588e-01
1.528481058924422709e-01, 1.493344725033670661e-01, 2.540205554010082634e-01, 4.437968662031823719e-01
1.532574928788009994e-01, 1.497048240935771879e-01, 2.532365333922272366e-01, 4.438011496353945207e-01
1.536675166269334258e-01, 1.500756173771549962e-01, 2.524539166653478328e-01, 4.438029493305637452e-01
1.540781724591360202e-01, 1.504468476483477313e-01, 2.516727158390540953e-01, 4.438022640534622365e-01
1.544894556815715470e-01, 1.508185101926841354e-01, 2.508929414947301817e-01, 4.437990926310141360e-01
1.549013615843961023e-01, 1.511906002871427346e-01, 2.501146041761410088e-01, 4.437934339523200156e-01
1.553138854418873727e-01, 1.515631132003204262e-01, 2.493377143891149228e-01, 4.437852869686773061e-01
1.557270225125735041e-01, 1.519360441926016769e-01, 2.485622826012274245e-01, 4.437746506935974500e-01
1.561407680393630815e-01, 1.523093885163287198e-01, 2.477883192414887248e-01, 4.437615242028195572e-01
1.565551172496763288e-01, 1.526831414159726119e-01, 2.470158347000315502e-01, 4.437459066343196201e-01
1.569700653555766157e-01, 1.530572981283044587e-01, 2.462448393278021119e-01, 4.437277971883168415e-01
1.573856075539034893e-01, 1.534318538825674982e-01, 2.454753434362530740e-01, 4.437071951272759662e-01
1.578017390264059572e-01, 1.538068039006500742e-01, 2.447073572970383804e-01, 4.436840997759055050e-01
1.582184549398773232e-01, 1.541821433972590527e-01, 2.439408911417104975e-01, 4.436585105211531266e-01
1.586357504462903578e-01, 1.545578675800935720e-01, 2.431759551614198767e-01, 4.436304268121961103e-01
1.590536206829336052e-01, 1.549339716500201247e-01, 2.424125595066163319e-01, 4.435998481604300214e-01
1.594720607725480244e-01, 1.553104508012472795e-01, 2.416507142867533320e-01, 4.435667741394512809e-01
1.598910658234656834e-01, 1.556873002215015955e-01, 2.408904295699941522e-01, 4.435312043850386798e-01
1.603106309297473997e-01, 1.560645150922040647e-01, 2.401317153829198858e-01, 4.434931385951286220e-01
1.607307511713227666e-01, 1.564420905886465818e-01, 2.393745817102414519e-01, 4.434525765297890887e-01
1.611514216141303746e-01, 1.568200218801696355e-01, 2.386190384945114651e-01, 4.434095180111884971e-01
1.615726373102583380e-01, 1.571983041303397777e-01, 2.378650956358411006e-01, 4.433639629235608393e-01
1.619943932980863199e-01, 1.575769324971279528e-01, 2.371127629916176538e-01, 4.433159112131679902e-01
1.624166846024280575e-01, 1.579559021330883828e-01, 2.363620503762250968e-01, 4.432653628882585184e-01
1.628395062346740529e-01, 1.583352081855374516e-01, 2.356129675607672447e-01, 4.432123180190213341e-01
1.632628531929356808e-01, 1.587148457967333670e-01, 2.348655242727931414e-01, 4.431567767375377831e-01
1.636867204621898220e-01, 1.590948101040562945e-01, 2.341197301960254440e-01, 4.430987392377284673e-01
1.641111030144236649e-01, 1.594750962401882688e-01, 2.333755949700904719e-01, 4.430382057752976221e-01
1.645359958087808661e-01, 1.598556993332941878e-01, 2.326331281902520864e-01, 4.429751766676727764e-01
1.649613937917077666e-01, 1.602366145072028625e-01, 2.318923394071468191e-01, 4.429096522939425240e-01
1.653872918971004968e-01, 1.606178368815881496e-01, 2.311532381265225256e-01, 4.428416330947887447e-01
1.658136850464528300e-01, 1.609993615721507232e-01, 2.304158338089796476e-01, 4.427711195724167714e-01
1.662405681490042031e-01, 1.613811836908000397e-01, 2.296801358697144468e-01, 4.426981122904812826e-01
1.666679361018887640e-01, 1.617632983458365536e-01, 2.289461536782655682e-01, 4.426226118740090310e-01
1.670957837902846688e-01, 1.621457006421341274e-01, 2.282138965582632684e-01, 4.425446190093179633e-01
1.675241060875638788e-01, 1.625283856813227734e-01, 2.274833737871808370e-01, 4.424641344439325663e-01
1.679528978554428731e-01, 1.629113485619715362e-01, 2.267545945960893483e-01, 4.423811589864962701e-01
1.683821539441335835e-01, 1.632945843797715957e-01, 2.260275681694149663e-01, 4.422956935066797990e-01
1.688118691924946624e-01, 1.636780882277196481e-01, 2.253023036446988037e-01, 4.422077389350868026e-01
1.692420384281837498e-01, 1.640618551963013427e-01, 2.245788101123600000e-01, 4.421172962631548797e-01
1.696726564678094906e-01, 1.644458803736746078e-01, 2.238570966154610764e-01, 4.420243665430548252e-01
1.701037181170848012e-01, 1.648301588458539191e-01, 2.231371721494767313e-01, 4.419289508875846040e-01
1.705352181709799964e-01, 1.652146856968934319e-01, 2.224190456620649403e-01, 4.418310504700616592e-01
1.709671514138764170e-01, 1.655994560090715828e-01, 2.217027260528413590e-01, 4.417306665242105579e-01
1.713995126197208618e-01, 1.659844648630746655e-01, 2.209882221731561958e-01, 4.416278003440482491e-01
1.718322965521796863e-01, 1.663697073381809888e-01, 2.202755428258743597e-01, 4.415224532837649929e-01
1.722654979647940121e-01, 1.667551785124449237e-01, 2.195646967651581627e-01, 4.414146267576029015e-01
1.726991116011348804e-01, 1.671408734628811454e-01, 2.188556926962532678e-01, 4.413043222397307619e-01
1.731331321949586832e-01, 1.675267872656484025e-01, 2.181485392752774699e-01, 4.411915412641154721e-01
1.735675544703634554e-01, 1.679129149962340362e-01, 2.174432451090123897e-01, 4.410762854243900910e-01
1.740023731419445552e-01, 1.682992517296377222e-01, 2.167398187546978328e-01, 4.409585563737198344e-01
1.744375829149518442e-01, 1.686857925405556013e-01, 2.160382687198299512e-01, 4.408383558246626310e-01
1.748731784854457572e-01, 1.690725325035640769e-01, 2.153386034619615697e-01, 4.407156855490286240e-01
1.753091545404549811e-01, 1.694594666933038063e-01, 2.146408313885058983e-01, 4.405905473777352865e-01
1.757455057581334412e-01, 1.698465901846633319e-01, 2.139449608565432426e-01, 4.404629432006599843e-01
1.761822268079179521e-01, 1.702338980529627399e-01, 2.132510001726307114e-01, 4.403328749664884856e-01
1.766193123506859808e-01, 1.706213853741370412e-01, 2.125589575926149499e-01, 4.402003446825619726e-01
1.770567570389135204e-01, 1.710090472249197191e-01, 2.118688413214477873e-01, 4.400653544147189455e-01
1.774945555168333522e-01, 1.713968786830255553e-01, 2.111806595130054642e-01, 4.399279062871356283e-01
1.779327024205934193e-01, 1.717848748273337334e-01, 2.104944202699100542e-01, 4.397880024821628764e-01
1.783711923784151998e-01, 1.721730307380705260e-01, 2.098101316433549635e-01, 4.396456452401593662e-01
1.788100200107523852e-01, 1.725613414969920933e-01, 2.091278016329326805e-01, 4.395008368593228409e-01
1.792491799304496980e-01, 1.729498021875661984e-01, 2.084474381864661885e-01, 4.393535796955179706e-01
1.796886667429016538e-01, 1.733384078951546725e-01, 2.077690491998428479e-01, 4.392038761621007148e-01
1.801284750462116835e-01, 1.737271537071949368e-01, 2.070926425168526097e-01, 4.390517287297408533e-01
1.805685994313510068e-01, 1.741160347133816066e-01, 2.064182259290276156e-01, 4.388971399262397988e-01
1.810090344823180319e-01, 1.745050460058473751e-01, 2.057458071754865170e-01, 4.387401123363481314e-01
1.814497747762972291e-01, 1.748941826793439513e-01, 2.050753939427809869e-01, 4.385806486015778050e-01
1.818908148838184746e-01, 1.752834398314225828e-01, 2.044069938647455620e-01, 4.384187514200133529e-01
1.823321493689165906e-01, 1.756728125626141612e-01, 2.037406145223509268e-01, 4.382544235461183213e-01
1.827737727892899955e-01, 1.760622959766087181e-01, 2.030762634435599179e-01, 4.380876677905414240e-01
1.832156796964604928e-01, 1.764518851804349475e-01, 2.024139481031870247e-01, 4.379184870199175350e-01
1.836578646359322553e-01, 1.768415752846391187e-01, 2.017536759227609999e-01, 4.377468841566675706e-01
1.841003221473511975e-01, 1.772313614034636553e-01, 2.010954542703900227e-01, 4.375728621787950967e-01
1.845430467646638761e-01, 1.776212386550247990e-01, 2.004392904606313031e-01, 4.373964241196799940e-01
1.849860330162767796e-01, 1.780112021614908002e-01, 1.997851917543623790e-01, 4.372175730678700134e-01
1.854292754252154229e-01, 1.784012470492585545e-01, 1.991331653586567163e-01, 4.370363121668692785e-01
1.858727685092830817e-01, 1.787913684491305444e-01, 1.984832184266618060e-01, 4.368526446149245679e-01
1.863165067812196374e-01, 1.791815614964908376e-01, 1.978353580574809256e-01, 4.366665736648085994e-01
1.867604847488606723e-01, 1.795718213314807521e-01, 1.971895912960574260e-01, 4.364781026236010941e-01
1.872046969152954543e-01, 1.799621430991739657e-01, 1.965459251330628487e-01, 4.362872348524678423e-01
1.876491377790257820e-01, 1.803525219497509879e-01, 1.959043665047878469e-01, 4.360939737664353832e-01
1.880938018341242468e-01, 1.807429530386732708e-01, 1.952649222930363804e-01, 4.358983228341660188e-01
1.885386835703922459e-01, 1.811334315268564865e-01, 1.946275993250232428e-01, 4.357002855777281081e-01
1.889837774735178832e-01, 1.815239525808433063e-01, 1.939924043732739745e-01, 4.354998655723648637e-01
1.894290780252339268e-01, 1.819145113729759566e-01, 1.933593441555291892e-01, 4.352970664462609829e-01
1.898745797034751270e-01, 1.823051030815671381e-01, 1.927284253346511766e-01, 4.350918918803066138e-01
1.903202769825355078e-01, 1.826957228910716380e-01, 1.920996545185337800e-01, 4.348843456078591019e-01
1.907661643332256018e-01, 1.830863659922562225e-01, 1.914730382600156877e-01, 4.346744314145025712e-01
1.912122362230292139e-01, 1.834770275823693619e-01, 1.908485830567967501e-01, 4.344621531378046742e-01
1.916584871162599069e-01, 1.838677028653103729e-01, 1.902262953513572941e-01, 4.342475146670725095e-01
1.921049114742173214e-01, 1.842583870517971734e-01, 1.896061815308806853e-01, 4.340305199431047645e-01
1.925515037553433007e-01, 1.846490753595345369e-01, 1.889882479271796367e-01, 4.338111729579425258e-01
1.929982584153774605e-01, 1.850397630133803484e-01, 1.883725008166239334e-01, 4.335894777546182022e-01
1.934451699075125375e-01, 1.854304452455118324e-01, 1.877589464200738190e-01, 4.333654384269017834e-01
1.938922326825496534e-01, 1.858211172955912538e-01, 1.871475909028139095e-01, 4.331390591190451556e-01
1.943394411890529416e-01, 1.862117744109299533e-01, 1.865384403744922981e-01, 4.329103440255248070e-01
1.947867898735039238e-01, 1.866024118466526605e-01, 1.859315008890612686e-01, 4.326792973907820916e-01
1.952342731804556086e-01, 1.869930248658601413e-01, 1.853267784447222843e-01, 4.324459235089619380e-01
1.956818855526860912e-01, 1.873836087397919015e-01, 1.847242789838731691e-01, 4.322102267236489492e-01
1.961296214313518194e-01, 1.877741587479869745e-01, 1.841240083930588134e-01, 4.319722114276022817e-01
1.965774752561407768e-01, 1.881646701784451814e-01, 1.835259725029250999e-01, 4.317318820624889142e-01
1.970254414654245279e-01, 1.885551383277865589e-01, 1.829301770881753553e-01, 4.314892431186135857e-01
1.974735144964106237e-01, 1.889455585014100936e-01, 1.823366278675303542e-01, 4.312442991346489563e-01
1.979216887852941476e-01, 1.893359260136523170e-01, 1.817453305036914324e-01, 4.309970546973621031e-01
1.983699587674089548e-01, 1.897262361879440973e-01, 1.811562906033060139e-01, 4.307475144413410173e-01
1.988183188773783583e-01, 1.901164843569670693e-01, 1.805695137169368580e-01, 4.304956830487178254e-01
1.992667635492656464e-01, 1.905066658628088994e-01, 1.799850053390339710e-01, 4.302415652488914555e-01
1.997152872167237692e-01, 1.908967760571182448e-01, 1.794027709079095700e-01, 4.299851658182484160e-01
2.001638843131447743e-01, 1.912868103012577425e-01, 1.788228158057162398e-01, 4.297264895798811879e-01
2.006125492718087433e-01, 1.916767639664571921e-01, 1.782451453584276702e-01, 4.294655414033063945e-01
2.010612765260319235e-01, 1.920666324339650177e-01, 1.776697648358228077e-01, 4.292023262041803067e-01
2.015100605093150532e-01, 1.924564110951990370e-01, 1.770966794514726994e-01, 4.289368489440132381e-01
2.019588956554904391e-01, 1.928460953518964238e-01, 1.765258943627304733e-01, 4.286691146298826638e-01
2.024077763988687273e-01, 1.932356806162626173e-01, 1.759574146707238995e-01, 4.283991283141447837e-01
2.028566971743855085e-01, 1.936251623111188980e-01, 1.753912454203514770e-01, 4.281268950941442553e-01
2.033056524177468405e-01, 1.940145358700494926e-01, 1.748273916002806849e-01, 4.278524201119230375e-01
2.037546365655745484e-01, 1.944037967375474851e-01, 1.742658581429499531e-01, 4.275757085539280133e-01
2.042036440555508869e-01, 1.947929403691597006e-01, 1.737066499245726314e-01, 4.272967656507167811e-01
2.046526693265626196e-01, 1.951819622316303404e-01, 1.731497717651448165e-01, 4.270155966766621680e-01
2.051017068188444592e-01, 1.955708578030441180e-01, 1.725952284284547611e-01, 4.267322069496566339e-01
2.055507509741219818e-01, 1.959596225729677843e-01, 1.720430246220966963e-01, 4.264466018308135098e-01
2.059997962357542622e-01, 1.963482520425911537e-01, 1.714931649974859307e-01, 4.261587867241685701e-01
2.064488370488749280e-01, 1.967367417248666039e-01, 1.709456541498778348e-01, 4.258687670763806610e-01
2.068978678605339905e-01, 1.971250871446477149e-01, 1.704004966183890468e-01, 4.255765483764292756e-01
2.073468831198377882e-01, 1.975132838388269085e-01, 1.698576968860219250e-01, 4.252821361553134616e-01
2.077958772780892360e-01, 1.979013273564718400e-01, 1.693172593796909986e-01, 4.249855359857480086e-01
2.082448447889266585e-01, 1.982892132589609557e-01, 1.687791884702530831e-01, 4.246867534818592471e-01
2.086937801084626509e-01, 1.986769371201177747e-01, 1.682434884725394486e-01, 4.243857942988800702e-01
2.091426776954221078e-01, 1.990644945263436993e-01, 1.677101636453909306e-01, 4.240826641328432345e-01
2.095915320112790858e-01, 1.994518810767506589e-01, 1.671792181916956499e-01, 4.237773687202745498e-01
2.100403375203938883e-01, 1.998390923832916444e-01, 1.666506562584295081e-01, 4.234699138378850147e-01
2.104890886901485680e-01, 2.002261240708910206e-01, 1.661244819366993475e-01, 4.231603053022610639e-01
2.109377799910825968e-01, 2.006129717775725352e-01, 1.656006992617885254e-01, 4.228485489695563149e-01
2.113864058970271464e-01, 2.009996311545875214e-01, 1.650793122132054314e-01, 4.225346507351799841e-01
2.118349608852391486e-01, 2.013860978665411583e-01, 1.645603247147341130e-01, 4.222186165334855246e-01
2.122834394365346877e-01, 2.017723675915174542e-01, 1.640437406344881222e-01, 4.219004523374597637e-01
2.127318360354208682e-01, 2.021584360212037301e-01, 1.635295637849663586e-01, 4.215801641584089321e-01
2.131801451702283190e-01, 2.025442988610135220e-01, 1.630177979231116903e-01, 4.212577580456464688e-01
2.136283613332418674e-01, 2.029299518302080108e-01, 1.625084467503720154e-01, 4.209332400861781065e-01
2.140764790208312673e-01, 2.033153906620169260e-01, 1.620015139127640447e-01, 4.206066164043879008e-01
2.145244927335801244e-01, 2.037006111037579226e-01, 1.614970030009391377e-01, 4.202778931617229263e-01
2.149723969764157638e-01, 2.040856089169549303e-01, 1.609949175502518315e-01, 4.199470765563775299e-01
2.154201862587368232e-01, 2.044703798774547276e-01, 1.604952610408310887e-01, 4.196141728229774159e-01
2.158678550945406782e-01, 2.048549197755433759e-01, 1.599980368976532119e-01, 4.192791882322626229e-01
2.163153980025505352e-01, 2.052392244160605450e-01, 1.595032484906180326e-01, 4.189421290907707762e-01
2.167628095063411364e-01, 2.056232896185128112e-01, 1.590108991346266820e-01, 4.186030017405193426e-01
2.172100841344639099e-01, 2.060071112171860674e-01, 1.585209920896621383e-01, 4.182618125586878288e-01
2.176572164205715088e-01, 2.063906850612566846e-01, 1.580335305608722707e-01, 4.179185679572994805e-01
2.181042009035417673e-01, 2.067740070149007292e-01, 1.575485176986545777e-01, 4.175732743829029814e-01
2.185510321276002421e-01, 2.071570729574031267e-01, 1.570659565987436446e-01, 4.172259383162530422e-01
2.189977046424424478e-01, 2.075398787832646585e-01, 1.565858503023009607e-01, 4.168765662719919329e-01
2.194442130033557037e-01, 2.079224204023081279e-01, 1.561082017960065960e-01, 4.165251647983295724e-01
2.198905517713391766e-01, 2.083046937397830256e-01, 1.556330140121532923e-01, 4.161717404767245054e-01
2.203367155132241184e-01, 2.086866947364696689e-01, 1.551602898287427479e-01, 4.158162999215634925e-01
2.207826988017927983e-01, 2.090684193487807596e-01, 1.546900320695841213e-01, 4.154588497798423208e-01
2.212284962158969359e-01, 2.094498635488633020e-01, 1.542222435043943130e-01, 4.150993967308453381e-01
2.216741023405748579e-01, 2.098310233246980794e-01, 1.537569268489011598e-01, 4.147379474858258752e-01
2.221195117671688479e-01, 2.102118946801982136e-01, 1.532940847649476579e-01, 4.143745087876853361e-01
2.225647190934404995e-01, 2.105924736353066429e-01, 1.528337198605992098e-01, 4.140090874106535646e-01
2.230097189236861233e-01, 2.109727562260923783e-01, 1.523758346902524263e-01, 4.136416901599689888e-01
2.234545058688511276e-01, 2.113527385048451501e-01, 1.519204317547459548e-01, 4.132723238715578229e-01
2.238990745466435950e-01, 2.117324165401690272e-01, 1.514675135014734719e-01, 4.129009954117139891e-01
2.243434195816468302e-01, 2.121117864170747880e-01, 1.510170823244987304e-01, 4.125277116767797070e-01
2.247875356054315765e-01, 2.124908442370710415e-01, 1.505691405646721048e-01, 4.121524795928253049e-01
2.252314172566671213e-01, 2.128695861182538784e-01, 1.501236905097497742e-01, 4.117753061153291982e-01
2.256750591812316242e-01, 2.132480081953956608e-01, 1.496807343945141255e-01, 4.113961982288585895e-01
2.261184560323216131e-01, 2.136261066200318970e-01, 1.492402744008963500e-01, 4.110151629467501677e-01
2.265616024705609244e-01, 2.140038775605474786e-01, 1.488023126581010380e-01, 4.106322073107904203e-01
2.270044931641085617e-01, 2.143813172022616398e-01, 1.483668512427322728e-01, 4.102473383908975535e-01
2.274471227887658042e-01, 2.147584217475106971e-01, 1.479338921789218331e-01, 4.098605632848016933e-01
2.278894860280825663e-01, 2.151351874157310939e-01, 1.475034374384588398e-01, 4.094718891177275277e-01
2.283315775734631181e-01, 2.155116104435396973e-01, 1.470754889409215671e-01, 4.090813230420756730e-01
2.287733921242706137e-01, 2.158876870848136231e-01, 1.466500485538107246e-01, 4.086888722371050942e-01
2.292149243879310350e-01, 2.162634136107685345e-01, 1.462271180926844327e-01, 4.082945439086159145e-01
2.296561690800365541e-01, 2.166387863100360245e-01, 1.458066993212950579e-01, 4.078983452886323358e-01
2.300971209244475346e-01, 2.170138014887389721e-01, 1.453887939517274908e-01, 4.075002836350860580e-01
2.305377746533941452e-01, 2.173884554705663164e-01, 1.449734036445392005e-01, 4.071003662315003102e-01
2.309781250075772785e-01, 2.177627445968466080e-01, 1.445605300089017886e-01, 4.066986003866744359e-01
2.314181667362682215e-01, 2.181366652266192585e-01, 1.441501746027442910e-01, 4.062949934343682012e-01
2.318578945974078265e-01, 2.185102137367062047e-01, 1.437423389328981171e-01, 4.058895527329877684e-01
2.322973033577048763e-01, 2.188833865217807428e-01, 1.433370244552428507e-01, 4.054822856652715024e-01
2.327363877927334512e-01, 2.192561799944357792e-01, 1.429342325748544917e-01, 4.050731996379762778e-01
2.331751426870297406e-01, 2.196285905852509157e-01, 1.425339646461545873e-01, 4.046623020815648952e-01
2.336135628341878268e-01, 2.200006147428582026e-01, 1.421362219730608334e-01, 4.042496004498931095e-01
2.340516430369549705e-01, 2.203722489340061985e-01, 1.417410058091396197e-01, 4.038351022198992113e-01
2.344893781073258410e-01, 2.207434896436233085e-01, 1.413483173577591567e-01, 4.034188148912916660e-01
2.349267628666358299e-01, 2.211143333748799011e-01, 1.409581577722447965e-01, 4.030007459862394725e-01
2.353637921456540050e-01, 2.214847766492482328e-01, 1.405705281560351572e-01, 4.025809030490625773e-01
2.358004607846749257e-01, 2.218548160065627328e-01, 1.401854295628396641e-01, 4.021592936459226220e-01
2.362367636336099308e-01, 2.222244480050771243e-01, 1.398028629967978942e-01, 4.017359253645150230e-01
2.366726955520771503e-01, 2.225936692215221002e-01, 1.394228294126394485e-01, 4.013108058137612733e-01
2.371082514094915716e-01, 2.229624762511604463e-01, 1.390453297158455170e-01, 4.008839426235025205e-01
2.375434260851532475e-01, 2.233308657078414139e-01, 1.386703647628116931e-01, 4.004553434441935900e-01
2.379782144683356138e-01, 2.236988342240542049e-01, 1.382979353610119533e-01, 4.000250159465982280e-01
2.384126114583729750e-01, 2.240663784509793199e-01, 1.379280422691633867e-01, 3.995929678214843461e-01
2.388466119647463248e-01, 2.244334950585395172e-01, 1.375606861973930339e-01, 3.991592067793212073e-01
2.392802109071694439e-01, 2.248001807354491066e-01, 1.371958678074048366e-01, 3.987237405499766685e-01
2.397134032156738592e-01, 2.251664321892621889e-01, 1.368335877126482802e-01, 3.982865768824156438e-01
2.401461838306927221e-01, 2.255322461464193962e-01, 1.364738464784881200e-01, 3.978477235443999005e-01
2.405785477031442687e-01, 2.258976193522936604e-01, 1.361166446223747162e-01, 3.974071883221872992e-01
2.410104897945146707e-01, 2.262625485712349005e-01, 1.357619826140160357e-01, 3.969649790202343653e-01
2.414420050769396087e-01, 2.266270305866130430e-01, 1.354098608755501532e-01, 3.965211034608972507e-01
2.418730885332854019e-01, 2.269910622008601275e-01, 1.350602797817190281e-01, 3.960755694841355257e-01
2.423037351572296105e-01, 2.273546402355110241e-01, 1.347132396600429216e-01, 3.956283849472165826e-01
2.427339399533404163e-01, 2.277177615312433179e-01, 1.343687407909962550e-01, 3.951795577244200386e-01
2.431636979371557261e-01, 2.280804229479156120e-01, 1.340267834081838860e-01, 3.947290957067448036e-01
2.435930041352608877e-01, 2.284426213646047477e-01, 1.336873676985186332e-01, 3.942770068016157037e-01
2.440218535853667103e-01, 2.288043536796416089e-01, 1.333504938023993003e-01, 3.938232989325923250e-01
2.444502413363855986e-01, 2.291656168106465385e-01, 1.330161618138899771e-01, 3.933679800390780246e-01
2.448781624485077135e-01, 2.295264076945622012e-01, 1.326843717808997569e-01, 3.929110580760303839e-01
2.453056119932762458e-01, 2.298867232876867228e-01, 1.323551237053634533e-01, 3.924525410136734949e-01
2.457325850536619394e-01, 2.302465605657048053e-01, 1.320284175434231766e-01, 3.919924368372100787e-01
2.461590767241367550e-01, 2.306059165237175912e-01, 1.317042532056103277e-01, 3.915307535465353261e-01
2.465850821107470336e-01, 2.309647881762720012e-01, 1.313826305570286734e-01, 3.910674991559524027e-01
2.470105963311858832e-01, 2.313231725573881015e-01, 1.310635494175378668e-01, 3.906026816938882318e-01
2.474356145148648711e-01, 2.316810667205862206e-01, 1.307470095619378547e-01, 3.901363092026109980e-01
2.478601318029850509e-01, 2.320384677389121242e-01, 1.304330107201538136e-01, 3.896683897379489836e-01
2.482841433486072669e-01, 2.323953727049613838e-01, 1.301215525774215287e-01, 3.891989313690098484e-01
2.487076443167216266e-01, 2.327517787309026920e-01, 1.298126347744737730e-01, 3.887279421779018529e-01
2.491306298843166123e-01, 2.331076829484999002e-01, 1.295062569077271297e-01, 3.882554302594563578e-01
2.495530952404473590e-01, 2.334630825091327799e-01, 1.292024185294691763e-01, 3.877814037209507125e-01
2.499750355863030737e-01, 2.338179745838171453e-01, 1.289011191480464447e-01, 3.873058706818333641e-01
2.503964461352741200e-01, 2.341723563632232830e-01, 1.286023582280527988e-01, 3.868288392734498538e-01
2.508173221130182706e-01, 2.345262250576937435e-01, 1.283061351905183667e-01, 3.863503176387695914e-01
2.512376587575262943e-01, 2.348795778972595782e-01, 1.280124494130988055e-01, 3.858703139321153497e-01
2.516574513191869311e-01, 2.352324121316559935e-01, 1.277213002302653166e-01, 3.853888363188918142e-01
2.520766950608513413e-01, 2.355847250303363394e-01, 1.274326869334946877e-01, 3.849058929753176317e-01
2.524953852578964986e-01, 2.359365138824856267e-01, 1.271466087714601123e-01, 3.844214920881577902e-01
2.529135171982885288e-01, 2.362877759970323788e-01, 1.268630649502222041e-01, 3.839356418544568883e-01
2.533310861826451599e-01, 2.366385087026596779e-01, 1.265820546334204544e-01, 3.834483504812746246e-01
2.537480875242972833e-01, 2.369887093478154627e-01, 1.263035769424649124e-01, 3.829596261854222861e-01
2.541645165493504055e-01, 2.373383753007208830e-01, 1.260276309567283370e-01, 3.824694771932002912e-01
2.545803685967451546e-01, 2.376875039493787922e-01, 1.257542157137386540e-01, 3.819779117401373991e-01
2.549956390183169552e-01, 2.380360927015798267e-01, 1.254833302093717740e-01, 3.814849380707314164e-01
2.554103231788561468e-01, 2.383841389849087611e-01, 1.252149733980440771e-01, 3.809905644381908485e-01
2.558244164561661038e-01, 2.387316402467491716e-01, 1.249491441929063418e-01, 3.804947991041782718e-01
2.562379142411218003e-01, 2.390785939542865446e-01, 1.246858414660365066e-01, 3.799976503385551485e-01
2.566508119377270414e-01, 2.394249975945116626e-01, 1.244250640486337378e-01, 3.794991264191276414e-01
2.570631049631721399e-01, 2.397708486742218259e-01, 1.241668107312121350e-01, 3.789992356313939825e-01
2.574747887478898711e-01, 2.401161447200215182e-01, 1.239110802637946873e-01, 3.784979862682937846e-01
2.578858587356118726e-01, 2.404608832783224903e-01, 1.236578713561076182e-01, 3.779953866299580745e-01
2.582963103834233221e-01, 2.408050619153416783e-01, 1.234071826777743408e-01, 3.774914450234606589e-01
2.587061391618185602e-01, 2.411486782170993159e-01, 1.231590128585102473e-01, 3.769861697625718766e-01
2.591153405547548250e-01, 2.414917297894156323e-01, 1.229133604883168446e-01, 3.764795691675125733e-01
2.595239100597061532e-01, 2.418342142579062715e-01, 1.226702241176765851e-01, 3.759716515647108515e-01
2.599318431877168378e-01, 2.421761292679772970e-01, 1.224296022577474746e-01, 3.754624252865583767e-01
2.603391354634534416e-01, 2.425174724848188079e-01, 1.221914933805575004e-01, 3.749518986711701807e-01
2.607457824252578105e-01, 2.428582415933976668e-01, 1.219558959191995723e-01, 3.744400800621448533e-01
2.611517796251981993e-01, 2.431984342984498115e-01, 1.217228082680262419e-01, 3.739269778083257889e-01
2.615571226291205087e-01, 2.435380483244705130e-01, 1.214922287828440889e-01, 3.734126002635650421e-01
2.619618070166989665e-01, 2.438770814157048550e-01, 1.212641557811087595e-01, 3.728969557864874607e-01
2.623658283814864212e-01, 2.442155313361367708e-01, 1.210385875421193524e-01, 3.723800527402575389e-01
2.627691823309637464e-01, 2.445533958694771359e-01, 1.208155223072129025e-01, 3.718618994923461041e-01
2.631718644865894685e-01, 2.448906728191509730e-01, 1.205949582799592246e-01, 3.713425044143005005e-01
2.635738704838476720e-01, 2.452273600082837679e-01, 1.203768936263548001e-01, 3.708218758815138294e-01
2.639751959722972385e-01, 2.455634552796870929e-01, 1.201613264750173993e-01, 3.703000222729982416e-01
2.643758366156190864e-01, 2.458989564958431739e-01, 1.199482549173801343e-01, 3.697769519711576192e-01
2.647757880916633555e-01, 2.462338615388883489e-01, 1.197376770078853181e-01, 3.692526733615629220e-01
2.651750460924966468e-01, 2.465681683105963307e-01, 1.195295907641785865e-01, 3.687271948327283111e-01
2.655736063244485412e-01, 2.469018747323595830e-01, 1.193239941673023968e-01, 3.682005247758895483e-01
2.659714645081570628e-01, 2.472349787451709191e-01, 1.191208851618893866e-01, 3.676726715847826732e-01
2.663686163786148642e-01, 2.475674783096035725e-01, 1.189202616563559134e-01, 3.671436436554256222e-01
2.667650576852138578e-01, 2.478993714057906861e-01, 1.187221215230951366e-01, 3.666134493859003474e-01
2.671607841917904569e-01, 2.482306560334038570e-01, 1.185264625986695575e-01, 3.660820971761362119e-01
2.675557916766693745e-01, 2.485613302116307100e-01, 1.183332826840038793e-01, 3.655495954276959947e-01
2.679500759327081427e-01, 2.488913919791523321e-01, 1.181425795445774224e-01, 3.650159525435621721e-01
2.683436327673401345e-01, 2.492208393941188482e-01, 1.179543509106157489e-01, 3.644811769279253100e-01
2.687364580026176397e-01, 2.495496705341253285e-01, 1.177685944772830645e-01, 3.639452769859739534e-01
2.691285474752553308e-01, 2.498778834961857542e-01, 1.175853079048732736e-01, 3.634082611236856275e-01
2.695198970366717295e-01, 2.502054763967072049e-01, 1.174044888190012015e-01, 3.628701377476198364e-01
2.699105025530318391e-01, 2.505324473714626854e-01, 1.172261348107937334e-01, 3.623309152647116171e-01
2.703003599052885009e-01, 2.508587945755633708e-01, 1.170502434370800093e-01, 3.617906020820680357e-01
2.706894649892235827e-01, 2.511845161834301288e-01, 1.168768122205817855e-01, 3.612492066067645169e-01
2.710778137154891687e-01, 2.515096103887638490e-01, 1.167058386501032274e-01, 3.607067372456437826e-01
2.714654020096478049e-01, 2.518340754045159668e-01, 1.165373201807203274e-01, 3.601632024051158454e-01
2.718522258122132440e-01, 2.521579094628573214e-01, 1.163712542339700312e-01, 3.596186104909594450e-01
2.722382810786894702e-01, 2.524811108151466255e-01, 1.162076381980388373e-01, 3.590729699081250947e-01
2.726235637796112776e-01, 2.528036777318982686e-01, 1.160464694279511599e-01, 3.585262890605393493e-01
2.730080699005825173e-01, 2.531256085027498437e-01, 1.158877452457570817e-01, 3.579785763509107377e-01
2.733917954423158436e-01, 2.534469014364273409e-01, 1.157314629407198842e-01, 3.574298401805370284e-01
2.737747364206707945e-01, 2.537675548607120080e-01, 1.155776197695030094e-01, 3.568800889491142159e-01
2.741568888666922610e-01, 2.540875671224047672e-01, 1.154262129563566192e-01, 3.563293310545463943e-01
2.745382488266486787e-01, 2.544069365872901889e-01, 1.152772396933037791e-01, 3.557775748927574644e-01
2.749188123620691648e-01, 2.547256616401007423e-01, 1.151306971403257551e-01, 3.552248288575042823e-01
2.752985755497817655e-01, 2.550437406844791033e-01, 1.149865824255477398e-01, 3.546711013401914192e-01
2.756775344819497042e-01, 2.553611721429408510e-01, 1.148448926454230801e-01, 3.541164007296863647e-01
2.760556852661089633e-01, 2.556779544568358875e-01, 1.147056248649174354e-01, 3.535607354121376167e-01
2.764330240252044768e-01, 2.559940860863094136e-01, 1.145687761176930053e-01, 3.530041137707931043e-01
2.768095468976264906e-01, 2.563095655102622383e-01, 1.144343434062909948e-01, 3.524465441858202208e-01
2.771852500372468664e-01, 2.566243912263105331e-01, 1.143023237023147454e-01, 3.518880350341277441e-01
2.775601296134544982e-01, 2.569385617507449759e-01, 1.141727139466117841e-01, 3.513285946891887002e-01
2.779341818111913387e-01, 2.572520756184890622e-01, 1.140455110494553309e-01, 3.507682315208643375e-01
2.783074028309870940e-01, 2.575649313830569720e-01, 1.139207118907252791e-01, 3.502069538952306549e-01
2.786797888889949171e-01, 2.578771276165109372e-01, 1.137983133200891200e-01, 3.496447701744049286e-01
2.790513362170260470e-01, 2.581886629094181651e-01, 1.136783121571814242e-01, 3.490816887163745164e-01
2.794220410625842255e-01, 2.584995358708060964e-01, 1.135607051917833510e-01, 3.485177178748262716e-01
2.797918996889003362e-01, 2.588097451281190509e-01, 1.134454891840017965e-01, 3.479528659989787887e-01
2.801609083749664331e-01, 2.591192893271721531e-01, 1.133326608644472516e-01, 3.473871414334140928e-01
2.805290634155699903e-01, 2.594281671321063687e-01, 1.132222169344116736e-01, 3.468205525179119952e-01
2.808963611213270983e-01, 2.597363772253419301e-01, 1.131141540660454692e-01, 3.462531075872854469e-01
2.812627978187165478e-01, 2.600439183075322069e-01, 1.130084689025341455e-01, 3.456848149712170581e-01
2.816283698501130806e-01, 2.603507890975156891e-01, 1.129051580582739744e-01, 3.451156829940971726e-01
2.819930735738204186e-01, 2.606569883322688574e-01, 1.128042181190475890e-01, 3.445457199748630517e-01
2.823569053641043491e-01, 2.609625147668573897e-01, 1.127056456421983155e-01, 3.439749342268398902e-01
2.827198616112254204e-01, 2.612673671743878101e-01, 1.126094371568044372e-01, 3.434033340575822768e-01
2.830819387214718041e-01, 2.615715443459578626e-01, 1.125155891638527084e-01, 3.428309277687175416e-01
2.834431331171914370e-01, 2.618750450906067173e-01, 1.124240981364109521e-01, 3.422577236557907687e-01
2.838034412368245496e-01, 2.621778682352649548e-01, 1.123349605198005891e-01, 3.416837300081100870e-01
2.841628595349354747e-01, 2.624800126247031073e-01, 1.122481727317677092e-01, 3.411089551085936811e-01
2.845213844822452876e-01, 2.627814771214811440e-01, 1.121637311626545452e-01, 3.405334072336190787e-01
2.848790125656626149e-01, 2.630822606058962898e-01, 1.120816321755694206e-01, 3.399570946528717164e-01
2.852357402883161086e-01, 2.633823619759308454e-01, 1.120018721065565021e-01, 3.393800256291965023e-01
2.855915641695856988e-01, 2.636817801471997291e-01, 1.119244472647647759e-01, 3.388022084184498794e-01
2.859464807451336243e-01, 2.639805140528969640e-01, 1.118493539326163994e-01, 3.382236512693528319e-01
2.863004865669362964e-01, 2.642785626437427760e-01, 1.117765883659745524e-01, 3.376443624233462781e-01
2.866535782033148294e-01, 2.645759248879287484e-01, 1.117061467943101932e-01, 3.370643501144462983e-01
2.870057522389661830e-01, 2.648725997710640323e-01, 1.116380254208686751e-01, 3.364836225691009708e-01
2.873570052749941928e-01, 2.651685862961204454e-01, 1.115722204228354747e-01, 3.359021880060499843e-01
2.877073339289398790e-01, 2.654638834833767946e-01, 1.115087279515010882e-01, 3.353200546361821965e-01
2.880567348348124779e-01, 2.657584903703638646e-01, 1.114475441324256771e-01, 3.347372306623979665e-01
2.884052046431195282e-01, 2.660524060118077960e-01, 1.113886650656026600e-01, 3.341537242794702101e-01
2.887527400208974027e-01, 2.663456294795736312e-01, 1.113320868256216789e-01, 3.335695436739072317e-01
2.890993376517418390e-01, 2.666381598626090255e-01, 1.112778054618314277e-01, 3.329846970238176662e-01
2.894449942358373051e-01, 2.669299962668866266e-01, 1.112258169985009537e-01, 3.323991924987751978e-01
2.897897064899879749e-01, 2.672211378153461769e-01, 1.111761174349807924e-01, 3.318130382596850558e-01
2.901334711476469264e-01, 2.675115836478372255e-01, 1.111287027458637278e-01, 3.312262424586520093e-01
2.904762849589465623e-01, 2.678013329210604532e-01, 1.110835688811441374e-01, 3.306388132388489165e-01
2.908181446907276979e-01, 2.680903848085087748e-01, 1.110407117663771287e-01, 3.300507587343863847e-01
2.911590471265700364e-01, 2.683787385004087755e-01, 1.110001273028371066e-01, 3.294620870701840398e-01
2.914989890668211459e-01, 2.686663932036609803e-01, 1.109618113676753420e-01, 3.288728063618425179e-01
2.918379673286259912e-01, 2.689533481417805683e-01, 1.109257598140769990e-01, 3.282829247155165109e-01
2.921759787459566882e-01, 2.692396025548366434e-01, 1.108919684714176346e-01, 3.276924502277889784e-01
2.925130201696414800e-01, 2.695251556993927822e-01, 1.108604331454187825e-01, 3.271013909855469692e-01
2.928490884673942141e-01, 2.698100068484456937e-01, 1.108311496183030376e-01, 3.265097550658571102e-01
2.931841805238432630e-01, 2.700941552913644350e-01, 1.108041136489484740e-01, 3.259175505358437586e-01
2.935182932405610567e-01, 2.703776003338294598e-01, 1.107793209730422723e-01, 3.253247854525671556e-01
2.938514235360925597e-01, 2.706603412977705014e-01, 1.107567673032337774e-01, 3.247314678629030227e-01
2.941835683459847472e-01, 2.709423775213052887e-01, 1.107364483292869461e-01, 3.241376058034231011e-01
2.945147246228150273e-01, 2.712237083586767628e-01, 1.107183597182317403e-01, 3.235432073002764142e-01
2.948448893362206058e-01, 2.715043331801914039e-01, 1.107024971145156994e-01, 3.229482803690721937e-01
2.951740594729266864e-01, 2.717842513721560604e-01, 1.106888561401539184e-01, 3.223528330147631960e-01
2.955022320367758915e-01, 2.720634623368149430e-01, 1.106774323948787053e-01, 3.217568732315303492e-01
2.958294040487560173e-01, 2.723419654922867861e-01, 1.106682214562891287e-01, 3.211604090026679570e-01
2.961555725470293998e-01, 2.726197602725011215e-01, 1.106612188799989405e-01, 3.205634483004705659e-01
2.964807345869610034e-01, 2.728968461271345514e-01, 1.106564201997844166e-01, 3.199659990861199454e-01
2.968048872411471750e-01, 2.731732225215470211e-01, 1.106538209277318635e-01, 3.193680693095738987e-01
2.971280275994439002e-01, 2.734488889367173159e-01, 1.106534165543835851e-01, 3.187696669094550739e-01
2.974501527689952796e-01, 2.737238448691790005e-01, 1.106552025488839325e-01, 3.181707998129417736e-01
2.977712598742618955e-01, 2.739980898309553048e-01, 1.106591743591245208e-01, 3.175714759356582095e-01
2.980913460570486784e-01, 2.742716233494948974e-01, 1.106653274118887392e-01, 3.169717031815676989e-01
2.984104084765338838e-01, 2.745444449676062160e-01, 1.106736571129954966e-01, 3.163714894428644731e-01
2.987284443092965702e-01, 2.748165542433923525e-01, 1.106841588474428290e-01, 3.157708425998682067e-01
2.990454507493453540e-01, 2.750879507501857724e-01, 1.106968279795502580e-01, 3.151697705209186018e-01
2.993614250081457762e-01, 2.753586340764824780e-01, 1.107116598531008855e-01, 3.145682810622707493e-01
2.996763643146491130e-01, 2.756286038258760618e-01, 1.107286497914829609e-01, 3.139663820679918782e-01
2.999902659153197426e-01, 2.758978596169917585e-01, 1.107477930978304076e-01, 3.133640813698581606e-01
3.003031270741635672e-01, 2.761664010834200544e-01, 1.107690850551632383e-01, 3.127613867872531817e-01
3.006149450727554906e-01, 2.764342278736505176e-01, 1.107925209265269717e-01, 3.121583061270670201e-01
3.009257172102677846e-01, 2.767013396510050183e-01, 1.108180959551317013e-01, 3.115548471835956068e-01
3.012354408034974007e-01, 2.769677360935708377e-01, 1.108458053644903463e-01, 3.109510177384415264e-01
3.015441131868940583e-01, 2.772334168941340549e-01, 1.108756443585565132e-01, 3.103468255604153736e-01
3.018517317125880006e-01, 2.774983817601122671e-01, 1.109076081218616505e-01, 3.097422784054378875e-01
3.021582937504177502e-01, 2.777626304134875879e-01, 1.109416918196516472e-01, 3.091373840164430842e-01
3.024637966879569762e-01, 2.780261625907387568e-01, 1.109778905980228492e-01, 3.085321501232815566e-01
3.027682379305432492e-01, 2.782889780427742488e-01, 1.110161995840573262e-01, 3.079265844426252730e-01
3.030716149013050198e-01, 2.785510765348640505e-01, 1.110566138859581109e-01, 3.073206946778728188e-01
3.033739250411889854e-01, 2.788124578465723813e-01, 1.110991285931831468e-01, 3.067144885190554171e-01
3.036751658089878458e-01, 2.790731217716896917e-01, 1.111437387765790707e-01, 3.061079736427433362e-01
3.039753346813675594e-01, 2.793330681181641073e-01, 1.111904394885146891e-01, 3.055011577119536303e-01
3.042744291528948208e-01, 2.795922967080338717e-01, 1.112392257630131498e-01, 3.048940483760581022e-01
3.045724467360642618e-01, 2.798508073773587901e-01, 1.112900926158843506e-01, 3.042866532706924865e-01
3.048693849613258178e-01, 2.801085999761519507e-01, 1.113430350448564449e-01, 3.036789800176656895e-01
3.051652413771120953e-01, 2.803656743683112240e-01, 1.113980480297066950e-01, 3.030710362248700274e-01
3.054600135498649616e-01, 2.806220304315507064e-01, 1.114551265323920071e-01, 3.024628294861922972e-01
3.057536990640633556e-01, 2.808776680573318307e-01, 1.115142654971790909e-01, 3.018543673814257366e-01
3.060462955222501003e-01, 2.811325871507949214e-01, 1.115754598507736339e-01, 3.012456574761814276e-01
3.063378005450588248e-01, 2.813867876306901383e-01, 1.116387045024491848e-01, 3.006367073218019770e-01
3.066282117712407773e-01, 2.816402694293084763e-01, 1.117039943441759248e-01, 3.000275244552748632e-01
3.069175268576923021e-01, 2.818930324924129316e-01, 1.117713242507482746e-01, 2.994181163991464500e-01
3.072057434794808195e-01, 2.821450767791694458e-01, 1.118406890799124170e-01, 2.988084906614371650e-01
3.074928593298725810e-01, 2.823964022620774617e-01, 1.119120836724933066e-01, 2.981986547355567341e-01
3.077788721203583711e-01, 2.826470089269006447e-01, 1.119855028525209018e-01, 2.975886161002200825e-01
3.080637795806810408e-01, 2.828968967725980499e-01, 1.120609414273564530e-01, 2.969783822193643452e-01
3.083475794588614316e-01, 2.831460658112545103e-01, 1.121383941878178608e-01, 2.963679605420662111e-01
3.086302695212252423e-01, 2.833945160680108599e-01, 1.122178559083046451e-01, 2.957573585024591556e-01
3.089118475524295082e-01, 2.836422475809951549e-01, 1.122993213469226786e-01, 2.951465835196525611e-01
3.091923113554886915e-01, 2.838892604012526744e-01, 1.123827852456083382e-01, 2.945356429976502266e-01
3.094716587518010487e-01, 2.841355545926765869e-01, 1.124682423302520579e-01, 2.939245443252704315e-01
3.097498875811751096e-01, 2.843811302319378953e-01, 1.125556873108218003e-01, 2.933132948760652781e-01
3.100269957018554901e-01, 2.846259874084166031e-01, 1.126451148814856806e-01, 2.927019020082421430e-01
3.103029809905491487e-01, 2.848701262241314924e-01, 1.127365197207345904e-01, 2.920903730645847962e-01
3.105778413424510886e-01, 2.851135467936705137e-01, 1.128298964915040031e-01, 2.914787153723743529e-01
3.108515746712708361e-01, 2.853562492441208409e-01, 1.129252398412957520e-01, 2.908669362433126127e-01
3.111241789092573651e-01, 2.855982337149998718e-01, 1.130225444022990161e-01, 2.902550429734437887e-01
3.113956520072254097e-01, 2.858395003581844507e-01, 1.131218047915112102e-01, 2.896430428430787907e-01
3.116659919345811103e-01, 2.860800493378419240e-01, 1.132230156108584990e-01, 2.890309431167183418e-01
3.119351966793470488e-01, 2.863198808303598630e-01, 1.133261714473155629e-01, 2.884187510429775947e-01
3.122032642481878950e-01, 2.865589950242762862e-01, 1.134312668730253770e-01, 2.878064738545103585e-01
3.124701926664359974e-01, 2.867973921202103260e-01, 1.135382964454185600e-01, 2.871941187679351581e-01
3.127359799781159744e-01, 2.870350723307915075e-01, 1.136472547073320433e-01, 2.865816929837606275e-01
3.130006242459701937e-01, 2.872720358805907481e-01, 1.137581361871279617e-01, 2.859692036863111242e-01
3.132641235514838085e-01, 2.875082830060503025e-01, 1.138709353988114764e-01, 2.853566580436543987e-01
3.135264759949092928e-01, 2.877438139554137631e-01, 1.139856468421489022e-01, 2.847440632075280420e-01
3.137876796952913105e-01, 2.879786289886563377e-01, 1.141022650027852248e-01, 2.841314263132670992e-01
3.140477327904913074e-01, 2.882127283774152393e-01, 1.142207843523612015e-01, 2.835187544797322379e-01
3.143066334372121018e-01, 2.884461124049196856e-01, 1.143411993486301570e-01, 2.829060548092380833e-01
3.145643798110220324e-01, 2.886787813659211777e-01, 1.144635044355747922e-01, 2.822933343874819978e-01
3.148209701063791610e-01, 2.889107355666238330e-01, 1.145876940435232721e-01, 2.816806002834737477e-01
3.150764025366556420e-01, 2.891419753246146085e-01, 1.147137625892652030e-01, 2.810678595494644494e-01
3.153306753341613144e-01, 2.893725009687936334e-01, 1.148417044761673722e-01, 2.804551192208776245e-01
3.155837867501674610e-01, 2.896023128393045432e-01, 1.149715140942889763e-01, 2.798423863162389780e-01
3.158357350549307885e-01, 2.898314112874649240e-01, 1.151031858204969033e-01, 2.792296678371072871e-01
3.160865185377165765e-01, 2.900597966756964241e-01, 1.152367140185804606e-01, 2.786169707680066221e-01
3.163361355068219916e-01, 2.902874693774553649e-01, 1.153720930393657418e-01, 2.780043020763568462e-01
3.165845842895996798e-01, 2.905144297771634632e-01, 1.155093172208305208e-01, 2.773916687124064473e-01
3.168318632324799711e-01, 2.907406782701377201e-01, 1.156483808882174807e-01, 2.767790776091647031e-01
3.170779707009944715e-01, 2.909662152625219766e-01, 1.157892783541487475e-01, 2.761665356823347905e-01
3.173229050797982675e-01, 2.911910411712161917e-01, 1.159320039187390350e-01, 2.755540498302464503e-01
3.175666647726925751e-01, 2.914151564238081082e-01, 1.160765518697090964e-01, 2.749416269337900953e-01
3.178092482026468879e-01, 2.916385614585037533e-01, 1.162229164824988004e-01, 2.743292738563504751e-01
3.180506538118210713e-01, 2.918612567240577715e-01, 1.163710920203801791e-01, 2.737169974437409503e-01
3.182908800615874001e-01, 2.920832426797047576e-01, 1.165210727345698249e-01, 2.731048045241379896e-01
3.185299254325522078e-01, 2.923045197950895902e-01, 1.166728528643416057e-01, 2.724927019080165547e-01
3.187677884245774251e-01, 2.925250885501990972e-01, 1.168264266371389082e-01, 2.718806963880846528e-01
3.190044675568015631e-01, 2.927449494352920567e-01, 1.169817882686866040e-01, 2.712687947392198873e-01
3.192399613676614178e-01, 2.929641029508309735e-01, 1.171389319631030018e-01, 2.706570037184046207e-01
3.194742684149124434e-01, 2.931825496074131343e-01, 1.172978519130116748e-01, 2.700453300646626920e-01
3.197073872756495683e-01, 2.934002899257013297e-01, 1.174585422996528988e-01, 2.694337804989961338e-01
3.199393165463276234e-01, 2.936173244363556312e-01, 1.176209972929949943e-01, 2.688223617243217234e-01
3.201700548427817705e-01, 2.938336536799641130e-01, 1.177852110518457507e-01, 2.682110804254082548e-01
3.203996008002468754e-01, 2.940492782069750732e-01, 1.179511777239632270e-01, 2.675999432688147550e-01
3.206279530733780470e-01, 2.942641985776276448e-01, 1.181188914461670514e-01, 2.669889569028273124e-01
3.208551103362693446e-01, 2.944784153618836831e-01, 1.182883463444487082e-01, 2.663781279573981808e-01
3.210810712824738733e-01, 2.946919291393596541e-01, 1.184595365340826295e-01, 2.657674630440838848e-01
3.213058346250218800e-01, 2.949047404992578558e-01, 1.186324561197365651e-01, 2.651569687559837130e-01
3.215293990964401827e-01, 2.951168500402985839e-01, 1.188070991955819111e-01, 2.645466516676793223e-01
3.217517634487703782e-01, 2.953282583706517417e-01, 1.189834598454040659e-01, 2.639365183351738975e-01
3.219729264535868829e-01, 2.955389661078688390e-01, 1.191615321427126617e-01, 2.633265752958315331e-01
3.221928869020155295e-01, 2.957489738788151579e-01, 1.193413101508516705e-01, 2.627168290683177254e-01
3.224116436047502199e-01, 2.959582823196017509e-01, 1.195227879231089974e-01, 2.621072861525390874e-01
3.226291953920711886e-01, 2.961668920755175516e-01, 1.197059595028270168e-01, 2.614979530295841736e-01
3.228455411138617115e-01, 2.963748038009623165e-01, 1.198908189235118327e-01, 2.608888361616640839e-01
3.230606796396250369e-01, 2.965820181593779026e-01, 1.200773602089431902e-01, 2.602799419920538426e-01
3.232746098585007610e-01, 2.967885358231817650e-01, 1.202655773732841799e-01, 2.596712769450332248e-01
3.234873306792810377e-01, 2.969943574736992331e-01, 1.204554644211907471e-01, 2.590628474258289682e-01
3.236988410304267316e-01, 2.971994838010960094e-01, 1.206470153479210772e-01, 2.584546598205563206e-01
3.239091398600826843e-01, 2.974039155043109450e-01, 1.208402241394453541e-01, 2.578467204961611414e-01
3.241182261360932015e-01, 2.976076532909894268e-01, 1.210350847725548268e-01, 2.572390358003626698e-01
3.243260988460168748e-01, 2.978106978774158753e-01, 1.212315912149714014e-01, 2.566316120615959595e-01
3.245327569971412918e-01, 2.980130499884469653e-01, 1.214297374254568462e-01, 2.560244555889548690e-01
3.247381996164975249e-01, 2.982147103574449010e-01, 1.216295173539220231e-01, 2.554175726721355510e-01
3.249424257508735092e-01, 2.984156797262107474e-01, 1.218309249415362172e-01, 2.548109695813795539e-01
3.251454344668281982e-01, 2.986159588449175950e-01, 1.220339541208362855e-01, 2.542046525674179769e-01
3.253472248507046083e-01, 2.988155484720444455e-01, 1.222385988158358472e-01, 2.535986278614150158e-01
3.255477960086428646e-01, 2.990144493743095988e-01, 1.224448529421345716e-01, 2.529929016749128956e-01
3.257471470665925795e-01, 2.992126623266044283e-01, 1.226527104070270213e-01, 2.523874801997758044e-01
3.259452771703251761e-01, 2.994101881119275443e-01, 1.228621651096121897e-01, 2.517823696081351592e-01
3.261421854854454905e-01, 2.996070275213180145e-01, 1.230732109409024000e-01, 2.511775760523342060e-01
3.263378711974034285e-01, 2.998031813537903045e-01, 1.232858417839324261e-01, 2.505731056648737853e-01
3.265323335115053460e-01, 2.999986504162680534e-01, 1.235000515138688915e-01, 2.499689645583577924e-01
3.267255716529240406e-01, 3.001934355235183483e-01, 1.237158339981190430e-01, 2.493651588254386653e-01
3.269175848667093542e-01, 3.003875374980862767e-01, 1.239331830964402748e-01, 2.487616945387639833e-01
3.271083724177986651e-01, 3.005809571702295346e-01, 1.241520926610491238e-01, 2.481585777509227875e-01
3.272979335910251031e-01, 3.007736953778529232e-01, 1.243725565367304470e-01, 2.475558144943914851e-01
3.274862676911279302e-01, 3.009657529664433451e-01, 1.245945685609468889e-01, 2.469534107814817525e-01
3.276733740427606456e-01, 3.011571307890046345e-01, 1.248181225639477948e-01, 2.463513726042869112e-01
3.278592519904992009e-01, 3.013478297059924427e-01, 1.250432123688788033e-01, 2.457497059346295254e-01
3.280439008988501604e-01, 3.015378505852496227e-01, 1.252698317918910231e-01, 2.451484167240093603e-01
3.282273201522577510e-01, 3.017271943019414482e-01, 1.254979746422503206e-01, 2.445475109035505634e-01
3.284095091551111900e-01, 3.019158617384910537e-01, 1.257276347224470514e-01, 2.439469943839507049e-01
3.285904673317512903e-01, 3.021038537845148753e-01, 1.259588058283051537e-01, 2.433468730554285975e-01
3.287701941264762895e-01, 3.022911713367585906e-01, 1.261914817490918939e-01, 2.427471527876733370e-01
3.289486890035478450e-01, 3.024778152990322266e-01, 1.264256562676272233e-01, 2.421478394297927050e-01
3.291259514471960301e-01, 3.026637865821470985e-01, 1.266613231603936629e-01, 2.415489388102632917e-01
3.293019809616241633e-01, 3.028490861038510840e-01, 1.268984761976457154e-01, 2.409504567368789818e-01
3.294767770710136379e-01, 3.030337147887649518e-01, 1.271371091435198331e-01, 2.403523989967016883e-01
3.296503393195265308e-01, 3.032176735683190238e-01, 1.273772157561438856e-01, 2.397547713560105320e-01
3.298226672713106544e-01, 3.034009633806893924e-01, 1.276187897877474331e-01, 2.391575795602526033e-01
3.299937605105011107e-01, 3.035835851707343047e-01, 1.278618249847713884e-01, 2.385608293339933350e-01
3.301636186412233998e-01, 3.037655398899311021e-01, 1.281063150879780399e-01, 2.379645263808675137e-01
3.303322412875951963e-01, 3.039468284963131595e-01, 1.283522538325613527e-01, 2.373686763835302083e-01
3.304996280937280706e-01, 3.041274519544068244e-01, 1.285996349482568246e-01, 2.367732850036082803e-01
3.306657787237279877e-01, 3.043074112351682459e-01, 1.288484521594518983e-01, 2.361783578816519791e-01
3.308306928616959186e-01, 3.044867073159210902e-01, 1.290986991852962340e-01, 2.355839006370868127e-01
3.309943702117283948e-01, 3.046653411802935363e-01, 1.293503697398121211e-01, 2.349899188681660311e-01
3.311568104979161209e-01, 3.048433138181560476e-01, 1.296034575320049731e-01, 2.343964181519228862e-01
3.313180134643435304e-01, 3.050206262255591438e-01, 1.298579562659738507e-01, 2.338034040441235029e-01
3.314779788750871203e-01, 3.051972794046707294e-01, 1.301138596410222059e-01, 2.332108820792199999e-01
3.316367065142129533e-01, 3.053732743637147529e-01, 1.303711613517684054e-01, 2.326188577703039162e-01
3.317941961857747146e-01, 3.055486121169086466e-01, 1.306298550882570020e-01, 2.320273366090596923e-01
3.319504477138101595e-01, 3.057232936844019311e-01, 1.308899345360690081e-01, 2.314363240657188459e-01
3.321054609423376158e-01, 3.058973200922145419e-01, 1.311513933764336115e-01, 2.308458255890142585e-01
3.322592357353514880e-01, 3.060706923721752681e-01, 1.314142252863387261e-01, 2.302558466061344344e-01
3.324117719768181489e-01, 3.062434115618604680e-01, 1.316784239386426525e-01, 2.296663925226787029e-01
3.325630695706697781e-01, 3.064154787045328954e-01, 1.319439830021850169e-01, 2.290774687226123929e-01
3.327131284407992551e-01, 3.065868948490804158e-01, 1.322108961418981821e-01, 2.284890805682219805e-01
3.328619485310536086e-01, 3.067576610499558321e-01, 1.324791570189192136e-01, 2.279012334000714290e-01
3.330095298052266894e-01, 3.069277783671148230e-01, 1.327487592907007630e-01, 2.273139325369576969e-01
3.331558722470518985e-01, 3.070972478659568794e-01, 1.330196966111233670e-01, 2.267271832758677996e-01
3.333009758601946371e-01, 3.072660706172635203e-01, 1.332919626306068583e-01, 2.261409908919350120e-01
3.334448406682424260e-01, 3.074342476971386739e-01, 1.335655509962224152e-01, 2.255553606383964016e-01
3.335874667146968009e-01, 3.076017801869485591e-01, 1.338404553518044715e-01, 2.249702977465501408e-01
3.337288540629631539e-01, 3.077686691732611779e-01, 1.341166693380627939e-01, 2.243858074257128743e-01
3.338690027963400753e-01, 3.079349157477867527e-01, 1.343941865926947810e-01, 2.238018948631783356e-01
3.340079130180087508e-01, 3.081005210073180511e-01, 1.346730007504975402e-01, 2.232185652241756302e-01
3.341455848510213045e-01, 3.082654860536706010e-01, 1.349531054434804367e-01, 2.226358236518277411e-01
3.342820184382883086e-01, 3.084298119936234595e-01, 1.352344943009774481e-01, 2.220536752671108116e-01
3.344172139425667378e-01, 3.085934999388598166e-01, 1.355171609497597407e-01, 2.214721251688138437e-01
3.345511715464458136e-01, 3.087565510059077645e-01, 1.358010990141483298e-01, 2.208911784334981199e-01
3.346838914523336261e-01, 3.089189663160816224e-01, 1.360863021161269892e-01, 2.203108401154576790e-01
3.348153738824425352e-01, 3.090807469954228726e-01, 1.363727638754548277e-01, 2.197311152466796536e-01
3.349456190787736265e-01, 3.092418941746415961e-01, 1.366604779097793931e-01, 2.191520088368054120e-01
3.350746273031011691e-01, 3.094024089890577423e-01, 1.369494378347496932e-01, 2.185735258730913400e-01
3.352023988369564056e-01, 3.095622925785430080e-01, 1.372396372641292717e-01, 2.179956713203712593e-01
3.353289339816101777e-01, 3.097215460874627735e-01, 1.375310698099093676e-01, 2.174184501210177922e-01
3.354542330580555509e-01, 3.098801706646171494e-01, 1.378237290824224914e-01, 2.168418671949048360e-01
3.355782964069894958e-01, 3.100381674631845219e-01, 1.381176086904553346e-01, 2.162659274393707864e-01
3.357011243887936813e-01, 3.101955376406623222e-01, 1.384127022413626784e-01, 2.156906357291813459e-01
3.358227173835157120e-01, 3.103522823588105717e-01, 1.387090033411806922e-01, 2.151159969164929964e-01
3.359430757908482557e-01, 3.105084027835937621e-01, 1.390065055947405925e-01, 2.145420158308175285e-01
3.360622000301083934e-01, 3.106639000851236232e-01, 1.393052026057824411e-01, 2.139686972789855701e-01
3.361800905402164696e-01, 3.108187754376023904e-01, 1.396050879770689701e-01, 2.133960460451121699e-01
3.362967477796739435e-01, 3.109730300192655172e-01, 1.399061553104990752e-01, 2.128240668905615474e-01
3.364121722265402958e-01, 3.111266650123248323e-01, 1.402083982072223345e-01, 2.122527645539126484e-01
3.365263643784102698e-01, 3.112796816029119729e-01, 1.405118102677523628e-01, 2.116821437509255055e-01
3.366393247523895016e-01, 3.114320809810218749e-01, 1.408163850920815252e-01, 2.111122091745071816e-01
3.367510538850699287e-01, 3.115838643404564845e-01, 1.411221162797944850e-01, 2.105429654946792128e-01
3.368615523325044214e-01, 3.117350328787683034e-01, 1.414289974301828068e-01, 2.099744173585445517e-01
3.369708206701810815e-01, 3.118855877972048218e-01, 1.417370221423590315e-01, 2.094065693902552316e-01
3.370788594929962079e-01, 3.120355303006521197e-01, 1.420461840153709188e-01, 2.088394261909808092e-01
3.371856694152274847e-01, 3.121848615975796881e-01, 1.423564766483160493e-01, 2.082729923388767224e-01
3.372912510705058931e-01, 3.123335828999843633e-01, 1.426678936404559284e-01, 2.077072723890537875e-01
3.373956051117867339e-01, 3.124816954233353150e-01, 1.429804285913307826e-01, 2.071422708735470575e-01
3.374987322113210952e-01, 3.126292003865186464e-01, 1.432940751008737745e-01, 2.065779923012865671e-01
3.376006330606250994e-01, 3.127760990117821049e-01, 1.436088267695256326e-01, 2.060144411580670798e-01
3.377013083704502039e-01, 3.129223925246810145e-01, 1.439246771983493378e-01, 2.054516219065194438e-01
3.378007588707511721e-01, 3.130680821540222647e-01, 1.442416199891445872e-01, 2.048895389860819760e-01
3.378989853106546537e-01, 3.132131691318106315e-01, 1.445596487445625078e-01, 2.043281968129720960e-01
3.379959884584263774e-01, 3.133576546931944318e-01, 1.448787570682204262e-01, 2.037675997801587091e-01
3.380917691014377335e-01, 3.135015400764104565e-01, 1.451989385648163322e-01, 2.032077522573353390e-01
3.381863280461324117e-01, 3.136448265227306798e-01, 1.455201868402437593e-01, 2.026486585908930937e-01
3.382796661179912068e-01, 3.137875152764078579e-01, 1.458424955017064706e-01, 2.020903231038946035e-01
3.383717841614967137e-01, 3.139296075846217393e-01, 1.461658581578332561e-01, 2.015327500960482909e-01
3.384626830400980224e-01, 3.140711046974259402e-01, 1.464902684187924520e-01, 2.009759438436834744e-01
3.385523636361734701e-01, 3.142120078676939876e-01, 1.468157198964070431e-01, 2.004199085997254159e-01
3.386408268509935038e-01, 3.143523183510663066e-01, 1.471422062042691270e-01, 1.998646485936711181e-01
3.387280736046827112e-01, 3.144920374058967627e-01, 1.474697209578546553e-01, 1.993101680315659263e-01
3.388141048361812402e-01, 3.146311662932003705e-01, 1.477982577746383142e-01, 1.987564710959801029e-01
3.388989215032053859e-01, 3.147697062765997256e-01, 1.481278102742081826e-01, 1.982035619459867337e-01
3.389825245822075117e-01, 3.149076586222729901e-01, 1.484583720783802796e-01, 1.976514447171392186e-01
3.390649150683354152e-01, 3.150450245989012132e-01, 1.487899368113134446e-01, 1.971001235214498160e-01
3.391460939753910830e-01, 3.151818054776158728e-01, 1.491224980996239957e-01, 1.965496024473689374e-01
3.392260623357883920e-01, 3.153180025319471391e-01, 1.494560495724998883e-01, 1.959998855597644418e-01
3.393048212005105868e-01, 3.154536170377715831e-01, 1.497905848618159286e-01, 1.954509768999019015e-01
3.393823716390665934e-01, 3.155886502732604959e-01, 1.501260976022476545e-01, 1.949028804854252006e-01
3.394587147394474425e-01, 3.157231035188283741e-01, 1.504625814313864107e-01, 1.943556003103378282e-01
3.395338516080808611e-01, 3.158569780570813501e-01, 1.508000299898532570e-01, 1.938091403449844208e-01
3.396077833697864756e-01, 3.159902751727658998e-01, 1.511384369214135992e-01, 1.932635045360339143e-01
3.396805111677292932e-01, 3.161229961527179944e-01, 1.514777958730914309e-01, 1.927186968064612815e-01
3.397520361633728503e-01, 3.162551422858116967e-01, 1.518181004952834368e-01, 1.921747210555320440e-01
3.398223595364320282e-01, 3.163867148629086468e-01, 1.521593444418734287e-01, 1.916315811587860074e-01
3.398914824848248140e-01, 3.165177151768074904e-01, 1.525015213703458383e-01, 1.910892809680218296e-01
3.399594062246234505e-01, 3.166481445221936974e-01, 1.528446249419004588e-01, 1.905478243112824210e-01
3.400261319900048651e-01, 3.167780041955884363e-01, 1.531886488215657982e-01, 1.900072149928410392e-01
3.400916610332007650e-01, 3.169072954952993904e-01, 1.535335866783127390e-01, 1.894674567931871334e-01
3.401559946244464561e-01, 3.170360197213705766e-01, 1.538794321851688074e-01, 1.889285534690141044e-01
3.402191340519296614e-01, 3.171641781755323297e-01, 1.542261790193313331e-01, 1.883905087532067035e-01
3.402810806217382300e-01, 3.172917721611517861e-01, 1.545738208622809140e-01, 1.878533263548290422e-01
3.403418356578073456e-01, 3.174188029831840896e-01, 1.549223513998947421e-01, 1.873170099591139059e-01
3.404014005018657918e-01, 3.175452719481219876e-01, 1.552717643225600408e-01, 1.867815632274521520e-01
3.404597765133822729e-01, 3.176711803639479248e-01, 1.556220533252869742e-01, 1.862469897973828836e-01
3.405169650695100136e-01, 3.177965295400845824e-01, 1.559732121078214462e-01, 1.857132932825840133e-01
3.405729675650317478e-01, 3.179213207873460290e-01, 1.563252343747581485e-01, 1.851804772728639914e-01
3.406277854123034299e-01, 3.180455554178898137e-01, 1.566781138356531100e-01, 1.846485453341536187e-01
3.406814200411973359e-01, 3.181692347451677283e-01, 1.570318442051361063e-01, 1.841175010084988295e-01
3.407338728990445542e-01, 3.182923600838785116e-01, 1.573864192030230424e-01, 1.835873478140540027e-01
3.407851454505771982e-01, 3.184149327499188886e-01, 1.577418325544280020e-01, 1.830580892450758279e-01
3.408352391778694535e-01, 3.185369540603368299e-01, 1.580980779898754074e-01, 1.825297287719183925e-01
3.408841555802780143e-01, 3.186584253332828132e-01, 1.584551492454115973e-01, 1.820022698410276307e-01
3.409318961743822429e-01, 3.187793478879629161e-01, 1.588130400627165983e-01, 1.814757158749382426e-01
3.409784624939237174e-01, 3.188997230445914655e-01, 1.591717441892154250e-01, 1.809500702722694754e-01
3.410238560897440596e-01, 3.190195521243437971e-01, 1.595312553781892129e-01, 1.804253364077228750e-01
3.410680785297241502e-01, 3.191388364493093488e-01, 1.598915673888865185e-01, 1.799015176320800380e-01
3.411111313987204019e-01, 3.192575773424446983e-01, 1.602526739866335648e-01, 1.793786172722014183e-01
3.411530162985020875e-01, 3.193757761275271556e-01, 1.606145689429452905e-01, 1.788566386310254108e-01
3.411937348476877241e-01, 3.194934341291082447e-01, 1.609772460356356238e-01, 1.783355849875683796e-01
3.412332886816798472e-01, 3.196105526724675738e-01, 1.613406990489271164e-01, 1.778154595969253793e-01
3.412716794526006181e-01, 3.197271330835665948e-01, 1.617049217735613276e-01, 1.772962656902715428e-01
3.413089088292253770e-01, 3.198431766890025285e-01, 1.620699080069081532e-01, 1.767780064748639690e-01
3.413449784969169176e-01, 3.199586848159632346e-01, 1.624356515530751832e-01, 1.762606851340446368e-01
3.413798901575582634e-01, 3.200736587921810816e-01, 1.628021462230169192e-01, 1.757443048272436803e-01
3.414136455294849992e-01, 3.201880999458880939e-01, 1.631693858346434101e-01, 1.752288686899835524e-01
3.414462463474170484e-01, 3.203020096057699884e-01, 1.635373642129288319e-01, 1.747143798338840481e-01
3.414776943623903382e-01, 3.204153891009222099e-01, 1.639060751900199286e-01, 1.742008413466676342e-01
3.415079913416865232e-01, 3.205282397608041900e-01, 1.642755126053436210e-01, 1.736882562921655826e-01
3.415371390687639286e-01, 3.206405629151953818e-01, 1.646456703057151694e-01, 1.731766277103254370e-01
3.415651393431866079e-01, 3.207523598941502962e-01, 1.650165421454450054e-01, 1.726659586172181737e-01
3.415919939805525107e-01, 3.208636320279544818e-01, 1.653881219864460073e-01, 1.721562520050468892e-01
3.416177048124229843e-01, 3.209743806470806704e-01, 1.657604036983405249e-01, 1.716475108421558204e-01
3.416422736862496645e-01, 3.210846070821440912e-01, 1.661333811585662956e-01, 1.711397380730401152e-01
3.416657024653010355e-01, 3.211943126638595047e-01, 1.665070482524829421e-01, 1.706329366183566287e-01
3.416879930285903200e-01, 3.213034987229973494e-01, 1.668813988734773046e-01, 1.701271093749350538e-01
3.417091472708002620e-01, 3.214121665903403868e-01, 1.672564269230694678e-01, 1.696222592157899944e-01
3.417291671022089083e-01, 3.215203175966405147e-01, 1.676321263110170379e-01, 1.691183889901336224e-01
3.417480544486143357e-01, 3.216279530725758562e-01, 1.680084909554204198e-01, 1.686155015233894716e-01
3.417658112512592661e-01, 3.217350743487075726e-01, 1.683855147828269005e-01, 1.681135996172062608e-01
3.417824394667539623e-01, 3.218416827554378412e-01, 1.687631917283347605e-01, 1.676126860494733528e-01
3.417979410670003992e-01, 3.219477796229670563e-01, 1.691415157356964960e-01, 1.671127635743360762e-01
3.418123180391139382e-01, 3.220533662812513076e-01, 1.695204807574225425e-01, 1.666138349222122395e-01
3.418255723853460548e-01, 3.221584440599609134e-01, 1.699000807548834424e-01, 1.661159027998096449e-01
3.418377061230055136e-01, 3.222630142884378990e-01, 1.702803096984128461e-01, 1.656189698901437135e-01
3.418487212843795975e-01, 3.223670782956548075e-01, 1.706611615674090698e-01, 1.651230388525564419e-01
3.418586199166545603e-01, 3.224706374101729001e-01, 1.710426303504369305e-01, 1.646281123227356924e-01
3.418674040818353022e-01, 3.225736929601006886e-01, 1.714247100453286654e-01, 1.641341929127354549e-01
3.418750758566653225e-01, 3.226762462730530800e-01, 1.718073946592846568e-01, 1.636412832109969961e-01
3.418816373325451186e-01, 3.227782986761103534e-01, 1.721906782089742405e-01, 1.631493857823702875e-01
3.418870906154513611e-01, 3.228798514957771371e-01, 1.725745547206346542e-01, 1.626585031681367643e-01
3.418914378258540165e-01, 3.229809060579422741e-01, 1.729590182301713464e-01, 1.621686378860323907e-01
3.418946810986343010e-01, 3.230814636878377444e-01, 1.733440627832561753e-01, 1.616797924302718625e-01
3.418968225830014140e-01, 3.231815257099990846e-01, 1.737296824354262748e-01, 1.611919692715731711e-01
3.418978644424094937e-01, 3.232810934482250875e-01, 1.741158712521821972e-01, 1.607051708571833049e-01
3.418978088544728511e-01, 3.233801682255378895e-01, 1.745026233090848367e-01, 1.602193996109045060e-01
3.418966580108820374e-01, 3.234787513641432799e-01, 1.748899326918532393e-01, 1.597346579331213601e-01
3.418944141173191342e-01, 3.235768441853916766e-01, 1.752777934964606377e-01, 1.592509482008286070e-01
3.418910793933714887e-01, 3.236744480097382692e-01, 1.756661998292305127e-01, 1.587682727676597294e-01
3.418866560724467263e-01, 3.237715641567042169e-01, 1.760551458069326280e-01, 1.582866339639163733e-01
3.418811464016862089e-01, 3.238681939448378455e-01, 1.764446255568775657e-01, 1.578060340965985464e-01
3.418745526418777714e-01, 3.239643386916754575e-01, 1.768346332170112889e-01, 1.573264754494354545e-01
3.418668770673695678e-01, 3.240599997137035837e-01, 1.772251629360096503e-01, 1.568479602829171982e-01
3.418581219659816983e-01, 3.241551783263200148e-01, 1.776162088733711508e-01, 1.563704908343272193e-01
3.418482896389181680e-01, 3.242498758437957207e-01, 1.780077651995104204e-01, 1.558940693177756631e-01
3.418373824006789574e-01, 3.243440935792372692e-01, 1.783998260958504223e-01, 1.554186979242332955e-01
3.418254025789709272e-01, 3.244378328445486903e-01, 1.787923857549142403e-01, 1.549443788215662532e-01
3.418123525146180564e-01, 3.245310949503939502e-01, 1.791854383804164508e-01, 1.544711141545715427e-01
3.417982345614726247e-01, 3.246238812061600365e-01, 1.795789781873537994e-01, 1.539989060450136782e-01
3.417830510863243965e-01, 3.247161929199188779e-01, 1.799729994020953516e-01, 1.535277565916613185e-01
3.417668044688110252e-01, 3.248080313983913725e-01, 1.803674962624721156e-01, 1.530576678703255700e-01
3.417494971013260718e-01, 3.248993979469095850e-01, 1.807624630178659986e-01, 1.525886419338984001e-01
3.417311313889288549e-01, 3.249902938693808863e-01, 1.811578939292982082e-01, 1.521206808123921339e-01
3.417117097492523570e-01, 3.250807204682510942e-01, 1.815537832695170162e-01, 1.516537865129795604e-01
3.416912346124112987e-01, 3.251706790444685580e-01, 1.819501253230850490e-01, 1.511879610200350665e-01
3.416697084209099899e-01, 3.252601708974477979e-01, 1.823469143864658859e-01, 1.507232062951762430e-01
3.416471336295495709e-01, 3.253491973250338676e-01, 1.827441447681100173e-01, 1.502595242773064610e-01
3.416235127053351417e-01, 3.254377596234666603e-01, 1.831418107885401103e-01, 1.497969168826581432e-01
3.415988481273823374e-01, 3.255258590873451041e-01, 1.835399067804358575e-01, 1.493353860048367565e-01
3.415731423868234584e-01, 3.256134970095925785e-01, 1.839384270887180761e-01, 1.488749335148658315e-01
3.415463979867142119e-01, 3.257006746814212761e-01, 1.843373660706321138e-01, 1.484155612612323705e-01
3.415186174419383991e-01, 3.257873933922975085e-01, 1.847367180958308375e-01, 1.479572710699332272e-01
3.414898032791142679e-01, 3.258736544299068449e-01, 1.851364775464565682e-01, 1.475000647445223745e-01
3.414599580364989229e-01, 3.259594590801198621e-01, 1.855366388172226266e-01, 1.470439440661586161e-01
3.414290842638934009e-01, 3.260448086269576162e-01, 1.859371963154944352e-01, 1.465889107936545754e-01
3.413971845225473589e-01, 3.261297043525576145e-01, 1.863381444613693982e-01, 1.461349666635257116e-01
3.413642613850627616e-01, 3.262141475371400645e-01, 1.867394776877565610e-01, 1.456821133900406962e-01
3.413303174352983471e-01, 3.262981394589736239e-01, 1.871411904404554349e-01, 1.452303526652725663e-01
3.412953552682730929e-01, 3.263816813943425377e-01, 1.875432771782341579e-01, 1.447796861591502671e-01
3.412593774900695709e-01, 3.264647746175126652e-01, 1.879457323729068485e-01, 1.443301155195109153e-01
3.412223867177373027e-01, 3.265474204006986181e-01, 1.883485505094104617e-01, 1.438816423721535065e-01
3.411843855791954483e-01, 3.266296200140311190e-01, 1.887517260858808665e-01, 1.434342683208926494e-01
3.411453767131353287e-01, 3.267113747255234180e-01, 1.891552536137279528e-01, 1.429879949476131618e-01
3.411053627689237810e-01, 3.267926858010397062e-01, 1.895591276177107931e-01, 1.425428238123259417e-01
3.410643464065039598e-01, 3.268735545042614765e-01, 1.899633426360108623e-01, 1.420987564532238956e-01
3.410223302962983594e-01, 3.269539820966568811e-01, 1.903678932203058671e-01, 1.416557943867390867e-01
3.409793171191103367e-01, 3.270339698374473136e-01, 1.907727739358417163e-01, 1.412139391076005224e-01
3.409353095660256350e-01, 3.271135189835768231e-01, 1.911779793615047962e-01, 1.407731920888926902e-01
3.408903103383136846e-01, 3.271926307896793062e-01, 1.915835040898923869e-01, 1.403335547821146223e-01
3.408443221473287932e-01, 3.272713065080480876e-01, 1.919893427273832442e-01, 1.398950286172399304e-01
3.407973477144112251e-01, 3.273495473886040563e-01, 1.923954898942071001e-01, 1.394576150027776462e-01
3.407493897707880581e-01, 3.274273546788650791e-01, 1.928019402245133296e-01, 1.390213153258336165e-01
3.407004510574735412e-01, 3.275047296239148586e-01, 1.932086883664389243e-01, 1.385861309521727314e-01
3.406505343251701734e-01, 3.275816734663722363e-01, 1.936157289821758831e-01, 1.381520632262816795e-01
3.405996423341682289e-01, 3.276581874463613264e-01, 1.940230567480375201e-01, 1.377191134714329246e-01
3.405477778542466138e-01, 3.277342728014804862e-01, 1.944306663545241065e-01, 1.372872829897487656e-01
3.404949436645726135e-01, 3.278099307667724505e-01, 1.948385525063880408e-01, 1.368565730622667564e-01
3.404411425536018609e-01, 3.278851625746952436e-01, 1.952467099226977698e-01, 1.364269849490051811e-01
3.403863773189778619e-01, 3.279599694550910383e-01, 1.956551333369011270e-01, 1.359985198890299174e-01
3.403306507674321302e-01, 3.280343526351580663e-01, 1.960638174968880321e-01, 1.355711791005216049e-01
3.402739657146834906e-01, 3.281083133394207541e-01, 1.964727571650521365e-01, 1.351449637808436466e-01
3.402163249853372151e-01, 3.281818527897002458e-01, 1.968819471183518854e-01, 1.347198751066106259e-01
3.401577314127849361e-01, 3.282549722050860930e-01, 1.972913821483706365e-01, 1.342959142337583067e-01
3.400981878391035051e-01, 3.283276728019073332e-01, 1.977010570613760287e-01, 1.338730822976131607e-01
3.400376971149543515e-01, 3.283999557937037905e-01, 1.981109666783783529e-01, 1.334513804129634773e-01
3.399762620994823958e-01, 3.284718223911981538e-01, 1.985211058351887825e-01, 1.330308096741307511e-01
3.399138856602150205e-01, 3.285432738022673327e-01, 1.989314693824756897e-01, 1.326113711550420127e-01
3.398505706729616493e-01, 3.286143112319148685e-01, 1.993420521858210726e-01, 1.321930659093024929e-01
3.397863200217117741e-01, 3.286849358822428457e-01, 1.997528491257758443e-01, 1.317758949702694804e-01
3.397211365985344234e-01, 3.287551489524249693e-01, 2.001638550979142339e-01, 1.313598593511265122e-01
3.396550233034765776e-01, 3.288249516386783089e-01, 2.005750650128870771e-01, 1.309449600449580087e-01
3.395879830444625269e-01, 3.288943451342367097e-01, 2.009864737964753012e-01, 1.305311980248254344e-01
3.395200187371918976e-01, 3.289633306293239245e-01, 2.013980763896409953e-01, 1.301185742438432380e-01
3.394511333050390101e-01, 3.290319093111259696e-01, 2.018098677485791748e-01, 1.297070896352557623e-01
3.393813296789513489e-01, 3.291000823637655337e-01, 2.022218428447677963e-01, 1.292967451125153766e-01
3.393106107973480889e-01, 3.291678509682749998e-01, 2.026339966650169688e-01, 1.288875415693601090e-01
3.392389796060191753e-01, 3.292352163025700218e-01, 2.030463242115176647e-01, 1.284794798798930271e-01
3.391664390580242938e-01, 3.293021795414241559e-01, 2.034588205018895424e-01, 1.280725608986619524e-01
3.390929921135907299e-01, 3.293687418564424374e-01, 2.038714805692275756e-01, 1.276667854607392849e-01
3.390186417400129493e-01, 3.294349044160357898e-01, 2.042842994621479336e-01, 1.272621543818033552e-01
3.389433909115512900e-01, 3.295006683853956564e-01, 2.046972722448333337e-01, 1.268586684582198032e-01
3.388672426093304879e-01, 3.295660349264687428e-01, 2.051103939970771450e-01, 1.264563284671236243e-01
3.387901998212388688e-01, 3.296310051979318700e-01, 2.055236598143267424e-01, 1.260551351665024633e-01
3.387122655418272066e-01, 3.296955803551671615e-01, 2.059370648077260280e-01, 1.256550892952794929e-01
3.386334427722079154e-01, 3.297597615502370072e-01, 2.063506041041570926e-01, 1.252561915733980125e-01
3.385537345199535753e-01, 3.298235499318597497e-01, 2.067642728462807666e-01, 1.248584427019058946e-01
3.384731437989970115e-01, 3.298869466453854260e-01, 2.071780661925766431e-01, 1.244618433630410026e-01
3.383916736295295435e-01, 3.299499528327712872e-01, 2.075919793173821859e-01, 1.240663942203170805e-01
3.383093270379010087e-01, 3.300125696325581504e-01, 2.080060074109304213e-01, 1.236720959186103919e-01
3.382261070565190653e-01, 3.300747981798463626e-01, 2.084201456793875751e-01, 1.232789490842469415e-01
3.381420167237484398e-01, 3.301366396062724307e-01, 2.088343893448891819e-01, 1.228869543250900309e-01
3.380570590838107292e-01, 3.301980950399851511e-01, 2.092487336455754188e-01, 1.224961122306287287e-01
3.379712371866840370e-01, 3.302591656056230174e-01, 2.096631738356258823e-01, 1.221064233720670078e-01
3.378845540880032750e-01, 3.303198524242906275e-01, 2.100777051852930621e-01, 1.217178883024130076e-01
3.377970128489596879e-01, 3.303801566135359247e-01, 2.104923229809351204e-01, 1.213305075565692392e-01
3.377086165362012116e-01, 3.304400792873277704e-01, 2.109070225250478381e-01, 1.209442816514234020e-01
3.376193682217323855e-01, 3.304996215560329631e-01, 2.113217991362953130e-01, 1.205592110859394911e-01
3.375292709828155990e-01, 3.305587845263942004e-01, 2.117366481495402963e-01, 1.201752963412498348e-01
3.374383279018709492e-01, 3.306175693015084849e-01, 2.121515649158733086e-01, 1.197925378807473407e-01
3.373465420663771530e-01, 3.306759769808039207e-01, 2.125665448026406723e-01, 1.194109361501784761e-01
3.372539165687725715e-01, 3.307340086600187301e-01, 2.129815831934719073e-01, 1.190304915777368050e-01
3.371604545063566216e-01, 3.307916654311797711e-01, 2.133966754883064865e-01, 1.186512045741571625e-01
3.370661589811902448e-01, 3.308489483825807764e-01, 2.138118171034188442e-01, 1.182730755328100375e-01
3.369710330999983183e-01, 3.309058585987612044e-01, 2.142270034714435778e-01, 1.178961048297970798e-01
3.368750799740702906e-01, 3.309623971604849779e-01, 2.146422300413984297e-01, 1.175202928240462324e-01
3.367783027191633138e-01, 3.310185651447202226e-01, 2.150574922787079069e-01, 1.171456398574085705e-01
3.366807044554033235e-01, 3.310743636246177846e-01, 2.154727856652243756e-01, 1.167721462547545302e-01
3.365822883071875604e-01, 3.311297936694911903e-01, 2.158881056992498493e-01, 1.163998123240714416e-01
3.364830574030873711e-01, 3.311848563447962190e-01, 2.163034478955552509e-01, 1.160286383565612145e-01
3.363830148757506744e-01, 3.312395527121105299e-01, 2.167188077854001749e-01, 1.156586246267385792e-01
3.362821638618053721e-01, 3.312938838291138444e-01, 2.171341809165507897e-01, 1.152897713925299522e-01
3.361805075017619271e-01, 3.313478507495680736e-01, 2.175495628532974068e-01, 1.149220788953726063e-01
3.360780489399173288e-01, 3.314014545232978337e-01, 2.179649491764704128e-01, 1.145555473603144803e-01
3.359747913242586148e-01, 3.314546961961705729e-01, 2.183803354834563948e-01, 1.141901769961144453e-01
3.358707378063668925e-01, 3.315075768100775866e-01, 2.187957173882124906e-01, 1.138259679953430442e-01
3.357658915413217482e-01, 3.315600974029148107e-01, 2.192110905212796557e-01, 1.134629205344836744e-01
3.356602556876056020e-01, 3.316122590085640587e-01, 2.196264505297959857e-01, 1.131010347740343119e-01
3.355538334070086171e-01, 3.316640626568735373e-01, 2.200417930775082631e-01, 1.127403108586095548e-01
3.354466278645335531e-01, 3.317155093736401938e-01, 2.204571138447828926e-01, 1.123807489170434160e-01
3.353386422283013424e-01, 3.317666001805906206e-01, 2.208724085286158656e-01, 1.120223490624922130e-01
3.352298796694569982e-01, 3.318173360953629025e-01, 2.212876728426419748e-01, 1.116651113925381106e-01
3.351203433620750793e-01, 3.318677181314887426e-01, 2.217029025171430023e-01, 1.113090359892931897e-01
3.350100364830663757e-01, 3.319177472983750876e-01, 2.221180932990547696e-01, 1.109541229195037393e-01
3.348989622120844278e-01, 3.319674246012868646e-01, 2.225332409519736043e-01, 1.106003722346551588e-01
3.347871237314320458e-01, 3.320167510413289391e-01, 2.229483412561618638e-01, 1.102477839710770541e-01
3.346745242259694386e-01, 3.320657276154291848e-01, 2.233633900085523205e-01, 1.098963581500491393e-01
3.345611668830207885e-01, 3.321143553163203865e-01, 2.237783830227516868e-01, 1.095460947779071520e-01
3.344470548922828246e-01, 3.321626351325240867e-01, 2.241933161290436682e-01, 1.091969938461495315e-01
3.343321914457327293e-01, 3.322105680483329326e-01, 2.246081851743902402e-01, 1.088490553315440423e-01
3.342165797375371006e-01, 3.322581550437943565e-01, 2.250229860224330358e-01, 1.085022791962354655e-01
3.341002229639605803e-01, 3.323053970946936997e-01, 2.254377145534927906e-01, 1.081566653878530404e-01
3.339831243232751490e-01, 3.323522951725375596e-01, 2.258523666645688432e-01, 1.078122138396185731e-01
3.338652870156699759e-01, 3.323988502445380799e-01, 2.262669382693368869e-01, 1.074689244704550434e-01
3.337467142431613243e-01, 3.324450632735965749e-01, 2.266814252981466660e-01, 1.071267971850954209e-01
3.336274092095034005e-01, 3.324909352182869871e-01, 2.270958236980178402e-01, 1.067858318741916751e-01
3.335073751200983705e-01, 3.325364670328410654e-01, 2.275101294326356272e-01, 1.064460284144248814e-01
3.333866151819080970e-01, 3.325816596671318792e-01, 2.279243384823455010e-01, 1.061073866686145228e-01
3.332651326033655992e-01, 3.326265140666587738e-01, 2.283384468441463089e-01, 1.057699064858292903e-01
3.331429305942869568e-01, 3.326710311725318281e-01, 2.287524505316835544e-01, 1.054335877014975220e-01
3.330200123657837685e-01, 3.327152119214569215e-01, 2.291663455752409595e-01, 1.050984301375183921e-01
3.328963811301756670e-01, 3.327590572457200802e-01, 2.295801280217312501e-01, 1.047644336023729750e-01
3.327720401009039430e-01, 3.328025680731734881e-01, 2.299937939346863303e-01, 1.044315978912361692e-01
3.326469924924446708e-01, 3.328457453272201105e-01, 2.304073393942466796e-01, 1.040999227860885529e-01
3.325212415202229987e-01, 3.328885899267993165e-01, 2.308207604971489746e-01, 1.037694080558287935e-01
3.323947904005273846e-01, 3.329311027863723349e-01, 2.312340533567139866e-01, 1.034400534563862523e-01
3.322676423504248855e-01, 3.329732848159083214e-01, 2.316472141028327880e-01, 1.031118587308339357e-01
3.321398005876758375e-01, 3.330151369208699808e-01, 2.320602388819524298e-01, 1.027848236095017659e-01
3.320112683306500889e-01, 3.330566600021994672e-01, 2.324731238570604541e-01, 1.024589478100900730e-01
3.318820487982426792e-01, 3.330978549563048396e-01, 2.328858652076688796e-01, 1.021342310377835461e-01
3.317521452097912937e-01, 3.331387226750462949e-01, 2.332984591297971033e-01, 1.018106729853653636e-01
3.316215607849920533e-01, 3.331792640457226784e-01, 2.337109018359537493e-01, 1.014882733333314496e-01
3.314902987438186899e-01, 3.332194799510578287e-01, 2.341231895551180997e-01, 1.011670317500053679e-01
3.313583623064388362e-01, 3.332593712691877541e-01, 2.345353185327201939e-01, 1.008469478916532019e-01
3.312257546931336449e-01, 3.332989388736473102e-01, 2.349472850306203175e-01, 1.005280214025987690e-01
3.310924791242164655e-01, 3.333381836333569881e-01, 2.353590853270873806e-01, 1.002102519153391241e-01
3.309585388199517975e-01, 3.333771064126108130e-01, 2.357707157167769352e-01, 9.989363905066042659e-02
3.308239370004756319e-01, 3.334157080710630772e-01, 2.361821725107076386e-01, 9.957818241775366619e-02
3.306886768857156267e-01, 3.334539894637158497e-01, 2.365934520362374116e-01, 9.926388161433119528e-02
3.305527616953119474e-01, 3.334919514409067087e-01, 2.370045506370382637e-01, 9.895073622674299685e-02
3.304161946485386636e-01, 3.335295948482968620e-01, 2.374154646730710361e-01, 9.863874583009354935e-02
3.302789789642252560e-01, 3.335669205268582127e-01, 2.378261905205580062e-01, 9.832790998835860830e-02
3.301411178606794561e-01, 3.336039293128620908e-01, 2.382367245719560489e-01, 9.801822825450251520e-02
3.300026145556094748e-01, 3.336406220378670406e-01, 2.386470632359279642e-01, 9.770970017059545099e-02
3.298634722660478968e-01, 3.336769995287074964e-01, 2.390572029373135010e-01, 9.740232526793107803e-02
3.297236942082749089e-01, 3.337130626074816253e-01, 2.394671401170990754e-01, 9.709610306714434869e-02
3.295832835977431929e-01, 3.337488120915402812e-01, 2.398768712323871011e-01, 9.679103307832949421e-02
3.294422436490023198e-01, 3.337842487934756242e-01, 2.402863927563640423e-01, 9.648711480115805539e-02
3.293005775756243092e-01, 3.338193735211100188e-01, 2.406957011782681344e-01, 9.618434772499756535e-02
3.291582885901294664e-01, 3.338541870774848208e-01, 2.411047930033558828e-01, 9.588273132902977447e-02
3.290153799039130522e-01, 3.338886902608494966e-01, 2.415136647528677571e-01, 9.558226508236961072e-02
3.288718547271717862e-01, 3.339228838646511321e-01, 2.419223129639931913e-01, 9.528294844418395970e-02
3.287277162688313492e-01, 3.339567686775230526e-01, 2.423307341898347511e-01, 9.498478086381076380e-02
3.285829677364750512e-01, 3.339903454832750529e-01, 2.427389249993714415e-01, 9.468776178087846829e-02
3.284376123362714450e-01, 3.340236150608825727e-01, 2.431468819774210421e-01, 9.439189062542498176e-02
3.282916532729038828e-01, 3.340565781844764270e-01, 2.435546017246020267e-01, 9.409716681801759408e-02
3.281450937495002940e-01, 3.340892356233329252e-01, 2.439620808572942057e-01, 9.380358976987260289e-02
3.279979369675629086e-01, 3.341215881418633793e-01, 2.443693160075988691e-01, 9.351115888297484302e-02
3.278501861268993678e-01, 3.341536364996044450e-01, 2.447763038232979860e-01, 9.321987355019820121e-02
3.277018444255539453e-01, 3.341853814512081855e-01, 2.451830409678127098e-01, 9.292973315542515933e-02
3.275529150597388806e-01, 3.342168237464327452e-01, 2.455895241201608292e-01, 9.264073707366744792e-02
3.274034012237676539e-01, 3.342479641301323579e-01, 2.459957499749138854e-01, 9.235288467118608902e-02
3.272533061099869300e-01, 3.342788033422478544e-01, 2.464017152421530410e-01, 9.206617530561210516e-02
3.271026329087111106e-01, 3.343093421177978364e-01, 2.468074166474244213e-01, 9.178060832606679820e-02
3.269513848081553320e-01, 3.343395811868686840e-01, 2.472128509316932066e-01, 9.149618307328273581e-02
3.267995649943710723e-01, 3.343695212746064516e-01, 2.476180148512981682e-01, 9.121289887972433563e-02
3.266471766511807040e-01, 3.343991631012068200e-01, 2.480229051779036242e-01, 9.093075506970875466e-02
3.264942229601136559e-01, 3.344285073819069920e-01, 2.484275186984523653e-01, 9.064975095952691742e-02
3.263407071003424642e-01, 3.344575548269765330e-01, 2.488318522151164724e-01, 9.036988585756457193e-02
3.261866322486199343e-01, 3.344863061417087668e-01, 2.492359025452480226e-01, 9.009115906442324850e-02
3.260320015792169124e-01, 3.345147620264122268e-01, 2.496396665213292121e-01, 8.981356987304170425e-02
3.258768182638595023e-01, 3.345429231764024403e-01, 2.500431409909211200e-01, 8.953711756881704842e-02
3.257210854716689474e-01, 3.345707902819929913e-01, 2.504463228166119437e-01, 8.926180142972606202e-02
3.255648063690999017e-01, 3.345983640284880267e-01, 2.508492088759652350e-01, 8.898762072644672561e-02
3.254079841198809775e-01, 3.346256450961737627e-01, 2.512517960614656931e-01, 8.871457472247960829e-02
3.252506218849545716e-01, 3.346526341603102139e-01, 2.516540812804660687e-01, 8.844266267426924288e-02
3.250927228224184118e-01, 3.346793318911235882e-01, 2.520560614551319301e-01, 8.817188383132593121e-02
3.249342900874674922e-01, 3.347057389537986261e-01, 2.524577335223867625e-01, 8.790223743634718867e-02
3.247753268323350651e-01, 3.347318560084703298e-01, 2.528590944338552915e-01, 8.763372272533941076e-02
3.246158362062368519e-01, 3.347576837102166913e-01, 2.532601411558070836e-01, 8.736633892773948418e-02
3.244558213553136450e-01, 3.347832227090513091e-01, 2.536608706690984261e-01, 8.710008526653655048e-02
3.242952854225759074e-01, 3.348084736499157277e-01, 2.540612799691146506e-01, 8.683496095839374207e-02
3.241342315478477065e-01, 3.348334371726719438e-01, 2.544613660657104592e-01, 8.657096521376997367e-02
3.239726628677128129e-01, 3.348581139120953565e-01, 2.548611259831504161e-01, 8.630809723704137293e-02
3.238105825154597994e-01, 3.348825044978680499e-01, 2.552605567600487180e-01, 8.604635622662347438e-02
3.236479936210288622e-01, 3.349066095545707444e-01, 2.556596554493075768e-01, 8.578574137509270559e-02
3.234848993109591397e-01, 3.349304297016768572e-01, 2.560584191180556024e-01, 8.552625186930826184e-02
3.233213027083358115e-01, 3.349539655535450633e-01, 2.564568448475852969e-01, 8.526788689053389769e-02
3.231572069327388053e-01, 3.349772177194123568e-01, 2.568549297332893278e-01, 8.501064561455957957e-02
3.229926151001915047e-01, 3.350001868033880004e-01, 2.572526708845972454e-01, 8.475452721182326343e-02
3.228275303231105675e-01, 3.350228734044464751e-01, 2.576500654249103128e-01, 8.449953084753278332e-02
3.226619557102555214e-01, 3.350452781164208749e-01, 2.580471104915362801e-01, 8.424565568178729591e-02
3.224958943666804689e-01, 3.350674015279967999e-01, 2.584438032356236592e-01, 8.399290086969922464e-02
3.223293493936841281e-01, 3.350892442227058621e-01, 2.588401408220944444e-01, 8.374126556151564871e-02
3.221623238887630358e-01, 3.351108067789193012e-01, 2.592361204295773880e-01, 8.349074890274026106e-02
3.219948209455635868e-01, 3.351320897698420453e-01, 2.596317392503398325e-01, 8.324135003425463253e-02
3.218268436538351818e-01, 3.351530937635064378e-01, 2.600269944902184882e-01, 8.299306809243992000e-02
3.216583950993845420e-01, 3.351738193227661866e-01, 2.604218833685508216e-01, 8.274590220929843587e-02
3.214894783640296350e-01, 3.351942670052906470e-01, 2.608164031181047227e-01, 8.249985151257485660e-02
3.213200965255554320e-01, 3.352144373635587704e-01, 2.612105509850078944e-01, 8.225491512587788934e-02
3.211502526576688887e-01, 3.352343309448530539e-01, 2.616043242286764658e-01, 8.201109216880148045e-02
3.209799498299557019e-01, 3.352539482912548774e-01, 2.619977201217433271e-01, 8.176838175704605194e-02
3.208091911078377323e-01, 3.352732899396372868e-01, 2.623907359499851877e-01, 8.152678300253987653e-02
3.206379795525293730e-01, 3.352923564216607200e-01, 2.627833690122497456e-01, 8.128629501356000875e-02
3.204663182209973593e-01, 3.353111482637672891e-01, 2.631756166203818026e-01, 8.104691689485353512e-02
3.202942101659180807e-01, 3.353296659871746743e-01, 2.635674760991485455e-01, 8.080864774775860238e-02
3.201216584356383899e-01, 3.353479101078717384e-01, 2.639589447861647731e-01, 8.057148667032511258e-02
3.199486660741348576e-01, 3.353658811366123094e-01, 2.643500200318170124e-01, 8.033543275743575129e-02
3.197752361209749150e-01, 3.353835795789110730e-01, 2.647406991991874126e-01, 8.010048510092672436e-02
3.196013716112778291e-01, 3.354010059350372441e-01, 2.651309796639766403e-01, 7.986664278970823094e-02
3.194270755756775104e-01, 3.354181607000105148e-01, 2.655208588144266635e-01, 7.963390490988532522e-02
3.192523510402842657e-01, 3.354350443635953360e-01, 2.659103340512423141e-01, 7.940227054487815350e-02
3.190772010266483272e-01, 3.354516574102965332e-01, 2.662994027875127956e-01, 7.917173877554231631e-02
3.189016285517243809e-01, 3.354680003193539761e-01, 2.666880624486324125e-01, 7.894230868028928594e-02
3.187256366278350406e-01, 3.354840735647380279e-01, 2.670763104722205239e-01, 7.871397933520644929e-02
3.185492282626367078e-01, 3.354998776151448259e-01, 2.674641443080413850e-01, 7.848674981417702590e-02
3.183724064590852665e-01, 3.355154129339916746e-01, 2.678515614179228232e-01, 7.826061918900029113e-02
3.181951742154023322e-01, 3.355306799794118833e-01, 2.682385592756748038e-01, 7.803558652951114727e-02
3.180175345250423891e-01, 3.355456792042507685e-01, 2.686251353670071063e-01, 7.781165090369970838e-02
3.178394903766605939e-01, 3.355604110560612696e-01, 2.690112871894468904e-01, 7.758881137783121829e-02
3.176610447540808013e-01, 3.355748759770989520e-01, 2.693970122522552080e-01, 7.736706701656516361e-02
3.174822006362647553e-01, 3.355890744043177332e-01, 2.697823080763429582e-01, 7.714641688307458112e-02
3.173029609972815579e-01, 3.356030067693660524e-01, 2.701671721941870108e-01, 7.692686003916543447e-02
3.171233288062778044e-01, 3.356166734985820965e-01, 2.705516021497446078e-01, 7.670839554539543581e-02
3.169433070274486619e-01, 3.356300750129898591e-01, 2.709355954983685977e-01, 7.649102246119302007e-02
3.167628986200091146e-01, 3.356432117282943661e-01, 2.713191498067205609e-01, 7.627473984497594450e-02
3.165821065381658750e-01, 3.356560840548788449e-01, 2.717022626526852669e-01, 7.605954675427006872e-02
3.164009337310908498e-01, 3.356686923977991732e-01, 2.720849316252824668e-01, 7.584544224582763505e-02
3.162193831428933288e-01, 3.356810371567806595e-01, 2.724671543245803518e-01, 7.563242537574565993e-02
3.160374577125951157e-01, 3.356931187262144345e-01, 2.728489283616065686e-01, 7.542049519958396453e-02
3.158551603741044378e-01, 3.357049374951523446e-01, 2.732302513582600123e-01, 7.520965077248313591e-02
3.156724940561914106e-01, 3.357164938473043980e-01, 2.736111209472215644e-01, 7.499989114928251599e-02
3.154894616824637232e-01, 3.357277881610341019e-01, 2.739915347718645533e-01, 7.479121538463755214e-02
3.153060661713433799e-01, 3.357388208093550208e-01, 2.743714904861641046e-01, 7.458362253313746693e-02
3.151223104360437177e-01, 3.357495921599268351e-01, 2.747509857546069911e-01, 7.437711164942249764e-02
3.149381973845468141e-01, 3.357601025750518997e-01, 2.751300182521002613e-01, 7.417168178830099712e-02
