2.969683501256482061e-01, 6.905496481044418045e-02, 6.015053857881876714e-02, 5.738261464850887839e-01
2.976933714103905948e-01, 6.916408907752422119e-02, 6.020718824331262181e-02, 5.729353512687724859e-01
2.984191143717547234e-01, 6.927456518432456578e-02, 6.026497507343287624e-02, 5.720413453704878970e-01
2.991455624805272606e-01, 6.938639518203582046e-02, 6.032390111914783665e-02, 5.711441412182890476e-01
2.998726991154663790e-01, 6.949958111374461567e-02, 6.038396843224346638e-02, 5.702437513385456569e-01
3.006005075635708179e-01, 6.961412501411747000e-02, 6.044517906609010033e-02, 5.693401883562215771e-01
3.013289710203610472e-01, 6.973002890908346074e-02, 6.050753507540752862e-02, 5.684334649951481300e-01
3.020580725901707009e-01, 6.984729481551496533e-02, 6.057103851602817918e-02, 5.675235940782862309e-01
3.027877952864496125e-01, 6.996592474090723712e-02, 6.063569144465887767e-02, 5.666105885279841825e-01
3.035181220320775641e-01, 7.008592068305653788e-02, 6.070149591864077571e-02, 5.656944613662251431e-01
3.042490356596889711e-01, 7.020728462973643835e-02, 6.076845399570758588e-02, 5.647752257148669353e-01
3.049805189120090576e-01, 7.033001855837339722e-02, 6.083656773374227639e-02, 5.638528947958753035e-01
3.057125544422012453e-01, 7.045412443572032779e-02, 6.090583919053216277e-02, 5.629274819315462919e-01
3.064451248142256445e-01, 7.057960421752923486e-02, 6.097627042352229271e-02, 5.619990005447228487e-01
3.071782125032090915e-01, 7.070645984822239438e-02, 6.104786348956728337e-02, 5.610674641590012168e-01
3.079117998958262326e-01, 7.083469326056232584e-02, 6.112062044468161842e-02, 5.601328863989297746e-01
3.086458692906928203e-01, 7.096430637532043229e-02, 6.119454334378838373e-02, 5.591952809901983290e-01
3.093804028987693910e-01, 7.109530110094451627e-02, 6.126963424046642792e-02, 5.582546617598196370e-01
3.101153828437776538e-01, 7.122767933322510236e-02, 6.134589518669608665e-02, 5.573110426363011571e-01
3.108507911626274822e-01, 7.136144295496055223e-02, 6.142332823260335251e-02, 5.563644376498085853e-01
3.115866098058562295e-01, 7.149659383562115278e-02, 6.150193542620258080e-02, 5.554148609323199537e-01
3.123228206380794236e-01, 7.163313383101210796e-02, 6.158171881313771745e-02, 5.544623267177708481e-01
3.130594054384534530e-01, 7.177106478293536485e-02, 6.166268043642215979e-02, 5.535068493421890778e-01
3.137963459011492984e-01, 7.191038851885071803e-02, 6.174482233617720889e-02, 5.525484432438226845e-01
3.145336236358394766e-01, 7.205110685153556793e-02, 6.182814654936897442e-02, 5.515871229632559603e-01
3.152712201681950877e-01, 7.219322157874402679e-02, 6.191265510954416934e-02, 5.506229031435168064e-01
3.160091169403960731e-01, 7.233673448286491448e-02, 6.199835004656423926e-02, 5.496557985301746552e-01
3.167472953116530210e-01, 7.248164733057915754e-02, 6.208523338633854111e-02, 5.486858239714292873e-01
3.174857365587406832e-01, 7.262796187251598090e-02, 6.217330715055579410e-02, 5.477129944181875487e-01
3.182244218765434840e-01, 7.277567984290866931e-02, 6.226257335641467022e-02, 5.467373249241330724e-01
3.189633323786137953e-01, 7.292480295924939904e-02, 6.235303401635281656e-02, 5.457588306457840099e-01
3.197024490977410371e-01, 7.307533292194316743e-02, 6.244469113777475350e-02, 5.447775268425409934e-01
3.204417529865336567e-01, 7.322727141396144501e-02, 6.253754672277864191e-02, 5.437934288767262148e-01
3.211812249180130974e-01, 7.338062010049493933e-02, 6.263160276788172498e-02, 5.428065522136101828e-01
3.219208456862200918e-01, 7.353538062860563718e-02, 6.272686126374468762e-02, 5.418169124214295973e-01
3.226605960068320011e-01, 7.369155462687862479e-02, 6.282332419489491948e-02, 5.408245251713945656e-01
3.234004565177936441e-01, 7.384914370507307535e-02, 6.292099353944856366e-02, 5.398294062376847169e-01
3.241404077799601158e-01, 7.400814945377283405e-02, 6.301987126883155932e-02, 5.388315714974355464e-01
3.248804302777503761e-01, 7.416857344403669783e-02, 6.311995934749962955e-02, 5.378310369307134353e-01
3.256205044198149934e-01, 7.433041722704798737e-02, 6.322125973265718679e-02, 5.368278186204797908e-01
3.263606105397149348e-01, 7.449368233376424397e-02, 6.332377437397526676e-02, 5.358219327525456377e-01
3.271007288966122917e-01, 7.465837027456601049e-02, 6.342750521330856039e-02, 5.348133956155131097e-01
3.278408396759745491e-01, 7.482448253890583434e-02, 6.353245418441132164e-02, 5.338022236007082810e-01
3.285809229902897921e-01, 7.499202059495667372e-02, 6.363862321265255362e-02, 5.327884332021008973e-01
3.293209588797945675e-01, 7.516098588926042878e-02, 6.374601421473009843e-02, 5.317720410162148914e-01
3.300609273132142918e-01, 7.533137984637600093e-02, 6.385462909838407475e-02, 5.307530637420255770e-01
3.308008081885154272e-01, 7.550320386852760191e-02, 6.396446976210939939e-02, 5.297315181808477380e-01
3.315405813336697038e-01, 7.567645933525260493e-02, 6.407553809486739305e-02, 5.287074212362102843e-01
3.322802265074318862e-01, 7.585114760304968728e-02, 6.418783597579680311e-02, 5.276807899137215818e-01
3.330197234001277540e-01, 7.602727000502686183e-02, 6.430136527392395218e-02, 5.266516413209214598e-01
3.337590516344555724e-01, 7.620482785054963348e-02, 6.441612784787220658e-02, 5.256199926671225597e-01
3.344981907662999410e-01, 7.638382242488916951e-02, 6.453212554557077874e-02, 5.245858612632400275e-01
3.352371202855565224e-01, 7.656425498887085845e-02, 6.464936020396291894e-02, 5.235492645216097696e-01
3.359758196169699840e-01, 7.674612677852277187e-02, 6.476783364871332993e-02, 5.225102199557939420e-01
3.367142681209843169e-01, 7.692943900472459795e-02, 6.488754769391527621e-02, 5.214687451803758922e-01
3.374524450946037590e-01, 7.711419285285682490e-02, 6.500850414179674963e-02, 5.204248579107426664e-01
3.381903297722677060e-01, 7.730038948245028518e-02, 6.513070478242655170e-02, 5.193785759628554155e-01
3.389279013267360585e-01, 7.748803002683594954e-02, 6.525415139341951554e-02, 5.183299172530084764e-01
3.396651388699875596e-01, 7.767711559279549816e-02, 6.537884573964151957e-02, 5.172788997975754643e-01
3.404020214541295108e-01, 7.786764726021204452e-02, 6.550478957291394622e-02, 5.162255417127445956e-01
3.411385280723204794e-01, 7.805962608172144213e-02, 6.563198463171775188e-02, 5.151698612142403544e-01
3.418746376597031622e-01, 7.825305308236446544e-02, 6.576043264089730112e-02, 5.141118766170350574e-01
3.426103290943511293e-01, 7.844792925923924076e-02, 6.589013531136377055e-02, 5.130516063350458733e-01
3.433455811982259465e-01, 7.864425558115464843e-02, 6.602109433979827524e-02, 5.119890688808211854e-01
3.440803727381465671e-01, 7.884203298828443285e-02, 6.615331140835482848e-02, 5.109242828652142965e-01
3.448146824267706023e-01, 7.904126239182177049e-02, 6.628678818436301023e-02, 5.098572669970445892e-01
3.455484889235874713e-01, 7.924194467363517014e-02, 6.642152632003048285e-02, 5.087880400827469174e-01
3.462817708359222646e-01, 7.944408068592491434e-02, 6.655752745214528476e-02, 5.077166210260074530e-01
3.470145067199527644e-01, 7.964767125088043076e-02, 6.669479320177822135e-02, 5.066430288273885418e-01
3.477466750817360674e-01, 7.985271716033894018e-02, 6.683332517398500594e-02, 5.055672825839400142e-01
3.484782543782485309e-01, 8.005921917544485400e-02, 6.697312495750841477e-02, 5.044894014887981726e-01
3.492092230184360990e-01, 8.026717802631028187e-02, 6.711419412448048349e-02, 5.034094048307731217e-01
3.499395593642761204e-01, 8.047659441167681615e-02, 6.725653423012467602e-02, 5.023273119939224429e-01
3.506692417318505450e-01, 8.068746899857835719e-02, 6.740014681245819206e-02, 5.012431424571128780e-01
3.513982483924307232e-01, 8.089980242200534022e-02, 6.754503339199441347e-02, 5.001569157935695786e-01
3.521265575735723630e-01, 8.111359528457007251e-02, 6.769119547144544780e-02, 4.990686516704120890e-01
3.528541474602228667e-01, 8.132884815617366647e-02, 6.783863453542485211e-02, 4.979783698481785592e-01
3.535809961958386594e-01, 8.154556157367388869e-02, 6.798735205015069005e-02, 4.968860901803366925e-01
3.543070818835138414e-01, 8.176373604055500732e-02, 6.813734946314871366e-02, 4.957918326127824238e-01
3.550323825871193884e-01, 8.198337202659880529e-02, 6.828862820295607261e-02, 4.946956171833256088e-01
3.557568763324542860e-01, 8.220446996755724489e-02, 6.844118967882503735e-02, 4.935974640211633901e-01
3.564805411084051023e-01, 8.242703026482672835e-02, 6.859503528042755482e-02, 4.924973933463406284e-01
3.572033548681183834e-01, 8.265105328512395433e-02, 6.875016637755981819e-02, 4.913954254691979551e-01
3.579252955301824302e-01, 8.287653936016350920e-02, 6.890658431984746091e-02, 4.902915807898066136e-01
3.586463409798194002e-01, 8.310348878633735947e-02, 6.906429043645148647e-02, 4.891858797973917539e-01
3.593664690700884012e-01, 8.333190182439581539e-02, 6.922328603577433681e-02, 4.880783430697415159e-01
3.600856576230979655e-01, 8.356177869913072875e-02, 6.938357240516676572e-02, 4.869689912726045677e-01
3.608038844312294047e-01, 8.379311959906042551e-02, 6.954515081063550319e-02, 4.858578451590745972e-01
3.615211272583695457e-01, 8.402592467611655347e-02, 6.970802249655126681e-02, 4.847449255689625369e-01
3.622373638411539587e-01, 8.426019404533299784e-02, 6.987218868535764738e-02, 4.836302534281554655e-01
3.629525718902187892e-01, 8.449592778453703101e-02, 7.003765057728078558e-02, 4.825138497479633526e-01
3.636667290914644690e-01, 8.473312593404230819e-02, 7.020440935003974259e-02, 4.813957356244535357e-01
3.643798131073262003e-01, 8.497178849634424991e-02, 7.037246615855784204e-02, 4.802759322377717077e-01
3.650918015780565407e-01, 8.521191543581756178e-02, 7.054182213467480311e-02, 4.791544608514510806e-01
3.658026721230152045e-01, 8.545350667841605796e-02, 7.071247838685967846e-02, 4.780313428117090591e-01
3.665124023419694677e-01, 8.569656211137481605e-02, 7.088443599992495792e-02, 4.769065995467308139e-01
3.672209698164027314e-01, 8.594108158291471899e-02, 7.105769603474157425e-02, 4.757802525659409754e-01
3.679283521108331900e-01, 8.618706490194942560e-02, 7.123225952795500526e-02, 4.746523234592624485e-01
3.686345267741394371e-01, 8.643451183779489455e-02, 7.140812749170236118e-02, 4.735228338963633488e-01
3.693394713408971741e-01, 8.668342211988143420e-02, 7.158530091333062395e-02, 4.723918056258908371e-01
3.700431633327223579e-01, 8.693379543746811156e-02, 7.176378075511627430e-02, 4.712592604746932423e-01
3.707455802596240635e-01, 8.718563143936026993e-02, 7.194356795398573756e-02, 4.701252203470299151e-01
3.714466996213648398e-01, 8.743892973362935028e-02, 7.212466342123743934e-02, 4.689897072237684261e-01
3.721464989088303366e-01, 8.769368988733555748e-02, 7.230706804226487427e-02, 4.678527431615693288e-01
3.728449556054050373e-01, 8.794991142625351033e-02, 7.249078267628139560e-02, 4.667143502920600984e-01
3.735420471883582616e-01, 8.820759383460054226e-02, 7.267580815604583744e-02, 4.655745508209953587e-01
3.742377511302357740e-01, 8.846673655476790243e-02, 7.286214528759020481e-02, 4.644333670274061743e-01
3.749320449002601641e-01, 8.872733898705500999e-02, 7.304979484994811312e-02, 4.632908212627366851e-01
3.756249059657381095e-01, 8.898940048940670589e-02, 7.323875759488548964e-02, 4.621469359499695839e-01
3.763163117934752444e-01, 8.925292037715357174e-02, 7.342903424663214940e-02, 4.610017335827389928e-01
3.770062398511977997e-01, 8.951789792275520463e-02, 7.362062550161550811e-02, 4.598552367244315153e-01
3.776946676089812938e-01, 8.978433235554683645e-02, 7.381353202819555814e-02, 4.587074680072762423e-01
3.783815725406863284e-01, 9.005222286148906186e-02, 7.400775446640155131e-02, 4.575584501314230446e-01
3.790669321254003798e-01, 9.032156858292074431e-02, 7.420329342767077729e-02, 4.564082058640081541e-01
3.797507238488865844e-01, 9.059236861831541920e-02, 7.440014949458853555e-02, 4.552567580382094192e-01
3.804329252050385191e-01, 9.086462202204094452e-02, 7.459832322063042476e-02, 4.541041295522902366e-01
3.811135136973409221e-01, 9.113832780412248202e-02, 7.479781512990606174e-02, 4.529503433686304925e-01
3.817924668403371857e-01, 9.141348493000904518e-02, 7.499862571690514568e-02, 4.517954225127486234e-01
3.824697621611015119e-01, 9.169009232034339152e-02, 7.520075544624484076e-02, 4.506393900723101864e-01
3.831453772007172298e-01, 9.196814885073568979e-02, 7.540420475241979559e-02, 4.494822691961273264e-01
3.838192895157608864e-01, 9.224765335154050394e-02, 7.560897403955350871e-02, 4.483240830931450871e-01
3.844914766797905559e-01, 9.252860460763764894e-02, 7.581506368115251138e-02, 4.471648550314192283e-01
3.851619162848402000e-01, 9.281100135821665487e-02, 7.602247401986182707e-02, 4.460046083370812764e-01
3.858305859429185247e-01, 9.309484229656470045e-02, 7.623120536722320650e-02, 4.448433663932935822e-01
3.864974632875118887e-01, 9.338012606985880704e-02, 7.644125800343522237e-02, 4.436811526391939986e-01
3.871625259750934300e-01, 9.366685127896148821e-02, 7.665263217711561217e-02, 4.425179905688295112e-01
3.878257516866341903e-01, 9.395501647822028513e-02, 7.686532810506592484e-02, 4.413539037300796553e-01
3.884871181291202902e-01, 9.424462017527143742e-02, 7.707934597203854044e-02, 4.401889157235697181e-01
3.891466030370727691e-01, 9.453566083084725957e-02, 7.729468593050586867e-02, 4.390230502015740610e-01
3.898041841740723101e-01, 9.482813685858755559e-02, 7.751134810043204537e-02, 4.378563308669081167e-01
3.904598393342861296e-01, 9.512204662485518325e-02, 7.772933256904691890e-02, 4.366887814718117822e-01
3.911135463439991411e-01, 9.541738844855561508e-02, 7.794863939062270097e-02, 4.355204258168225984e-01
3.917652830631484506e-01, 9.571416060096052392e-02, 7.816926858625282415e-02, 4.343512877496382707e-01
3.924150273868595162e-01, 9.601236130553589265e-02, 7.839122014363372748e-02, 4.331813911639709747e-01
3.930627572469864717e-01, 9.631198873777373215e-02, 7.861449401684876548e-02, 4.320107599983909474e-01
3.937084506136546702e-01, 9.661304102502854541e-02, 7.883909012615507306e-02, 4.308394182351616974e-01
3.943520854968042277e-01, 9.691551624635783013e-02, 7.906500835777292846e-02, 4.296673898990650553e-01
3.949936399477375071e-01, 9.721941243236695285e-02, 7.929224856367779461e-02, 4.284946990562177316e-01
3.956330920606676571e-01, 9.752472756505839446e-02, 7.952081056139521931e-02, 4.273213698128788263e-01
3.962704199742684286e-01, 9.783145957768546452e-02, 7.975069413379827499e-02, 4.261474263142479013e-01
3.969056018732263769e-01, 9.813960635461016491e-02, 7.998189902890809333e-02, 4.249728927432553927e-01
3.975386159897938421e-01, 9.844916573116579972e-02, 8.021442495969689779e-02, 4.237977933193433633e-01
3.981694406053429280e-01, 9.876013549352402610e-02, 8.044827160389415865e-02, 4.226221522972389288e-01
3.987980540519204253e-01, 9.907251337856630424e-02, 8.068343860379560695e-02, 4.214459939657176912e-01
3.994244347138035667e-01, 9.938629707376010758e-02, 8.091992556607506548e-02, 4.202693426463612880e-01
4.000485610290556715e-01, 9.970148421703965702e-02, 8.115773206159949960e-02, 4.190922226923050609e-01
4.006704114910829007e-01, 1.000180723966912349e-01, 8.139685762524682955e-02, 4.179146584869788961e-01
4.012899646501899564e-01, 1.003360591512431621e-01, 8.163730175572689318e-02, 4.167366744428398495e-01
4.019071991151361711e-01, 1.006554419693606039e-01, 8.187906391540554496e-02, 4.155582950000976661e-01
4.025220935546907630e-01, 1.009762182897449290e-01, 8.212214353013176649e-02, 4.143795446254324721e-01
4.031346266991882032e-01, 1.012983855010381185e-01, 8.236653998906806606e-02, 4.132004478107055845e-01
4.037447773420811958e-01, 1.016219409417316172e-01, 8.261225264452390360e-02, 4.120210290716633250e-01
4.043525243414943793e-01, 1.019468819000800552e-01, 8.285928081179237681e-02, 4.108413129466332303e-01
4.049578466217749750e-01, 1.022732056140201740e-01, 8.310762376899025194e-02, 4.096613239952144880e-01
4.055607231750433250e-01, 1.026009092710942483e-01, 8.335728075690115868e-02, 4.084810867969612680e-01
4.061611330627400984e-01, 1.029299900083784219e-01, 8.360825097882199075e-02, 4.073006259500594473e-01
4.067590554171731654e-01, 1.032604449124161911e-01, 8.386053360041309523e-02, 4.061199660699975067e-01
4.073544694430604740e-01, 1.035922710191568008e-01, 8.411412774955111249e-02, 4.049391317882315433e-01
4.079473544190723722e-01, 1.039254653138983187e-01, 8.436903251618602106e-02, 4.037581477508432326e-01
4.085376896993692664e-01, 1.042600247312359535e-01, 8.462524695220080551e-02, 4.025770386171939608e-01
4.091254547151379484e-01, 1.045959461550155373e-01, 8.488277007127528750e-02, 4.013958290585712962e-01
4.097106289761236475e-01, 1.049332264182916974e-01, 8.514160084875285750e-02, 4.002145437568317976e-01
4.102931920721595849e-01, 1.052718623032913581e-01, 8.540173822151131411e-02, 3.990332074030378262e-01
4.108731236746921978e-01, 1.056118505413820297e-01, 8.566318108783653462e-02, 3.978518446960892518e-01
4.114504035383031444e-01, 1.059531878130455795e-01, 8.592592830730028108e-02, 3.966704803413510505e-01
4.120250115022267012e-01, 1.062958707478568326e-01, 8.618997870064142031e-02, 3.954891390492750181e-01
4.125969274918633856e-01, 1.066398959244674316e-01, 8.645533104965058557e-02, 3.943078455340187083e-01
4.131661315202884710e-01, 1.069852598705947622e-01, 8.672198409705868249e-02, 3.931266245120581537e-01
4.137326036897562842e-01, 1.073319590630161802e-01, 8.698993654642910023e-02, 3.919455007007984770e-01
4.142963241931996166e-01, 1.076799899275681510e-01, 8.725918706205337827e-02, 3.907644988171788958e-01
4.148572733157234738e-01, 1.080293488391509127e-01, 8.752973426885059249e-02, 3.895836435762751182e-01
4.154154314360932188e-01, 1.083800321217381485e-01, 8.780157675227082126e-02, 3.884029596898978531e-01
4.159707790282184958e-01, 1.087320360483918502e-01, 8.807471305820187280e-02, 3.872224718651878783e-01
4.165232966626289390e-01, 1.090853568412826352e-01, 8.834914169288025920e-02, 3.860422048032081666e-01
4.170729650079466055e-01, 1.094399906717149762e-01, 8.862486112280559825e-02, 3.848621831975329588e-01
4.176197648323489720e-01, 1.097959336601578156e-01, 8.890186977465892870e-02, 3.836824317328342282e-01
4.181636770050287666e-01, 1.101531818762806758e-01, 8.918016603522499475e-02, 3.825029750834655351e-01
4.187046824976437542e-01, 1.105117313389945427e-01, 8.945974825131815245e-02, 3.813238379120435506e-01
4.192427623857621355e-01, 1.108715780164984538e-01, 8.974061472971231468e-02, 3.801450448680270822e-01
4.197778978502988423e-01, 1.112327178263312483e-01, 9.002276373707483736e-02, 3.789666205862950443e-01
4.203100701789462268e-01, 1.115951466354283134e-01, 9.030619349990400002e-02, 3.777885896857213766e-01
4.208392607675952579e-01, 1.119588602601840205e-01, 9.059090220447071906e-02, 3.766109767677499054e-01
4.213654511217499454e-01, 1.123238544665192268e-01, 9.087688799676407747e-02, 3.754338064149667087e-01
4.218886228579338260e-01, 1.126901249699539531e-01, 9.116414898244071252e-02, 3.742571031896715361e-01
4.224087577050872344e-01, 1.130576674356856826e-01, 9.145268322677822803e-02, 3.730808916324489521e-01
4.229258375059568031e-01, 1.134264774786726687e-01, 9.174248875463276998e-02, 3.719051962607377582e-01
4.234398442184761358e-01, 1.137965506637225177e-01, 9.203356355040027970e-02, 3.707300415674010807e-01
4.239507599171374319e-01, 1.141678825055862656e-01, 9.232590555798181331e-02, 3.695554520192944614e-01
4.244585667943535090e-01, 1.145404684690574659e-01, 9.261951268075309385e-02, 3.683814520558359451e-01
4.249632471618113860e-01, 1.149143039690767171e-01, 9.291438278153775487e-02, 3.672080660875742253e-01
4.254647834518154315e-01, 1.152893843708415467e-01, 9.321051368258477521e-02, 3.660353184947581773e-01
4.259631582186212406e-01, 1.156657049899213613e-01, 9.350790316555024351e-02, 3.648632336259072240e-01
4.264583541397591882e-01, 1.160432610923774754e-01, 9.380654897148245353e-02, 3.636918357963808690e-01
4.269503540173483769e-01, 1.164220478948890525e-01, 9.410644880081170394e-02, 3.625211492869509500e-01
4.274391407793988185e-01, 1.168020605648835142e-01, 9.440760031334381741e-02, 3.613511983423738361e-01
4.279246974811050652e-01, 1.171832942206726957e-01, 9.471000112825801731e-02, 3.601820071699643466e-01
4.284070073061269635e-01, 1.175657439315938996e-01, 9.501364882410835710e-02, 3.590135999381708354e-01
4.288860535678606922e-01, 1.179494047181564864e-01, 9.531854093882981271e-02, 3.578460007751528837e-01
4.293618197106985890e-01, 1.183342715521932265e-01, 9.562467496974819126e-02, 3.566792337673601598e-01
4.298342893112762075e-01, 1.187203393570170351e-01, 9.593204837359382842e-02, 3.555133229581128318e-01
4.303034460797101612e-01, 1.191076030075832182e-01, 9.624065856652003204e-02, 3.543482923461866441e-01
4.307692738608214222e-01, 1.194960573306561163e-01, 9.655050292412489799e-02, 3.531841658843976606e-01
4.312317566353489062e-01, 1.198856971049814535e-01, 9.686157878147784450e-02, 3.520209674781917264e-01
4.316908785211499566e-01, 1.202765170614638474e-01, 9.717388343314968535e-02, 3.508587209842363719e-01
4.321466237743882832e-01, 1.206685118833487058e-01, 9.748741413324721328e-02, 3.496974502090157699e-01
4.325989767907095218e-01, 1.210616762064099516e-01, 9.780216809545157208e-02, 3.485371789074289128e-01
4.330479221064045259e-01, 1.214560046191425907e-01, 9.811814249306084756e-02, 3.473779307813920636e-01
4.334934443995592246e-01, 1.218514916629599570e-01, 9.843533445903672463e-02, 3.462197294784440382e-01
4.339355284911917687e-01, 1.222481318323965643e-01, 9.875374108605532164e-02, 3.450625985903564286e-01
4.343741593463756878e-01, 1.226459195753153431e-01, 9.907335942656179950e-02, 3.439065616517470447e-01
4.348093220753512789e-01, 1.230448492931201787e-01, 9.939418649282927287e-02, 3.427516421386992973e-01
4.352410019346212855e-01, 1.234449153409732519e-01, 9.971621925702175981e-02, 3.415978634673837444e-01
4.356691843280343091e-01, 1.238461120280174299e-01, 1.000394546512612115e-01, 3.404452489926871328e-01
4.360938548078540089e-01, 1.242484336176033904e-01, 1.003638895676983028e-01, 3.392938220068443256e-01
4.365149990758138143e-01, 1.246518743275214780e-01, 1.006895208585876916e-01, 3.381436057380769467e-01
4.369326029841579251e-01, 1.250564283302387780e-01, 1.010163453363671915e-01, 3.369946233492362997e-01
4.373466525366667135e-01, 1.254620897531405765e-01, 1.013443597737404001e-01, 3.358468979364522822e-01
4.377571338896703579e-01, 1.258688526787767048e-01, 1.016735609037642957e-01, 3.347004525277886278e-01
4.381640333530438802e-01, 1.262767111451128244e-01, 1.020039454199401369e-01, 3.335553100819032002e-01
4.385673373911903594e-01, 1.266856591457860282e-01, 1.023355099763084280e-01, 3.324114934867150040e-01
4.389670326240085463e-01, 1.270956906303653544e-01, 1.026682511875482984e-01, 3.312690255580778009e-01
4.393631058278435475e-01, 1.275067995046167968e-01, 1.030021656290802112e-01, 3.301279290384595000e-01
4.397555439364249086e-01, 1.279189796307731442e-01, 1.033372498371730314e-01, 3.289882265956289853e-01
4.401443340417870442e-01, 1.283322248278079558e-01, 1.036735003090549084e-01, 3.278499408213499944e-01
4.405294633951757910e-01, 1.287465288717146439e-01, 1.040109135030281573e-01, 3.267130942300813801e-01
4.409109194079375849e-01, 1.291618854957893026e-01, 1.043494858385879687e-01, 3.255777092576851439e-01
4.412886896523944835e-01, 1.295782883909183947e-01, 1.046892136965447279e-01, 3.244438082601422968e-01
4.416627618627019247e-01, 1.299957312058712122e-01, 1.050300934191509411e-01, 3.233114135122758248e-01
4.420331239356909969e-01, 1.304142075475958618e-01, 1.053721213102311594e-01, 3.221805472064819820e-01
4.423997639316947228e-01, 1.308337109815200516e-01, 1.057152936353162043e-01, 3.210512314514689103e-01
4.427626700753576339e-01, 1.312542350318563755e-01, 1.060596066217812106e-01, 3.199234882710048078e-01
4.431218307564287473e-01, 1.316757731819110933e-01, 1.064050564589872488e-01, 3.187973396026728135e-01
4.434772345305387220e-01, 1.320983188743981018e-01, 1.067516392984268619e-01, 3.176728072966362726e-01
4.438288701199593622e-01, 1.325218655117560429e-01, 1.070993512538732789e-01, 3.165499131144111633e-01
4.441767264143478000e-01, 1.329464064564702397e-01, 1.074481884015334454e-01, 3.154286787276484039e-01
4.445207924714719150e-01, 1.333719350313984364e-01, 1.077981467802046206e-01, 3.143091257169250974e-01
4.448610575179205995e-01, 1.337984445201002848e-01, 1.081492223914345269e-01, 3.131912755705446028e-01
4.451975109497957050e-01, 1.342259281671714377e-01, 1.085014111996859681e-01, 3.120751496833468197e-01
4.455301423333878352e-01, 1.346543791785809463e-01, 1.088547091325037797e-01, 3.109607693555275221e-01
4.458589414058340972e-01, 1.350837907220126533e-01, 1.092091120806862325e-01, 3.098481557914671281e-01
4.461838980757586448e-01, 1.355141559272107499e-01, 1.095646158984600743e-01, 3.087373300985705726e-01
4.465050024238964577e-01, 1.359454678863287191e-01, 1.099212164036586503e-01, 3.076283132861161174e-01
4.468222447036993006e-01, 1.363777196542822201e-01, 1.102789093779037860e-01, 3.065211262641147072e-01
4.471356153419230872e-01, 1.368109042491053029e-01, 1.106376905667912636e-01, 3.054157898421802630e-01
4.474451049392000335e-01, 1.372450146523108150e-01, 1.109975556800795599e-01, 3.043123247284095223e-01
4.477507042705903828e-01, 1.376800438092538048e-01, 1.113585003918821786e-01, 3.032107515282738142e-01
4.480524042861178668e-01, 1.381159846294987559e-01, 1.117205203408630221e-01, 3.021110907435203274e-01
4.483501961112880685e-01, 1.385528299871902069e-01, 1.120836111304360228e-01, 3.010133627710856463e-01
4.486440710475867455e-01, 1.389905727214267861e-01, 1.124477683289670377e-01, 2.999175879020195001e-01
4.489340205729619449e-01, 1.394292056366384092e-01, 1.128129874699795171e-01, 2.988237863204201705e-01
4.492200363422872988e-01, 1.398687215029671971e-01, 1.131792640523641008e-01, 2.977319781023814449e-01
4.495021101878081682e-01, 1.403091130566510025e-01, 1.135465935405900045e-01, 2.966421832149507831e-01
4.497802341195687448e-01, 1.407503730004108500e-01, 1.139149713649210138e-01, 2.955544215150992526e-01
4.500544003258211689e-01, 1.411924940038409571e-01, 1.142843929216340731e-01, 2.944687127487037870e-01
4.503246011734166609e-01, 1.416354687038018922e-01, 1.146548535732408447e-01, 2.933850765495405466e-01
4.505908292081794442e-01, 1.420792897048170633e-01, 1.150263486487126535e-01, 2.923035324382908806e-01
4.508530771552601291e-01, 1.425239495794717037e-01, 1.153988734437086244e-01, 2.912240998215596122e-01
4.511113379194732209e-01, 1.429694408688152452e-01, 1.157724232208064002e-01, 2.901467979909050920e-01
4.513656045856149213e-01, 1.434157560827660216e-01, 1.161469932097364682e-01, 2.890716461218824085e-01
4.516158704187632211e-01, 1.438628877005191653e-01, 1.165225786076188041e-01, 2.879986632730988649e-01
4.518621288645588985e-01, 1.443108281709569451e-01, 1.168991745792029580e-01, 2.869278683852811707e-01
4.521043735494695848e-01, 1.447595699130619917e-01, 1.172767762571109151e-01, 2.858592802803575084e-01
4.523425982810342916e-01, 1.452091053163328815e-01, 1.176553787420825253e-01, 2.847929176605503709e-01
4.525767970480897295e-01, 1.456594267412021915e-01, 1.180349771032241230e-01, 2.837287991074839422e-01
4.528069640209790858e-01, 1.461105265194576897e-01, 1.184155663782598816e-01, 2.826669430813033568e-01
4.530330935517413726e-01, 1.465623969546649419e-01, 1.187971415737853753e-01, 2.816073679198084490e-01
4.532551801742828457e-01, 1.470150303225929433e-01, 1.191796976655247753e-01, 2.805500918375994357e-01
4.534732186045308255e-01, 1.474684188716420541e-01, 1.195632295985899346e-01, 2.794951329252373107e-01
4.536872037405674796e-01, 1.479225548232737109e-01, 1.199477322877421093e-01, 2.784425091484166170e-01
4.538971306627476721e-01, 1.483774303724426369e-01, 1.203332006176570240e-01, 2.773922383471525976e-01
4.541029946337957202e-01, 1.488330376880311612e-01, 1.207196294431914785e-01, 2.763443382349817234e-01
4.543047910988860516e-01, 1.492893689132853696e-01, 1.211070135896530897e-01, 2.752988263981754891e-01
4.545025156857047666e-01, 1.497464161662534210e-01, 1.214953478530722969e-01, 2.742557202949694739e-01
4.546961642044932694e-01, 1.502041715402257227e-01, 1.218846270004767529e-01, 2.732150372548042272e-01
4.548857326480728602e-01, 1.506626271041768550e-01, 1.222748457701680197e-01, 2.721767944775821957e-01
4.550712171918522841e-01, 1.511217749032094104e-01, 1.226659988720009559e-01, 2.711410090329373634e-01
4.552526141938161852e-01, 1.515816069589994985e-01, 1.230580809876647003e-01, 2.701076978595196021e-01
4.554299201944965181e-01, 1.520421152702437495e-01, 1.234510867709666115e-01, 2.690768777642931764e-01
4.556031319169245863e-01, 1.525032918131083715e-01, 1.238450108481179562e-01, 2.680485654218490166e-01
4.557722462665667051e-01, 1.529651285416791795e-01, 1.242398478180217897e-01, 2.670227773737323673e-01
4.559372603312396022e-01, 1.534276173884133454e-01, 1.246355922525633070e-01, 2.659995300277837593e-01
4.560981713810109417e-01, 1.538907502645925907e-01, 1.250322386969014987e-01, 2.649788396574950244e-01
4.562549768680791429e-01, 1.543545190607776008e-01, 1.254297816697637624e-01, 2.639607224013795217e-01
4.564076744266372665e-01, 1.548189156472637995e-01, 1.258282156637416938e-01, 2.629451942623572958e-01
4.565562618727181943e-01, 1.552839318745382613e-01, 1.262275351455892924e-01, 2.619322711071541132e-01
4.567007372040230440e-01, 1.557495595737378447e-01, 1.266277345565227086e-01, 2.609219686657163195e-01
4.568410985997307661e-01, 1.562157905571080474e-01, 1.270288083125221124e-01, 2.599143025306389632e-01
4.569773444202914203e-01, 1.566826166184636104e-01, 1.274307508046352289e-01, 2.589092881566095738e-01
4.571094732072014666e-01, 1.571500295336493158e-01, 1.278335563992824553e-01, 2.579069408598667623e-01
4.572374836827613476e-01, 1.576180210610018395e-01, 1.282372194385639208e-01, 2.569072758176728088e-01
4.573613747498169735e-01, 1.580865829418129920e-01, 1.286417342405681563e-01, 2.559103080678019060e-01
4.574811454914823328e-01, 1.585557069007927644e-01, 1.290470950996822075e-01, 2.549160525080427786e-01
4.575967951708462267e-01, 1.590253846465338461e-01, 1.294532962869033577e-01, 2.539245238957165141e-01
4.577083232306620730e-01, 1.594956078719764470e-01, 1.298603320501525438e-01, 2.529357368472089362e-01
4.578157292930195021e-01, 1.599663682548736754e-01, 1.302681966145889658e-01, 2.519497058375178011e-01
4.579190131590006319e-01, 1.604376574582571935e-01, 1.306768841829263617e-01, 2.509664451998157020e-01
4.580181748083186344e-01, 1.609094671309040103e-01, 1.310863889357503365e-01, 2.499859691250269633e-01
4.581132143989396499e-01, 1.613817889078029144e-01, 1.314967050318373853e-01, 2.490082916614201058e-01
4.582041322666889904e-01, 1.618546144106212115e-01, 1.319078266084747486e-01, 2.480334267142149107e-01
4.582909289248403573e-01, 1.623279352481726001e-01, 1.323197477817821821e-01, 2.470613880452048328e-01
4.583736050636883497e-01, 1.628017430168839375e-01, 1.327324626470340052e-01, 2.460921892723937354e-01
4.584521615501052638e-01, 1.632760293012631703e-01, 1.331459652789829806e-01, 2.451258438696485575e-01
4.585265994270819601e-01, 1.637507856743667944e-01, 1.335602497321851101e-01, 2.441623651663661354e-01
4.585969199132525764e-01, 1.642260036982672866e-01, 1.339753100413251241e-01, 2.432017663471549573e-01
4.586631244024028664e-01, 1.647016749245208134e-01, 1.343911402215435813e-01, 2.422440604515327112e-01
4.587252144629633266e-01, 1.651777908946344686e-01, 1.348077342687643287e-01, 2.412892603736377373e-01
4.587831918374872808e-01, 1.656543431405333722e-01, 1.352250861600232390e-01, 2.403373788619560802e-01
4.588370584421117560e-01, 1.661313231850277683e-01, 1.356431898537974745e-01, 2.393884285190629457e-01
4.588868163660048127e-01, 1.666087225422793749e-01, 1.360620392903360010e-01, 2.384424218013799224e-01
4.589324678707962235e-01, 1.670865327182675941e-01, 1.364816283919903506e-01, 2.374993710189457485e-01
4.589740153899947717e-01, 1.675647452112555558e-01, 1.369019510635465231e-01, 2.365592883352030107e-01
4.590114615283883426e-01, 1.680433515122549959e-01, 1.373230011925572203e-01, 2.356221857667993858e-01
4.590448090614309140e-01, 1.685223431054912180e-01, 1.377447726496748570e-01, 2.346880751834030110e-01
4.590740609346141143e-01, 1.690017114688669719e-01, 1.381672592889852391e-01, 2.337569683075336191e-01
4.590992202628247920e-01, 1.694814480744259999e-01, 1.385904549483414905e-01, 2.328288767144076066e-01
4.591202903296872639e-01, 1.699615443888156663e-01, 1.390143534496987021e-01, 2.319038118317983121e-01
4.591372745868920746e-01, 1.704419918737487272e-01, 1.394389485994489142e-01, 2.309817849399102285e-01
4.591501766535105999e-01, 1.709227819864644893e-01, 1.398642341887564033e-01, 2.300628071712684519e-01
4.591590003152951072e-01, 1.714039061801887476e-01, 1.402902039938935252e-01, 2.291468895106225923e-01
4.591637495239656586e-01, 1.718853559045930290e-01, 1.407168517765766125e-01, 2.282340427948646167e-01
4.591644283964829709e-01, 1.723671226062527262e-01, 1.411441712843022056e-01, 2.273242777129620695e-01
4.591610412143079523e-01, 1.728491977291039261e-01, 1.415721562506835340e-01, 2.264176048059045598e-01
4.591535924226475829e-01, 1.733315727148996288e-01, 1.420008003957873022e-01, 2.255140344666654861e-01
4.591420866296880843e-01, 1.738142390036641616e-01, 1.424300974264700592e-01, 2.246135769401776949e-01
4.591265286058147099e-01, 1.742971880341468438e-01, 1.428600410367151519e-01, 2.237162423233232944e-01
4.591069232828187130e-01, 1.747804112442740976e-01, 1.432906249079695937e-01, 2.228220405649377345e-01
4.590832757530914909e-01, 1.752639000715999207e-01, 1.437218427094807405e-01, 2.219309814658277369e-01
4.590555912688067397e-01, 1.757476459537560820e-01, 1.441536880986331592e-01, 2.210430746788039358e-01
4.590238752410893963e-01, 1.762316403288993472e-01, 1.445861547212850262e-01, 2.201583297087262026e-01
4.589881332391729241e-01, 1.767158746361581489e-01, 1.450192362121046075e-01, 2.192767559125644306e-01
4.589483709895442187e-01, 1.772003403160775648e-01, 1.454529261949066565e-01, 2.183983624994714767e-01
4.589045943750775236e-01, 1.776850288110626286e-01, 1.458872182829885067e-01, 2.175231585308714244e-01
4.588568094341548553e-01, 1.781699315658196170e-01, 1.463221060794653028e-01, 2.166511529205601971e-01
4.588050223597768817e-01, 1.786550400277964190e-01, 1.467575831776061490e-01, 2.157823544348206612e-01
4.587492394986609767e-01, 1.791403456476203526e-01, 1.471936431611684526e-01, 2.149167716925502736e-01
4.586894673503288944e-01, 1.796258398795345657e-01, 1.476302796047330168e-01, 2.140544131654035509e-01
4.586257125661830081e-01, 1.801115141818326326e-01, 1.480674860740381349e-01, 2.131952871779461967e-01
4.585579819485721131e-01, 1.805973600172910976e-01, 1.485052561263131288e-01, 2.123394019078237716e-01
4.584862824498459055e-01, 1.810833688535998520e-01, 1.489435833106115548e-01, 2.114867653859427710e-01
4.584106211713998014e-01, 1.815695321637911253e-01, 1.493824611681439929e-01, 2.106373854966650805e-01
4.583310053627089320e-01, 1.820558414266660874e-01, 1.498218832326098371e-01, 2.097912699780152823e-01
4.582474424203515917e-01, 1.825422881272189268e-01, 1.502618430305285580e-01, 2.089484264219009513e-01
4.581599398870243034e-01, 1.830288637570596788e-01, 1.507023340815706047e-01, 2.081088622743454131e-01
4.580685054505451714e-01, 1.835155598148343337e-01, 1.511433498988869750e-01, 2.072725848357335199e-01
4.579731469428487967e-01, 1.840023678066425861e-01, 1.515848839894386735e-01, 2.064396012610698328e-01
4.578738723389719767e-01, 1.844892792464538911e-01, 1.520269298543247827e-01, 2.056099185602492940e-01
4.577706897560290256e-01, 1.849762856565206892e-01, 1.524694809891101455e-01, 2.047835435983401675e-01
4.576636074521794328e-01, 1.854633785677895219e-01, 1.529125308841517705e-01, 2.039604830958794135e-01
4.575526338255854752e-01, 1.859505495203098435e-01, 1.533560730249244886e-01, 2.031407436291800817e-01
4.574377774133626118e-01, 1.864377900636403906e-01, 1.538001008923461366e-01, 2.023243316306508888e-01
4.573190468905193318e-01, 1.869250917572525539e-01, 1.542446079631005773e-01, 2.015112533891275370e-01
4.571964510688907857e-01, 1.874124461709323619e-01, 1.546895877099609962e-01, 2.007015150502159673e-01
4.570699988960629234e-01, 1.878998448851786629e-01, 1.551350336021111442e-01, 1.998951226166471862e-01
4.569396994542895274e-01, 1.883872794916000293e-01, 1.555809391054661373e-01, 1.990920819486443338e-01
4.568055619594008077e-01, 1.888747415933075269e-01, 1.560272976829916169e-01, 1.982923987642999930e-01
4.566675957597050028e-01, 1.893622228053065404e-01, 1.564741027950222740e-01, 1.974960786399661272e-01
4.565258103348823204e-01, 1.898497147548845743e-01, 1.569213478995785949e-01, 1.967031270106545104e-01
4.563802152948721047e-01, 1.903372090819967499e-01, 1.573690264526828031e-01, 1.959135491704483145e-01
4.562308203787519556e-01, 1.908246974396492490e-01, 1.578171319086733027e-01, 1.951273502729255760e-01
4.560776354536115185e-01, 1.913121714942784823e-01, 1.582656577205180659e-01, 1.943445353315919333e-01
4.559206705134186688e-01, 1.917996229261292873e-01, 1.587145973401263288e-01, 1.935651092203257151e-01
4.557599356778794242e-01, 1.922870434296285180e-01, 1.591639442186591202e-01, 1.927890766738328265e-01
4.555954411912915836e-01, 1.927744247137571920e-01, 1.596136918068387367e-01, 1.920164422881125155e-01
4.554271974213927043e-01, 1.932617585024186679e-01, 1.600638335552558023e-01, 1.912472105209328532e-01
4.552552148582015845e-01, 1.937490365348046584e-01, 1.605143629146761897e-01, 1.904813856923176230e-01
4.550795041128545826e-01, 1.942362505657578009e-01, 1.609652733363453603e-01, 1.897189719850422562e-01
4.549000759164363861e-01, 1.947233923661315091e-01, 1.614165582722916492e-01, 1.889599734451404556e-01
4.547169411188047849e-01, 1.952104537231465486e-01, 1.618682111756281627e-01, 1.882043939824203649e-01
4.545301106874114483e-01, 1.956974264407450592e-01, 1.623202255008527328e-01, 1.874522373709906764e-01
4.543395957061163171e-01, 1.961843023399408303e-01, 1.627725947041465393e-01, 1.867035072497961745e-01
4.541454073739992769e-01, 1.966710732591668287e-01, 1.632253122436707615e-01, 1.859582071231629941e-01
4.539475570041645036e-01, 1.971577310546201167e-01, 1.636783715798623140e-01, 1.852163403613530657e-01
4.537460560225429207e-01, 1.976442676006024135e-01, 1.641317661757268898e-01, 1.844779102011277205e-01
4.535409159666895507e-01, 1.981306747898588794e-01, 1.645854894971310600e-01, 1.837429197463205932e-01
4.533321484845756477e-01, 1.986169445339125428e-01, 1.650395350130923200e-01, 1.830113719684194340e-01
4.531197653333793873e-01, 1.991030687633963125e-01, 1.654938961960677468e-01, 1.822832697071564978e-01
4.529037783782706716e-01, 1.995890394283814651e-01, 1.659485665222399653e-01, 1.815586156711079813e-01
4.526841995911931593e-01, 2.000748484987026343e-01, 1.664035394718025584e-01, 1.808374124383017312e-01
4.524610410496437418e-01, 2.005604879642801652e-01, 1.668588085292426193e-01, 1.801196624568334737e-01
4.522343149354483005e-01, 2.010459498354385255e-01, 1.673143671836219704e-01, 1.794053680454912314e-01
4.520040335335335224e-01, 2.015312261432219421e-01, 1.677702089288563847e-01, 1.786945313943881786e-01
4.517702092306980499e-01, 2.020163089397061518e-01, 1.682263272639928642e-01, 1.779871545656029064e-01
4.515328545143789118e-01, 2.025011902983076539e-01, 1.686827156934851413e-01, 1.772832394938282097e-01
4.512919819714172887e-01, 2.029858623140885499e-01, 1.691393677274669050e-01, 1.765827879870272010e-01
4.510476042868203916e-01, 2.034703171040588565e-01, 1.695962768820236943e-01, 1.758858017270971408e-01
4.507997342425224541e-01, 2.039545468074750734e-01, 1.700534366794619612e-01, 1.751922822705404281e-01
4.505483847161438349e-01, 2.044385435861355294e-01, 1.705108406485768835e-01, 1.745022310491436690e-01
4.502935686797471804e-01, 2.049222996246722051e-01, 1.709684823249179586e-01, 1.738156493706627392e-01
4.500352991985930307e-01, 2.054058071308388356e-01, 1.714263552510520983e-01, 1.731325384195159522e-01
4.497735894298945936e-01, 2.058890583357964321e-01, 1.718844529768252527e-01, 1.724528992574837494e-01
4.495084526215690768e-01, 2.063720454943942517e-01, 1.723427690596219530e-01, 1.717767328244148017e-01
4.492399021109903523e-01, 2.068547608854484077e-01, 1.728012970646221336e-01, 1.711040399389390787e-01
4.489679513237398445e-01, 2.073371968120160946e-01, 1.732600305650566774e-01, 1.704348212991874112e-01
4.486926137723559194e-01, 2.078193456016668161e-01, 1.737189631424600200e-01, 1.697690774835171612e-01
4.484139030550837179e-01, 2.083011996067504201e-01, 1.741780883869215035e-01, 1.691068089512443029e-01
4.481318328546243790e-01, 2.087827512046606382e-01, 1.746373998973337061e-01, 1.684480160433814433e-01
4.478464169368832071e-01, 2.092639927980960990e-01, 1.750968912816391609e-01, 1.677926989833815885e-01
4.475576691497193393e-01, 2.097449168153177057e-01, 1.755565561570747446e-01, 1.671408578778882104e-01
4.472656034216938026e-01, 2.102255157104020167e-01, 1.760163881504138716e-01, 1.664924927174901981e-01
4.469702337608190690e-01, 2.107057819634914897e-01, 1.764763808982064697e-01, 1.658476033774830549e-01
4.466715742533076128e-01, 2.111857080810408960e-01, 1.769365280470165391e-01, 1.652061896186348688e-01
4.463696390623232424e-01, 2.116652865960608476e-01, 1.773968232536579925e-01, 1.645682510879578342e-01
4.460644424267302677e-01, 2.121445100683571616e-01, 1.778572601854276902e-01, 1.639337873194848527e-01
4.457559986598459978e-01, 2.126233710847667824e-01, 1.783178325203365888e-01, 1.633027977350506865e-01
4.454443221481926285e-01, 2.131018622593904843e-01, 1.787785339473383361e-01, 1.626752816450784678e-01
4.451294273502515164e-01, 2.135799762338219110e-01, 1.792393581665559787e-01, 1.620512382493706216e-01
4.448113287952171757e-01, 2.140577056773728393e-01, 1.797002988895058384e-01, 1.614306666379040633e-01
4.444900410817546610e-01, 2.145350432872952517e-01, 1.801613498393197510e-01, 1.608135657916305306e-01
4.441655788767562285e-01, 2.150119817889994955e-01, 1.806225047509642523e-01, 1.601999345832799682e-01
4.438379569141024383e-01, 2.154885139362696655e-01, 1.810837573714582371e-01, 1.595897717781695202e-01
4.435071899934225903e-01, 2.159646325114742971e-01, 1.815451014600877599e-01, 1.589830760350152694e-01
4.431732929788586017e-01, 2.164403303257745048e-01, 1.820065307886184758e-01, 1.583798459067484732e-01
4.428362807978304394e-01, 2.169156002193282362e-01, 1.824680391415060277e-01, 1.577800798413352412e-01
4.424961684398047712e-01, 2.173904350614908054e-01, 1.829296203161042134e-01, 1.571837761826002100e-01
4.421529709550643950e-01, 2.178648277510125131e-01, 1.833912681228701547e-01, 1.565909331710530761e-01
4.418067034534814974e-01, 2.183387712162318250e-01, 1.838529763855678845e-01, 1.560015489447188208e-01
4.414573811032936890e-01, 2.188122584152659977e-01, 1.843147389414690474e-01, 1.554156215399711549e-01
4.411050191298817591e-01, 2.192852823361977066e-01, 1.847765496415514908e-01, 1.548331488923691268e-01
4.407496328145512621e-01, 2.197578359972578443e-01, 1.852384023506950805e-01, 1.542541288374958408e-01
4.403912374933169338e-01, 2.202299124470057379e-01, 1.857002909478760178e-01, 1.536785591118013383e-01
4.400298485556904393e-01, 2.207015047645049244e-01, 1.861622093263577415e-01, 1.531064373534468948e-01
4.396654814434707292e-01, 2.211726060594962628e-01, 1.866241513938802776e-01, 1.525377611031527303e-01
4.392981516495392813e-01, 2.216432094725666602e-01, 1.870861110728464505e-01, 1.519725278050476081e-01
4.389278747166571182e-01, 2.221133081753153549e-01, 1.875480823005065134e-01, 1.514107348075209580e-01
4.385546662362671544e-01, 2.225828953705160651e-01, 1.880100590291397811e-01, 1.508523793640770549e-01
4.381785418472987637e-01, 2.230519642922755841e-01, 1.884720352262341247e-01, 1.502974586341914442e-01
4.377995172349780639e-01, 2.235205082061897941e-01, 1.889340048746630529e-01, 1.497459696841690613e-01
4.374176081296405338e-01, 2.239885204094950177e-01, 1.893959619728603494e-01, 1.491979094880042100e-01
4.370328303055484032e-01, 2.244559942312170930e-01, 1.898579005349922411e-01, 1.486532749282422905e-01
4.366451995797129837e-01, 2.249229230323164797e-01, 1.903198145911276506e-01, 1.481120627968429138e-01
4.362547318107203309e-01, 2.253893002058297013e-01, 1.907816981874053408e-01, 1.475742697960446270e-01
4.358614428975617905e-01, 2.258551191770082622e-01, 1.912435453861990320e-01, 1.470398925392310263e-01
4.354653487784690968e-01, 2.263203734034532899e-01, 1.917053502662803000e-01, 1.465089275517973133e-01
4.350664654297542455e-01, 2.267850563752474569e-01, 1.921671069229788364e-01, 1.459813712720195167e-01
4.346648088646539732e-01, 2.272491616150830174e-01, 1.926288094683404062e-01, 1.454572200519226310e-01
4.342603951321792888e-01, 2.277126826783871794e-01, 1.930904520312821671e-01, 1.449364701581512260e-01
4.338532403159698903e-01, 2.281756131534435073e-01, 1.935520287577462695e-01, 1.444191177728402220e-01
4.334433605331531880e-01, 2.286379466615104661e-01, 1.940135338108503749e-01, 1.439051589944860265e-01
4.330307719332094907e-01, 2.290996768569363018e-01, 1.944749613710358982e-01, 1.433945898388182261e-01
4.326154906968417979e-01, 2.295607974272710627e-01, 1.949363056362147240e-01, 1.428874062396723876e-01
4.321975330348507560e-01, 2.300213020933750963e-01, 1.953975608219120919e-01, 1.423836040498621114e-01
4.317769151870154976e-01, 2.304811846095242145e-01, 1.958587211614084000e-01, 1.418831790420518602e-01
4.313536534209800322e-01, 2.309404387635120293e-01, 1.963197809058781496e-01, 1.413861269096298723e-01
4.309277640311446333e-01, 2.313990583767486786e-01, 1.967807343245262797e-01, 1.408924432675804361e-01
4.304992633375637201e-01, 2.318570373043565280e-01, 1.972415757047227269e-01, 1.404021236533569972e-01
4.300681676848491231e-01, 2.323143694352624855e-01, 1.977022993521342364e-01, 1.399151635277540440e-01
4.296344934410791239e-01, 2.327710486922879018e-01, 1.981628995908538415e-01, 1.394315582757791883e-01
4.291982569967133787e-01, 2.332270690322339746e-01, 1.986233707635283452e-01, 1.389513032075244958e-01
4.287594747635142811e-01, 2.336824244459655142e-01, 1.990837072314827760e-01, 1.384743935590375397e-01
4.283181631734742090e-01, 2.341371089584906862e-01, 1.995439033748437341e-01, 1.380008244931914263e-01
4.278743386777488222e-01, 2.345911166290376160e-01, 2.000039535926591561e-01, 1.375305911005544612e-01
4.274280177455963559e-01, 2.350444415511286911e-01, 2.004638523030162212e-01, 1.370636884002585654e-01
4.269792168633242957e-01, 2.354970778526510322e-01, 2.009235939431577300e-01, 1.366001113408668588e-01
4.265279525332407728e-01, 2.359490196959242447e-01, 2.013831729695946815e-01, 1.361398548012402732e-01
4.260742412726138961e-01, 2.364002612777652557e-01, 2.018425838582178777e-01, 1.356829135914029705e-01
4.256180996126368576e-01, 2.368507968295499866e-01, 2.023018211044068926e-01, 1.352292824534062909e-01
4.251595440973998108e-01, 2.373006206172721122e-01, 2.027608792231364310e-01, 1.347789560621918126e-01
4.246985912828679655e-01, 2.377497269415989323e-01, 2.032197527490806344e-01, 1.343319290264524402e-01
4.242352577358677324e-01, 2.381981101379243571e-01, 2.036784362367154710e-01, 1.338881958894924118e-01
4.237695600330773638e-01, 2.386457645764186453e-01, 2.041369242604185452e-01, 1.334477511300854180e-01
4.233015147600267536e-01, 2.390926846620756718e-01, 2.045952114145664913e-01, 1.330105891633310833e-01
4.228311385101024000e-01, 2.395388648347572536e-01, 2.050532923136306473e-01, 1.325767043415096436e-01
4.223584478835603062e-01, 2.399842995692343661e-01, 2.055111615922703971e-01, 1.321460909549349028e-01
4.218834594865452647e-01, 2.404289833752257799e-01, 2.059688139054239586e-01, 1.317187432328049967e-01
4.214061899301175806e-01, 2.408729107974338923e-01, 2.064262439283973127e-01, 1.312946553440512698e-01
4.209266558292863447e-01, 2.413160764155776461e-01, 2.068834463569510229e-01, 1.308738213981848753e-01
4.204448738020509224e-01, 2.417584748444229215e-01, 2.073404159073848063e-01, 1.304562354461413498e-01
4.199608604684478275e-01, 2.422001007338097367e-01, 2.077971473166196348e-01, 1.300418914811228011e-01
4.194746324496066436e-01, 2.426409487686773947e-01, 2.082536353422781428e-01, 1.296307834394376524e-01
4.189862063668123304e-01, 2.430810136690865764e-01, 2.087098747627630091e-01, 1.292229052013381119e-01
4.184955988405741900e-01, 2.435202901902384365e-01, 2.091658603773323966e-01, 1.288182505918549492e-01
4.180028264897037715e-01, 2.439587731224917011e-01, 2.096215870061744202e-01, 1.284168133816300239e-01
4.175079059303988815e-01, 2.443964572913769895e-01, 2.100770494904786456e-01, 1.280185872877454556e-01
4.170108537753351996e-01, 2.448333375576081106e-01, 2.105322426925058943e-01, 1.276235659745507123e-01
4.165116866327658318e-01, 2.452694088170912501e-01, 2.109871614956559116e-01, 1.272317430544868955e-01
4.160104211056278589e-01, 2.457046660009315486e-01, 2.114418008045331199e-01, 1.268431120889074448e-01
4.155070737906566003e-01, 2.461391040754367376e-01, 2.118961555450100953e-01, 1.264576665888966500e-01
4.150016612775073721e-01, 2.465727180421189990e-01, 2.123502206642889356e-01, 1.260754000160846655e-01
4.144942001478851279e-01, 2.470055029376936884e-01, 2.128039911309613230e-01, 1.256963057834599440e-01
4.139847069746807051e-01, 2.474374538340759488e-01, 2.132574619350654788e-01, 1.253203772561777285e-01
4.134731983211163975e-01, 2.478685658383751045e-01, 2.137106280881423126e-01, 1.249476077523662548e-01
4.129596907398971339e-01, 2.482988340928856952e-01, 2.141634846232884359e-01, 1.245779905439287905e-01
4.124442007723712056e-01, 2.487282537750774569e-01, 2.146160265952082036e-01, 1.242115188573431339e-01
4.119267449476972098e-01, 2.491568200975821656e-01, 2.150682490802634517e-01, 1.238481858744572561e-01
4.114073397820199318e-01, 2.495845283081778998e-01, 2.155201471765207932e-01, 1.234879847332812641e-01
4.108860017776532203e-01, 2.500113736897720540e-01, 2.159717160037980532e-01, 1.231309085287767141e-01
4.103627474222701355e-01, 2.504373515603807165e-01, 2.164229507037079003e-01, 1.227769503136412199e-01
4.098375931881027556e-01, 2.508624572731070201e-01, 2.168738464396997856e-01, 1.224261030990904525e-01
4.093105555311472021e-01, 2.512866862161163284e-01, 2.173243983971005489e-01, 1.220783598556358235e-01
4.087816508903788781e-01, 2.517100338126100900e-01, 2.177746017831523606e-01, 1.217337135138586296e-01
4.082508956869735917e-01, 2.521324955207964735e-01, 2.182244518270494427e-01, 1.213921569651803950e-01
4.077183063235378935e-01, 2.525540668338598915e-01, 2.186739437799727070e-01, 1.210536830626294941e-01
4.071838991833464649e-01, 2.529747432799274720e-01, 2.191230729151224799e-01, 1.207182846216036526e-01
4.066476906295871108e-01, 2.533945204220344194e-01, 2.195718345277498096e-01, 1.203859544206286186e-01
4.061096970046152443e-01, 2.538133938580862670e-01, 2.200202239351854161e-01, 1.200566852021131420e-01
4.055699346292135354e-01, 2.542313592208197415e-01, 2.204682364768674740e-01, 1.197304696730991241e-01
4.050284198018621606e-01, 2.546484121777614629e-01, 2.209158675143673978e-01, 1.194073005060088261e-01
4.044851687980149935e-01, 2.550645484311844791e-01, 2.213631124314136001e-01, 1.190871703393869413e-01
4.039401978693841766e-01, 2.554797637180628023e-01, 2.218099666339140574e-01, 1.187700717786390192e-01
4.033935232432333540e-01, 2.558940538100244466e-01, 2.222564255499766273e-01, 1.184559973967655028e-01
4.028451611216776751e-01, 2.563074145133019677e-01, 2.227024846299284766e-01, 1.181449397350918390e-01
4.022951276809920707e-01, 2.567198416686813922e-01, 2.231481393463327079e-01, 1.178368913039938431e-01
4.017434390709276326e-01, 2.571313311514490940e-01, 2.235933851940042905e-01, 1.175318445836188719e-01
4.011901114140355440e-01, 2.575418788713371154e-01, 2.240382176900239941e-01, 1.172297920246031522e-01
4.006351608049991131e-01, 2.579514807724664349e-01, 2.244826323737507956e-01, 1.169307260487837119e-01
4.000786033099729688e-01, 2.583601328332880143e-01, 2.249266248068321206e-01, 1.166346390499069380e-01
3.995204549659314153e-01, 2.587678310665233461e-01, 2.253701905732134469e-01, 1.163415233943318888e-01
3.989607317800232256e-01, 2.591745715191015598e-01, 2.258133252791456602e-01, 1.160513714217294573e-01
3.983994497289352621e-01, 2.595803502720964717e-01, 2.262560245531911596e-01, 1.157641754457771760e-01
3.978366247582631465e-01, 2.599851634406600276e-01, 2.266982840462279658e-01, 1.154799277548488046e-01
3.972722727818904787e-01, 2.603890071739563550e-01, 2.271400994314528854e-01, 1.151986206127001283e-01
3.967064096813753826e-01, 2.607918776550920414e-01, 2.275814664043829816e-01, 1.149202462591496221e-01
3.961390513053444362e-01, 2.611937711010459129e-01, 2.280223806828550470e-01, 1.146447969107545622e-01
3.955702134688957594e-01, 2.615946837625971466e-01, 2.284628380070244658e-01, 1.143722647614825449e-01
3.949999119530083203e-01, 2.619946119242514415e-01, 2.289028341393619381e-01, 1.141026419833783834e-01
3.944281625039595673e-01, 2.623935519041658004e-01, 2.293423648646488733e-01, 1.138359207272258561e-01
3.938549808327512225e-01, 2.627915000540718693e-01, 2.297814259899716716e-01, 1.135720931232053060e-01
3.932803826145420678e-01, 2.631884527591975553e-01, 2.302200133447142028e-01, 1.133111512815460631e-01
3.927043834880890594e-01, 2.635844064381874241e-01, 2.306581227805493128e-01, 1.130530872931742037e-01
3.921269990551952134e-01, 2.639793575430213202e-01, 2.310957501714281659e-01, 1.127978932303553283e-01
3.915482448801660409e-01, 2.643733025589318220e-01, 2.315328914135691696e-01, 1.125455611473329259e-01
3.909681364892735322e-01, 2.647662380043200314e-01, 2.319695424254450689e-01, 1.122960830809612981e-01
3.903866893702270247e-01, 2.651581604306703088e-01, 2.324056991477686518e-01, 1.120494510513341258e-01
3.898039189716520081e-01, 2.655490664224630093e-01, 2.328413575434770122e-01, 1.118056570624078455e-01
3.892198407025772577e-01, 2.659389525970871637e-01, 2.332765135977152571e-01, 1.115646931026202521e-01
3.886344699319280727e-01, 2.663278156047498291e-01, 2.337111633178179104e-01, 1.113265511455041323e-01
3.880478219880281743e-01, 2.667156521283862158e-01, 2.341453027332897618e-01, 1.110912231502959313e-01
3.874599121581084327e-01, 2.671024588835669289e-01, 2.345789278957851054e-01, 1.108587010625394359e-01
3.868707556878236975e-01, 2.674882326184053194e-01, 2.350120348790861458e-01, 1.106289768146848651e-01
3.862803677807761238e-01, 2.678729701134621166e-01, 2.354446197790793227e-01, 1.104020423266823536e-01
3.856887635980470463e-01, 2.682566681816503928e-01, 2.358766787137317744e-01, 1.101778895065708974e-01
3.850959582577346274e-01, 2.686393236681379193e-01, 2.363082078230651084e-01, 1.099565102510622339e-01
3.845019668345011077e-01, 2.690209334502497440e-01, 2.367392032691292836e-01, 1.097378964461197398e-01
3.839068043591251644e-01, 2.694014944373684384e-01, 2.371696612359744105e-01, 1.095220399675319728e-01
3.833104858180627628e-01, 2.697810035708336773e-01, 2.375995779296216359e-01, 1.093089326814818130e-01
3.827130261530148903e-01, 2.701594578238411537e-01, 2.380289495780338604e-01, 1.090985664451100401e-01
3.821144402605027302e-01, 2.705368542013396049e-01, 2.384577724310834868e-01, 1.088909331070739978e-01
3.815147429914499400e-01, 2.709131897399276734e-01, 2.388860427605207781e-01, 1.086860245081015947e-01
3.809139491507717579e-01, 2.712884615077485462e-01, 2.393137568599401077e-01, 1.084838324815396299e-01
3.803120734969717143e-01, 2.716626666043851501e-01, 2.397409110447456804e-01, 1.082843488538974969e-01
3.797091307417451156e-01, 2.720358021607529597e-01, 2.401675016521159778e-01, 1.080875654453859053e-01
3.791051355495899111e-01, 2.724078653389926385e-01, 2.405935250409671766e-01, 1.078934740704502182e-01
3.785001025374241101e-01, 2.727788533323613485e-01, 2.410189775919156785e-01, 1.077020665382988907e-01
3.778940462742103601e-01, 2.731487633651233926e-01, 2.414438557072392244e-01, 1.075133346534269813e-01
3.772869812805879075e-01, 2.735175926924399148e-01, 2.418681558108378982e-01, 1.073272702161344183e-01
3.766789220285106099e-01, 2.738853386002573775e-01, 2.422918743481928538e-01, 1.071438650230392003e-01
3.760698829408927746e-01, 2.742519984051958737e-01, 2.427150077863254041e-01, 1.069631108675859199e-01
3.754598783912611593e-01, 2.746175694544357171e-01, 2.431375526137545262e-01, 1.067849995405486113e-01
3.748489227034137450e-01, 2.749820491256040889e-01, 2.435595053404531196e-01, 1.066095228305290327e-01
3.742370301510858921e-01, 2.753454348266600737e-01, 2.439808624978041518e-01, 1.064366725244498962e-01
3.736242149576224914e-01, 2.757077239957798076e-01, 2.444016206385551115e-01, 1.062664404080425340e-01
3.730104912956573315e-01, 2.760689141012398484e-01, 2.448217763367723232e-01, 1.060988182663303442e-01
3.723958732867990173e-01, 2.764290026413007695e-01, 2.452413261877937067e-01, 1.059337978841066175e-01
3.717803750013227160e-01, 2.767879871440890316e-01, 2.456602668081810104e-01, 1.057713710464071866e-01
3.711640104578699528e-01, 2.771458651674795215e-01, 2.460785948356714881e-01, 1.056115295389789266e-01
3.705467936231536252e-01, 2.775026342989759254e-01, 2.464963069291281894e-01, 1.054542651487422739e-01
3.699287384116698996e-01, 2.778582921555912688e-01, 2.469133997684895832e-01, 1.052995696642492485e-01
3.693098586854168808e-01, 2.782128363837279017e-01, 2.473298700547188478e-01, 1.051474348761364253e-01
3.686901682536189995e-01, 2.785662646590563729e-01, 2.477457145097518021e-01, 1.049978525775729088e-01
3.680696808724586711e-01, 2.789185746863939164e-01, 2.481609298764442806e-01, 1.048508145647030765e-01
3.674484102448133394e-01, 2.792697641995827151e-01, 2.485755129185188983e-01, 1.047063126370850056e-01
3.668263700199991817e-01, 2.796198309613668886e-01, 2.489894604205108719e-01, 1.045643385981230578e-01
3.662035737935212532e-01, 2.799687727632694245e-01, 2.494027691877131470e-01, 1.044248842554961615e-01
3.655800351068294041e-01, 2.803165874254684442e-01, 2.498154360461211643e-01, 1.042879414215811817e-01
3.649557674470805813e-01, 2.806632727966728025e-01, 2.502274578423758777e-01, 1.041535019138707246e-01
3.643307842469074020e-01, 2.810088267539979090e-01, 2.506388314437078546e-01, 1.040215575553869176e-01
3.637050988841920574e-01, 2.813532472028396625e-01, 2.510495537378787945e-01, 1.038921001750894718e-01
3.630787246818472092e-01, 2.816965320767494396e-01, 2.514596216331238532e-01, 1.037651216082796091e-01
3.624516749076016620e-01, 2.820386793373076961e-01, 2.518690320580923014e-01, 1.036406136969982711e-01
3.618239627737936392e-01, 2.823796869739972903e-01, 2.522777819617884609e-01, 1.035185682904205678e-01
3.611956014371678347e-01, 2.827195530040768068e-01, 2.526858683135111971e-01, 1.033989772452441475e-01
3.605666039986801241e-01, 2.830582754724528249e-01, 2.530932881027933568e-01, 1.032818324260737219e-01
3.599369835033069953e-01, 2.833958524515522992e-01, 2.535000383393401502e-01, 1.031671257058004859e-01
3.593067529398609183e-01, 2.837322820411947721e-01, 2.539061160529677563e-01, 1.030548489659764977e-01
3.586759252408118215e-01, 2.840675623684635331e-01, 2.543115182935402063e-01, 1.029449940971844529e-01
3.580445132821135634e-01, 2.844016915875766105e-01, 2.547162421309069336e-01, 1.028375529994029897e-01
3.574125298830364006e-01, 2.847346678797583186e-01, 2.551202846548386582e-01, 1.027325175823666503e-01
3.567799878060051166e-01, 2.850664894531093063e-01, 2.555236429749636606e-01, 1.026298797659217915e-01
3.561468997564424810e-01, 2.853971545424771605e-01, 2.559263142207030550e-01, 1.025296314803773173e-01
3.555132783826175924e-01, 2.857266614093262325e-01, 2.563282955412054531e-01, 1.024317646668506249e-01
3.548791362755009393e-01, 2.860550083416075751e-01, 2.567295841052817384e-01, 1.023362712776097055e-01
3.542444859686236236e-01, 2.863821936536282142e-01, 2.571301771013385085e-01, 1.022431432764095149e-01
3.536093399379425239e-01, 2.867082156859210307e-01, 2.575300717373119608e-01, 1.021523726388243597e-01
3.529737106017106218e-01, 2.870330728051132541e-01, 2.579292652406004471e-01, 1.020639513525758296e-01
3.523376103203519349e-01, 2.873567634037954566e-01, 2.583277548579972493e-01, 1.019778714178553730e-01
3.517010513963432783e-01, 2.876792859003908243e-01, 2.587255378556226892e-01, 1.018941248476431943e-01
3.510640460740990787e-01, 2.880006387390232070e-01, 2.591226115188557388e-01, 1.018127036680221420e-01
3.504266065398625729e-01, 2.883208203893852795e-01, 2.595189731522651311e-01, 1.017335999184869610e-01
3.497887449216020572e-01, 2.886398293466078124e-01, 2.599146200795406925e-01, 1.016568056522494101e-01
3.491504732889112450e-01, 2.889576641311267791e-01, 2.603095496434232881e-01, 1.015823129365386185e-01
3.485118036529157304e-01, 2.892743232885518490e-01, 2.607037592056352659e-01, 1.015101138528972935e-01
3.478727479661829491e-01, 2.895898053895343272e-01, 2.610972461468099581e-01, 1.014402004974728072e-01
3.472333181226386900e-01, 2.899041090296347600e-01, 2.614900078664215144e-01, 1.013725649813050356e-01
3.465935259574870475e-01, 2.902172328291910963e-01, 2.618820417827135150e-01, 1.013071994306085077e-01
3.459533832471352599e-01, 2.905291754331860155e-01, 2.622733453326276942e-01, 1.012440959870510720e-01
3.453129017091243758e-01, 2.908399355111147555e-01, 2.626639159717326644e-01, 1.011832468080281350e-01
3.446720930020632512e-01, 2.911495117568527746e-01, 2.630537511741518064e-01, 1.011246440669320845e-01
3.440309687255677651e-01, 2.914579028885233014e-01, 2.634428484324909392e-01, 1.010682799534179388e-01
3.433895404202046975e-01, 2.917651076483647188e-01, 2.638312052577662103e-01, 1.010141466736644983e-01
3.427478195674396599e-01, 2.920711248025985030e-01, 2.642188191793304886e-01, 1.009622364506312098e-01
3.421058175895906328e-01, 2.923759531412967738e-01, 2.646056877448015876e-01, 1.009125415243110196e-01
3.414635458497838338e-01, 2.926795914782495123e-01, 2.649918085199876039e-01, 1.008650541519788557e-01
3.408210156519166367e-01, 2.929820386508328323e-01, 2.653771790888144744e-01, 1.008197666084358624e-01
3.401782382406225991e-01, 2.932832935198761426e-01, 2.657617970532513696e-01, 1.007766711862498887e-01
3.395352248012414864e-01, 2.935833549695301969e-01, 2.661456600332369749e-01, 1.007357601959912724e-01
3.388919864597946252e-01, 2.938822219071348107e-01, 2.665287656666054938e-01, 1.006970259664650563e-01
3.382485342829625319e-01, 2.941798932630869667e-01, 2.669111116090116531e-01, 1.006604608449389177e-01
3.376048792780682595e-01, 2.944763679907086429e-01, 2.672926955338563171e-01, 1.006260571973668916e-01
3.369610323930641860e-01, 2.947716450661145293e-01, 2.676735151322119366e-01, 1.005938074086094314e-01
3.363170045165226885e-01, 2.950657234880811330e-01, 2.680535681127468317e-01, 1.005637038826493052e-01
3.356728064776315357e-01, 2.953586022779146059e-01, 2.684328522016505292e-01, 1.005357390428033293e-01
3.350284490461924447e-01, 2.956502804793188499e-01, 2.688113651425581563e-01, 1.005099053319305769e-01
3.343839429326239676e-01, 2.959407571582647334e-01, 2.691891046964749457e-01, 1.004861952126363811e-01
3.337392987879685413e-01, 2.962300314028585846e-01, 2.695660686417004070e-01, 1.004646011674725226e-01
3.330945272039026461e-01, 2.965181023232109636e-01, 2.699422547737528877e-01, 1.004451156991334887e-01
3.324496387127514607e-01, 2.968049690513060446e-01, 2.703176609052931889e-01, 1.004277313306492364e-01
3.318046437875069032e-01, 2.970906307408706093e-01, 2.706922848660486824e-01, 1.004124406055736940e-01
3.311595528418492806e-01, 2.973750865672437627e-01, 2.710661245027373156e-01, 1.003992360881696966e-01
3.305143762301729349e-01, 2.976583357272460928e-01, 2.714391776789906729e-01, 1.003881103635903826e-01
3.298691242476151086e-01, 2.979403774390502191e-01, 2.718114422752783699e-01, 1.003790560380563995e-01
3.292238071300889191e-01, 2.982212109420501189e-01, 2.721829161888310589e-01, 1.003720657390298615e-01
3.285784350543192178e-01, 2.985008354967321198e-01, 2.725535973335642126e-01, 1.003671321153844775e-01
3.279330181378823372e-01, 2.987792503845447811e-01, 2.729234836400010744e-01, 1.003642478375718905e-01
3.272875664392492223e-01, 2.990564549077700529e-01, 2.732925730551962196e-01, 1.003634055977846579e-01
3.266420899578317272e-01, 2.993324483893940458e-01, 2.736608635426587832e-01, 1.003645981101155132e-01
3.259965986340327970e-01, 2.996072301729786336e-01, 2.740283530822756330e-01, 1.003678181107131168e-01
3.253511023492992038e-01, 2.998807996225323902e-01, 2.743950396702343753e-01, 1.003730583579340724e-01
3.247056109261781676e-01, 3.001531561223830802e-01, 2.747609213189466937e-01, 1.003803116324920447e-01
3.240601341283769199e-01, 3.004242990770492061e-01, 2.751259960569714669e-01, 1.003895707376025459e-01
3.234146816608254316e-01, 3.006942279111125549e-01, 2.754902619289372190e-01, 1.004008284991249750e-01
3.227692631697424708e-01, 3.009629420690906887e-01, 2.758537169954659585e-01, 1.004140777657009931e-01
3.221238882427046035e-01, 3.012304410153102130e-01, 2.762163593330957401e-01, 1.004293114088893185e-01
3.214785664087183026e-01, 3.014967242337798226e-01, 2.765781870342040594e-01, 1.004465223232976906e-01
3.208333071382948876e-01, 3.017617912280638470e-01, 2.769391982069303593e-01, 1.004657034267108506e-01
3.201881198435287401e-01, 3.020256415211562406e-01, 2.772993909750993691e-01, 1.004868476602156363e-01
3.195430138781779617e-01, 3.022882746553545719e-01, 2.776587634781444991e-01, 1.005099479883227315e-01
3.188979985377493054e-01, 3.025496901921351234e-01, 2.780173138710304581e-01, 1.005349973990852241e-01
3.182530830595831084e-01, 3.028098877120269927e-01, 2.783750403241764260e-01, 1.005619889042135701e-01
3.176082766229445520e-01, 3.030688668144879694e-01, 2.787319410233793926e-01, 1.005909155391880166e-01
3.169635883491151440e-01, 3.033266271177800788e-01, 2.790880141697376637e-01, 1.006217703633672245e-01
3.163190273014878096e-01, 3.035831682588447933e-01, 2.794432579795732563e-01, 1.006545464600940437e-01
3.156746024856646460e-01, 3.038384898931806299e-01, 2.797976706843564032e-01, 1.006892369367984180e-01
3.150303228495571761e-01, 3.040925916947185281e-01, 2.801512505306275047e-01, 1.007258349250966245e-01
3.143861972834900431e-01, 3.043454733557000025e-01, 2.805039957799219663e-01, 1.007643335808880158e-01
3.137422346203051493e-01, 3.045971345865535751e-01, 2.808559047086929272e-01, 1.008047260844483622e-01
3.130984436354710687e-01, 3.048475751157734281e-01, 2.812069756082348770e-01, 1.008470056405204457e-01
3.124548330471930147e-01, 3.050967946897972793e-01, 2.815572067846079385e-01, 1.008911654784016287e-01
3.118114115165258049e-01, 3.053447930728850901e-01, 2.819065965585608180e-01, 1.009371988520283148e-01
3.111681876474894359e-01, 3.055915700469976071e-01, 2.822551432654551995e-01, 1.009850990400575771e-01
3.105251699871870996e-01, 3.058371254116768467e-01, 2.826028452551898051e-01, 1.010348593459461791e-01
3.098823670259248098e-01, 3.060814589839248034e-01, 2.829497008921240675e-01, 1.010864730980263332e-01
3.092397871973343593e-01, 3.063245705980843780e-01, 2.832957085550026899e-01, 1.011399336495787116e-01
3.085974388784976097e-01, 3.065664601057196959e-01, 2.836408666368797071e-01, 1.011952343789028763e-01
3.079553303900741668e-01, 3.068071273754977568e-01, 2.839851735450432124e-01, 1.012523686893849056e-01
3.073134699964293892e-01, 3.070465722930691421e-01, 2.843286277009396956e-01, 1.013113300095618008e-01
3.066718659057668939e-01, 3.072847947609507746e-01, 2.846712275400986591e-01, 1.013721117931837973e-01
3.060305262702610607e-01, 3.075217946984077910e-01, 2.850129715120574558e-01, 1.014347075192736369e-01
3.053894591861930907e-01, 3.077575720413367466e-01, 2.853538580802869595e-01, 1.014991106921832864e-01
3.047486726940882296e-01, 3.079921267421485420e-01, 2.856938857221153483e-01, 1.015653148416478246e-01
3.041081747788556000e-01, 3.082254587696525161e-01, 2.860330529286548851e-01, 1.016333135228371098e-01
3.034679733699293669e-01, 3.084575681089403165e-01, 2.863713582047259787e-01, 1.017031003164042685e-01
3.028280763414130106e-01, 3.086884547612710472e-01, 2.867088000687836868e-01, 1.017746688285324080e-01
3.021884915122235449e-01, 3.089181187439557497e-01, 2.870453770528429427e-01, 1.018480126909778877e-01
3.015492266462398430e-01, 3.091465600902434385e-01, 2.873810877024047805e-01, 1.019231255611118686e-01
3.009102894524515182e-01, 3.093737788492071927e-01, 2.877159305763823394e-01, 1.020000011219589081e-01
3.002716875851092482e-01, 3.095997750856302466e-01, 2.880499042470270332e-01, 1.020786330822333471e-01
2.996334286438784300e-01, 3.098245488798935798e-01, 2.883830072998549987e-01, 1.021590151763730608e-01
2.989955201739927793e-01, 3.100481003278624526e-01, 2.887152383335737094e-01, 1.022411411645710033e-01
2.983579696664110936e-01, 3.102704295407756607e-01, 2.890465959600090340e-01, 1.023250048328042255e-01
2.977207845579746825e-01, 3.104915366451330150e-01, 2.893770788040316844e-01, 1.024105999928607014e-01
2.970839722315671283e-01, 3.107114217825842628e-01, 2.897066855034849397e-01, 1.024979204823635581e-01
2.964475400162752683e-01, 3.109300851098193430e-01, 2.900354147091119827e-01, 1.025869601647933921e-01
2.958114951875517873e-01, 3.111475267984573079e-01, 2.903632650844830687e-01, 1.026777129295078361e-01
2.951758449673796969e-01, 3.113637470349370773e-01, 2.906902353059237498e-01, 1.027701726917594760e-01
2.945405965244377589e-01, 3.115787460204087478e-01, 2.910163240624425995e-01, 1.028643333927108938e-01
2.939057569742679066e-01, 3.117925239706244578e-01, 2.913415300556596588e-01, 1.029601889994479214e-01
2.932713333794438881e-01, 3.120050811158304738e-01, 2.916658519997347709e-01, 1.030577335049908394e-01
2.926373327497414634e-01, 3.122164177006594987e-01, 2.919892886212961947e-01, 1.031569609283027461e-01
2.920037620423098779e-01, 3.124265339840239242e-01, 2.923118386593694940e-01, 1.032578653142967595e-01
2.913706281618446137e-01, 3.126354302390086382e-01, 2.926335008653064840e-01, 1.033604407338403891e-01
2.907379379607616943e-01, 3.128431067527654430e-01, 2.929542740027149539e-01, 1.034646812837579505e-01
2.901056982393733774e-01, 3.130495638264075287e-01, 2.932741568473876681e-01, 1.035705810868314120e-01
2.894739157460647361e-01, 3.132548017749041125e-01, 2.935931481872326443e-01, 1.036781342917984933e-01
2.888425971774718493e-01, 3.134588209269758008e-01, 2.939112468222030428e-01, 1.037873350733492378e-01
2.882117491786609920e-01, 3.136616216249912825e-01, 2.942284515642271114e-01, 1.038981776321207529e-01
2.875813783433088799e-01, 3.138632042248628018e-01, 2.945447612371389634e-01, 1.040106561946893271e-01
2.869514912138853568e-01, 3.140635690959439619e-01, 2.948601746766094100e-01, 1.041247650135611880e-01
2.863220942818345827e-01, 3.142627166209272516e-01, 2.951746907300766831e-01, 1.042404983671614271e-01
2.856931939877602189e-01, 3.144606471957415716e-01, 2.954883082566777674e-01, 1.043578505598204698e-01
2.850647967216096701e-01, 3.146573612294511491e-01, 2.958010261271800112e-01, 1.044768159217590864e-01
2.844369088228607678e-01, 3.148528591441547841e-01, 2.961128432239128472e-01, 1.045973888090717535e-01
2.838095365807078996e-01, 3.150471413748851535e-01, 2.964237584406992920e-01, 1.047195636037076827e-01
2.831826862342510243e-01, 3.152402083695093893e-01, 2.967337706827890553e-01, 1.048433347134504201e-01
2.825563639726844656e-01, 3.154320605886293816e-01, 2.970428788667905384e-01, 1.049686965718956699e-01
2.819305759354862606e-01, 3.156226985054830791e-01, 2.973510819206033884e-01, 1.050956436384271470e-01
2.813053282126102284e-01, 3.158121226058466235e-01, 2.976583787833522177e-01, 1.052241703981909304e-01
2.806806268446767061e-01, 3.160003333879359833e-01, 2.979647684053191581e-01, 1.053542713620680832e-01
2.800564778231660612e-01, 3.161873313623105308e-01, 2.982702497478781356e-01, 1.054859410666454250e-01
2.794328870906115925e-01, 3.163731170517755653e-01, 2.985748217834280349e-01, 1.056191740741849044e-01
2.788098605407947073e-01, 3.165576909912867776e-01, 2.988784834953274183e-01, 1.057539649725910968e-01
2.781874040189394881e-01, 3.167410537278547156e-01, 2.991812338778285785e-01, 1.058903083753772872e-01
2.775655233219086471e-01, 3.169232058204493607e-01, 2.994830719360121463e-01, 1.060281989216297488e-01
2.769442241984009234e-01, 3.171041478399058700e-01, 2.997839966857223093e-01, 1.061676312759708279e-01
2.763235123491477041e-01, 3.172838803688302622e-01, 3.000840071535020859e-01, 1.063086001285198506e-01
2.757033934271119202e-01, 3.174624040015066040e-01, 3.003831023765282104e-01, 1.064511001948533209e-01
2.750838730376862773e-01, 3.176397193438034727e-01, 3.006812814025474623e-01, 1.065951262159627183e-01
2.744649567388935951e-01, 3.178158270130820306e-01, 3.009785432898127722e-01, 1.067406729582116576e-01
2.738466500415858706e-01, 3.179907276381038206e-01, 3.012748871070193846e-01, 1.068877352132909520e-01
2.732289584096462276e-01, 3.181644218589398387e-01, 3.015703119332414084e-01, 1.070363077981725947e-01
2.726118872601895338e-01, 3.183369103268794964e-01, 3.018648168578688673e-01, 1.071863855550621719e-01
2.719954419637646281e-01, 3.185081937043404698e-01, 3.021584009805450832e-01, 1.073379633513497772e-01
2.713796278445570476e-01, 3.186782726647792163e-01, 3.024510634111038931e-01, 1.074910360795598568e-01
2.707644501805915871e-01, 3.188471478926014901e-01, 3.027428032695075877e-01, 1.076455986572993767e-01
2.701499142039363588e-01, 3.190148200830739134e-01, 3.030336196857850162e-01, 1.078016460272047394e-01
2.695360251009065733e-01, 3.191812899422361016e-01, 3.033235117999698027e-01, 1.079591731568875501e-01
2.689227880122691539e-01, 3.193465581868126235e-01, 3.036124787620394505e-01, 1.081181750388787444e-01
2.683102080334479056e-01, 3.195106255441264032e-01, 3.039005197318539464e-01, 1.082786466905717865e-01
2.676982902147285737e-01, 3.196734927520121783e-01, 3.041876338790948653e-01, 1.084405831541642717e-01
2.670870395614651227e-01, 3.198351605587306246e-01, 3.044738203832056400e-01, 1.086039794965985295e-01
2.664764610342855722e-01, 3.199956297228826463e-01, 3.047590784333308322e-01, 1.087688308095010742e-01
2.658665595492986089e-01, 3.201549010133248330e-01, 3.050434072282562359e-01, 1.089351322091201835e-01
2.652573399783010877e-01, 3.203129752090852489e-01, 3.053268059763501463e-01, 1.091028788362634755e-01
2.646488071489848659e-01, 3.204698530992791672e-01, 3.056092738955030752e-01, 1.092720658562330027e-01
2.640409658451441377e-01, 3.206255354830261362e-01, 3.058908102130696860e-01, 1.094426884587601512e-01
2.634338208068841003e-01, 3.207800231693672677e-01, 3.061714141658096744e-01, 1.096147418579390270e-01
2.628273767308287323e-01, 3.209333169771829142e-01, 3.064510849998296482e-01, 1.097882212921586498e-01
2.622216382703290716e-01, 3.210854177351112893e-01, 3.067298219705253404e-01, 1.099631220240342988e-01
2.616166100356724367e-01, 3.212363262814668108e-01, 3.070076243425233220e-01, 1.101394393403374444e-01
2.610122965942909268e-01, 3.213860434641600539e-01, 3.072844913896241592e-01, 1.103171685519249434e-01
2.604087024709705878e-01, 3.215345701406172041e-01, 3.075604223947450699e-01, 1.104963049936669994e-01
2.598058321480613553e-01, 3.216819071777011207e-01, 3.078354166498633027e-01, 1.106768440243742768e-01
2.592036900656856102e-01, 3.218280554516315672e-01, 3.081094734559592929e-01, 1.108587810267234741e-01
2.586022806219486769e-01, 3.219730158479074955e-01, 3.083825921229611522e-01, 1.110421114071826892e-01
2.580016081731483779e-01, 3.221167892612283867e-01, 3.086547719696880465e-01, 1.112268305959352027e-01
2.574016770339849214e-01, 3.222593765954173128e-01, 3.089260123237952960e-01, 1.114129340468024976e-01
2.568024914777710666e-01, 3.224007787633438316e-01, 3.091963125217186970e-01, 1.116004172371663494e-01
2.562040557366423443e-01, 3.225409966868477141e-01, 3.094656719086200658e-01, 1.117892756678900701e-01
2.556063740017671115e-01, 3.226800312966627282e-01, 3.097340898383318386e-01, 1.119795048632382800e-01
2.550094504235573267e-01, 3.228178835323420315e-01, 3.100015656733038361e-01, 1.121711003707969723e-01
2.544132891118783824e-01, 3.229545543421823428e-01, 3.102680987845481408e-01, 1.123640577613912450e-01
2.538178941362599361e-01, 3.230900446831505013e-01, 3.105336885515863066e-01, 1.125583726290031034e-01
2.532232695261062982e-01, 3.232243555208094143e-01, 3.107983343623957895e-01, 1.127540405906883453e-01
2.526294192709068187e-01, 3.233574878292446719e-01, 3.110620356133562137e-01, 1.129510572864921708e-01
2.520363473204461080e-01, 3.234894425909917715e-01, 3.113247917091977457e-01, 1.131494183793644026e-01
2.514440575850149240e-01, 3.236202207969639533e-01, 3.115866020629474709e-01, 1.133491195550735131e-01
2.508525539356205591e-01, 3.237498234463808133e-01, 3.118474660958785449e-01, 1.135501565221202908e-01
2.502618402041964507e-01, 3.238782515466963052e-01, 3.121073832374569035e-01, 1.137525250116503267e-01
2.496719201838137336e-01, 3.240055061135289627e-01, 3.123663529252912463e-01, 1.139562207773660713e-01
2.490827976288902956e-01, 3.241315881705910673e-01, 3.126243746050807459e-01, 1.141612395954377662e-01
2.484944762554016917e-01, 3.242564987496192042e-01, 3.128814477305648656e-01, 1.143675772644141136e-01
2.479069597410908654e-01, 3.243802388903050393e-01, 3.131375717634723443e-01, 1.145752296051317093e-01
2.473202517256780641e-01, 3.245028096402267637e-01, 3.133927461734710151e-01, 1.147841924606242126e-01
2.467343558110709212e-01, 3.246242120547804810e-01, 3.136469704381180668e-01, 1.149944616960304339e-01
2.461492755615740380e-01, 3.247444471971134838e-01, 3.139002440428103613e-01, 1.152060331985021724e-01
2.455650145040980947e-01, 3.248635161380559189e-01, 3.141525664807350293e-01, 1.154189028771109571e-01
2.449815761283700433e-01, 3.249814199560551731e-01, 3.144039372528205090e-01, 1.156330666627544274e-01
2.443989638871416070e-01, 3.250981597371088716e-01, 3.146543558676874741e-01, 1.158485205080618807e-01
2.438171811963989188e-01, 3.252137365747000963e-01, 3.149038218416015389e-01, 1.160652603872994737e-01
2.432362314355707156e-01, 3.253281515697312720e-01, 3.151523346984237417e-01, 1.162832822962743262e-01
2.426561179477373653e-01, 3.254414058304601065e-01, 3.153998939695638049e-01, 1.165025822522385568e-01
2.420768440398396171e-01, 3.255535004724354753e-01, 3.156464991939325060e-01, 1.167231562937924155e-01
2.414984129828860737e-01, 3.256644366184330286e-01, 3.158921499178940495e-01, 1.169450004807868343e-01
2.409208280121614698e-01, 3.257742153983929634e-01, 3.161368456952199368e-01, 1.171681108942256022e-01
2.403440923274348662e-01, 3.258828379493565741e-01, 3.163805860870418374e-01, 1.173924836361668195e-01
2.397682090931663179e-01, 3.259903054154043023e-01, 3.166233706618055144e-01, 1.176181148296237683e-01
2.391931814387148192e-01, 3.260966189475940080e-01, 3.168651989952256387e-01, 1.178450006184656312e-01
2.386190124585445549e-01, 3.262017797038996303e-01, 3.171060706702388821e-01, 1.180731371673170160e-01
2.380457052124320960e-01, 3.263057888491504577e-01, 3.173459852769596190e-01, 1.183025206614577163e-01
2.374732627256725959e-01, 3.264086475549710653e-01, 3.175849424126347964e-01, 1.185331473067214869e-01
2.369016879892857086e-01, 3.265103569997209743e-01, 3.178229416815989139e-01, 1.187650133293944033e-01
2.363309839602213969e-01, 3.266109183684357542e-01, 3.180599826952298925e-01, 1.189981149761130119e-01
2.357611535615654064e-01, 3.267103328527679595e-01, 3.182960650719050544e-01, 1.192324485137616769e-01
2.351921996827442962e-01, 3.268086016509287317e-01, 3.185311884369572688e-01, 1.194680102293697033e-01
2.346241251797303307e-01, 3.269057259676302341e-01, 3.187653524226314872e-01, 1.197047964300080314e-01
2.340569328752455658e-01, 3.270017070140274762e-01, 3.189985566680416107e-01, 1.199428034426852085e-01
2.334906255589663804e-01, 3.270965460076623588e-01, 3.192308008191279134e-01, 1.201820276142434862e-01
2.329252059877264802e-01, 3.271902441724057753e-01, 3.194620845286140209e-01, 1.204224653112537652e-01
2.323606768857210403e-01, 3.272828027384030447e-01, 3.196924074559648887e-01, 1.206641129199109708e-01
2.317970409447089875e-01, 3.273742229420172900e-01, 3.199217692673452795e-01, 1.209069668459284430e-01
2.312343008242158382e-01, 3.274645060257747597e-01, 3.201501696355774085e-01, 1.211510235144320768e-01
2.306724591517356204e-01, 3.275536532383099830e-01, 3.203776082400999758e-01, 1.213962793698543513e-01
2.301115185229330451e-01, 3.276416658343119237e-01, 3.206040847669274774e-01, 1.216427308758275816e-01
2.295514815018445121e-01, 3.277285450744694684e-01, 3.208295989086087374e-01, 1.218903745150773099e-01
2.289923506210790327e-01, 3.278142922254189129e-01, 3.210541503641872185e-01, 1.221392067893149191e-01
2.284341283820187640e-01, 3.278989085596907826e-01, 3.212777388391603317e-01, 1.223892242191301494e-01
2.278768172550194038e-01, 3.279823953556573746e-01, 3.215003640454401346e-01, 1.226404233438831981e-01
2.273204196796092535e-01, 3.280647538974809652e-01, 3.217220257013130302e-01, 1.228928007215967511e-01
2.267649380646890034e-01, 3.281459854750622407e-01, 3.219427235314014646e-01, 1.231463529288472497e-01
2.262103747887298788e-01, 3.282260913839893934e-01, 3.221624572666244024e-01, 1.234010765606563809e-01
2.256567321999724263e-01, 3.283050729254868849e-01, 3.223812266441587471e-01, 1.236569682303819140e-01
2.251040126166241051e-01, 3.283829314063663185e-01, 3.225990314074010934e-01, 1.239140245696083997e-01
2.245522183270567129e-01, 3.284596681389758688e-01, 3.228158713059298690e-01, 1.241722422280375632e-01
2.240013515900030339e-01, 3.285352844411513207e-01, 3.230317460954670317e-01, 1.244316178733786832e-01
2.234514146347536812e-01, 3.286097816361671087e-01, 3.232466555378410433e-01, 1.246921481912381530e-01
2.229024096613525796e-01, 3.286831610526880221e-01, 3.234605994009498997e-01, 1.249538298850094986e-01
2.223543388407926980e-01, 3.287554240247211879e-01, 3.236735774587235492e-01, 1.252166596757626205e-01
2.218072043152106987e-01, 3.288265718915682756e-01, 3.238855894910878663e-01, 1.254806343021331039e-01
2.212610081980817267e-01, 3.288966059977789236e-01, 3.240966352839281250e-01, 1.257457505202111692e-01
2.207157525744129767e-01, 3.289655276931033323e-01, 3.243067146290532499e-01, 1.260120051034305244e-01
2.201714395009371772e-01, 3.290333383324464123e-01, 3.245158273241596225e-01, 1.262793948424568435e-01
2.196280710063056585e-01, 3.291000392758219872e-01, 3.247239731727959988e-01, 1.265479165450763555e-01
2.190856490912805599e-01, 3.291656318883071086e-01, 3.249311519843283702e-01, 1.268175670360839613e-01
2.185441757289266207e-01, 3.292301175399972579e-01, 3.251373635739049917e-01, 1.270883431571711297e-01
2.180036528648027216e-01, 3.292934976059614938e-01, 3.253426077624217427e-01, 1.273602417668139863e-01
2.174640824171524267e-01, 3.293557734661985426e-01, 3.255468843764879883e-01, 1.276332597401608482e-01
2.169254662770944420e-01, 3.294169465055930557e-01, 3.257501932483926055e-01, 1.279073939689199801e-01
2.163878063088118253e-01, 3.294770181138717557e-01, 3.259525342160698447e-01, 1.281826413612466853e-01
2.158511043497418347e-01, 3.295359896855609705e-01, 3.261539071230663556e-01, 1.284589988416306450e-01
2.153153622107641108e-01, 3.295938626199445554e-01, 3.263543118185081027e-01, 1.287364633507833145e-01
2.147805816763885267e-01, 3.296506383210202062e-01, 3.265537481570668366e-01, 1.290150318455243195e-01
2.142467645049431213e-01, 3.297063181974596024e-01, 3.267522159989282304e-01, 1.292947012986690736e-01
2.137139124287606717e-01, 3.297609036625656631e-01, 3.269497152097590176e-01, 1.295754686989146476e-01
2.131820271543653500e-01, 3.298143961342323571e-01, 3.271462456606752389e-01, 1.298573310507271372e-01
2.126511103626579635e-01, 3.298667970349040135e-01, 3.273418072282103242e-01, 1.301402853742277821e-01
2.121211637091018343e-01, 3.299181077915351312e-01, 3.275363997942837280e-01, 1.304243287050793620e-01
2.115921888239069293e-01, 3.299683298355506889e-01, 3.277300232461696772e-01, 1.307094580943728157e-01
2.110641873122140744e-01, 3.300174646028068981e-01, 3.279226774764660290e-01, 1.309956706085131928e-01
2.105371607542785573e-01, 3.300655135335520129e-01, 3.281143623830637956e-01, 1.312829633291058562e-01
2.100111107056525095e-01, 3.301124780723879715e-01, 3.283050778691168348e-01, 1.315713333528426565e-01
2.094860386973679545e-01, 3.301583596682325372e-01, 3.284948238430115408e-01, 1.318607777913879675e-01
2.089619462361179680e-01, 3.302031597742807190e-01, 3.286836002183369798e-01, 1.321512937712643609e-01
2.084388348044377282e-01, 3.302468798479679668e-01, 3.288714069138554130e-01, 1.324428784337387810e-01
2.079167058608855090e-01, 3.302895213509332017e-01, 3.290582438534730425e-01, 1.327355289347082468e-01
2.073955608402220097e-01, 3.303310857489817898e-01, 3.292441109662104792e-01, 1.330292424445856936e-01
2.068754011535900716e-01, 3.303715745120495706e-01, 3.294290081861747099e-01, 1.333240161481855368e-01
2.063562281886933691e-01, 3.304109891141670530e-01, 3.296129354525300648e-01, 1.336198472446095409e-01
2.058380433099740447e-01, 3.304493310334234990e-01, 3.297958927094699066e-01, 1.339167329471324108e-01
2.053208478587910113e-01, 3.304866017519323407e-01, 3.299778799061891532e-01, 1.342146704830874115e-01
2.048046431535958667e-01, 3.305228027557960413e-01, 3.301588969968561327e-01, 1.345136570937520426e-01
2.042894304901100022e-01, 3.305579355350717341e-01, 3.303389439405848282e-01, 1.348136900342334910e-01
2.037752111414998513e-01, 3.305920015837374160e-01, 3.305180207014085103e-01, 1.351147665733542502e-01
2.032619863585518605e-01, 3.306250023996581411e-01, 3.306961272482523140e-01, 1.354168839935377677e-01
2.027497573698471556e-01, 3.306569394845524923e-01, 3.308732635549063161e-01, 1.357200395906939527e-01
2.022385253819352080e-01, 3.306878143439605511e-01, 3.310494295999996117e-01, 1.360242306741046570e-01
2.017282915795069742e-01, 3.307176284872099803e-01, 3.312246253669737794e-01, 1.363294545663091828e-01
2.012190571255675631e-01, 3.307463834273849934e-01, 3.313988508440572911e-01, 1.366357086029901247e-01
2.007108231616082095e-01, 3.307740806812938250e-01, 3.315721060242393659e-01, 1.369429901328585164e-01
2.002035908077773596e-01, 3.308007217694376445e-01, 3.317443909052452122e-01, 1.372512965175397281e-01
1.996973611630515344e-01, 3.308263082159790258e-01, 3.319157054895104375e-01, 1.375606251314590300e-01
1.991921353054054711e-01, 3.308508415487113608e-01, 3.320860497841560677e-01, 1.378709733617270172e-01
1.986879142919812935e-01, 3.308743232990287719e-01, 3.322554238009645111e-01, 1.381823386080254790e-01
1.981846991592575435e-01, 3.308967550018951931e-01, 3.324238275563543010e-01, 1.384947182824929901e-01
1.976824909232173799e-01, 3.309181381958154478e-01, 3.325912610713568363e-01, 1.388081098096105026e-01
1.971812905795157778e-01, 3.309384744228051067e-01, 3.327577243715918454e-01, 1.391225106260872424e-01
1.966810991036468392e-01, 3.309577652283624549e-01, 3.329232174872439609e-01, 1.394379181807465784e-01
1.961819174511100217e-01, 3.309760121614386263e-01, 3.330877404530397379e-01, 1.397543299344116141e-01
1.956837465575754498e-01, 3.309932167744099041e-01, 3.332512933082235618e-01, 1.400717433597910844e-01
1.951865873390493111e-01, 3.310093806230496871e-01, 3.334138760965355552e-01, 1.403901559413654743e-01
1.946904406920380581e-01, 3.310245052665003462e-01, 3.335754888661887629e-01, 1.407095651752728049e-01
1.941953074937122214e-01, 3.310385922672464121e-01, 3.337361316698464475e-01, 1.410299685691949467e-01
1.937011886020693352e-01, 3.310516431910872082e-01, 3.338958045646002182e-01, 1.413513636422432385e-01
1.932080848560968345e-01, 3.310636596071102056e-01, 3.340545076119480483e-01, 1.416737479248449949e-01
1.927159970759333429e-01, 3.310746430876645996e-01, 3.342122408777724596e-01, 1.419971189586297367e-01
1.922249260630303214e-01, 3.310845952083354415e-01, 3.343690044323189281e-01, 1.423214742963152812e-01
1.917348726003125226e-01, 3.310935175479178816e-01, 3.345247983501754008e-01, 1.426468115015941951e-01
1.912458374523377247e-01, 3.311014116883915781e-01, 3.346796227102503685e-01, 1.429731281490202455e-01
1.907578213654564370e-01, 3.311082792148958287e-01, 3.348334775957529375e-01, 1.433004218238949912e-01
1.902708250679700230e-01, 3.311141217157045902e-01, 3.349863630941713466e-01, 1.436286901221539014e-01
1.897848492702893242e-01, 3.311189407822027198e-01, 3.351382792972543156e-01, 1.439579306502537792e-01
1.892998946650915060e-01, 3.311227380088607730e-01, 3.352892263009890628e-01, 1.442881410250588248e-01
1.888159619274773215e-01, 3.311255149932119668e-01, 3.354392042055829859e-01, 1.446193188737278090e-01
1.883330517151267924e-01, 3.311272733358288090e-01, 3.355882131154435122e-01, 1.449514618336008587e-01
1.878511646684549452e-01, 3.311280146402993951e-01, 3.357362531391587801e-01, 1.452845675520867408e-01
1.873703014107668263e-01, 3.311277405132049823e-01, 3.358833243894788212e-01, 1.456186336865494257e-01
1.868904625484111848e-01, 3.311264525640970624e-01, 3.360294269832960756e-01, 1.459536579041955939e-01
1.864116486709345433e-01, 3.311241524054756580e-01, 3.361745610416275176e-01, 1.462896378819623089e-01
1.859338603512341592e-01, 3.311208416527666731e-01, 3.363187266895955596e-01, 1.466265713064034415e-01
1.854570981457100975e-01, 3.311165219243011881e-01, 3.364619240564103442e-01, 1.469644558735782036e-01
1.849813625944169149e-01, 3.311111948412933659e-01, 3.366041532753517584e-01, 1.473032892889379331e-01
1.845066542212150384e-01, 3.311048620278195243e-01, 3.367454144837512264e-01, 1.476430692672141276e-01
1.840329735339209516e-01, 3.310975251107980410e-01, 3.368857078229746671e-01, 1.479837935323063958e-01
1.835603210244569350e-01, 3.310891857199681487e-01, 3.370250334384050084e-01, 1.483254598171698802e-01
1.830886971690006415e-01, 3.310798454878703945e-01, 3.371633914794253672e-01, 1.486680658637037633e-01
1.826181024281331167e-01, 3.310695060498263786e-01, 3.373007820994016748e-01, 1.490116094226389409e-01
1.821485372469870412e-01, 3.310581690439196589e-01, 3.374372054556665779e-01, 1.493560882534266110e-01
1.816800020553941408e-01, 3.310458361109763215e-01, 3.375726617095029525e-01, 1.497015001241265297e-01
1.812124972680315971e-01, 3.310325088945457739e-01, 3.377071510261273612e-01, 1.500478428112952123e-01
1.807460232845681247e-01, 3.310181890408825378e-01, 3.378406735746745104e-01, 1.503951140998747160e-01
1.802805804898095776e-01, 3.310028781989278190e-01, 3.379732295281812626e-01, 1.507433117830814240e-01
1.798161692538436385e-01, 3.309865780202909669e-01, 3.381048190635710382e-01, 1.510924336622944397e-01
1.793527899321840091e-01, 3.309692901592323766e-01, 3.382354423616386607e-01, 1.514424775469450091e-01
1.788904428659139623e-01, 3.309510162726453375e-01, 3.383650996070354799e-01, 1.517934412544052203e-01
1.784291283818296159e-01, 3.309317580200394349e-01, 3.384937909882537732e-01, 1.521453226098772038e-01
1.779688467925816531e-01, 3.309115170635230641e-01, 3.386215166976129232e-01, 1.524981194462825540e-01
1.775095983968174862e-01, 3.308902950677870547e-01, 3.387482769312440412e-01, 1.528518296041514457e-01
1.770513834793223384e-01, 3.308680937000882394e-01, 3.388740718890767556e-01, 1.532064509315126388e-01
1.765942023111597980e-01, 3.308449146302334110e-01, 3.389989017748242239e-01, 1.535619812837825671e-01
1.761380551498113456e-01, 3.308207595305634463e-01, 3.391227667959698100e-01, 1.539184185236554536e-01
1.756829422393159368e-01, 3.307956300759375967e-01, 3.392456671637533727e-01, 1.542757605209931215e-01
1.752288638104086971e-01, 3.307695279437185554e-01, 3.393676030931577214e-01, 1.546340051527149984e-01
1.747758200806588946e-01, 3.307424548137572473e-01, 3.394885748028955152e-01, 1.549931503026882318e-01
1.743238112546074137e-01, 3.307144123683780079e-01, 3.396085825153962734e-01, 1.553531938616182217e-01
1.738728375239036450e-01, 3.306854022923642611e-01, 3.397276264567936077e-01, 1.557141337269385417e-01
1.734228990674415161e-01, 3.306554262729443083e-01, 3.398457068569122330e-01, 1.560759678027018871e-01
1.729739960514955766e-01, 3.306244859997773955e-01, 3.399628239492563098e-01, 1.564386939994705794e-01
1.725261286298558627e-01, 3.305925831649401125e-01, 3.400789779709966210e-01, 1.568023102342074315e-01
1.720792969439622067e-01, 3.305597194629127378e-01, 3.401941691629586373e-01, 1.571668144301663628e-01
1.716335011230382956e-01, 3.305258965905664703e-01, 3.403083977696113038e-01, 1.575322045167839302e-01
1.711887412842249268e-01, 3.304911162471502184e-01, 3.404216640390546056e-01, 1.578984784295701937e-01
1.707450175327126507e-01, 3.304553801342783315e-01, 3.405339682230091314e-01, 1.582656341100000807e-01
1.703023299618739439e-01, 3.304186899559177215e-01, 3.406453105768036393e-01, 1.586336695054047508e-01
1.698606786533945479e-01, 3.303810474183765389e-01, 3.407556913593655645e-01, 1.590025825688633210e-01
1.694200636774047808e-01, 3.303424542302916267e-01, 3.408651108332090285e-01, 1.593723712590945640e-01
1.689804850926093782e-01, 3.303029121026172521e-01, 3.409735692644247362e-01, 1.597430335403485224e-01
1.685419429464178609e-01, 3.302624227486138930e-01, 3.410810669226695957e-01, 1.601145673822987059e-01
1.681044372750729321e-01, 3.302209878838366919e-01, 3.411876040811565036e-01, 1.604869707599340112e-01
1.676679681037799852e-01, 3.301786092261251304e-01, 3.412931810166439650e-01, 1.608602416534510304e-01
1.672325354468344183e-01, 3.301352884955924272e-01, 3.413977980094267117e-01, 1.612343780481464151e-01
1.667981393077495600e-01, 3.300910274146148793e-01, 3.415014553433261546e-01, 1.616093779343092673e-01
1.663647796793834288e-01, 3.300458277078220926e-01, 3.416041533056806134e-01, 1.619852393071138652e-01
1.659324565440648824e-01, 3.299996911020868229e-01, 3.417058921873359911e-01, 1.623619601665123036e-01
1.655011698737196002e-01, 3.299526193265158724e-01, 3.418066722826371140e-01, 1.627395385171274689e-01
1.650709196299952608e-01, 3.299046141124403198e-01, 3.419064938894187389e-01, 1.631179723681457638e-01
1.646417057643860538e-01, 3.298556771934066378e-01, 3.420053573089965604e-01, 1.634972597332106647e-01
1.642135282183569689e-01, 3.298058103051680345e-01, 3.421032628461594394e-01, 1.638773986303156405e-01
1.637863869234670033e-01, 3.297550151856752376e-01, 3.422002108091600769e-01, 1.642583870816975988e-01
1.633602818014925073e-01, 3.297032935750688343e-01, 3.422962015097080202e-01, 1.646402231137304717e-01
1.629352127645493364e-01, 3.296506472156708334e-01, 3.423912352629610023e-01, 1.650229047568189111e-01
1.625111797152146709e-01, 3.295970778519762834e-01, 3.424853123875172267e-01, 1.654064300452916803e-01
1.620881825466486681e-01, 3.295425872306469994e-01, 3.425784332054083170e-01, 1.657907970172961265e-01
1.616662211427147278e-01, 3.294871771005024041e-01, 3.426705980420913233e-01, 1.661760037146916280e-01
1.612452953781003118e-01, 3.294308492125137544e-01, 3.427618072264419502e-01, 1.665620481829440669e-01
1.608254051184360989e-01, 3.293736053197964253e-01, 3.428520610907475064e-01, 1.669489284710199417e-01
1.604065502204154448e-01, 3.293154471776035264e-01, 3.429413599707000215e-01, 1.673366426312809241e-01
1.599887305319129538e-01, 3.292563765433194067e-01, 3.430297042053894740e-01, 1.677251887193781099e-01
1.595719458921023848e-01, 3.291963951764532714e-01, 3.431170941372976846e-01, 1.681145647941468535e-01
1.591561961315743623e-01, 3.291355048386330195e-01, 3.432035301122913773e-01, 1.685047689175011854e-01
1.587414810724535053e-01, 3.290737072936000818e-01, 3.432890124796170728e-01, 1.688957991543293680e-01
1.583278005285145562e-01, 3.290110043072031476e-01, 3.433735415918942602e-01, 1.692876535723879805e-01
1.579151543052987328e-01, 3.289473976473932804e-01, 3.434571178051100682e-01, 1.696803302421977522e-01
1.575035422002289964e-01, 3.288828890842188102e-01, 3.435397414786136028e-01, 1.700738272369383686e-01
1.570929640027249052e-01, 3.288174803898201715e-01, 3.436214129751110069e-01, 1.704681426323439997e-01
1.566834194943170777e-01, 3.287511733384251289e-01, 3.437021326606591320e-01, 1.708632745065984948e-01
1.562749084487615181e-01, 3.286839697063454468e-01, 3.437819009046618191e-01, 1.712592209402314380e-01
1.558674306321519987e-01, 3.286158712719708941e-01, 3.438607180798639029e-01, 1.716559800160131211e-01
1.554609858030341629e-01, 3.285468798157670789e-01, 3.439385845623476601e-01, 1.720535498188511536e-01
1.550555737125170475e-01, 3.284769971202703420e-01, 3.440155007315272573e-01, 1.724519284356854643e-01
1.546511941043850757e-01, 3.284062249700849256e-01, 3.440914669701449213e-01, 1.728511139553851050e-01
1.542478467152098576e-01, 3.283345651518793651e-01, 3.441664836642669423e-01, 1.732511044686438351e-01
1.538455312744606285e-01, 3.282620194543836578e-01, 3.442405512032791215e-01, 1.736518980678766200e-01
1.534442475046147725e-01, 3.281885896683860437e-01, 3.443136699798834410e-01, 1.740534928471157983e-01
1.530439951212677063e-01, 3.281142775867304517e-01, 3.443858403900942333e-01, 1.744558869019075253e-01
1.526447738332424586e-01, 3.280390850043143347e-01, 3.444570628332348505e-01, 1.748590783292084949e-01
1.522465833426980553e-01, 3.279630137180858385e-01, 3.445273377119337788e-01, 1.752630652272822720e-01
1.518494233452386544e-01, 3.278860655270424695e-01, 3.445966654321225286e-01, 1.756678456955962364e-01
1.514532935300209326e-01, 3.278082422322289302e-01, 3.446650464030317496e-01, 1.760734178347184709e-01
1.510581935798617492e-01, 3.277295456367353421e-01, 3.447324810371886206e-01, 1.764797797462142603e-01
1.506641231713452822e-01, 3.276499775456961916e-01, 3.447989697504146855e-01, 1.768869295325437574e-01
1.502710819749292215e-01, 3.275695397662891084e-01, 3.448645129618229110e-01, 1.772948652969587036e-01
1.498790696550511281e-01, 3.274882341077338110e-01, 3.449291110938155769e-01, 1.777035851433995395e-01
1.494880858702337389e-01, 3.274060623812912740e-01, 3.449927645720818337e-01, 1.781130871763930701e-01
1.490981302731903546e-01, 3.273230264002636170e-01, 3.450554738255964260e-01, 1.785233695009496302e-01
1.487092025109291449e-01, 3.272391279799931607e-01, 3.451172392866171945e-01, 1.789344302224604999e-01
1.483213022248577873e-01, 3.271543689378628161e-01, 3.451780613906837436e-01, 1.793462674465956808e-01
1.479344290508867177e-01, 3.270687510932958064e-01, 3.452379405766161091e-01, 1.797588792792013945e-01
1.475485826195326866e-01, 3.269822762677562777e-01, 3.452968772865129821e-01, 1.801722638261979426e-01
1.471637625560217322e-01, 3.268949462847496878e-01, 3.453548719657512089e-01, 1.805864191934773433e-01
1.467799684803910432e-01, 3.268067629698233612e-01, 3.454119250629840709e-01, 1.810013434868014692e-01
1.463972000075913771e-01, 3.267177281505674324e-01, 3.454680370301413950e-01, 1.814170348116997677e-01
1.460154567475884235e-01, 3.266278436566162346e-01, 3.455232083224278328e-01, 1.818334912733674535e-01
1.456347383054636957e-01, 3.265371113196492425e-01, 3.455774393983233606e-01, 1.822507109765637290e-01
1.452550442815152276e-01, 3.264455329733930156e-01, 3.456307307195820577e-01, 1.826686920255096991e-01
1.448763742713579383e-01, 3.263531104536223082e-01, 3.456830827512328286e-01, 1.830874325237870359e-01
1.444987278660229690e-01, 3.262598455981627343e-01, 3.457344959615785140e-01, 1.835069305742358103e-01
1.441221046520574089e-01, 3.261657402468923217e-01, 3.457849708221967799e-01, 1.839271842788535172e-01
1.437465042116229941e-01, 3.260707962417441208e-01, 3.458345078079398949e-01, 1.843481917386929902e-01
1.433719261225944730e-01, 3.259750154267086475e-01, 3.458831073969357295e-01, 1.847699510537612888e-01
1.429983699586579171e-01, 3.258783996478363809e-01, 3.459307700705877009e-01, 1.851924603229180288e-01
1.426258352894080594e-01, 3.257809507532412607e-01, 3.459774963135762715e-01, 1.856157176437744361e-01
1.422543216804457722e-01, 3.256826705931033517e-01, 3.460232866138593377e-01, 1.860397211125915939e-01
1.418838286934746007e-01, 3.255835610196722296e-01, 3.460681414626736174e-01, 1.864644688241796078e-01
1.415143558863974360e-01, 3.254836238872705345e-01, 3.461120613545359825e-01, 1.868899588717960469e-01
1.411459028134121885e-01, 3.253828610522978559e-01, 3.461550467872446801e-01, 1.873161893470452477e-01
1.407784690251077941e-01, 3.252812743732342859e-01, 3.461970982618809978e-01, 1.877431583397769777e-01
1.404120540685587781e-01, 3.251788657106449154e-01, 3.462382162828109289e-01, 1.881708639379853498e-01
1.400466574874207337e-01, 3.250756369271839419e-01, 3.462784013576873376e-01, 1.885993042277080978e-01
1.396822788220241918e-01, 3.249715898875989994e-01, 3.463176539974514023e-01, 1.890284772929253787e-01
1.393189176094687953e-01, 3.248667264587362657e-01, 3.463559747163358349e-01, 1.894583812154591318e-01
1.389565733837170025e-01, 3.247610485095450694e-01, 3.463933640318660467e-01, 1.898890140748719368e-01
1.385952456756871787e-01, 3.246545579110829971e-01, 3.464298224648634794e-01, 1.903203739483664558e-01
1.382349340133463833e-01, 3.245472565365212225e-01, 3.464653505394480471e-01, 1.907524589106844304e-01
1.378756379218030459e-01, 3.244391462611498356e-01, 3.464999487830410230e-01, 1.911852670340061511e-01
1.375173569233988646e-01, 3.243302289623837820e-01, 3.465336177263678152e-01, 1.916187963878495382e-01
1.371600905378005386e-01, 3.242205065197686364e-01, 3.465663579034612973e-01, 1.920530450389695554e-01
1.368038382820911392e-01, 3.241099808149862094e-01, 3.465981698516650833e-01, 1.924880110512575404e-01
1.364485996708610371e-01, 3.239986537318615412e-01, 3.466290541116369694e-01, 1.929236924856404800e-01
1.360943742162984971e-01, 3.238865271563686754e-01, 3.466590112273523205e-01, 1.933600873999804792e-01
1.357411614282799661e-01, 3.237736029766375978e-01, 3.466880417461081221e-01, 1.937971938489741475e-01
1.353889608144600298e-01, 3.236598830829611195e-01, 3.467161462185268106e-01, 1.942350098840519845e-01
1.350377718803605354e-01, 3.235453693678015386e-01, 3.467433251985601594e-01, 1.946735335532777111e-01
1.346875941294602419e-01, 3.234300637257981337e-01, 3.467695792434936641e-01, 1.951127629012479325e-01
1.343384270632833333e-01, 3.233139680537744365e-01, 3.467949089139508723e-01, 1.955526959689913302e-01
1.339902701814879304e-01, 3.231970842507459474e-01, 3.468193147738977689e-01, 1.959933307938683533e-01
1.336431229819544098e-01, 3.230794142179273520e-01, 3.468427973906477724e-01, 1.964346654094705213e-01
1.332969849608727497e-01, 3.229609598587413477e-01, 3.468653573348660646e-01, 1.968766978455198657e-01
1.329518556128302664e-01, 3.228417230788259706e-01, 3.468869951805750307e-01, 1.973194261277687045e-01
1.326077344308987938e-01, 3.227217057860434224e-01, 3.469077115051591997e-01, 1.977628482778984731e-01
1.322646209067211143e-01, 3.226009098904883965e-01, 3.469275068893705183e-01, 1.982069623134199432e-01
1.319225145305976399e-01, 3.224793373044967382e-01, 3.469463819173335684e-01, 1.986517662475719981e-01
1.315814147915724541e-01, 3.223569899426543817e-01, 3.469643371765516182e-01, 1.990972580892215738e-01
1.312413211775188826e-01, 3.222338697218063985e-01, 3.469813732579120624e-01, 1.995434358427626287e-01
1.309022331752253132e-01, 3.221099785610665456e-01, 3.469974907556921395e-01, 1.999902975080159184e-01
1.305641502704799617e-01, 3.219853183818262021e-01, 3.470126902675653713e-01, 2.004378410801284094e-01
1.302270719481558869e-01, 3.218598911077643621e-01, 3.470269723946075580e-01, 2.008860645494722208e-01
1.298909976922953957e-01, 3.217336986648572372e-01, 3.470403377413029955e-01, 2.013349659015443716e-01
1.295559269861942808e-01, 3.216067429813886380e-01, 3.470527869155510814e-01, 2.017845431168659442e-01
1.292218593124855319e-01, 3.214790259879599099e-01, 3.470643205286730870e-01, 2.022347941708815544e-01
1.288887941532231574e-01, 3.213505496174999809e-01, 3.470749391954187080e-01, 2.026857170338581537e-01
1.285567309899652844e-01, 3.212213158052767970e-01, 3.470846435339732250e-01, 2.031373096707848325e-01
1.282256693038569262e-01, 3.210913264889071472e-01, 3.470934341659643319e-01, 2.035895700412716502e-01
1.278956085757130545e-01, 3.209605836083683217e-01, 3.471013117164697404e-01, 2.040424960994488834e-01
1.275665482861007560e-01, 3.208290891060088801e-01, 3.471082768140242858e-01, 2.044960857938661891e-01
1.272384879154210557e-01, 3.206968449265598653e-01, 3.471143300906274765e-01, 2.049503370673916025e-01
1.269114269439911846e-01, 3.205638530171466272e-01, 3.471194721817517093e-01, 2.054052478571105900e-01
1.265853648521255426e-01, 3.204301153273004243e-01, 3.471237037263490977e-01, 2.058608160942248799e-01
1.262603011202174108e-01, 3.202956338089701926e-01, 3.471270253668606309e-01, 2.063170397039517934e-01
1.259362352288194986e-01, 3.201604104165344800e-01, 3.471294377492234462e-01, 2.067739166054225752e-01
1.256131666587247397e-01, 3.200244471068140473e-01, 3.471309415228797102e-01, 2.072314447115815306e-01
1.252910948910465339e-01, 3.198877458390839701e-01, 3.471315373407847238e-01, 2.076896219290846890e-01
1.249700194072992238e-01, 3.197503085750865170e-01, 3.471312258594156930e-01, 2.081484461581986911e-01
1.246499396894771988e-01, 3.196121372790436399e-01, 3.471300077387803884e-01, 2.086079152926987312e-01
1.243308552201352613e-01, 3.194732339176704627e-01, 3.471278836424263603e-01, 2.090680272197680545e-01
1.240127654824672992e-01, 3.193336004601877165e-01, 3.471248542374492652e-01, 2.095287798198956497e-01
1.236956699603855708e-01, 3.191932388783358387e-01, 3.471209201945033018e-01, 2.099901709667752192e-01
1.233795681385994464e-01, 3.190521511463882409e-01, 3.471160821878094271e-01, 2.104521985272030105e-01
1.230644595026939431e-01, 3.189103392411646309e-01, 3.471103408951651814e-01, 2.109148603609762862e-01
1.227503435392077735e-01, 3.187678051420456127e-01, 3.471036969979549580e-01, 2.113781543207917113e-01
1.224372197357115194e-01, 3.186245508309865082e-01, 3.470961511811590516e-01, 2.118420782521429624e-01
1.221250875808854719e-01, 3.184805782925314022e-01, 3.470877041333641499e-01, 2.123066299932190315e-01
1.218139465645967923e-01, 3.183358895138279632e-01, 3.470783565467731591e-01, 2.127718073748020855e-01
1.215037961779770748e-01, 3.181904864846419323e-01, 3.470681091172157506e-01, 2.132376082201651590e-01
1.211946359134992435e-01, 3.180443711973721110e-01, 3.470569625441587425e-01, 2.137040303449699863e-01
1.208864652650542687e-01, 3.178975456470651273e-01, 3.470449175307163125e-01, 2.141710715571644719e-01
1.205792837280276059e-01, 3.177500118314308675e-01, 3.470319747836613233e-01, 2.146387296568800784e-01
1.202730907993759535e-01, 3.176017717508581306e-01, 3.470181350134360354e-01, 2.151070024363297972e-01
1.199678859777027207e-01, 3.174528274084296164e-01, 3.470033989341629321e-01, 2.155758876797046752e-01
1.196636687633341467e-01, 3.173031808099381346e-01, 3.469877672636562105e-01, 2.160453831630713972e-01
1.193604386583950183e-01, 3.171528339639026473e-01, 3.469712407234330498e-01, 2.165154866542694234e-01
1.190581951668838040e-01, 3.170017888815838680e-01, 3.469538200387248250e-01, 2.169861959128074613e-01
1.187569377947479271e-01, 3.168500475770015257e-01, 3.469355059384896522e-01, 2.174575086897608533e-01
1.184566660499587754e-01, 3.166976120669499628e-01, 3.469162991554233799e-01, 2.179294227276680485e-01
1.181573794425861829e-01, 3.165444843710153444e-01, 3.468962004259715792e-01, 2.184019357604267686e-01
1.178590774848733563e-01, 3.163906665115929218e-01, 3.468752104903425337e-01, 2.188750455131912298e-01
1.175617596913106355e-01, 3.162361605139030196e-01, 3.468533300925185636e-01, 2.193487497022677257e-01
1.172654255787100308e-01, 3.160809684060094660e-01, 3.468305599802692929e-01, 2.198230460350111271e-01
1.169700746662788587e-01, 3.159250922188368005e-01, 3.468069009051634177e-01, 2.202979322097209369e-01
1.166757064756934470e-01, 3.157685339861870388e-01, 3.467823536225824177e-01, 2.207734059155370132e-01
1.163823205311726450e-01, 3.156112957447591572e-01, 3.467569188917327128e-01, 2.212494648323354574e-01
1.160899163595510569e-01, 3.154533795341655789e-01, 3.467305974756592080e-01, 2.217261066306241424e-01
1.157984934903521085e-01, 3.152947873969512704e-01, 3.467033901412586716e-01, 2.222033289714379078e-01
1.155080514558609744e-01, 3.151355213786121712e-01, 3.466752976592923363e-01, 2.226811295062344487e-01
1.152185897911971457e-01, 3.149755835276134563e-01, 3.466463208044006650e-01, 2.231595058767888717e-01
1.149301080343869547e-01, 3.148149758954083000e-01, 3.466164603551158407e-01, 2.236384557150888075e-01
1.146426057264359893e-01, 3.146537005364576367e-01, 3.465857170938769216e-01, 2.241179766432295217e-01
1.143560824114010777e-01, 3.144917595082482031e-01, 3.465540918070427745e-01, 2.245980662733080002e-01
1.140705376364622159e-01, 3.143291548713129657e-01, 3.465215852849068967e-01, 2.250787222073179217e-01
1.137859709519943169e-01, 3.141658886892499947e-01, 3.464881983217119044e-01, 2.255599420370437980e-01
1.135023819116388333e-01, 3.140019630287426700e-01, 3.464539317156635212e-01, 2.260417233439548090e-01
1.132197700723751171e-01, 3.138373799595794988e-01, 3.464187862689460107e-01, 2.265240636990993872e-01
1.129381349945915575e-01, 3.136721415546740999e-01, 3.463827627877361648e-01, 2.270069606629980807e-01
1.126574762421567316e-01, 3.135062498900859640e-01, 3.463458620822191802e-01, 2.274904117855381103e-01
1.123777933824901959e-01, 3.133397070450404387e-01, 3.463080849666034244e-01, 2.279744146058659271e-01
1.120990859866331513e-01, 3.131725151019499331e-01, 3.462694322591360341e-01, 2.284589666522809648e-01
1.118213536293190674e-01, 3.130046761464347904e-01, 3.462299047821179032e-01, 2.289440654421283083e-01
1.115445958890438904e-01, 3.128361922673442153e-01, 3.461895033619201700e-01, 2.294297084816917798e-01
1.112688123481365282e-01, 3.126670655567778123e-01, 3.461482288289994269e-01, 2.299158932660861909e-01
1.109940025928284613e-01, 3.124972981101069580e-01, 3.461060820179143183e-01, 2.304026172791502070e-01
1.107201662133240894e-01, 3.123268920259967829e-01, 3.460630637673411392e-01, 2.308898779933380441e-01
1.104473028038700511e-01, 3.121558494064274325e-01, 3.460191749200907108e-01, 2.313776728696118612e-01
1.101754119628249873e-01, 3.119841723567171043e-01, 3.459744163231245895e-01, 2.318659993573332634e-01
1.099044932927290275e-01, 3.118118629855437529e-01, 3.459287888275721645e-01, 2.323548548941551384e-01
1.096345464003728454e-01, 3.116389234049677381e-01, 3.458822932887468671e-01, 2.328442369059126049e-01
1.093655708968669094e-01, 3.114653557304545850e-01, 3.458349305661639894e-01, 2.333341428065145995e-01
1.090975663977104548e-01, 3.112911620808976876e-01, 3.457867015235574493e-01, 2.338245699978343806e-01
1.088305325228602211e-01, 3.111163445786420123e-01, 3.457376070288972758e-01, 2.343155158696004770e-01
1.085644688967991184e-01, 3.109409053495066355e-01, 3.456876479544074843e-01, 2.348069777992867480e-01
1.082993751486049372e-01, 3.107648465228087797e-01, 3.456368251765830624e-01, 2.352989531520032485e-01
1.080352509120185572e-01, 3.105881702313872395e-01, 3.455851395762087885e-01, 2.357914392803854287e-01
1.077720958255121986e-01, 3.104108786116266394e-01, 3.455325920383767180e-01, 2.362844335244843608e-01
1.075099095323577419e-01, 3.102329738034811379e-01, 3.454791834525049454e-01, 2.367779332116561886e-01
1.072486916806944524e-01, 3.100544579504991849e-01, 3.454249147123553132e-01, 2.372719356564510773e-01
1.069884419235970080e-01, 3.098753331998476135e-01, 3.453697867160528956e-01, 2.377664381605024968e-01
1.067291599191431545e-01, 3.096956017023366758e-01, 3.453138003661043731e-01, 2.382614380124158937e-01
1.064708453304813174e-01, 3.095152656124448010e-01, 3.452569565694169618e-01, 2.387569324876569754e-01
1.062134978258981038e-01, 3.093343270883439633e-01, 3.451992562373176199e-01, 2.392529188484402436e-01
1.059571170788854988e-01, 3.091527882919248293e-01, 3.451407002855728101e-01, 2.397493943436169450e-01
1.057017027682082000e-01, 3.089706513888221262e-01, 3.450812896344073177e-01, 2.402463562085623006e-01
1.054472545779707449e-01, 3.087879185484411204e-01, 3.450210252085246232e-01, 2.407438016650635115e-01
1.051937721976842627e-01, 3.086045919439827090e-01, 3.449599079371263310e-01, 2.412417279212066001e-01
1.049412553223336014e-01, 3.084206737524701203e-01, 3.448979387539327091e-01, 2.417401321712635831e-01
1.046897036524438301e-01, 3.082361661547751153e-01, 3.448351185972023392e-01, 2.422390115955787293e-01
1.044391168941470049e-01, 3.080510713356446884e-01, 3.447714484097532117e-01, 2.427383633604550117e-01
1.041894947592484633e-01, 3.078653914837278793e-01, 3.447069291389832091e-01, 2.432381846180404483e-01
1.039408369652934788e-01, 3.076791287916024742e-01, 3.446415617368904782e-01, 2.437384725062134994e-01
1.036931432356333477e-01, 3.074922854558028718e-01, 3.445753471600951356e-01, 2.442392241484687698e-01
1.034464132994913910e-01, 3.073048636768465625e-01, 3.445082863698599174e-01, 2.447404366538020459e-01
1.032006468920294850e-01, 3.071168656592628832e-01, 3.444403803321121615e-01, 2.452421071165955535e-01
1.029558437544134536e-01, 3.069282936116199401e-01, 3.443716300174645140e-01, 2.457442326165020230e-01
1.027120036338792231e-01, 3.067391497465532524e-01, 3.443020364012380208e-01, 2.462468102183293928e-01
1.024691262837984229e-01, 3.065494362807939521e-01, 3.442316004634828341e-01, 2.467498369719248186e-01
1.022272114637441387e-01, 3.063591554351968171e-01, 3.441603231890009718e-01, 2.472533099120581834e-01
1.019862589395560265e-01, 3.061683094347696366e-01, 3.440882055673689655e-01, 2.477572260583053299e-01
1.017462684834063436e-01, 3.059769005087018545e-01, 3.440152485929597326e-01, 2.482615824149319028e-01
1.015072398738646881e-01, 3.057849308903937136e-01, 3.439414532649662237e-01, 2.487663759707753608e-01
1.012691728959634885e-01, 3.055924028174855644e-01, 3.438668205874234607e-01, 2.492716036991276252e-01
1.010320673412629516e-01, 3.053993185318873982e-01, 3.437913515692323507e-01, 2.497772625576172856e-01
1.007959230079163160e-01, 3.052056802798090440e-01, 3.437150472241830568e-01, 2.502833494880916665e-01
1.005607397007344250e-01, 3.050114903117896459e-01, 3.436379085709780346e-01, 2.507898614164977835e-01
1.003265172312507725e-01, 3.048167508827284156e-01, 3.435599366332566795e-01, 2.512967952527641602e-01
1.000932554177861311e-01, 3.046214642519146087e-01, 3.434811324396182530e-01, 2.518041478906808961e-01
9.986095408551311225e-02, 3.044256326830586112e-01, 3.434014970236471398e-01, 2.523119162077811506e-01
9.962961306652079463e-02, 3.042292584443224701e-01, 3.433210314239364402e-01, 2.528200970652202950e-01
9.939923219987913117e-02, 3.040323438083514240e-01, 3.432397366841129505e-01, 2.533286873076564527e-01
9.916981133170313378e-02, 3.038348910523048230e-01, 3.431576138528620867e-01, 2.538376837631300953e-01
9.894135031521729406e-02, 3.036369024578879361e-01, 3.430746639839524770e-01, 2.543470832429423623e-01
9.871384901081958763e-02, 3.034383803113839817e-01, 3.429908881362616624e-01, 2.548568825415348238e-01
9.848730728614565888e-02, 3.032393269036854355e-01, 3.429062873738014661e-01, 2.553670784363674673e-01
9.826172501613267274e-02, 3.030397445303271153e-01, 3.428208627657432506e-01, 2.558776676877969614e-01
9.803710208308319407e-02, 3.028396354915179889e-01, 3.427346153864443967e-01, 2.563886470389543648e-01
9.781343837672913655e-02, 3.026390020921742030e-01, 3.426475463154740608e-01, 2.569000132156226690e-01
9.759073379429514250e-02, 3.024378466419520017e-01, 3.425596566376393759e-01, 2.574117629261136186e-01
9.736898824056243462e-02, 3.022361714552805334e-01, 3.424709474430124301e-01, 2.579238928611445880e-01
9.714820162793226521e-02, 3.020339788513958235e-01, 3.423814198269566345e-01, 2.584363996937152907e-01
9.692837387648929603e-02, 3.018312711543737481e-01, 3.422910748901539235e-01, 2.589492800789830462e-01
9.670950491406501981e-02, 3.016280506931643957e-01, 3.421999137386317891e-01, 2.594625306541388787e-01
9.649159467630086251e-02, 3.014243198016257064e-01, 3.421079374837908138e-01, 2.599761480382826728e-01
9.627464310671147996e-02, 3.012200808185580558e-01, 3.420151472424322603e-01, 2.604901288322980513e-01
9.605865015674779073e-02, 3.010153360877387274e-01, 3.419215441367864372e-01, 2.610044696187271973e-01
9.584361578585982866e-02, 3.008100879579563847e-01, 3.418271292945395667e-01, 2.615191669616441783e-01
9.562953996155994230e-02, 3.006043387830465430e-01, 3.417319038488637606e-01, 2.620342174065296570e-01
9.541642265948527268e-02, 3.003980909219265416e-01, 3.416358689384442204e-01, 2.625496174801438820e-01
9.520426386346064751e-02, 3.001913467386308487e-01, 3.415390257075089919e-01, 2.630653636903996784e-01
9.499306356556114217e-02, 2.999841086023468106e-01, 3.414413753058572198e-01, 2.635814525262348829e-01
9.478282176617464083e-02, 2.997763788874510116e-01, 3.413429188888890686e-01, 2.640978804574852790e-01
9.457353847406436975e-02, 2.995681599735449674e-01, 3.412436576176349212e-01, 2.646146439347558110e-01
9.436521370643115303e-02, 2.993594542454913188e-01, 3.411435926587850775e-01, 2.651317393892924090e-01
9.415784748897564060e-02, 2.991502640934513013e-01, 3.410427251847200636e-01, 2.656491632328530361e-01
9.395143985596066116e-02, 2.989405919129207168e-01, 3.409410563735404409e-01, 2.661669118575782367e-01
9.374599085027320033e-02, 2.987304401047674585e-01, 3.408385874090975043e-01, 2.666849816358616843e-01
9.354150052348639277e-02, 2.985198110752690925e-01, 3.407353194810242569e-01, 2.672033689202203410e-01
9.333796893592152810e-02, 2.983087072361497172e-01, 3.406312537847656641e-01, 2.677220700431631739e-01
9.313539615670973770e-02, 2.980971310046185985e-01, 3.405263915216105719e-01, 2.682410813170611474e-01
9.293378226385382024e-02, 2.978850848034076959e-01, 3.404207338987227938e-01, 2.687603990340157178e-01
9.273312734428990067e-02, 2.976725710608101316e-01, 3.403142821291728626e-01, 2.692800194657270496e-01
9.253343149394883949e-02, 2.974595922107187151e-01, 3.402070374319702273e-01, 2.697999388633621765e-01
9.233469481781779453e-02, 2.972461506926648012e-01, 3.400990010320950052e-01, 2.703201534574223852e-01
9.213691743000153311e-02, 2.970322489518570919e-01, 3.399901741605308447e-01, 2.708406594576104887e-01
9.194009945378360527e-02, 2.968178894392212719e-01, 3.398805580542975102e-01, 2.713614530526975988e-01
9.174424102168766970e-02, 2.966030746114389771e-01, 3.397701539564839113e-01, 2.718825304103894558e-01
9.154934227553843118e-02, 2.963878069309879848e-01, 3.396589631162811318e-01, 2.724038876771924245e-01
9.135540336652249460e-02, 2.961720888661822371e-01, 3.395469867890161808e-01, 2.729255209782789349e-01
9.116242445524952442e-02, 2.959559228912117534e-01, 3.394342262361857987e-01, 2.734474264173529234e-01
9.097040571181266855e-02, 2.957393114861830430e-01, 3.393206827254899305e-01, 2.739696000765141637e-01
9.077934731584937078e-02, 2.955222571371605711e-01, 3.392063575308670309e-01, 2.744920380161231521e-01
9.058924945660185024e-02, 2.953047623362066165e-01, 3.390912519325273156e-01, 2.750147362746642177e-01
9.040011233297767790e-02, 2.950868295814234044e-01, 3.389753672169887322e-01, 2.755376908686101856e-01
9.021193615360982576e-02, 2.948684613769941287e-01, 3.388587046771115996e-01, 2.760608977922843765e-01
9.002472113691720179e-02, 2.946496602332248083e-01, 3.387412656121336907e-01, 2.765843530177243270e-01
8.983846751116451868e-02, 2.944304286665859749e-01, 3.386230513277063703e-01, 2.771080524945431778e-01
8.965317551452225975e-02, 2.942107691997551400e-01, 3.385040631359302332e-01, 2.776319921497922838e-01
8.946884539512683920e-02, 2.939906843616593157e-01, 3.383843023553912976e-01, 2.781561678878224364e-01
8.928547741114005454e-02, 2.937701766875172593e-01, 3.382637703111976979e-01, 2.786805755901450299e-01
8.910307183080885818e-02, 2.935492487188826605e-01, 3.381424683350159888e-01, 2.792052111152925620e-01
8.892162893252480993e-02, 2.933279030036876067e-01, 3.380203977651083380e-01, 2.797300702986792453e-01
8.874114900488361268e-02, 2.931061420962854380e-01, 3.378975599463704405e-01, 2.802551489524605088e-01
8.856163234674419016e-02, 2.928839685574947671e-01, 3.377739562303680998e-01, 2.807804428653928874e-01
8.838307926728788955e-02, 2.926613849546433332e-01, 3.376495879753759755e-01, 2.813059478026928018e-01
8.820549008607753150e-02, 2.924383938616122447e-01, 3.375244565464150526e-01, 2.818316595058951712e-01
8.802886513311627970e-02, 2.922149978588801100e-01, 3.373985633152916108e-01, 2.823575736927119162e-01
8.785320474890638554e-02, 2.919911995335681687e-01, 3.372719096606357492e-01, 2.828836860568897382e-01
8.767850928450755810e-02, 2.917670014794845335e-01, 3.371444969679403547e-01, 2.834099922680675121e-01
8.750477910159588923e-02, 2.915424062971699870e-01, 3.370163266296007931e-01, 2.839364879716333445e-01
8.733201457252168232e-02, 2.913174165939430016e-01, 3.368874000449540440e-01, 2.844631687885811888e-01
8.716021608036789159e-02, 2.910920349839456467e-01, 3.367577186203190576e-01, 2.849900303153674597e-01
8.698938401900818684e-02, 2.908662640881889971e-01, 3.366272837690365005e-01, 2.855170681237662600e-01
8.681951879316454623e-02, 2.906401065345999846e-01, 3.364960969115099454e-01, 2.860442777607256071e-01
8.665062081846520992e-02, 2.904135649580669720e-01, 3.363641594752460051e-01, 2.865716547482217158e-01
8.648269052150220348e-02, 2.901866420004873826e-01, 3.362314728948960219e-01, 2.870991945831145586e-01
8.631572833988850058e-02, 2.899593403108134404e-01, 3.360980386122970343e-01, 2.876268927370011497e-01
8.614973472231556018e-02, 2.897316625451000216e-01, 3.359638580765139104e-01, 2.881547446560704939e-01
8.598471012861022555e-02, 2.895036113665520605e-01, 3.358289327438813143e-01, 2.886827457609564274e-01
8.582065502979149829e-02, 2.892751894455716788e-01, 3.356932640780459498e-01, 2.892108914465908454e-01
8.565756990812747884e-02, 2.890463994598065356e-01, 3.355568535500091931e-01, 2.897391770820569312e-01
8.549545525719161321e-02, 2.888172440941975117e-01, 3.354197026381701141e-01, 2.902675980104406639e-01
8.533431158191934207e-02, 2.885877260410275591e-01, 3.352818128283692189e-01, 2.907961495486839354e-01
8.517413939866388950e-02, 2.883578479999697186e-01, 3.351431856139312493e-01, 2.913248269874352259e-01
8.501493923525255125e-02, 2.881276126781363023e-01, 3.350038224957099242e-01, 2.918536255909012778e-01
8.485671163104230308e-02, 2.878970227901278545e-01, 3.348637249821317385e-01, 2.923825405966981594e-01
8.469945713697521472e-02, 2.876660810580826677e-01, 3.347228945892405383e-01, 2.929115672157014960e-01
8.454317631563412760e-02, 2.874347902117261322e-01, 3.345813328407428178e-01, 2.934407006318968669e-01
8.438786974129749985e-02, 2.872031529884204737e-01, 3.344390412680524616e-01, 2.939699360022294816e-01
8.423353799999454272e-02, 2.869711721332149912e-01, 3.342960214103366523e-01, 2.944992684564538554e-01
8.408018168955967708e-02, 2.867388503988962944e-01, 3.341522748145615007e-01, 2.950286930969824861e-01
8.392780141968739227e-02, 2.865061905460387082e-01, 3.340078030355386196e-01, 2.955582049987353632e-01
8.377639781198609192e-02, 2.862731953430550091e-01, 3.338626076359713091e-01, 2.960877992089875899e-01
8.362597150003239777e-02, 2.860398675662477741e-01, 3.337166901865016855e-01, 2.966174707472182814e-01
8.347652312942480113e-02, 2.858062099998600614e-01, 3.335700522657574218e-01, 2.971472146049576879e-01
8.332805335783720346e-02, 2.855722254361274803e-01, 3.334226954604003756e-01, 2.976770257456350377e-01
8.318056285507227643e-02, 2.853379166753291507e-01, 3.332746213651729961e-01, 2.982068991044254380e-01
8.303405230311441954e-02, 2.851032865258403826e-01, 3.331258315829480621e-01, 2.987368295880970526e-01
