5.817016534311826303e-01, 7.901856152592205695e-02, 6.713049575307813988e-02, 2.721492892898171312e-01
5.810035739512655617e-01, 7.909054335822279791e-02, 6.717194151019247050e-02, 2.727339411803191283e-01
5.803028338125706398e-01, 7.916356993294385025e-02, 6.721456226298777592e-02, 2.733190339914975953e-01
5.795994493532923286e-01, 7.923763946717533868e-02, 6.725835819558646789e-02, 2.739045529839457815e-01
5.788934369677666281e-01, 7.931275016695357727e-02, 6.730332948830090867e-02, 2.744904833769788444e-01
5.781848131061596563e-01, 7.938890022720752893e-02, 6.734947631751188324e-02, 2.750768103491209038e-01
5.774735942741509032e-01, 7.946608783170613921e-02, 6.739679885554680783e-02, 2.756635190385960943e-01
5.767597970326100443e-01, 7.954431115300578115e-02, 6.744529727055749435e-02, 2.762505945438267219e-01
5.760434379972669827e-01, 7.962356835239876862e-02, 6.749497172639754017e-02, 2.768380219239367501e-01
5.753245338383774499e-01, 7.970385757986218900e-02, 6.754582238249928761e-02, 2.774257861992609486e-01
5.746031012803815008e-01, 7.978517697400762387e-02, 6.759784939375056145e-02, 2.780138723518602029e-01
5.738791571015552373e-01, 7.986752466203153600e-02, 6.765105291037089297e-02, 2.786022653260422643e-01
5.731527181336578680e-01, 7.995089875966615578e-02, 6.770543307778760511e-02, 2.791909500288883295e-01
5.724238012615715521e-01, 8.003529737113146414e-02, 6.776099003651153696e-02, 2.797799113307855579e-01
5.716924234229352475e-01, 8.012071858908721700e-02, 6.781772392201240729e-02, 2.803691340659650311e-01
5.709586016077733417e-01, 8.020716049458688490e-02, 6.787563486459426143e-02, 2.809586030330457063e-01
5.702223528581156220e-01, 8.029462115703091263e-02, 6.793472298927022424e-02, 2.815483029955831995e-01
5.694836942676144709e-01, 8.038309863412224088e-02, 6.799498841563755835e-02, 2.821382186826257299e-01
5.687426429811524020e-01, 8.047259097182143939e-02, 6.805643125775198699e-02, 2.827283347892741716e-01
5.679992161944458218e-01, 8.056309620430354701e-02, 6.811905162400236358e-02, 2.833186359772482121e-01
5.672534311536413520e-01, 8.065461235391507833e-02, 6.818284961698495295e-02, 2.839091068754586167e-01
5.665053051549059360e-01, 8.074713743113240416e-02, 6.824782533337751811e-02, 2.844997320805840446e-01
5.657548555440110594e-01, 8.084066943452082599e-02, 6.831397886381368467e-02, 2.850904961576544716e-01
5.650020997159103109e-01, 8.093520635069448299e-02, 6.838131029275659745e-02, 2.856813836406386642e-01
5.642470551143109470e-01, 8.103074615427731386e-02, 6.844981969837317382e-02, 2.862723790330385376e-01
5.634897392312391284e-01, 8.112728680786501778e-02, 6.851950715240792689e-02, 2.868634668084878991e-01
5.627301696065983849e-01, 8.122482626198752886e-02, 6.859037272005691355e-02, 2.874546314113571310e-01
5.619683638277225279e-01, 8.132336245507312822e-02, 6.866241645984166864e-02, 2.880458572573628695e-01
5.612043395289209036e-01, 8.142289331341301395e-02, 6.873563842348309749e-02, 2.886371287341829572e-01
5.604381143910204255e-01, 8.152341675112705077e-02, 6.881003865577553502e-02, 2.892284302020768361e-01
5.596697061408967278e-01, 8.162493067013085191e-02, 6.888561719446080478e-02, 2.898197459945115462e-01
5.588991325510030972e-01, 8.172743296010319403e-02, 6.896237407010237519e-02, 2.904110604187914446e-01
5.581264114388906350e-01, 8.183092149845511143e-02, 6.904030930595954352e-02, 2.910023577566947517e-01
5.573515606667237554e-01, 8.193539415029983675e-02, 6.911942291786199455e-02, 2.915936222651143717e-01
5.565745981407881349e-01, 8.204084876842378249e-02, 6.919971491408426212e-02, 2.921848381767038205e-01
5.557955418109931101e-01, 8.214728319325867445e-02, 6.928118529522039881e-02, 2.927759897005278167e-01
5.550144096703676366e-01, 8.225469525285490635e-02, 6.936383405405892322e-02, 2.933670610227185893e-01
5.542312197545496977e-01, 8.236308276285571328e-02, 6.944766117545798922e-02, 2.939580363071365721e-01
5.534459901412708271e-01, 8.247244352647280230e-02, 6.953266663622061083e-02, 2.945488996960357042e-01
5.526587389498321956e-01, 8.258277533446299612e-02, 6.961885040497041433e-02, 2.951396353107343384e-01
5.518694843405763661e-01, 8.269407596510607028e-02, 6.970621244202750144e-02, 2.957302272522902009e-01
5.510782445143518338e-01, 8.280634318418370055e-02, 6.979475269928438197e-02, 2.963206596021800143e-01
5.502850377119726799e-01, 8.291957474495993685e-02, 6.988447112008276674e-02, 2.969109164229845055e-01
5.494898822136703442e-01, 8.303376838816224625e-02, 6.997536763909015245e-02, 2.975009817590771877e-01
5.486927963385401785e-01, 8.314892184196445712e-02, 7.006744218217705877e-02, 2.980908396373183056e-01
5.478937984439825604e-01, 8.326503282197052214e-02, 7.016069466629464013e-02, 2.986804740677522219e-01
5.470929069251369015e-01, 8.338209903119972455e-02, 7.025512499935242239e-02, 2.992698690443109655e-01
5.462901402143097718e-01, 8.350011816007293919e-02, 7.035073308009676119e-02, 2.998590085455204446e-01
5.454855167803978055e-01, 8.361908788640060042e-02, 7.044751879798961947e-02, 3.004478765352119329e-01
5.446790551283037241e-01, 8.373900587537126683e-02, 7.054548203308758092e-02, 3.010364569632373311e-01
5.438707737983469181e-01, 8.385986977954214272e-02, 7.064462265592183488e-02, 3.016247337661891459e-01
5.430606913656678136e-01, 8.398167723883052938e-02, 7.074494052737811955e-02, 3.022126908681235236e-01
5.422488264396269075e-01, 8.410442588050671964e-02, 7.084643549857735922e-02, 3.028003121812890552e-01
5.414351976631969210e-01, 8.422811331918834965e-02, 7.094910741075706462e-02, 3.033875816068575815e-01
5.406198237123509553e-01, 8.435273715683563878e-02, 7.105295609515281663e-02, 3.039744830356606586e-01
5.398027232954420995e-01, 8.447829498274854465e-02, 7.115798137288079084e-02, 3.045610003489285234e-01
5.389839151525807059e-01, 8.460478437356490355e-02, 7.126418305482046245e-02, 3.051471174190339974e-01
5.381634180550024515e-01, 8.473220289326015287e-02, 7.137156094149826879e-02, 3.057328181102391684e-01
5.373412508044341784e-01, 8.486054809314814984e-02, 7.148011482297153552e-02, 3.063180862794461223e-01
5.365174322324512968e-01, 8.498981751188387779e-02, 7.158984447871324930e-02, 3.069029057769514512e-01
5.356919811998314129e-01, 8.512000867546688776e-02, 7.170074967749755224e-02, 3.074872604472042026e-01
5.348649165959012963e-01, 8.525111909724664150e-02, 7.181283017728561091e-02, 3.080711341295664374e-01
5.340362573378794053e-01, 8.538314627792929767e-02, 7.192608572511263731e-02, 3.086545106590786181e-01
5.332060223702124180e-01, 8.551608770558535855e-02, 7.204051605697510408e-02, 3.092373738672272165e-01
5.323742306639058786e-01, 8.564994085565953708e-02, 7.215612089771906990e-02, 3.098197075827155977e-01
5.315409012158511803e-01, 8.578470319098141506e-02, 7.227289996092899071e-02, 3.104014956322385110e-01
5.307060530481452210e-01, 8.592037216177784986e-02, 7.239085294881759947e-02, 3.109827218412594130e-01
5.298697052074063940e-01, 8.605694520568671346e-02, 7.250997955211609114e-02, 3.115633700347908430e-01
5.290318767640845854e-01, 8.619441974777225512e-02, 7.263027944996582053e-02, 3.121434240381772418e-01
5.281925868117670619e-01, 8.633279320054182415e-02, 7.275175230980987506e-02, 3.127228676778812111e-01
5.273518544664771435e-01, 8.647206296396386938e-02, 7.287439778728639628e-02, 3.133016847822724937e-01
5.265096988659712096e-01, 8.661222642548789541e-02, 7.299821552612199838e-02, 3.138798591824190076e-01
5.256661391690270468e-01, 8.675328096006534873e-02, 7.312320515802664400e-02, 3.144573747128809327e-01
5.248211945547309742e-01, 8.689522393017244661e-02, 7.324936630258900572e-02, 3.150342152125074624e-01
5.239748842217573088e-01, 8.703805268583414412e-02, 7.337669856717293770e-02, 3.156103645252356094e-01
5.231272273876441670e-01, 8.718176456464990509e-02, 7.350520154681462748e-02, 3.161858065008913421e-01
5.222782432880650472e-01, 8.732635689182075001e-02, 7.363487482412094109e-02, 3.167605249959932756e-01
5.214279511760954167e-01, 8.747182698017799685e-02, 7.376571796916858714e-02, 3.173345038745579161e-01
5.205763703214745242e-01, 8.761817213021320938e-02, 7.389773053940412728e-02, 3.179077270089080698e-01
5.197235200098624386e-01, 8.776538963011007444e-02, 7.403091207954527742e-02, 3.184801782804821402e-01
5.188694195420939792e-01, 8.791347675577733389e-02, 7.416526212148280561e-02, 3.190518415806458119e-01
5.180140882334270946e-01, 8.806243077088378446e-02, 7.430078018418367902e-02, 3.196227008115056223e-01
5.171575454127871341e-01, 8.821224892689420727e-02, 7.443746577359514061e-02, 3.201927398867234764e-01
5.162998104220078988e-01, 8.836292846310732363e-02, 7.457531838254997936e-02, 3.207619427323348260e-01
5.154409026150670314e-01, 8.851446660669486100e-02, 7.471433749067252217e-02, 3.213302932875655160e-01
5.145808413573187412e-01, 8.866686057274253407e-02, 7.485452256428606899e-02, 3.218977755056526280e-01
5.137196460247215324e-01, 8.882010756429231657e-02, 7.499587305632107737e-02, 3.224643733546651014e-01
5.128573360030628248e-01, 8.897420477238615621e-02, 7.513838840622467929e-02, 3.230300708183263536e-01
5.119939306871794660e-01, 8.912914937611166044e-02, 7.528206803987101681e-02, 3.235948518968378984e-01
5.111294494801744692e-01, 8.928493854264867025e-02, 7.542691136947313191e-02, 3.241587006077037980e-01
5.102639117926295320e-01, 8.944156942731792959e-02, 7.557291779349549488e-02, 3.247216009865569464e-01
5.093973370418157787e-01, 8.959903917363108705e-02, 7.572008669656808688e-02, 3.252835370879850196e-01
5.085297446508982855e-01, 8.975734491334207144e-02, 7.586841744940135690e-02, 3.258444929863582029e-01
5.076611540481399398e-01, 8.991648376650017427e-02, 7.601790940870249702e-02, 3.264044527766574166e-01
5.067915846661000812e-01, 9.007645284150488096e-02, 7.616856191709275858e-02, 3.269634005753023209e-01
5.059210559408305885e-01, 9.023724923516159013e-02, 7.632037430302614223e-02, 3.275213205209817069e-01
5.050495873110690814e-01, 9.039887003273942845e-02, 7.647334588070921202e-02, 3.280781967754822781e-01
5.041771982174284572e-01, 9.056131230803056431e-02, 7.662747595002217249e-02, 3.286340135245187644e-01
5.033039081015836524e-01, 9.072457312341068725e-02, 7.678276379644093097e-02, 3.291887549785647016e-01
5.024297364054559623e-01, 9.088864952990120816e-02, 7.693920869096076975e-02, 3.297424053736821570e-01
5.015547025703935846e-01, 9.105353856723327755e-02, 7.709680989002094809e-02, 3.302949489723522869e-01
5.006788260363504994e-01, 9.121923726391265030e-02, 7.725556663543087232e-02, 3.308463700643059502e-01
4.998021262410622945e-01, 9.138574263728668767e-02, 7.741547815429725143e-02, 3.313966529673537109e-01
4.989246226192188827e-01, 9.155305169361260820e-02, 7.757654365895277904e-02, 3.319457820282157301e-01
4.980463346016355541e-01, 9.172116142812716810e-02, 7.773876234688578690e-02, 3.324937416233513798e-01
4.971672816144218077e-01, 9.189006882511807639e-02, 7.790213340067160541e-02, 3.330405161597885244e-01
4.962874830781467961e-01, 9.205977085799652015e-02, 7.806665598790488159e-02, 3.335860900759517467e-01
4.954069584070039389e-01, 9.223026448937186872e-02, 7.823232926113356245e-02, 3.341304478424906854e-01
4.945257270079723710e-01, 9.240154667112690512e-02, 7.839915235779383595e-02, 3.346735739631068740e-01
4.936438082799772809e-01, 9.257361434449547233e-02, 7.856712440014676502e-02, 3.352154529753804124e-01
4.927612216130480283e-01, 9.274646444014111868e-02, 7.873624449521592072e-02, 3.357560694515950850e-01
4.918779863874734870e-01, 9.292009387823696454e-02, 7.890651173472670865e-02, 3.362954079995628121e-01
4.909941219729584416e-01, 9.309449956854783104e-02, 7.907792519504687478e-02, 3.368334532634468248e-01
4.901096477277747665e-01, 9.326967841051302111e-02, 7.925048393712842698e-02, 3.373701899245839519e-01
4.892245829979136595e-01, 9.344562729333094619e-02, 7.942418700645093033e-02, 3.379056027023044639e-01
4.883389471162363216e-01, 9.362234309604529348e-02, 7.959903343296627354e-02, 3.384396763547521392e-01
4.874527594016216936e-01, 9.379982268763228936e-02, 7.977502223104468437e-02, 3.389723956797014992e-01
4.865660391581148603e-01, 9.397806292708951736e-02, 7.995215239942216057e-02, 3.395037455153734340e-01
4.856788056740734549e-01, 9.415706066352652615e-02, 8.013042292114957998e-02, 3.400337107412504944e-01
4.847910782213127323e-01, 9.433681273625625641e-02, 8.030983276354280997e-02, 3.405622762788881874e-01
4.839028760542506968e-01, 9.451731597488827186e-02, 8.049038087813484288e-02, 3.410894270927262162e-01
4.830142184090516766e-01, 9.469856719942328083e-02, 8.067206620062848665e-02, 3.416151481908966114e-01
4.821251245027693977e-01, 9.488056322034893464e-02, 8.085488765085131757e-02, 3.421394246260301975e-01
4.812356135324902806e-01, 9.506330083873734682e-02, 8.103884413271165987e-02, 3.426622414960606711e-01
4.803457046744740166e-01, 9.524677684634356989e-02, 8.122393453415613362e-02, 3.431835839450262382e-01
4.794554170832967532e-01, 9.543098802570551542e-02, 8.141015772712861809e-02, 3.437034371638690855e-01
4.785647698909913927e-01, 9.561593115024563660e-02, 8.159751256753070003e-02, 3.442217863912322984e-01
4.776737822061895566e-01, 9.580160298437338795e-02, 8.178599789518355145e-02, 3.447386169142535040e-01
4.767824731132623284e-01, 9.598800028358935033e-02, 8.197561253379127832e-02, 3.452539140693571262e-01
4.758908616714611628e-01, 9.617511979459053562e-02, 8.216635529090574042e-02, 3.457676632430425334e-01
4.749989669140599613e-01, 9.636295825537720405e-02, 8.235822495789292541e-02, 3.462798498726697427e-01
4.741068078474959258e-01, 9.655151239536062524e-02, 8.255122030990080795e-02, 3.467904594472426272e-01
4.732144034505112451e-01, 9.674077893547250451e-02, 8.274534010582842991e-02, 3.472994775081877372e-01
4.723217726732964472e-01, 9.693075458827545010e-02, 8.294058308829678483e-02, 3.478068896501315121e-01
4.714289344366315859e-01, 9.712143605807468938e-02, 8.313694798362100680e-02, 3.483126815216728844e-01
4.705359076310314248e-01, 9.731282004103128380e-02, 8.333443350178426634e-02, 3.488168388261531083e-01
4.696427111158886780e-01, 9.750490322527624598e-02, 8.353303833641273490e-02, 3.493193473224223689e-01
4.687493637186193052e-01, 9.769768229102619717e-02, 8.373276116475260322e-02, 3.498201928256018944e-01
4.678558842338086943e-01, 9.789115391069982963e-02, 8.393360064764814055e-02, 3.503193612078432939e-01
4.669622914223588994e-01, 9.808531474903631198e-02, 8.413555542952143307e-02, 3.508168383990834527e-01
4.660686040106362671e-01, 9.828016146321376378e-02, 8.433862413835357952e-02, 3.513126103877963757e-01
4.651748406896221155e-01, 9.847569070297018667e-02, 8.454280538566756598e-02, 3.518066632217400347e-01
4.642810201140629145e-01, 9.867189911072442310e-02, 8.474809776651233417e-02, 3.522989830087004948e-01
4.633871609016224080e-01, 9.886878332169887762e-02, 8.495449985944862614e-02, 3.527895559172299356e-01
4.624932816320372897e-01, 9.906633996404350107e-02, 8.516201022653614727e-02, 3.532783681773830620e-01
4.615994008462707132e-01, 9.926456565896027429e-02, 8.537062741332232529e-02, 3.537654060814467427e-01
4.607055370456713539e-01, 9.946345702082930174e-02, 8.558034994883254032e-02, 3.542506559846668179e-01
4.598117086911324147e-01, 9.966301065733591813e-02, 8.579117634556185368e-02, 3.547341043059696886e-01
4.589179342022531860e-01, 9.986322316959879430e-02, 8.600310509946830495e-02, 3.552157375286796870e-01
4.580242319565019371e-01, 1.000640911522988757e-01, 8.621613468996768004e-02, 3.556955422012313406e-01
4.571306202883825276e-01, 1.002656111938099587e-01, 8.643026357992959763e-02, 3.561735049378777496e-01
4.562371174886020730e-01, 1.004677798763296409e-01, 8.664549021567531650e-02, 3.566496124193929140e-01
4.553437418032409423e-01, 1.006705937760117020e-01, 8.686181302697711104e-02, 3.571238513937701753e-01
4.544505114329268070e-01, 1.008740494630994411e-01, 8.707923042705870142e-02, 3.575962086769149950e-01
4.535574445320091352e-01, 1.010781435020597224e-01, 8.729774081259782104e-02, 3.580666711533334601e-01
4.526645592077381819e-01, 1.012828724517182699e-01, 8.751734256372964427e-02, 3.585352257768139594e-01
4.517718735194460877e-01, 1.014882328653959331e-01, 8.773803404405208783e-02, 3.590018595711060856e-01
4.508794054777302551e-01, 1.016942212910455501e-01, 8.795981360063244436e-02, 3.594665596305918198e-01
4.499871730436415529e-01, 1.019008342713901422e-01, 8.818267956401555641e-02, 3.599293131209527208e-01
4.490951941278736315e-01, 1.021080683440617892e-01, 8.840663024823343374e-02, 3.603901072798311178e-01
4.482034865899564569e-01, 1.023159200417412817e-01, 8.863166395081641113e-02, 3.608489294174858086e-01
4.473120682374533419e-01, 1.025243858922988277e-01, 8.885777895280561056e-02, 3.613057669174423725e-01
4.464209568251605864e-01, 1.027334624189357171e-01, 8.908497351876694392e-02, 3.617606072371367665e-01
4.455301700543117804e-01, 1.029431461403264164e-01, 8.931324589680676718e-02, 3.622134379085551470e-01
4.446397255717844388e-01, 1.031534335707618016e-01, 8.954259431858860308e-02, 3.626642465388651426e-01
4.437496409693115762e-01, 1.033643212202932093e-01, 8.977301699935172352e-02, 3.631130208110434077e-01
4.428599337826956694e-01, 1.035758055948770434e-01, 9.000451213793088379e-02, 3.635597484844964589e-01
4.419706214910279485e-01, 1.037878831965202003e-01, 9.023707791677755552e-02, 3.640044173956744622e-01
4.410817215159105742e-01, 1.040005505234263689e-01, 9.047071250198265857e-02, 3.644470154586803012e-01
4.401932512206844228e-01, 1.042138040701430651e-01, 9.070541404330076385e-02, 3.648875306658718176e-01
4.393052279096580914e-01, 1.044276403277091675e-01, 9.094118067417540641e-02, 3.653259510884572792e-01
4.384176688273448419e-01, 1.046420557838033116e-01, 9.117801051176639693e-02, 3.657622648770854079e-01
4.375305911577014872e-01, 1.048570469228927715e-01, 9.141590165697792425e-02, 3.661964602624278031e-01
4.366440120233718858e-01, 1.050726102263834227e-01, 9.165485219448828158e-02, 3.666285255557564238e-01
4.357579484849362084e-01, 1.052887421727696921e-01, 9.189486019278123030e-02, 3.670584491495128554e-01
4.348724175401636471e-01, 1.055054392377857281e-01, 9.213592370417843236e-02, 3.674862195178721924e-01
4.339874361232706201e-01, 1.057226978945568774e-01, 9.237804076487331206e-02, 3.679118252172993153e-01
4.331030211041829170e-01, 1.059405146137515352e-01, 9.262120939496634731e-02, 3.683352548870992837e-01
4.322191892878038955e-01, 1.061588858637340926e-01, 9.286542759850202611e-02, 3.687564972499599580e-01
4.313359574132865082e-01, 1.063778081107180223e-01, 9.311069336350631664e-02, 3.691755411124890696e-01
4.304533421533113802e-01, 1.065972778189195475e-01, 9.335700466202641323e-02, 3.695923753657425204e-01
4.295713601133692716e-01, 1.068172914507116850e-01, 9.360435945017127335e-02, 3.700069889857478533e-01
4.286900278310489809e-01, 1.070378454667793022e-01, 9.385275566815365345e-02, 3.704193710340182299e-01
4.278093617753308542e-01, 1.072589363262739376e-01, 9.410219124033346316e-02, 3.708295106580618006e-01
4.269293783458856240e-01, 1.074805604869695785e-01, 9.435266407526241017e-02, 3.712373970918825261e-01
4.260500938723782993e-01, 1.077027144054185925e-01, 9.460417206572983850e-02, 3.716430196564733945e-01
4.251715246137781623e-01, 1.079253945371080464e-01, 9.485671308881002406e-02, 3.720463677603036978e-01
4.242936867576740934e-01, 1.081485973366168030e-01, 9.511028500591078849e-02, 3.724474308997982597e-01
4.234165964195952814e-01, 1.083723192577725064e-01, 9.536488566282307067e-02, 3.728461986598091693e-01
4.225402696423388171e-01, 1.085965567538088455e-01, 9.562051288977212182e-02, 3.732426607140801877e-01
4.216647223953018941e-01, 1.088213062775239964e-01, 9.587716450146976932e-02, 3.736368068257042707e-01
4.207899705738207818e-01, 1.090465642814382186e-01, 9.613483829716790163e-02, 3.740286268475730425e-01
4.199160299985153499e-01, 1.092723272179525335e-01, 9.639353206071320235e-02, 3.744181107228189420e-01
4.190429164146400320e-01, 1.094985915395074311e-01, 9.665324356060316091e-02, 3.748052484852492650e-01
4.181706454914408955e-01, 1.097253536987417427e-01, 9.691397055004333239e-02, 3.751900302597740988e-01
4.172992328215182067e-01, 1.099526101486518609e-01, 9.717571076700563804e-02, 3.755724462628242111e-01
4.164286939201970461e-01, 1.101803573427512367e-01, 9.743846193428777613e-02, 3.759524868027639966e-01
4.155590442249018079e-01, 1.104085917352296969e-01, 9.770222175957427035e-02, 3.763301422802943774e-01
4.146902990945395273e-01, 1.106373097811133716e-01, 9.796698793549803164e-02, 3.767054031888489862e-01
4.138224738088885357e-01, 1.108665079364247602e-01, 9.823275813970362702e-02, 3.770782601149831881e-01
4.129555835679931119e-01, 1.110961826583422851e-01, 9.849953003491139503e-02, 3.774487037387532773e-01
4.120896434915662931e-01, 1.113263304053609543e-01, 9.876730126898267126e-02, 3.778167248340901785e-01
4.112246686183981259e-01, 1.115569476374522334e-01, 9.903606947498622137e-02, 3.781823142691633222e-01
4.103606739057714670e-01, 1.117880308162245151e-01, 9.930583227126583978e-02, 3.785454630067381365e-01
4.094976742288835569e-01, 1.120195764050834486e-01, 9.957658726150876716e-02, 3.789061621045242689e-01
4.086356843802757544e-01, 1.122515808693922423e-01, 9.984833203481555119e-02, 3.792644027155164244e-01
4.077747190692693757e-01, 1.124840406766322715e-01, 1.001210641657706707e-01, 3.796201760883277099e-01
4.069147929214088077e-01, 1.127169522965631998e-01, 1.003947812145142421e-01, 3.799734735675137642e-01
4.060559204779113363e-01, 1.129503122013836708e-01, 1.006694807268149888e-01, 3.803242865938900041e-01
4.051981161951244692e-01, 1.131841168658912905e-01, 1.009451602341439325e-01, 3.806726067048402662e-01
4.043413944439906427e-01, 1.134183627676432493e-01, 1.012218172537492911e-01, 3.810184255346169002e-01
4.034857695095179775e-01, 1.136530463871161106e-01, 1.014994492887322380e-01, 3.813617348146337571e-01
4.026312555902597512e-01, 1.138881642078663492e-01, 1.017780538281237573e-01, 3.817025263737501284e-01
4.017778667977999207e-01, 1.141237127166898901e-01, 1.020576283469625256e-01, 3.820407921385476913e-01
4.009256171562470272e-01, 1.143596884037822031e-01, 1.023381703063733633e-01, 3.823765241335972953e-01
4.000745206017347622e-01, 1.145960877628978553e-01, 1.026196771536472263e-01, 3.827097144817201424e-01
3.992245909819301386e-01, 1.148329072915100779e-01, 1.029021463223214056e-01, 3.830403554042384195e-01
3.983758420555493229e-01, 1.150701434909698201e-01, 1.031855752322613784e-01, 3.833684392212193259e-01
3.975282874918812936e-01, 1.153077928666651764e-01, 1.034699612897430621e-01, 3.836939583517104957e-01
3.966819408703177730e-01, 1.155458519281800100e-01, 1.037553018875359417e-01, 3.840169053139663169e-01
3.958368156798924842e-01, 1.157843171894525208e-01, 1.040415944049874197e-01, 3.843372727256675891e-01
3.949929253188271261e-01, 1.160231851689336596e-01, 1.043288362081076781e-01, 3.846550533041316888e-01
3.941502830940845081e-01, 1.162624523897451551e-01, 1.046170246496555128e-01, 3.849702398665147962e-01
3.933089022209310670e-01, 1.165021153798372067e-01, 1.049061570692250978e-01, 3.852828253300065176e-01
3.924687958225052675e-01, 1.167421706721458313e-01, 1.051962307933331370e-01, 3.855928027120156809e-01
3.916299769293949962e-01, 1.169826148047500153e-01, 1.054872431355074330e-01, 3.859001651303476388e-01
3.907924584792221712e-01, 1.172234443210284499e-01, 1.057791913963756492e-01, 3.862049058033736326e-01
3.899562533162361788e-01, 1.174646557698155458e-01, 1.060720728637553345e-01, 3.865070180501928854e-01
3.891213741909133605e-01, 1.177062457055578770e-01, 1.063658848127441159e-01, 3.868064952907845910e-01
3.882878337595666585e-01, 1.179482106884691683e-01, 1.066606245058114161e-01, 3.871033310461528543e-01
3.874556445839607566e-01, 1.181905472846856153e-01, 1.069562891928897974e-01, 3.873975189384638029e-01
3.866248191309380466e-01, 1.184332520664205801e-01, 1.072528761114682899e-01, 3.876890526911730972e-01
3.857953697720497011e-01, 1.186763216121186904e-01, 1.075503824866852892e-01, 3.879779261291463333e-01
3.849673087831967377e-01, 1.189197525066092997e-01, 1.078488055314226757e-01, 3.882641331787711758e-01
3.841406483442784126e-01, 1.191635413412601846e-01, 1.081481424464006968e-01, 3.885476678680607754e-01
3.833154005388481611e-01, 1.194076847141295750e-01, 1.084483904202730026e-01, 3.888285243267491920e-01
3.824915773537791996e-01, 1.196521792301187825e-01, 1.087495466297227487e-01, 3.891066967863792136e-01
3.816691906789361766e-01, 1.198970215011236073e-01, 1.090516082395590891e-01, 3.893821795803811270e-01
3.808482523068563164e-01, 1.201422081461852726e-01, 1.093545724028143623e-01, 3.896549671441441043e-01
3.800287739324382796e-01, 1.203877357916409568e-01, 1.096584362608416380e-01, 3.899250540150790978e-01
3.792107671526394608e-01, 1.206336010712737022e-01, 1.099631969434132495e-01, 3.901924348326735181e-01
3.783942434661805021e-01, 1.208798006264615033e-01, 1.102688515688193677e-01, 3.904571043385385853e-01
3.775792142732591894e-01, 1.211263311063259934e-01, 1.105753972439675742e-01, 3.907190573764471875e-01
3.767656908752715639e-01, 1.213731891678802438e-01, 1.108828310644824205e-01, 3.909782888923656330e-01
3.759536844745418604e-01, 1.216203714761763671e-01, 1.111911501148061115e-01, 3.912347939344757441e-01
3.751432061740601065e-01, 1.218678747044518035e-01, 1.115003514682990360e-01, 3.914885676531891789e-01
3.743342669772282139e-01, 1.221156955342753703e-01, 1.118104321873413382e-01, 3.917396053011550916e-01
3.735268777876143420e-01, 1.223638306556926042e-01, 1.121213893234345033e-01, 3.919879022332585783e-01
3.727210494087150883e-01, 1.226122767673700348e-01, 1.124332199173035535e-01, 3.922334539066111847e-01
3.719167925437266153e-01, 1.228610305767392497e-01, 1.127459209989997435e-01, 3.924762558805344193e-01
3.711141177953224957e-01, 1.231100888001394750e-01, 1.130594895880034229e-01, 3.927163038165347175e-01
3.703130356654417699e-01, 1.233594481629602668e-01, 1.133739226933274669e-01, 3.929535934782705797e-01
3.695135565550835555e-01, 1.236091053997827316e-01, 1.136892173136213047e-01, 3.931881207315124360e-01
3.687156907641105930e-01, 1.238590572545203439e-01, 1.140053704372746002e-01, 3.934198815440944075e-01
3.679194484910610630e-01, 1.241093004805587235e-01, 1.143223790425219460e-01, 3.936488719858581842e-01
3.671248398329682305e-01, 1.243598318408947606e-01, 1.146402400975477520e-01, 3.938750882285892985e-01
3.663318747851879720e-01, 1.246106481082747547e-01, 1.149589505605910639e-01, 3.940985265459462372e-01
3.655405632412357941e-01, 1.248617460653320549e-01, 1.152785073800511317e-01, 3.943191833133810609e-01
3.647509149926304040e-01, 1.251131225047231177e-01, 1.155989074945931033e-01, 3.945370550080532501e-01
3.639629397287466595e-01, 1.253647742292638145e-01, 1.159201478332538005e-01, 3.947521382087357256e-01
3.631766470366757926e-01, 1.256166980520635745e-01, 1.162422253155479673e-01, 3.949644295957125961e-01
3.623920464010942366e-01, 1.258688907966596660e-01, 1.165651368515747133e-01, 3.951739259506714674e-01
3.616091472041404464e-01, 1.261213492971499095e-01, 1.168888793421239830e-01, 3.953806241565856472e-01
3.608279587253001575e-01, 1.263740703983250724e-01, 1.172134496787835406e-01, 3.955845211975912434e-01
3.600484901412990268e-01, 1.266270509557995694e-01, 1.175388447440459255e-01, 3.957856141588556032e-01
3.592707505260035461e-01, 1.268802878361419972e-01, 1.178650614114154921e-01, 3.959839002264389785e-01
3.584947488503308355e-01, 1.271337779170042259e-01, 1.181920965455159900e-01, 3.961793766871489764e-01
3.577204939821651553e-01, 1.273875180872495461e-01, 1.185199470021976731e-01, 3.963720409283875701e-01
3.569479946862834652e-01, 1.276415052470801503e-01, 1.188486096286452964e-01, 3.965618904379912268e-01
3.561772596242882005e-01, 1.278957363081632825e-01, 1.191780812634854053e-01, 3.967489228040629867e-01
3.554082973545486523e-01, 1.281502081937567206e-01, 1.195083587368946237e-01, 3.969331357148000450e-01
3.546411163321500637e-01, 1.284049178388327328e-01, 1.198394388707068603e-01, 3.971145269583103987e-01
3.538757249088503309e-01, 1.286598621902017014e-01, 1.201713184785219435e-01, 3.972930944224260519e-01
3.531121313330449762e-01, 1.289150382066342471e-01, 1.205039943658130636e-01, 3.974688360945076715e-01
3.523503437497396695e-01, 1.291704428589824927e-01, 1.208374633300351164e-01, 3.976417500612427491e-01
3.515903702005312437e-01, 1.294260731302998846e-01, 1.211717221607326728e-01, 3.978118345084362129e-01
3.508322186235952045e-01, 1.296819260159608467e-01, 1.215067676396478502e-01, 3.979790877207959876e-01
3.500758968536827886e-01, 1.299379985237784363e-01, 1.218425965408286848e-01, 3.981435080817101180e-01
3.493214126221237392e-01, 1.301942876741214450e-01, 1.221792056307369062e-01, 3.983050940730180622e-01
3.485687735568385737e-01, 1.304507905000301948e-01, 1.225165916683558648e-01, 3.984638442747754361e-01
3.478179871823576796e-01, 1.307075040473313632e-01, 1.228547514052987788e-01, 3.986197573650121506e-01
3.470690609198479604e-01, 1.309644253747519194e-01, 1.231936815859163564e-01, 3.987728321194837222e-01
3.463220020871473626e-01, 1.312215515540312016e-01, 1.235333789474045291e-01, 3.989230674114169206e-01
3.455768178988067318e-01, 1.314788796700328555e-01, 1.238738402199123789e-01, 3.990704622112480893e-01
3.448335154661395507e-01, 1.317364068208548566e-01, 1.242150621266495530e-01, 3.992150155863559702e-01
3.440921017972790041e-01, 1.319941301179389515e-01, 1.245570413839938856e-01, 3.993567267007882005e-01
3.433525837972421502e-01, 1.322520466861786814e-01, 1.248997747015985899e-01, 3.994955948149805924e-01
3.426149682680020292e-01, 1.325101536640260480e-01, 1.252432587824994503e-01, 3.996316192854725280e-01
3.418792619085667672e-01, 1.327684482035976776e-01, 1.255874903232220285e-01, 3.997647995646134711e-01
3.411454713150663398e-01, 1.330269274707792937e-01, 1.259324660138884666e-01, 3.998951352002659831e-01
3.404136029808461084e-01, 1.332855886453290228e-01, 1.262781825383239298e-01, 4.000226258355009112e-01
3.396836632965683500e-01, 1.335444289209798685e-01, 1.266246365741634516e-01, 4.001472712082883576e-01
3.389556585503200048e-01, 1.338034455055406580e-01, 1.269718247929579602e-01, 4.002690711511814881e-01
3.382295949277286384e-01, 1.340626356209962122e-01, 1.273197438602803877e-01, 4.003880255909948449e-01
3.375054785120846779e-01, 1.343219965036057117e-01, 1.276683904358314747e-01, 4.005041345484782189e-01
3.367833152844710298e-01, 1.345815254040005904e-01, 1.280177611735453524e-01, 4.006173981379830829e-01
3.360631111238998048e-01, 1.348412195872806252e-01, 1.283678527216947918e-01, 4.007278165671248615e-01
3.353448718074559798e-01, 1.351010763331092213e-01, 1.287186617229962304e-01, 4.008353901364386518e-01
3.346286030104472786e-01, 1.353610929358072534e-01, 1.290701848147146613e-01, 4.009401192390307789e-01
3.339143103065624896e-01, 1.356212667044458531e-01, 1.294224186287677714e-01, 4.010420043602238027e-01
3.332019991680347792e-01, 1.358815949629378628e-01, 1.297753597918303303e-01, 4.011410460771970277e-01
3.324916749658131110e-01, 1.361420750501280141e-01, 1.301290049254379411e-01, 4.012372450586210171e-01
3.317833429697394920e-01, 1.364027043198821898e-01, 1.304833506460904846e-01, 4.013306020642878891e-01
3.310770083487335480e-01, 1.366634801411751310e-01, 1.308383935653551489e-01, 4.014211179447362277e-01
3.303726761709833148e-01, 1.369243998981769239e-01, 1.311941302899695128e-01, 4.015087936408702207e-01
3.296703514041428029e-01, 1.371854609903385147e-01, 1.315505574219436313e-01, 4.015936301835751898e-01
3.289700389155354454e-01, 1.374466608324757255e-01, 1.319076715586621762e-01, 4.016756286933266251e-01
3.282717434723651517e-01, 1.377079968548522437e-01, 1.322654692929862985e-01, 4.017547903797963338e-01
3.275754697419324124e-01, 1.379694665032610290e-01, 1.326239472133544650e-01, 4.018311165414520936e-01
3.268812222918578425e-01, 1.382310672391049711e-01, 1.329831019038837103e-01, 4.019046085651535316e-01
3.261890055903111652e-01, 1.384927965394757154e-01, 1.333429299444696958e-01, 4.019752679257435624e-01
3.254988240062470783e-01, 1.387546518972317677e-01, 1.337034279108870183e-01, 4.020430961856341079e-01
3.248106818096466730e-01, 1.390166308210751545e-01, 1.340645923748885471e-01, 4.021080949943894867e-01
3.241245831717656789e-01, 1.392787308356265297e-01, 1.344264199043045949e-01, 4.021702660883032521e-01
3.234405321653874843e-01, 1.395409494814994211e-01, 1.347889070631415331e-01, 4.022296112899715337e-01
3.227585327650839275e-01, 1.398032843153733107e-01, 1.351520504116800192e-01, 4.022861325078627148e-01
3.220785888474803071e-01, 1.400657329100647719e-01, 1.355158465065726403e-01, 4.023398317358823362e-01
3.214007041915272200e-01, 1.403282928545983299e-01, 1.358802919009410026e-01, 4.023907110529335029e-01
3.207248824787778396e-01, 1.405909617542749623e-01, 1.362453831444727648e-01, 4.024387726224744055e-01
3.200511272936714113e-01, 1.408537372307404056e-01, 1.366111167835174500e-01, 4.024840186920707885e-01
3.193794421238214665e-01, 1.411166169220515465e-01, 1.369774893611823419e-01, 4.025264515929445897e-01
3.187098303603106420e-01, 1.413795984827415642e-01, 1.373444974174276023e-01, 4.025660737395202471e-01
3.180422952979902740e-01, 1.416426795838840458e-01, 1.377121374891609462e-01, 4.026028876289646785e-01
3.173768401357860980e-01, 1.419058579131558806e-01, 1.380804061103315106e-01, 4.026368958407264831e-01
3.167134679770089445e-01, 1.421691311748986830e-01, 1.384492998120237517e-01, 4.026681010360685931e-01
3.160521818296710417e-01, 1.424324970901788001e-01, 1.388188151225500377e-01, 4.026965059576001482e-01
3.153929846068074250e-01, 1.426959533968466809e-01, 1.391889485675431581e-01, 4.027221134288026527e-01
3.147358791268025091e-01, 1.429594978495944413e-01, 1.395596966700485553e-01, 4.027449263535545221e-01
3.140808681137221559e-01, 1.432231282200122080e-01, 1.399310559506148632e-01, 4.027649477156508562e-01
3.134279541976507377e-01, 1.434868422966433521e-01, 1.403030229273850849e-01, 4.027821805783208808e-01
3.127771399150327536e-01, 1.437506378850387234e-01, 1.406755941161865475e-01, 4.027966280837420032e-01
3.121284277090203840e-01, 1.440145128078088865e-01, 1.410487660306203317e-01, 4.028082934525504255e-01
3.114818199298245993e-01, 1.442784649046760237e-01, 1.414225351821500609e-01, 4.028171799833493161e-01
3.108373188350727623e-01, 1.445424920325237284e-01, 1.417968980801901924e-01, 4.028232910522133170e-01
3.101949265901691732e-01, 1.448065920654462158e-01, 1.421718512321936967e-01, 4.028266301121909421e-01
3.095546452686619987e-01, 1.450707628947958960e-01, 1.425473911437387942e-01, 4.028272006928033111e-01
3.089164768526136418e-01, 1.453350024292298648e-01, 1.429235143186156076e-01, 4.028250063995408858e-01
3.082804232329763305e-01, 1.455993085947551446e-01, 1.433002172589116219e-01, 4.028200509133568752e-01
3.076464862099720921e-01, 1.458636793347725114e-01, 1.436774964650967823e-01, 4.028123379901585865e-01
3.070146674934766118e-01, 1.461281126101193484e-01, 1.440553484361079550e-01, 4.028018714602960570e-01
3.063849687034085334e-01, 1.463926063991113080e-01, 1.444337696694325268e-01, 4.027886552280477428e-01
3.057573913701218116e-01, 1.466571586975820851e-01, 1.448127566611915051e-01, 4.027726932711045982e-01
3.051319369348036159e-01, 1.469217675189229688e-01, 1.451923059062219801e-01, 4.027539896400514352e-01
3.045086067498751214e-01, 1.471864308941204791e-01, 1.455724138981587812e-01, 4.027325484578456183e-01
3.038874020793972952e-01, 1.474511468717928653e-01, 1.459530771295153850e-01, 4.027083739192944267e-01
3.032683240994801799e-01, 1.477159135182255778e-01, 1.463342920917642953e-01, 4.026814702905298637e-01
3.026513738986969515e-01, 1.479807289174054352e-01, 1.467160552754169511e-01, 4.026518419084806344e-01
3.020365524785003641e-01, 1.482455911710535978e-01, 1.470983631701021643e-01, 4.026194931803439014e-01
3.014238607536447456e-01, 1.485104983986572369e-01, 1.474812122646446677e-01, 4.025844285830533775e-01
3.008132995526103248e-01, 1.487754487375001766e-01, 1.478645990471427474e-01, 4.025466526627467512e-01
3.002048696180326659e-01, 1.490404403426922042e-01, 1.482485200050447094e-01, 4.025061700342305038e-01
2.995985716071339344e-01, 1.493054713871972694e-01, 1.486329716252251798e-01, 4.024629853804435609e-01
2.989944060921595481e-01, 1.495705400618604630e-01, 1.490179503940605721e-01, 4.024171034519193890e-01
2.983923735608171035e-01, 1.498356445754337185e-01, 1.494034527975035276e-01, 4.023685290662457059e-01
2.977924744167190219e-01, 1.501007831546005145e-01, 1.497894753211569396e-01, 4.023172671075235241e-01
2.971947089798289698e-01, 1.503659540439994113e-01, 1.501760144503471728e-01, 4.022633225258244738e-01
2.965990774869108892e-01, 1.506311555062459506e-01, 1.505630666701964215e-01, 4.022067003366467386e-01
2.960055800919817459e-01, 1.508963858219544152e-01, 1.509506284656944863e-01, 4.021474056203692693e-01
2.954142168667671653e-01, 1.511616432897570639e-01, 1.513386963217699388e-01, 4.020854435217057765e-01
2.948249878011603431e-01, 1.514269262263234772e-01, 1.517272667233599270e-01, 4.020208192491561694e-01
2.942378928036836760e-01, 1.516922329663779323e-01, 1.521163361554800364e-01, 4.019535380744583830e-01
2.936529317019538898e-01, 1.519575618627160285e-01, 1.525059011032928735e-01, 4.018836053320372081e-01
2.930701042431492209e-01, 1.522229112862200084e-01, 1.528959580521759565e-01, 4.018110264184548419e-01
2.924894100944802622e-01, 1.524882796258731354e-01, 1.532865034877892163e-01, 4.017358067918573861e-01
2.919108488436630289e-01, 1.527536652887725999e-01, 1.536775338961413606e-01, 4.016579519714231217e-01
2.913344199993946892e-01, 1.530190667001418425e-01, 1.540690457636552102e-01, 4.015774675368082858e-01
2.907601229918325147e-01, 1.532844823033410742e-01, 1.544610355772333132e-01, 4.014943591275930701e-01
2.901879571730743845e-01, 1.535499105598774339e-01, 1.548534998243216443e-01, 4.014086324427265651e-01
2.896179218176426762e-01, 1.538153499494134546e-01, 1.552464349929731369e-01, 4.013202932399706491e-01
2.890500161229702658e-01, 1.540807989697748626e-01, 1.556398375719105776e-01, 4.012293473353443773e-01
2.884842392098883046e-01, 1.543462561369566555e-01, 1.560337040505880846e-01, 4.011358006025669831e-01
2.879205901231174924e-01, 1.546117199851293478e-01, 1.564280309192525309e-01, 4.010396589725006011e-01
2.873590678317605729e-01, 1.548771890666424678e-01, 1.568228146690039126e-01, 4.009409284325929912e-01
2.867996712297972151e-01, 1.551426619520284156e-01, 1.572180517918547182e-01, 4.008396150263195956e-01
2.862423991365812270e-01, 1.554081372300045172e-01, 1.576137387807888812e-01, 4.007357248526253191e-01
2.856872502973393790e-01, 1.556736135074743288e-01, 1.580098721298198172e-01, 4.006292640653665305e-01
2.851342233836727802e-01, 1.559390894095274982e-01, 1.584064483340476837e-01, 4.005202388727520657e-01
2.845833169940595875e-01, 1.562045635794393206e-01, 1.588034638897157791e-01, 4.004086555367852296e-01
2.840345296543601572e-01, 1.564700346786683238e-01, 1.592009152942665262e-01, 4.002945203727049650e-01
2.834878598183227516e-01, 1.567355013868538260e-01, 1.595987990463959560e-01, 4.001778397484273553e-01
2.829433058680929647e-01, 1.570009624018116057e-01, 1.599971116461083309e-01, 4.000586200839871820e-01
2.824008661147224819e-01, 1.572664164395289610e-01, 1.603958495947693241e-01, 3.999368678509791497e-01
2.818605387986816146e-01, 1.575318622341589092e-01, 1.607950093951587001e-01, 3.998125895720007206e-01
2.813223220903714461e-01, 1.577972985380132476e-01, 1.611945875515220783e-01, 3.996857918200932280e-01
2.807862140906387527e-01, 1.580627241215542822e-01, 1.615945805696221982e-01, 3.995564812181847669e-01
2.802522128312919802e-01, 1.583281377733861961e-01, 1.619949849567888234e-01, 3.994246644385329725e-01
2.797203162756181638e-01, 1.585935383002451959e-01, 1.623957972219689239e-01, 3.992903482021677997e-01
2.791905223189014573e-01, 1.588589245269882433e-01, 1.627970138757747209e-01, 3.991535392783355785e-01
2.786628287889432176e-01, 1.591242952965817026e-01, 1.631986314305322316e-01, 3.990142444839427927e-01
2.781372334465824769e-01, 1.593896494700882405e-01, 1.636006464003281202e-01, 3.988724706830010791e-01
2.776137339862181919e-01, 1.596549859266533644e-01, 1.640030553010564662e-01, 3.987282247860720052e-01
2.770923280363317698e-01, 1.599203035634904901e-01, 1.644058546504641172e-01, 3.985815137497136229e-01
2.765730131600119268e-01, 1.601856012958657038e-01, 1.648090409681958746e-01, 3.984323445759266336e-01
2.760557868554787131e-01, 1.604508780570809423e-01, 1.652126107758384865e-01, 3.982807243116018858e-01
2.755406465566101470e-01, 1.607161327984568400e-01, 1.656165605969642241e-01, 3.981266600479688167e-01
2.750275896334680725e-01, 1.609813644893143547e-01, 1.660208869571731527e-01, 3.979701589200443923e-01
2.745166133928260699e-01, 1.612465721169556443e-01, 1.664255863841355709e-01, 3.978112281060827704e-01
2.740077150786970894e-01, 1.615117546866437770e-01, 1.668306554076324499e-01, 3.976498748270267947e-01
2.735008918728624727e-01, 1.617769112215820815e-01, 1.672360905595963732e-01, 3.974861063459590449e-01
2.729961408954011959e-01, 1.620420407628921644e-01, 1.676418883741508381e-01, 3.973199299675557739e-01
2.724934592052195015e-01, 1.623071423695910953e-01, 1.680480453876492253e-01, 3.971513530375402334e-01
2.719928438005811411e-01, 1.625722151185683140e-01, 1.684545581387127400e-01, 3.969803829421378327e-01
2.714942916196385614e-01, 1.628372581045606504e-01, 1.688614231682680211e-01, 3.968070271075326838e-01
2.709977995409634244e-01, 1.631022704401277335e-01, 1.692686370195835843e-01, 3.966312929993252023e-01
2.705033643840782376e-01, 1.633672512556255674e-01, 1.696761962383057099e-01, 3.964531881219906517e-01
2.700109829099878178e-01, 1.636321996991796091e-01, 1.700840973724936367e-01, 3.962727200183389087e-01
2.695206518217117542e-01, 1.638971149366575120e-01, 1.704923369726539240e-01, 3.960898962689768377e-01
2.690323677648154832e-01, 1.641619961516403159e-01, 1.709009115917741461e-01, 3.959047244917700548e-01
2.685461273279432515e-01, 1.644268425453931648e-01, 1.713098177853557558e-01, 3.957172123413078002e-01
2.680619270433498014e-01, 1.646916533368356084e-01, 1.717190521114463908e-01, 3.955273675083682550e-01
2.675797633874325565e-01, 1.649564277625103215e-01, 1.721286111306714051e-01, 3.953351977193856892e-01
2.670996327812641402e-01, 1.652211650765519346e-01, 1.725384914062643160e-01, 3.951407107359196091e-01
2.666215315911240058e-01, 1.654858645506542825e-01, 1.729486895040972527e-01, 3.949439143541245145e-01
2.661454561290302889e-01, 1.657505254740376521e-01, 1.733592019927100436e-01, 3.947448164042219876e-01
2.656714026532719375e-01, 1.660151471534146994e-01, 1.737700254433389990e-01, 3.945434247499743363e-01
2.651993673689397868e-01, 1.662797289129558653e-01, 1.741811564299445558e-01, 3.943397472881597365e-01
2.647293464284578568e-01, 1.665442700942544041e-01, 1.745925915292388386e-01, 3.941337919480488727e-01
2.642613359321141497e-01, 1.668087700562897180e-01, 1.750043273207118333e-01, 3.939255666908842435e-01
2.637953319285910592e-01, 1.670732281753912751e-01, 1.754163603866575327e-01, 3.937150795093601885e-01
2.633313304154952794e-01, 1.673376438452006676e-01, 1.758286873121988336e-01, 3.935023384271053581e-01
2.628693273398876595e-01, 1.676020164766338638e-01, 1.762413046853118781e-01, 3.932873514981666818e-01
2.624093185988120580e-01, 1.678663454978420178e-01, 1.766542090968500345e-01, 3.930701268064957232e-01
2.619513000398237534e-01, 1.681306303541723612e-01, 1.770673971405671288e-01, 3.928506724654367566e-01
2.614952674615170225e-01, 1.683948705081275976e-01, 1.774808654131391494e-01, 3.926289966172160639e-01
2.610412166140531065e-01, 1.686590654393255173e-01, 1.778946105141867018e-01, 3.924051074324345079e-01
2.605891431996857910e-01, 1.689232146444571425e-01, 1.783086290462957135e-01, 3.921790131095612142e-01
2.601390428732878735e-01, 1.691873176372448995e-01, 1.787229176150377519e-01, 3.919507218744294197e-01
2.596909112428755217e-01, 1.694513739483995973e-01, 1.791374728289900353e-01, 3.917202419797348178e-01
2.592447438701330764e-01, 1.697153831255773793e-01, 1.795522912997541687e-01, 3.914875817045352369e-01
2.588005362709361323e-01, 1.699793447333353136e-01, 1.799673696419749058e-01, 3.912527493537536483e-01
2.583582839158733435e-01, 1.702432583530870402e-01, 1.803827044733577190e-01, 3.910157532576818418e-01
2.579179822307688386e-01, 1.705071235830575849e-01, 1.807982924146858961e-01, 3.907766017714877638e-01
2.574796265972019160e-01, 1.707709400382373954e-01, 1.812141300898370833e-01, 3.905353032747235775e-01
2.570432123530270729e-01, 1.710347073503360460e-01, 1.816302141257994940e-01, 3.902918661708373316e-01
2.566087347928920348e-01, 1.712984251677351633e-01, 1.820465411526865085e-01, 3.900462988866862935e-01
2.561761891687549531e-01, 1.715620931554410478e-01, 1.824631078037518284e-01, 3.897986098720521708e-01
2.557455706904009918e-01, 1.718257109950364625e-01, 1.828799107154032155e-01, 3.895488075991594412e-01
2.553168745259568606e-01, 1.720892783846319218e-01, 1.832969465272159260e-01, 3.892969005621953471e-01
2.548900958024050145e-01, 1.723527950388167029e-01, 1.837142118819455605e-01, 3.890428972768328331e-01
2.544652296060959662e-01, 1.726162606886087747e-01, 1.841317034255402219e-01, 3.887868062797550928e-01
2.540422709832593773e-01, 1.728796750814048100e-01, 1.845494178071520053e-01, 3.885286361281836687e-01
2.536212149405146499e-01, 1.731430379809294207e-01, 1.849673516791481842e-01, 3.882683953994077175e-01
2.532020564453786871e-01, 1.734063491671835600e-01, 1.853855016971212855e-01, 3.880060926903164953e-01
2.527847904267735979e-01, 1.736696084363929804e-01, 1.858038645198993033e-01, 3.877417366169341184e-01
2.523694117755325705e-01, 1.739328156009557758e-01, 1.862224368095547200e-01, 3.874753358139568227e-01
2.519559153449041911e-01, 1.741959704893897565e-01, 1.866412152314131934e-01, 3.872068989342928313e-01
2.515442959510549303e-01, 1.744590729462791034e-01, 1.870601964540615780e-01, 3.869364346486043882e-01
2.511345483735712425e-01, 1.747221228322203002e-01, 1.874793771493557804e-01, 3.866639516448527325e-01
2.507266673559588321e-01, 1.749851200237684534e-01, 1.878987539924273364e-01, 3.863894586278453502e-01
2.503206476061410890e-01, 1.752480644133823928e-01, 1.883183236616902956e-01, 3.861129643187862781e-01
2.499164837969557740e-01, 1.755109559093692151e-01, 1.887380828388466603e-01, 3.858344774548282397e-01
2.495141705666502618e-01, 1.757737944358293281e-01, 1.891580282088922982e-01, 3.855540067886281119e-01
2.491137025193745358e-01, 1.760365799325999403e-01, 1.895781564601210500e-01, 3.852715610879043351e-01
2.487150742256731828e-01, 1.762993123551988561e-01, 1.899984642841297255e-01, 3.849871491349982078e-01
2.483182802229753350e-01, 1.765619916747674933e-01, 1.904189483758214341e-01, 3.847007797264356821e-01
2.479233150160827515e-01, 1.768246178780138178e-01, 1.908396054334089986e-01, 3.844124616724945431e-01
2.475301730776564291e-01, 1.770871909671544175e-01, 1.912604321584177591e-01, 3.841222037967714775e-01
2.471388488487011037e-01, 1.773497109598565213e-01, 1.916814252556876541e-01, 3.838300149357546931e-01
2.467493367390486692e-01, 1.776121778891796843e-01, 1.921025814333751913e-01, 3.835359039383964830e-01
2.463616311278383209e-01, 1.778745918035166962e-01, 1.925238974029544192e-01, 3.832398796656905637e-01
2.459757263639963387e-01, 1.781369527665344621e-01, 1.929453698792178429e-01, 3.829419509902513008e-01
2.455916167667131222e-01, 1.783992608571144112e-01, 1.933669955802768958e-01, 3.826421267958954320e-01
2.452092966259184492e-01, 1.786615161692926002e-01, 1.937887712275612739e-01, 3.823404159772276767e-01
2.448287602027549303e-01, 1.789237188121991506e-01, 1.942106935458186301e-01, 3.820368274392273444e-01
2.444500017300493822e-01, 1.791858689099977697e-01, 1.946327592631134085e-01, 3.817313700968394397e-01
2.440730154127823681e-01, 1.794479666018248543e-01, 1.950549651108250682e-01, 3.814240528745675984e-01
2.436977954285554915e-01, 1.797100120417279290e-01, 1.954773078236462236e-01, 3.811148847060703004e-01
2.433243359280567453e-01, 1.799720053986039181e-01, 1.958997841395801465e-01, 3.808038745337592457e-01
2.429526310355238083e-01, 1.802339468561375280e-01, 1.963223907999374906e-01, 3.804910313084012286e-01
2.425826748492056484e-01, 1.804958366127384084e-01, 1.967451245493334888e-01, 3.801763639887224544e-01
2.422144614418212105e-01, 1.807576748814789247e-01, 1.971679821356836226e-01, 3.798598815410160756e-01
2.418479848610167737e-01, 1.810194618900313190e-01, 1.975909603101998757e-01, 3.795415929387520038e-01
2.414832391298208925e-01, 1.812811978806040669e-01, 1.980140558273855433e-01, 3.792215071621896638e-01
2.411202182470965627e-01, 1.815428831098784834e-01, 1.984372654450306250e-01, 3.788996331979943011e-01
2.407589161879929440e-01, 1.818045178489454405e-01, 1.988605859242061902e-01, 3.785759800388555085e-01
2.403993269043927516e-01, 1.820661023832405578e-01, 1.992840140292584661e-01, 3.782505566831082522e-01
2.400414443253588714e-01, 1.823276370124805312e-01, 1.997075465278027040e-01, 3.779233721343578378e-01
2.396852623575784769e-01, 1.825891220505980739e-01, 2.001311801907164345e-01, 3.775944354011069870e-01
2.393307748858045370e-01, 1.828505578256772734e-01, 2.005549117921324731e-01, 3.772637554963857998e-01
2.389779757732952703e-01, 1.831119446798883943e-01, 2.009787381094314540e-01, 3.769313414373848814e-01
2.386268588622517672e-01, 1.833732829694227073e-01, 2.014026559232341695e-01, 3.765972022450914114e-01
2.382774179742525034e-01, 1.836345730644267371e-01, 2.018266620173931880e-01, 3.762613469439275438e-01
2.379296469106862988e-01, 1.838958153489364256e-01, 2.022507531789848600e-01, 3.759237845613924156e-01
2.375835394531824463e-01, 1.841570102208112403e-01, 2.026749261982997707e-01, 3.755845241277065982e-01
2.372390893640389242e-01, 1.844181580916678387e-01, 2.030991778688339966e-01, 3.752435746754593793e-01
2.368962903866477232e-01, 1.846792593868134269e-01, 2.035235049872795299e-01, 3.749009452392592645e-01
2.365551362459187013e-01, 1.849403145451795349e-01, 2.039479043535142588e-01, 3.745566448553874772e-01
2.362156206487002197e-01, 1.852013240192544596e-01, 2.043723727705918092e-01, 3.742106825614535670e-01
2.358777372841975029e-01, 1.854622882750167068e-01, 2.047969070447309969e-01, 3.738630673960547379e-01
2.355414798243895547e-01, 1.857232077918675728e-01, 2.052215039853050593e-01, 3.735138083984378410e-01
2.352068419244421338e-01, 1.859840830625634489e-01, 2.056461604048303582e-01, 3.731629146081640314e-01
2.348738172231197574e-01, 1.862449145931485417e-01, 2.060708731189550558e-01, 3.728103950647765896e-01
2.345423993431943743e-01, 1.865057029028868718e-01, 2.064956389464471520e-01, 3.724562588074715741e-01
2.342125818918520119e-01, 1.867664485241940509e-01, 2.069204547091826607e-01, 3.721005148747713043e-01
2.338843584610968973e-01, 1.870271520025695577e-01, 2.073453172321330917e-01, 3.717431723042004532e-01
2.335577226281531360e-01, 1.872878138965280992e-01, 2.077702233433527945e-01, 3.713842401319659703e-01
2.332326679558635874e-01, 1.875484347775313032e-01, 2.081951698739661627e-01, 3.710237273926387802e-01
2.329091879930873521e-01, 1.878090152299188853e-01, 2.086201536581545335e-01, 3.706616431188392013e-01
2.325872762750932077e-01, 1.880695558508402865e-01, 2.090451715331423377e-01, 3.702979963409242514e-01
2.322669263239518223e-01, 1.883300572501851733e-01, 2.094702203391838324e-01, 3.699327960866792830e-01
2.319481316489251932e-01, 1.885905200505148815e-01, 2.098952969195489737e-01, 3.695660513810110626e-01
2.316308857468530047e-01, 1.888509448869930829e-01, 2.103203981205091222e-01, 3.691977712456446792e-01
2.313151821025374033e-01, 1.891113324073165625e-01, 2.107455207913228046e-01, 3.688279646988232852e-01
2.310010141891244151e-01, 1.893716832716455523e-01, 2.111706617842207534e-01, 3.684566407550093903e-01
2.306883754684834198e-01, 1.896319981525343978e-01, 2.115958179543911133e-01, 3.680838084245910413e-01
2.303772593915839884e-01, 1.898922777348620305e-01, 2.120209861599646195e-01, 3.677094767135894449e-01
2.300676593988697782e-01, 1.901525227157618014e-01, 2.124461632619984996e-01, 3.673336546233697542e-01
2.297595689206309022e-01, 1.904127338045522033e-01, 2.128713461244617355e-01, 3.669563511503551312e-01
2.294529813773723559e-01, 1.906729117226663994e-01, 2.132965316142186596e-01, 3.665775752857426961e-01
2.291478901801811408e-01, 1.909330572035823625e-01, 2.137217166010131897e-01, 3.661973360152233625e-01
2.288442887310902507e-01, 1.911931709927528200e-01, 2.141468979574527587e-01, 3.658156423187041706e-01
2.285421704234401608e-01, 1.914532538475351431e-01, 2.145720725589917999e-01, 3.654325031700329518e-01
2.282415286422380396e-01, 1.917133065371205980e-01, 2.149972372839150936e-01, 3.650479275367261578e-01
2.279423567645140203e-01, 1.919733298424644574e-01, 2.154223890133214192e-01, 3.646619243797000198e-01
2.276446481596751115e-01, 1.922333245562153625e-01, 2.158475246311061524e-01, 3.642745026530032626e-01
2.273483961898568606e-01, 1.924932914826446018e-01, 2.162726410239445840e-01, 3.638856713035539259e-01
2.270535942102716309e-01, 1.927532314375759726e-01, 2.166977350812743508e-01, 3.634954392708780180e-01
2.267602355695554628e-01, 1.930131452483148380e-01, 2.171228036952782547e-01, 3.631038154868515555e-01
2.264683136101111882e-01, 1.932730337535772669e-01, 2.175478437608666105e-01, 3.627108088754448789e-01
2.261778216684501019e-01, 1.935328978034198677e-01, 2.179728521756597315e-01, 3.623164283524703544e-01
2.258887530755300244e-01, 1.937927382591683734e-01, 2.183978258399697225e-01, 3.619206828253317965e-01
2.256011011570919211e-01, 1.940525559933473365e-01, 2.188227616567827438e-01, 3.615235811927780540e-01
2.253148592339925538e-01, 1.943123518896085478e-01, 2.192476565317409143e-01, 3.611251323446579842e-01
2.250300206225360478e-01, 1.945721268426609529e-01, 2.196725073731241040e-01, 3.607253451616789230e-01
2.247465786348021854e-01, 1.948318817581990436e-01, 2.200973110918312270e-01, 3.603242285151674884e-01
2.244645265789718125e-01, 1.950916175528322194e-01, 2.205220646013623109e-01, 3.599217912668337127e-01
2.241838577596502458e-01, 1.953513351540135112e-01, 2.209467648177992904e-01, 3.595180422685368971e-01
2.239045654781880446e-01, 1.956110354999688883e-01, 2.213714086597880770e-01, 3.591129903620549624e-01
2.236266430329990340e-01, 1.958707195396258705e-01, 2.217959930485190467e-01, 3.587066443788561321e-01
2.233500837198757472e-01, 1.961303882325425296e-01, 2.222205149077083886e-01, 3.582990131398731681e-01
2.230748808323029242e-01, 1.963900425488365742e-01, 2.226449711635795359e-01, 3.578901054552809380e-01
2.228010276617671814e-01, 1.966496834691139894e-01, 2.230693587448435433e-01, 3.574799301242752025e-01
2.225285174980656533e-01, 1.969093119843980666e-01, 2.234936745826802129e-01, 3.570684959348561227e-01
2.222573436296110261e-01, 1.971689290960582652e-01, 2.239179156107187763e-01, 3.566558116636120435e-01
2.219874993437344346e-01, 1.974285358157390757e-01, 2.243420787650186876e-01, 3.562418860755077743e-01
2.217189779269859717e-01, 1.976881331652889096e-01, 2.247661609840503338e-01, 3.558267279236747016e-01
2.214517726654319785e-01, 1.979477221766888506e-01, 2.251901592086757720e-01, 3.554103459492033434e-01
2.211858768449509460e-01, 1.982073038919818508e-01, 2.256140703821286064e-01, 3.549927488809385689e-01
2.209212837515256156e-01, 1.984668793632012596e-01, 2.260378914499951708e-01, 3.545739454352779263e-01
2.206579866715337179e-01, 1.987264496522998525e-01, 2.264616193601948213e-01, 3.541539443159714695e-01
2.203959788920353546e-01, 1.989860158310790550e-01, 2.268852510629600916e-01, 3.537327542139254710e-01
2.201352537010582977e-01, 1.992455789811172495e-01, 2.273087835108172361e-01, 3.533103838070072999e-01
2.198758043878805135e-01, 1.995051401936991653e-01, 2.277322136585666068e-01, 3.528868417598536311e-01
2.196176242433106607e-01, 1.997647005697450462e-01, 2.281555384632629191e-01, 3.524621367236814296e-01
2.193607065599656181e-01, 2.000242612197389025e-01, 2.285787548841952954e-01, 3.520362773361000452e-01
2.191050446325455980e-01, 2.002838232636584004e-01, 2.290018598828682528e-01, 3.516092722209277488e-01
2.188506317581069283e-01, 2.005433878309032525e-01, 2.294248504229809693e-01, 3.511811299880088777e-01
2.185974612363323355e-01, 2.008029560602246355e-01, 2.298477234704082994e-01, 3.507518592330348683e-01
2.183455263697987314e-01, 2.010625290996540249e-01, 2.302704759931806788e-01, 3.503214685373665094e-01
2.180948204642426114e-01, 2.013221081064328621e-01, 2.306931049614646401e-01, 3.498899664678599142e-01
2.178453368288226777e-01, 2.015816942469410566e-01, 2.311156073475426898e-01, 3.494573615766936037e-01
2.175970687763804368e-01, 2.018412886966267916e-01, 2.315379801257937409e-01, 3.490236624011990862e-01
2.173500096236979651e-01, 2.021008926399353034e-01, 2.319602202726737117e-01, 3.485888774636929921e-01
2.171041526917539266e-01, 2.023605072702385210e-01, 2.323823247666952641e-01, 3.481530152713122606e-01
2.168594913059760376e-01, 2.026201337897643451e-01, 2.328042905884085134e-01, 3.477160843158509929e-01
2.166160187964920047e-01, 2.028797734095260097e-01, 2.332261147203813501e-01, 3.472780930736005800e-01
2.163737284983780484e-01, 2.031394273492513891e-01, 2.336477941471796216e-01, 3.468390500051909409e-01
2.161326137519044566e-01, 2.033990968373126651e-01, 2.340693258553477041e-01, 3.463989635554352575e-01
2.158926679027789453e-01, 2.036587831106557722e-01, 2.344907068333889066e-01, 3.459578421531763204e-01
2.156538843023882990e-01, 2.039184874147301485e-01, 2.349119340717460702e-01, 3.455156942111354268e-01
2.154162563080363468e-01, 2.041782110034182363e-01, 2.353330045627820000e-01, 3.450725281257635002e-01
2.151797772831807731e-01, 2.044379551389650107e-01, 2.357539153007601473e-01, 3.446283522770940966e-01
2.149444405976669026e-01, 2.046977210919082302e-01, 2.361746632818251534e-01, 3.441831750285997971e-01
2.147102396279592929e-01, 2.049575101410078259e-01, 2.365952455039837810e-01, 3.437370047270492113e-01
2.144771677573709956e-01, 2.052173235731758472e-01, 2.370156589670854297e-01, 3.432898497023677553e-01
2.142452183762905971e-01, 2.054771626834067666e-01, 2.374359006728032628e-01, 3.428417182674994290e-01
2.140143848824065664e-01, 2.057370287747068149e-01, 2.378559676246149168e-01, 3.423926187182716463e-01
2.137846606809297445e-01, 2.059969231580248972e-01, 2.382758568277837663e-01, 3.419425593332616753e-01
2.135560391848130846e-01, 2.062568471521818159e-01, 2.386955652893394952e-01, 3.414915483736654656e-01
2.133285138149696170e-01, 2.065168020838013541e-01, 2.391150900180600836e-01, 3.410395940831690287e-01
2.131020780004874993e-01, 2.067767892872397761e-01, 2.395344280244520452e-01, 3.405867046878207627e-01
2.128767251788431236e-01, 2.070368101045166609e-01, 2.399535763207326644e-01, 3.401328883959074401e-01
2.126524487961123089e-01, 2.072968658852452906e-01, 2.403725319208110667e-01, 3.396781533978313616e-01
2.124292423071783287e-01, 2.075569579865628456e-01, 2.407912918402696500e-01, 3.392225078659892867e-01
2.122070991759384961e-01, 2.078170877730610711e-01, 2.412098530963458776e-01, 3.387659599546546940e-01
2.119860128755082507e-01, 2.080772566167171655e-01, 2.416282127079139863e-01, 3.383085177998605975e-01
2.117659768884228022e-01, 2.083374658968241699e-01, 2.420463676954670296e-01, 3.378501895192859705e-01
2.115469847068369158e-01, 2.085977169999217173e-01, 2.424643150810985581e-01, 3.373909832121427810e-01
2.113290298327221983e-01, 2.088580113197272825e-01, 2.428820518884846902e-01, 3.369309069590658567e-01
2.111121057780623034e-01, 2.091183502570665709e-01, 2.432995751428666809e-01, 3.364699688220044727e-01
2.108962060650458881e-01, 2.093787352198049900e-01, 2.437168818710328533e-01, 3.360081768441163241e-01
2.106813242262575714e-01, 2.096391676227783440e-01, 2.441339691013014457e-01, 3.355455390496626666e-01
2.104674538048664501e-01, 2.098996488877244160e-01, 2.445508338635026535e-01, 3.350820634439063972e-01
2.102545883548128380e-01, 2.101601804432138565e-01, 2.449674731889620871e-01, 3.346177580130113571e-01
2.100427214409920917e-01, 2.104207637245816276e-01, 2.453838841104828139e-01, 3.341526307239435778e-01
2.098318466394374082e-01, 2.106814001738583075e-01, 2.458000636623290380e-01, 3.336866895243753017e-01
2.096219575374996813e-01, 2.109420912397019510e-01, 2.462160088802089197e-01, 3.332199423425895035e-01
2.094130477340253871e-01, 2.112028383773292273e-01, 2.466317168012577554e-01, 3.327523970873877412e-01
2.092051108395326098e-01, 2.114636430484470309e-01, 2.470471844640217407e-01, 3.322840616479985631e-01
2.089981404763847084e-01, 2.117245067211847853e-01, 2.474624089084413447e-01, 3.318149438939890783e-01
2.087921302789622902e-01, 2.119854308700255818e-01, 2.478773871758349623e-01, 3.313450516751771935e-01
2.085870738938323532e-01, 2.122464169757384278e-01, 2.482921163088830929e-01, 3.308743928215461816e-01
2.083829649799163464e-01, 2.125074665253101902e-01, 2.487065933516121874e-01, 3.304029751431613038e-01
2.081797972086555093e-01, 2.127685810118776777e-01, 2.491208153493789101e-01, 3.299308064300879306e-01
2.079775642641743805e-01, 2.130297619346596394e-01, 2.495347793488545962e-01, 3.294578944523113839e-01
2.077762598434423347e-01, 2.132910107988892356e-01, 2.499484823980098191e-01, 3.289842469596587771e-01
2.075758776564329000e-01, 2.135523291157460368e-01, 2.503619215460989866e-01, 3.285098716817221320e-01
2.073764114262816038e-01, 2.138137184022886883e-01, 2.507750938436453247e-01, 3.280347763277843831e-01
2.071778548894409044e-01, 2.140751801813875754e-01, 2.511879963424263895e-01, 3.275589685867451029e-01
2.069802017958344842e-01, 2.143367159816566836e-01, 2.516006260954583573e-01, 3.270824561270504471e-01
2.067834459090077959e-01, 2.145983273373870126e-01, 2.520129801569824246e-01, 3.266052465966226559e-01
2.065875810062787199e-01, 2.148600157884790751e-01, 2.524250555824501530e-01, 3.261273476227921631e-01
2.063926008788842525e-01, 2.151217828803753396e-01, 2.528368494285090917e-01, 3.256487668122313162e-01
2.061984993321271664e-01, 2.153836301639938111e-01, 2.532483587529889002e-01, 3.251695117508900945e-01
2.060052701855191737e-01, 2.156455591956605577e-01, 2.536595806148878585e-01, 3.246895900039323823e-01
2.058129072729231179e-01, 2.159075715370429860e-01, 2.540705120743588230e-01, 3.242090091156750731e-01
2.056214044426928900e-01, 2.161696687550828666e-01, 2.544811501926961261e-01, 3.237277766095280063e-01
2.054307555578118727e-01, 2.164318524219298046e-01, 2.548914920323225863e-01, 3.232458999879357919e-01
2.052409544960286936e-01, 2.166941241148742647e-01, 2.553015346567756860e-01, 3.227633867323212447e-01
2.050519951499922555e-01, 2.169564854162815692e-01, 2.557112751306960807e-01, 3.222802443030302055e-01
2.048638714273839367e-01, 2.172189379135245901e-01, 2.561207105198136658e-01, 3.217964801392778629e-01
2.046765772510484582e-01, 2.174814831989180519e-01, 2.565298378909365851e-01, 3.213121016590969603e-01
2.044901065591229194e-01, 2.177441228696519182e-01, 2.569386543119377975e-01, 3.208271162592873371e-01
2.043044533051637524e-01, 2.180068585277251669e-01, 2.573471568517440300e-01, 3.203415313153669675e-01
2.041196114582724264e-01, 2.182696917798795655e-01, 2.577553425803240650e-01, 3.198553541815240542e-01
2.039355750032184889e-01, 2.185326242375338623e-01, 2.581632085686762501e-01, 3.193685921905713987e-01
2.037523379405619117e-01, 2.187956575167174789e-01, 2.585707518888188394e-01, 3.188812526539018255e-01
2.035698942867727179e-01, 2.190587932380048120e-01, 2.589779696137775034e-01, 3.183933428614450500e-01
2.033882380743494145e-01, 2.193220330264494533e-01, 2.593848588175752812e-01, 3.179048700816258233e-01
2.032073633519358991e-01, 2.195853785115181867e-01, 2.597914165752219784e-01, 3.174158415613239081e-01
2.030272641844357295e-01, 2.198488313270257066e-01, 2.601976399627033421e-01, 3.169262645258352218e-01
2.028479346531256999e-01, 2.201123931110686993e-01, 2.606035260569715684e-01, 3.164361461788340879e-01
2.026693688557669459e-01, 2.203760655059605611e-01, 2.610090719359348665e-01, 3.159454937023375432e-01
2.024915609067152733e-01, 2.206398501581660065e-01, 2.614142746784482996e-01, 3.154543142566705316e-01
2.023145049370285442e-01, 2.209037487182353987e-01, 2.618191313643037921e-01, 3.149626149804321540e-01
2.021381950945737305e-01, 2.211677628407401619e-01, 2.622236390742216927e-01, 3.144704029904645259e-01
2.019626255441313023e-01, 2.214318941842067512e-01, 2.626277948898411152e-01, 3.139776853818208591e-01
2.017877904674987011e-01, 2.216961444110523705e-01, 2.630315958937117227e-01, 3.134844692277372613e-01
2.016136840635914806e-01, 2.219605151875193583e-01, 2.634350391692851234e-01, 3.129907615796039266e-01
2.014403005485439491e-01, 2.222250081836107116e-01, 2.638381218009068774e-01, 3.124965694669384897e-01
2.012676341558064796e-01, 2.224896250730247771e-01, 2.642408408738081138e-01, 3.120018998973605462e-01
2.010956791362433216e-01, 2.227543675330908302e-01, 2.646431934740983705e-01, 3.115067598565674500e-01
2.009244297582271632e-01, 2.230192372447041826e-01, 2.650451766887577665e-01, 3.110111563083109987e-01
2.007538803077327516e-01, 2.232842358922614845e-01, 2.654467876056298969e-01, 3.105150961943758392e-01
2.005840250884293741e-01, 2.235493651635965529e-01, 2.658480233134151161e-01, 3.100185864345589848e-01
2.004148584217709805e-01, 2.238146267499154518e-01, 2.662488809016636537e-01, 3.095216339266500527e-01
2.002463746470853623e-01, 2.240800223457319884e-01, 2.666493574607692318e-01, 3.090242455464133897e-01
2.000785681216619150e-01, 2.243455536488040969e-01, 2.670494500819630690e-01, 3.085264281475710302e-01
1.999114332208370703e-01, 2.246112223600686963e-01, 2.674491558573076633e-01, 3.080281885617864868e-01
1.997449643380795614e-01, 2.248770301835781860e-01, 2.678484718796915742e-01, 3.075295335986507617e-01
1.995791558850726621e-01, 2.251429788264357190e-01, 2.682473952428236497e-01, 3.070304700456678582e-01
1.994140022917965105e-01, 2.254090699987318369e-01, 2.686459230412285293e-01, 3.065310046682430678e-01
1.992494980066078225e-01, 2.256753054134797709e-01, 2.690440523702410380e-01, 3.060311442096714796e-01
1.990856374963186626e-01, 2.259416867865519374e-01, 2.694417803260019117e-01, 3.055308953911274328e-01
1.989224152462739093e-01, 2.262082158366160722e-01, 2.698391040054541890e-01, 3.050302649116558018e-01
1.987598257604268059e-01, 2.264748942850713653e-01, 2.702360205063380483e-01, 3.045292594481637249e-01
1.985978635614136789e-01, 2.267417238559847059e-01, 2.706325269271880329e-01, 3.040278856554136655e-01
1.984365231906268234e-01, 2.270087062760269281e-01, 2.710286203673288319e-01, 3.035261501660173056e-01
1.982757992082864185e-01, 2.272758432744097501e-01, 2.714242979268727263e-01, 3.030240595904311052e-01
1.981156861935105817e-01, 2.275431365828214925e-01, 2.718195567067161478e-01, 3.025216205169516948e-01
1.979561787443844811e-01, 2.278105879353641838e-01, 2.722143938085374582e-01, 3.020188395117137659e-01
1.977972714780280583e-01, 2.280781990684899174e-01, 2.726088063347942292e-01, 3.015157231186877951e-01
1.976389590306620592e-01, 2.283459717209374573e-01, 2.730027913887212998e-01, 3.010122778596791560e-01
1.974812360576731762e-01, 2.286139076336692333e-01, 2.733963460743291662e-01, 3.005085102343283965e-01
1.973240972336779142e-01, 2.288820085498077805e-01, 2.737894674964019837e-01, 3.000044267201122938e-01
1.971675372525843184e-01, 2.291502762145729011e-01, 2.741821527604969555e-01, 2.995000337723458528e-01
1.970115508276538696e-01, 2.294187123752181034e-01, 2.745743989729427792e-01, 2.989953378241853033e-01
1.968561326915606591e-01, 2.296873187809681249e-01, 2.749662032408392021e-01, 2.984903452866319862e-01
1.967012775964502580e-01, 2.299560971829555933e-01, 2.753575626720569658e-01, 2.979850625485371274e-01
1.965469803139969496e-01, 2.302250493341580495e-01, 2.757484743752370848e-01, 2.974794959766079439e-01
1.963932356354597120e-01, 2.304941769893352477e-01, 2.761389354597914569e-01, 2.969736519154136389e-01
1.962400383717371743e-01, 2.307634819049662056e-01, 2.765289430359031408e-01, 2.964675366873935070e-01
1.960873833534209909e-01, 2.310329658391864494e-01, 2.769184942145273554e-01, 2.959611565928651489e-01
1.959352654308486597e-01, 2.313026305517253134e-01, 2.773075861073922566e-01, 2.954545179100337982e-01
1.957836794741542041e-01, 2.315724778038432130e-01, 2.776962158270003256e-01, 2.949476268950022018e-01
1.956326203733188274e-01, 2.318425093582690555e-01, 2.780843804866302560e-01, 2.944404897817818889e-01
1.954820830382190400e-01, 2.321127269791376235e-01, 2.784720772003384526e-01, 2.939331127823048284e-01
1.953320623986750382e-01, 2.323831324319270697e-01, 2.788593030829616404e-01, 2.934255020864362518e-01
1.951825534044967780e-01, 2.326537274833964108e-01, 2.792460552501191962e-01, 2.929176638619874762e-01
1.950335510255297999e-01, 2.329245139015231336e-01, 2.796323308182158685e-01, 2.924096042547311147e-01
1.948850502516989436e-01, 2.331954934554406611e-01, 2.800181269044449972e-01, 2.919013293884152871e-01
1.947370460930520908e-01, 2.334666679153762081e-01, 2.804034406267920110e-01, 2.913928453647797734e-01
1.945895335798017989e-01, 2.337380390525882479e-01, 2.807882691040377021e-01, 2.908841582635722789e-01
1.944425077623665177e-01, 2.340096086393043673e-01, 2.811726094557626121e-01, 2.903752741425664752e-01
1.942959637114105298e-01, 2.342813784486590667e-01, 2.815564588023513615e-01, 2.898661990375790976e-01
1.941498965178822533e-01, 2.345533502546314486e-01, 2.819398142649966466e-01, 2.893569389624897070e-01
1.940043012930525446e-01, 2.348255258319830729e-01, 2.823226729657048462e-01, 2.888474999092593976e-01
1.938591731685513075e-01, 2.350979069561960622e-01, 2.827050320273007400e-01, 2.883378878479518348e-01
1.937145072964027714e-01, 2.353704954034108454e-01, 2.830868885734328932e-01, 2.878281087267534621e-01
1.935702988490603793e-01, 2.356432929503639584e-01, 2.834682397285798738e-01, 2.873181684719958717e-01
1.934265430194403168e-01, 2.359163013743263426e-01, 2.838490826180558591e-01, 2.868080729881775648e-01
1.932832350209541805e-01, 2.361895224530411452e-01, 2.842294143680172969e-01, 2.862978281579873774e-01
1.931403700875405083e-01, 2.364629579646619906e-01, 2.846092321054694008e-01, 2.857874398423281281e-01
1.929979434736951993e-01, 2.367366096876907522e-01, 2.849885329582731996e-01, 2.852769138803407101e-01
1.928559504545013792e-01, 2.370104794009161575e-01, 2.853673140551528098e-01, 2.847662560894295147e-01
1.927143863256579603e-01, 2.372845688833513933e-01, 2.857455725257028178e-01, 2.842554722652878008e-01
1.925732464035071478e-01, 2.375588799141725993e-01, 2.861233055003964409e-01, 2.837445681819238952e-01
1.924325260250613623e-01, 2.378334142726569456e-01, 2.865005101105934648e-01, 2.832335495916882828e-01
1.922922205480289137e-01, 2.381081737381210983e-01, 2.868771834885487926e-01, 2.827224222253011399e-01
1.921523253508391482e-01, 2.383831600898592140e-01, 2.872533227674211043e-01, 2.822111917918805335e-01
1.920128358326657902e-01, 2.386583751070812942e-01, 2.876289250812821829e-01, 2.816998639789707326e-01
1.918737474134505905e-01, 2.389338205688515404e-01, 2.880039875651260184e-01, 2.811884444525719062e-01
1.917350555339250584e-01, 2.392094982540265979e-01, 2.883785073548785771e-01, 2.806769388571697665e-01
1.915967556556319173e-01, 2.394854099411941328e-01, 2.887524815874077389e-01, 2.801653528157662665e-01
1.914588432609452551e-01, 2.397615574086108536e-01, 2.891259074005336771e-01, 2.796536919299101864e-01
1.913213138530902857e-01, 2.400379424341411438e-01, 2.894987819330392953e-01, 2.791419617797292752e-01
1.911841629561615297e-01, 2.403145667951954723e-01, 2.898711023246812180e-01, 2.786301679239616691e-01
1.910473861151411601e-01, 2.405914322686686924e-01, 2.902428657162009484e-01, 2.781183158999891436e-01
1.909109788959153509e-01, 2.408685406308785915e-01, 2.906140692493361377e-01, 2.776064112238698645e-01
1.907749368852908189e-01, 2.411458936575043288e-01, 2.909847100668327413e-01, 2.770944593903720277e-01
1.906392556910097291e-01, 2.414234931235247628e-01, 2.913547853124568987e-01, 2.765824658730085539e-01
1.905039309417644322e-01, 2.417013408031573607e-01, 2.917242921310072012e-01, 2.760704361240710059e-01
1.903689582872109265e-01, 2.419794384697960821e-01, 2.920932276683274598e-01, 2.755583755746654484e-01
1.902343333979817364e-01, 2.422577878959503717e-01, 2.924615890713199717e-01, 2.750462896347478092e-01
1.901000519656980692e-01, 2.425363908531836810e-01, 2.928293734879584553e-01, 2.745341836931598500e-01
1.899661097029808066e-01, 2.428152491120516288e-01, 2.931965780673014832e-01, 2.740220631176660260e-01
1.898325023434615511e-01, 2.430943644420408833e-01, 2.935631999595071928e-01, 2.735099332549904561e-01
1.896992256417916745e-01, 2.433737386115075729e-01, 2.939292363158463872e-01, 2.729977994308543932e-01
1.895662753736518380e-01, 2.436533733876159180e-01, 2.942946842887178560e-01, 2.724856669500144157e-01
1.894336473357600414e-01, 2.439332705362767528e-01, 2.946595410316628083e-01, 2.719735410963003974e-01
1.893013373458790616e-01, 2.442134318220860467e-01, 2.950238036993800828e-01, 2.714614271326548089e-01
1.891693412428235854e-01, 2.444938590082635643e-01, 2.953874694477413576e-01, 2.709493303011715759e-01
1.890376548864656781e-01, 2.447745538565913870e-01, 2.957505354338069159e-01, 2.704372558231359913e-01
1.889062741577406945e-01, 2.450555181273525729e-01, 2.961129988158420767e-01, 2.699252088990646836e-01
1.887751949586516376e-01, 2.453367535792696508e-01, 2.964748567533324608e-01, 2.694131947087461398e-01
1.886444132122732931e-01, 2.456182619694432523e-01, 2.968361064070017541e-01, 2.689012184112817283e-01
1.885139248627551722e-01, 2.459000450532906334e-01, 2.971967449388276949e-01, 2.683892851451263883e-01
1.883837258753247312e-01, 2.461821045844842792e-01, 2.975567695120597822e-01, 2.678774000281311518e-01
1.882538122362885646e-01, 2.464644423148906749e-01, 2.979161772912364836e-01, 2.673655681575842769e-01
1.881241799530342373e-01, 2.467470599945084109e-01, 2.982749654422029995e-01, 2.668537946102543246e-01
1.879948250540306454e-01, 2.470299593714073982e-01, 2.986331311321295812e-01, 2.663420844424324585e-01
1.878657435888279881e-01, 2.473131421916667794e-01, 2.989906715295296835e-01, 2.658304426899756323e-01
1.877369316280573242e-01, 2.475966101993140600e-01, 2.993475838042785053e-01, 2.653188743683501105e-01
1.876083852634290450e-01, 2.478803651362632421e-01, 2.997038651276324739e-01, 2.648073844726753223e-01
1.874801006077309595e-01, 2.481644087422535672e-01, 3.000595126722477302e-01, 2.642959779777676044e-01
1.873520737948261017e-01, 2.484487427547881766e-01, 3.004145236122004459e-01, 2.637846598381851648e-01
1.872243009796491220e-01, 2.487333689090722721e-01, 3.007688951230061414e-01, 2.632734349882724922e-01
1.870967783382030125e-01, 2.490182889379519982e-01, 3.011226243816396697e-01, 2.627623083422052641e-01
1.869695020675544717e-01, 2.493035045718527409e-01, 3.014757085665564773e-01, 2.622512847940362546e-01
1.868424683858291302e-01, 2.495890175387177612e-01, 3.018281448577124215e-01, 2.617403692177406316e-01
1.867156735322061945e-01, 2.498748295639466044e-01, 3.021799304365853089e-01, 2.612295664672619755e-01
1.865891137669122291e-01, 2.501609423703335944e-01, 3.025310624861957121e-01, 2.607188813765585755e-01
1.864627853712146344e-01, 2.504473576780061883e-01, 3.028815381911291738e-01, 2.602083187596501146e-01
1.863366846474146243e-01, 2.507340772043636923e-01, 3.032313547375574680e-01, 2.596978834106642431e-01
1.862108079188392329e-01, 2.510211026640153942e-01, 3.035805093132614152e-01, 2.591875801038840965e-01
1.860851515298334313e-01, 2.513084357687190296e-01, 3.039289991076525310e-01, 2.586774135937951469e-01
1.859597118457510245e-01, 2.515960782273195528e-01, 3.042768213117963971e-01, 2.581673886151330533e-01
1.858344852529457691e-01, 2.518840317456868538e-01, 3.046239731184356425e-01, 2.576575098829317345e-01
1.857094681587611873e-01, 2.521722980266546954e-01, 3.049704517220127031e-01, 2.571477820925713864e-01
1.855846569915205746e-01, 2.524608787699587631e-01, 3.053162543186940803e-01, 2.566382099198266098e-01
1.854600482005157591e-01, 2.527497756721749367e-01, 3.056613781063937663e-01, 2.561287980209154269e-01
1.853356382559963322e-01, 2.530389904266578949e-01, 3.060058202847976694e-01, 2.556195510325480202e-01
1.852114236491575194e-01, 2.533285247234791093e-01, 3.063495780553879277e-01, 2.551104735719754713e-01
1.850874008921278846e-01, 2.536183802493651718e-01, 3.066926486214675007e-01, 2.546015702370394429e-01
1.849635665179567567e-01, 2.539085586876360101e-01, 3.070350291881854821e-01, 2.540928456062217511e-01
1.848399170806007963e-01, 2.541990617181431045e-01, 3.073767169625621354e-01, 2.535843042386939361e-01
1.847164491549105059e-01, 2.544898910172078144e-01, 3.077177091535146514e-01, 2.530759506743669451e-01
1.845931593366159085e-01, 2.547810482575593727e-01, 3.080580029718826274e-01, 2.525677894339420360e-01
1.844700442423121978e-01, 2.550725351082728798e-01, 3.083975956304547683e-01, 2.520598250189601819e-01
1.843471005094443893e-01, 2.553643532347078526e-01, 3.087364843439945883e-01, 2.515520619118533086e-01
1.842243247962919994e-01, 2.556565042984457192e-01, 3.090746663292676111e-01, 2.510445045759946425e-01
1.841017137819532523e-01, 2.559489899572284788e-01, 3.094121388050681265e-01, 2.505371574557500591e-01
1.839792641663285377e-01, 2.562418118648961407e-01, 3.097488989922463909e-01, 2.500300249765287641e-01
1.838569726701038409e-01, 2.565349716713253292e-01, 3.100849441137362161e-01, 2.495231115448345860e-01
1.837348360347335063e-01, 2.568284710223665557e-01, 3.104202713945823922e-01, 2.490164215483176013e-01
1.836128510224226129e-01, 2.571223115597826014e-01, 3.107548780619692752e-01, 2.485099593558255660e-01
1.834910144161091827e-01, 2.574164949211864006e-01, 3.110887613452485434e-01, 2.480037293174558732e-01
1.833693230194455570e-01, 2.577110227399788123e-01, 3.114219184759680625e-01, 2.474977357646074294e-01
1.832477736567800219e-01, 2.580058966452864477e-01, 3.117543466879008629e-01, 2.469919830100326119e-01
1.831263631731372965e-01, 2.583011182618994428e-01, 3.120860432170738386e-01, 2.464864753478893944e-01
1.830050884341992146e-01, 2.585966892102092851e-01, 3.124170053017972792e-01, 2.459812170537942211e-01
1.828839463262849629e-01, 2.588926111061465307e-01, 3.127472301826946799e-01, 2.454762123848738542e-01
1.827629337563305145e-01, 2.591888855611185205e-01, 3.130767151027323281e-01, 2.449714655798185259e-01
1.826420476518683944e-01, 2.594855141819470967e-01, 3.134054573072499461e-01, 2.444669808589344517e-01
1.825212849610063914e-01, 2.597824985708060419e-01, 3.137334540439905561e-01, 2.439627624241970383e-01
1.824006426524065472e-01, 2.600798403251587954e-01, 3.140607025631313443e-01, 2.434588144593033132e-01
1.822801177152633123e-01, 2.603775410376961141e-01, 3.143872001173148023e-01, 2.429551411297257713e-01
1.821597071592816475e-01, 2.606756022962734010e-01, 3.147129439616796476e-01, 2.424517465827653318e-01
1.820394080146547078e-01, 2.609740256838481987e-01, 3.150379313538926307e-01, 2.419486349476044906e-01
1.819192173320411110e-01, 2.612728127784179066e-01, 3.153621595541796774e-01, 2.414458103353612217e-01
1.817991321825420947e-01, 2.615719651529566092e-01, 3.156856258253585290e-01, 2.409432768391426560e-01
1.816791496576782017e-01, 2.618714843753532917e-01, 3.160083274328704395e-01, 2.404410385340980671e-01
1.815592668693657152e-01, 2.621713720083481691e-01, 3.163302616448126492e-01, 2.399390994774735220e-01
1.814394809498925676e-01, 2.624716296094707357e-01, 3.166514257319715808e-01, 2.394374637086650603e-01
1.813197890518944977e-01, 2.627722587309767599e-01, 3.169718169678553132e-01, 2.389361352492734569e-01
1.812001883483301268e-01, 2.630732609197852789e-01, 3.172914326287271103e-01, 2.384351181031575118e-01
1.810806760324566167e-01, 2.633746377174160935e-01, 3.176102699936384499e-01, 2.379344162564887566e-01
1.809612493178043569e-01, 2.636763906599267071e-01, 3.179283263444635521e-01, 2.374340336778054394e-01
1.808419054381514568e-01, 2.639785212778492651e-01, 3.182455989659320750e-01, 2.369339743180670366e-01
1.807226416474985720e-01, 2.642810310961279385e-01, 3.185620851456649194e-01, 2.364342421107085701e-01
1.806034552200425081e-01, 2.645839216340556410e-01, 3.188777821742070362e-01, 2.359348409716948425e-01
1.804843434501504085e-01, 2.648871944052109129e-01, 3.191926873450632307e-01, 2.354357747995755035e-01
1.803653036523331643e-01, 2.651908509173951378e-01, 3.195067979547325243e-01, 2.349370474755390625e-01
1.802463331612188524e-01, 2.654948926725690383e-01, 3.198201113027437370e-01, 2.344386628634683445e-01
1.801274293315255903e-01, 2.657993211667897260e-01, 3.201326246916904039e-01, 2.339406248099942520e-01
1.800085895380346135e-01, 2.661041378901474186e-01, 3.204443354272665800e-01, 2.334429371445513046e-01
1.798898111755624918e-01, 2.664093443267019357e-01, 3.207552408183030890e-01, 2.329456036794323448e-01
1.797710916589339847e-01, 2.667149419544198596e-01, 3.210653381768028281e-01, 2.324486282098433276e-01
1.796524284229535084e-01, 2.670209322451105871e-01, 3.213746248179777942e-01, 2.319520145139581935e-01
1.795338189223775749e-01, 2.673273166643633236e-01, 3.216830980602852219e-01, 2.314557663529738796e-01
1.794152606318860088e-01, 2.676340966714833569e-01, 3.219907552254647753e-01, 2.309598874711659422e-01
1.792967510460536373e-01, 2.679412737194287186e-01, 3.222975936385749085e-01, 2.304643815959427355e-01
1.791782876793213408e-01, 2.682488492547465686e-01, 3.226036106280308347e-01, 2.299692524379012837e-01
1.790598680659671038e-01, 2.685568247175095236e-01, 3.229088035256414413e-01, 2.294745036908819591e-01
1.789414897600768439e-01, 2.688652015412520413e-01, 3.232131696666471488e-01, 2.289801390320240770e-01
1.788231503355147411e-01, 2.691739811529066384e-01, 3.235167063897578799e-01, 2.284861621218207683e-01
1.787048473858939834e-01, 2.694831649727402745e-01, 3.238194110371911405e-01, 2.279925766041746016e-01
1.785865785245466242e-01, 2.697927544142904588e-01, 3.241212809547102114e-01, 2.274993861064526779e-01
1.784683413844937450e-01, 2.701027508843014679e-01, 3.244223134916630058e-01, 2.270065942395418646e-01
1.783501336184150632e-01, 2.704131557826601751e-01, 3.247225060010204278e-01, 2.265142045979043062e-01
1.782319528986187618e-01, 2.707239705023323784e-01, 3.250218558394157298e-01, 2.260222207596329913e-01
1.781137969170109303e-01, 2.710351964292989635e-01, 3.253203603671835920e-01, 2.255306462865064865e-01
1.779956633850644232e-01, 2.713468349424910664e-01, 3.256180169483993692e-01, 2.250394847240450857e-01
1.778775500337883286e-01, 2.716588874137270682e-01, 3.259148229509189476e-01, 2.245487396015657389e-01
1.777594546136967990e-01, 2.719713552076472585e-01, 3.262107757464182134e-01, 2.240584144322376459e-01
1.776413748947777149e-01, 2.722842396816507748e-01, 3.265058727104336866e-01, 2.235685127131378236e-01
1.775233086664611826e-01, 2.725975421858304326e-01, 3.268001112224021010e-01, 2.230790379253063116e-01
1.774052537375881700e-01, 2.729112640629089981e-01, 3.270934886657010932e-01, 2.225899935338018221e-01
1.772872079363785325e-01, 2.732254066481742960e-01, 3.273860024276900038e-01, 2.221013829877570844e-01
1.771691691103993715e-01, 2.735399712694155383e-01, 3.276776498997505671e-01, 2.216132097204345786e-01
1.770511351265325883e-01, 2.738549592468580429e-01, 3.279684284773278780e-01, 2.211254771492814630e-01
1.769331038709433535e-01, 2.741703718930992850e-01, 3.282583355599716368e-01, 2.206381886759857802e-01
1.768150732490470223e-01, 2.744862105130439489e-01, 3.285473685513777831e-01, 2.201513476865312735e-01
1.766970411854771605e-01, 2.748024764038397572e-01, 3.288355248594296842e-01, 2.196649575512533425e-01
1.765790056240529315e-01, 2.751191708548124115e-01, 3.291228018962405466e-01, 2.191790216248941936e-01
1.764609645277459837e-01, 2.754362951474008114e-01, 3.294091970781948264e-01, 2.186935432466583229e-01
1.763429158786481155e-01, 2.757538505550927166e-01, 3.296947078259907515e-01, 2.182085257402683887e-01
1.762248576779378018e-01, 2.760718383433595213e-01, 3.299793315646826208e-01, 2.177239724140199728e-01
1.761067879458475260e-01, 2.763902597695915286e-01, 3.302630657237233813e-01, 2.172398865608375640e-01
1.759887047216301126e-01, 2.767091160830328911e-01, 3.305459077370072052e-01, 2.167562714583297634e-01
1.758706060635257251e-01, 2.770284085247168293e-01, 3.308278550429126774e-01, 2.162731303688448237e-01
1.757524900487282549e-01, 2.773481383274004064e-01, 3.311089050843456505e-01, 2.157904665395256882e-01
1.756343547733518196e-01, 2.776683067154994133e-01, 3.313890553087828761e-01, 2.153082832023659465e-01
1.755161983523969849e-01, 2.779889149050234765e-01, 3.316683031683148042e-01, 2.148265835742646512e-01
1.753980189197171802e-01, 2.783099641035106098e-01, 3.319466461196902141e-01, 2.143453708570820515e-01
1.752798146279846148e-01, 2.786314555099619339e-01, 3.322240816243589023e-01, 2.138646482376946045e-01
1.751615836486564159e-01, 2.789533903147766725e-01, 3.325006071485163694e-01, 2.133844188880506532e-01
1.750433241719405175e-01, 2.792757696996862049e-01, 3.327762201631477290e-01, 2.129046859652254653e-01
1.749250344067615759e-01, 2.795985948376895625e-01, 3.330509181440725608e-01, 2.124254526114763286e-01
1.748067125807266642e-01, 2.799218668929869258e-01, 3.333246985719882094e-01, 2.119467219542982006e-01
1.746883569400909386e-01, 2.802455870209150102e-01, 3.335975589325155810e-01, 2.114684971064785812e-01
1.745699657497231660e-01, 2.805697563678807294e-01, 3.338694967162431637e-01, 2.109907811661531074e-01
1.744515372930712516e-01, 2.808943760712960813e-01, 3.341405094187727132e-01, 2.105135772168600372e-01
1.743330698721278493e-01, 2.812194472595124783e-01, 3.344105945407637726e-01, 2.100368883275960386e-01
1.742145618073955016e-01, 2.815449710517545223e-01, 3.346797495879789697e-01, 2.095607175528709787e-01
1.740960114378518053e-01, 2.818709485580548901e-01, 3.349479720713300912e-01, 2.090850679327631578e-01
1.739774171209149678e-01, 2.821973808791877203e-01, 3.352152595069231023e-01, 2.086099424929741541e-01
1.738587772324086400e-01, 2.825242691066036649e-01, 3.354816094161037210e-01, 2.081353442448840019e-01
1.737400901665271391e-01, 2.828516143223629986e-01, 3.357470193255038815e-01, 2.076612761856060085e-01
1.736213543358003653e-01, 2.831794175990702267e-01, 3.360114867670875860e-01, 2.071877412980418776e-01
1.735025681710588852e-01, 2.835076799998078045e-01, 3.362750092781967570e-01, 2.067147425509366365e-01
1.733837301213986826e-01, 2.838364025780701350e-01, 3.365375844015979778e-01, 2.062422828989332879e-01
1.732648386541460750e-01, 2.841655863776972879e-01, 3.367992096855288997e-01, 2.057703652826278207e-01
1.731458922548224366e-01, 2.844952324328089421e-01, 3.370598826837445383e-01, 2.052989926286240552e-01
1.730268894271090874e-01, 2.848253417677379939e-01, 3.373196009555644581e-01, 2.048281678495884328e-01
1.729078286928117381e-01, 2.851559153969642768e-01, 3.375783620659195128e-01, 2.043578938443045834e-01
1.727887085918252685e-01, 2.854869543250481145e-01, 3.378361635853984191e-01, 2.038881734977280313e-01
1.726695276820984504e-01, 2.858184595465644295e-01, 3.380930030902959960e-01, 2.034190096810412351e-01
1.725502845395981144e-01, 2.861504320460350748e-01, 3.383488781626590725e-01, 2.029504052517075718e-01
1.724309777582742620e-01, 2.864828727978638301e-01, 3.386037863903351708e-01, 2.024823630535266261e-01
1.723116059500239272e-01, 2.868157827662686232e-01, 3.388577253670192468e-01, 2.020148859166882305e-01
1.721921677446560106e-01, 2.871491629052154160e-01, 3.391106926923015963e-01, 2.015479766578270326e-01
1.720726617898555855e-01, 2.874830141583513687e-01, 3.393626859717157052e-01, 2.010816380800771741e-01
1.719530867511482597e-01, 2.878173374589387268e-01, 3.396137028167863781e-01, 2.006158729731266910e-01
1.718334413118645654e-01, 2.881521337297865415e-01, 3.398637408450772002e-01, 2.001506841132716097e-01
1.717137241731043484e-01, 2.884874038831858334e-01, 3.401127976802392761e-01, 1.996860742634706254e-01
1.715939340537009083e-01, 2.888231488208407582e-01, 3.403608709520591358e-01, 1.992220461733992254e-01
1.714740696901853600e-01, 2.891593694338033260e-01, 3.406079582965072516e-01, 1.987586025795040345e-01
1.713541298367510790e-01, 2.894960666024051776e-01, 3.408540573557867215e-01, 1.982957462050569386e-01
1.712341132652177300e-01, 2.898332411961913047e-01, 3.410991657783816189e-01, 1.978334797602094020e-01
1.711140187649954902e-01, 2.901708940738524922e-01, 3.413432812191056209e-01, 1.973718059420462856e-01
1.709938451430494388e-01, 2.905090260831584836e-01, 3.415864013391514686e-01, 1.969107274346406644e-01
1.708735912238635857e-01, 2.908476380608907563e-01, 3.418285238061389841e-01, 1.964502469091067294e-01
1.707532558494052333e-01, 2.911867308327749093e-01, 3.420696462941647531e-01, 1.959903670236550211e-01
1.706328378790891165e-01, 2.915263052134142163e-01, 3.423097664838511967e-01, 1.955310904236453873e-01
1.705123361897414036e-01, 2.918663620062212916e-01, 3.425488820623956432e-01, 1.950724197416416061e-01
1.703917496755641969e-01, 2.922069020033511988e-01, 3.427869907236196778e-01, 1.946143575974649542e-01
1.702710772480993950e-01, 2.925479259856340608e-01, 3.430240901680184917e-01, 1.941569065982478859e-01
1.701503178361932767e-01, 2.928894347225076134e-01, 3.432601781028108978e-01, 1.937000693384882954e-01
1.700294703859599743e-01, 2.932314289719491485e-01, 3.434952522419881249e-01, 1.932438484001026413e-01
1.699085338607465856e-01, 2.935739094804086236e-01, 3.437293103063643884e-01, 1.927882463524803469e-01
1.697875072410965636e-01, 2.939168769827406047e-01, 3.439623500236259623e-01, 1.923332657525368417e-01
1.696663895247143283e-01, 2.942603322021367096e-01, 3.441943691283814721e-01, 1.918789091447675177e-01
1.695451797264292959e-01, 2.946042758500578285e-01, 3.444253653622116329e-01, 1.914251790613012150e-01
1.694238768781602400e-01, 2.949487086261662894e-01, 3.446553364737195979e-01, 1.909720780219538172e-01
1.693024800288793763e-01, 2.952936312182583012e-01, 3.448842802185808076e-01, 1.905196085342815426e-01
1.691809882445766133e-01, 2.956390443021956194e-01, 3.451121943595931163e-01, 1.900677730936347065e-01
1.690594006082239142e-01, 2.959849485418380999e-01, 3.453390766667271961e-01, 1.896165741832108176e-01
1.689377162197393534e-01, 2.963313445889753095e-01, 3.455649249171772186e-01, 1.891660142741080353e-01
1.688159341959516446e-01, 2.966782330832589132e-01, 3.457897368954106487e-01, 1.887160958253787102e-01
1.686940536705643368e-01, 2.970256146521343399e-01, 3.460135103932192036e-01, 1.882668212840822031e-01
1.685720737941200364e-01, 2.973734899107725593e-01, 3.462362432097689791e-01, 1.878181930853385362e-01
1.684499937339648534e-01, 2.977218594620021919e-01, 3.464579331516515759e-01, 1.873702136523813788e-01
1.683278126742128178e-01, 2.980707238962413963e-01, 3.466785780329344480e-01, 1.869228853966113657e-01
1.682055298157102696e-01, 2.984200837914290916e-01, 3.468981756752118062e-01, 1.864762107176488048e-01
1.680831443760001376e-01, 2.987699397129572887e-01, 3.471167239076554112e-01, 1.860301920033872458e-01
1.679606555892865227e-01, 2.991202922136020903e-01, 3.473342205670650329e-01, 1.855848316300462986e-01
1.678380627063992270e-01, 2.994711418334560227e-01, 3.475506634979201870e-01, 1.851401319622244801e-01
1.677153649947580871e-01, 2.998224890998590353e-01, 3.477660505524304280e-01, 1.846960953529523108e-01
1.675925617383377253e-01, 3.001743345273302777e-01, 3.479803795905866415e-01, 1.842527241437454111e-01
1.674696522376318830e-01, 3.005266786174994875e-01, 3.481936484802118370e-01, 1.838100206646567925e-01
1.673466358096183382e-01, 3.008795218590383236e-01, 3.484058550970129398e-01, 1.833679872343303152e-01
1.672235117877233779e-01, 3.012328647275922533e-01, 3.486169973246311948e-01, 1.829266261600531185e-01
1.671002795217865211e-01, 3.015867076857110529e-01, 3.488270730546938481e-01, 1.824859397378085224e-01
1.669769383780252414e-01, 3.019410511827808064e-01, 3.490360801868651608e-01, 1.820459302523286527e-01
1.668534877389997451e-01, 3.022958956549550713e-01, 3.492440166288980907e-01, 1.816065999771471762e-01
1.667299270035777770e-01, 3.026512415250854349e-01, 3.494508802966849736e-01, 1.811679511746518145e-01
1.666062555868995654e-01, 3.030070892026537344e-01, 3.496566691143093153e-01, 1.807299860961373295e-01
1.664824729203427389e-01, 3.033634390837022798e-01, 3.498613810140974723e-01, 1.802927069818574812e-01
1.663585784514870491e-01, 3.037202915507654644e-01, 3.500650139366693891e-01, 1.798561160610781529e-01
1.662345716440795651e-01, 3.040776469728003750e-01, 3.502675658309905571e-01, 1.794202155521294750e-01
1.661104519779997568e-01, 3.044355057051184588e-01, 3.504690346544234170e-01, 1.789850076624584230e-01
1.659862189492244677e-01, 3.047938680893153562e-01, 3.506694183727787073e-01, 1.785504945886813299e-01
1.658618720697932480e-01, 3.051527344532032893e-01, 3.508687149603674227e-01, 1.781166785166361510e-01
1.657374108677732716e-01, 3.055121051107404506e-01, 3.510669224000516064e-01, 1.776835616214347546e-01
1.656128348872247524e-01, 3.058719803619628919e-01, 3.512640386832968642e-01, 1.772511460675154915e-01
1.654881436881665280e-01, 3.062323604929148568e-01, 3.514600618102232676e-01, 1.768194340086953475e-01
1.653633368465408093e-01, 3.065932457755795593e-01, 3.516549897896572574e-01, 1.763884275882224018e-01
1.652384139541792363e-01, 3.069546364678099604e-01, 3.518488206391833240e-01, 1.759581289388275627e-01
1.651133746187678497e-01, 3.073165328132592133e-01, 3.520415523851954664e-01, 1.755285401827774705e-01
1.649882184638131744e-01, 3.076789350413117186e-01, 3.522331830629489291e-01, 1.750996634319261502e-01
1.648629451286073300e-01, 3.080418433670131795e-01, 3.524237107166120486e-01, 1.746715007877674697e-01
1.647375542681938643e-01, 3.084052579910016023e-01, 3.526131333993174910e-01, 1.742440543414870147e-01
1.646120455533336968e-01, 3.087691790994374630e-01, 3.528014491732143210e-01, 1.738173261740145470e-01
1.644864186704705356e-01, 3.091336068639342627e-01, 3.529886561095195718e-01, 1.733913183560755744e-01
1.643606733216971538e-01, 3.094985414414891944e-01, 3.531747522885698154e-01, 1.729660329482439474e-01
1.642348092247209179e-01, 3.098639829744128105e-01, 3.533597357998728428e-01, 1.725414720009934566e-01
1.641088261128300085e-01, 3.102299315902603549e-01, 3.535436047421595118e-01, 1.721176375547500415e-01
1.639827237348595590e-01, 3.105963874017613757e-01, 3.537263572234353171e-01, 1.716945316399437482e-01
1.638565018551575436e-01, 3.109633505067501136e-01, 3.539079913610318484e-01, 1.712721562770605499e-01
1.637301602535511935e-01, 3.113308209880955579e-01, 3.540885052816586942e-01, 1.708505134766945543e-01
1.636036987253132180e-01, 3.116987989136321691e-01, 3.542678971214550665e-01, 1.704296052395995187e-01
1.634771170811279706e-01, 3.120672843360897120e-01, 3.544461650260412044e-01, 1.700094335567411685e-01
1.633504151470581978e-01, 3.124362772930228127e-01, 3.546233071505701107e-01, 1.695900004093487401e-01
1.632235927645114271e-01, 3.128057778067421246e-01, 3.547993216597793986e-01, 1.691713077689669942e-01
1.630966497902061885e-01, 3.131757858842434961e-01, 3.549742067280423075e-01, 1.687533575975079525e-01
1.629695860961393183e-01, 3.135463015171381929e-01, 3.551479605394197159e-01, 1.683361518473028007e-01
1.628424015695520144e-01, 3.139173246815829543e-01, 3.553205812877114345e-01, 1.679196924611536523e-01
1.627150961128971673e-01, 3.142888553382098271e-01, 3.554920671765077755e-01, 1.675039813723853410e-01
1.625876696438061375e-01, 3.146608934320558881e-01, 3.556624164192410675e-01, 1.670890205048970178e-01
1.624601220950552538e-01, 3.150334388924934670e-01, 3.558316272392370583e-01, 1.666748117732142764e-01
1.623324534145335896e-01, 3.154064916331595358e-01, 3.559996978697663184e-01, 1.662613570825405285e-01
1.622046635652095725e-01, 3.157800515518857654e-01, 3.561666265540956444e-01, 1.658486583288090455e-01
1.620767525250984831e-01, 3.161541185306279145e-01, 3.563324115455392405e-01, 1.654367173987342787e-01
1.619487202872294529e-01, 3.165286924353959974e-01, 3.564970511075106208e-01, 1.650255361698639844e-01
1.618205668596133795e-01, 3.169037731161832849e-01, 3.566605435135728475e-01, 1.646151165106305159e-01
1.616922922652096750e-01, 3.172793604068966378e-01, 3.568228870474908221e-01, 1.642054602804029484e-01
1.615638965418944584e-01, 3.176554541252855079e-01, 3.569840800032816341e-01, 1.637965693295383718e-01
1.614353797424279702e-01, 3.180320540728716061e-01, 3.571441206852665751e-01, 1.633884454994337931e-01
1.613067419344221542e-01, 3.184091600348787909e-01, 3.573030074081213758e-01, 1.629810906225776790e-01
1.611779832003087110e-01, 3.187867717801619594e-01, 3.574607384969276103e-01, 1.625745065226015806e-01
1.610491036373070950e-01, 3.191648890611366585e-01, 3.576173122872240984e-01, 1.621686950143320927e-01
1.609201033573921524e-01, 3.195435116137089193e-01, 3.577727271250570329e-01, 1.617636579038419509e-01
1.607909824872624516e-01, 3.199226391572037032e-01, 3.579269813670316602e-01, 1.613593969885022128e-01
1.606617411683086138e-01, 3.203022713942950683e-01, 3.580800733803626290e-01, 1.609559140570336055e-01
1.605323795565813949e-01, 3.206824080109351716e-01, 3.582320015429251159e-01, 1.605532108895583454e-01
1.604028978227601820e-01, 3.210630486762831581e-01, 3.583827642433051741e-01, 1.601512892576514302e-01
1.602732961521214083e-01, 3.214441930426349403e-01, 3.585323598808509149e-01, 1.597501509243928475e-01
1.601435747445071056e-01, 3.218258407453518100e-01, 3.586807868657224674e-01, 1.593497976444186170e-01
1.600137338142937349e-01, 3.222079914027901060e-01, 3.588280436189432154e-01, 1.589502311639729160e-01
1.598837735903609891e-01, 3.225906446162298824e-01, 3.589741285724497022e-01, 1.585514532209594818e-01
1.597536943160602352e-01, 3.229737999698040762e-01, 3.591190401691424783e-01, 1.581534655449932381e-01
1.596234962491840659e-01, 3.233574570304276752e-01, 3.592627768629361174e-01, 1.577562698574520861e-01
1.594931796619351305e-01, 3.237416153477264968e-01, 3.594053371188096757e-01, 1.573598678715286137e-01
1.593627448408952152e-01, 3.241262744539663010e-01, 3.595467194128570965e-01, 1.569642612922815261e-01
1.592321920869945173e-01, 3.245114338639815688e-01, 3.596869222323364479e-01, 1.565694518166874105e-01
1.591015217154815309e-01, 3.248970930751043928e-01, 3.598259440757212713e-01, 1.561754411336927773e-01
1.589707340558917381e-01, 3.252832515670934788e-01, 3.599637834527494862e-01, 1.557822309242651582e-01
1.588398294520178833e-01, 3.256699088020627020e-01, 3.601004388844741833e-01, 1.553898228614453148e-01
1.587088082618793028e-01, 3.260570642244099981e-01, 3.602359089033121964e-01, 1.549982186103986692e-01
1.585776708576917826e-01, 3.264447172607458092e-01, 3.603701920530951175e-01, 1.546074198284671242e-01
1.584464176258378321e-01, 3.268328673198225287e-01, 3.605032868891187015e-01, 1.542174281652209655e-01
1.583150489668361249e-01, 3.272215137924622819e-01, 3.606351919781912163e-01, 1.538282452625103214e-01
1.581835652953121063e-01, 3.276106560514859822e-01, 3.607659058986847356e-01, 1.534398727545171481e-01
1.580519670399679333e-01, 3.280002934516416668e-01, 3.608954272405832664e-01, 1.530523122678070502e-01
1.579202546435532761e-01, 3.283904253295334974e-01, 3.610237546055323765e-01, 1.526655654213809887e-01
1.577884285628350647e-01, 3.287810510035494849e-01, 3.611508866068884327e-01, 1.522796338267270178e-01
1.576564892685688446e-01, 3.291721697737909347e-01, 3.612768218697678391e-01, 1.518945190878724649e-01
1.575244372454689956e-01, 3.295637809219997827e-01, 3.614015590310957204e-01, 1.515102228014353902e-01
1.573922729921797270e-01, 3.299558837114879295e-01, 3.615250967396553827e-01, 1.511267465566768775e-01
1.572599970212457954e-01, 3.303484773870650204e-01, 3.616474336561364966e-01, 1.507440919355526321e-01
1.571276098590839165e-01, 3.307415611749669471e-01, 3.617685684531841139e-01, 1.503622605127650780e-01
1.569951120459535110e-01, 3.311351342827839606e-01, 3.618884998154472954e-01, 1.499812538558152608e-01
1.568625041359283379e-01, 3.315291958993891730e-01, 3.620072264396277384e-01, 1.496010735250547508e-01
1.567297866968676567e-01, 3.319237451948665041e-01, 3.621247470345279051e-01, 1.492217210737380173e-01
1.565969603103878893e-01, 3.323187813204387941e-01, 3.622410603210994839e-01, 1.488431980480739436e-01
1.564640255718339756e-01, 3.327143034083963613e-01, 3.623561650324915173e-01, 1.484655059872782290e-01
1.563309830902514519e-01, 3.331103105720243374e-01, 3.624700599140987523e-01, 1.480886464236254862e-01
1.561978334883582786e-01, 3.335068019055313915e-01, 3.625827437236092132e-01, 1.477126208825012554e-01
1.560645774025165855e-01, 3.339037764839771771e-01, 3.626942152310520529e-01, 1.473374308824541012e-01
1.559312154827049712e-01, 3.343012333632010002e-01, 3.628044732188460686e-01, 1.469630779352479877e-01
1.557977483924909146e-01, 3.346991715797485445e-01, 3.629135164818461101e-01, 1.465895635459143198e-01
1.556641768090027134e-01, 3.350975901508011501e-01, 3.630213438273918181e-01, 1.462168892128044850e-01
1.555305014229021732e-01, 3.354964880741023170e-01, 3.631279540753539203e-01, 1.458450564276415617e-01
1.553967229383574344e-01, 3.358958643278867062e-01, 3.632333460581824158e-01, 1.454740666755733880e-01
1.552628420730154946e-01, 3.362957178708068096e-01, 3.633375186209532592e-01, 1.451039214352243256e-01
1.551288595579750629e-01, 3.366960476418614512e-01, 3.634404706214155456e-01, 1.447346221787479681e-01
1.549947761377594713e-01, 3.370968525603228461e-01, 3.635422009300383062e-01, 1.443661703718794875e-01
1.548605925702900565e-01, 3.374981315256645464e-01, 3.636427084300574153e-01, 1.439985674739879262e-01
1.547263096268592930e-01, 3.378998834174892218e-01, 3.637419920175221644e-01, 1.436318149381292653e-01
1.545919280921040917e-01, 3.383021070954556619e-01, 3.638400506013420022e-01, 1.432659142110982442e-01
1.544574487639793769e-01, 3.387048013992064455e-01, 3.639368831033326646e-01, 1.429008667334814575e-01
1.543228724537316632e-01, 3.391079651482957757e-01, 3.640324884582625264e-01, 1.425366739397098959e-01
1.541881999858729924e-01, 3.395115971421163170e-01, 3.641268656138991200e-01, 1.421733372581115151e-01
1.540534321981546217e-01, 3.399156961598268079e-01, 3.642200135310543763e-01, 1.418108581109641386e-01
1.539185699415412945e-01, 3.403202609602793971e-01, 3.643119311836313656e-01, 1.414492379145479983e-01
1.537836140801850937e-01, 3.407252902819467577e-01, 3.644026175586695948e-01, 1.410884780791986093e-01
1.536485654914000742e-01, 3.411307828428496447e-01, 3.644920716563904151e-01, 1.407285800093600048e-01
1.535134250656364496e-01, 3.415367373404832874e-01, 3.645802924902431519e-01, 1.403695451036370556e-01
1.533781937064555845e-01, 3.419431524517458354e-01, 3.646672790869497915e-01, 1.400113747548488996e-01
1.532428723305039597e-01, 3.423500268328638629e-01, 3.647530304865505557e-01, 1.396540703500817049e-01
1.531074618674887478e-01, 3.427573591193205926e-01, 3.648375457424486989e-01, 1.392976332707417941e-01
1.529719632601525270e-01, 3.431651479257825099e-01, 3.649208239214560834e-01, 1.389420648926089075e-01
1.528363774642482742e-01, 3.435733918460258662e-01, 3.650028641038368660e-01, 1.385873665858890769e-01
1.527007054485148563e-01, 3.439820894528642370e-01, 3.650836653833529621e-01, 1.382335397152680279e-01
1.525649481946521890e-01, 3.443912392980749693e-01, 3.651632268673082882e-01, 1.378805856399644425e-01
1.524291066972971453e-01, 3.448008399123260181e-01, 3.652415476765933922e-01, 1.375285057137833056e-01
1.522931819639989359e-01, 3.452108898051028385e-01, 3.653186269457290303e-01, 1.371773012851693063e-01
1.521571750151948788e-01, 3.456213874646345552e-01, 3.653944638229105202e-01, 1.368269736972600181e-01
1.520210868841867236e-01, 3.460323313578214655e-01, 3.654690574700520389e-01, 1.364775242879397721e-01
1.518849186171163657e-01, 3.464437199301608206e-01, 3.655424070628296995e-01, 1.361289543898930032e-01
1.517486712729425591e-01, 3.468555516056738286e-01, 3.656145117907257380e-01, 1.357812653306578465e-01
1.516123459234167137e-01, 3.472678247868318802e-01, 3.656853708570714789e-01, 1.354344584326798995e-01
1.514759436530600523e-01, 3.476805378544829406e-01, 3.657549834790910781e-01, 1.350885350133659568e-01
1.513394655591399074e-01, 3.480936891677781642e-01, 3.658233488879442663e-01, 1.347434963851376344e-01
1.512029127516466287e-01, 3.485072770640980644e-01, 3.658904663287698145e-01, 1.343993438554854369e-01
1.510662863532707678e-01, 3.489212998589789061e-01, 3.659563350607276666e-01, 1.340560787270226040e-01
1.509295874993799857e-01, 3.493357558460384871e-01, 3.660209543570425161e-01, 1.337137022975389555e-01
1.507928173379964043e-01, 3.497506432969028078e-01, 3.660843235050455502e-01, 1.333722158600552099e-01
1.506559770297739853e-01, 3.501659604611319088e-01, 3.661464418062172488e-01, 1.330316207028768016e-01
1.505190677479763539e-01, 3.505817055661459292e-01, 3.662073085762296287e-01, 1.326919181096481992e-01
1.503820906784540667e-01, 3.509978768171510000e-01, 3.662669231449877660e-01, 1.323531093594072228e-01
1.502450470196229904e-01, 3.514144723970655249e-01, 3.663252848566724285e-01, 1.320151957266390841e-01
1.501079379824419024e-01, 3.518314904664454068e-01, 3.663823930697815423e-01, 1.316781784813310929e-01
1.499707647903911201e-01, 3.522489291634106068e-01, 3.664382471571713817e-01, 1.313420588890268914e-01
1.498335286794503507e-01, 3.526667866035703147e-01, 3.664928465060985352e-01, 1.310068382108808827e-01
1.496962308980775147e-01, 3.530850608799486201e-01, 3.665461905182607616e-01, 1.306725177037130481e-01
1.495588727071872348e-01, 3.535037500629108487e-01, 3.665982786098384572e-01, 1.303390986200634871e-01
1.494214553801297418e-01, 3.539228522000880672e-01, 3.666491102115352341e-01, 1.300065822082469846e-01
1.492839802026696971e-01, 3.543423653163035314e-01, 3.666986847686187212e-01, 1.296749697124079947e-01
1.491464484729653761e-01, 3.547622874134975790e-01, 3.667470017409614758e-01, 1.293442623725755691e-01
1.490088615015479345e-01, 3.551826164706529676e-01, 3.667940606030811734e-01, 1.290144614247179522e-01
1.488712206113007031e-01, 3.556033504437206005e-01, 3.668398608441808539e-01, 1.286855681007978425e-01
1.487335271374389534e-01, 3.560244872655446424e-01, 3.668844019681890001e-01, 1.283575836288274874e-01
1.485957824274894701e-01, 3.564460248457870795e-01, 3.669276834937998388e-01, 1.280305092329237227e-01
1.484579878412705112e-01, 3.568679610708538341e-01, 3.669697049545125878e-01, 1.277043461333630670e-01
1.483201447508717685e-01, 3.572902938038192144e-01, 3.670104658986716450e-01, 1.273790955466374830e-01
1.481822545406347724e-01, 3.577130208843508630e-01, 3.670499658895052808e-01, 1.270547586855091671e-01
1.480443186071329631e-01, 3.581361401286349277e-01, 3.670882045051657161e-01, 1.267313367590664208e-01
1.479063383591524283e-01, 3.585596493293009002e-01, 3.671251813387675922e-01, 1.264088309727789960e-01
1.477683152176726133e-01, 3.589835462553460088e-01, 3.671608959984274390e-01, 1.260872425285538001e-01
1.476302506158469752e-01, 3.594078286520605570e-01, 3.671953481073021996e-01, 1.257665726247902960e-01
1.474921459989840533e-01, 3.598324942409517613e-01, 3.672285373036274225e-01, 1.254468224564367351e-01
1.473540028245287625e-01, 3.602575407196693669e-01, 3.672604632407564518e-01, 1.251279932150454188e-01
1.472158225620436023e-01, 3.606829657619291529e-01, 3.672911255871981195e-01, 1.248100860888291669e-01
1.470776066931902548e-01, 3.611087670174377151e-01, 3.673205240266552152e-01, 1.244931022627167871e-01
1.469393567117109611e-01, 3.615349421118171369e-01, 3.673486582580622328e-01, 1.241770429184096552e-01
1.468010741234107575e-01, 3.619614886465289394e-01, 3.673755279956229525e-01, 1.238619092344373368e-01
1.466627604461392120e-01, 3.623884041987980864e-01, 3.674011329688484651e-01, 1.235477023862141949e-01
1.465244172097724673e-01, 3.628156863215378780e-01, 3.674254729225941984e-01, 1.232344235460955534e-01
1.463860459561958094e-01, 3.632433325432729010e-01, 3.674485476170971654e-01, 1.229220738834340548e-01
1.462476482392859600e-01, 3.636713403680643664e-01, 3.674703568280136556e-01, 1.226106545646361290e-01
1.461092256248939236e-01, 3.640997072754324493e-01, 3.674909003464549850e-01, 1.223001667532186421e-01
1.459707796908274458e-01, 3.645284307202816265e-01, 3.675101779790257428e-01, 1.219906116098652682e-01
1.458323120268343320e-01, 3.649575081328235160e-01, 3.675281895478587635e-01, 1.216819902924835273e-01
1.456938242345854617e-01, 3.653869369185006599e-01, 3.675449348906527081e-01, 1.213743039562611981e-01
1.455553179276581344e-01, 3.658167144579105301e-01, 3.675604138607078131e-01, 1.210675537537235641e-01
1.454167947315192500e-01, 3.662468381067286449e-01, 3.675746263269620284e-01, 1.207617408347900073e-01
1.452782562835096269e-01, 3.666773051956321305e-01, 3.675875721740270441e-01, 1.204568663468312539e-01
1.451397042328270437e-01, 3.671081130302230044e-01, 3.675992513022235397e-01, 1.201529314347263705e-01
1.450011402405107508e-01, 3.675392588909519032e-01, 3.676096636276173224e-01, 1.198499372409200375e-01
1.448625659794254839e-01, 3.679707400330406442e-01, 3.676188090820542431e-01, 1.195478849054796705e-01
1.447239831342455318e-01, 3.684025536864055095e-01, 3.676266876131959460e-01, 1.192467755661529294e-01
1.445853934014397213e-01, 3.688346970555807514e-01, 3.676332991845545628e-01, 1.189466103584250478e-01
1.444467984892555401e-01, 3.692671673196410986e-01, 3.676386437755270742e-01, 1.186473904155762871e-01
1.443082001177043439e-01, 3.696999616321246518e-01, 3.676427213814311701e-01, 1.183491168687398343e-01
1.441696000185463122e-01, 3.701330771209557224e-01, 3.676455320135391114e-01, 1.180517908469588678e-01
1.440309999352753778e-01, 3.705665108883677838e-01, 3.676470756991118694e-01, 1.177554134772450245e-01
1.438924016231047376e-01, 3.710002600108255888e-01, 3.676473524814339866e-01, 1.174599858846356176e-01
1.437538068489524756e-01, 3.714343215389483421e-01, 3.676463624198472169e-01, 1.171655091922519792e-01
1.436152173914270747e-01, 3.718686924974315411e-01, 3.676441055897842758e-01, 1.168719845213572056e-01
1.434766350408130942e-01, 3.723033698849696482e-01, 3.676405820828029802e-01, 1.165794129914142219e-01
1.433380615990578477e-01, 3.727383506741784314e-01, 3.676357920066194995e-01, 1.162877957201441798e-01
1.431994988797566926e-01, 3.731736318115170259e-01, 3.676297354851419952e-01, 1.159971338235843419e-01
1.430609487081402065e-01, 3.736092102172101082e-01, 3.676224126585030394e-01, 1.157074284161466321e-01
1.429224129210602268e-01, 3.740450827851697357e-01, 3.676138236830940320e-01, 1.154186806106759638e-01
1.427838933669766941e-01, 3.744812463829175209e-01, 3.676039687315970639e-01, 1.151308915185085685e-01
1.426453919059447184e-01, 3.749176978515066927e-01, 3.675928479930178350e-01, 1.148440622495307817e-01
1.425069104096012285e-01, 3.753544340054428274e-01, 3.675804616727184615e-01, 1.145581939122374687e-01
1.423684507611526484e-01, 3.757914516326069099e-01, 3.675668099924497834e-01, 1.142732876137907139e-01
1.422300148553619636e-01, 3.762287474941758969e-01, 3.675518931903833941e-01, 1.139893444600787870e-01
1.420916045985364529e-01, 3.766663183245446689e-01, 3.675357115211441705e-01, 1.137063655557747216e-01
1.419532219085154479e-01, 3.771041608312473148e-01, 3.675182652558417473e-01, 1.134243520043954900e-01
1.418148687146580655e-01, 3.775422716948783619e-01, 3.674995546821028247e-01, 1.131433049083608172e-01
1.416765469578314951e-01, 3.779806475690141165e-01, 3.674795801041020327e-01, 1.128632253690522724e-01
1.415382585903992019e-01, 3.784192850801338381e-01, 3.674583418425943493e-01, 1.125841144868726384e-01
1.414000055762091868e-01, 3.788581808275406360e-01, 3.674358402349454100e-01, 1.123059733613047395e-01
1.412617898905829117e-01, 3.792973313832825877e-01, 3.674120756351634820e-01, 1.120288030909710186e-01
1.411236135203036701e-01, 3.797367332920733030e-01, 3.673870484139301062e-01, 1.117526047736928790e-01
1.409854784636059566e-01, 3.801763830712132641e-01, 3.673607589586307953e-01, 1.114773795065500256e-01
1.408473867301642535e-01, 3.806162772105098346e-01, 3.673332076733859530e-01, 1.112031283859399033e-01
1.407093403410823729e-01, 3.810564121721984332e-01, 3.673043949790817386e-01, 1.109298525076375386e-01
1.405713413288831592e-01, 3.814967843908625977e-01, 3.672743213133994877e-01, 1.106575529668548663e-01
1.404333917374976648e-01, 3.819373902733547155e-01, 3.672429871308470206e-01, 1.103862308583005575e-01
1.402954936222554350e-01, 3.823782261987163644e-01, 3.672103929027883407e-01, 1.101158872762399432e-01
1.401576490498741279e-01, 3.828192885180980998e-01, 3.671765391174732218e-01, 1.098465233145546338e-01
1.400198600984496888e-01, 3.832605735546801839e-01, 3.671414262800677397e-01, 1.095781400668024846e-01
1.398821288574469135e-01, 3.837020776035922065e-01, 3.671050549126833595e-01, 1.093107386262775343e-01
1.397444574276895668e-01, 3.841437969318335921e-01, 3.670674255544065789e-01, 1.090443200860702622e-01
1.396068479213513069e-01, 3.845857277781928318e-01, 3.670285387613286820e-01, 1.087788855391273041e-01
1.394693024619462762e-01, 3.850278663531674916e-01, 3.669883951065743277e-01, 1.085144360783118073e-01
1.393318231843202470e-01, 3.854702088388845538e-01, 3.669469951803313590e-01, 1.082509727964637708e-01
1.391944122346416013e-01, 3.859127513890189265e-01, 3.669043395898794468e-01, 1.079884967864600115e-01
1.390570717703929204e-01, 3.863554901287137855e-01, 3.668604289596185675e-01, 1.077270091412746156e-01
1.389198039603621315e-01, 3.867984211544999162e-01, 3.668152639310984786e-01, 1.074665109540394597e-01
1.387826109846342360e-01, 3.872415405342148342e-01, 3.667688451630465307e-01, 1.072070033181043713e-01
1.386454950345833159e-01, 3.876848443069221273e-01, 3.667211733313966437e-01, 1.069484873270979547e-01
1.385084583128643743e-01, 3.881283284828309088e-01, 3.666722491293171737e-01, 1.066909640749875571e-01
1.383715030334052576e-01, 3.885719890432146051e-01, 3.666220732672396121e-01, 1.064344346561405252e-01
1.382346314213993288e-01, 3.890158219403300754e-01, 3.665706464728861746e-01, 1.061789001653844489e-01
1.380978457132977510e-01, 3.894598230973368436e-01, 3.665179694912977237e-01, 1.059243616980677649e-01
1.379611481568019382e-01, 3.899039884082154406e-01, 3.664640430848618013e-01, 1.056708203501207644e-01
1.378245410108566715e-01, 3.903483137376866363e-01, 3.664088680333404402e-01, 1.054182772181161687e-01
1.376880265456428276e-01, 3.907927949211300600e-01, 3.663524451338971977e-01, 1.051667333993298592e-01
1.375516070425704396e-01, 3.912374277645025988e-01, 3.662947752011250224e-01, 1.049161899918019530e-01
1.374152847942721745e-01, 3.916822080442571297e-01, 3.662358590670732883e-01, 1.046666480943974215e-01
1.372790621045964221e-01, 3.921271315072610286e-01, 3.661756975812753834e-01, 1.044181088068672492e-01
1.371429412886012444e-01, 3.925721938707145697e-01, 3.661142916107750223e-01, 1.041705732299091358e-01
1.370069246725478251e-01, 3.930173908220691570e-01, 3.660516420401542792e-01, 1.039240424652287942e-01
1.368710145938943634e-01, 3.934627180189454454e-01, 3.659877497715595673e-01, 1.036785176156004851e-01
1.367352134012903009e-01, 3.939081710890522947e-01, 3.659226157247287836e-01, 1.034339997849285653e-01
1.365995234545703541e-01, 3.943537456301036137e-01, 3.658562408370178431e-01, 1.031904900783082446e-01
1.364639471247487412e-01, 3.947994372097373694e-01, 3.657886260634272690e-01, 1.029479896020866064e-01
1.363284867940139922e-01, 3.952452413654334862e-01, 3.657197723766285602e-01, 1.027064994639240447e-01
1.361931448557233693e-01, 3.956911536044314670e-01, 3.656496807669902260e-01, 1.024660207728550904e-01
1.360579237143974829e-01, 3.961371694036480151e-01, 3.655783522426049315e-01, 1.022265546393495150e-01
1.359228257857156286e-01, 3.965832842095958211e-01, 3.655057878293146989e-01, 1.019881021753738515e-01
1.357878534965105688e-01, 3.970294934383002405e-01, 3.654319885707369431e-01, 1.017506644944521921e-01
1.356530092847637314e-01, 3.974757924752173599e-01, 3.653569555282914494e-01, 1.015142427117274176e-01
1.355182955996007965e-01, 3.979221766751517286e-01, 3.652806897812247988e-01, 1.012788379440226205e-01
1.353837149012869778e-01, 3.983686413621741473e-01, 3.652031924266369023e-01, 1.010444513099019170e-01
1.352492696612226930e-01, 3.988151818295385120e-01, 3.651244645795069244e-01, 1.008110839297319400e-01
1.351149623619393170e-01, 3.992617933395997132e-01, 3.650445073727180412e-01, 1.005787369257428870e-01
1.349807954970952961e-01, 3.997084711237310906e-01, 3.649633219570838638e-01, 1.003474114220897356e-01
1.348467715714719017e-01, 4.001552103822418882e-01, 3.648809095013728077e-01, 1.001171085449133469e-01
1.347128931009695940e-01, 4.006020062842942653e-01, 3.647972711923342937e-01, 9.988782942240174989e-02
1.345791626126042195e-01, 4.010488539678210285e-01, 3.647124082347236174e-01, 9.965957518485112077e-02
1.344455826445035140e-01, 4.014957485394423098e-01, 3.646263218513272064e-01, 9.943234696472703915e-02
1.343121557459035775e-01, 4.019426850743833546e-01, 3.645390132829874341e-01, 9.920614589672557826e-02
1.341788844771456546e-01, 4.023896586163916433e-01, 3.644504837886282655e-01, 9.898097311783442265e-02
1.340457714096727759e-01, 4.028366641776538470e-01, 3.643607346452795159e-01, 9.875682976739380559e-02
1.339128191260270662e-01, 4.032836967387130045e-01, 3.642697671481022192e-01, 9.853371698715769622e-02
1.337800302198461633e-01, 4.037307512483859773e-01, 3.641775826104131641e-01, 9.831163592135463980e-02
1.336474072958609427e-01, 4.041778226236802940e-01, 3.640841823637098185e-01, 9.809058771674886157e-02
1.335149529698925752e-01, 4.046249057497111612e-01, 3.639895677576949762e-01, 9.787057352270123189e-02
1.333826698688498902e-01, 4.050719954796189182e-01, 3.638937401603013488e-01, 9.765159449122988444e-02
1.332505606307267387e-01, 4.055190866344856593e-01, 3.637967009577162680e-01, 9.743365177707134783e-02
1.331186279045999676e-01, 4.059661740032529109e-01, 3.636984515544059438e-01, 9.721674653774124708e-02
1.329868743506268103e-01, 4.064132523426382537e-01, 3.635989933731401114e-01, 9.700087993359479688e-02
1.328553026400428050e-01, 4.068603163770524445e-01, 3.634983278550168451e-01, 9.678605312788793325e-02
1.327239154551595468e-01, 4.073073607985169264e-01, 3.633964564594860391e-01, 9.657226728683745987e-02
1.325927154893631055e-01, 4.077543802665803407e-01, 3.632933806643746100e-01, 9.635952357968197157e-02
1.324617054471115829e-01, 4.082013694082362587e-01, 3.631891019659100883e-01, 9.614782317874202844e-02
1.323308880439338642e-01, 4.086483228178399707e-01, 3.630836218787454883e-01, 9.593716725948080171e-02
1.322002660064272028e-01, 4.090952350570256635e-01, 3.629769419359830662e-01, 9.572755700056412298e-02
1.320698420722563049e-01, 4.095421006546239306e-01, 3.628690636891986343e-01, 9.551899358392106076e-02
1.319396189901513861e-01, 4.099889141065789500e-01, 3.627599887084659858e-01, 9.531147819480380312e-02
1.318095995199066450e-01, 4.104356698758653277e-01, 3.626497185823802094e-01, 9.510501202184783176e-02
1.316797864323792366e-01, 4.108823623924060531e-01, 3.625382549180828362e-01, 9.489959625713195734e-02
1.315501825094874122e-01, 4.113289860529896202e-01, 3.624255993412850430e-01, 9.469523209623788296e-02
1.314207905442098256e-01, 4.117755352211877051e-01, 3.623117534962921882e-01, 9.449192073831037819e-02
1.312916133405838126e-01, 4.122220042272720653e-01, 3.621967190460272934e-01, 9.428966338611668996e-02
1.311626537137048909e-01, 4.126683873681331605e-01, 3.620804976720559121e-01, 9.408846124610605044e-02
1.310339144897249841e-01, 4.131146789071966641e-01, 3.619630910746091113e-01, 9.388831552846924056e-02
1.309053985058520886e-01, 4.135608730743420836e-01, 3.618445009726080075e-01, 9.368922744719769546e-02
1.307771086103487745e-01, 4.140069640658205485e-01, 3.617247291036879142e-01, 9.349119822014281822e-02
1.306490476625316866e-01, 4.144529460441717106e-01, 3.616037772242216009e-01, 9.329422906907498814e-02
1.305212185327705166e-01, 4.148988131381434741e-01, 3.614816471093436623e-01, 9.309832121974226382e-02
1.303936241024871989e-01, 4.153445594426085630e-01, 3.613583405529746662e-01, 9.290347590192947480e-02
1.302662672641550223e-01, 4.157901790184839186e-01, 3.612338593678446341e-01, 9.270969434951635557e-02
1.301391509212982134e-01, 4.162356658926480990e-01, 3.611082053855171892e-01, 9.251697780053634579e-02
1.300122779884909374e-01, 4.166810140578607324e-01, 3.609813804564135920e-01, 9.232532749723468268e-02
1.298856513913566602e-01, 4.171262174726804717e-01, 3.608533864498364441e-01, 9.213474468612646573e-02
1.297592740665675370e-01, 4.175712700613837813e-01, 3.607242252539938909e-01, 9.194523061805472131e-02
1.296331489618438304e-01, 4.180161657138846132e-01, 3.605938987760234915e-01, 9.175678654824810654e-02
1.295072790359531323e-01, 4.184608982856526938e-01, 3.604624089420160882e-01, 9.156941373637823844e-02
1.293816672587098093e-01, 4.189054615976328666e-01, 3.603297576970398985e-01, 9.138311344661737001e-02
1.292563166109744199e-01, 4.193498494361652673e-01, 3.601959470051649403e-01, 9.119788694769538628e-02
1.291312300846531036e-01, 4.197940555529041662e-01, 3.600609788494860686e-01, 9.101373551295675879e-02
1.290064106826968038e-01, 4.202380736647375881e-01, 3.599248552321482331e-01, 9.083066042041736121e-02
1.288818614191008516e-01, 4.206818974537085976e-01, 3.597875781743696821e-01, 9.064866295282104913e-02
1.287575853189040220e-01, 4.211255205669339752e-01, 3.596491497164663875e-01, 9.046774439769562914e-02
1.286335854181882288e-01, 4.215689366165258911e-01, 3.595095719178764693e-01, 9.028790604740936920e-02
1.285098647640776637e-01, 4.220121391795117471e-01, 3.593688468571840100e-01, 9.010914919922656530e-02
1.283864264147378254e-01, 4.224551217977554618e-01, 3.592269766321434799e-01, 8.993147515536316361e-02
1.282632734393751861e-01, 4.228978779778788666e-01, 3.590839633597037173e-01, 8.975488522304220229e-02
1.281404089182360817e-01, 4.233404011911824361e-01, 3.589398091760328535e-01, 8.957938071454875362e-02
1.280178359426058510e-01, 4.237826848735676277e-01, 3.587945162365417384e-01, 8.940496294728479676e-02
1.278955576148082529e-01, 4.242247224254585558e-01, 3.586480867159094199e-01, 8.923163324382363260e-02
1.277735770482041622e-01, 4.246665072117244422e-01, 3.585005228081069029e-01, 8.905939293196445117e-02
1.276518973671906532e-01, 4.251080325616019562e-01, 3.583518267264215740e-01, 8.888824334478588607e-02
1.275305217071998620e-01, 4.255492917686178878e-01, 3.582020007034822373e-01, 8.871818582069994352e-02
1.274094532146980707e-01, 4.259902780905130415e-01, 3.580510469912834837e-01, 8.854922170350525146e-02
1.272886950471840417e-01, 4.264309847491654093e-01, 3.578989678612102265e-01, 8.838135234244025307e-02
1.271682503731879355e-01, 4.268714049305137870e-01, 3.577457656040628486e-01, 8.821457909223558158e-02
1.270481223722697284e-01, 4.273115317844820016e-01, 3.575914425300812938e-01, 8.804890331316687913e-02
1.269283142350179638e-01, 4.277513584249044709e-01, 3.574360009689708240e-01, 8.788432637110658863e-02
1.268088291630477538e-01, 4.281908779294500422e-01, 3.572794432699263334e-01, 8.772084963757581511e-02
1.266896703689990300e-01, 4.286300833395481069e-01, 3.571217718016574394e-01, 8.755847448979545145e-02
1.265708410765352121e-01, 4.290689676603137159e-01, 3.569629889524138511e-01, 8.739720231073740131e-02
