4.412235363095684537e-01, 4.328499957364108086e-01, 6.056452765228741153e-02, 6.536194030173331226e-02
4.411113560937308664e-01, 4.326759408026576437e-01, 6.070533588199956976e-02, 6.550736722161186465e-02
4.409979362218615084e-01, 4.325007385798055326e-01, 6.084739621867329973e-02, 6.565392897965953434e-02
4.408832749216741176e-01, 4.323243888315082550e-01, 6.099071022921317975e-02, 6.580162601760448926e-02
4.407673704265735459e-01, 4.321468913307365267e-01, 6.113527947478541308e-02, 6.595045876790443795e-02
4.406502209759338151e-01, 4.319682458600145325e-01, 6.128110551053839866e-02, 6.610042765351320515e-02
4.405318248153750615e-01, 4.317884522116559598e-01, 6.142818988532212227e-02, 6.625153308764684945e-02
4.404121801970430905e-01, 4.316075101880011977e-01, 6.157653414140645126e-02, 6.640377547354932297e-02
4.402912853798896520e-01, 4.314254196016538700e-01, 6.172613981419846491e-02, 6.655715520425813103e-02
4.401691386299529385e-01, 4.312421802757184786e-01, 6.187700843195873684e-02, 6.671167266236978366e-02
4.400457382206411916e-01, 4.310577920440374355e-01, 6.202914151551658373e-02, 6.686732821980477526e-02
4.399210824330144209e-01, 4.308722547514286516e-01, 6.218254057798446727e-02, 6.702412223757260590e-02
4.397951695560695096e-01, 4.306855682539230123e-01, 6.233720712447105017e-02, 6.718205506553644180e-02
4.396679978870255412e-01, 4.304977324190025212e-01, 6.249314265179406469e-02, 6.734112704217794232e-02
4.395395657316095717e-01, 4.303087471258375540e-01, 6.265034864819135629e-02, 6.750133849436158739e-02
4.394098714043439546e-01, 4.301186122655250021e-01, 6.280882659303176074e-02, 6.766268973709928247e-02
4.392789132288343890e-01, 4.299273277413261929e-01, 6.296857795652481549e-02, 6.782518107331453328e-02
4.391466895380585767e-01, 4.297348934689047550e-01, 6.312960419942958978e-02, 6.798881279360712016e-02
4.390131986746561576e-01, 4.295413093765640400e-01, 6.329190677276282095e-02, 6.815358517601698141e-02
4.388784389912191441e-01, 4.293465754054857086e-01, 6.345548711750621795e-02, 6.831949848578884599e-02
4.387424088505836317e-01, 4.291506915099666530e-01, 6.362034666431307106e-02, 6.848655297513660256e-02
4.386051066261212883e-01, 4.289536576576574167e-01, 6.378648683321390400e-02, 6.865474888300754364e-02
4.384665307020325642e-01, 4.287554738297987833e-01, 6.395390903332158483e-02, 6.882408643484715094e-02
4.383266794736407346e-01, 4.285561400214597527e-01, 6.412261466253588171e-02, 6.899456584236358936e-02
4.381855513476855535e-01, 4.283556562417747959e-01, 6.429260510724700561e-02, 6.916618730329254783e-02
4.380431447426186287e-01, 4.281540225141803324e-01, 6.446388174203887544e-02, 6.933895100116227450e-02
4.378994580888985189e-01, 4.279512388766515407e-01, 6.463644592939138400e-02, 6.951285710505857030e-02
4.377544898292878295e-01, 4.277473053819391136e-01, 6.481029901938256677e-02, 6.968790576939053183e-02
4.376082384191494201e-01, 4.275422220978050136e-01, 6.498544234938974373e-02, 6.986409713365586416e-02
4.374607023267438333e-01, 4.273359891072584515e-01, 6.516187724379059187e-02, 7.004143132220716494e-02
4.373118800335272227e-01, 4.271286065087915862e-01, 6.533960501366320450e-02, 7.021990844401787557e-02
4.371617700344498925e-01, 4.269200744166145034e-01, 6.551862695648627555e-02, 7.039952859244918981e-02
4.370103708382552798e-01, 4.267103929608894175e-01, 6.569894435583825687e-02, 7.058029184501682374e-02
4.368576809677789941e-01, 4.264995622879657611e-01, 6.588055848109657109e-02, 7.076219826315853501e-02
4.367036989602485209e-01, 4.262875825606132763e-01, 6.606347058713624154e-02, 7.094524789200193360e-02
4.365484233675833159e-01, 4.260744539582557167e-01, 6.624768191402814754e-02, 7.112944076013273664e-02
4.363918527566959527e-01, 4.258601766772034392e-01, 6.643319368673716863e-02, 7.131477687936355059e-02
4.362339857097914386e-01, 4.256447509308858290e-01, 6.662000711481963489e-02, 7.150125624450316686e-02
4.360748208246699731e-01, 4.254281769500825039e-01, 6.680812339212111040e-02, 7.168887883312637099e-02
4.359143567150272069e-01, 4.252104549831549063e-01, 6.699754369647337171e-02, 7.187764460534465383e-02
4.357525920107553907e-01, 4.249915852962760643e-01, 6.718826918939163617e-02, 7.206755350357679779e-02
4.355895253582465765e-01, 4.247715681736612403e-01, 6.738030101577141551e-02, 7.225860545232096199e-02
4.354251554206927111e-01, 4.245504039177953048e-01, 6.757364030358524454e-02, 7.245080035792678119e-02
4.352594808783890601e-01, 4.243280928496627746e-01, 6.776828816357939600e-02, 7.264413810836871377e-02
4.350925004290354114e-01, 4.241046353089744092e-01, 6.796424568897059537e-02, 7.283861857301958398e-02
4.349242127880385000e-01, 4.238800316543936408e-01, 6.816151395514248590e-02, 7.303424160242531771e-02
4.347546166888141550e-01, 4.236542822637631711e-01, 6.836009401934242669e-02, 7.323100702808038598e-02
4.345837108830888917e-01, 4.234273875343293470e-01, 6.855998692037804099e-02, 7.342891466220378971e-02
4.344114941412033359e-01, 4.231993478829663147e-01, 6.876119367831397267e-02, 7.362796429751629346e-02
4.342379652524124833e-01, 4.229701637464001740e-01, 6.896371529416892021e-02, 7.382815570701854735e-02
4.340631230251885131e-01, 4.227398355814294684e-01, 6.916755274961236544e-02, 7.402948864376969473e-02
4.338869662875225464e-01, 4.225083638651478402e-01, 6.937270700666212098e-02, 7.423196284066742312e-02
4.337094938872257388e-01, 4.222757490951637993e-01, 6.957917900738154471e-02, 7.443557801022897269e-02
4.335307046922303731e-01, 4.220419917898195483e-01, 6.978696967357736480e-02, 7.464033384437272767e-02
4.333505975908916730e-01, 4.218070924884093631e-01, 6.999607990649767131e-02, 7.484623001420130650e-02
4.331691714922875636e-01, 4.215710517513966415e-01, 7.020651058653014365e-02, 7.505326616978576226e-02
4.329864253265193197e-01, 4.213338701606292314e-01, 7.041826257290084712e-02, 7.526144193995056020e-02
4.328023580450118257e-01, 4.210955483195547577e-01, 7.063133670337345960e-02, 7.547075693206005409e-02
4.326169686208124476e-01, 4.208560868534328980e-01, 7.084573379394856762e-02, 7.568121073180601732e-02
4.324302560488906266e-01, 4.206154864095488222e-01, 7.106145463856410049e-02, 7.589280290299632581e-02
4.322422193464363627e-01, 4.203737476574230247e-01, 7.127850000879559778e-02, 7.610553298734511196e-02
4.320528575531574766e-01, 4.201308712890212127e-01, 7.149687065355743443e-02, 7.631940050426391786e-02
4.318621697315782604e-01, 4.198868580189623612e-01, 7.171656729880469816e-02, 7.653440495065462479e-02
4.316701549673352956e-01, 4.196417085847259365e-01, 7.193759064723548313e-02, 7.675054580070331256e-02
4.314768123694739943e-01, 4.193954237468563440e-01, 7.215994137799393304e-02, 7.696782250567553441e-02
4.312821410707442515e-01, 4.191480042891678193e-01, 7.238362014637421404e-02, 7.718623449371357637e-02
4.310861402278944876e-01, 4.188994510189463227e-01, 7.260862758352484847e-02, 7.740578116963439670e-02
4.308888090219659128e-01, 4.186497647671501565e-01, 7.283496429615424206e-02, 7.762646191472961921e-02
4.306901466585861815e-01, 4.183989463886099158e-01, 7.306263086623680791e-02, 7.784827608656694209e-02
4.304901523682607700e-01, 4.181469967622259976e-01, 7.329162785072021458e-02, 7.807122301879300397e-02
4.302888254066644103e-01, 4.178939167911645547e-01, 7.352195578123316144e-02, 7.829530202093787361e-02
4.300861650549321347e-01, 4.176397074030518963e-01, 7.375361516379458360e-02, 7.852051237822131602e-02
4.298821706199479342e-01, 4.173843695501679441e-01, 7.398660647852350891e-02, 7.874685335136057118e-02
4.296768414346336384e-01, 4.171279042096362466e-01, 7.422093017935020576e-02, 7.897432417638008961e-02
4.294701768582354084e-01, 4.168703123836139945e-01, 7.445658669372814953e-02, 7.920292406442250299e-02
4.292621762766111182e-01, 4.166115950994793149e-01, 7.469357642234752959e-02, 7.943265220156202344e-02
4.290528391025143495e-01, 4.163517534100167339e-01, 7.493189973884957500e-02, 7.966350774861918893e-02
4.288421647758787758e-01, 4.160907883936015295e-01, 7.517155698954210152e-02, 7.989548984097770423e-02
4.286301527641000475e-01, 4.158287011543806977e-01, 7.541254849311655739e-02, 8.012859758840276680e-02
4.284168025623177889e-01, 4.155654928224536970e-01, 7.565487454036630421e-02, 8.036283007486207108e-02
4.282021136936955408e-01, 4.153011645540505836e-01, 7.589853539390606363e-02, 8.059818635834788136e-02
4.279860857096983162e-01, 4.150357175317070380e-01, 7.614353128789287661e-02, 8.083466547070171371e-02
4.277687181903711000e-01, 4.147691529644393360e-01, 7.638986242774870039e-02, 8.107226641744083584e-02
4.275500107446136844e-01, 4.145014720879157122e-01, 7.663752898988396289e-02, 8.131098817758668218e-02
4.273299630104550606e-01, 4.142326761646263900e-01, 7.688653112142312951e-02, 8.155082970349558646e-02
4.271085746553257012e-01, 4.139627664840511700e-01, 7.713686893993162985e-02, 8.179178992069155441e-02
4.268858453763297311e-01, 4.136917443628247426e-01, 7.738854253314442211e-02, 8.203386772770104862e-02
4.266617749005128801e-01, 4.134196111449006672e-01, 7.764155195869619497e-02, 8.227706199589028546e-02
4.264363629851310455e-01, 4.131463682017113559e-01, 7.789589724385320713e-02, 8.252137156930437756e-02
4.262096094179162464e-01, 4.128720169323278899e-01, 7.815157838524687539e-02, 8.276679526450894664e-02
4.259815140173403014e-01, 4.125965587636161724e-01, 7.840859534860940283e-02, 8.301333187043416495e-02
4.257520766328777295e-01, 4.123199951503907501e-01, 7.866694806851066979e-02, 8.326098014822078119e-02
4.255212971452665416e-01, 4.120423275755670245e-01, 7.892663644809780332e-02, 8.350973883106869999e-02
4.252891754667659785e-01, 4.117635575503102996e-01, 7.918766035883562093e-02, 8.375960662408803159e-02
4.250557115414138609e-01, 4.114836866141836080e-01, 7.945001964025018293e-02, 8.401058220415238975e-02
4.248209053452812189e-01, 4.112027163352906522e-01, 7.971371409967328847e-02, 8.426266421975475707e-02
4.245847568867247568e-01, 4.109206483104195784e-01, 7.997874351198977494e-02, 8.451585129086580661e-02
4.243472662066375967e-01, 4.106374841651811436e-01, 8.024510761938651038e-02, 8.477014200879481876e-02
4.241084333786973581e-01, 4.103532255541462170e-01, 8.051280613110364803e-02, 8.502553493605286006e-02
4.238682585096129052e-01, 4.100678741609797839e-01, 8.078183872318808745e-02, 8.528202860621922343e-02
4.236267417393682622e-01, 4.097814316985730621e-01, 8.105220503824907274e-02, 8.553962152380963080e-02
4.233838832414640874e-01, 4.094938999091722875e-01, 8.132390468521602522e-02, 8.579831216414759987e-02
4.231396832231574812e-01, 4.092052805645047808e-01, 8.159693723909884622e-02, 8.605809897323864199e-02
4.228941419256991852e-01, 4.089155754659036246e-01, 8.187130224075044038e-02, 8.631898036764674986e-02
4.226472596245677282e-01, 4.086247864444269018e-01, 8.214699919663170924e-02, 8.658095473437367462e-02
4.223990366297025179e-01, 4.083329153609772111e-01, 8.242402757857884843e-02, 8.684402043074146427e-02
4.221494732857330456e-01, 4.080399641064163530e-01, 8.270238682357330950e-02, 8.710817578427729191e-02
4.218985699722066496e-01, 4.077459346016780173e-01, 8.298207633351421808e-02, 8.737341909260133710e-02
4.216463271038122795e-01, 4.074508287978771404e-01, 8.326309547499312347e-02, 8.763974862331741500e-02
4.213927451306045402e-01, 4.071546486764164863e-01, 8.354544357907209284e-02, 8.790716261390689457e-02
4.211378245382205732e-01, 4.068573962490911189e-01, 8.382911994106333198e-02, 8.817565927162483719e-02
4.208815658480989930e-01, 4.065590735581884330e-01, 8.411412382031263624e-02, 8.844523677339996559e-02
4.206239696176922727e-01, 4.062596826765861313e-01, 8.440045443998472896e-02, 8.871589326573678380e-02
4.203650364406793516e-01, 4.059592257078473709e-01, 8.468811098685191663e-02, 8.898762686462130533e-02
4.201047669471726365e-01, 4.056577047863123564e-01, 8.497709261108526979e-02, 8.926043565542962632e-02
4.198431618039248359e-01, 4.053551220771867691e-01, 8.526739842604905140e-02, 8.953431769283949626e-02
4.195802217145300772e-01, 4.050514797766275876e-01, 8.555902750809729618e-02, 8.980927100074502512e-02
4.193159474196248016e-01, 4.047467801118259656e-01, 8.585197889637444235e-02, 9.008529357217474887e-02
4.190503396970838845e-01, 4.044410253410859468e-01, 8.614625159261785070e-02, 9.036238336921244285e-02
4.187833993622139261e-01, 4.041342177539007929e-01, 8.644184456096409841e-02, 9.064053832292140456e-02
4.185151272679440426e-01, 4.038263596710259251e-01, 8.673875672775807621e-02, 9.091975633327203932e-02
4.182455243050133276e-01, 4.035174534445490346e-01, 8.703698698136540235e-02, 9.120003526907226321e-02
4.179745914021549269e-01, 4.032075014579561412e-01, 8.733653417198743163e-02, 9.148137296790155581e-02
4.177023295262765612e-01, 4.028965061261949310e-01, 8.763739711148033074e-02, 9.176376723604817709e-02
4.174287396826390495e-01, 4.025844698957346535e-01, 8.793957457317662374e-02, 9.204721584844961779e-02
4.171538229150302812e-01, 4.022713952446226870e-01, 8.824306529171045688e-02, 9.233171654863658873e-02
4.168775803059363017e-01, 4.019572846825377743e-01, 8.854786796284588868e-02, 9.261726704867995208e-02
4.166000129767090665e-01, 4.016421407508402042e-01, 8.885398124330899650e-02, 9.290386502914160793e-02
4.163211220877310326e-01, 4.013259660226177195e-01, 8.916140375062280021e-02, 9.319150813902836450e-02
4.160409088385757514e-01, 4.010087631027289268e-01, 8.947013406294591908e-02, 9.348019399574934718e-02
4.157593744681654102e-01, 4.006905346278430424e-01, 8.978017071891492007e-02, 9.376992018507680771e-02
4.154765202549241532e-01, 4.003712832664755861e-01, 9.009151221748949723e-02, 9.406068426111059699e-02
4.151923475169298494e-01, 4.000510117190220205e-01, 9.040415701780220303e-02, 9.435248374624603807e-02
4.149068576120586993e-01, 3.997297227177857293e-01, 9.071810353901066382e-02, 9.464531613114497699e-02
4.146200519381301741e-01, 3.994074190270047175e-01, 9.103335016015423609e-02, 9.493917887471096939e-02
4.143319319330454609e-01, 3.990841034428730394e-01, 9.134989522001392415e-02, 9.523406940406763110e-02
4.140424990749230760e-01, 3.987597787935602267e-01, 9.166773701697621124e-02, 9.552998511454044439e-02
4.137517548822314817e-01, 3.984344479392256111e-01, 9.198687380890029075e-02, 9.582692336964272750e-02
4.134597009139162616e-01, 3.981081137720297591e-01, 9.230730381298950238e-02, 9.612488150106443530e-02
4.131663387695256318e-01, 3.977807792161431322e-01, 9.262902520566616837e-02, 9.642385680866515096e-02
4.128716700893296787e-01, 3.974524472277493059e-01, 9.295203612245034330e-02, 9.672384656047064433e-02
4.125756965544380428e-01, 3.971231207950461917e-01, 9.327633465784282429e-02, 9.702484799267278859e-02
4.122784198869123284e-01, 3.967928029382428168e-01, 9.360191886521140869e-02, 9.732685830963347384e-02
4.119798418498739623e-01, 3.964614967095524967e-01, 9.392878675668143995e-02, 9.762987468389211498e-02
4.116799642476103305e-01, 3.961292051931825653e-01, 9.425693630303051684e-02, 9.793389425617669841e-02
4.113787889256743102e-01, 3.957959315053203309e-01, 9.458636543358658888e-02, 9.823891413541874229e-02
4.110763177709822469e-01, 3.954616787941148126e-01, 9.491707203613082566e-02, 9.854493139877211483e-02
4.107725527119052145e-01, 3.951264502396559797e-01, 9.524905395680380304e-02, 9.885194309163491955e-02
4.104674957183585549e-01, 3.947902490539489384e-01, 9.558230900001625507e-02, 9.915994622767630717e-02
4.101611488018855889e-01, 3.944530784808849000e-01, 9.591683492836375335e-02, 9.946893778886568838e-02
4.098535140157384959e-01, 3.941149417962088175e-01, 9.625262946254577179e-02, 9.977891472550685925e-02
4.095445934549536982e-01, 3.937758423074829706e-01, 9.658969028128826240e-02, 1.000898739562752632e-01
4.092343892564240804e-01, 3.934357833540454985e-01, 9.692801502127119939e-02, 1.004018123682591940e-01
4.089229035989665473e-01, 3.930947683069683785e-01, 9.726760127706000902e-02, 1.007147268170050930e-01
4.086101387033850840e-01, 3.927528005690076318e-01, 9.760844660104098236e-02, 1.010286141265662463e-01
4.082960968325301532e-01, 3.924098835745529756e-01, 9.795054850336151753e-02, 1.013434710895554230e-01
4.079807802913525960e-01, 3.920660207895717564e-01, 9.829390445187415060e-02, 1.016592944672014831e-01
4.076641914269550360e-01, 3.917212157115499416e-01, 9.863851187208518001e-02, 1.019760809894098563e-01
4.073463326286369535e-01, 3.913754718694289481e-01, 9.898436814710749598e-02, 1.022938273548265331e-01
4.070272063279368191e-01, 3.910287928235391397e-01, 9.933147061761789243e-02, 1.026125302309061904e-01
4.067068149986686199e-01, 3.906811821655284400e-01, 9.967981658181869487e-02, 1.029321862539841759e-01
4.063851611569553879e-01, 3.903326435182886134e-01, 1.000294032954038154e-01, 1.032527920293521140e-01
4.060622473612567340e-01, 3.899831805358763281e-01, 1.003802279715291790e-01, 1.035743441313376062e-01
4.057380762123931617e-01, 3.896327969034316108e-01, 1.007322877807876604e-01, 1.038968391033877059e-01
4.054126503535645520e-01, 3.892814963370908599e-01, 1.010855798511884479e-01, 1.042202734581561263e-01
4.050859724703661513e-01, 3.889292825838984724e-01, 1.014401012681409725e-01, 1.045446436775945981e-01
4.047580452907974524e-01, 3.885761594217116421e-01, 1.017958490744431260e-01, 1.048699462130478627e-01
4.044288715852690230e-01, 3.882221306591041032e-01, 1.021528202702744192e-01, 1.051961774853524684e-01
4.040984541666027829e-01, 3.878672001352644338e-01, 1.025110118131930537e-01, 1.055233338849396324e-01
4.037667958900291176e-01, 3.875113717198907515e-01, 1.028704206181381697e-01, 1.058514117719420722e-01
4.034338996531782184e-01, 3.871546493130817446e-01, 1.032310435574361612e-01, 1.061804074763039729e-01
4.030997683960676481e-01, 3.867970368452245400e-01, 1.035928774608119857e-01, 1.065103172978958679e-01
4.027644051010854653e-01, 3.864385382768774080e-01, 1.039559191154046380e-01, 1.068411375066325303e-01
4.024278127929675208e-01, 3.860791575986498581e-01, 1.043201652657877454e-01, 1.071728643425949867e-01
4.020899945387712560e-01, 3.857188988310781830e-01, 1.046856126139941306e-01, 1.075054940161565969e-01
4.017509534478443389e-01, 3.853577660244977832e-01, 1.050522578195455664e-01, 1.078390227081124225e-01
4.014106926717890267e-01, 3.849957632589110501e-01, 1.054200974994869561e-01, 1.081734465698129394e-01
4.010692154044208646e-01, 3.846328946438525853e-01, 1.057891282284250667e-01, 1.085087617233015389e-01
4.007265248817240000e-01, 3.842691643182488681e-01, 1.061593465385718554e-01, 1.088449642614551932e-01
4.003826243818011110e-01, 3.839045764502759805e-01, 1.065307489197930835e-01, 1.091820502481297972e-01
4.000375172248181732e-01, 3.835391352372126139e-01, 1.069033318196604271e-01, 1.095200157183087442e-01
3.996912067729457285e-01, 3.831728449052893559e-01, 1.072770916435094174e-01, 1.098588566782554010e-01
3.993436964302943259e-01, 3.828057097095348693e-01, 1.076520247545014186e-01, 1.101985691056693306e-01
3.989949896428456322e-01, 3.824377339336174075e-01, 1.080281274736904218e-01, 1.105391489498464691e-01
3.986450898983793234e-01, 3.820689218896833328e-01, 1.084053960800944738e-01, 1.108805921318427729e-01
3.982940007263943705e-01, 3.816992779181921924e-01, 1.087838268107720885e-01, 1.112228945446414735e-01
3.979417256980257167e-01, 3.813288063877467438e-01, 1.091634158609027239e-01, 1.115660520533247602e-01
3.975882684259577360e-01, 3.809575116949214801e-01, 1.095441593838726996e-01, 1.119100604952482231e-01
3.972336325643301413e-01, 3.805853982640851618e-01, 1.099260534913651111e-01, 1.122549156802195164e-01
3.968778218086422838e-01, 3.802124705472217925e-01, 1.103090942534550312e-01, 1.126006133906807538e-01
3.965208398956502345e-01, 3.798387330237467108e-01, 1.106932776987088890e-01, 1.129471493818942768e-01
3.961626906032602591e-01, 3.794641902003191847e-01, 1.110785998142886644e-01, 1.132945193821318364e-01
3.958033777504184059e-01, 3.790888466106521193e-01, 1.114650565460611198e-01, 1.136427190928683412e-01
3.954429051969929332e-01, 3.787127068153179343e-01, 1.118526437987112376e-01, 1.139917441889779642e-01
3.950812768436547939e-01, 3.783357754015503338e-01, 1.122413574358603894e-01, 1.143415903189345523e-01
3.947184966317515142e-01, 3.779580569830433556e-01, 1.126311932801894317e-01, 1.146922531050156985e-01
3.943545685431774084e-01, 3.775795561997465355e-01, 1.130221471135662847e-01, 1.150437281435096187e-01
3.939894966002384646e-01, 3.772002777176571287e-01, 1.134142146771780213e-01, 1.153960110049263299e-01
3.936232848655129568e-01, 3.768202262286075022e-01, 1.138073916716677153e-01, 1.157490972342117702e-01
3.932559374417072262e-01, 3.764394064500511949e-01, 1.142016737572761620e-01, 1.161029823509655973e-01
3.928874584715065787e-01, 3.760578231248434822e-01, 1.145970565539875530e-01, 1.164576618496623722e-01
3.925178521374227958e-01, 3.756754810210207185e-01, 1.149935356416804666e-01, 1.168131311998761718e-01
3.921471226616345951e-01, 3.752923849315740190e-01, 1.153911065602830355e-01, 1.171693858465083782e-01
3.917752743058262044e-01, 3.749085396742217746e-01, 1.157897648099327770e-01, 1.175264212100192995e-01
3.914023113710192736e-01, 3.745239500911772823e-01, 1.161895058511408368e-01, 1.178842326866625240e-01
3.910282381974014010e-01, 3.741386210489144881e-01, 1.165903251049612149e-01, 1.182428156487228960e-01
3.906530591641491634e-01, 3.737525574379290116e-01, 1.169922179531639184e-01, 1.186021654447578511e-01
3.902767786892479274e-01, 3.733657641724972831e-01, 1.173951797384130274e-01, 1.189622773998416649e-01
3.898994012293055533e-01, 3.729782461904321833e-01, 1.177992057644492302e-01, 1.193231468158130748e-01
3.895209312793626033e-01, 3.725900084528346867e-01, 1.182042912962764925e-01, 1.196847689715262036e-01
3.891413733726979962e-01, 3.722010559438438393e-01, 1.186104315603536963e-01, 1.200471391231044405e-01
3.887607320806297784e-01, 3.718113936703826283e-01, 1.190176217447903584e-01, 1.204102525041973598e-01
3.883790120123115086e-01, 3.714210266619009659e-01, 1.194258569995464286e-01, 1.207741043262410829e-01
3.879962178145250351e-01, 3.710299599701162299e-01, 1.198351324366375981e-01, 1.211386897787211508e-01
3.876123541714673326e-01, 3.706381986687502517e-01, 1.202454431303435350e-01, 1.215040040294389084e-01
3.872274258045343420e-01, 3.702457478532635293e-01, 1.206567841174215477e-01, 1.218700422247805948e-01
3.868414374721002025e-01, 3.698526126405864978e-01, 1.210691503973240629e-01, 1.222367994899891952e-01
3.864543939692912100e-01, 3.694587981688486344e-01, 1.214825369324203791e-01, 1.226042709294397903e-01
3.860663001277566120e-01, 3.690643095971032905e-01, 1.218969386482229578e-01, 1.229724516269171120e-01
3.856771608154348496e-01, 3.686691521050513010e-01, 1.223123504336176559e-01, 1.233413366458962213e-01
3.852869809363149156e-01, 3.682733308927608196e-01, 1.227287671410982189e-01, 1.237109210298259349e-01
3.848957654301946585e-01, 3.678768511803849339e-01, 1.231461835870051869e-01, 1.240811998024153179e-01
3.845035192724333140e-01, 3.674797182078762825e-01, 1.235645945517684779e-01, 1.244521679679219256e-01
3.841102474737018713e-01, 3.670819372346995069e-01, 1.239839947801545800e-01, 1.248238205114441390e-01
3.837159550797273888e-01, 3.666835135395404288e-01, 1.244043789815173912e-01, 1.251961523992147496e-01
3.833206471710348673e-01, 3.662844524200136731e-01, 1.248257418300534327e-01, 1.255691585788980269e-01
3.829243288626834052e-01, 3.658847591923667375e-01, 1.252480779650609610e-01, 1.259428339798889518e-01
3.825270053040000784e-01, 3.654844391911821755e-01, 1.256713819912027297e-01, 1.263171735136150164e-01
3.821286816783087126e-01, 3.650834977690774474e-01, 1.260956484787733867e-01, 1.266921720738405643e-01
3.817293632026546035e-01, 3.646819402964017742e-01, 1.265208719639700496e-01, 1.270678245369734616e-01
3.813290551275264617e-01, 3.642797721609319361e-01, 1.269470469491673914e-01, 1.274441257623741552e-01
3.809277627365733609e-01, 3.638769987675639084e-01, 1.273741679031957508e-01, 1.278210705926669244e-01
3.805254913463179678e-01, 3.634736255380039971e-01, 1.278022292616240729e-01, 1.281986538540540177e-01
3.801222463058668843e-01, 3.630696579104567556e-01, 1.282312254270455143e-01, 1.285768703566307902e-01
3.797180329966162726e-01, 3.626651013393112910e-01, 1.286611507693677381e-01, 1.289557148947046983e-01
3.793128568319542038e-01, 3.622599612948248504e-01, 1.290919996261061520e-01, 1.293351822471148216e-01
3.789067232569592325e-01, 3.618542432628052419e-01, 1.295237663026809483e-01, 1.297152671775546606e-01
3.784996377480953078e-01, 3.614479527442902018e-01, 1.299564450727181686e-01, 1.300959644348962663e-01
3.780916058129036306e-01, 3.610410952552257635e-01, 1.303900301783536553e-01, 1.304772687535169506e-01
3.776826329896897372e-01, 3.606336763261419054e-01, 1.308245158305410827e-01, 1.308591748536272192e-01
3.772727248472085293e-01, 3.602257015018270336e-01, 1.312598962093628197e-01, 1.312416774416015341e-01
3.768618869843450847e-01, 3.598171763409999113e-01, 1.316961654643448998e-01, 1.316247712103100209e-01
3.764501250297919155e-01, 3.594081064159805328e-01, 1.321333177147748505e-01, 1.320084508394527567e-01
3.760374446417232841e-01, 3.589984973123587775e-01, 1.325713470500228808e-01, 1.323927109958950021e-01
3.756238515074664108e-01, 3.585883546286614543e-01, 1.330102475298667875e-01, 1.327775463340053752e-01
3.752093513431685734e-01, 3.581776839760180131e-01, 1.334500131848194715e-01, 1.331629514959939975e-01
3.747939498934617086e-01, 3.577664909778242586e-01, 1.338906380164599508e-01, 1.335489211122539710e-01
3.743776529311239609e-01, 3.573547812694052306e-01, 1.343321159977676205e-01, 1.339354498017031603e-01
3.739604662567371229e-01, 3.569425604976754762e-01, 1.347744410734591225e-01, 1.343225321721281951e-01
3.735423956983426885e-01, 3.565298343207988774e-01, 1.352176071603290730e-01, 1.347101628205294166e-01
3.731234471110928541e-01, 3.561166084078469241e-01, 1.356616081475924551e-01, 1.350983363334677390e-01
3.727036263769006319e-01, 3.557028884384553780e-01, 1.361064378972315636e-01, 1.354870472874123988e-01
3.722829394040851891e-01, 3.552886801024797148e-01, 1.365520902443444207e-01, 1.358762902490906477e-01
3.718613921270160771e-01, 3.548739890996496782e-01, 1.369985589974967166e-01, 1.362660597758375836e-01
3.714389905057528529e-01, 3.544588211392223354e-01, 1.374458379390763041e-01, 1.366563504159484244e-01
3.710157405256837571e-01, 3.540431819396341884e-01, 1.378939208256508564e-01, 1.370471567090312814e-01
3.705916481971602838e-01, 3.536270772281518981e-01, 1.383428013883270524e-01, 1.374384731863607378e-01
3.701667195551299194e-01, 3.532105127405228973e-01, 1.387924733331139249e-01, 1.378302943712332862e-01
3.697409606587660491e-01, 3.527934942206233937e-01, 1.392429303412874575e-01, 1.382226147793230719e-01
3.693143775910952553e-01, 3.523760274201078735e-01, 1.396941660697582355e-01, 1.386154289190387467e-01
3.688869764586223399e-01, 3.519581180980547730e-01, 1.401461741514415105e-01, 1.390087312918812934e-01
3.684587633909529036e-01, 3.515397720206145937e-01, 1.405989481956297638e-01, 1.394025163928026834e-01
3.680297445404133727e-01, 3.511209949606542979e-01, 1.410524817883671844e-01, 1.397967787105650617e-01
3.675999260816688596e-01, 3.507017926974034250e-01, 1.415067684928268399e-01, 1.401915127281009033e-01
3.671693142113388597e-01, 3.502821710160974322e-01, 1.419618018496897616e-01, 1.405867129228738355e-01
3.667379151476109489e-01, 3.498621357076228122e-01, 1.424175753775265285e-01, 1.409823737672398214e-01
3.663057351298515396e-01, 3.494416925681591568e-01, 1.428740825731803499e-01, 1.413784897288089537e-01
3.658727804182158594e-01, 3.490208473988229421e-01, 1.433313169121531450e-01, 1.417750552708081646e-01
3.654390572932544878e-01, 3.485996060053094259e-01, 1.437892718489924282e-01, 1.421720648524436303e-01
3.650045720555195605e-01, 3.481779741975351561e-01, 1.442479408176811362e-01, 1.425695129292642305e-01
3.645693310251672536e-01, 3.477559577892789244e-01, 1.447073172320285928e-01, 1.429673939535251181e-01
3.641333405415603797e-01, 3.473335625978244967e-01, 1.451673944860638332e-01, 1.433657023745512349e-01
3.636966069628675413e-01, 3.469107944436006230e-01, 1.456281659544303164e-01, 1.437644326391014638e-01
3.632591366656615639e-01, 3.464876591498232128e-01, 1.460896249927821910e-01, 1.441635791917330878e-01
3.628209360445160958e-01, 3.460641625421356227e-01, 1.465517649381828102e-01, 1.445631364751655545e-01
3.623820115116003771e-01, 3.456403104482500543e-01, 1.470145791095040233e-01, 1.449630989306454620e-01
3.619423694962731752e-01, 3.452161086975889526e-01, 1.474780608078274935e-01, 1.453634609983103509e-01
3.615020164446741124e-01, 3.447915631209251264e-01, 1.479422033168473483e-01, 1.457642171175533297e-01
3.610609588193146591e-01, 3.443666795500239797e-01, 1.484069999032741338e-01, 1.461653617273873107e-01
3.606192030986672403e-01, 3.439414638172840211e-01, 1.488724438172399078e-01, 1.465668892668088585e-01
3.601767557767536765e-01, 3.435159217553792610e-01, 1.493385282927050528e-01, 1.469687941751619542e-01
3.597336233627313473e-01, 3.430900591969007207e-01, 1.498052465478658113e-01, 1.473710708925020374e-01
3.592898123804793009e-01, 3.426638819739984410e-01, 1.502725917855632365e-01, 1.477737138599588551e-01
3.588453293681826972e-01, 3.422373959180248781e-01, 1.507405571936932254e-01, 1.481767175200991438e-01
3.584001808779164744e-01, 3.418106068591768576e-01, 1.512091359456170236e-01, 1.485800763172895333e-01
3.579543734752277384e-01, 3.413835206261402466e-01, 1.516783212005736736e-01, 1.489837846980582858e-01
3.575079137387179307e-01, 3.409561430457331843e-01, 1.521481061040923233e-01, 1.493878371114565617e-01
3.570608082596231081e-01, 3.405284799425513098e-01, 1.526184837884060341e-01, 1.497922280094194925e-01
3.566130636413947785e-01, 3.401005371386128240e-01, 1.530894473728659777e-01, 1.501969518471263643e-01
3.561646864992790151e-01, 3.396723204530049389e-01, 1.535609899643564369e-01, 1.506020030833596646e-01
3.557156834598949047e-01, 3.392438357015298278e-01, 1.540331046577106400e-01, 1.510073761808645998e-01
3.552660611608136620e-01, 3.388150886963532393e-01, 1.545057845361267890e-01, 1.514130656067062819e-01
3.548158262501354132e-01, 3.383860852456525015e-01, 1.549790226715849206e-01, 1.518190658326272757e-01
3.543649853860671994e-01, 3.379568311532652469e-01, 1.554528121252637396e-01, 1.522253713354037030e-01
3.539135452364995937e-01, 3.375273322183412472e-01, 1.559271459479587285e-01, 1.526319765972004583e-01
3.534615124785829288e-01, 3.370975942349921928e-01, 1.564020171804995918e-01, 1.530388761059253144e-01
3.530088937983042463e-01, 3.366676229919449703e-01, 1.568774188541683656e-01, 1.534460643555823345e-01
3.525556958900631921e-01, 3.362374242721948847e-01, 1.573533439911181386e-01, 1.538535358466238401e-01
3.521019254562477441e-01, 3.358070038526599910e-01, 1.578297856047908843e-01, 1.542612850863013252e-01
3.516475892068103848e-01, 3.353763675038377023e-01, 1.583067367003366255e-01, 1.546693065890153151e-01
3.511926938588438296e-01, 3.349455209894611762e-01, 1.587841902750315448e-01, 1.550775948766633938e-01
3.507372461361573657e-01, 3.345144700661579207e-01, 1.592621393186966772e-01, 1.554861444789881197e-01
3.502812527688523025e-01, 3.340832204831094554e-01, 1.597405768141161031e-01, 1.558949499339220834e-01
3.498247204928989773e-01, 3.336517779817129159e-01, 1.602194957374553086e-01, 1.563040057879328537e-01
3.493676560497125383e-01, 3.332201482952426574e-01, 1.606988890586791840e-01, 1.567133065963655647e-01
3.489100661857302832e-01, 3.327883371485153563e-01, 1.611787497419695792e-01, 1.571228469237848091e-01
3.484519576519884421e-01, 3.323563502575547779e-01, 1.616590707461425525e-01, 1.575326213443141721e-01
3.479933372037000150e-01, 3.319241933292596536e-01, 1.621398450250656487e-01, 1.579426244419748493e-01
3.475342115998324988e-01, 3.314918720610716685e-01, 1.626210655280736217e-01, 1.583528508110222111e-01
3.470745876026870014e-01, 3.310593921406466689e-01, 1.631027252003854067e-01, 1.587632950562809508e-01
3.466144719774768568e-01, 3.306267592455265358e-01, 1.635848169835182886e-01, 1.591739517934783743e-01
3.461538714919081272e-01, 3.301939790428126131e-01, 1.640673338157032923e-01, 1.595848156495759396e-01
3.456927929157595503e-01, 3.297610571888425768e-01, 1.645502686322989072e-01, 1.599958812630989380e-01
3.452312430204644289e-01, 3.293279993288667495e-01, 1.650336143662042843e-01, 1.604071432844645373e-01
3.447692285786924105e-01, 3.288948110967284677e-01, 1.655173639482716286e-01, 1.608185963763074933e-01
3.443067563639328199e-01, 3.284614981145450030e-01, 1.660015103077174536e-01, 1.612302352138046124e-01
3.438438331500791034e-01, 3.280280659923909825e-01, 1.664860463725335027e-01, 1.616420544849963836e-01
3.433804657110130498e-01, 3.275945203279836404e-01, 1.669709650698958936e-01, 1.620540488911073052e-01
3.429166608201915656e-01, 3.271608667063708453e-01, 1.674562593265738752e-01, 1.624662131468637416e-01
3.424524252502336719e-01, 3.267271106996193497e-01, 1.679419220693370574e-01, 1.628785419808098101e-01
3.419877657725094999e-01, 3.262932578665078132e-01, 1.684279462253616966e-01, 1.632910301356211014e-01
3.415226891567287870e-01, 3.258593137522193817e-01, 1.689143247226355671e-01, 1.637036723684162365e-01
3.410572021705335355e-01, 3.254252838880384857e-01, 1.694010504903618319e-01, 1.641164634510662024e-01
3.405913115790887291e-01, 3.249911737910486931e-01, 1.698881164593613602e-01, 1.645293981705013564e-01
3.401250241446771017e-01, 3.245569889638331706e-01, 1.703755155624735729e-01, 1.649424713290161548e-01
3.396583466262942386e-01, 3.241227348941776443e-01, 1.708632407349563453e-01, 1.653556777445716885e-01
3.391912857792447888e-01, 3.236884170547756900e-01, 1.713512849148838835e-01, 1.657690122510956376e-01
3.387238483547410639e-01, 3.232540409029358575e-01, 1.718396410435431565e-01, 1.661824696987798666e-01
3.382560410995031352e-01, 3.228196118802919012e-01, 1.723283020658291365e-01, 1.665960449543757438e-01
3.377878707553600979e-01, 3.223851354125152890e-01, 1.728172609306377894e-01, 1.670097329014867682e-01
3.373193440588533876e-01, 3.219506169090297631e-01, 1.733065105912580117e-01, 1.674235284408588653e-01
3.368504677408418746e-01, 3.215160617627291773e-01, 1.737960440057611522e-01, 1.678374264906677404e-01
3.363812485261089003e-01, 3.210814753496971652e-01, 1.742858541373894510e-01, 1.682514219868044558e-01
3.359116931329708677e-01, 3.206468630289296962e-01, 1.747759339549420365e-01, 1.686655098831574551e-01
3.354418082728877204e-01, 3.202122301420603501e-01, 1.752662764331592293e-01, 1.690796851518925892e-01
3.349716006500761400e-01, 3.197775820130883129e-01, 1.757568745531051801e-01, 1.694939427837303114e-01
3.345010769611235779e-01, 3.193429239481083703e-01, 1.762477213025482048e-01, 1.699082777882199025e-01
3.340302438946054497e-01, 3.189082612350443435e-01, 1.767388096763388983e-01, 1.703226851940114750e-01
3.335591081307035521e-01, 3.184735991433850222e-01, 1.772301326767868335e-01, 1.707371600491245645e-01
3.330876763408276431e-01, 3.180389429239229293e-01, 1.777216833140347618e-01, 1.711516974212146658e-01
3.326159551872379661e-01, 3.176042978084954171e-01, 1.782134546064301772e-01, 1.715662923978364673e-01
3.321439513226710494e-01, 3.171696690097293159e-01, 1.787054395808955476e-01, 1.719809400867040594e-01
3.316716713899675040e-01, 3.167350617207878027e-01, 1.791976312732956877e-01, 1.723956356159488945e-01
3.311991220217020415e-01, 3.163004811151202134e-01, 1.796900227288032725e-01, 1.728103741343746669e-01
3.307263098398154355e-01, 3.158659323462152391e-01, 1.801826070022611026e-01, 1.732251508117082506e-01
3.302532414552503681e-01, 3.154314205473562893e-01, 1.806753771585435375e-01, 1.736399608388498328e-01
3.297799234675878877e-01, 3.149969508313805733e-01, 1.811683262729138211e-01, 1.740547994281177457e-01
3.293063624646876408e-01, 3.145625282904403464e-01, 1.816614474313800742e-01, 1.744696618134917721e-01
3.288325650223303254e-01, 3.141281579957677095e-01, 1.821547337310486514e-01, 1.748845432508532860e-01
3.283585377038623077e-01, 3.136938449974420173e-01, 1.826481782804741105e-01, 1.752994390182215645e-01
3.278842870598435710e-01, 3.132595943241607839e-01, 1.831417742000078230e-01, 1.757143444159879053e-01
3.274098196276976624e-01, 3.128254109830131413e-01, 1.836355146221430035e-01, 1.761292547671463038e-01
3.269351419313648033e-01, 3.123912999592562967e-01, 1.841293926918577684e-01, 1.765441654175209929e-01
3.264602604809578867e-01, 3.119572662160959853e-01, 1.846234015669549755e-01, 1.769590717359910692e-01
3.259851817724201961e-01, 3.115233146944686449e-01, 1.851175344183993987e-01, 1.773739691147116215e-01
3.255099122871873973e-01, 3.110894503128275312e-01, 1.856117844306527653e-01, 1.777888529693322506e-01
3.250344584918509194e-01, 3.106556779669321089e-01, 1.861061448020050191e-01, 1.782037187392117583e-01
3.245588268378257202e-01, 3.102220025296402173e-01, 1.866006087449036399e-01, 1.786185618876304781e-01
3.240830237610196063e-01, 3.097884288507027351e-01, 1.870951694862795223e-01, 1.790333779019982474e-01
3.236070556815061616e-01, 3.093549617565632404e-01, 1.875898202678700777e-01, 1.794481622940605481e-01
3.231309290032008952e-01, 3.089216060501590033e-01, 1.880845543465398673e-01, 1.798629106001003175e-01
3.226546501135393874e-01, 3.084883665107260864e-01, 1.885793649945975703e-01, 1.802776183811370114e-01
3.221782253831598775e-01, 3.080552478936075533e-01, 1.890742455001103439e-01, 1.806922812231223363e-01
3.217016611655876268e-01, 3.076222549300645093e-01, 1.895691891672153795e-01, 1.811068947371326232e-01
3.212249637969230021e-01, 3.071893923270911930e-01, 1.900641893164277951e-01, 1.815214545595581763e-01
3.207481395955327774e-01, 3.067566647672322344e-01, 1.905592392849462524e-01, 1.819359563522888468e-01
3.202711948617443238e-01, 3.063240769084039639e-01, 1.910543324269546872e-01, 1.823503958028968863e-01
3.197941358775429621e-01, 3.058916333837191082e-01, 1.915494621139217368e-01, 1.827647686248162762e-01
3.193169689062726468e-01, 3.054593388013132071e-01, 1.920446217348958928e-01, 1.831790705575180866e-01
3.188397001923398144e-01, 3.050271977441769700e-01, 1.925398046967990440e-01, 1.835932973666840884e-01
3.183623359609204506e-01, 3.045952147699892421e-01, 1.930350044247152175e-01, 1.840074448443749788e-01
3.178848824176707666e-01, 3.041633944109548571e-01, 1.935302143621772386e-01, 1.844215088091972488e-01
3.174073457484401506e-01, 3.037317411736450978e-01, 1.940254279714494767e-01, 1.848354851064651083e-01
3.169297321189894490e-01, 3.033002595388422651e-01, 1.945206387338080933e-01, 1.852493696083601926e-01
3.164520476747095801e-01, 3.028689539613863557e-01, 1.950158401498167937e-01, 1.856631582140872150e-01
3.159742985403469762e-01, 3.024378288700259043e-01, 1.955110257396006912e-01, 1.860768468500265949e-01
3.154964908197290252e-01, 3.020068886672717667e-01, 1.960061890431156473e-01, 1.864904314698836163e-01
3.150186305954962296e-01, 3.015761377292543455e-01, 1.965013236204150859e-01, 1.869039080548342835e-01
3.145407239288345314e-01, 3.011455804055846452e-01, 1.969964230519131443e-01, 1.873172726136677069e-01
3.140627768592136881e-01, 3.007152210192168273e-01, 1.974914809386442149e-01, 1.877305211829251586e-01
3.135847954041276475e-01, 3.002850638663169813e-01, 1.979864909025196018e-01, 1.881436498270358249e-01
3.131067855588386406e-01, 2.998551132161321187e-01, 1.984814465865802346e-01, 1.885566546384490894e-01
3.126287532961253279e-01, 2.994253733108646065e-01, 1.989763416552466080e-01, 1.889695317377635408e-01
3.121507045660334989e-01, 2.989958483655494326e-01, 1.994711697945644180e-01, 1.893822772738525118e-01
3.116726452956314342e-01, 2.985665425679342455e-01, 1.999659247124478123e-01, 1.897948874239863970e-01
3.111945813887675993e-01, 2.981374600783631146e-01, 2.004606001389180603e-01, 1.902073583939512536e-01
3.107165187258327244e-01, 2.977086050296631758e-01, 2.009551898263395309e-01, 1.906196864181646800e-01
3.102384631635248802e-01, 2.972799815270354973e-01, 2.014496875496520067e-01, 1.910318677597875603e-01
3.097604205346187745e-01, 2.968515936479486084e-01, 2.019440871065996124e-01, 1.914438987108330603e-01
3.092823966477379893e-01, 2.964234454420345277e-01, 2.024383823179554953e-01, 1.918557755922720154e-01
3.088043972871309939e-01, 2.959955409309898977e-01, 2.029325670277440652e-01, 1.922674947541349322e-01
3.083264282124507649e-01, 2.955678841084791730e-01, 2.034266351034592635e-01, 1.926790525756107986e-01
3.078484951585381824e-01, 2.951404789400406958e-01, 2.039205804362787811e-01, 1.930904454651424518e-01
3.073706038352085890e-01, 2.947133293629973227e-01, 2.044143969412755280e-01, 1.935016698605185881e-01
3.068927599270424023e-01, 2.942864392863694389e-01, 2.049080785576255226e-01, 1.939127222289625530e-01
3.064149690931793901e-01, 2.938598125907912473e-01, 2.054016192488113957e-01, 1.943235990672179669e-01
3.059372369671156666e-01, 2.934334531284306102e-01, 2.058950130028232295e-01, 1.947342969016304104e-01
3.054595691565057392e-01, 2.930073647229120559e-01, 2.063882538323554838e-01, 1.951448122882267211e-01
3.049819712429669427e-01, 2.925815511692425042e-01, 2.068813357750002857e-01, 1.955551418127901564e-01
3.045044487818882595e-01, 2.921560162337413780e-01, 2.073742528934373885e-01, 1.959652820909329740e-01
3.040270073022422470e-01, 2.917307636539721583e-01, 2.078669992756203844e-01, 1.963752297681653769e-01
3.035496523064009633e-01, 2.913057971386789347e-01, 2.083595690349591689e-01, 1.967849815199609054e-01
3.030723892699557775e-01, 2.908811203677250101e-01, 2.088519563104996868e-01, 1.971945340518194978e-01
3.025952236415397900e-01, 2.904567369920350584e-01, 2.093441552670988470e-01, 1.976038840993263879e-01
3.021181608426550258e-01, 2.900326506335399457e-01, 2.098361600955966633e-01, 1.980130284282083097e-01
3.016412062675028483e-01, 2.896088648851258274e-01, 2.103279650129850353e-01, 1.984219638343861503e-01
3.011643652828177586e-01, 2.891853833105849647e-01, 2.108195642625723398e-01, 1.988306871440250478e-01
3.006876432277047484e-01, 2.887622094445705390e-01, 2.113109521141444125e-01, 1.992391952135803002e-01
3.002110454134814810e-01, 2.883393467925546294e-01, 2.118021228641230047e-01, 1.996474849298409959e-01
2.997345771235219170e-01, 2.879167988307884674e-01, 2.122930708357194385e-01, 2.000555532099703160e-01
2.992582436131059898e-01, 2.874945690062665205e-01, 2.127837903790852636e-01, 2.004633970015421984e-01
2.987820501092710024e-01, 2.870726607366936856e-01, 2.132742758714597786e-01, 2.008710132825755057e-01
2.983060018106677980e-01, 2.866510774104546466e-01, 2.137645217173128886e-01, 2.012783990615647500e-01
2.978301038874196505e-01, 2.862298223865869518e-01, 2.142545223484856876e-01, 2.016855513775077935e-01
2.973543614809854296e-01, 2.858088989947571434e-01, 2.147442722243268209e-01, 2.020924672999305505e-01
2.968787797040264298e-01, 2.853883105352398308e-01, 2.152337658318251301e-01, 2.024991439289085260e-01
2.964033636402760852e-01, 2.849680602788988160e-01, 2.157229976857396037e-01, 2.029055783950855785e-01
2.959281183444136265e-01, 2.845481514671727163e-01, 2.162119623287247772e-01, 2.033117678596890743e-01
2.954530488419416234e-01, 2.841285873120620864e-01, 2.167006543314535794e-01, 2.037177095145427386e-01
2.949781601290668576e-01, 2.837093709961205912e-01, 2.171890682927362370e-01, 2.041234005820763142e-01
2.945034571725844152e-01, 2.832905056724482895e-01, 2.176771988396355439e-01, 2.045288383153318623e-01
2.940289449097654995e-01, 2.828719944646878037e-01, 2.181650406275791321e-01, 2.049340199979676203e-01
2.935546282482493496e-01, 2.824538404670240421e-01, 2.186525883404678294e-01, 2.053389429442586678e-01
2.930805120659378260e-01, 2.820360467441860308e-01, 2.191398366907809370e-01, 2.057436044990951507e-01
2.926066012108939351e-01, 2.816186163314517432e-01, 2.196267804196778139e-01, 2.061480020379765632e-01
2.921329005012437974e-01, 2.812015522346557606e-01, 2.201134142970960772e-01, 2.065521329670043371e-01
2.916594147250819447e-01, 2.807848574302000411e-01, 2.205997331218467750e-01, 2.069559947228712393e-01
2.911861486403805599e-01, 2.803685348650666320e-01, 2.210857317217054252e-01, 2.073595847728473829e-01
2.907131069749014363e-01, 2.799525874568338790e-01, 2.215714049535004726e-01, 2.077629006147642399e-01
2.902402944261117668e-01, 2.795370180936950222e-01, 2.220567477031978598e-01, 2.081659397769954900e-01
2.897677156611036531e-01, 2.791218296344790684e-01, 2.225417548859823236e-01, 2.085686998184349827e-01
2.892953753165163899e-01, 2.787070249086755491e-01, 2.230264214463356931e-01, 2.089711783284723678e-01
2.888232779984627463e-01, 2.782926067164601114e-01, 2.235107423581113029e-01, 2.093733729269658117e-01
2.883514282824579666e-01, 2.778785778287243824e-01, 2.239947126246057407e-01, 2.097752812642119102e-01
2.878798307133526579e-01, 2.774649409871074446e-01, 2.244783272786268491e-01, 2.101769010209130206e-01
2.874084898052691739e-01, 2.770516989040300859e-01, 2.249615813825584232e-01, 2.105782299081424003e-01
2.869374100415402196e-01, 2.766388542627318259e-01, 2.254444700284222447e-01, 2.109792656673057931e-01
2.864665958746523411e-01, 2.762264097173102728e-01, 2.259269883379361188e-01, 2.113800060701014061e-01
2.859960517261913582e-01, 2.758143678927625908e-01, 2.264091314625691631e-01, 2.117804489184767214e-01
2.855257819867921820e-01, 2.754027313850304637e-01, 2.268908945835941549e-01, 2.121805920445831439e-01
2.850557910160902431e-01, 2.749915027610463913e-01, 2.273722729121357422e-01, 2.125804333107276234e-01
2.845860831426784698e-01, 2.745806845587825951e-01, 2.278532616892165186e-01, 2.129799706093224165e-01
2.841166626640652115e-01, 2.741702792873034200e-01, 2.283338561857994609e-01, 2.133792018628320186e-01
2.836475338466368235e-01, 2.737602894268182929e-01, 2.288140517028273146e-01, 2.137781250237175690e-01
2.831787009256229726e-01, 2.733507174287385100e-01, 2.292938435712590373e-01, 2.141767380743794524e-01
2.827101681050646631e-01, 2.729415657157359676e-01, 2.297732271521029102e-01, 2.145750390270964592e-01
2.822419395577862034e-01, 2.725328366818032810e-01, 2.302521978364467370e-01, 2.149730259239636954e-01
2.817740194253696151e-01, 2.721245326923175112e-01, 2.307307510454851829e-01, 2.153706968368276631e-01
2.813064118181323181e-01, 2.717166560841052791e-01, 2.312088822305438107e-01, 2.157680498672185365e-01
2.808391208151080343e-01, 2.713092091655103788e-01, 2.316865868731002032e-01, 2.161650831462813560e-01
2.803721504640305229e-01, 2.709021942164631103e-01, 2.321638604848022813e-01, 2.165617948347039190e-01
2.799055047813204244e-01, 2.704956134885529995e-01, 2.326406986074838756e-01, 2.169581831226427282e-01
2.794391877520749357e-01, 2.700894692051016843e-01, 2.331170968131762722e-01, 2.173542462296470246e-01
2.789732033300609260e-01, 2.696837635612399642e-01, 2.335930507041185378e-01, 2.177499824045805721e-01
2.785075554377102747e-01, 2.692784987239853489e-01, 2.340685559127637094e-01, 2.181453899255406947e-01
2.780422479661186497e-01, 2.688736768323226611e-01, 2.345436081017826246e-01, 2.185404670997761478e-01
2.775772847750469507e-01, 2.684692999972858596e-01, 2.350182029640647818e-01, 2.189352122636023246e-01
2.771126696929261946e-01, 2.680653703020428047e-01, 2.354923362227166750e-01, 2.193296237823143258e-01
2.766484065168637874e-01, 2.676618898019810233e-01, 2.359660036310570475e-01, 2.197237000500983084e-01
2.761844990126543498e-01, 2.672588605247956384e-01, 2.364392009726093424e-01, 2.201174394899407805e-01
2.757209509147922621e-01, 2.668562844705801296e-01, 2.369119240610919885e-01, 2.205108405535355642e-01
2.752577659264875964e-01, 2.664541636119176493e-01, 2.373841687404053824e-01, 2.209039017211895106e-01
2.747949477196836021e-01, 2.660524998939748365e-01, 2.378559308846162623e-01, 2.212966215017252158e-01
2.743324999350791882e-01, 2.656512952345977951e-01, 2.383272063979399724e-01, 2.216889984323830998e-01
2.738704261821510721e-01, 2.652505515244088508e-01, 2.387979912147194794e-01, 2.220810310787205977e-01
2.734087300391813691e-01, 2.648502706269064144e-01, 2.392682812994022246e-01, 2.224727180345100752e-01
2.729474150532860133e-01, 2.644504543785653472e-01, 2.397380726465139222e-01, 2.228640579216346618e-01
2.724864847404468993e-01, 2.640511045889398778e-01, 2.402073612806306657e-01, 2.232550493899825017e-01
2.720259425855456881e-01, 2.636522230407679634e-01, 2.406761432563474523e-01, 2.236456911173388684e-01
2.715657920424006666e-01, 2.632538114900768722e-01, 2.411444146582452375e-01, 2.240359818092772515e-01
2.711060365338063827e-01, 2.628558716662910411e-01, 2.416121716008545750e-01, 2.244259201990479180e-01
2.706466794515751673e-01, 2.624584052723417660e-01, 2.420794102286178695e-01, 2.248155050474653360e-01
2.701877241565813770e-01, 2.620614139847768920e-01, 2.425461267158480760e-01, 2.252047351427937938e-01
2.697291739788083009e-01, 2.616648994538741113e-01, 2.430123172666860676e-01, 2.255936093006313814e-01
2.692710322173976767e-01, 2.612688633037548169e-01, 2.434779781150550881e-01, 2.259821263637924460e-01
2.688133021407001499e-01, 2.608733071324985664e-01, 2.439431055246129021e-01, 2.263702852021883816e-01
2.683559869863303970e-01, 2.604782325122609321e-01, 2.444076957887016677e-01, 2.267580847127069754e-01
2.678990899612225807e-01, 2.600836409893912404e-01, 2.448717452302959507e-01, 2.271455238190901171e-01
2.674426142416893581e-01, 2.596895340845524203e-01, 2.453352502019479631e-01, 2.275326014718102308e-01
2.669865629734822221e-01, 2.592959132928418509e-01, 2.457982070857306078e-01, 2.279193166479453192e-01
2.665309392718551162e-01, 2.589027800839142635e-01, 2.462606122931788599e-01, 2.283056683510517881e-01
2.660757462216292724e-01, 2.585101359021049761e-01, 2.467224622652285371e-01, 2.286916556110371312e-01
2.656209868772609894e-01, 2.581179821665554042e-01, 2.471837534721531560e-01, 2.290772774840303949e-01
2.651666642629110782e-01, 2.577263202713391821e-01, 2.476444824134984291e-01, 2.294625330522512552e-01
2.647127813725169143e-01, 2.573351515855896166e-01, 2.481046456180150683e-01, 2.298474214238784008e-01
2.642593411698660466e-01, 2.569444774536288612e-01, 2.485642396435891188e-01, 2.302319417329158902e-01
2.638063465886722470e-01, 2.565542991950978124e-01, 2.490232610771709876e-01, 2.306160931390590085e-01
2.633538005326536702e-01, 2.561646181050871718e-01, 2.494817065347012530e-01, 2.309998748275580160e-01
2.629017058756126790e-01, 2.557754354542696729e-01, 2.499395726610360302e-01, 2.313832860090814236e-01
2.624500654615181117e-01, 2.553867524890343077e-01, 2.503968561298695605e-01, 2.317663259195781034e-01
2.619988821045891592e-01, 2.549985704316196089e-01, 2.508535536436542479e-01, 2.321489938201370395e-01
2.615481585893810745e-01, 2.546108904802503736e-01, 2.513096619335206117e-01, 2.325312889968479957e-01
2.610978976708735466e-01, 2.542237138092737769e-01, 2.517651777591936590e-01, 2.329132107606591562e-01
2.606481020745597954e-01, 2.538370415692970949e-01, 2.522200979089085360e-01, 2.332947584472346847e-01
2.601987744965387206e-01, 2.534508748873264272e-01, 2.526744191993237632e-01, 2.336759314168111723e-01
2.597499176036076607e-01, 2.530652148669063073e-01, 2.531281384754331398e-01, 2.340567290540528644e-01
2.593015340333584828e-01, 2.526800625882602014e-01, 2.535812526104755382e-01, 2.344371507679058331e-01
2.588536263942732840e-01, 2.522954191084319508e-01, 2.540337585058434766e-01, 2.348171959914512885e-01
2.584061972658242001e-01, 2.519112854614281582e-01, 2.544856530909895831e-01, 2.351968641817581418e-01
2.579592491985731595e-01, 2.515276626583612396e-01, 2.549369333233315049e-01, 2.355761548197341515e-01
2.575127847142741344e-01, 2.511445516875938089e-01, 2.553875961881553747e-01, 2.359550674099768208e-01
2.570668063059767250e-01, 2.507619535148830625e-01, 2.558376386985176110e-01, 2.363336014806225460e-01
2.566213164381318523e-01, 2.503798690835268292e-01, 2.562870578951451650e-01, 2.367117565831962089e-01
2.561763175466981179e-01, 2.499982993145095922e-01, 2.567358508463339906e-01, 2.370895322924582993e-01
2.557318120392507166e-01, 2.496172451066497877e-01, 2.571840146478466260e-01, 2.374669282062527309e-01
2.552878022950914039e-01, 2.492367073367478536e-01, 2.576315464228075003e-01, 2.378439439453533810e-01
2.548442906653597406e-01, 2.488566868597340553e-01, 2.580784433215972395e-01, 2.382205791533088812e-01
2.544012794731465577e-01, 2.484771845088185327e-01, 2.585247025217460859e-01, 2.385968334962887960e-01
2.539587710136080312e-01, 2.480982010956405692e-01, 2.589703212278244293e-01, 2.389727066629270535e-01
2.535167675540816457e-01, 2.477197374104189720e-01, 2.594152966713336728e-01, 2.393481983641656541e-01
2.530752713342038218e-01, 2.473417942221036725e-01, 2.598596261105945437e-01, 2.397233083330980175e-01
2.526342845660281000e-01, 2.469643722785265227e-01, 2.603033068306346287e-01, 2.400980363248107763e-01
2.521938094341452663e-01, 2.465874723065541452e-01, 2.607463361430747972e-01, 2.404723821162257358e-01
2.517538480958049774e-01, 2.462110950122401720e-01, 2.611887113860136278e-01, 2.408463455059413061e-01
2.513144026810379961e-01, 2.458352410809784006e-01, 2.616304299239113340e-01, 2.412199263140722971e-01
2.508754752927800924e-01, 2.454599111776567810e-01, 2.620714891474725805e-01, 2.415931243820906016e-01
2.504370680069972765e-01, 2.450851059468111548e-01, 2.625118864735269120e-01, 2.419659395726646289e-01
2.499991828728120591e-01, 2.447108260127798807e-01, 2.629516193449098482e-01, 2.423383717694980732e-01
2.495618219126310711e-01, 2.443370719798589052e-01, 2.633906852303413149e-01, 2.427104208771687643e-01
2.491249871222731282e-01, 2.439638444324566668e-01, 2.638290816243036296e-01, 2.430820868209664642e-01
2.486886804710998489e-01, 2.435911439352505814e-01, 2.642668060469186564e-01, 2.434533695467308856e-01
2.482529039021455775e-01, 2.432189710333420296e-01, 2.647038560438234600e-01, 2.438242690206888774e-01
2.478176593322501953e-01, 2.428473262524136478e-01, 2.651402291860450178e-01, 2.441947852292911947e-01
2.473829486521914311e-01, 2.424762100988854530e-01, 2.655759230698738205e-01, 2.445649181790492399e-01
2.469487737268193650e-01, 2.421056230600719950e-01, 2.660109353167376400e-01, 2.449346678963711388e-01
2.465151363951908203e-01, 2.417355656043392864e-01, 2.664452635730721330e-01, 2.453040344273977602e-01
2.460820384707060049e-01, 2.413660381812628153e-01, 2.668789055101929431e-01, 2.456730178378383200e-01
2.456494817412448461e-01, 2.409970412217845859e-01, 2.673118588241651938e-01, 2.460416182128053741e-01
2.452174679693053527e-01, 2.406285751383713256e-01, 2.677441212356727052e-01, 2.464098356566505610e-01
2.447859988921418095e-01, 2.402606403251725531e-01, 2.681756904898869309e-01, 2.467776702927986787e-01
2.443550762219047490e-01, 2.398932371581786183e-01, 2.686065643563337324e-01, 2.471451222635829004e-01
2.439247016457812001e-01, 2.395263659953789925e-01, 2.690367406287608731e-01, 2.475121917300787955e-01
2.434948768261361307e-01, 2.391600271769213359e-01, 2.694662171250038485e-01, 2.478788788719387126e-01
2.430656034006540567e-01, 2.387942210252691211e-01, 2.698949916868506604e-01, 2.482451838872261340e-01
2.426368829824825102e-01, 2.384289478453610889e-01, 2.703230621799073696e-01, 2.486111069922491146e-01
2.422087171603750644e-01, 2.380642079247696496e-01, 2.707504264934610383e-01, 2.489766484213943865e-01
2.417811074988359399e-01, 2.377000015338596450e-01, 2.711770825403431728e-01, 2.493418084269612700e-01
2.413540555382648611e-01, 2.373363289259473596e-01, 2.716030282567927223e-01, 2.497065872789949736e-01
2.409275627951028287e-01, 2.369731903374591442e-01, 2.720282616023175226e-01, 2.500709852651203935e-01
2.405016307619782523e-01, 2.366105859880902884e-01, 2.724527805595559626e-01, 2.504350026903756077e-01
2.400762609078540832e-01, 2.362485160809637552e-01, 2.728765831341369852e-01, 2.507986398770451486e-01
2.396514546781752797e-01, 2.358869808027892478e-01, 2.732996673545415867e-01, 2.511618971644939968e-01
2.392272134950169660e-01, 2.355259803240213612e-01, 2.737220312719610416e-01, 2.515247749090006590e-01
2.388035387572331192e-01, 2.351655147990188433e-01, 2.741436729601572364e-01, 2.518872734835908012e-01
2.383804318406059497e-01, 2.348055843662026076e-01, 2.745645905153206723e-01, 2.522493932778707704e-01
2.379578940979952817e-01, 2.344461891482143845e-01, 2.749847820559286338e-01, 2.526111346978615058e-01
2.375359268594894047e-01, 2.340873292520751492e-01, 2.754042457226034690e-01, 2.529724981658318939e-01
2.371145314325551201e-01, 2.337290047693429684e-01, 2.758229796779694265e-01, 2.533334841201325127e-01
2.366937091021893702e-01, 2.333712157762713457e-01, 2.762409821065094917e-01, 2.536940930150297091e-01
2.362734611310707000e-01, 2.330139623339669286e-01, 2.766582512144225015e-01, 2.540543253205397867e-01
2.358537887597112748e-01, 2.326572444885470770e-01, 2.770747852294790370e-01, 2.544141815222626390e-01
2.354346932066092579e-01, 2.323010622712974038e-01, 2.774905824008768729e-01, 2.547736621212164376e-01
2.350161756684016612e-01, 2.319454156988292048e-01, 2.779056409990971477e-01, 2.551327676336719863e-01
2.345982373200173055e-01, 2.315903047732361386e-01, 2.783199593157592577e-01, 2.554914985909872982e-01
2.341808793148303369e-01, 2.312357294822512677e-01, 2.787335356634758621e-01, 2.558498555394425056e-01
2.337641027848140485e-01, 2.308816897994034889e-01, 2.791463683757074432e-01, 2.562078390400749361e-01
2.333479088406948676e-01, 2.305281856841736587e-01, 2.795584558066172565e-01, 2.565654496685142449e-01
2.329322985721064831e-01, 2.301752170821507182e-01, 2.799697963309247806e-01, 2.569226880148179903e-01
2.325172730477446659e-01, 2.298227839251875126e-01, 2.803803883437604449e-01, 2.572795546833075431e-01
2.321028333155216172e-01, 2.294708861315555015e-01, 2.807902302605190248e-01, 2.576360502924038842e-01
2.316889804027216504e-01, 2.291195236061005780e-01, 2.811993205167137022e-01, 2.579921754744639584e-01
2.312757153161556500e-01, 2.287686962403974456e-01, 2.816076575678295169e-01, 2.583479308756174708e-01
2.308630390423166701e-01, 2.284184039129035781e-01, 2.820152398891764278e-01, 2.587033171556034628e-01
2.304509525475355314e-01, 2.280686464891137077e-01, 2.824220659757430418e-01, 2.590583349876078301e-01
2.300394567781362809e-01, 2.277194238217131461e-01, 2.828281343420497862e-01, 2.594129850581006758e-01
2.296285526605921501e-01, 2.273707357507313842e-01, 2.832334435220019708e-01, 2.597672680666744394e-01
2.292182411016811527e-01, 2.270225821036943037e-01, 2.836379920687430167e-01, 2.601211847258816934e-01
2.288085229886419603e-01, 2.266749626957768604e-01, 2.840417785545069629e-01, 2.604747357610742720e-01
2.283993991893302211e-01, 2.263278773299552682e-01, 2.844448015704725830e-01, 2.608279219102419555e-01
2.279908705523743806e-01, 2.259813257971584055e-01, 2.848470597266154480e-01, 2.611807439238518214e-01
2.275829379073316394e-01, 2.256353078764186393e-01, 2.852485516515613773e-01, 2.615332025646883163e-01
2.271756020648442453e-01, 2.252898233350230095e-01, 2.856492759924397773e-01, 2.618852986076929956e-01
2.267688638167953130e-01, 2.249448719286628595e-01, 2.860492314147361492e-01, 2.622370328398056505e-01
2.263627239364651988e-01, 2.246004534015839937e-01, 2.864484166021458722e-01, 2.625884060598049352e-01
2.259571831786872376e-01, 2.242565674867356973e-01, 2.868468302564271544e-01, 2.629394190781499940e-01
2.255522422800037563e-01, 2.239132139059193949e-01, 2.872444710972544835e-01, 2.632900727168224764e-01
2.251479019588220054e-01, 2.235703923699370044e-01, 2.876413378620722439e-01, 2.636403678091687741e-01
2.247441629155700893e-01, 2.232281025787386242e-01, 2.880374293059481117e-01, 2.639903051997430361e-01
2.243410258328525919e-01, 2.228863442215698598e-01, 2.884327442014270049e-01, 2.643398857441506267e-01
2.239384913756058970e-01, 2.225451169771179849e-01, 2.888272813383845894e-01, 2.646891103088915842e-01
2.235365601912542022e-01, 2.222044205136584905e-01, 2.892210395238820064e-01, 2.650379797712053009e-01
2.231352329098643672e-01, 2.218642544892008295e-01, 2.896140175820194340e-01, 2.653864950189153138e-01
2.227345101443014841e-01, 2.215246185516327182e-01, 2.900062143537911474e-01, 2.657346569502746503e-01
2.223343924903835866e-01, 2.211855123388651589e-01, 2.903976286969396359e-01, 2.660824664738116740e-01
2.219348805270365543e-01, 2.208469354789761585e-01, 2.907882594858107184e-01, 2.664299245081765966e-01
2.215359748164488773e-01, 2.205088875903539192e-01, 2.911781056112088262e-01, 2.667770319819883773e-01
2.211376759042259499e-01, 2.201713682818393913e-01, 2.915671659802522298e-01, 2.671237898336824568e-01
2.207399843195441136e-01, 2.198343771528688817e-01, 2.919554395162284322e-01, 2.674701990113585448e-01
2.203429005753050063e-01, 2.194979137936147462e-01, 2.923429251584506727e-01, 2.678162604726295193e-01
2.199464251682889115e-01, 2.191619777851269990e-01, 2.927296218621135981e-01, 2.681619751844705468e-01
2.195505585793083581e-01, 2.188265686994731452e-01, 2.931155285981498770e-01, 2.685073441230686475e-01
2.191553012733611916e-01, 2.184916860998777910e-01, 2.935006443530872589e-01, 2.688523682736737586e-01
2.187606536997836471e-01, 2.181573295408618385e-01, 2.938849681289054105e-01, 2.691970486304490762e-01
2.183666162924026710e-01, 2.178234985683806524e-01, 2.942684989428938080e-01, 2.695413861963228408e-01
2.179731894696884664e-01, 2.174901927199618390e-01, 2.946512358275089061e-01, 2.698853819828407885e-01
2.175803736349061490e-01, 2.171574115248422199e-01, 2.950331778302330843e-01, 2.702290370100184913e-01
2.171881691762675981e-01, 2.168251545041042505e-01, 2.954143240134328718e-01, 2.705723523061952518e-01
2.167965764670825857e-01, 2.164934211708118839e-01, 2.957946734542176159e-01, 2.709153289078878868e-01
2.164055958659099055e-01, 2.161622110301453792e-01, 2.961742252442993717e-01, 2.712579678596454547e-01
2.160152277167075030e-01, 2.158315235795356946e-01, 2.965529784898522370e-01, 2.716002702139046487e-01
2.156254723489830494e-01, 2.155013583087983520e-01, 2.969309323113727417e-01, 2.719422370308458570e-01
2.152363300779437383e-01, 2.151717147002664976e-01, 2.973080858435404594e-01, 2.722838693782494435e-01
2.148478012046452224e-01, 2.148425922289227685e-01, 2.976844382350786189e-01, 2.726251683313534180e-01
2.144598860161410769e-01, 2.145139903625315758e-01, 2.980599886486162697e-01, 2.729661349727111053e-01
2.140725847856310426e-01, 2.141859085617694169e-01, 2.984347362605495602e-01, 2.733067703920499247e-01
2.136858977726095177e-01, 2.138583462803554380e-01, 2.988086802609045689e-01, 2.736470756861304476e-01
2.132998252230128844e-01, 2.135313029651808581e-01, 2.991818198531997486e-01, 2.739870519586064535e-01
2.129143673693668359e-01, 2.132047780564378381e-01, 2.995541542543097568e-01, 2.743267003198855414e-01
2.125295244309335085e-01, 2.128787709877474343e-01, 2.999256826943288434e-01, 2.746660218869902970e-01
2.121452966138571705e-01, 2.125532811862868299e-01, 3.002964044164354029e-01, 2.750050177834205134e-01
2.117616841113109938e-01, 2.122283080729165106e-01, 3.006663186767569163e-01, 2.753436891390155239e-01
2.113786871036414938e-01, 2.119038510623055538e-01, 3.010354247442350029e-01, 2.756820370898179218e-01
2.109963057585141910e-01, 2.115799095630571114e-01, 3.014037219004915280e-01, 2.760200627779371696e-01
2.106145402310574122e-01, 2.112564829778328657e-01, 3.017712094396949318e-01, 2.763577673514148181e-01
2.102333906640067585e-01, 2.109335707034766805e-01, 3.021378866684272246e-01, 2.766951519640893919e-01
2.098528571878479909e-01, 2.106111721311375584e-01, 3.025037529055513708e-01, 2.770322177754631632e-01
2.094729399209601939e-01, 2.102892866463917099e-01, 3.028688074820796716e-01, 2.773689659505684801e-01
2.090936389697580500e-01, 2.099679136293644277e-01, 3.032330497410418713e-01, 2.777053976598357621e-01
2.087149544288336711e-01, 2.096470524548504633e-01, 3.035964790373545941e-01, 2.780415140789612161e-01
2.083368863810977079e-01, 2.093267024924341524e-01, 3.039590947376913932e-01, 2.783773163887766633e-01
2.079594348979204033e-01, 2.090068631066086258e-01, 3.043208962203525769e-01, 2.787128057751183108e-01
2.075826000392713699e-01, 2.086875336568942141e-01, 3.046818828751365338e-01, 2.790479834286978544e-01
2.072063818538595059e-01, 2.083687134979563260e-01, 3.050420541032108912e-01, 2.793828505449734156e-01
2.068307803792718280e-01, 2.080504019797221327e-01, 3.054014093169848953e-01, 2.797174083240211440e-01
2.064557956421120832e-01, 2.077325984474971132e-01, 3.057599479399822906e-01, 2.800516579704084852e-01
2.060814276581386106e-01, 2.074153022420803238e-01, 3.061176694067143100e-01, 2.803856006930667832e-01
2.057076764324015095e-01, 2.070985126998788617e-01, 3.064745731625538316e-01, 2.807192377051657139e-01
2.053345419593795851e-01, 2.067822291530223011e-01, 3.068306586636100342e-01, 2.810525702239881074e-01
2.049620242231163236e-01, 2.064664509294752703e-01, 3.071859253766033859e-01, 2.813855994708051589e-01
2.045901231973552836e-01, 2.061511773531500835e-01, 3.075403727787415775e-01, 2.817183266707529721e-01
2.042188388456754600e-01, 2.058364077440185680e-01, 3.078940003575963980e-01, 2.820507530527095463e-01
2.038481711216250380e-01, 2.055221414182225592e-01, 3.082468076109801669e-01, 2.823828798491721526e-01
2.034781199688554254e-01, 2.052083776881841459e-01, 3.085987940468242763e-01, 2.827147082961362079e-01
2.031086853212542565e-01, 2.048951158627149438e-01, 3.089499591830568437e-01, 2.830462396329739283e-01
2.027398671030778143e-01, 2.045823552471246198e-01, 3.093003025474826972e-01, 2.833774751023149241e-01
2.023716652290826756e-01, 2.042700951433286949e-01, 3.096498236776621948e-01, 2.837084159499264069e-01
2.020040796046572718e-01, 2.039583348499556248e-01, 3.099985221207925967e-01, 2.840390634245945067e-01
2.016371101259521181e-01, 2.036470736624528544e-01, 3.103463974335883280e-01, 2.843694187780066995e-01
2.012707566800098491e-01, 2.033363108731923163e-01, 3.106934491821633504e-01, 2.846994832646344009e-01
2.009050191448943645e-01, 2.030260457715753197e-01, 3.110396769419134233e-01, 2.850292581416170035e-01
2.005398973898195603e-01, 2.027162776441361058e-01, 3.113850802973989196e-01, 2.853587446686454143e-01
2.001753912752773090e-01, 2.024070057746454321e-01, 3.117296588422291959e-01, 2.856879441078480908e-01
1.998115006531645255e-01, 2.020982294442125182e-01, 3.120734121789468518e-01, 2.860168577236760767e-01
1.994482253669102034e-01, 2.017899479313870481e-01, 3.124163399189128776e-01, 2.863454867827899264e-01
1.990855652516009544e-01, 2.014821605122597281e-01, 3.127584416821924118e-01, 2.866738325539468502e-01
1.987235201341067126e-01, 2.011748664605625403e-01, 3.130997170974418875e-01, 2.870018963078890262e-01
1.983620898332049964e-01, 2.008680650477678298e-01, 3.134401658017955672e-01, 2.873296793172317454e-01
1.980012741597053094e-01, 2.005617555431870869e-01, 3.137797874407541321e-01, 2.876571828563533884e-01
1.976410729165722635e-01, 2.002559372140688965e-01, 3.141185816680732157e-01, 2.879844082012855688e-01
1.972814858990480091e-01, 1.999506093256951944e-01, 3.144565481456527145e-01, 2.883113566296039987e-01
1.969225128947745262e-01, 1.996457711414784120e-01, 3.147936865434269316e-01, 2.886380294203200192e-01
1.965641536839146664e-01, 1.993414219230565665e-01, 3.151299965392554969e-01, 2.889644278537732425e-01
1.962064080392728893e-01, 1.990375609303877413e-01, 3.154654778188149544e-01, 2.892905532115245815e-01
1.958492757264150563e-01, 1.987341874218445936e-01, 3.158001300754904594e-01, 2.896164067762499461e-01
1.954927565037876958e-01, 1.984313006543071967e-01, 3.161339530102699191e-01, 2.899419898316351607e-01
1.951368501228367969e-01, 1.981288998832556603e-01, 3.164669463316365228e-01, 2.902673036622710478e-01
1.947815563281251883e-01, 1.978269843628617519e-01, 3.167991097554637703e-01, 2.905923495535494006e-01
1.944268748574498606e-01, 1.975255533460799351e-01, 3.171304430049104450e-01, 2.909171287915597315e-01
1.940728054419589010e-01, 1.972246060847375748e-01, 3.174609458103164750e-01, 2.912416426629870769e-01
1.937193478062665675e-01, 1.969241418296241442e-01, 3.177906179090996819e-01, 2.915658924550095787e-01
1.933665016685688631e-01, 1.966241598305804861e-01, 3.181194590456528082e-01, 2.918898794551977871e-01
1.930142667407576951e-01, 1.963246593365861603e-01, 3.184474689712418205e-01, 2.922136049514142409e-01
1.926626427285347276e-01, 1.960256395958471509e-01, 3.187746474439044908e-01, 2.925370702317136584e-01
1.923116293315242642e-01, 1.957270998558820474e-01, 3.191009942283499212e-01, 2.928602765842437949e-01
1.919612262433855743e-01, 1.954290393636078649e-01, 3.194265090958589570e-01, 2.931832252971475761e-01
1.916114331519246650e-01, 1.951314573654252538e-01, 3.197511918241848772e-01, 2.935059176584652318e-01
1.912622497392048593e-01, 1.948343531073024881e-01, 3.200750421974552506e-01, 2.938283549560374852e-01
1.909136756816574021e-01, 1.945377258348592320e-01, 3.203980600060741257e-01, 2.941505384774092957e-01
1.905657106501906783e-01, 1.942415747934491399e-01, 3.207202450466254962e-01, 2.944724695097346578e-01
1.902183543102992647e-01, 1.939458992282423466e-01, 3.210415971217771003e-01, 2.947941493396813994e-01
1.898716063221717321e-01, 1.936506983843062635e-01, 3.213621160401846089e-01, 2.951155792533372568e-01
1.895254663407985873e-01, 1.933559715066869300e-01, 3.216818016163975336e-01, 2.954367605361168381e-01
1.891799340160784104e-01, 1.930617178404882284e-01, 3.220006536707650802e-01, 2.957576944726683088e-01
1.888350089929242692e-01, 1.927679366309516251e-01, 3.223186720293425567e-01, 2.960783823467814102e-01
1.884906909113689411e-01, 1.924746271235345252e-01, 3.226358565237996689e-01, 2.963988254412968093e-01
1.881469794066696066e-01, 1.921817885639879875e-01, 3.229522069913279281e-01, 2.967190250380143945e-01
1.878038741094117670e-01, 1.918894201984339964e-01, 3.232677232745503337e-01, 2.970389824176040139e-01
1.874613746456122443e-01, 1.915975212734415400e-01, 3.235824052214305024e-01, 2.973586988595156577e-01
1.871194806368222663e-01, 1.913060910361027434e-01, 3.238962526851837942e-01, 2.976781756418912517e-01
1.867781917002287739e-01, 1.910151287341074477e-01, 3.242092655241874399e-01, 2.979974140414761719e-01
1.864375074487560624e-01, 1.907246336158179290e-01, 3.245214436018937221e-01, 2.983164153335322588e-01
1.860974274911657844e-01, 1.904346049303420330e-01, 3.248327867867413787e-01, 2.986351807917506651e-01
1.857579514321570369e-01, 1.901450419276065618e-01, 3.251432949520697835e-01, 2.989537116881665346e-01
1.854190788724655592e-01, 1.898559438584291881e-01, 3.254529679760325145e-01, 2.992720092930727938e-01
1.850808094089616829e-01, 1.895673099745901202e-01, 3.257618057415123669e-01, 2.995900748749359410e-01
1.847431426347483918e-01, 1.892791395289030176e-01, 3.260698081360366429e-01, 2.999079097003117811e-01
1.844060781392585779e-01, 1.889914317752854067e-01, 3.263769750516939405e-01, 3.002255150337621581e-01
1.840696155083507424e-01, 1.887041859688276535e-01, 3.266833063850499985e-01, 3.005428921377716889e-01
1.837337543244050853e-01, 1.884174013658625191e-01, 3.269888020370665394e-01, 3.008600422726658841e-01
1.833984941664185964e-01, 1.881310772240328277e-01, 3.272934619130189460e-01, 3.011769666965297687e-01
1.830638346100989244e-01, 1.878452128023593293e-01, 3.275972859224153821e-01, 3.014936666651263919e-01
1.827297752279584131e-01, 1.875598073613075345e-01, 3.279002739789168008e-01, 3.018101434318172238e-01
1.823963155894068044e-01, 1.872748601628539122e-01, 3.282024260002574523e-01, 3.021263982474817200e-01
1.820634552608437207e-01, 1.869903704705516700e-01, 3.285037419081657806e-01, 3.024424323604387732e-01
1.817311938057499243e-01, 1.867063375495952582e-01, 3.288042216282866526e-01, 3.027582470163682760e-01
1.813995307847785510e-01, 1.864227606668852621e-01, 3.291038650901037532e-01, 3.030738434582325169e-01
1.810684657558452315e-01, 1.861396390910915744e-01, 3.294026722268630913e-01, 3.033892229262000195e-01
1.807379982742178537e-01, 1.858569720927169544e-01, 3.297006429754969492e-01, 3.037043866575681594e-01
1.804081278926052689e-01, 1.855747589441589240e-01, 3.299977772765486650e-01, 3.040193358866871698e-01
1.800788541612455274e-01, 1.852929989197719118e-01, 3.302940750740978038e-01, 3.043340718448847571e-01
1.797501766279938351e-01, 1.850116912959282600e-01, 3.305895363156864386e-01, 3.046485957603914385e-01
1.794220948384090686e-01, 1.847308353510788148e-01, 3.308841609522461535e-01, 3.049629088582659353e-01
1.790946083358403995e-01, 1.844504303658128785e-01, 3.311779489380252683e-01, 3.052770123603213981e-01
1.787677166615127544e-01, 1.841704756229175788e-01, 3.314709002305169516e-01, 3.055909074850526319e-01
1.784414193546118299e-01, 1.838909704074365159e-01, 3.317630147903882776e-01, 3.059045954475632656e-01
1.781157159523685252e-01, 1.836119140067278832e-01, 3.320542925814096713e-01, 3.062180774594937538e-01
1.777906059901425972e-01, 1.833333057105221153e-01, 3.323447335703853533e-01, 3.065313547289498786e-01
1.774660890015055392e-01, 1.830551448109785651e-01, 3.326343377270836732e-01, 3.068444284604321393e-01
1.771421645183232363e-01, 1.827774306027422357e-01, 3.329231050241694967e-01, 3.071572998547649758e-01
1.768188320708377614e-01, 1.825001623829990982e-01, 3.332110354371357053e-01, 3.074699701090274906e-01
1.764960911877481164e-01, 1.822233394515316296e-01, 3.334981289442365271e-01, 3.077824404164837269e-01
1.761739413962913336e-01, 1.819469611107733253e-01, 3.337843855264209236e-01, 3.080947119665143896e-01
1.758523822223218847e-01, 1.816710266658624617e-01, 3.340698051672671975e-01, 3.084067859445485116e-01
1.755314131903911723e-01, 1.813955354246959695e-01, 3.343543878529173230e-01, 3.087186635319955630e-01
1.752110338238261067e-01, 1.811204866979819750e-01, 3.346381335720129968e-01, 3.090303459061790048e-01
1.748912436448070429e-01, 1.808458797992924527e-01, 3.349210423156316896e-01, 3.093418342402688426e-01
1.745720421744453021e-01, 1.805717140451147673e-01, 3.352031140772233075e-01, 3.096531297032166785e-01
1.742534289328598607e-01, 1.802979887549029103e-01, 3.354843488525483530e-01, 3.099642334596889315e-01
1.739354034392535941e-01, 1.800247032511284873e-01, 3.357647466396151414e-01, 3.102751466700028327e-01
1.736179652119887729e-01, 1.797518568593303445e-01, 3.360443074386195716e-01, 3.105858704900613110e-01
1.733011137686621406e-01, 1.794794489081646960e-01, 3.363230312518838971e-01, 3.108964060712894328e-01
1.729848486261789664e-01, 1.792074787294537508e-01, 3.366009180837971626e-01, 3.112067545605701757e-01
1.726691693008272632e-01, 1.789359456582346464e-01, 3.368779679407558070e-01, 3.115169171001823667e-01
1.723540753083506460e-01, 1.786648490328071881e-01, 3.371541808311050437e-01, 3.118268948277371222e-01
1.720395661640208851e-01, 1.783941881947813946e-01, 3.374295567650808514e-01, 3.121366888761168967e-01
1.717256413827100703e-01, 1.781239624891245432e-01, 3.377040957547527422e-01, 3.124463003734125888e-01
1.714123004789620264e-01, 1.778541712642076056e-01, 3.379777978139664740e-01, 3.127557304428638107e-01
1.710995429670628398e-01, 1.775848138718511826e-01, 3.382506629582887059e-01, 3.130649802027973272e-01
1.707873683611114135e-01, 1.773158896673709406e-01, 3.385226912049505987e-01, 3.133740507665672137e-01
1.704757761750889944e-01, 1.770473980096226030e-01, 3.387938825727933589e-01, 3.136829432424950159e-01
1.701647659229283127e-01, 1.767793382610464703e-01, 3.390642370822142815e-01, 3.139916587338109077e-01
1.698543371185821660e-01, 1.765117097877112184e-01, 3.393337547551121824e-01, 3.143001983385944609e-01
1.695444892760912814e-01, 1.762445119593575027e-01, 3.396024356148348300e-01, 3.146085631497163027e-01
1.692352219096518173e-01, 1.759777441494410066e-01, 3.398702796861265418e-01, 3.149167542547807175e-01
1.689265345336819490e-01, 1.757114057351747693e-01, 3.401372869950757827e-01, 3.152247727360674712e-01
1.686184266628888428e-01, 1.754454960975714573e-01, 3.404034575690642606e-01, 3.155326196704754671e-01
1.683108978123335209e-01, 1.751800146214848308e-01, 3.406687914367160230e-01, 3.158402961294655698e-01
1.680039474974968083e-01, 1.749149606956508785e-01, 3.409332886278473307e-01, 3.161478031790048715e-01
1.676975752343435044e-01, 1.746503337127284505e-01, 3.411969491734171966e-01, 3.164551418795107929e-01
1.673917805393868030e-01, 1.743861330693395606e-01, 3.414597731054779817e-01, 3.167623132857956270e-01
1.670865629297517974e-01, 1.741223581661089093e-01, 3.417217604571273770e-01, 3.170693184470117498e-01
1.667819219232384576e-01, 1.738590084077036024e-01, 3.419829112624607759e-01, 3.173761584065971086e-01
1.664778570383843859e-01, 1.735960832028714818e-01, 3.422432255565231451e-01, 3.176828342022210427e-01
1.661743677945264619e-01, 1.733335819644800102e-01, 3.425027033752630623e-01, 3.179893468657305489e-01
1.658714537118627652e-01, 1.730715041095540752e-01, 3.427613447554861970e-01, 3.182956974230969349e-01
1.655691143115133046e-01, 1.728098490593135417e-01, 3.430191497348100693e-01, 3.186018868943631399e-01
1.652673491155804697e-01, 1.725486162392103617e-01, 3.432761183516183090e-01, 3.189079162935908318e-01
1.649661576472091218e-01, 1.722878050789654891e-01, 3.435322506450169122e-01, 3.192137866288085046e-01
1.646655394306459352e-01, 1.720274150126049062e-01, 3.437875466547897774e-01, 3.195194989019592979e-01
1.643654939912985447e-01, 1.717674454784957616e-01, 3.440420064213555729e-01, 3.198250541088502041e-01
1.640660208557936928e-01, 1.715078959193816477e-01, 3.442956299857244384e-01, 3.201304532391002211e-01
1.637671195520354339e-01, 1.712487657824179332e-01, 3.445484173894562963e-01, 3.204356972760903366e-01
1.634687896092626436e-01, 1.709900545192062082e-01, 3.448003686746183294e-01, 3.207407871969127910e-01
1.631710305581059450e-01, 1.707317615858287563e-01, 3.450514838837441811e-01, 3.210457239723211731e-01
1.628738419306440255e-01, 1.704738864428822498e-01, 3.453017630597929877e-01, 3.213505085666806260e-01
1.625772232604602296e-01, 1.702164285555115841e-01, 3.455512062461092992e-01, 3.216551419379189425e-01
1.622811740826972937e-01, 1.699593873934427402e-01, 3.457998134863828343e-01, 3.219596250374771040e-01
1.619856939341133562e-01, 1.697027624310156468e-01, 3.460475848246100661e-01, 3.222639588102609864e-01
1.616907823531361088e-01, 1.694465531472165720e-01, 3.462945203050546428e-01, 3.225681441945927874e-01
1.613964388799167815e-01, 1.691907590257101524e-01, 3.465406199722098624e-01, 3.228721821221631760e-01
1.611026630563844875e-01, 1.689353795548710624e-01, 3.467858838707606473e-01, 3.231760735179838862e-01
1.608094544262988201e-01, 1.686804142278152119e-01, 3.470303120455462964e-01, 3.234798193003396438e-01
1.605168125353031994e-01, 1.684258625424309430e-01, 3.472739045415239034e-01, 3.237834203807418709e-01
1.602247369309769409e-01, 1.681717240014093950e-01, 3.475166614037321078e-01, 3.240868776638815563e-01
1.599332271628874091e-01, 1.679179981122747023e-01, 3.477585826772551236e-01, 3.243901920475829037e-01
1.596422827826411983e-01, 1.676646843874141923e-01, 3.479996684071877122e-01, 3.246933644227569249e-01
1.593519033439356469e-01, 1.674117823441076680e-01, 3.482399186386003764e-01, 3.249963956733561976e-01
1.590620884026092696e-01, 1.671592915045569672e-01, 3.484793334165051104e-01, 3.252992866763287916e-01
1.587728375166916894e-01, 1.669072113959143289e-01, 3.487179127858210936e-01, 3.256020383015728603e-01
1.584841502464539587e-01, 1.666555415503117310e-01, 3.489556567913419949e-01, 3.259046514118922877e-01
1.581960261544576862e-01, 1.664042815048884516e-01, 3.491925654777024990e-01, 3.262071268629513354e-01
1.579084648056039708e-01, 1.661534308018194350e-01, 3.494286388893461104e-01, 3.265094655032303450e-01
1.576214657671820285e-01, 1.659029889883428532e-01, 3.496638770704933452e-01, 3.268116681739817175e-01
1.573350286089173211e-01, 1.656529556167872785e-01, 3.498982800651095904e-01, 3.271137357091857822e-01
1.570491529030194344e-01, 1.654033302445988562e-01, 3.501318479168746278e-01, 3.274156689355071093e-01
1.567638382242293182e-01, 1.651541124343681166e-01, 3.503645806691513820e-01, 3.277174686722510999e-01
1.564790841498663598e-01, 1.649053017538560650e-01, 3.505964783649565542e-01, 3.280191357313210210e-01
1.561948902598748745e-01, 1.646568977760207442e-01, 3.508275410469297584e-01, 3.283206709171745952e-01
1.559112561368703742e-01, 1.644089000790427968e-01, 3.510577687573052108e-01, 3.286220750267816459e-01
1.556281813661854752e-01, 1.641613082463510287e-01, 3.512871615378819201e-01, 3.289233488495815205e-01
1.553456655359151395e-01, 1.639141218666481103e-01, 3.515157194299959320e-01, 3.292244931674409014e-01
1.550637082369620001e-01, 1.636673405339348908e-01, 3.517434424744917965e-01, 3.295255087546113959e-01
1.547823090630808807e-01, 1.634209638475357385e-01, 3.519703307116949786e-01, 3.298263963776884022e-01
1.545014676109233709e-01, 1.631749914121228828e-01, 3.521963841813849361e-01, 3.301271567955689212e-01
1.542211834800815140e-01, 1.629294228377403675e-01, 3.524216029227676406e-01, 3.304277907594104779e-01
1.539414562731317715e-01, 1.626842577398283640e-01, 3.526459869744501541e-01, 3.307282990125897104e-01
1.536622855956780720e-01, 1.624394957392466254e-01, 3.528695363744134839e-01, 3.310286822906619020e-01
1.533836710563948047e-01, 1.621951364622980785e-01, 3.530922511599877689e-01, 3.313289413213194035e-01
1.531056122670697017e-01, 1.619511795407520272e-01, 3.533141313678267448e-01, 3.316290768243515541e-01
1.528281088426455547e-01, 1.617076246118669958e-01, 3.535351770338830968e-01, 3.319290895116044915e-01
1.525511604012625977e-01, 1.614644713184135716e-01, 3.537553881933835354e-01, 3.322289800869403509e-01
1.522747665643000292e-01, 1.612217193086968314e-01, 3.539747648808054814e-01, 3.325287492461975747e-01
1.519989269564171464e-01, 1.609793682365788514e-01, 3.541933071298528635e-01, 3.328283976771511665e-01
1.517236412055942285e-01, 1.607374177615001620e-01, 3.544110149734329696e-01, 3.331279260594726122e-01
1.514489089431735602e-01, 1.604958675485022301e-01, 3.546278884436334655e-01, 3.334273350646906886e-01
1.511747298038993159e-01, 1.602547172682486920e-01, 3.548439275717000241e-01, 3.337266253561519957e-01
1.509011034259577499e-01, 1.600139665970467251e-01, 3.550591323880138983e-01, 3.340257975889815989e-01
1.506280294510169704e-01, 1.597736152168683643e-01, 3.552735029220703278e-01, 3.343248524100443375e-01
1.503555075242661576e-01, 1.595336628153714020e-01, 3.554870392024568893e-01, 3.346237904579054678e-01
1.500835372944548107e-01, 1.592941090859200381e-01, 3.556997412568326244e-01, 3.349226123627925267e-01
1.498121184139314943e-01, 1.590549537276057246e-01, 3.559116091119070013e-01, 3.352213187465558630e-01
1.495412505386823354e-01, 1.588161964452671493e-01, 3.561226427934196526e-01, 3.355199102226308350e-01
1.492709333283693540e-01, 1.585778369495108031e-01, 3.563328423261205025e-01, 3.358183873959994514e-01
1.490011664463681829e-01, 1.583398749567305475e-01, 3.565422077337496720e-01, 3.361167508631516254e-01
1.487319495598060093e-01, 1.581023101891278759e-01, 3.567507390390185495e-01, 3.364150012120475930e-01
1.484632823395987677e-01, 1.578651423747310933e-01, 3.569584362635904173e-01, 3.367131390220797216e-01
1.481951644604883600e-01, 1.576283712474152443e-01, 3.571652994280616888e-01, 3.370111648640348179e-01
1.479275956010794590e-01, 1.573919965469207372e-01, 3.573713285519439231e-01, 3.373090793000558252e-01
1.476605754438761464e-01, 1.571560180188731060e-01, 3.575765236536455061e-01, 3.376068828836051305e-01
1.473941036753181055e-01, 1.569204354148016622e-01, 3.577808847504539425e-01, 3.379045761594262065e-01
1.471281799858170647e-01, 1.566852484921580635e-01, 3.579844118585184809e-01, 3.382021596635064742e-01
1.468628040697920190e-01, 1.564504570143352147e-01, 3.581871049928330164e-01, 3.384996339230397777e-01
1.465979756257053956e-01, 1.562160607506857812e-01, 3.583889641672192150e-01, 3.387969994563896359e-01
1.463336943560979986e-01, 1.559820594765402302e-01, 3.585899893943102490e-01, 3.390942567730516055e-01
1.460699599676244242e-01, 1.557484529732251211e-01, 3.587901806855344766e-01, 3.393914063736160891e-01
1.458067721710875619e-01, 1.555152410280812303e-01, 3.589895380510994549e-01, 3.396884487497317529e-01
1.455441306814734548e-01, 1.552824234344813148e-01, 3.591880614999767851e-01, 3.399853843840683898e-01
1.452820352179857166e-01, 1.550499999918478200e-01, 3.593857510398863475e-01, 3.402822137502800603e-01
1.450204855040794494e-01, 1.548179705056706712e-01, 3.595826066772817575e-01, 3.405789373129680109e-01
1.447594812674956044e-01, 1.545863347875245097e-01, 3.597786284173352667e-01, 3.408755555276446469e-01
1.444990222402943170e-01, 1.543550926550861513e-01, 3.599738162639235517e-01, 3.411720688406960078e-01
1.442391081588885460e-01, 1.541242439321519886e-01, 3.601681702196137813e-01, 3.414684776893456286e-01
1.439797387640775472e-01, 1.538937884486548668e-01, 3.603616902856494608e-01, 3.417647825016181806e-01
1.437209138010798193e-01, 1.536637260406810701e-01, 3.605543764619369984e-01, 3.420609836963021122e-01
1.434626330195660771e-01, 1.534340565504875020e-01, 3.607462287470323270e-01, 3.423570816829141217e-01
1.432048961736918369e-01, 1.532047798265181449e-01, 3.609372471381281366e-01, 3.426530768616620204e-01
1.429477030221300848e-01, 1.529758957234208239e-01, 3.611274316310406629e-01, 3.429489696234084839e-01
1.426910533281034454e-01, 1.527474041020639162e-01, 3.613167822201976964e-01, 3.432447603496350252e-01
1.424349468594164891e-01, 1.525193048295525877e-01, 3.615052988986259264e-01, 3.435404494124049690e-01
1.421793833884874569e-01, 1.522915977792453357e-01, 3.616929816579393941e-01, 3.438360371743278132e-01
1.419243626923802903e-01, 1.520642828307702810e-01, 3.618798304883272254e-01, 3.441315239885222588e-01
1.416698845528358841e-01, 1.518373598700411553e-01, 3.620658453785424724e-01, 3.444269101985803494e-01
1.414159487563038942e-01, 1.516108287892737883e-01, 3.622510263158912891e-01, 3.447221961385310562e-01
1.411625550939736018e-01, 1.513846894870017057e-01, 3.624353732862208854e-01, 3.450173821328039181e-01
1.409097033618052219e-01, 1.511589418680923114e-01, 3.626188862739098684e-01, 3.453124684961925150e-01
1.406573933605609339e-01, 1.509335858437628741e-01, 3.628015652618572506e-01, 3.456074555338189969e-01
1.404056248958352460e-01, 1.507086213315959045e-01, 3.629834102314722366e-01, 3.459023435410966130e-01
1.401543977780859984e-01, 1.504840482555555026e-01, 3.631644211626641194e-01, 3.461971328036944628e-01
1.399037118226645338e-01, 1.502598665460024296e-01, 3.633445980338326220e-01, 3.464918235975003036e-01
1.396535668498462002e-01, 1.500360761397100395e-01, 3.635239408218585155e-01, 3.467864161885853558e-01
1.394039626848604663e-01, 1.498126769798798774e-01, 3.637024495020936277e-01, 3.470809108331660564e-01
1.391548991579207584e-01, 1.495896690161567510e-01, 3.638801240483525712e-01, 3.473753077775699749e-01
1.389063761042546030e-01, 1.493670522046447180e-01, 3.640569644329030297e-01, 3.476696072581974550e-01
1.386583933641333255e-01, 1.491448265079220736e-01, 3.642329706264579303e-01, 3.479638095014865873e-01
1.384109507829013874e-01, 1.489229918950569220e-01, 3.644081425981660072e-01, 3.482579147238756834e-01
1.381640482110062795e-01, 1.487015483416222472e-01, 3.645824803156043070e-01, 3.485519231317670830e-01
1.379176855040276650e-01, 1.484804958297112898e-01, 3.647559837447698627e-01, 3.488458349214912935e-01
1.376718625227064952e-01, 1.482598343479528125e-01, 3.649286528500717552e-01, 3.491396502792689094e-01
1.374265791329745134e-01, 1.480395638915261991e-01, 3.651004875943236749e-01, 3.494333693811755848e-01
1.371818352059829271e-01, 1.478196844621766370e-01, 3.652714879387363722e-01, 3.497269923931040081e-01
1.369376306181314673e-01, 1.476001960682302161e-01, 3.654416538429104411e-01, 3.500205194707279310e-01
1.366939652510970882e-01, 1.473810987246089721e-01, 3.656109852648290470e-01, 3.503139507594649760e-01
1.364508389918627773e-01, 1.471623924528460414e-01, 3.657794821608517100e-01, 3.506072863944396101e-01
1.362082517327461439e-01, 1.469440772811007045e-01, 3.659471444857065325e-01, 3.509005265004466190e-01
1.359662033714277019e-01, 1.467261532441733740e-01, 3.661139721924852042e-01, 3.511936711919136367e-01
1.357246938109796519e-01, 1.465086203835206657e-01, 3.662799652326352851e-01, 3.514867205728643973e-01
1.354837229598936377e-01, 1.462914787472703315e-01, 3.664451235559549325e-01, 3.517796747368810983e-01
1.352432907321096667e-01, 1.460747283902362470e-01, 3.666094471105867392e-01, 3.520725337670673194e-01
1.350033970470436440e-01, 1.458583693739336495e-01, 3.667729358430119602e-01, 3.523652977360107741e-01
1.347640418296155718e-01, 1.456424017665936543e-01, 3.669355896980450726e-01, 3.526579667057456180e-01
1.345252250102778879e-01, 1.454268256431788253e-01, 3.670974086188282248e-01, 3.529505407277151452e-01
1.342869465250428607e-01, 1.452116410853976081e-01, 3.672583925468257404e-01, 3.532430198427337076e-01
1.340492063155108438e-01, 1.449968481817198451e-01, 3.674185414218198997e-01, 3.535354040809494669e-01
1.338120043288976158e-01, 1.447824470273913200e-01, 3.675778551819049444e-01, 3.538276934618060365e-01
1.335753405180625797e-01, 1.445684377244491059e-01, 3.677363337634833584e-01, 3.541198879940050115e-01
1.333392148415358802e-01, 1.443548203817364151e-01, 3.678939771012603721e-01, 3.544119876754672771e-01
1.331036272635463813e-01, 1.441415951149178365e-01, 3.680507851282404097e-01, 3.547039924932954280e-01
1.328685777540489776e-01, 1.439287620464941297e-01, 3.682067577757220378e-01, 3.549959024237347993e-01
1.326340662887521282e-01, 1.437163213058176015e-01, 3.683618949732945791e-01, 3.552877174321357190e-01
1.324000928491453621e-01, 1.435042730291069546e-01, 3.685161966488335605e-01, 3.555794374729141505e-01
1.321666574225263402e-01, 1.432926173594627484e-01, 3.686696627284972161e-01, 3.558710624895138341e-01
1.319337600020285273e-01, 1.430813544468822196e-01, 3.688222931367226565e-01, 3.561625924143664301e-01
1.317014005866483650e-01, 1.428704844482747982e-01, 3.689740877962228716e-01, 3.564540271688538264e-01
1.314695791812724723e-01, 1.426600075274772339e-01, 3.691250466279825670e-01, 3.567453666632677822e-01
1.312382957967047625e-01, 1.424499238552686120e-01, 3.692751695512553889e-01, 3.570366107967711811e-01
1.310075504496938659e-01, 1.422402336093862019e-01, 3.694244564835609257e-01, 3.573277594573589511e-01
1.307773431629601635e-01, 1.420309369745404171e-01, 3.695729073406814336e-01, 3.576188125218178748e-01
1.305476739652229046e-01, 1.418220341424303865e-01, 3.697205220366594491e-01, 3.579097698556873985e-01
1.303185428912271016e-01, 1.416135253117591919e-01, 3.698673004837946254e-01, 3.582006313132191089e-01
1.300899499817711191e-01, 1.414054106882498552e-01, 3.700132425926414004e-01, 3.584913967373376531e-01
1.298618952837331808e-01, 1.411976904846603265e-01, 3.701583482720069429e-01, 3.587820659595994943e-01
1.296343788500988747e-01, 1.409903649207994991e-01, 3.703026174289480998e-01, 3.590726388001535541e-01
1.294074007399877990e-01, 1.407834342235427250e-01, 3.704460499687698416e-01, 3.593631150676997454e-01
1.291809610186807622e-01, 1.405768986268474963e-01, 3.705886457950229307e-01, 3.596534945594486721e-01
1.289550597576470670e-01, 1.403707583717694884e-01, 3.707304048095023119e-01, 3.599437770610811604e-01
1.287296970345709612e-01, 1.401650137064780477e-01, 3.708713269122447254e-01, 3.602339623467061269e-01
1.285048729333790885e-01, 1.399596648862724280e-01, 3.710114120015278738e-01, 3.605240501788205543e-01
1.282805875442673826e-01, 1.397547121735976949e-01, 3.711506599738678136e-01, 3.608140403082670811e-01
1.280568409637280192e-01, 1.395501558380607410e-01, 3.712890707240184551e-01, 3.611039324741927570e-01
1.278336332945765874e-01, 1.393459961564464389e-01, 3.714266441449696754e-01, 3.613937264040073538e-01
1.276109646459789582e-01, 1.391422334127339067e-01, 3.715633801279464854e-01, 3.616834218133407886e-01
1.273888351334784008e-01, 1.389388678981128278e-01, 3.716992785624071427e-01, 3.619730184060015454e-01
1.271672448790227561e-01, 1.387358999109998547e-01, 3.718343393360433180e-01, 3.622625158739340434e-01
1.269461940109913312e-01, 1.385333297570548738e-01, 3.719685623347780967e-01, 3.625519138971756150e-01
1.267256826642220724e-01, 1.383311577491977973e-01, 3.721019474427660345e-01, 3.628412121438140958e-01
1.265057109800388213e-01, 1.381293842076250222e-01, 3.722344945423917140e-01, 3.631304102699444147e-01
1.262862791062782375e-01, 1.379280094598263617e-01, 3.723662035142696336e-01, 3.634195079196257394e-01
1.260673871973170546e-01, 1.377270338406015870e-01, 3.724970742372438193e-01, 3.637085047248375114e-01
1.258490354140995027e-01, 1.375264576920776360e-01, 3.726271065883868805e-01, 3.639974003054361473e-01
1.256312239241641204e-01, 1.373262813637253221e-01, 3.727563004430001214e-01, 3.642861942691104082e-01
1.254139529016714272e-01, 1.371265052123768202e-01, 3.728846556746135965e-01, 3.645748862113381561e-01
1.251972225274310957e-01, 1.369271296022424589e-01, 3.730121721549852776e-01, 3.648634757153411678e-01
1.249810329889291249e-01, 1.367281549049283174e-01, 3.731388497541017757e-01, 3.651519623520408375e-01
1.247653844803554984e-01, 1.365295814994535728e-01, 3.732646883401778415e-01, 3.654403456800129901e-01
1.245502772026315930e-01, 1.363314097722680140e-01, 3.733896877796570313e-01, 3.657286252454433617e-01
1.243357113634373928e-01, 1.361336401172695831e-01, 3.735138479372115961e-01, 3.660168005820813031e-01
1.241216871772393981e-01, 1.359362729358223332e-01, 3.736371686757431476e-01, 3.663048712111949823e-01
1.239082048653179641e-01, 1.357393086367742474e-01, 3.737596498563827696e-01, 3.665928366415250883e-01
1.236952646557949592e-01, 1.355427476364747530e-01, 3.738812913384917391e-01, 3.668806963692385903e-01
1.234828667836615768e-01, 1.353465903587935670e-01, 3.740020929796619709e-01, 3.671684498778827188e-01
1.232710114908060345e-01, 1.351508372351383214e-01, 3.741220546357174048e-01, 3.674560966383382254e-01
1.230596990260413720e-01, 1.349554887044731588e-01, 3.742411761607135068e-01, 3.677436361087719208e-01
1.228489296451333035e-01, 1.347605452133370796e-01, 3.743594574069392666e-01, 3.680310677345902115e-01
1.226387036108282785e-01, 1.345660072158625653e-01, 3.744768982249177536e-01, 3.683183909483913054e-01
1.224290211928813071e-01, 1.343718751737942585e-01, 3.745934984634067821e-01, 3.686056051699176939e-01
1.222198826680842010e-01, 1.341781495565078364e-01, 3.747092579694004666e-01, 3.688927098060074128e-01
1.220112883202938148e-01, 1.339848308410288014e-01, 3.748241765881304421e-01, 3.691797042505469695e-01
1.218032384404598295e-01, 1.337919195120518545e-01, 3.749382541630665866e-01, 3.694665878844217710e-01
1.215957333266536045e-01, 1.335994160619598525e-01, 3.750514905359188522e-01, 3.697533600754676630e-01
1.213887732840962519e-01, 1.334073209908433477e-01, 3.751638855466385425e-01, 3.700400201784218579e-01
1.211823586251870727e-01, 1.332156348065199891e-01, 3.752754390334195889e-01, 3.703265675348733632e-01
1.209764896695323250e-01, 1.330243580245541735e-01, 3.753861508327002161e-01, 3.706130014732133549e-01
1.207711667439736042e-01, 1.328334911682767239e-01, 3.754960207791648297e-01, 3.708993213085848839e-01
1.205663901826165840e-01, 1.326430347688050959e-01, 3.756050487057451814e-01, 3.711855263428330831e-01
1.203621603268601459e-01, 1.324529893650630841e-01, 3.757132344436225346e-01, 3.714716158644542077e-01
1.201584775254246479e-01, 1.322633555038013331e-01, 3.758205778222292182e-01, 3.717575891485448425e-01
1.199553421343815957e-01, 1.320741337396174053e-01, 3.759270786692507915e-01, 3.720434454567501104e-01
1.197527545171822444e-01, 1.318853246349764585e-01, 3.760327368106280432e-01, 3.723291840372133787e-01
1.195507150446868672e-01, 1.316969287602318683e-01, 3.761375520705583231e-01, 3.726148041245229692e-01
1.193492240951940925e-01, 1.315089466936460172e-01, 3.762415242714987063e-01, 3.729003049396610869e-01
1.191482820544703392e-01, 1.313213790214112220e-01, 3.763446532341675477e-01, 3.731856856899508079e-01
1.189478893157790013e-01, 1.311342263376709394e-01, 3.764469387775465359e-01, 3.734709455690035096e-01
1.187480462799103686e-01, 1.309474892445407768e-01, 3.765483807188834686e-01, 3.737560837566653582e-01
1.185487533552110617e-01, 1.307611683521302248e-01, 3.766489788736944733e-01, 3.740410994189642957e-01
1.183500109576137715e-01, 1.305752642785640572e-01, 3.767487330557661718e-01, 3.743259917080560828e-01
1.181518195106674024e-01, 1.303897776500040906e-01, 3.768476430771584562e-01, 3.746107597621701202e-01
1.179541794455668674e-01, 1.302047091006711121e-01, 3.769457087482069868e-01, 3.748954027055550475e-01
1.177570912011831616e-01, 1.300200592728669446e-01, 3.770429298775258009e-01, 3.751799196484241206e-01
1.175605552240936991e-01, 1.298358288169966235e-01, 3.771393062720099221e-01, 3.754643096868997554e-01
1.173645719686126909e-01, 1.296520183915908508e-01, 3.772348377368381356e-01, 3.757485719029583504e-01
1.171691418968212745e-01, 1.294686286633285333e-01, 3.773295240754759861e-01, 3.760327053643742756e-01
1.169742654785985575e-01, 1.292856603070594301e-01, 3.774233650896782200e-01, 3.763167091246636953e-01
1.167799431916517888e-01, 1.291031140058271909e-01, 3.775163605794923938e-01, 3.766005822230286681e-01
1.165861755215475692e-01, 1.289209904508923366e-01, 3.776085103432609835e-01, 3.768843236842990829e-01
1.163929629617426326e-01, 1.287392903417553802e-01, 3.776998141776252704e-01, 3.771679325188767584e-01
1.162003060136147237e-01, 1.285580143861805580e-01, 3.777902718775280611e-01, 3.774514077226766573e-01
1.160082051864940039e-01, 1.283771633002191159e-01, 3.778798832362166848e-01, 3.777347482770702092e-01
1.158166609976943179e-01, 1.281967378082331244e-01, 3.779686480452467690e-01, 3.780179531488258027e-01
1.156256739725443905e-01, 1.280167386429194865e-01, 3.780565660944851247e-01, 3.783010212900511093e-01
1.154352446444196073e-01, 1.278371665453340300e-01, 3.781436371721130785e-01, 3.785839516381332426e-01
1.152453735547736835e-01, 1.276580222649156826e-01, 3.782298610646305237e-01, 3.788667431156800824e-01
1.150560612531702220e-01, 1.274793065595112018e-01, 3.783152375568582526e-01, 3.791493946304602680e-01
1.148673082973150350e-01, 1.273010201953994891e-01, 3.783997664319428411e-01, 3.794319050753425793e-01
1.146791152530879099e-01, 1.271231639473166253e-01, 3.784834474713592023e-01, 3.797142733282362070e-01
1.144914826945748476e-01, 1.269457385984808784e-01, 3.785662804549148608e-01, 3.799964982520293577e-01
1.143044112041005506e-01, 1.267687449406177391e-01, 3.786482651607535610e-01, 3.802785786945281910e-01
1.141179013722607855e-01, 1.265921837739854283e-01, 3.787294013653588198e-01, 3.805605134883949248e-01
1.139319537979549962e-01, 1.264160559074005152e-01, 3.788096888435580900e-01, 3.808423014510863291e-01
1.137465690884191249e-01, 1.262403621582635083e-01, 3.788891273685267569e-01, 3.811239413847906099e-01
1.135617478592583773e-01, 1.260651033525847786e-01, 3.789677167117917467e-01, 3.814054320763651251e-01
1.133774907344804045e-01, 1.258902803250108171e-01, 3.790454566432359118e-01, 3.816867722972728805e-01
1.131937983465282765e-01, 1.257158939188503799e-01, 3.791223469311019723e-01, 3.819679608035194129e-01
1.130106713363139836e-01, 1.255419449861011894e-01, 3.791983873419969009e-01, 3.822489963355879539e-01
1.128281103532517704e-01, 1.253684343874763296e-01, 3.792735776408959758e-01, 3.825298776183759242e-01
1.126461160552917340e-01, 1.251953629924312528e-01, 3.793479175911471102e-01, 3.828106033611298753e-01
1.124646891089536721e-01, 1.250227316791909793e-01, 3.794214069544755707e-01, 3.830911722573798195e-01
1.122838301893607643e-01, 1.248505413347771181e-01, 3.794940454909877525e-01, 3.833715829848742818e-01
1.121035399802737670e-01, 1.246787928550352476e-01, 3.795658329591766189e-01, 3.836518342055142416e-01
1.119238191741251248e-01, 1.245074871446629206e-01, 3.796367691159254765e-01, 3.839319245652864643e-01
1.117446684720532352e-01, 1.243366251172370873e-01, 3.797068537165129709e-01, 3.842118526941967205e-01
1.115660885839371147e-01, 1.241662076952422256e-01, 3.797760865146179166e-01, 3.844916172062027293e-01
1.113880802284306776e-01, 1.239962358100987205e-01, 3.798444672623239593e-01, 3.847712166991466565e-01
1.112106441329977352e-01, 1.238267104021908843e-01, 3.799119957101246836e-01, 3.850506497546867246e-01
1.110337810339469544e-01, 1.236576324208959604e-01, 3.799786716069278869e-01, 3.853299149382292677e-01
1.108574916764667045e-01, 1.234890028246126426e-01, 3.800444947000615192e-01, 3.856090107988591753e-01
1.106817768146602932e-01, 1.233208225807899960e-01, 3.801094647352782352e-01, 3.858879358692714479e-01
1.105066372115815626e-01, 1.231530926659569342e-01, 3.801735814567606120e-01, 3.861666886657009745e-01
1.103320736392700285e-01, 1.229858140657512228e-01, 3.802368446071265895e-01, 3.864452676878522008e-01
1.101580868787868789e-01, 1.228189877749491787e-01, 3.802992539274345773e-01, 3.867236714188294067e-01
1.099846777202505149e-01, 1.226526147974954656e-01, 3.803608091571891725e-01, 3.870018983250648748e-01
1.098118469628726057e-01, 1.224866961465330695e-01, 3.804215100343461553e-01, 3.872799468562481140e-01
1.096395954149941843e-01, 1.223212328444331642e-01, 3.804813562953187622e-01, 3.875578154452539725e-01
1.094679238941219795e-01, 1.221562259228256564e-01, 3.805403476749825153e-01, 3.878355025080698626e-01
1.092968332269646375e-01, 1.219916764226298966e-01, 3.805984839066815506e-01, 3.881130064437240401e-01
1.091263242494694002e-01, 1.218275853940847669e-01, 3.806557647222344465e-01, 3.883903256342113863e-01
1.089563978068587569e-01, 1.216639538967802248e-01, 3.807121898519399972e-01, 3.886674584444211322e-01
1.087870547536673588e-01, 1.215007829996881256e-01, 3.807677590245828192e-01, 3.889444032220616965e-01
1.086182959537789622e-01, 1.213380737811934479e-01, 3.808224719674402348e-01, 3.892211582975873552e-01
1.084501222804635512e-01, 1.211758273291259208e-01, 3.808763284062877674e-01, 3.894977219841227467e-01
1.082825346164146690e-01, 1.210140447407916375e-01, 3.809293280654059699e-01, 3.897740925773876541e-01
1.081155338537869576e-01, 1.208527271230048911e-01, 3.809814706675862528e-01, 3.900502683556218986e-01
1.079491208942335856e-01, 1.206918755921201764e-01, 3.810327559341378234e-01, 3.903262475795084563e-01
1.077832966489439964e-01, 1.205314912740646643e-01, 3.810831835848939586e-01, 3.906020284920975194e-01
1.076180620386820302e-01, 1.203715753043703152e-01, 3.811327533382184440e-01, 3.908776093187291134e-01
1.074534179938236578e-01, 1.202121288282068240e-01, 3.811814649110135123e-01, 3.911529882669559366e-01
1.072893654543953940e-01, 1.200531530004141784e-01, 3.812293180187251163e-01, 3.914281635264653114e-01
1.071259053701125313e-01, 1.198946489855357289e-01, 3.812763123753507566e-01, 3.917031332690009693e-01
1.069630387004175259e-01, 1.197366179578514545e-01, 3.813224476934467533e-01, 3.919778956482843357e-01
1.068007664145187580e-01, 1.195790611014112825e-01, 3.813677236841349072e-01, 3.922524487999350384e-01
1.066390894914292786e-01, 1.194219796100685210e-01, 3.814121400571102161e-01, 3.925267908413920259e-01
1.064780089200055707e-01, 1.192653746875139420e-01, 3.814556965206478689e-01, 3.928009198718325767e-01
1.063175256989867812e-01, 1.191092475473092688e-01, 3.814983927816112397e-01, 3.930748339720926410e-01
1.061576408370338287e-01, 1.189535994129216068e-01, 3.815402285454593811e-01, 3.933485312045851834e-01
1.059983553527685668e-01, 1.187984315177575967e-01, 3.815812035162546301e-01, 3.936220096132192481e-01
1.058396702748135160e-01, 1.186437451051979286e-01, 3.816213173966704342e-01, 3.938952672233181906e-01
1.056815866418313182e-01, 1.184895414286318976e-01, 3.816605698879997899e-01, 3.941683020415369665e-01
1.055241055025644553e-01, 1.183358217514923899e-01, 3.816989606901632359e-01, 3.944411120557799189e-01
1.053672279158751474e-01, 1.181825873472907434e-01, 3.817364895017166249e-01, 3.947136952351174011e-01
1.052109549507854180e-01, 1.180298394996519840e-01, 3.817731560198603935e-01, 3.949860495297022323e-01
1.050552876865170210e-01, 1.178775795023501161e-01, 3.818089599404472234e-01, 3.952581728706855424e-01
1.049002272125320184e-01, 1.177258086593438169e-01, 3.818439009579913113e-01, 3.955300631701328951e-01
1.047457746285728603e-01, 1.175745282848118245e-01, 3.818779787656770286e-01, 3.958017183209383005e-01
1.045919310447031292e-01, 1.174237397031892005e-01, 3.819111930553676926e-01, 3.960731361967400055e-01
1.044386975813480362e-01, 1.172734442492029266e-01, 3.819435435176149474e-01, 3.963443146518341176e-01
1.042860753693353182e-01, 1.171236432679083894e-01, 3.819750298416677570e-01, 3.966152515210886742e-01
1.041340655499359419e-01, 1.169743381147256844e-01, 3.820056517154818976e-01, 3.968859446198564345e-01
1.039826692749053622e-01, 1.168255301554760872e-01, 3.820354088257296721e-01, 3.971563917438888924e-01
1.038318877065243923e-01, 1.166772207664187738e-01, 3.820643008578092914e-01, 3.974265906692475703e-01
1.036817220176406151e-01, 1.165294113342875693e-01, 3.820923274958549221e-01, 3.976965391522168658e-01
1.035321733917097808e-01, 1.163821032563280428e-01, 3.821194884227465671e-01, 3.979662349292156787e-01
1.033832430228369681e-01, 1.162352979403346448e-01, 3.821457833201206133e-01, 3.982356757167077599e-01
1.032349321158185645e-01, 1.160889968046879689e-01, 3.821712118683798232e-01, 3.985048592111136156e-01
1.030872418861837059e-01, 1.159432012783920968e-01, 3.821957737467037708e-01, 3.987737830887203572e-01
1.029401735602360340e-01, 1.157979128011125819e-01, 3.822194686330600555e-01, 3.990424450055912176e-01
1.027937283750958303e-01, 1.156531328232135863e-01, 3.822422962042147376e-01, 3.993108425974759013e-01
1.026479075787416206e-01, 1.155088628057962113e-01, 3.822642561357432189e-01, 3.995789734797188242e-01
1.025027124300527115e-01, 1.153651042207365224e-01, 3.822853481020422328e-01, 3.998468352471684084e-01
1.023581441988509338e-01, 1.152218585507233661e-01, 3.823055717763405581e-01, 4.001144254740851003e-01
1.022142041659433453e-01, 1.150791272892969230e-01, 3.823249268307109539e-01, 4.003817417140487778e-01
1.020708936231640301e-01, 1.149369119408871764e-01, 3.823434129360818168e-01, 4.006487814998669350e-01
1.019282138734172311e-01, 1.147952140208521876e-01, 3.823610297622492826e-01, 4.009155423434812571e-01
1.017861662307192605e-01, 1.146540350555170368e-01, 3.823777769778896607e-01, 4.011820217358739726e-01
1.016447520202414245e-01, 1.145133765822125838e-01, 3.823936542505713687e-01, 4.014482171469745952e-01
1.015039725783526969e-01, 1.143732401493141454e-01, 3.824086612467677004e-01, 4.017141260255654434e-01
1.013638292526622825e-01, 1.142336273162807558e-01, 3.824227976318702038e-01, 4.019797457991867162e-01
1.012243234020626520e-01, 1.140945396536944129e-01, 3.824360630702010599e-01, 4.022450738740419585e-01
1.010854563967722858e-01, 1.139559787432988802e-01, 3.824484572250263503e-01, 4.025101076349024698e-01
1.009472296183787365e-01, 1.138179461780395862e-01, 3.824599797585703786e-01, 4.027748444450114373e-01
1.008096444598814007e-01, 1.136804435621026899e-01, 3.824706303320281053e-01, 4.030392816459877348e-01
1.006727023257349141e-01, 1.135434725109548265e-01, 3.824804086055805796e-01, 4.033034165577296104e-01
1.005364046318920901e-01, 1.134070346513826877e-01, 3.824893142384079292e-01, 4.035672464783172653e-01
1.004007528058468574e-01, 1.132711316215328501e-01, 3.824973468887044037e-01, 4.038307686839158750e-01
1.002657482866778221e-01, 1.131357650709513829e-01, 3.825045062136928631e-01, 4.040939804286779458e-01
1.001313925250913728e-01, 1.130009366606241350e-01, 3.825107918696397657e-01, 4.043568789446447820e-01
9.999768698346478413e-02, 1.128666480630163144e-01, 3.825162035118704340e-01, 4.046194614416484536e-01
9.986463313588975210e-02, 1.127329009621128447e-01, 3.825207407947844307e-01, 4.048817251072130419e-01
9.973223246821552590e-02, 1.125996970534583336e-01, 3.825244033718712133e-01, 4.051436671064548856e-01
9.960048647809238709e-02, 1.124670380441974427e-01, 3.825271908957263434e-01, 4.054052845819839379e-01
9.946939667501490667e-02, 1.123349256531148144e-01, 3.825291030180672514e-01, 4.056665746538029582e-01
9.933896458036538257e-02, 1.122033616106759835e-01, 3.825301393897505009e-01, 4.059275344192082580e-01
9.920919172745704118e-02, 1.120723476590669426e-01, 3.825302996607877759e-01, 4.061881609526883374e-01
9.908007966157766910e-02, 1.119418855522353179e-01, 3.825295834803638106e-01, 4.064484513058232995e-01
9.895162994003275925e-02, 1.118119770559303228e-01, 3.825279904968530986e-01, 4.067084025071838194e-01
9.882384413218898989e-02, 1.116826239477434340e-01, 3.825255203578380447e-01, 4.069680115622296146e-01
9.869672381951745399e-02, 1.115538280171489705e-01, 3.825221727101265623e-01, 4.072272754532069716e-01
9.857027059563708282e-02, 1.114255910655444493e-01, 3.825179471997709468e-01, 4.074861911390476044e-01
9.844448606635776422e-02, 1.112979149062913453e-01, 3.825128434720856951e-01, 4.077447555552651259e-01
9.831937184972394661e-02, 1.111708013647556142e-01, 3.825068611716672673e-01, 4.080029656138531302e-01
9.819492957605731320e-02, 1.110442522783482849e-01, 3.824999999424127939e-01, 4.082608182031816080e-01
9.807116088800046927e-02, 1.109182694965658716e-01, 3.824922594275398380e-01, 4.085183101878938072e-01
9.794806744055979675e-02, 1.107928548810313829e-01, 3.824836392696062126e-01, 4.087754384088025383e-01
9.782565090114851702e-02, 1.106680103055344144e-01, 3.824741391105305754e-01, 4.090321996827863682e-01
9.770391294962976758e-02, 1.105437376560721580e-01, 3.824637585916126903e-01, 4.092885908026853148e-01
9.758285527835949824e-02, 1.104200388308896330e-01, 3.824524973535544103e-01, 4.095446085371964307e-01
9.746247959222922863e-02, 1.102969157405203904e-01, 3.824403550364809945e-01, 4.098002496307692755e-01
9.734278760870901381e-02, 1.101743703078268827e-01, 3.824273312799632563e-01, 4.100555108035008334e-01
9.722378105788995195e-02, 1.100524044680409735e-01, 3.824134257230387690e-01, 4.103103887510303194e-01
9.710546168252667809e-02, 1.099310201688043359e-01, 3.823986380042350142e-01, 4.105648801444339857e-01
9.698783123808019102e-02, 1.098102193702087531e-01, 3.823829677615916967e-01, 4.108189816301192621e-01
9.687089149275976419e-02, 1.096900040448365032e-01, 3.823664146326845037e-01, 4.110726898297191734e-01
9.675464422756545335e-02, 1.095703761778004937e-01, 3.823489782546479754e-01, 4.113260013399861470e-01
9.663909123633018794e-02, 1.094513377667842291e-01, 3.823306582641998741e-01, 4.115789127326855978e-01
9.652423432576165419e-02, 1.093328908220822793e-01, 3.823114542976658869e-01, 4.118314205544901796e-01
9.641007531548409504e-02, 1.092150373666398583e-01, 3.822913659910036066e-01, 4.120835213268724817e-01
9.629661603808013781e-02, 1.090977794360928621e-01, 3.822703929798285105e-01, 4.123352115459985590e-01
9.618385833913212224e-02, 1.089811190788076423e-01, 3.822485348994393295e-01, 4.125864876826209060e-01
9.607180407726359506e-02, 1.088650583559205298e-01, 3.822257913848439714e-01, 4.128373461819719870e-01
9.596045512418041601e-02, 1.087495993413774009e-01, 3.822021620707862777e-01, 4.130877834636559331e-01
9.584981336471168345e-02, 1.086347441219732979e-01, 3.821776465917728904e-01, 4.133377959215421837e-01
9.573988069685057667e-02, 1.085204947973911482e-01, 3.821522445821005642e-01, 4.135873799236576831e-01
9.563065903179503169e-02, 1.084068534802414135e-01, 3.821259556758843101e-01, 4.138365318120793557e-01
9.552215029398782031e-02, 1.082938222961006280e-01, 3.820987795070853732e-01, 4.140852479028260813e-01
9.541435642115704552e-02, 1.081814033835505201e-01, 3.820707157095404871e-01, 4.143335244857520583e-01
9.530727936435583192e-02, 1.080695988942162178e-01, 3.820417639169904622e-01, 4.145813578244374464e-01
9.520092108800198849e-02, 1.079584109928050234e-01, 3.820119237631110498e-01, 4.148287441560820077e-01
9.509528356991753251e-02, 1.078478418571443831e-01, 3.819811948815420299e-01, 4.150756796913960267e-01
9.499036880136782490e-02, 1.077378936782200231e-01, 3.819495769059186863e-01, 4.153221606144934519e-01
9.488617878710033093e-02, 1.076285686602137942e-01, 3.819170694699032809e-01, 4.155681830827826495e-01
9.478271554538335308e-02, 1.075198690205409757e-01, 3.818836722072160850e-01, 4.158137432268596556e-01
9.467998110804430600e-02, 1.074117969898878838e-01, 3.818493847516682971e-01, 4.160588371503994298e-01
9.457797752050767226e-02, 1.073043548122490781e-01, 3.818142067371950166e-01, 4.163034609300482747e-01
9.447670684183269441e-02, 1.071975447449636659e-01, 3.817781377978879398e-01, 4.165476106153157554e-01
9.437617114475078950e-02, 1.070913690587525363e-01, 3.817411775680302211e-01, 4.167912822284665086e-01
9.427637251570245014e-02, 1.069858300377541371e-01, 3.817033256821301124e-01, 4.170344717644132171e-01
9.417731305487417326e-02, 1.068809299795607654e-01, 3.816645817749567682e-01, 4.172771751906083071e-01
9.407899487623432033e-02, 1.067766711952541636e-01, 3.816249454815754949e-01, 4.175193884469359240e-01
9.398142010756951881e-02, 1.066730560094410890e-01, 3.815844164373838887e-01, 4.177611074456056284e-01
9.388459089051995332e-02, 1.065700867602879659e-01, 3.815429942781490280e-01, 4.180023280710431499e-01
9.378850938061455977e-02, 1.064677657995563159e-01, 3.815006786400444994e-01, 4.182430461797847498e-01
9.369317774730576143e-02, 1.063660954926363839e-01, 3.814574691596885336e-01, 4.184832576003694737e-01
9.359859817400389970e-02, 1.062650782185816795e-01, 3.814133654741829194e-01, 4.187229581332315709e-01
9.350477285811091555e-02, 1.061647163701427005e-01, 3.813683672211519160e-01, 4.189621435505945790e-01
9.341170401105397536e-02, 1.060650123537997397e-01, 3.813224740387820000e-01, 4.192008095963642433e-01
9.331939385831834743e-02, 1.059659685897962472e-01, 3.812756855658629984e-01, 4.194389519860223792e-01
9.322784463947984823e-02, 1.058675875121711102e-01, 3.812280014418288343e-01, 4.196765664065202350e-01
9.313705860823698335e-02, 1.057698715687906271e-01, 3.811794213067989379e-01, 4.199136485161734655e-01
9.304703803244232518e-02, 1.056728232213803159e-01, 3.811299448016217672e-01, 4.201501939445554390e-01
9.295778519413364083e-02, 1.055764449455560416e-01, 3.810795715679172191e-01, 4.203861982923929874e-01
9.286930238956413175e-02, 1.054807392308545338e-01, 3.810283012481205933e-01, 4.206216571314607688e-01
9.278159192923254861e-02, 1.053857085807638899e-01, 3.809761334855272241e-01, 4.208565660044763512e-01
9.269465613791234848e-02, 1.052913555127532180e-01, 3.809230679243378326e-01, 4.210909204249965176e-01
9.260849735468071331e-02, 1.051976825583016972e-01, 3.808691042097042678e-01, 4.213247158773132939e-01
9.252311793294644426e-02, 1.051046922629275127e-01, 3.808142419877764695e-01, 4.215579478163494764e-01
9.243852024047768956e-02, 1.050123871862161246e-01, 3.807584809057495967e-01, 4.217906116675566586e-01
9.235470665942882573e-02, 1.049207699018473994e-01, 3.807018206119122117e-01, 4.220227028268115355e-01
9.227167958636690870e-02, 1.048298429976232682e-01, 3.806442607556954072e-01, 4.222542166603143188e-01
9.218944143229700072e-02, 1.047396090754938863e-01, 3.805858009877222670e-01, 4.224851485044867072e-01
9.210799462268758064e-02, 1.046500707515834322e-01, 3.805264409598584918e-01, 4.227154936658704676e-01
9.202734159749438592e-02, 1.045612306562156840e-01, 3.804661803252632479e-01, 4.229452474210267932e-01
9.194748481118433792e-02, 1.044730914339383615e-01, 3.804050187384413473e-01, 4.231744050164358839e-01
9.186842673275825988e-02, 1.043856557435473287e-01, 3.803429558552963163e-01, 4.234029616683981923e-01
9.179016984577297034e-02, 1.042989262581097420e-01, 3.802799913331835757e-01, 4.236309125629337258e-01
9.171271664836269655e-02, 1.042129056649868518e-01, 3.802161248309653963e-01, 4.238582528556851803e-01
9.163606965325962750e-02, 1.041275966658558316e-01, 3.801513560090652999e-01, 4.240849776718193520e-01
9.156023138781375914e-02, 1.040430019767311504e-01, 3.800856845295249586e-01, 4.243110821059301596e-01
9.148520439401179594e-02, 1.039591243279849309e-01, 3.800191100560609270e-01, 4.245365612219424989e-01
9.141099122849535852e-02, 1.038759664643666980e-01, 3.799516322541218738e-01, 4.247614100530159864e-01
9.133759446257821990e-02, 1.037935311450226272e-01, 3.798832507909484235e-01, 4.249856236014506461e-01
9.126501668226277841e-02, 1.037118211435132942e-01, 3.798139653356316647e-01, 4.252091968385922072e-01
9.119326048825569797e-02, 1.036308392478314522e-01, 3.797437755591737685e-01, 4.254321247047391785e-01
9.112232849598221607e-02, 1.035505882604184080e-01, 3.796726811345497721e-01, 4.256544021090496455e-01
9.105222333560020198e-02, 1.034710709981797316e-01, 3.796006817367695296e-01, 4.258760239294505090e-01
9.098294765201274392e-02, 1.033922902925002302e-01, 3.795277770429407727e-01, 4.260969850125462810e-01
9.091450410487993128e-02, 1.033142489892577842e-01, 3.794539667323336696e-01, 4.263172801735286011e-01
9.084689536862958215e-02, 1.032369499488364623e-01, 3.793792504864454407e-01, 4.265369041960884178e-01
9.078012413246731860e-02, 1.031603960461387332e-01, 3.793036279890665274e-01, 4.267558518323274486e-01
9.071419310038483785e-02, 1.030845901705964573e-01, 3.792270989263475944e-01, 4.269741178026710826e-01
9.064910499116811404e-02, 1.030095352261813646e-01, 3.791496629868675861e-01, 4.271916967957828937e-01
9.058486253840358771e-02, 1.029352341314141717e-01, 3.790713198617023938e-01, 4.274085834684797081e-01
9.052146849048396671e-02, 1.028616898193727980e-01, 3.789920692444952999e-01, 4.276247724456478938e-01
9.045892561061252835e-02, 1.027889052376995682e-01, 3.789119108315274209e-01, 4.278402583201605935e-01
9.039723667680635288e-02, 1.027168833486073740e-01, 3.788308443217897614e-01, 4.280550356527965672e-01
9.033640448189841909e-02, 1.026456271288848920e-01, 3.787488694170565440e-01, 4.282690989721600339e-01
9.027643183353861733e-02, 1.025751395699002477e-01, 3.786659858219594277e-01, 4.284824427746017905e-01
9.021732155419318056e-02, 1.025054236776041933e-01, 3.785821932440616711e-01, 4.286950615241410523e-01
9.015907648114340756e-02, 1.024364824725316342e-01, 3.784974913939354035e-01, 4.289069496523895686e-01
9.010169946648274863e-02, 1.023683189898021706e-01, 3.784118799852383419e-01, 4.291181015584768499e-01
9.004519337711261451e-02, 1.023009362791196808e-01, 3.783253587347922831e-01, 4.293285116089753939e-01
8.998956109473703335e-02, 1.022343374047701009e-01, 3.782379273626626515e-01, 4.295381741378301865e-01
8.993480551585604499e-02, 1.021685254456186354e-01, 3.781495855922388238e-01, 4.297470834462864819e-01
8.988092955175731869e-02, 1.021035034951053161e-01, 3.780603331503161191e-01, 4.299552338028213017e-01
8.982793612850688281e-02, 1.020392746612392015e-01, 3.779701697671784544e-01, 4.301626194430756001e-01
8.977582818693814748e-02, 1.019758420665916737e-01, 3.778790951766822226e-01, 4.303692345697879285e-01
8.972460868263947009e-02, 1.019132088482879589e-01, 3.777871091163423345e-01, 4.305750733527302643e-01
8.967428058594054119e-02, 1.018513781579975380e-01, 3.776942113274170953e-01, 4.307801299286447838e-01
8.962484688189685522e-02, 1.017903531619230167e-01, 3.776004015549968007e-01, 4.309843984011832996e-01
8.957631057027316823e-02, 1.017301370407878019e-01, 3.775056795480922212e-01, 4.311878728408468642e-01
8.952867466552465181e-02, 1.016707329898220435e-01, 3.774100450597243084e-01, 4.313905472849289269e-01
8.948194219677758909e-02, 1.016121442187472995e-01, 3.773134978470156220e-01, 4.315924157374594894e-01
8.943611620780729521e-02, 1.015543739517597854e-01, 3.772160376712824781e-01, 4.317934721691504829e-01
8.939119975701513565e-02, 1.014974254275116117e-01, 3.771176642981285965e-01, 4.319937105173445868e-01
8.934719591740383771e-02, 1.014413018990912990e-01, 3.770183774975401914e-01, 4.321931246859647135e-01
8.930410777655069243e-02, 1.013860066340018795e-01, 3.769181770439820056e-01, 4.323917085454654918e-01
8.926193843657931337e-02, 1.013315429141379287e-01, 3.768170627164945108e-01, 4.325894559327881916e-01
8.922069101413000747e-02, 1.012779140357606272e-01, 3.767150342987932721e-01, 4.327863606513162043e-01
8.918036864032759248e-02, 1.012251233094715319e-01, 3.766120915793680357e-01, 4.329824164708329093e-01
8.914097446074792375e-02, 1.011731740601841262e-01, 3.765082343515849805e-01, 4.331776171274829834e-01
8.910251163538271402e-02, 1.011220696270942465e-01, 3.764034624137889695e-01, 4.333719563237340422e-01
8.906498333860192462e-02, 1.010718133636482330e-01, 3.762977755694076887e-01, 4.335654277283421676e-01
8.902839275911465788e-02, 1.010224086375095254e-01, 3.761911736270565076e-01, 4.337580249763193230e-01
8.899274309992821763e-02, 1.009738588305235801e-01, 3.760836564006465044e-01, 4.339497416689017673e-01
8.895803757830482439e-02, 1.009261673386806363e-01, 3.759752237094910465e-01, 4.341405713735235761e-01
8.892427942571659583e-02, 1.008793375720767049e-01, 3.758658753784162032e-01, 4.343305076237905515e-01
8.889147188779843167e-02, 1.008333729548728519e-01, 3.757556112378718227e-01, 4.345195439194569631e-01
8.885961822429892798e-02, 1.007882769252522182e-01, 3.756444311240430545e-01, 4.347076737264057855e-01
8.882872170902900155e-02, 1.007440529353753750e-01, 3.755323348789648130e-01, 4.348948904766308243e-01
8.879878562980843271e-02, 1.007007044513333893e-01, 3.754193223506366306e-01, 4.350811875682215057e-01
8.876981328841061780e-02, 1.006582349530989462e-01, 3.753053933931393971e-01, 4.352665583653510528e-01
8.874180800050446294e-02, 1.006166479344755282e-01, 3.751905478667533766e-01, 4.354509961982666044e-01
8.871477309559461233e-02, 1.005759469030444442e-01, 3.750747856380780010e-01, 4.356344943632829980e-01
8.868871191695919254e-02, 1.005361353801093732e-01, 3.749581065801527169e-01, 4.358170461227787174e-01
8.866362782158515587e-02, 1.004972169006394384e-01, 3.748405105725795550e-01, 4.359986447051958924e-01
8.863952418010151435e-02, 1.004591950132092543e-01, 3.747219975016471416e-01, 4.361792833050420759e-01
8.861640437671015891e-02, 1.004220732799372545e-01, 3.746025672604567647e-01, 4.363589550828957941e-01
8.859427180911401412e-02, 1.003858552764217843e-01, 3.744822197490487170e-01, 4.365376531654154291e-01
8.857312988844319446e-02, 1.003505445916745148e-01, 3.743609548745316928e-01, 4.367153706453507089e-01
8.855298203917805200e-02, 1.003161448280517620e-01, 3.742387725512121288e-01, 4.368921005815580294e-01
8.853383169907061423e-02, 1.002826596011831967e-01, 3.741156727007273197e-01, 4.370678359990188278e-01
8.851568231906252471e-02, 1.002500925398986942e-01, 3.739916552521772575e-01, 4.372425698888615098e-01
8.849853736320111020e-02, 1.002184472861518960e-01, 3.738667201422606889e-01, 4.374162952083863742e-01
8.848240030855225591e-02, 1.001877274949418556e-01, 3.737408673154111738e-01, 4.375890048810947008e-01
8.846727464511119909e-02, 1.001579368342321585e-01, 3.736140967239352517e-01, 4.377606917967212796e-01
8.845316387571007521e-02, 1.001290789848671703e-01, 3.734864083281525526e-01, 4.379313488112701602e-01
8.844007151592304938e-02, 1.001011576404855635e-01, 3.733578020965369615e-01, 4.381009687470543978e-01
8.842800109396871389e-02, 1.000741765074320833e-01, 3.732282780058592264e-01, 4.382695443927400181e-01
8.841695615060927993e-02, 1.000481393046653983e-01, 3.730978360413327310e-01, 4.384370685033925907e-01
8.840694023904743792e-02, 1.000230497636641486e-01, 3.729664761967586561e-01, 4.386035338005296880e-01
8.839795692482001199e-02, 9.999891162832988400e-02, 3.728341984746753601e-01, 4.387689329721747300e-01
8.839000978568838096e-02, 9.997572865488728311e-02, 3.727010028865066493e-01, 4.389332586729177144e-01
8.838310241152680380e-02, 9.995350461178113821e-02, 3.725668894527145447e-01, 4.390965035239774994e-01
