2.995421089435623685e-01, 8.826028264924148936e-02, 2.998058145295234844e-01, 3.123917938776727410e-01
2.997205193405944046e-01, 8.842110836767545778e-02, 2.992754540362164151e-01, 3.125829182555136532e-01
2.998986805396670619e-01, 8.858261615590819205e-02, 2.987450055990912290e-01, 3.127736977053335310e-01
3.000765912929875823e-01, 8.874480443404932084e-02, 2.982144737696245107e-01, 3.129641305033387666e-01
3.002542503576113853e-01, 8.890767162440361970e-02, 2.976838630877259306e-01, 3.131542149302590783e-01
3.004316564954256363e-01, 8.907121615142928051e-02, 2.971531780818039148e-01, 3.133439492713410712e-01
3.006088084731326493e-01, 8.923543644169663891e-02, 2.966224232688295936e-01, 3.135333318163411875e-01
3.007857050622322892e-01, 8.940033092384730429e-02, 2.960916031544017502e-01, 3.137223608595187119e-01
3.009623450390065402e-01, 8.956589802855341453e-02, 2.955607222328099914e-01, 3.139110346996299983e-01
3.011387271845024638e-01, 8.973213618847726558e-02, 2.950297849870986977e-01, 3.140993516399215868e-01
3.013148502845156562e-01, 8.989904383823124623e-02, 2.944987958891291946e-01, 3.142873099881238197e-01
3.014907131295740950e-01, 9.006661941433799501e-02, 2.939677593996424809e-01, 3.144749080564454013e-01
3.016663145149218739e-01, 9.023486135519100115e-02, 2.934366799683205684e-01, 3.146621441615666259e-01
3.018416532405028274e-01, 9.040376810101535821e-02, 2.929055620338481547e-01, 3.148490166246337707e-01
3.020167281109442659e-01, 9.057333809382898948e-02, 2.923744100239732413e-01, 3.150355237712534895e-01
3.021915379355413211e-01, 9.074356977740401231e-02, 2.918432283555677520e-01, 3.152216639314868729e-01
3.023660815282403491e-01, 9.091446159722858800e-02, 2.913120214346870407e-01, 3.154074354398441749e-01
3.025403577076230532e-01, 9.108601200046881341e-02, 2.907807936566291773e-01, 3.155928366352789283e-01
3.027143652968909970e-01, 9.125821943593140362e-02, 2.902495494059943448e-01, 3.157778658611832823e-01
3.028881031238490618e-01, 9.143108235402627737e-02, 2.897182930567427372e-01, 3.159625214653818959e-01
3.030615700208899588e-01, 9.160459920672953116e-02, 2.891870289722529574e-01, 3.161468018001274971e-01
3.032347648249784644e-01, 9.177876844754689900e-02, 2.886557615053788606e-01, 3.163307052220957760e-01
3.034076863776353217e-01, 9.195358853147753142e-02, 2.881244949985072301e-01, 3.165142300923799445e-01
3.035803335249219193e-01, 9.212905791497791319e-02, 2.875932337836138997e-01, 3.166973747764862956e-01
3.037527051174245263e-01, 9.230517505592625294e-02, 2.870619821823199858e-01, 3.168801376443294293e-01
3.039248000102382496e-01, 9.248193841358728906e-02, 2.865307445059471214e-01, 3.170625170702273121e-01
3.040966170629522125e-01, 9.265934644857719282e-02, 2.859995250555733559e-01, 3.172445114328972249e-01
3.042681551396331785e-01, 9.283739762282917918e-02, 2.854683281220872781e-01, 3.174261191154504336e-01
3.044394131088104527e-01, 9.301609039955893721e-02, 2.849371579862421400e-01, 3.176073385053885256e-01
3.046103898434602275e-01, 9.319542324323094873e-02, 2.844060189187103127e-01, 3.177881679945985249e-01
3.047810842209903726e-01, 9.337539461952487629e-02, 2.838749151801357451e-01, 3.179686059793490616e-01
3.049514951232243365e-01, 9.355600299530221486e-02, 2.833438510211878092e-01, 3.181486508602855423e-01
3.051216214363864365e-01, 9.373724683857362350e-02, 2.828128306826130367e-01, 3.183283010424267645e-01
3.052914620510859822e-01, 9.391912461846621540e-02, 2.822818583952874105e-01, 3.185075549351604196e-01
3.054610158623020100e-01, 9.410163480519148638e-02, 2.817509383802679346e-01, 3.186864109522387634e-01
3.056302817693676288e-01, 9.428477587001336813e-02, 2.812200748488437596e-01, 3.188648675117751741e-01
3.057992586759553100e-01, 9.446854628521711428e-02, 2.806892720025870869e-01, 3.190429230362405444e-01
3.059679454900606776e-01, 9.465294452407793657e-02, 2.801585340334032392e-01, 3.192205759524581188e-01
3.061363411239877430e-01, 9.483796906083019618e-02, 2.796278651235806767e-01, 3.193978246916013286e-01
3.063044444943333611e-01, 9.502361837063741379e-02, 2.790972694458402903e-01, 3.195746676891889626e-01
3.064722545219716876e-01, 9.520989092956186339e-02, 2.785667511633847515e-01, 3.197511033850817808e-01
3.066397701320390801e-01, 9.539678521453520688e-02, 2.780363144299469735e-01, 3.199271302234789061e-01
3.068069902539185545e-01, 9.558429970332919801e-02, 2.775059633898381284e-01, 3.201027466529141052e-01
3.069739138212247420e-01, 9.577243287452674725e-02, 2.769757021779958861e-01, 3.202779511262526801e-01
3.071405397717879571e-01, 9.596118320749338904e-02, 2.764455349200315992e-01, 3.204527421006870269e-01
3.073068670476393760e-01, 9.615054918234923476e-02, 2.759154657322774873e-01, 3.206271180377339713e-01
3.074728945949952164e-01, 9.634052927994112003e-02, 2.753854987218327666e-01, 3.208010774032308277e-01
3.076386213642416378e-01, 9.653112198181526549e-02, 2.748556379866108346e-01, 3.209746186673321788e-01
3.078040463099191437e-01, 9.672232577019029831e-02, 2.743258876153842341e-01, 3.211477403045064349e-01
3.079691683907071487e-01, 9.691413912793044039e-02, 2.737962516878303942e-01, 3.213204407935319473e-01
3.081339865694086022e-01, 9.710656053851959846e-02, 2.732667342745769834e-01, 3.214927186174947327e-01
3.082984998129343901e-01, 9.729958848603523225e-02, 2.727373394372464843e-01, 3.216645722637838656e-01
3.084627070922879022e-01, 9.749322145512294424e-02, 2.722080712285004367e-01, 3.218360002240886475e-01
3.086266073825494893e-01, 9.768745793097141639e-02, 2.716789336920833464e-01, 3.220070009943957756e-01
3.087901996628606982e-01, 9.788229639928769377e-02, 2.711499308628665394e-01, 3.221775730749850131e-01
3.089534829164090057e-01, 9.807773534627289846e-02, 2.706210667668915160e-01, 3.223477149704265243e-01
3.091164561304118874e-01, 9.827377325859822099e-02, 2.700923454214124164e-01, 3.225174251895774891e-01
3.092791182961012741e-01, 9.847040862338145295e-02, 2.695637708349388761e-01, 3.226867022455783274e-01
3.094414684087075651e-01, 9.866763992816383888e-02, 2.690353470072783804e-01, 3.228555446558501463e-01
3.096035054674445841e-01, 9.886546566088733057e-02, 2.685070779295776200e-01, 3.230239509420905208e-01
3.097652284754928154e-01, 9.906388430987214666e-02, 2.679789675843643471e-01, 3.231919196302706077e-01
3.099266364399840823e-01, 9.926289436379497066e-02, 2.674510199455889525e-01, 3.233594492506320361e-01
3.100877283719856714e-01, 9.946249431166719057e-02, 2.669232389786642123e-01, 3.235265383376829118e-01
3.102485032864841785e-01, 9.966268264281395728e-02, 2.663956286405071983e-01, 3.236931854301947076e-01
3.104089602023695771e-01, 9.986345784685315974e-02, 2.658681928795783578e-01, 3.238593890711989332e-01
3.105690981424190089e-01, 1.000648184136753160e-01, 2.653409356359219817e-01, 3.240251478079837488e-01
3.107289161332809080e-01, 1.002667628334233951e-01, 2.648138608412055617e-01, 3.241904601920900797e-01
3.108884132054587357e-01, 1.004692895964733601e-01, 2.642869724187593694e-01, 3.243553247793085070e-01
3.110475883932944940e-01, 1.006723971934150724e-01, 2.637602742836149816e-01, 3.245197401296755491e-01
3.112064407349523498e-01, 1.008760841150331961e-01, 2.632337703425440822e-01, 3.246837048074703858e-01
3.113649692724029250e-01, 1.010803488522893506e-01, 2.627074644940970427e-01, 3.248472173812106956e-01
3.115231730514060882e-01, 1.012851898963037650e-01, 2.621813606286408360e-01, 3.250102764236494357e-01
3.116810511214944679e-01, 1.014906057383378468e-01, 2.616554626283966734e-01, 3.251728805117710119e-01
3.118386025359572433e-01, 1.016965948697770572e-01, 2.611297743674778626e-01, 3.253350282267877258e-01
3.119958263518233244e-01, 1.019031557821142714e-01, 2.606042997119267235e-01, 3.254967181541356669e-01
3.121527216298441432e-01, 1.021102869669332086e-01, 2.600790425197516131e-01, 3.256579488834711045e-01
3.123092874344773340e-01, 1.023179869158928196e-01, 2.595540066409636193e-01, 3.258187190086662688e-01
3.124655228338695245e-01, 1.025262541207114658e-01, 2.590291959176131420e-01, 3.259790271278059093e-01
3.126214268998392387e-01, 1.027350870731521260e-01, 2.585046141838256428e-01, 3.261388718431828537e-01
3.127769987078601321e-01, 1.029444842650074771e-01, 2.579802652658380602e-01, 3.262982517612944000e-01
3.129322373370431176e-01, 1.031544441880858365e-01, 2.574561529820340033e-01, 3.264571654928371536e-01
3.130871418701194342e-01, 1.033649653341970204e-01, 2.569322811429793907e-01, 3.266156116527040854e-01
3.132417113934236053e-01, 1.035760461951391875e-01, 2.564086535514575882e-01, 3.267735888599795913e-01
3.133959449968752309e-01, 1.037876852626855861e-01, 2.558852740025042150e-01, 3.269310957379349403e-01
3.135498417739615018e-01, 1.039998810285721054e-01, 2.553621462834422262e-01, 3.270881309140242221e-01
3.137034008217199355e-01, 1.042126319844849658e-01, 2.548392741739156087e-01, 3.272446930198795179e-01
3.138566212407200573e-01, 1.044259366220488400e-01, 2.543166614459243524e-01, 3.274007806913066809e-01
3.140095021350457483e-01, 1.046397934328157087e-01, 2.537943118638582018e-01, 3.275563925682802857e-01
3.141620426122768150e-01, 1.048542009082537169e-01, 2.532722291845304619e-01, 3.277115272949390201e-01
3.143142417834712821e-01, 1.050691575397366684e-01, 2.527504171572114711e-01, 3.278661835195805785e-01
3.144660987631467952e-01, 1.052846618185339783e-01, 2.522288795236622971e-01, 3.280203598946568877e-01
3.146176126692621922e-01, 1.055007122358008059e-01, 2.517076200181677104e-01, 3.281740550767692777e-01
3.147687826231992392e-01, 1.057173072825689092e-01, 2.511866423675691018e-01, 3.283272677266627082e-01
3.149196077497437019e-01, 1.059344454497377214e-01, 2.506659502912976234e-01, 3.284799965092209395e-01
3.150700871770665823e-01, 1.061521252280658301e-01, 2.501455475014066065e-01, 3.286322400934609256e-01
3.152202200367054119e-01, 1.063703451081629558e-01, 2.496254377026040361e-01, 3.287839971525275407e-01
3.153700054635450445e-01, 1.065891035804824444e-01, 2.491056245922846635e-01, 3.289352663636879170e-01
3.155194425957982274e-01, 1.068083991353139667e-01, 2.485861118605624531e-01, 3.290860464083253389e-01
3.156685305749869497e-01, 1.070282302627766913e-01, 2.480669031903024180e-01, 3.292363359719339133e-01
3.158172685459223472e-01, 1.072485954528129698e-01, 2.475480022571521499e-01, 3.293861337441126302e-01
3.159656556566853847e-01, 1.074694931951823695e-01, 2.470294127295736275e-01, 3.295354384185585905e-01
3.161136910586070936e-01, 1.076909219794562750e-01, 2.465111382688750519e-01, 3.296842486930615101e-01
3.162613739062486995e-01, 1.079128802950125865e-01, 2.459931825292414609e-01, 3.298325632694972809e-01
3.164087033573814156e-01, 1.081353666310310990e-01, 2.454755491577664539e-01, 3.299803808538210870e-01
3.165556785729665146e-01, 1.083583794764892416e-01, 2.449582417944830837e-01, 3.301277001560611324e-01
3.167022987171349002e-01, 1.085819173201583165e-01, 2.444412640723948593e-01, 3.302745198903119794e-01
3.168485629571664020e-01, 1.088059786505999049e-01, 2.439246196175064163e-01, 3.304208387747272213e-01
3.169944704634696242e-01, 1.090305619561629663e-01, 2.434083120488544361e-01, 3.305666555315130428e-01
3.171400204095604081e-01, 1.092556657249812019e-01, 2.428923449785378441e-01, 3.307119688869205598e-01
3.172852119720415143e-01, 1.094812884449709867e-01, 2.423767220117487853e-01, 3.308567775712387138e-01
3.174300443305813069e-01, 1.097074286038293711e-01, 2.418614467468025719e-01, 3.310010803187867223e-01
3.175745166678921594e-01, 1.099340846890331097e-01, 2.413465227751681319e-01, 3.311448758679065851e-01
3.177186281697093051e-01, 1.101612551878373841e-01, 2.408319536814981232e-01, 3.312881629609552014e-01
3.178623780247691322e-01, 1.103889385872755813e-01, 2.403177430436589934e-01, 3.314309403442962099e-01
3.180057654247872567e-01, 1.106171333741591267e-01, 2.398038944327610944e-01, 3.315732067682924944e-01
3.181487895644367070e-01, 1.108458380350777622e-01, 2.392904114131885474e-01, 3.317149609872970251e-01
3.182914496413253858e-01, 1.110750510564003646e-01, 2.387772975426289135e-01, 3.318562017596453084e-01
3.184337448559743100e-01, 1.113047709242762640e-01, 2.382645563721032811e-01, 3.319969278476461172e-01
3.185756744117944628e-01, 1.115349961246365901e-01, 2.377521914459958807e-01, 3.321371380175730526e-01
3.187172375150644776e-01, 1.117657251431964927e-01, 2.372402063020835616e-01, 3.322768310396554958e-01
3.188584333749074906e-01, 1.119969564654575145e-01, 2.367286044715656290e-01, 3.324160056880693381e-01
3.189992612032684360e-01, 1.122286885767104919e-01, 2.362173894790932094e-01, 3.325546607409279320e-01
3.191397202148899548e-01, 1.124609199620386496e-01, 2.357065648427990878e-01, 3.326927949802722106e-01
3.192798096272900232e-01, 1.126936491063216389e-01, 2.351961340743267959e-01, 3.328304071920615281e-01
3.194195286607372508e-01, 1.129268744942393404e-01, 2.346861006788603099e-01, 3.329674961661631127e-01
3.195588765382276764e-01, 1.131605946102764298e-01, 2.341764681551534721e-01, 3.331040606963425743e-01
3.196978524854601766e-01, 1.133948079387275265e-01, 2.336672399955591617e-01, 3.332400995802531352e-01
3.198364557308127631e-01, 1.136295129637023421e-01, 2.331584196860591873e-01, 3.333756116194256935e-01
3.199746855053176575e-01, 1.138647081691315927e-01, 2.326500107062930145e-01, 3.335105956192577770e-01
3.201125410426365892e-01, 1.141003920387730630e-01, 2.321420165295877136e-01, 3.336450503890026065e-01
3.202500215790363702e-01, 1.143365630562182544e-01, 2.316344406229869368e-01, 3.337789747417584940e-01
3.203871263533630276e-01, 1.145732197048995871e-01, 2.311272864472805610e-01, 3.339123674944568521e-01
3.205238546070172112e-01, 1.148103604680975193e-01, 2.306205574570339423e-01, 3.340452274678513689e-01
3.206602055839281040e-01, 1.150479838289485829e-01, 2.301142571006173643e-01, 3.341775534865060737e-01
3.207961785305279423e-01, 1.152860882704536405e-01, 2.296083888202353207e-01, 3.343093443787831243e-01
3.209317726957260364e-01, 1.155246722754866145e-01, 2.291029560519564079e-01, 3.344405989768308718e-01
3.210669873308825140e-01, 1.157637343268033275e-01, 2.285979622257422184e-01, 3.345713161165718708e-01
3.212018216897817302e-01, 1.160032729070512719e-01, 2.280934107654773446e-01, 3.347014946376896671e-01
3.213362750286057890e-01, 1.162432864987793940e-01, 2.275893050889986891e-01, 3.348311333836161419e-01
3.214703466059076753e-01, 1.164837735844484051e-01, 2.270856486081251624e-01, 3.349602312015187433e-01
3.216040356825839441e-01, 1.167247326464415369e-01, 2.265824447286873822e-01, 3.350887869422871645e-01
3.217373415218477417e-01, 1.169661621670756435e-01, 2.260796968505572324e-01, 3.352167994605194101e-01
3.218702633892006060e-01, 1.172080606286127619e-01, 2.255774083676780062e-01, 3.353442676145085843e-01
3.220028005524054326e-01, 1.174504265132721714e-01, 2.250755826680937710e-01, 3.354711902662284584e-01
3.221349522814577204e-01, 1.176932583032425511e-01, 2.245742231339799000e-01, 3.355975662813198701e-01
3.222667178485574269e-01, 1.179365544806947885e-01, 2.240733331416723817e-01, 3.357233945290753474e-01
3.223980965280808797e-01, 1.181803135277954414e-01, 2.235729160616985178e-01, 3.358486738824250639e-01
3.225290875965513004e-01, 1.184245339267198244e-01, 2.230729752588069270e-01, 3.359734032179220176e-01
3.226596903326101606e-01, 1.186692141596663030e-01, 2.225735140919976041e-01, 3.360975814157259878e-01
3.227899040169878164e-01, 1.189143527088707131e-01, 2.220745359145525899e-01, 3.362212073595888251e-01
3.229197279324740322e-01, 1.191599480566209318e-01, 2.215760440740664472e-01, 3.363442799368385749e-01
3.230491613638880044e-01, 1.194059986852722688e-01, 2.210780419124765972e-01, 3.364667980383632129e-01
3.231782035980483858e-01, 1.196525030772628562e-01, 2.205805327660942672e-01, 3.365887605585945463e-01
3.233068539237429206e-01, 1.198994597151297747e-01, 2.200835199656353824e-01, 3.367101663954919499e-01
3.234351116316981356e-01, 1.201468670815254297e-01, 2.195870068362512362e-01, 3.368310144505251014e-01
3.235629760145481426e-01, 1.203947236592342873e-01, 2.190909966975599643e-01, 3.369513036286575502e-01
3.236904463668036636e-01, 1.206430279311900416e-01, 2.185954928636774375e-01, 3.370710328383288990e-01
3.238175219848206665e-01, 1.208917783804932394e-01, 2.181004986432489301e-01, 3.371902009914370946e-01
3.239442021667688354e-01, 1.211409734904292379e-01, 2.176060173394804009e-01, 3.373088070033214980e-01
3.240704862125994845e-01, 1.213906117444865929e-01, 2.171120522501703565e-01, 3.374268497927435662e-01
3.241963734240134731e-01, 1.216406916263757104e-01, 2.166186066677416311e-01, 3.375443282818691437e-01
3.243218631044288980e-01, 1.218912116200481510e-01, 2.161256838792733059e-01, 3.376612413962496451e-01
3.244469545589477866e-01, 1.221421702097160444e-01, 2.156332871665330719e-01, 3.377775880648031248e-01
3.245716470943238452e-01, 1.223935658798721293e-01, 2.151414198060093153e-01, 3.378933672197945715e-01
3.246959400189288747e-01, 1.226453971153100425e-01, 2.146500850689439244e-01, 3.380085777968170335e-01
3.248198326427189642e-01, 1.228976624011448998e-01, 2.141592862213648474e-01, 3.381232187347713580e-01
3.249433242772006847e-01, 1.231503602228346678e-01, 2.136690265241188158e-01, 3.382372889758458179e-01
3.250664142353973385e-01, 1.234034890662012857e-01, 2.131793092329049844e-01, 3.383507874654962388e-01
3.251891018318143201e-01, 1.236570474174529394e-01, 2.126901375983076825e-01, 3.384637131524250719e-01
3.253113863824040330e-01, 1.239110337632060022e-01, 2.122015148658300265e-01, 3.385760649885599105e-01
3.254332672045314734e-01, 1.241654465905077664e-01, 2.117134442759279755e-01, 3.386878419290328956e-01
3.255547436169384246e-01, 1.244202843868595088e-01, 2.112259290640437770e-01, 3.387990429321584007e-01
3.256758149397082636e-01, 1.246755456402398737e-01, 2.107389724606404668e-01, 3.389096669594114930e-01
3.257964804942297676e-01, 1.249312288391285775e-01, 2.102525776912361199e-01, 3.390197129754055627e-01
3.259167396031611430e-01, 1.251873324725306380e-01, 2.097667479764384058e-01, 3.391291799478699520e-01
3.260365915903931655e-01, 1.254438550300008559e-01, 2.092814865319796713e-01, 3.392380668476263073e-01
3.261560357810129318e-01, 1.257007950016688080e-01, 2.087967965687516914e-01, 3.393463726485665410e-01
3.262750715012662783e-01, 1.259581508782640635e-01, 2.083126812928412508e-01, 3.394540963276284629e-01
3.263936980785204223e-01, 1.262159211511417189e-01, 2.078291439055654777e-01, 3.395612368647721868e-01
3.265119148412267691e-01, 1.264741043123087105e-01, 2.073461876035081475e-01, 3.396677932429562619e-01
3.266297211188820548e-01, 1.267326988544499322e-01, 2.068638155785552935e-01, 3.397737644481126917e-01
3.267471162419905983e-01, 1.269917032709551863e-01, 2.063820310179318163e-01, 3.398791494691223991e-01
3.268640995420254436e-01, 1.272511160559461063e-01, 2.059008371042381491e-01, 3.399839472977903010e-01
3.269806703513895574e-01, 1.275109357043040237e-01, 2.054202370154869783e-01, 3.400881569288193851e-01
3.270968280033763054e-01, 1.277711607116973624e-01, 2.049402339251408522e-01, 3.401917773597854522e-01
3.272125718321299837e-01, 1.280317895746102552e-01, 2.044608310021492070e-01, 3.402948075911106929e-01
3.273279011726056287e-01, 1.282928207903709650e-01, 2.039820314109864197e-01, 3.403972466260369312e-01
3.274428153605294933e-01, 1.285542528571807230e-01, 2.035038383116898886e-01, 3.404990934705997563e-01
3.275573137323577466e-01, 1.288160842741433998e-01, 2.030262548598983363e-01, 3.406003471336004895e-01
3.276713956252356175e-01, 1.290783135412946203e-01, 2.025492842068905286e-01, 3.407010066265790948e-01
3.277850603769568161e-01, 1.293409391596324898e-01, 2.020729294996242709e-01, 3.408010709637864788e-01
3.278983073259211234e-01, 1.296039596311472364e-01, 2.015971938807756547e-01, 3.409005391621559022e-01
3.280111358110933129e-01, 1.298673734588524087e-01, 2.011220804887789704e-01, 3.409994102412752803e-01
3.281235451719602958e-01, 1.301311791468159618e-01, 2.006475924578663972e-01, 3.410976832233573175e-01
3.282355347484890995e-01, 1.303953752001914268e-01, 2.001737329181083602e-01, 3.411953571332111412e-01
3.283471038810832909e-01, 1.306599601252498299e-01, 1.997005049954543310e-01, 3.412924309982125481e-01
3.284582519105407883e-01, 1.309249324294119166e-01, 1.992279118117736003e-01, 3.413889038482737504e-01
3.285689781780091745e-01, 1.311902906212805420e-01, 1.987559564848967453e-01, 3.414847747158136215e-01
3.286792820249427316e-01, 1.314560332106733398e-01, 1.982846421286572625e-01, 3.415800426357265551e-01
3.287891627930576988e-01, 1.317221587086562229e-01, 1.978139718529335345e-01, 3.416747066453524884e-01
3.288986198242878078e-01, 1.319886656275764958e-01, 1.973439487636915457e-01, 3.417687657844441507e-01
3.290076524607392638e-01, 1.322555524810970218e-01, 1.968745759630270709e-01, 3.418622190951365880e-01
3.291162600446457254e-01, 1.325228177842302235e-01, 1.964058565492094177e-01, 3.419550656219146334e-01
3.292244419183225634e-01, 1.327904600533726387e-01, 1.959377936167244483e-01, 3.420473044115803218e-01
3.293321974241206762e-01, 1.330584778063397255e-01, 1.954703902563188489e-01, 3.421389345132206938e-01
3.294395259043805813e-01, 1.333268695624011957e-01, 1.950036495550441784e-01, 3.422299549781742112e-01
3.295464267013853976e-01, 1.335956338423162637e-01, 1.945375745963015268e-01, 3.423203648599968396e-01
3.296528991573140499e-01, 1.338647691683697294e-01, 1.940721684598867292e-01, 3.424101632144294638e-01
3.297589426141938618e-01, 1.341342740644080322e-01, 1.936074342220357181e-01, 3.424993490993623602e-01
3.298645564138526498e-01, 1.344041470558758056e-01, 1.931433749554703483e-01, 3.425879215748012241e-01
3.299697398978707619e-01, 1.346743866698525693e-01, 1.926799937294447762e-01, 3.426758797028319203e-01
3.300744924075327824e-01, 1.349449914350898949e-01, 1.922172936097920337e-01, 3.427632225475853445e-01
3.301788132837784051e-01, 1.352159598820491249e-01, 1.917552776589711017e-01, 3.428499491752013961e-01
3.302827018671535830e-01, 1.354872905429387042e-01, 1.912939489361147327e-01, 3.429360586537931743e-01
3.303861574977606241e-01, 1.357589819517525387e-01, 1.908333104970768856e-01, 3.430215500534099515e-01
3.304891795152088418e-01, 1.360310326443085194e-01, 1.903733653944814919e-01, 3.431064224460012024e-01
3.305917672585637068e-01, 1.363034411582868533e-01, 1.899141166777711665e-01, 3.431906749053782457e-01
3.306939200662966094e-01, 1.365762060332695593e-01, 1.894555673932565021e-01, 3.432743065071773847e-01
3.307956372762337338e-01, 1.368493258107793265e-01, 1.889977205841655294e-01, 3.433573163288213825e-01
3.308969182255046548e-01, 1.371227990343195646e-01, 1.885405792906941491e-01, 3.434397034494816037e-01
3.309977622504908235e-01, 1.373966242494140677e-01, 1.880841465500565635e-01, 3.435214669500384344e-01
3.310981686867732199e-01, 1.376708000036474533e-01, 1.876284253965364579e-01, 3.436026059130429799e-01
3.311981368690795624e-01, 1.379453248467056026e-01, 1.871734188615381544e-01, 3.436831194226764863e-01
3.312976661312325710e-01, 1.382201973304165721e-01, 1.867191299736393473e-01, 3.437630065647114264e-01
3.313967558060955665e-01, 1.384954160087917829e-01, 1.862655617586426171e-01, 3.438422664264700890e-01
3.314954052255192352e-01, 1.387709794380671824e-01, 1.858127172396288884e-01, 3.439208980967846663e-01
3.315936137202880607e-01, 1.390468861767453490e-01, 1.853605994370109422e-01, 3.439989006659556203e-01
3.316913806200653680e-01, 1.393231347856374036e-01, 1.849092113685867900e-01, 3.440762732257102163e-01
3.317887052533392001e-01, 1.395997238279051977e-01, 1.844585560495946297e-01, 3.441530148691610003e-01
3.318855869473664177e-01, 1.398766518691040295e-01, 1.840086364927671636e-01, 3.442291246907624447e-01
3.319820250281179108e-01, 1.401539174772255258e-01, 1.835594557083873868e-01, 3.443046017862693708e-01
3.320780188202222538e-01, 1.404315192227406639e-01, 1.831110167043440429e-01, 3.443794452526929839e-01
3.321735676469100285e-01, 1.407094556786434580e-01, 1.826633224861884119e-01, 3.444536541882580738e-01
3.322686708299564251e-01, 1.409877254204946195e-01, 1.822163760571907654e-01, 3.445272276923581622e-01
3.323633276896246769e-01, 1.412663270264653548e-01, 1.817701804183979586e-01, 3.446001648655119820e-01
3.324575375446084946e-01, 1.415452590773818853e-01, 1.813247385686913293e-01, 3.446724648093183463e-01
3.325512997119742797e-01, 1.418245201567698566e-01, 1.808800535048448177e-01, 3.447441266264110182e-01
3.326446135071031707e-01, 1.421041088508993300e-01, 1.804361282215843354e-01, 3.448151494204133027e-01
3.327374782436317568e-01, 1.423840237488294969e-01, 1.799929657116467463e-01, 3.448855322958920278e-01
3.328298932333940696e-01, 1.426642634424546141e-01, 1.795505689658402626e-01, 3.449552743583111925e-01
3.329218577863612971e-01, 1.429448265265489404e-01, 1.791089409731046744e-01, 3.450243747139852268e-01
3.330133712105827759e-01, 1.432257115988131435e-01, 1.786680847205723288e-01, 3.450928324700317518e-01
3.331044328121253173e-01, 1.435069172599201803e-01, 1.782280031936302189e-01, 3.451606467343242279e-01
3.331950418950129222e-01, 1.437884421135618429e-01, 1.777886993759814627e-01, 3.452278166154436612e-01
3.332851977611658301e-01, 1.440702847664950548e-01, 1.773501762497083634e-01, 3.452943412226306408e-01
3.333748997103389566e-01, 1.443524438285892220e-01, 1.769124367953355537e-01, 3.453602196657361567e-01
3.334641470400605545e-01, 1.446349179128731122e-01, 1.764754839918938889e-01, 3.454254510551724167e-01
3.335529390455696519e-01, 1.449177056355822057e-01, 1.760393208169843959e-01, 3.454900345018637187e-01
3.336412750197539911e-01, 1.452008056162065186e-01, 1.756039502468436930e-01, 3.455539691171958805e-01
3.337291542530866906e-01, 1.454842164775382307e-01, 1.751693752564091600e-01, 3.456172540129659465e-01
3.338165760335631838e-01, 1.457679368457200642e-01, 1.747355988193849963e-01, 3.456798883013317836e-01
3.339035396466374372e-01, 1.460519653502934390e-01, 1.743026239083088347e-01, 3.457418710947601781e-01
3.339900443751578907e-01, 1.463363006242472120e-01, 1.738704534946191316e-01, 3.458032015059757103e-01
3.340760894993027863e-01, 1.466209413040663878e-01, 1.734390905487224466e-01, 3.458638786479084071e-01
3.341616742965154430e-01, 1.469058860297810243e-01, 1.730085380400622763e-01, 3.459239016336413397e-01
3.342467980414386419e-01, 1.471911334450158870e-01, 1.725787989371876385e-01, 3.459832695763578325e-01
3.343314600058493458e-01, 1.474766821970395769e-01, 1.721498762078229050e-01, 3.460419815892880613e-01
3.344156594585924180e-01, 1.477625309368146012e-01, 1.717217728189375237e-01, 3.461000367856553184e-01
3.344993956655138434e-01, 1.480486783190469446e-01, 1.712944917368169895e-01, 3.461574342786222225e-01
3.345826678893940587e-01, 1.483351230022365019e-01, 1.708680359271340932e-01, 3.462141731812354295e-01
3.346654753898805068e-01, 1.486218636487273426e-01, 1.704424083550204749e-01, 3.462702526063717312e-01
3.347478174234201909e-01, 1.489088989247582540e-01, 1.700176119851397327e-01, 3.463256716666818780e-01
3.348296932431911177e-01, 1.491962275005136729e-01, 1.695936497817601141e-01, 3.463804294745351231e-01
3.349111020990340748e-01, 1.494838480501745615e-01, 1.691705247088280406e-01, 3.464345251419632676e-01
3.349920432373836299e-01, 1.497717592519697827e-01, 1.687482397300429371e-01, 3.464879577806035948e-01
3.350725159011986864e-01, 1.500599597882272540e-01, 1.683267978089316441e-01, 3.465407265016424709e-01
3.351525193298927618e-01, 1.503484483454257670e-01, 1.679062019089243296e-01, 3.465928304157572803e-01
3.352320527592638766e-01, 1.506372236142466403e-01, 1.674864549934304836e-01, 3.466442686330591938e-01
3.353111154214239997e-01, 1.509262842896258450e-01, 1.670675600259154958e-01, 3.466950402630346595e-01
3.353897065447283277e-01, 1.512156290708061845e-01, 1.666495199699785934e-01, 3.467451444144869499e-01
3.354678253537032862e-01, 1.515052566613895868e-01, 1.662323377894302234e-01, 3.467945801954767648e-01
3.355454710689755315e-01, 1.517951657693897838e-01, 1.658160164483712118e-01, 3.468433467132636117e-01
3.356226429071990092e-01, 1.520853551072848253e-01, 1.654005589112717001e-01, 3.468914430742445765e-01
3.356993400809828998e-01, 1.523758233920702865e-01, 1.649859681430510816e-01, 3.469388683838955934e-01
3.357755617988187891e-01, 1.526665693453122807e-01, 1.645722471091589645e-01, 3.469856217467099380e-01
3.358513072650065601e-01, 1.529575916932005286e-01, 1.641593987756558293e-01, 3.470317022661370543e-01
3.359265756795812852e-01, 1.532488891666022035e-01, 1.637474261092949079e-01, 3.470771090445214369e-01
3.360013662382386745e-01, 1.535404605011152224e-01, 1.633363320776050343e-01, 3.471218411830410133e-01
3.360756781322605802e-01, 1.538323044371220361e-01, 1.629261196489732999e-01, 3.471658977816440839e-01
3.361495105484399448e-01, 1.541244197198438914e-01, 1.625167917927290984e-01, 3.472092779389869821e-01
3.362228626690056399e-01, 1.544168050993945940e-01, 1.621083514792281965e-01, 3.472519807523717361e-01
3.362957336715460266e-01, 1.547094593308347976e-01, 1.617008016799380554e-01, 3.472940053176810649e-01
3.363681227289335718e-01, 1.550023811742267388e-01, 1.612941453675234282e-01, 3.473353507293162057e-01
3.364400290092476875e-01, 1.552955693946885263e-01, 1.608883855159326526e-01, 3.473760160801311336e-01
3.365114516756977925e-01, 1.555890227624488198e-01, 1.604835251004846364e-01, 3.474160004613688346e-01
3.365823898865458741e-01, 1.558827400529019247e-01, 1.600795670979563157e-01, 3.474553029625959133e-01
3.366528427950289393e-01, 1.561767200466626093e-01, 1.596765144866714448e-01, 3.474939226716371454e-01
3.367228095492804663e-01, 1.564709615296212830e-01, 1.592743702465889144e-01, 3.475318586745094751e-01
3.367922892922517453e-01, 1.567654632929994241e-01, 1.588731373593927909e-01, 3.475691100553560120e-01
3.368612811616334968e-01, 1.570602241334048133e-01, 1.584728188085824108e-01, 3.476056758963793625e-01
3.369297842897754358e-01, 1.573552428528871006e-01, 1.580734175795633079e-01, 3.476415552777741835e-01
3.369977978036072241e-01, 1.576505182589935938e-01, 1.576749366597387514e-01, 3.476767472776604029e-01
3.370653208245582011e-01, 1.579460491648249920e-01, 1.572773790386020609e-01, 3.477112509720146627e-01
3.371323524684762818e-01, 1.582418343890912571e-01, 1.568807477078295598e-01, 3.477450654346028736e-01
3.371988918455474105e-01, 1.585378727561676249e-01, 1.564850456613738339e-01, 3.477781897369109920e-01
3.372649380602140701e-01, 1.588341630961509765e-01, 1.560902758955583780e-01, 3.478106229480765199e-01
3.373304902110932924e-01, 1.591307042449158493e-01, 1.556964414091721316e-01, 3.478423641348187267e-01
3.373955473908946678e-01, 1.594274950441708916e-01, 1.553035452035652353e-01, 3.478734123613692053e-01
3.374601086863377453e-01, 1.597245343415153174e-01, 1.549115902827451208e-01, 3.479037666894018166e-01
3.375241731780689869e-01, 1.600218209904956668e-01, 1.545205796534736553e-01, 3.479334261779618576e-01
3.375877399405783352e-01, 1.603193538506620941e-01, 1.541305163253640920e-01, 3.479623898833954510e-01
3.376508080421158908e-01, 1.606171317876255167e-01, 1.537414033109801015e-01, 3.479906568592784910e-01
3.377133765446069802e-01, 1.609151536731142362e-01, 1.533532436259341103e-01, 3.480182261563445345e-01
3.377754445035686670e-01, 1.612134183850312263e-01, 1.529660402889868043e-01, 3.480450968224133579e-01
3.378370109680237099e-01, 1.615119248075104763e-01, 1.525797963221477149e-01, 3.480712679023181821e-01
3.378980749804163519e-01, 1.618106718309749170e-01, 1.521945147507757778e-01, 3.480967384378329532e-01
3.379586355765257233e-01, 1.621096583521930701e-01, 1.518101986036810014e-01, 3.481215074676001220e-01
3.380186917853807427e-01, 1.624088832743366406e-01, 1.514268509132266904e-01, 3.481455740270559818e-01
3.380782426291725207e-01, 1.627083455070374440e-01, 1.510444747154323919e-01, 3.481689371483576712e-01
3.381372871231686505e-01, 1.630080439664454428e-01, 1.506630730500771176e-01, 3.481915958603087335e-01
3.381958242756255006e-01, 1.633079775752855900e-01, 1.502826489608039273e-01, 3.482135491882850653e-01
3.382538530877003957e-01, 1.636081452629155886e-01, 1.499032054952247062e-01, 3.482347961541592540e-01
3.383113725533644645e-01, 1.639085459653838450e-01, 1.495247457050254414e-01, 3.482553357762262491e-01
3.383683816593134885e-01, 1.642091786254864239e-01, 1.491472726460727205e-01, 3.482751670691272561e-01
3.384248793848800285e-01, 1.645100421928253898e-01, 1.487707893785205349e-01, 3.482942890437740746e-01
3.384808647019435512e-01, 1.648111356238660952e-01, 1.483952989669175271e-01, 3.483127007072728265e-01
3.385363365748417230e-01, 1.651124578819951338e-01, 1.480208044803155432e-01, 3.483304010628476277e-01
3.385912939602802596e-01, 1.654140079375783501e-01, 1.476473089923781568e-01, 3.483473891097632058e-01
3.386457358072430535e-01, 1.657157847680183205e-01, 1.472748155814904703e-01, 3.483636638432482391e-01
3.386996610569013577e-01, 1.660177873578124741e-01, 1.469033273308688048e-01, 3.483792242544173079e-01
3.387530686425233584e-01, 1.663200146986110184e-01, 1.465328473286720279e-01, 3.483940693301935676e-01
3.388059574893826364e-01, 1.666224657892748373e-01, 1.461633786681125202e-01, 3.484081980532299783e-01
3.388583265146667411e-01, 1.669251396359334172e-01, 1.457949244475686690e-01, 3.484216094018312004e-01
3.389101746273854299e-01, 1.672280352520429114e-01, 1.454274877706971392e-01, 3.484343023498746028e-01
3.389615007282780756e-01, 1.675311516584438998e-01, 1.450610717465469213e-01, 3.484462758667311033e-01
3.390123037097214076e-01, 1.678344878834198695e-01, 1.446956794896727128e-01, 3.484575289171859547e-01
3.390625824556365853e-01, 1.681380429627546136e-01, 1.443313141202499927e-01, 3.484680604613587529e-01
3.391123358413956623e-01, 1.684418159397907122e-01, 1.439679787641903186e-01, 3.484778694546233346e-01
3.391615627337281613e-01, 1.687458058654872917e-01, 1.436056765532569557e-01, 3.484869548475275636e-01
3.392102619906270933e-01, 1.690500117984781447e-01, 1.432444106251818949e-01, 3.484953155857128393e-01
3.392584324612548663e-01, 1.693544328051296011e-01, 1.428841841237827037e-01, 3.485029506098328289e-01
3.393060729858481950e-01, 1.696590679595984807e-01, 1.425250001990807924e-01, 3.485098588554724208e-01
3.393531823956239535e-01, 1.699639163438903811e-01, 1.421668620074194034e-01, 3.485160392530663453e-01
3.393997595126830302e-01, 1.702689770479169640e-01, 1.418097727115829876e-01, 3.485214907278170737e-01
3.394458031499153483e-01, 1.705742491695544649e-01, 1.414537354809170533e-01, 3.485262121996131057e-01
3.394913121109041643e-01, 1.708797318147013133e-01, 1.410987534914480979e-01, 3.485302025829465355e-01
3.395362851898290346e-01, 1.711854240973357533e-01, 1.407448299260048996e-01, 3.485334607868301737e-01
3.395807211713703366e-01, 1.714913251395740745e-01, 1.403919679743401150e-01, 3.485359857147153906e-01
3.396246188306118463e-01, 1.717974340717280113e-01, 1.400401708332519313e-01, 3.485377762644081834e-01
3.396679769329435383e-01, 1.721037500323625846e-01, 1.396894417067075789e-01, 3.485388313279863537e-01
3.397107942339645525e-01, 1.724102721683536121e-01, 1.393397838059659832e-01, 3.485391497917157966e-01
3.397530694793855499e-01, 1.727169996349454950e-01, 1.389912003497024151e-01, 3.485387305359665122e-01
3.397948014049302357e-01, 1.730239315958086999e-01, 1.386436945641323359e-01, 3.485375724351288396e-01
3.398359887362373821e-01, 1.733310672230967131e-01, 1.382972696831369919e-01, 3.485356743575286909e-01
3.398766301887627961e-01, 1.736384056975045498e-01, 1.379519289483891464e-01, 3.485330351653435632e-01
3.399167244676791766e-01, 1.739459462083246810e-01, 1.376076756094791187e-01, 3.485296537145170515e-01
3.399562702677783044e-01, 1.742536879535053485e-01, 1.372645129240417650e-01, 3.485255288546746377e-01
3.399952662733708442e-01, 1.745616301397071302e-01, 1.369224441578839324e-01, 3.485206594290380377e-01
3.400337111581874794e-01, 1.748697719823602836e-01, 1.365814725851124678e-01, 3.485150442743396582e-01
3.400716035852780483e-01, 1.751781127057214504e-01, 1.362416014882627813e-01, 3.485086822207376644e-01
3.401089422069120682e-01, 1.754866515429307217e-01, 1.359028341584277988e-01, 3.485015720917294391e-01
3.401457256644781491e-01, 1.757953877360682038e-01, 1.355651738953878027e-01, 3.484937127040658722e-01
3.401819525883831852e-01, 1.761043205362109454e-01, 1.352286240077404389e-01, 3.484851028676654860e-01
3.402176215979517138e-01, 1.764134492034891422e-01, 1.348931878130316953e-01, 3.484757413855274488e-01
3.402527313013246069e-01, 1.767227730071427860e-01, 1.345588686378868248e-01, 3.484656270536457545e-01
3.402872802953577080e-01, 1.770322912255778147e-01, 1.342256698181424346e-01, 3.484547586609221259e-01
3.403212671655201360e-01, 1.773420031464223723e-01, 1.338935946989784354e-01, 3.484431349890790286e-01
3.403546904857928657e-01, 1.776519080665827643e-01, 1.335626466350512964e-01, 3.484307548125730181e-01
3.403875488185663101e-01, 1.779620052922994689e-01, 1.332328289906267449e-01, 3.484176168985074762e-01
3.404198407145379579e-01, 1.782722941392026472e-01, 1.329041451397141860e-01, 3.484037200065451811e-01
3.404515647126104549e-01, 1.785827739323679331e-01, 1.325765984662005403e-01, 3.483890628888210439e-01
3.404827193397884644e-01, 1.788934440063719156e-01, 1.322501923639851640e-01, 3.483736442898544561e-01
3.405133031110760267e-01, 1.792043037053472065e-01, 1.319249302371152399e-01, 3.483574629464616934e-01
3.405433145293733088e-01, 1.795153523830376741e-01, 1.316008154999210589e-01, 3.483405175876677640e-01
3.405727520853740753e-01, 1.798265894028536205e-01, 1.312778515771527987e-01, 3.483228069346194777e-01
3.406016142574612160e-01, 1.801380141379260724e-01, 1.309560419041164991e-01, 3.483043297004961847e-01
3.406298995116041062e-01, 1.804496259711617923e-01, 1.306353899268115903e-01, 3.482850845904225112e-01
3.406576063012544675e-01, 1.807614242952975681e-01, 1.303158991020682556e-01, 3.482650703013797644e-01
3.406847330672423957e-01, 1.810734085129542259e-01, 1.299975728976851264e-01, 3.482442855221182798e-01
3.407112782376727211e-01, 1.813855780366909198e-01, 1.296804147925680328e-01, 3.482227289330683262e-01
3.407372402278204260e-01, 1.816979322890588944e-01, 1.293644282768684761e-01, 3.482003992062522868e-01
3.407626174400265606e-01, 1.820104707026549973e-01, 1.290496168521227116e-01, 3.481772950051957305e-01
3.407874082635937718e-01, 1.823231927201750813e-01, 1.287359840313916093e-01, 3.481534149848395376e-01
3.408116110746816640e-01, 1.826360977944672392e-01, 1.284235333394001810e-01, 3.481287577914509157e-01
3.408352242362022166e-01, 1.829491853885848174e-01, 1.281122683126782735e-01, 3.481033220625347480e-01
3.408582460977148676e-01, 1.832624549758388455e-01, 1.278021924997007897e-01, 3.480771064267454973e-01
3.408806749953218196e-01, 1.835759060398508835e-01, 1.274933094610291029e-01, 3.480501095037982773e-01
3.409025092515627353e-01, 1.838895380746049246e-01, 1.271856227694521113e-01, 3.480223299043802565e-01
3.409237471753101545e-01, 1.842033505844997143e-01, 1.268791360101280685e-01, 3.479937662300620071e-01
3.409443870616639116e-01, 1.845173430844002094e-01, 1.265738527807265534e-01, 3.479644170732093533e-01
3.409644271918460534e-01, 1.848315150996890366e-01, 1.262697766915707454e-01, 3.479342810168941647e-01
3.409838658330958117e-01, 1.851458661663179794e-01, 1.259669113657800044e-01, 3.479033566348062601e-01
3.410027012385638545e-01, 1.854603958308585487e-01, 1.256652604394128403e-01, 3.478716424911648120e-01
3.410209316472072039e-01, 1.857751036505528308e-01, 1.253648275616101038e-01, 3.478391371406299171e-01
3.410385552836837642e-01, 1.860899891933638639e-01, 1.250656163947382049e-01, 3.478058391282141670e-01
3.410555703582469067e-01, 1.864050520380255704e-01, 1.247676306145331787e-01, 3.477717469891943303e-01
3.410719750666401096e-01, 1.867202917740926060e-01, 1.244708739102441813e-01, 3.477368592490231447e-01
3.410877675899911532e-01, 1.870357080019897367e-01, 1.241753499847779579e-01, 3.477011744232411106e-01
3.411029460947070380e-01, 1.873513003330611881e-01, 1.238810625548430605e-01, 3.476646910173886718e-01
3.411175087323685684e-01, 1.876670683896191349e-01, 1.235880153510944407e-01, 3.476274075269178976e-01
3.411314536396243824e-01, 1.879830118049924392e-01, 1.232962121182781812e-01, 3.475893224371049417e-01
3.411447789380864237e-01, 1.882991302235748066e-01, 1.230056566153766295e-01, 3.475504342229621679e-01
3.411574827342236937e-01, 1.886154233008725256e-01, 1.227163526157531021e-01, 3.475107413491507757e-01
3.411695631192576128e-01, 1.889318907035519024e-01, 1.224283039072973922e-01, 3.474702422698931481e-01
3.411810181690562715e-01, 1.892485321094865280e-01, 1.221415142925712516e-01, 3.474289354288859766e-01
3.411918459440296814e-01, 1.895653472078039359e-01, 1.218559875889534683e-01, 3.473868192592129422e-01
3.412020444890244697e-01, 1.898823356989318978e-01, 1.215717276287858473e-01, 3.473438921832576742e-01
3.412116118332190196e-01, 1.901994972946447759e-01, 1.212887382595187746e-01, 3.473001526126174854e-01
3.412205459900179427e-01, 1.905168317181086812e-01, 1.210070233438569481e-01, 3.472555989480164418e-01
3.412288449569483295e-01, 1.908343387039270200e-01, 1.207265867599051079e-01, 3.472102295792194870e-01
3.412365067155543330e-01, 1.911520179981854584e-01, 1.204474324013140862e-01, 3.471640428849462334e-01
3.412435292312926416e-01, 1.914698693584959144e-01, 1.201695641774265660e-01, 3.471170372327849751e-01
3.412499104534285621e-01, 1.917878925540409119e-01, 1.198929860134229780e-01, 3.470692109791074786e-01
3.412556483149314368e-01, 1.921060873656171564e-01, 1.196177018504674811e-01, 3.470205624689838841e-01
3.412607407323707820e-01, 1.924244535856787508e-01, 1.193437156458537068e-01, 3.469710900360968298e-01
3.412651856058119271e-01, 1.927429910183796613e-01, 1.190710313731506431e-01, 3.469207920026578518e-01
3.412689808187131524e-01, 1.930616994796162111e-01, 1.187996530223483921e-01, 3.468696666793222860e-01
3.412721242378215503e-01, 1.933805787970690471e-01, 1.185295846000040121e-01, 3.468177123651054461e-01
3.412746137130700519e-01, 1.936996288102442454e-01, 1.182608301293867348e-01, 3.467649273472989124e-01
3.412764470774746206e-01, 1.940188493705145012e-01, 1.179933936506239178e-01, 3.467113099013870436e-01
3.412776221470307236e-01, 1.943382403411592074e-01, 1.177272792208460261e-01, 3.466568582909639873e-01
3.412781367206119132e-01, 1.946578015974048947e-01, 1.174624909143320711e-01, 3.466015707676511348e-01
3.412779885798665758e-01, 1.949775330264642281e-01, 1.171990328226546196e-01, 3.465454455710145210e-01
3.412771754891166798e-01, 1.952974345275752255e-01, 1.169369090548245393e-01, 3.464884809284834444e-01
3.412756951952559681e-01, 1.956175060120397269e-01, 1.166761237374357441e-01, 3.464306750552685887e-01
3.412735454276482061e-01, 1.959377474032610311e-01, 1.164166810148094672e-01, 3.463720261542812540e-01
3.412707238980269286e-01, 1.962581586367818098e-01, 1.161585850491387711e-01, 3.463125324160524765e-01
3.412672283003940765e-01, 1.965787396603204396e-01, 1.159018400206319327e-01, 3.462521920186534263e-01
3.412630563109201876e-01, 1.968994904338078056e-01, 1.156464501276567303e-01, 3.461910031276153044e-01
3.412582055878441989e-01, 1.972204109294224961e-01, 1.153924195868829133e-01, 3.461289638958503501e-01
3.412526737713740266e-01, 1.975415011316267733e-01, 1.151397526334259624e-01, 3.460660724635731267e-01
3.412464584835874781e-01, 1.978627610372005741e-01, 1.148884535209892116e-01, 3.460023269582228056e-01
3.412395573283333872e-01, 1.981841906552757604e-01, 1.146385265220061789e-01, 3.459377254943846181e-01
3.412319678911335807e-01, 1.985057900073697590e-01, 1.143899759277825917e-01, 3.458722661737139714e-01
3.412236877390848466e-01, 1.988275591274182297e-01, 1.141428060486375934e-01, 3.458059470848592887e-01
3.412147144207616778e-01, 1.991494980618073452e-01, 1.138970212140446581e-01, 3.457387663033862357e-01
3.412050454661192944e-01, 1.994716068694056266e-01, 1.136526257727724504e-01, 3.456707218917025037e-01
3.411946783863976651e-01, 1.997938856215947245e-01, 1.134096240930243665e-01, 3.456018118989832577e-01
3.411836106740249730e-01, 2.001163344022998669e-01, 1.131680205625783392e-01, 3.455320343610967515e-01
3.411718398025230803e-01, 2.004389533080197516e-01, 1.129278195889256847e-01, 3.454613873005315527e-01
3.411593632264121045e-01, 2.007617424478553569e-01, 1.126890255994093537e-01, 3.453898687263232681e-01
3.411461783811167159e-01, 2.010847019435386129e-01, 1.124516430413619178e-01, 3.453174766339828228e-01
3.411322826828724342e-01, 2.014078319294599351e-01, 1.122156763822425712e-01, 3.452442090054251289e-01
3.411176735286323702e-01, 2.017311325526953691e-01, 1.119811301097737993e-01, 3.451700638088985307e-01
3.411023482959751330e-01, 2.020546039730329868e-01, 1.117480087320769089e-01, 3.450950389989148048e-01
3.410863043430134578e-01, 2.023782463629985040e-01, 1.115163167778076281e-01, 3.450191325161806044e-01
3.410695390083018919e-01, 2.027020599078799556e-01, 1.112860587962900272e-01, 3.449423422875280143e-01
3.410520496107481425e-01, 2.030260448057524536e-01, 1.110572393576505917e-01, 3.448646662258488260e-01
3.410338334495220947e-01, 2.033502012675008908e-01, 1.108298630529508388e-01, 3.447861022300260370e-01
3.410148878039676590e-01, 2.036745295168435332e-01, 1.106039344943194752e-01, 3.447066481848692909e-01
3.409952099335140097e-01, 2.039990297903532257e-01, 1.103794583150835146e-01, 3.446263019610492639e-01
3.409747970775882653e-01, 2.043237023374788186e-01, 1.101564391698989370e-01, 3.445450614150339375e-01
3.409536464555295021e-01, 2.046485474205658461e-01, 1.099348817348796414e-01, 3.444629243890251491e-01
3.409317552665017126e-01, 2.049735653148756498e-01, 1.097147907077264950e-01, 3.443798887108961981e-01
3.409091206894099835e-01, 2.052987563086045575e-01, 1.094961708078545648e-01, 3.442959521941308942e-01
3.408857398828155083e-01, 2.056241207029017304e-01, 1.092790267765197804e-01, 3.442111126377630503e-01
3.408616099848526537e-01, 2.059496588118862603e-01, 1.090633633769445276e-01, 3.441253678263166416e-01
3.408367281131463034e-01, 2.062753709626635734e-01, 1.088491853944420357e-01, 3.440387155297479627e-01
3.408110913647307005e-01, 2.066012574953409453e-01, 1.086364976365399998e-01, 3.439511535033882295e-01
3.407846968159686241e-01, 2.069273187630421007e-01, 1.084253049331026925e-01, 3.438626794878865134e-01
3.407575415224716187e-01, 2.072535551319207303e-01, 1.082156121364521856e-01, 3.437732912091555071e-01
3.407296225190217798e-01, 2.075799669811735637e-01, 1.080074241214881853e-01, 3.436829863783164019e-01
3.407009368194939269e-01, 2.079065547030524985e-01, 1.078007457858070894e-01, 3.435917626916467071e-01
3.406714814167787209e-01, 2.082333187028750643e-01, 1.075955820498191023e-01, 3.434996178305271264e-01
3.406412532827078343e-01, 2.085602593990352471e-01, 1.073919378568647387e-01, 3.434065494613922076e-01
3.406102493679786791e-01, 2.088873772230121495e-01, 1.071898181733295097e-01, 3.433125552356797727e-01
3.405784666020815199e-01, 2.092146726193784279e-01, 1.069892279887576098e-01, 3.432176327897823453e-01
3.405459018932271431e-01, 2.095421460458077867e-01, 1.067901723159638827e-01, 3.431217797450011875e-01
3.405125521282756362e-01, 2.098697979730808350e-01, 1.065926561911447606e-01, 3.430249937074988376e-01
3.404784141726665547e-01, 2.101976288850908592e-01, 1.063966846739871353e-01, 3.429272722682554786e-01
3.404434848703503658e-01, 2.105256392788479036e-01, 1.062022628477766045e-01, 3.428286130030253065e-01
3.404077610437203361e-01, 2.108538296644821841e-01, 1.060093958195031799e-01, 3.427290134722942305e-01
3.403712394935474728e-01, 2.111822005652465306e-01, 1.058180887199662024e-01, 3.426284712212399053e-01
3.403339169989141322e-01, 2.115107525175172476e-01, 1.056283467038772739e-01, 3.425269837796915406e-01
3.402957903171514031e-01, 2.118394860707947525e-01, 1.054401749499615792e-01, 3.424245486620923207e-01
3.402568561837764349e-01, 2.121684017877026318e-01, 1.052535786610575286e-01, 3.423211633674634324e-01
3.402171113124315971e-01, 2.124975002439857819e-01, 1.050685630642146789e-01, 3.422168253793680948e-01
3.401765523948244163e-01, 2.128267820285068834e-01, 1.048851334107899907e-01, 3.421115321658786401e-01
3.401351761006703445e-01, 2.131562477432431824e-01, 1.047032949765419330e-01, 3.420052811795444292e-01
3.400929790776353046e-01, 2.134858980032806886e-01, 1.045230530617231729e-01, 3.418980698573607646e-01
3.400499579512805681e-01, 2.138157334368077644e-01, 1.043444129911709900e-01, 3.417898956207404693e-01
3.400061093250095201e-01, 2.141457546851081029e-01, 1.041673801143959549e-01, 3.416807558754864638e-01
3.399614297800147011e-01, 2.144759624025514289e-01, 1.039919598056685407e-01, 3.415706480117653432e-01
3.399159158752276810e-01, 2.148063572565844515e-01, 1.038181574641039023e-01, 3.414595694040840068e-01
3.398695641472700424e-01, 2.151369399277190397e-01, 1.036459785137441442e-01, 3.413475174112666211e-01
3.398223711104060296e-01, 2.154677111095207875e-01, 1.034754284036389776e-01, 3.412344893764343023e-01
3.397743332564960861e-01, 2.157986715085948304e-01, 1.033065126079239365e-01, 3.411204826269852441e-01
3.397254470549537220e-01, 2.161298218445718566e-01, 1.031392366258963439e-01, 3.410054944745780636e-01
3.396757089527026041e-01, 2.164611628500918428e-01, 1.029736059820893224e-01, 3.408895222151161475e-01
3.396251153741359774e-01, 2.167926952707870392e-01, 1.028096262263432092e-01, 3.407725631287336632e-01
3.395736627210782510e-01, 2.171244198652634294e-01, 1.026473029338746679e-01, 3.406546144797837350e-01
3.395213473727471398e-01, 2.174563374050809683e-01, 1.024866417053435369e-01, 3.405356735168282301e-01
3.394681656857196916e-01, 2.177884486747329595e-01, 1.023276481669173898e-01, 3.404157374726299867e-01
3.394141139938975926e-01, 2.181207544716231017e-01, 1.021703279703331108e-01, 3.402948035641462088e-01
3.393591886084769693e-01, 2.184532556060423680e-01, 1.020146867929563744e-01, 3.401728689925243021e-01
3.393033858179183571e-01, 2.187859529011436099e-01, 1.018607303378384343e-01, 3.400499309430995987e-01
3.392467018879192775e-01, 2.191188471929154946e-01, 1.017084643337702460e-01, 3.399259865853949125e-01
3.391891330613889810e-01, 2.194519393301543331e-01, 1.015578945353339257e-01, 3.398010330731226492e-01
3.391306755584248545e-01, 2.197852301744354364e-01, 1.014090267229514480e-01, 3.396750675441881917e-01
3.390713255762912159e-01, 2.201187206000820296e-01, 1.012618667029306363e-01, 3.395480871206961737e-01
3.390110792893999969e-01, 2.204524114941335544e-01, 1.011164203075081841e-01, 3.394200889089581952e-01
3.389499328492938668e-01, 2.207863037563123076e-01, 1.009726933948901367e-01, 3.392910699995037027e-01
3.388878823846310784e-01, 2.211203982989881633e-01, 1.008306918492888754e-01, 3.391610274670918690e-01
3.388249240011732555e-01, 2.214546960471426851e-01, 1.006904215809576592e-01, 3.390299583707264697e-01
3.387610537817745127e-01, 2.217891979383307677e-01, 1.005518885262218082e-01, 3.388978597536730364e-01
3.386962677863738502e-01, 2.221239049226417239e-01, 1.004150986475069174e-01, 3.387647286434775640e-01
3.386305620519889925e-01, 2.224588179626580953e-01, 1.002800579333638920e-01, 3.386305620519889925e-01
3.385639325927134458e-01, 2.227939380334133801e-01, 1.001467723984908187e-01, 3.384953569753823555e-01
3.384963753997150548e-01, 2.231292661223478746e-01, 1.000152480837513264e-01, 3.383591103941855915e-01
3.384278864412382237e-01, 2.234648032292634035e-01, 9.988549105619030921e-02, 3.382218192733082440e-01
3.383584616626065245e-01, 2.238005503662756357e-01, 9.975750740904522351e-02, 3.380834805620726025e-01
3.382880969862310239e-01, 2.241365085577661231e-01, 9.963130326175516360e-02, 3.379440911942478420e-01
3.382167883116177776e-01, 2.244726788403311191e-01, 9.950688475996539994e-02, 3.378036480880858283e-01
3.381445315153804310e-01, 2.248090622627301471e-01, 9.938425807552904445e-02, 3.376621481463604191e-01
3.380713224512541526e-01, 2.251456598858319613e-01, 9.926342940650496882e-02, 3.375195882564088756e-01
3.379971569501127315e-01, 2.254824727825595065e-01, 9.914440497715178158e-02, 3.373759652901758832e-01
3.379220308199882283e-01, 2.258195020378326590e-01, 9.902719103791864097e-02, 3.372312761042605134e-01
3.378459398460934571e-01, 2.261567487485094952e-01, 9.891179386543165475e-02, 3.370855175399654069e-01
3.377688797908475205e-01, 2.264942140233258683e-01, 9.879821976247700477e-02, 3.369386864233496204e-01
3.376908463939035654e-01, 2.268318989828333743e-01, 9.868647505797986663e-02, 3.367907795652831937e-01
3.376118353721801468e-01, 2.271698047593350422e-01, 9.857656610697949906e-02, 3.366417937615052702e-01
3.375318424198949230e-01, 2.275079324968199423e-01, 9.846849929060015605e-02, 3.364917257926848260e-01
3.374508632086019588e-01, 2.278462833508954066e-01, 9.836228101601837692e-02, 3.363405724244842854e-01
3.373688933872310280e-01, 2.281848584887177511e-01, 9.825791771642541916e-02, 3.361883304076256906e-01
3.372859285821313557e-01, 2.285236590889211383e-01, 9.815541585098619404e-02, 3.360349964779612009e-01
3.372019643971174152e-01, 2.288626863415446355e-01, 9.805478190479351153e-02, 3.358805673565444794e-01
3.371169964135177777e-01, 2.292019414479569972e-01, 9.795602238881817581e-02, 3.357250397497069105e-01
3.370310201902284586e-01, 2.295414256207803927e-01, 9.785914383985475085e-02, 3.355684103491364811e-01
3.369440312637674850e-01, 2.298811400838112751e-01, 9.776415282046256594e-02, 3.354106758319587156e-01
3.368560251483347923e-01, 2.302210860719401953e-01, 9.767105591890275218e-02, 3.352518328608221077e-01
3.367669973358742297e-01, 2.305612648310690627e-01, 9.757985974907001925e-02, 3.350918780839867162e-01
3.366769432961386754e-01, 2.309016776180266850e-01, 9.749057095042043541e-02, 3.349308081354142597e-01
3.365858584767597028e-01, 2.312423257004823374e-01, 9.740319618789414213e-02, 3.347686196348638732e-01
3.364937383033198004e-01, 2.315832103568575273e-01, 9.731774215183326693e-02, 3.346053091879893637e-01
3.364005781794285888e-01, 2.319243328762353451e-01, 9.723421555789525661e-02, 3.344408733864406846e-01
3.363063734868019794e-01, 2.322656945582681765e-01, 9.715262314696104795e-02, 3.342753088079687962e-01
3.362111195853456080e-01, 2.326072967130829727e-01, 9.707297168503839502e-02, 3.341086120165328577e-01
3.361148118132417650e-01, 2.329491406611851334e-01, 9.699526796316015886e-02, 3.339407795624128039e-01
3.360174454870392124e-01, 2.332912277333594187e-01, 9.691951879727746244e-02, 3.337718079823239203e-01
3.359190159017479971e-01, 2.336335592705694186e-01, 9.684573102814764134e-02, 3.336016937995349152e-01
3.358195183309372611e-01, 2.339761366238549967e-01, 9.677391152121701812e-02, 3.334304335239907102e-01
3.357189480268368831e-01, 2.343189611542268735e-01, 9.670406716649834755e-02, 3.332580236524378958e-01
3.356173002204433931e-01, 2.346620342325598241e-01, 9.663620487844278018e-02, 3.330844606685540721e-01
3.355145701216291632e-01, 2.350053572394832924e-01, 9.657033159580660775e-02, 3.329097410430809645e-01
3.354107529192564829e-01, 2.353489315652699254e-01, 9.650645428151230498e-02, 3.327338612339612589e-01
3.353058437812946324e-01, 2.356927586097221916e-01, 9.644457992250395073e-02, 3.325568176864792114e-01
3.351998378549419511e-01, 2.360368397820560571e-01, 9.638471552959722299e-02, 3.323786068334046995e-01
3.350927302667512375e-01, 2.363811765007833299e-01, 9.632686813732334319e-02, 3.321992250951423253e-01
3.349845161227596457e-01, 2.367257701935907566e-01, 9.627104480376751094e-02, 3.320186688798819619e-01
3.348751905086232994e-01, 2.370706222972182031e-01, 9.621725261040152410e-02, 3.318369345837569595e-01
3.347647484897549597e-01, 2.374157342573329499e-01, 9.616549866190984841e-02, 3.316540185910020755e-01
3.346531851114674105e-01, 2.377611075284029041e-01, 9.611579008601070506e-02, 3.314699172741190081e-01
3.345404953991196195e-01, 2.381067435735668980e-01, 9.606813403326998346e-02, 3.312846269940434296e-01
3.344266743582691714e-01, 2.384526438645029611e-01, 9.602253767690989428e-02, 3.310981441003179038e-01
3.343117169748274775e-01, 2.387988098812939830e-01, 9.597900821261079463e-02, 3.309104649312678004e-01
3.341956182152201471e-01, 2.391452431122908784e-01, 9.593755285830721236e-02, 3.307215858141818177e-01
3.340783730265523555e-01, 2.394919450539740591e-01, 9.589817885397690367e-02, 3.305315030654966679e-01
3.339599763367782082e-01, 2.398389172108117695e-01, 9.586089346142420697e-02, 3.303402129909859819e-01
3.338404230548745466e-01, 2.401861610951159798e-01, 9.582570396405615254e-02, 3.301477118859533211e-01
3.337197080710207486e-01, 2.405336782268967799e-01, 9.579261766665259081e-02, 3.299539960354300749e-01
3.335978262567810826e-01, 2.408814701337128050e-01, 9.576164189512922920e-02, 3.297590617143768554e-01
3.334747724652945555e-01, 2.412295383505208002e-01, 9.573278399629432667e-02, 3.295629051878902205e-01
3.333505415314670928e-01, 2.415778844195214936e-01, 9.570605133759831074e-02, 3.293655227114131168e-01
3.332251282721702124e-01, 2.419265098900033883e-01, 9.568145130687634448e-02, 3.291669105309499854e-01
3.330985274864442514e-01, 2.422754163181841391e-01, 9.565899131208481510e-02, 3.289670648832868083e-01
3.329707339557061441e-01, 2.426246052670493203e-01, 9.563867878102953746e-02, 3.287659819962150398e-01
3.328417424439629735e-01, 2.429740783061885012e-01, 9.562052116108805955e-02, 3.285636580887605906e-01
3.327115476980299635e-01, 2.433238370116287963e-01, 9.560452591892394658e-02, 3.283600893714173630e-01
3.325801444477539670e-01, 2.436738829656661665e-01, 9.559070054019444540e-02, 3.281552720463854489e-01
3.324475274062424490e-01, 2.440242177566934456e-01, 9.557905252925040507e-02, 3.279492023078138252e-01
3.323136912700966894e-01, 2.443748429790264798e-01, 9.556958940882892550e-02, 3.277418763420479331e-01
3.321786307196515353e-01, 2.447257602327269355e-01, 9.556231871973890069e-02, 3.275332903278825314e-01
3.320423404192197614e-01, 2.450769711234234149e-01, 9.555724802053860989e-02, 3.273234404368183248e-01
3.319048150173415368e-01, 2.454284772621284638e-01, 9.555438488720570389e-02, 3.271123228333243094e-01
3.317660491470405537e-01, 2.457802802650545793e-01, 9.555373691280011350e-02, 3.268999336751049478e-01
3.316260374260839860e-01, 2.461323817534260827e-01, 9.555531170711846489e-02, 3.266862691133713414e-01
3.314847744572498311e-01, 2.464847833532896326e-01, 9.555911689634119521e-02, 3.264713252931193410e-01
3.313422548285979707e-01, 2.468374866953203517e-01, 9.556516012267154969e-02, 3.262550983534102667e-01
3.311984731137481708e-01, 2.471904934146268440e-01, 9.557344904396689045e-02, 3.260375844276580670e-01
3.310534238721636324e-01, 2.475438051505529369e-01, 9.558399133336158149e-02, 3.258187796439216966e-01
3.309071016494395945e-01, 2.478974235464758424e-01, 9.559679467888233806e-02, 3.255986801252022111e-01
3.307595009775982087e-01, 2.482513502496029034e-01, 9.561186678305477749e-02, 3.253772819897441937e-01
3.306106163753891325e-01, 2.486055869107644256e-01, 9.562921536250228172e-02, 3.251545813513441185e-01
3.304604423485965614e-01, 2.489601351842046784e-01, 9.564884814753638054e-02, 3.249305743196624907e-01
3.303089733903507574e-01, 2.493149967273689538e-01, 9.567077288173864158e-02, 3.247052570005416472e-01
3.301562039814472382e-01, 2.496701732006891550e-01, 9.569499732153431693e-02, 3.244786254963292760e-01
3.300021285906707402e-01, 2.500256662673653874e-01, 9.572152923575744099e-02, 3.242506759062064869e-01
3.298467416751257875e-01, 2.503814775931452741e-01, 9.575037640520728255e-02, 3.240214043265215449e-01
3.296900376805733668e-01, 2.507376088461006347e-01, 9.578154662219633131e-02, 3.237908068511297088e-01
3.295320110417735426e-01, 2.510940616964003613e-01, 9.581504769008930555e-02, 3.235588795717367905e-01
3.293726561828344557e-01, 2.514508378160820734e-01, 9.585088742283388863e-02, 3.233256185782497072e-01
3.292119675175673166e-01, 2.518079388788186934e-01, 9.588907364448190362e-02, 3.230910199591320864e-01
3.290499394498481167e-01, 2.521653665596845784e-01, 9.592961418870246670e-02, 3.228550798017648660e-01
3.288865663739853340e-01, 2.525231225349163777e-01, 9.597251689828548149e-02, 3.226177941928128345e-01
3.287218426750938005e-01, 2.528812084816731143e-01, 9.601778962463636269e-02, 3.223791592185967780e-01
3.285557627294754535e-01, 2.532396260777916575e-01, 9.606544022726193344e-02, 3.221391709654709001e-01
3.283883209050066920e-01, 2.535983770015405314e-01, 9.611547657324663596e-02, 3.218978255202060157e-01
3.282195115615311742e-01, 2.539574629313699483e-01, 9.616790653672012412e-02, 3.216551189703787950e-01
3.280493290512602744e-01, 2.543168855456590660e-01, 9.622273799831521091e-02, 3.214110474047653376e-01
3.278777677191797579e-01, 2.546766465224612475e-01, 9.627997884461661493e-02, 3.211656069137422964e-01
3.277048219034628951e-01, 2.550367475392446570e-01, 9.633963696760029782e-02, 3.209187935896920529e-01
3.275304859358901810e-01, 2.553971902726316356e-01, 9.640172026406360062e-02, 3.206706035274146660e-01
3.273547541422761054e-01, 2.557579763981337462e-01, 9.646623663504527713e-02, 3.204210328245449269e-01
3.271776208429024169e-01, 2.561191075898850422e-01, 9.653319398523690920e-02, 3.201700775819755762e-01
3.269990803529582712e-01, 2.564805855203713403e-01, 9.660260022238391364e-02, 3.199177339042864610e-01
3.268191269829867074e-01, 2.568424118601574935e-01, 9.667446325667715390e-02, 3.196639979001786314e-01
3.266377550393390061e-01, 2.572045882776106129e-01, 9.674879100013510091e-02, 3.194088656829153217e-01
3.264549588246344891e-01, 2.575671164386214018e-01, 9.682559136597596039e-02, 3.191523333707681487e-01
3.262707326382285888e-01, 2.579299980063219366e-01, 9.690487226797993292e-02, 3.188943970874694722e-01
3.260850707766871359e-01, 2.582932346408006175e-01, 9.698664161984198173e-02, 3.186350529626703620e-01
3.258979675342673632e-01, 2.586568279988138985e-01, 9.707090733451435860e-02, 3.183742971324043380e-01
3.257094172034067370e-01, 2.590207797334956874e-01, 9.715767732353935981e-02, 3.181121257395582713e-01
3.255194140752181720e-01, 2.593850914940629693e-01, 9.724695949637199299e-02, 3.178485349343468380e-01
3.253279524399922962e-01, 2.597497649255193219e-01, 9.733876175969281841e-02, 3.175835208747955218e-01
3.251350265877075429e-01, 2.601148016683546005e-01, 9.743309201671034037e-02, 3.173170797272276134e-01
3.249406308085457940e-01, 2.604802033582422904e-01, 9.752995816645378124e-02, 3.170492076667580927e-01
3.247447593934174592e-01, 2.608459716257339744e-01, 9.762936810305525293e-02, 3.167799008777933412e-01
3.245474066344912756e-01, 2.612121080959499131e-01, 9.773132971502199173e-02, 3.165091555545367918e-01
3.243485668257331533e-01, 2.615786143882681269e-01, 9.783585088449837930e-02, 3.162369679015003543e-01
3.241482342634512404e-01, 2.619454921160092598e-01, 9.794293948651754123e-02, 3.159633341340220003e-01
3.239464032468482579e-01, 2.623127428861193322e-01, 9.805260338824277333e-02, 3.156882504787896782e-01
3.237430680785818859e-01, 2.626803682988489430e-01, 9.816485044819880934e-02, 3.154117131743703895e-01
3.235382230653311986e-01, 2.630483699474301384e-01, 9.827968851549223617e-02, 3.151337184717463713e-01
3.233318625183716488e-01, 2.634167494177501734e-01, 9.839712542902218084e-02, 3.148542626348560525e-01
3.231239807541560483e-01, 2.637855082880219970e-01, 9.851716901668011728e-02, 3.145733419411418930e-01
3.229145720949040954e-01, 2.641546481284524628e-01, 9.863982709453947284e-02, 3.142909526821039967e-01
3.227036308691983990e-01, 2.645241705009071520e-01, 9.876510746603467394e-02, 3.140070911638597195e-01
3.224911514125882728e-01, 2.648940769585729771e-01, 9.889301792112996370e-02, 3.137217537077088281e-01
3.222771280682003026e-01, 2.652643690456168435e-01, 9.902356623547732550e-02, 3.134349366507054313e-01
3.220615551873575733e-01, 2.656350482968428128e-01, 9.915676016956437300e-02, 3.131466363462353519e-01
3.218444271302040582e-01, 2.660061162373452137e-01, 9.929260746785138758e-02, 3.128568491645992711e-01
3.216257382663392228e-01, 2.663775743821599762e-01, 9.943111585789798923e-02, 3.125655714936027008e-01
3.214054829754573461e-01, 2.667494242359126355e-01, 9.957229304947931570e-02, 3.122727997391508414e-01
3.211836556479956140e-01, 2.671216672924629498e-01, 9.971614673369151582e-02, 3.119785303258498788e-01
3.209602506857899828e-01, 2.674943050345486295e-01, 9.986268458204691778e-02, 3.116827596976145531e-01
3.207352625027365955e-01, 2.678673389334241262e-01, 1.000119142455583865e-01, 3.113854843182808918e-01
3.205086855254630773e-01, 2.682407704484983113e-01, 1.001638433538134948e-01, 3.110867006722251582e-01
3.202805141940050504e-01, 2.686146010269684914e-01, 1.003184795140376756e-01, 3.107864052649887965e-01
3.200507429624908640e-01, 2.689888321034525354e-01, 1.004758303101474654e-01, 3.104845946239090382e-01
3.198193662998344289e-01, 2.693634650996176161e-01, 1.006359033017926452e-01, 3.101812652987552821e-01
3.195863786904336590e-01, 2.697385014238067868e-01, 1.007987060233881821e-01, 3.098764138623713582e-01
3.193517746348780717e-01, 2.701139424706627823e-01, 1.009642459831355810e-01, 3.095700369113234540e-01
3.191155486506626060e-01, 2.704897896207492658e-01, 1.011325306620339537e-01, 3.092621310665541468e-01
3.188776952729088787e-01, 2.708660442401697455e-01, 1.013035675128800550e-01, 3.089526929740413763e-01
3.186382090550943236e-01, 2.712427076801833259e-01, 1.014773639592587012e-01, 3.086417193054636354e-01
3.183970845697879359e-01, 2.716197812768189057e-01, 1.016539273945221145e-01, 3.083292067588708774e-01
3.181543164093937337e-01, 2.719972663504862664e-01, 1.018332651807590944e-01, 3.080151520593610304e-01
3.179098991869009905e-01, 2.723751642055843858e-01, 1.020153846477538928e-01, 3.076995519597607864e-01
3.176638275366422959e-01, 2.727534761301085853e-01, 1.022002930919347213e-01, 3.073824032413143836e-01
3.174160961150583882e-01, 2.731322033952542361e-01, 1.023879977753118786e-01, 3.070637027143754971e-01
3.171666996014702034e-01, 2.735113472550180780e-01, 1.025785059244058023e-01, 3.067434472191059580e-01
3.169156326988577521e-01, 2.738909089457982615e-01, 1.027718247291646986e-01, 3.064216336261793017e-01
3.166628901346472125e-01, 2.742708896859912260e-01, 1.029679613418721384e-01, 3.060982588374895341e-01
3.164084666615033514e-01, 2.746512906755862460e-01, 1.031669228760446061e-01, 3.057733197868658381e-01
3.161523570581306064e-01, 2.750321130957588123e-01, 1.033687164053187640e-01, 3.054468134407917201e-01
3.158945561300802729e-01, 2.754133581084607929e-01, 1.035733489623289344e-01, 3.051187367991300969e-01
3.156350587105642980e-01, 2.757950268560086515e-01, 1.037808275375745048e-01, 3.047890868958526567e-01
3.153738596612772338e-01, 2.761771204606707220e-01, 1.039911590782773565e-01, 3.044578607997747710e-01
3.151109538732235760e-01, 2.765596400242506525e-01, 1.042043504872297993e-01, 3.041250556152958473e-01
3.148463362675532617e-01, 2.769425866276705728e-01, 1.044204086216324739e-01, 3.037906684831437887e-01
3.145800017964023310e-01, 2.773259613305507076e-01, 1.046393402919224280e-01, 3.034546965811245056e-01
3.143119454437420801e-01, 2.777097651707891024e-01, 1.048611522605920332e-01, 3.031171371248767565e-01
3.140421622262333790e-01, 2.780939991641374065e-01, 1.050858512409981599e-01, 3.027779873686309298e-01
3.137706471940883146e-01, 2.784786643037762688e-01, 1.053134438961616098e-01, 3.024372446059737096e-01
3.134973954319379974e-01, 2.788637615598888453e-01, 1.055439368375577641e-01, 3.020949061706154071e-01
3.132224020597069725e-01, 2.792492918792315870e-01, 1.057773366238975166e-01, 3.017509694371638407e-01
3.129456622334943483e-01, 2.796352561847051943e-01, 1.060136497598991451e-01, 3.014054318219013817e-01
3.126671711464600323e-01, 2.800216553749220183e-01, 1.062528826950512734e-01, 3.010582907835666067e-01
3.123869240297190708e-01, 2.804084903237735182e-01, 1.064950418223667983e-01, 3.007095438241405572e-01
3.121049161532402638e-01, 2.807957618799956645e-01, 1.067401334771275190e-01, 3.003591884896366082e-01
3.118211428267519403e-01, 2.811834708667322325e-01, 1.069881639356208974e-01, 3.000072223708949992e-01
3.115355994006536733e-01, 2.815716180810984293e-01, 1.072391394138672432e-01, 2.996536431043808069e-01
3.112482812669334353e-01, 2.819602042937412456e-01, 1.074930660663389603e-01, 2.992984483729864142e-01
3.109591838600909153e-01, 2.823492302484005290e-01, 1.077499499846714254e-01, 2.989416359068371443e-01
3.106683026580666085e-01, 2.827386966614672814e-01, 1.080097971963649567e-01, 2.985832034841011118e-01
3.103756331831763471e-01, 2.831286042215418464e-01, 1.082726136634793862e-01, 2.982231489318024065e-01
3.100811710030512702e-01, 2.835189535889904855e-01, 1.085384052813204298e-01, 2.978614701266378284e-01
3.097849117315836232e-01, 2.839097453955017336e-01, 1.088071778771175085e-01, 2.974981649957970653e-01
3.094868510298779962e-01, 2.843009802436410327e-01, 1.090789372086951037e-01, 2.971332315177859229e-01
3.091869846072065608e-01, 2.846926587064048664e-01, 1.093536889631353259e-01, 2.967666677232532746e-01
3.088853082219714108e-01, 2.850847813267746167e-01, 1.096314387554337688e-01, 2.963984716958202315e-01
3.085818176826702341e-01, 2.854773486172688668e-01, 1.099121921271478258e-01, 2.960286415729130316e-01
3.082765088488678140e-01, 2.858703610594959810e-01, 1.101959545450379441e-01, 2.956571755465984275e-01
3.079693776321718035e-01, 2.862638191037050750e-01, 1.104827313997019111e-01, 2.952840718644211826e-01
3.076604199972137743e-01, 2.866577231683382077e-01, 1.107725280042024668e-01, 2.949093288302456206e-01
3.073496319626338735e-01, 2.870520736395801298e-01, 1.110653495926880591e-01, 2.945329448050978960e-01
3.070370096020710871e-01, 2.874468708709094766e-01, 1.113612013190075217e-01, 2.941549182080118729e-01
3.067225490451566672e-01, 2.878421151826488500e-01, 1.116600882553181323e-01, 2.937752475168763366e-01
3.064062464785123341e-01, 2.882378068615150668e-01, 1.119620153906881466e-01, 2.933939312692844803e-01
3.060880981467522521e-01, 2.886339461601691303e-01, 1.122669876296925606e-01, 2.930109680633860014e-01
3.057681003534896136e-01, 2.890305332967665342e-01, 1.125750097910042102e-01, 2.926263565587396975e-01
3.054462494623452207e-01, 2.894275684545075666e-01, 1.128860866059788470e-01, 2.922400954771682269e-01
3.051225418979619519e-01, 2.898250517811877813e-01, 1.132002227172349829e-01, 2.918521836036153672e-01
3.047969741470205052e-01, 2.902229833887485788e-01, 1.135174226772287659e-01, 2.914626197870021640e-01
3.044695427592600812e-01, 2.906213633528288431e-01, 1.138376909468241105e-01, 2.910714029410870762e-01
3.041402443485011764e-01, 2.910201917123160786e-01, 1.141610318938578450e-01, 2.906785320453249555e-01
3.038090755936718734e-01, 2.914194684688991566e-01, 1.144874497917010708e-01, 2.902840061457278575e-01
3.034760332398367955e-01, 2.918191935866209508e-01, 1.148169488178156367e-01, 2.898878243557266310e-01
3.031411140992285591e-01, 2.922193669914319725e-01, 1.151495330523071708e-01, 2.894899858570322837e-01
3.028043150522817806e-01, 2.926199885707449488e-01, 1.154852064764745057e-01, 2.890904899004987372e-01
3.024656330486699130e-01, 2.930210581729904562e-01, 1.158239729713549937e-01, 2.886893358069846371e-01
3.021250651083430827e-01, 2.934225756071731639e-01, 1.161658363162673124e-01, 2.882865229682163855e-01
3.017826083225691458e-01, 2.938245406424297990e-01, 1.165108001873510352e-01, 2.878820508476500617e-01
3.014382598549755210e-01, 2.942269530075878325e-01, 1.168588681561033293e-01, 2.874759189813333449e-01
3.010920169425934101e-01, 2.946298123907261091e-01, 1.172100436879134899e-01, 2.870681269787670464e-01
3.007438768969024623e-01, 2.950331184387361971e-01, 1.175643301405952940e-01, 2.866586745237659772e-01
3.003938371048779921e-01, 2.954368707568860719e-01, 1.179217307629172873e-01, 2.862475613753187043e-01
3.000418950300375309e-01, 2.958410689083849632e-01, 1.182822486931311284e-01, 2.858347873684463081e-01
2.996880482134902102e-01, 2.962457124139499798e-01, 1.186458869574996966e-01, 2.854203524150601967e-01
2.993322942749845339e-01, 2.966508007513750655e-01, 1.190126484688225628e-01, 2.850042565048177545e-01
2.989746309139585390e-01, 2.970563333551015095e-01, 1.193825360249622936e-01, 2.845864997059776580e-01
2.986150559105889557e-01, 2.974623096157905655e-01, 1.197555523073687150e-01, 2.841670821662518054e-01
2.982535671268406463e-01, 2.978687288798984589e-01, 1.201316998796044255e-01, 2.837460041136564137e-01
2.978901625075164317e-01, 2.982755904492541688e-01, 1.205109811858691704e-01, 2.833232658573601181e-01
2.975248400813054750e-01, 2.986828935806384866e-01, 1.208933985495257019e-01, 2.828988677885304059e-01
2.971575979618314989e-01, 2.990906374853665728e-01, 1.212789541716254860e-01, 2.824728103811764424e-01
2.967884343487006693e-01, 2.994988213288731216e-01, 1.216676501294360058e-01, 2.820450941929902311e-01
2.964173475285474257e-01, 2.999074442302998023e-01, 1.220594883749693965e-01, 2.816157198661834449e-01
2.960443358760795896e-01, 3.003165052620861419e-01, 1.224544707335122468e-01, 2.811846881283220911e-01
2.956693978551216961e-01, 3.007260034495632950e-01, 1.228525989021581333e-01, 2.807519997931567923e-01
2.952925320196568282e-01, 3.011359377705504770e-01, 1.232538744483421683e-01, 2.803176557614506237e-01
2.949137370148657289e-01, 3.015463071549553953e-01, 1.236582988083778922e-01, 2.798816570218009558e-01
2.945330115781648050e-01, 3.019571104843776777e-01, 1.240658732859978991e-01, 2.794440046514596876e-01
2.941503545402401887e-01, 3.023683465917156310e-01, 1.244765990508972381e-01, 2.790046998171469839e-01
2.937657648260804111e-01, 3.027800142607771083e-01, 1.248904771372808392e-01, 2.785637437758616275e-01
2.933792414560050243e-01, 3.031921122258937062e-01, 1.253075084424147556e-01, 2.781211378756864860e-01
2.929907835466907251e-01, 3.036046391715390702e-01, 1.257276937251821658e-01, 2.776768835565879834e-01
2.926003903121935923e-01, 3.040175937319509747e-01, 1.261510336046438308e-01, 2.772309823512115745e-01
2.922080610649671617e-01, 3.044309744907577331e-01, 1.265775285586039633e-01, 2.767834358856711141e-01
2.918137952168777249e-01, 3.048447799806088820e-01, 1.270071789221813296e-01, 2.763342458803320634e-01
2.914175922802138552e-01, 3.052590086828099736e-01, 1.274399848863865536e-01, 2.758834141505895898e-01
2.910194518686926024e-01, 3.056736590269621967e-01, 1.278759464967053616e-01, 2.754309426076398948e-01
2.906193736984599152e-01, 3.060887293906060513e-01, 1.283150636516887655e-01, 2.749768332592452125e-01
2.902173575890868995e-01, 3.065042180988711285e-01, 1.287573361015499351e-01, 2.745210882104920924e-01
2.898134034645597490e-01, 3.069201234241284437e-01, 1.292027634467688979e-01, 2.740637096645429094e-01
2.894075113542650124e-01, 3.073364435856503762e-01, 1.296513451367045378e-01, 2.736046999233798793e-01
2.889996813939684217e-01, 3.077531767492742154e-01, 1.301030804682151709e-01, 2.731440613885421365e-01
2.885899138267873365e-01, 3.081703210270707038e-01, 1.305579685842875315e-01, 2.726817965618545392e-01
2.881782090041571931e-01, 3.085878744770192972e-01, 1.310160084726745278e-01, 2.722179080461490375e-01
2.877645673867913478e-01, 3.090058351026879202e-01, 1.314771989645429628e-01, 2.717523985459777691e-01
2.873489895456332599e-01, 3.094242008529187182e-01, 1.319415387331303313e-01, 2.712852708683176628e-01
2.869314761628016797e-01, 3.098429696215194706e-01, 1.324090262924123018e-01, 2.708165279232664369e-01
2.865120280325287316e-01, 3.102621392469613326e-01, 1.328796599957803026e-01, 2.703461727247296609e-01
2.860906460620891711e-01, 3.106817075120816840e-01, 1.333534380347308479e-01, 2.698742083910983802e-01
2.856673312727222580e-01, 3.111016721437944166e-01, 1.338303584375652167e-01, 2.694006381459181365e-01
2.852420848005449150e-01, 3.115220308128054394e-01, 1.343104190681021493e-01, 2.689254653185476074e-01
2.848149078974558934e-01, 3.119427811333353451e-01, 1.347936176244017015e-01, 2.684486933448069768e-01
2.843858019320314456e-01, 3.123639206628480713e-01, 1.352799516375025046e-01, 2.679703257676178674e-01
2.839547683904112274e-01, 3.127854469017868344e-01, 1.357694184701716267e-01, 2.674903662376303393e-01
2.835218088771743750e-01, 3.132073572933163352e-01, 1.362620153156682279e-01, 2.670088185138411174e-01
2.830869251162063116e-01, 3.136296492230721822e-01, 1.367577391965210110e-01, 2.665256864642004397e-01
2.826501189515550072e-01, 3.140523200189175856e-01, 1.372565869633199931e-01, 2.660409740662074141e-01
2.822113923482761910e-01, 3.144753669507068805e-01, 1.377585552935231272e-01, 2.655546854074938845e-01
2.817707473932687945e-01, 3.148987872300565427e-01, 1.382636406902779391e-01, 2.650668246863967514e-01
2.813281862960982926e-01, 3.153225780101238107e-01, 1.387718394812591238e-01, 2.645773962125188006e-01
2.808837113898091653e-01, 3.157467363853928011e-01, 1.392831478175217130e-01, 2.640864044072764316e-01
2.804373251317254234e-01, 3.161712593914677294e-01, 1.397975616723712566e-01, 2.635938538044356738e-01
2.799890301042390894e-01, 3.165961440048755127e-01, 1.403150768402504356e-01, 2.630997490506348235e-01
2.795388290155867983e-01, 3.170213871428745889e-01, 1.408356889356434105e-01, 2.626040949058950913e-01
2.790867247006126317e-01, 3.174469856632730069e-01, 1.413593933919976287e-01, 2.621068962441167605e-01
2.786327201215195171e-01, 3.178729363642539552e-01, 1.418861854606637829e-01, 2.616081580535626894e-01
2.781768183686061380e-01, 3.182992359842103380e-01, 1.424160602098550055e-01, 2.611078854373284908e-01
2.777190226609909662e-01, 3.187258812015872911e-01, 1.429490125236243803e-01, 2.606060836137973902e-01
2.772593363473223049e-01, 3.191528686347334109e-01, 1.434850371008621894e-01, 2.601027579170820392e-01
2.767977629064742873e-01, 3.195801948417607563e-01, 1.440241284543134215e-01, 2.595979137974515072e-01
2.763343059482278319e-01, 3.200078563204135640e-01, 1.445662809096150137e-01, 2.590915568217435627e-01
2.758689692139381089e-01, 3.204358495079458469e-01, 1.451114886043545216e-01, 2.585836926737615782e-01
2.754017565771852971e-01, 3.208641707810081511e-01, 1.456597454871492447e-01, 2.580743271546571127e-01
2.749326720444119077e-01, 3.212928164555436950e-01, 1.462110453167479451e-01, 2.575634661832965633e-01
2.744617197555423993e-01, 3.217217827866927227e-01, 1.467653816611534379e-01, 2.570511157966114957e-01
2.739889039845889163e-01, 3.221510659687078504e-01, 1.473227478967688298e-01, 2.565372821499344314e-01
2.735142291402391512e-01, 3.225806621348777381e-01, 1.478831372075656569e-01, 2.560219715173174260e-01
2.730376997664288319e-01, 3.230105673574605873e-01, 1.484465425842759756e-01, 2.555051902918346607e-01
2.725593205428964994e-01, 3.234407776476272423e-01, 1.490129568236079061e-01, 2.549869449858682691e-01
2.720790962857220219e-01, 3.238712889554149488e-01, 1.495823725274854632e-01, 2.544672422313776772e-01
2.715970319478469563e-01, 3.243020971696893850e-01, 1.501547821023125617e-01, 2.539460887801510691e-01
2.711131326195781455e-01, 3.247331981181186267e-01, 1.507301777582625013e-01, 2.534234915040405878e-01
2.706274035290723301e-01, 3.251645875671555497e-01, 1.513085515085925425e-01, 2.528994573951794944e-01
2.701398500428032201e-01, 3.255962612220315022e-01, 1.518898951689840737e-01, 2.523739935661812872e-01
2.696504776660099689e-01, 3.260282147267596353e-01, 1.524742003569090343e-01, 2.518471072503212227e-01
2.691592920431267744e-01, 3.264604436641492802e-01, 1.530614584910235665e-01, 2.513188058017004622e-01
2.686662989581929395e-01, 3.268929435558299845e-01, 1.536516607905872023e-01, 2.507890966953897349e-01
2.681715043352450589e-01, 3.273257098622870953e-01, 1.542447982749108326e-01, 2.502579875275571242e-01
2.676749142386875002e-01, 3.277587379829068337e-01, 1.548408617628313777e-01, 2.497254860155743439e-01
2.671765348736449552e-01, 3.281920232560333606e-01, 1.554398418722150454e-01, 2.491915999981066665e-01
2.666763725862936196e-01, 3.286255609590357785e-01, 1.560417290194890116e-01, 2.486563374351815903e-01
2.661744338641727770e-01, 3.290593463083860137e-01, 1.566465134192018827e-01, 2.481197064082394377e-01
2.656707253364749000e-01, 3.294933744597486891e-01, 1.572541850836130517e-01, 2.475817151201634148e-01
2.651652537743159899e-01, 3.299276405080807661e-01, 1.578647338223121699e-01, 2.470423718952910186e-01
2.646580260909837112e-01, 3.303621394877431228e-01, 1.584781492418684268e-01, 2.465016851794048502e-01
2.641490493421644326e-01, 3.307968663726228442e-01, 1.590944207455093906e-01, 2.459596635397032216e-01
2.636383307261495612e-01, 3.312318160762678376e-01, 1.597135375328316009e-01, 2.454163156647511390e-01
2.631258775840183417e-01, 3.316669834520303839e-01, 1.603354885995410262e-01, 2.448716503644100817e-01
2.626116973998002813e-01, 3.321023632932258440e-01, 1.609602627372257733e-01, 2.443256765697481014e-01
2.620957978006139832e-01, 3.325379503332984710e-01, 1.615878485331591896e-01, 2.437784033329283562e-01
2.615781865567841091e-01, 3.329737392460022649e-01, 1.622182343701364660e-01, 2.432298398270771878e-01
2.610588715819355254e-01, 3.334097246455915431e-01, 1.628514084263418260e-01, 2.426799953461310777e-01
2.605378609330644690e-01, 3.338459010870235000e-01, 1.634873586752495223e-01, 2.421288793046623700e-01
2.600151628105861201e-01, 3.342822630661728134e-01, 1.641260728855569728e-01, 2.415765012376841769e-01
2.594907855583595269e-01, 3.347188050200569642e-01, 1.647675386211510107e-01, 2.410228708004324705e-01
2.589647376636885490e-01, 3.351555213270747124e-01, 1.654117432411083000e-01, 2.404679977681284386e-01
2.584370277572988761e-01, 3.355924063072551755e-01, 1.660586738997282263e-01, 2.399118920357178331e-01
2.579076646132916761e-01, 3.360294542225188974e-01, 1.667083175466006206e-01, 2.393545636175888058e-01
2.573766571490726518e-01, 3.364666592769512410e-01, 1.673606609267077328e-01, 2.387960226472682634e-01
2.568440144252568391e-01, 3.369040156170875489e-01, 1.680156905805600398e-01, 2.382362793770956000e-01
2.563097456455490919e-01, 3.373415173322092397e-01, 1.686733928443668873e-01, 2.376753441778747811e-01
2.557738601566000303e-01, 3.377791584546532277e-01, 1.693337538502428796e-01, 2.371132275385038346e-01
2.552363674478368982e-01, 3.382169329601323882e-01, 1.699967595264482711e-01, 2.365499400655824425e-01
2.546972771512696632e-01, 3.386548347680679028e-01, 1.706623955976654949e-01, 2.359854924829968836e-01
2.541565990412723575e-01, 3.390928577419340950e-01, 1.713306475853110245e-01, 2.354198956314824120e-01
2.536143430343384408e-01, 3.395309956896147563e-01, 1.720015008078830954e-01, 2.348531604681636797e-01
2.530705191888115713e-01, 3.399692423637714622e-01, 1.726749403813450101e-01, 2.342852980660719286e-01
2.525251377045906742e-01, 3.404075914622239907e-01, 1.733509512195454960e-01, 2.337163196136398668e-01
2.519782089228091437e-01, 3.408460366283426191e-01, 1.740295180346742299e-01, 2.331462364141740906e-01
2.514297433254887859e-01, 3.412845714514521900e-01, 1.747106253377546659e-01, 2.325750598853042472e-01
2.508797515351678942e-01, 3.417231894672487225e-01, 1.753942574391735010e-01, 2.320028015584098824e-01
2.503282443145030678e-01, 3.421618841582267367e-01, 1.760803984492459173e-01, 2.314294730780244447e-01
2.497752325658453565e-01, 3.426006489541194022e-01, 1.767690322788190715e-01, 2.308550862012162530e-01
2.492207273307907311e-01, 3.430394772323506758e-01, 1.774601426399116666e-01, 2.302796527969470097e-01
2.486647397897035483e-01, 3.434783623184983203e-01, 1.781537130463908547e-01, 2.297031848454072767e-01
2.481072812612145351e-01, 3.439172974867694688e-01, 1.788497268146868324e-01, 2.291256944373291082e-01
2.475483632016923230e-01, 3.443562759604880119e-01, 1.795481670645436567e-01, 2.285471937732760361e-01
2.469879972046886141e-01, 3.447952909125927001e-01, 1.802490167198084747e-01, 2.279676951629101556e-01
2.464261950003570900e-01, 3.452343354661484565e-01, 1.809522585092579738e-01, 2.273872110242365352e-01
2.458629684548459260e-01, 3.456734026948679039e-01, 1.816578749674616355e-01, 2.268057538828245345e-01
2.452983295696638810e-01, 3.461124856236452718e-01, 1.823658484356835696e-01, 2.262233363710073331e-01
2.447322904810200483e-01, 3.465515772291015706e-01, 1.830761610628207914e-01, 2.256399712270575897e-01
2.441648634591373768e-01, 3.469906704401412023e-01, 1.837887948063801347e-01, 2.250556712943413418e-01
2.435960609075391026e-01, 3.474297581385198397e-01, 1.845037314334918577e-01, 2.244704495204493111e-01
2.430258953623094520e-01, 3.478688331594239069e-01, 1.852209525219614961e-01, 2.238843189563051450e-01
2.424543794913278927e-01, 3.483078882920611075e-01, 1.859404394613587419e-01, 2.232972927552521469e-01
2.418815260934766287e-01, 3.487469162802623313e-01, 1.866621734541441535e-01, 2.227093841721169143e-01
2.413073480978217278e-01, 3.491859098230939984e-01, 1.873861355168331411e-01, 2.221206065622510217e-01
2.407318585627687968e-01, 3.496248615754823930e-01, 1.881123064811977552e-01, 2.215309733805510550e-01
2.401550706751912623e-01, 3.500637641488481000e-01, 1.888406669955051687e-01, 2.209404981804555523e-01
2.395769977495331438e-01, 3.505026101117513782e-01, 1.895711975257942661e-01, 2.203491946129211287e-01
2.389976532268857368e-01, 3.509413919905493007e-01, 1.903038783571885106e-01, 2.197570764253764519e-01
2.384170506740379558e-01, 3.513801022700612786e-01, 1.910386895952467523e-01, 2.191641574606540133e-01
2.378352037825007537e-01, 3.518187333942476847e-01, 1.917756111673502295e-01, 2.185704516559014154e-01
2.372521263675058945e-01, 3.522572777668968591e-01, 1.925146228241270963e-01, 2.179759730414701502e-01
2.366678323669787753e-01, 3.526957277523236622e-01, 1.932557041409132259e-01, 2.173807357397843643e-01
2.360823358404857408e-01, 3.531340756760774635e-01, 1.939988345192494301e-01, 2.167847539641874210e-01
2.354956509681557231e-01, 3.535723138256607889e-01, 1.947439931884153430e-01, 2.161880420177682005e-01
2.349077920495765692e-01, 3.540104344512569612e-01, 1.954911592069996096e-01, 2.155906142921668045e-01
2.343187735026660556e-01, 3.544484297664690087e-01, 1.962403114645055735e-01, 2.149924852663593067e-01
2.337286098625178943e-01, 3.548862919490665679e-01, 1.969914286829933525e-01, 2.143936695054222963e-01
2.331373157802225926e-01, 3.553240131417435554e-01, 1.977444894187565805e-01, 2.137941816592774102e-01
2.325449060216636110e-01, 3.557615854528847765e-01, 1.984994720640358423e-01, 2.131940364614157701e-01
2.319513954662892619e-01, 3.561990009573417493e-01, 1.992563548487659708e-01, 2.125932487276030458e-01
2.313567991058593232e-01, 3.566362516972175767e-01, 2.000151158423588427e-01, 2.119918333545642575e-01
2.307611320431683932e-01, 3.570733296826612002e-01, 2.007757329555203141e-01, 2.113898053186501758e-01
2.301644094907442928e-01, 3.575102268926694804e-01, 2.015381839421021837e-01, 2.107871796744839876e-01
2.295666467695233748e-01, 3.579469352758993805e-01, 2.023024464009872403e-01, 2.101839715535898379e-01
2.289678593075017421e-01, 3.583834467514873667e-01, 2.030684977780086997e-01, 2.095801961630021359e-01
2.283680626383633450e-01, 3.588197532098771347e-01, 2.038363153679026984e-01, 2.089758687838567108e-01
2.277672724000845972e-01, 3.592558465136567181e-01, 2.046058763162940108e-01, 2.083710047699647849e-01
2.271655043335164825e-01, 3.596917184984018134e-01, 2.053771576217139072e-01, 2.077656195463677136e-01
2.265627742809437628e-01, 3.601273609735285985e-01, 2.061501361376517905e-01, 2.071597286078757094e-01
2.259590981846217872e-01, 3.605627657231529892e-01, 2.069247885746367810e-01, 2.065533475175884981e-01
2.253544920852910971e-01, 3.609979245069572795e-01, 2.077010915023527471e-01, 2.059464919053987653e-01
2.247489721206704372e-01, 3.614328290610654415e-01, 2.084790213517835333e-01, 2.053391774664806713e-01
2.241425545239278949e-01, 3.618674710989231991e-01, 2.092585544173890533e-01, 2.047314199597598805e-01
2.235352556221311127e-01, 3.623018423121872611e-01, 2.100396668593124128e-01, 2.041232352063692135e-01
2.229270918346759334e-01, 3.627359343716196616e-01, 2.108223347056163155e-01, 2.035146390880880896e-01
2.223180796716952567e-01, 3.631697389279890942e-01, 2.116065338545492502e-01, 2.029056475457662878e-01
2.217082357324465236e-01, 3.636032476129787416e-01, 2.123922400768411545e-01, 2.022962765777334415e-01
2.210975767036799933e-01, 3.640364520400996562e-01, 2.131794290180270002e-01, 2.016865422381933226e-01
2.204861193579868983e-01, 3.644693438056103574e-01, 2.139680762007988568e-01, 2.010764606356038875e-01
2.198738805521286144e-01, 3.649019144894419808e-01, 2.147581570273860430e-01, 2.004660479310433896e-01
2.192608772253462068e-01, 3.653341556561288117e-01, 2.155496467819617845e-01, 1.998553203365632247e-01
2.186471263976520474e-01, 3.657660588557442027e-01, 2.163425206330770734e-01, 1.992442941135267043e-01
2.180326451681025013e-01, 3.661976156248413772e-01, 2.171367536361203943e-01, 1.986329855709356440e-01
2.174174507130533507e-01, 3.666288174873987837e-01, 2.179323207358034864e-01, 1.980214110637444902e-01
2.168015602843968714e-01, 3.670596559557703920e-01, 2.187291967686712246e-01, 1.974095869911614565e-01
2.161849912077827840e-01, 3.674901225316404285e-01, 2.195273564656379794e-01, 1.967975297949388080e-01
2.155677608808213297e-01, 3.679202087069814997e-01, 2.203267744545457929e-01, 1.961852559576514332e-01
2.149498867712707484e-01, 3.683499059650175989e-01, 2.211274252627473957e-01, 1.955727820009641738e-01
2.143313864152086023e-01, 3.687792057811899449e-01, 2.219292833197122894e-01, 1.949601244838891356e-01
2.137122774151873350e-01, 3.692080996241265956e-01, 2.227323229596537280e-01, 1.943473000010322305e-01
2.130925774383750082e-01, 3.696365789566155025e-01, 2.235365184241792369e-01, 1.937343251808301969e-01
2.124723042146809959e-01, 3.700646352365801750e-01, 2.243418438649604774e-01, 1.931212166837784072e-01
2.118514755348675782e-01, 3.704922599180574538e-01, 2.251482733464253705e-01, 1.925079912006495697e-01
2.112301092486478238e-01, 3.709194444521799472e-01, 2.259557808484686237e-01, 1.918946654507035499e-01
2.106082232627695672e-01, 3.713461802881579676e-01, 2.267643402691826293e-01, 1.912812561798898636e-01
2.099858355390868403e-01, 3.717724588742652436e-01, 2.275739254276063495e-01, 1.906677801590416776e-01
2.093629640926188973e-01, 3.721982716588260187e-01, 2.283845100664922134e-01, 1.900542541820628428e-01
2.087396269895963330e-01, 3.726236100912035942e-01, 2.291960678550915009e-01, 1.894406950641085163e-01
2.081158423454968487e-01, 3.730484656227898710e-01, 2.300085723919546299e-01, 1.888271196397587059e-01
2.074916283230684722e-01, 3.734728297079966119e-01, 2.308219972077489301e-01, 1.882135447611859025e-01
2.068670031303434798e-01, 3.738966938052469269e-01, 2.316363157680915441e-01, 1.875999872963180770e-01
2.062419850186409664e-01, 3.743200493779673121e-01, 2.324515014763962606e-01, 1.869864641269953220e-01
2.056165922805602564e-01, 3.747428878955807452e-01, 2.332675276767359196e-01, 1.863729921471229400e-01
2.049908432479650433e-01, 3.751652008344987799e-01, 2.340843676567165299e-01, 1.857595882608195359e-01
2.043647562899585657e-01, 3.755869796791139748e-01, 2.349019946503652922e-01, 1.851462693805621396e-01
2.037383498108503999e-01, 3.760082159227923770e-01, 2.357203818410300855e-01, 1.845330524253270543e-01
2.031116422481162309e-01, 3.764289010688642301e-01, 2.365395023642903605e-01, 1.839199543187290675e-01
2.024846520703489083e-01, 3.768490266316149029e-01, 2.373593293108788305e-01, 1.833069919871572750e-01
2.018573977752042281e-01, 3.772685841372737103e-01, 2.381798357296125435e-01, 1.826941823579094626e-01
2.012298978873393041e-01, 3.776875651250019006e-01, 2.390009946303338906e-01, 1.820815423573249603e-01
2.006021709563455824e-01, 3.781059611478787552e-01, 2.398227789868592474e-01, 1.814690889089163595e-01
1.999742355546766104e-01, 3.785237637738859684e-01, 2.406451617399365528e-01, 1.808568389315008407e-01
1.993461102755709202e-01, 3.789409645868895837e-01, 2.414681158002081884e-01, 1.802448093373313076e-01
1.987178137309703607e-01, 3.793575551876195995e-01, 2.422916140511821304e-01, 1.796330170302278262e-01
1.980893645494351263e-01, 3.797735271946472979e-01, 2.431156293522074574e-01, 1.790214789037101739e-01
1.974607813740550943e-01, 3.801888722453590219e-01, 2.439401345414548283e-01, 1.784102118391311109e-01
1.968320828603587758e-01, 3.806035819969277312e-01, 2.447651024389015384e-01, 1.777992327038118991e-01
1.962032876742196563e-01, 3.810176481272802840e-01, 2.455905058493201842e-01, 1.771885583491800420e-01
1.955744144897610115e-01, 3.814310623360611108e-01, 2.464163175652686610e-01, 1.765782056089092167e-01
1.949454819872595557e-01, 3.818438163455934453e-01, 2.472425103700843507e-01, 1.759681912970625373e-01
1.943165088510482585e-01, 3.822559019018348936e-01, 2.480690570408771722e-01, 1.753585322062397589e-01
1.936875137674189118e-01, 3.826673107753286174e-01, 2.488959303515247690e-01, 1.747492451057277296e-01
1.930585154225251676e-01, 3.830780347621517423e-01, 2.497231030756670578e-01, 1.741403467396560600e-01
1.924295325002864376e-01, 3.834880656848569380e-01, 2.505505479896994458e-01, 1.735318538251571785e-01
1.918005836802930686e-01, 3.838973953934102235e-01, 2.513782378757644653e-01, 1.729237830505321039e-01
1.911716876357132111e-01, 3.843060157661230547e-01, 2.522061455247416872e-01, 1.723161510734219359e-01
1.905428630312024640e-01, 3.847139187105790836e-01, 2.530342437392331667e-01, 1.717089745189854244e-01
1.899141285208159058e-01, 3.851210961645545328e-01, 2.538625053365461959e-01, 1.711022699780832268e-01
1.892855027459240114e-01, 3.855275400969347399e-01, 2.546909031516713662e-01, 1.704960540054699381e-01
1.886570043331321500e-01, 3.859332425086214324e-01, 2.555194100402538027e-01, 1.698903431179926704e-01
1.880286518922045791e-01, 3.863381954334358381e-01, 2.563479988815607902e-01, 1.692851537927987926e-01
1.874004640139933509e-01, 3.867423909390152459e-01, 2.571766425814405177e-01, 1.686805024655508578e-01
1.867724592683727425e-01, 3.871458211277012951e-01, 2.580053140752746610e-01, 1.680764055286514680e-01
1.861446562021791817e-01, 3.875484781374223253e-01, 2.588339863309216948e-01, 1.674728793294768536e-01
1.855170733371582781e-01, 3.879503541425687874e-01, 2.596626323516525447e-01, 1.668699401686204176e-01
1.848897291679179877e-01, 3.883514413548598831e-01, 2.604912251790757471e-01, 1.662676042981463820e-01
1.842626421598900222e-01, 3.887517320242040442e-01, 2.613197378960522843e-01, 1.656658879198537326e-01
1.836358307472978346e-01, 3.891512184395504170e-01, 2.621481436296004275e-01, 1.650648071835512654e-01
1.830093133311347930e-01, 3.895498929297337432e-01, 2.629764155537870907e-01, 1.644643781853444009e-01
1.823831082771494028e-01, 3.899477478643086359e-01, 2.638045268926090259e-01, 1.638646169659328800e-01
1.817572339138409931e-01, 3.903447756543781955e-01, 2.646324509228593080e-01, 1.632655395089215311e-01
1.811317085304646746e-01, 3.907409687534120768e-01, 2.654601609769804416e-01, 1.626671617391428903e-01
1.805065503750468980e-01, 3.911363196580563417e-01, 2.662876304459038113e-01, 1.620694995209930878e-01
1.798817776524111733e-01, 3.915308209089347069e-01, 2.671148327818732571e-01, 1.614725686567809460e-01
1.792574085222158053e-01, 3.919244650914398553e-01, 2.679417415012533277e-01, 1.608763848850910672e-01
1.786334610970024273e-01, 3.923172448365163656e-01, 2.687683301873209918e-01, 1.602809638791600766e-01
1.780099534402573014e-01, 3.927091528214333160e-01, 2.695945724930409182e-01, 1.596863212452685199e-01
1.773869035644843606e-01, 3.931001817705470636e-01, 2.704204421438218819e-01, 1.590924725211466106e-01
1.767643294292922107e-01, 3.934903244560556401e-01, 2.712459129402566282e-01, 1.584994331743954377e-01
1.761422489394936786e-01, 3.938795736987412699e-01, 2.720709587608414748e-01, 1.579072186009236323e-01
1.755206799432195708e-01, 3.942679223687037826e-01, 2.728955535646769293e-01, 1.573158441233998839e-01
1.748996402300466435e-01, 3.946553633860836463e-01, 2.737196713941482673e-01, 1.567253249897213596e-01
1.742791475291403935e-01, 3.950418897217746195e-01, 2.745432863775856269e-01, 1.561356763714993601e-01
1.736592195074124489e-01, 3.954274943981246904e-01, 2.753663727319023424e-01, 1.555469133625605460e-01
1.730398737676939469e-01, 3.958121704896281901e-01, 2.761889047652115181e-01, 1.549590509774662617e-01
1.724211278469245934e-01, 3.961959111236050823e-01, 2.770108568794208970e-01, 1.543721041500493441e-01
1.718029992143577656e-01, 3.965787094808705948e-01, 2.778322035728038597e-01, 1.537860877319676967e-01
1.711855052697828228e-01, 3.969605587963931925e-01, 2.786529194425471645e-01, 1.532010164912768202e-01
1.705686633417638487e-01, 3.973414523599407833e-01, 2.794729791872748725e-01, 1.526169051110203845e-01
1.699524906858962126e-01, 3.977213835167164313e-01, 2.802923576095480152e-01, 1.520337681878394520e-01
1.693370044830805610e-01, 3.981003456679817476e-01, 2.811110296183375601e-01, 1.514516202306001313e-01
1.687222218378153504e-01, 3.984783322716694554e-01, 2.819289702314740076e-01, 1.508704756590411034e-01
1.681081597765075875e-01, 3.988553368429832435e-01, 2.827461545780692309e-01, 1.502903488024398826e-01
1.674948352458020817e-01, 3.992313529549866291e-01, 2.835625579009120600e-01, 1.497112538982993124e-01
1.668822651109306276e-01, 3.996063742391789964e-01, 2.843781555588371091e-01, 1.491332050910534335e-01
1.662704661540798656e-01, 3.999803943860603117e-01, 2.851929230290660144e-01, 1.485562164307938637e-01
1.656594550727795156e-01, 4.003534071456838483e-01, 2.860068359095202517e-01, 1.479803018720163565e-01
1.650492484783104563e-01, 4.007254063281956435e-01, 2.868198699211056968e-01, 1.474054752723882311e-01
1.644398628941329821e-01, 4.010963858043624097e-01, 2.876320009099686548e-01, 1.468317503915359534e-01
1.638313147543364323e-01, 4.014663395060870665e-01, 2.884432048497217460e-01, 1.462591408898546996e-01
1.632236204021090542e-01, 4.018352614269113943e-01, 2.892534578436410930e-01, 1.456876603273384030e-01
1.626167960882297647e-01, 4.022031456225066415e-01, 2.900627361268325322e-01, 1.451173221624310894e-01
1.620108579695809514e-01, 4.025699862111506988e-01, 2.908710160683674051e-01, 1.445481397509010002e-01
1.614058221076836164e-01, 4.029357773741937265e-01, 2.916782741733878748e-01, 1.439801263447346991e-01
1.608017044672538642e-01, 4.033005133565102929e-01, 2.924844870851810996e-01, 1.434132950910548265e-01
1.601985209147825384e-01, 4.036641884669384117e-01, 2.932896315872203785e-01, 1.428476590310587546e-01
1.595962872171368951e-01, 4.040267970787065899e-01, 2.940936846051763753e-01, 1.422832310989801952e-01
1.589950190401848429e-01, 4.043883336298478848e-01, 2.948966232088945927e-01, 1.417200241210726797e-01
1.583947319474428017e-01, 4.047487926236001399e-01, 2.956984246143405937e-01, 1.411580508146164092e-01
1.577954413987465998e-01, 4.051081686287942296e-01, 2.964990661855125276e-01, 1.405973237869466708e-01
1.571971627489450740e-01, 4.054664562802287597e-01, 2.972985254363202379e-01, 1.400378555345058451e-01
1.565999112466185117e-01, 4.058236502790322775e-01, 2.980967800324307859e-01, 1.394796584419183694e-01
1.560037020328199076e-01, 4.061797453930116597e-01, 2.988938077930803905e-01, 1.389227447810880145e-01
1.554085501398403679e-01, 4.065347364569880662e-01, 2.996895866928526164e-01, 1.383671267103189495e-01
1.548144704899993007e-01, 4.068886183731199591e-01, 3.004840948634209807e-01, 1.378128162734598150e-01
1.542214778944580034e-01, 4.072413861112118005e-01, 3.012773105952594177e-01, 1.372598253990708617e-01
1.536295870520583695e-01, 4.075930347090116479e-01, 3.020692123393151629e-01, 1.367081658996148197e-01
1.530388125481860206e-01, 4.079435592724936499e-01, 3.028597787086494408e-01, 1.361578494706708886e-01
1.524491688536579181e-01, 4.082929549761290522e-01, 3.036489884800406269e-01, 1.356088876901725415e-01
1.518606703236352884e-01, 4.086412170631424923e-01, 3.044368205955540474e-01, 1.350612920176681997e-01
1.512733311965611949e-01, 4.089883408457573588e-01, 3.052232541640748087e-01, 1.345150737936066099e-01
1.506871655931234510e-01, 4.093343217054259409e-01, 3.060082684628060989e-01, 1.339702442386446479e-01
1.501021875152422913e-01, 4.096791550930472536e-01, 3.067918429387309076e-01, 1.334268144529795475e-01
1.495184108450840210e-01, 4.100228365291731514e-01, 3.075739572100382180e-01, 1.328847954157045819e-01
1.489358493440994524e-01, 4.103653616041991192e-01, 3.083545910675131729e-01, 1.323441979841882832e-01
1.483545166520878478e-01, 4.107067259785439628e-01, 3.091337244758904923e-01, 1.318050328934775584e-01
1.477744262862868974e-01, 4.110469253828158420e-01, 3.099113375751726407e-01, 1.312673107557245367e-01
1.471955916404875109e-01, 4.113859556179648713e-01, 3.106874106819109693e-01, 1.307310420596365097e-01
1.466180259841747546e-01, 4.117238125554243955e-01, 3.114619242904502205e-01, 1.301962371699505183e-01
1.460417424616943516e-01, 4.120604921372376661e-01, 3.122348590741372831e-01, 1.296629063269306714e-01
1.454667540914446611e-01, 4.123959903761728607e-01, 3.130061958864928107e-01, 1.291310596458896676e-01
1.448930737650946932e-01, 4.127303033558253342e-01, 3.137759157623464246e-01, 1.286007071167334370e-01
1.443207142468276583e-01, 4.130634272307066035e-01, 3.145439999189359459e-01, 1.280718586035296536e-01
1.437496881726101905e-01, 4.133953582263215631e-01, 3.153104297569686021e-01, 1.275445238440995610e-01
1.431800080494876615e-01, 4.137260926392325455e-01, 3.160751868616466509e-01, 1.270187124496331421e-01
1.426116862549046682e-01, 4.140556268371103354e-01, 3.168382530036569222e-01, 1.264944339043278243e-01
1.420447350360519723e-01, 4.143839572587754705e-01, 3.175996101401220573e-01, 1.259716975650504167e-01
1.414791665092383910e-01, 4.147110804142229989e-01, 3.183592404155167199e-01, 1.254505126610218346e-01
1.409149926592888902e-01, 4.150369928846389111e-01, 3.191171261625464495e-01, 1.249308882935256521e-01
1.403522253389679619e-01, 4.153616913224021934e-01, 3.198732499029907084e-01, 1.244128334356390531e-01
1.397908762684290096e-01, 4.156851724510753909e-01, 3.206275943485085156e-01, 1.238963569319870006e-01
1.392309570346887404e-01, 4.160074330653831809e-01, 3.213801424014088859e-01, 1.233814674985191928e-01
1.386724790911272598e-01, 4.163284700311789543e-01, 3.221308771553842987e-01, 1.228681737223094733e-01
1.381154537570137564e-01, 4.166482802854000744e-01, 3.228797818962079735e-01, 1.223564840613782512e-01
1.375598922170571947e-01, 4.169668608360100892e-01, 3.236268401023956187e-01, 1.218464068445370557e-01
1.370058055209824599e-01, 4.172842087619311746e-01, 3.243720354458310418e-01, 1.213379502712554070e-01
1.364532045831314544e-01, 4.176003212129632547e-01, 3.251153517923551228e-01, 1.208311224115502652e-01
1.359021001820895080e-01, 4.179151954096931298e-01, 3.258567732023205377e-01, 1.203259312058969216e-01
1.353525029603363794e-01, 4.182288286433910596e-01, 3.265962839311100652e-01, 1.198223844651623154e-01
1.348044234239226258e-01, 4.185412182758976307e-01, 3.273338684296195900e-01, 1.193204898705601397e-01
1.342578719421700095e-01, 4.188523617394974696e-01, 3.280695113447056888e-01, 1.188202549736268460e-01
1.337128587473971342e-01, 4.191622565367839615e-01, 3.288031975195989665e-01, 1.183216871962199657e-01
1.331693939346691169e-01, 4.194709002405119236e-01, 3.295349119942816429e-01, 1.178247938305373305e-01
1.326274874615718247e-01, 4.197782904934399539e-01, 3.302646400058309450e-01, 1.173295820391571376e-01
1.320871491480102855e-01, 4.200844250081619546e-01, 3.309923669887281927e-01, 1.168360588550994977e-01
1.315483886760308863e-01, 4.203893015669281641e-01, 3.317180785751326355e-01, 1.163442311819082031e-01
1.310112155896677177e-01, 4.206929180214561415e-01, 3.324417605951227039e-01, 1.158541057937533814e-01
1.304756392948127897e-01, 4.209952722927306490e-01, 3.331633990769021780e-01, 1.153656893355543833e-01
1.299416690591093382e-01, 4.212963623707943195e-01, 3.338829802469734931e-01, 1.148789883231229603e-01
1.294093140118687812e-01, 4.215961863145277211e-01, 3.346004905302772947e-01, 1.143940091433262030e-01
1.288785831440109886e-01, 4.218947422514200962e-01, 3.353159165502994088e-01, 1.139107580542694648e-01
1.283494853080275333e-01, 4.221920283773294424e-01, 3.360292451291441718e-01, 1.134292411854989358e-01
1.278220292179674533e-01, 4.224880429562337669e-01, 3.367404632875757864e-01, 1.129494645382229934e-01
1.272962234494462719e-01, 4.227827843199728486e-01, 3.374495582450274256e-01, 1.124714339855535511e-01
1.267720764396768618e-01, 4.230762508679799527e-01, 3.381565174195776957e-01, 1.119951552727657396e-01
1.262495964875229026e-01, 4.233684410670050524e-01, 3.388613284278958471e-01, 1.115206340175762395e-01
1.257287917535745703e-01, 4.236593534508288905e-01, 3.395639790851557316e-01, 1.110478757104407244e-01
1.252096702602453759e-01, 4.239489866199679935e-01, 3.402644574049178972e-01, 1.105768857148687057e-01
1.246922398918914043e-01, 4.242373392413702482e-01, 3.409627515989812618e-01, 1.101076692677570856e-01
1.241765083949514098e-01, 4.245244100481034288e-01, 3.416588500772042014e-01, 1.096402314797410987e-01
1.236624833781084093e-01, 4.248101978390333433e-01, 3.423527414472952723e-01, 1.091745773355628918e-01
1.231501723124721059e-01, 4.250947014784954847e-01, 3.430444145145746249e-01, 1.087107116944576735e-01
1.226395825317818516e-01, 4.253779198959569685e-01, 3.437338582817045518e-01, 1.082486392905564615e-01
1.221307212326306069e-01, 4.256598520856711421e-01, 3.444210619483922819e-01, 1.077883647333059136e-01
1.216235954747083292e-01, 4.259404971063242562e-01, 3.451060149110625197e-01, 1.073298925079048116e-01
1.211182121810663592e-01, 4.262198540806743097e-01, 3.457887067625025623e-01, 1.068732269757567827e-01
1.206145781384007493e-01, 4.264979221951820665e-01, 3.464691272914782738e-01, 1.064183723749388411e-01
1.201126999973553544e-01, 4.267747006996353010e-01, 3.471472664823229692e-01, 1.059653328206863060e-01
1.196125842728446159e-01, 4.270501889067649381e-01, 3.478231145144977110e-01, 1.055141123058927904e-01
1.191142373443944136e-01, 4.273243861918540887e-01, 3.484966617621259033e-01, 1.050647147016254834e-01
1.186176654565027216e-01, 4.275972919923413107e-01, 3.491678987934998535e-01, 1.046171437576561281e-01
1.181228747190179174e-01, 4.278689058074149898e-01, 3.498368163705611322e-01, 1.041714031030058496e-01
1.176298711075359493e-01, 4.281392271976030006e-01, 3.505034054483557870e-01, 1.037274962465052075e-01
1.171386604638147977e-01, 4.284082557843544858e-01, 3.511676571744624664e-01, 1.032854265773682362e-01
1.166492484962073639e-01, 4.286759912496156955e-01, 3.518295628883964521e-01, 1.028451973657805996e-01
1.161616407801110418e-01, 4.289424333353999419e-01, 3.524891141209877121e-01, 1.024068117635011793e-01
1.156758427584353294e-01, 4.292075818433511714e-01, 3.531463025937358613e-01, 1.019702728044777212e-01
1.151918597420853174e-01, 4.294714366343007628e-01, 3.538011202181389758e-01, 1.015355834054748607e-01
1.147096969104625525e-01, 4.297339976278205520e-01, 3.544535590950008141e-01, 1.011027463667159704e-01
1.142293593119819428e-01, 4.299952648017682511e-01, 3.551036115137127247e-01, 1.006717643725369982e-01
1.137508518646047490e-01, 4.302552381918284818e-01, 3.557512699515139043e-01, 1.002426399920529343e-01
1.132741793563871724e-01, 4.305139178910479814e-01, 3.563965270727283974e-01, 9.981537567983644887e-02
1.127993464460449319e-01, 4.307713040493661438e-01, 3.570393757279804459e-01, 9.938997377660840904e-02
1.123263576635325223e-01, 4.310273968731404004e-01, 3.576798089533873015e-01, 9.896643650993991459e-02
1.118552174106375724e-01, 4.312821966246656591e-01, 3.583178199697313882e-01, 9.854476599496538036e-02
1.113859299615900939e-01, 4.315357036216916353e-01, 3.589534021816108145e-01, 9.812496423510745636e-02
1.109184994636857741e-01, 4.317879182369321334e-01, 3.595865491765703470e-01, 9.770703312281164843e-02
1.104529299379235080e-01, 4.320388408975733840e-01, 3.602172547242107337e-01, 9.729097444029244368e-02
1.099892252796567382e-01, 4.322884720847751661e-01, 3.608455127752792091e-01, 9.687678986028898376e-02
1.095273892592581733e-01, 4.325368123331698178e-01, 3.614713174607409041e-01, 9.646448094683104935e-02
1.090674255227980505e-01, 4.327838622303569194e-01, 3.620946630908304376e-01, 9.605404915601467586e-02
1.086093375927348059e-01, 4.330296224163927565e-01, 3.627155441540851344e-01, 9.564549583678709499e-02
1.081531288686189834e-01, 4.332740935832786744e-01, 3.633339553163612567e-01, 9.523882223174118256e-02
1.076988026278090788e-01, 4.335172764744427143e-01, 3.639498914198300294e-01, 9.483402947791812199e-02
1.072463620261997347e-01, 4.337591718842213062e-01, 3.645633474819593434e-01, 9.443111860761962961e-02
1.067958100989614967e-01, 4.339997806573345773e-01, 3.651743186944762520e-01, 9.403009054922770171e-02
1.063471497612923922e-01, 4.342391036883610500e-01, 3.657828004223134255e-01, 9.363094612803306294e-02
1.059003838091804178e-01, 4.344771419212077324e-01, 3.663887882025406717e-01, 9.323368606707112261e-02
1.054555149201771430e-01, 4.347138963485781549e-01, 3.669922777432790828e-01, 9.283831098796561931e-02
1.050125456541819574e-01, 4.349493680114377980e-01, 3.675932649226008042e-01, 9.244482141177964851e-02
1.045714784542366993e-01, 4.351835579984761337e-01, 3.681917457874135935e-01, 9.205321775987367061e-02
1.041323156473302619e-01, 4.354164674455679451e-01, 3.687877165523313350e-01, 9.166350035477043023e-02
1.036950594452133168e-01, 4.356480975352304830e-01, 3.693811735985300659e-01, 9.127566942102628700e-02
1.032597119452220713e-01, 4.358784494960796230e-01, 3.699721134725892369e-01, 9.088972508610891621e-02
1.028262751311118106e-01, 4.361075246022841911e-01, 3.705605328853227021e-01, 9.050566738128117128e-02
1.023947508738990847e-01, 4.363353241730175691e-01, 3.711464287105928350e-01, 9.012349624249059443e-02
1.019651409327126668e-01, 4.365618495719079117e-01, 3.717297979841149291e-01, 8.974321151126439522e-02
1.015374469556530046e-01, 4.367871022064876430e-01, 3.723106379022492196e-01, 8.936481293561007733e-02
1.011116704806597905e-01, 4.370110835276401207e-01, 3.728889458207793606e-01, 8.898830017092075606e-02
1.006878129363872332e-01, 4.372337950290456354e-01, 3.734647192536817428e-01, 8.861367278088547184e-02
1.002658756430872961e-01, 4.374552382466266320e-01, 3.740379558718820441e-01, 8.824093023840397232e-02
9.984585981350002637e-02, 4.376754147579910437e-01, 3.746086535020027863e-01, 8.787007192650610199e-02
9.942776655375083761e-02, 4.378943261818747934e-01, 3.751768101250994025e-01, 8.750109713927478605e-02
9.901159686425493878e-02, 4.381119741775845178e-01, 3.757424238753870327e-01, 8.713400508277344136e-02
9.859735164062806423e-02, 4.383283604444374593e-01, 3.763054930389578834e-01, 8.676879487597656537e-02
9.818503167460344849e-02, 4.385434867212033572e-01, 3.768660160524894831e-01, 8.640546555170387777e-02
9.777463765495489345e-02, 4.387573547855432854e-01, 3.774239915019439451e-01, 8.604401605755777893e-02
9.736617016842587236e-02, 4.389699664534508217e-01, 3.779794181212596249e-01, 8.568444525686368107e-02
9.695962970066346331e-02, 4.391813235786902747e-01, 3.785322947910337299e-01, 8.532675192961267086e-02
9.655501663715822247e-02, 4.393914280522362437e-01, 3.790826205371982116e-01, 8.497093477340737777e-02
9.615233126418860909e-02, 4.396002818017135660e-01, 3.796303945296883864e-01, 8.461699240440952174e-02
9.575157376977036505e-02, 4.398078867908363221e-01, 3.801756160811036178e-01, 8.426492335828975055e-02
9.535274424461025189e-02, 4.400142450188471721e-01, 3.807182846453630032e-01, 8.391472609117950343e-02
9.495584268306428433e-02, 4.402193585199579151e-01, 3.812583998163536214e-01, 8.356639898062409588e-02
9.456086898409964137e-02, 4.404232293627889927e-01, 3.817959613265735075e-01, 8.321994032653770579e-02
9.416782295226057420e-02, 4.406258596498111579e-01, 3.823309690457690202e-01, 8.287534835215903950e-02
9.377670429863788071e-02, 4.408272515167860894e-01, 3.828634229795673249e-01, 8.253262120500873267e-02
9.338751264184126655e-02, 4.410274071322090594e-01, 3.833933232681028813e-01, 8.219175695784676494e-02
9.300024750897556425e-02, 4.412263286967517684e-01, 3.839206701846414327e-01, 8.185275360963116531e-02
9.261490833661893685e-02, 4.414240184427061231e-01, 3.844454641341981116e-01, 8.151560908647684234e-02
9.223149447180409299e-02, 4.416204786334290144e-01, 3.849677056521521590e-01, 8.118032124261465032e-02
9.185000517300209721e-02, 4.418157115627885934e-01, 3.854873954028589234e-01, 8.084688786135041383e-02
9.147043961110776222e-02, 4.420097195546111579e-01, 3.860045341782570305e-01, 8.051530665602418813e-02
9.109279687042749762e-02, 4.422025049621290949e-01, 3.865191228964744985e-01, 8.018557527096872861e-02
9.071707594966865740e-02, 4.423940701674322629e-01, 3.870311626004312444e-01, 7.985769128246784920e-02
9.034327576293046946e-02, 4.425844175809169334e-01, 3.875406544564389266e-01, 7.953165219971373989e-02
8.997139514069606159e-02, 4.427735496407404492e-01, 3.880475997527998433e-01, 7.920745546576377083e-02
8.960143283082590282e-02, 4.429614688122746613e-01, 3.885519998984036660e-01, 7.888509845849585311e-02
8.923338749955193883e-02, 4.431481775875623641e-01, 3.890538564213225636e-01, 7.856457849156316120e-02
8.886725773247231008e-02, 4.433336784847750622e-01, 3.895531709674058263e-01, 7.824589281534691243e-02
8.850304203554681948e-02, 4.435179740476724031e-01, 3.900499452988727689e-01, 7.792903861790798081e-02
8.814073883609245541e-02, 4.437010668450648287e-01, 3.905441812929060785e-01, 7.761401302593663731e-02
8.778034648377912308e-02, 4.438829594702757841e-01, 3.910358809402446068e-01, 7.730081310570066644e-02
8.742186325162512595e-02, 4.440636545406086433e-01, 3.915250463437751627e-01, 7.698943586399102645e-02
8.706528733699275824e-02, 4.442431546968143019e-01, 3.920116797171270817e-01, 7.667987824906591365e-02
8.671061686258280110e-02, 4.444214626025610460e-01, 3.924957833832639631e-01, 7.637213715159212046e-02
8.635784987742890773e-02, 4.445985809439074177e-01, 3.929773597730796264e-01, 7.606620940558408983e-02
8.600698435789086438e-02, 4.447745124287765806e-01, 3.934564114239922361e-01, 7.576209178934031896e-02
8.565801820864701877e-02, 4.449492597864340704e-01, 3.939329409785419234e-01, 7.545978102637711238e-02
8.531094926368539000e-02, 4.451228257669665456e-01, 3.944069511829888519e-01, 7.515927378635925415e-02
8.496577528729332141e-02, 4.452952131407655889e-01, 3.948784448859131158e-01, 7.486056668602796005e-02
8.462249397504609250e-02, 4.454664246980109543e-01, 3.953474250368174125e-01, 7.456365629012559615e-02
8.428110295479315783e-02, 4.456364632481592536e-01, 3.958138946847308826e-01, 7.426853911231681704e-02
8.394159978764312302e-02, 4.458053316194333648e-01, 3.962778569768167225e-01, 7.397521161610674800e-02
8.360398196894650025e-02, 4.459730326583166149e-01, 3.967393151569814091e-01, 7.368367021575539244e-02
8.326824692927620175e-02, 4.461395692290473503e-01, 3.971982725644879753e-01, 7.339391127718851437e-02
8.293439203540589610e-02, 4.463049442131184485e-01, 3.976547326325711174e-01, 7.310593111890456575e-02
8.260241459128567221e-02, 4.464691605087789950e-01, 3.981086988870572441e-01, 7.281972601287810265e-02
8.227231183901557998e-02, 4.466322210305387341e-01, 3.985601749449869668e-01, 7.253529218545874679e-02
8.194408095981585427e-02, 4.467941287086758528e-01, 3.990091645132416986e-01, 7.225262581826648323e-02
8.161771907499457135e-02, 4.469548864887481487e-01, 3.994556713871748599e-01, 7.197172304908243390e-02
8.129322324691226620e-02, 4.471144973311061976e-01, 3.998996994492460266e-01, 7.169257997273550953e-02
8.097059047994331626e-02, 4.472729642104110725e-01, 4.003412526676609073e-01, 7.141519264198468997e-02
8.064981772143389738e-02, 4.474302901151544498e-01, 4.007803350950150389e-01, 7.113955706839655835e-02
8.033090186265710864e-02, 4.475864780471820459e-01, 4.012169508669425344e-01, 7.086566922321851925e-02
8.001383973976364250e-02, 4.477415310212202182e-01, 4.016511042007690491e-01, 7.059352503824720126e-02
7.969862813472962382e-02, 4.478954520644068960e-01, 4.020827993941718526e-01, 7.032312040669182196e-02
7.938526377630021613e-02, 4.480482442158241208e-01, 4.025120408238422320e-01, 7.005445118403333393e-02
7.907374334092953649e-02, 4.481999105260357497e-01, 4.029388329441567773e-01, 6.978751318887796429e-02
7.876406345371618489e-02, 4.483504540566269347e-01, 4.033631802858509419e-01, 6.952230220380596626e-02
7.845622068933526261e-02, 4.484998778797486541e-01, 4.037850874547007640e-01, 6.925881397621531932e-02
7.815021157296564436e-02, 4.486481850776644076e-01, 4.042045591302096397e-01, 6.899704421916025288e-02
7.784603258121317038e-02, 4.487953787423014651e-01, 4.046216000643013122e-01, 6.873698861218420497e-02
7.754368014302924494e-02, 4.489414619748043345e-01, 4.050362150800185801e-01, 6.847864280214784050e-02
7.724315064062507730e-02, 4.490864378850938921e-01, 4.054484090702296095e-01, 6.822200240405142113e-02
7.694444041038106530e-02, 4.492303095914274569e-01, 4.058581869963395761e-01, 6.796706300185183236e-02
7.664754574375175211e-02, 4.493730802199649155e-01, 4.062655538870094674e-01, 6.771382014927390669e-02
7.635246288816559257e-02, 4.495147529043365675e-01, 4.066705148368814915e-01, 6.746226937061614026e-02
7.605918804792020926e-02, 4.496553307852166337e-01, 4.070730750053120905e-01, 6.721240616155114977e-02
7.576771738507223630e-02, 4.497948170098974296e-01, 4.074732396151103941e-01, 6.696422598991980113e-02
7.547804702032250013e-02, 4.499332147318713671e-01, 4.078710139512860544e-01, 6.671772429652005065e-02
7.519017303389567697e-02, 4.500705271104123439e-01, 4.082664033598022990e-01, 6.647289649588970784e-02
7.490409146641503757e-02, 4.502067573101640741e-01, 4.086594132463374218e-01, 6.622973797708338328e-02
7.461979831977173794e-02, 4.503419085007307476e-01, 4.090500490750540452e-01, 6.598824410444360800e-02
7.433728955798848959e-02, 4.504759838562712448e-01, 4.094383163673745996e-01, 6.574841021836574928e-02
7.405656110807833092e-02, 4.506089865550981788e-01, 4.098242207007663507e-01, 6.551023163605720900e-02
7.377760886089725079e-02, 4.507409197792796030e-01, 4.102077677075328666e-01, 6.527370365229041849e-02
7.350042867199180208e-02, 4.508717867142449931e-01, 4.105889630736135887e-01, 6.503882154014957451e-02
7.322501636244063694e-02, 4.510015905483955589e-01, 4.109678125373921742e-01, 6.480558055177168542e-02
7.295136771969049083e-02, 4.511303344727168874e-01, 4.113443218885117769e-01, 6.457397591908081713e-02
7.267947849838650443e-02, 4.512580216803972477e-01, 4.117184969666994876e-01, 6.434400285451688517e-02
7.240934442119649483e-02, 4.513846553664480621e-01, 4.120903436605978243e-01, 6.411565655175763268e-02
7.214096117962960630e-02, 4.515102387273293716e-01, 4.124598679066064921e-01, 6.388893218643459937e-02
7.187432443484878530e-02, 4.516347749605782447e-01, 4.128270756877303049e-01, 6.366382491684273448e-02
7.160942981847749633e-02, 4.517582672644419040e-01, 4.131919730324367657e-01, 6.344032988464377854e-02
7.134627293340027598e-02, 4.518807188375142392e-01, 4.135545660135223622e-01, 6.321844221556316423e-02
7.108484935455722242e-02, 4.520021328783752623e-01, 4.139148607469866903e-01, 6.299815702008081109e-02
7.082515462973262843e-02, 4.521225125852362803e-01, 4.142728633909157354e-01, 6.277946939411531424e-02
7.056718428033685597e-02, 4.522418611555876211e-01, 4.146285801443738706e-01, 6.256237441970186053e-02
7.031093380218285394e-02, 4.523601817858494134e-01, 4.149820172463039580e-01, 6.234686716566362891e-02
7.005639866625583412e-02, 4.524774776710293045e-01, 4.153331809744378877e-01, 6.213294268827693201e-02
6.980357431947686875e-02, 4.525937520043797901e-01, 4.156820776442134990e-01, 6.192059603192983513e-02
6.955245618546027075e-02, 4.527090079770625386e-01, 4.160287136077027714e-01, 6.170982222977430820e-02
6.930303966526460413e-02, 4.528232487778154347e-01, 4.163730952525479534e-01, 6.150061630437204940e-02
6.905532013813728276e-02, 4.529364775926231768e-01, 4.167152290009058513e-01, 6.129297326833357817e-02
6.880929296225309078e-02, 4.530486976043919256e-01, 4.170551213084034980e-01, 6.108688812495136067e-02
6.856495347544580565e-02, 4.531599119926282837e-01, 4.173927786630999837e-01, 6.088235586882578126e-02
6.832229699593390937e-02, 4.532701239331208276e-01, 4.177282075844598874e-01, 6.067937148648532703e-02
6.808131882303956883e-02, 4.533793365976267475e-01, 4.180614146223339267e-01, 6.047792995699982632e-02
6.784201423790119090e-02, 4.534875531535608184e-01, 4.183924063559503193e-01, 6.027802625258753960e-02
6.760437850417976013e-02, 4.535947767636901995e-01, 4.187211893929144724e-01, 6.007965533921546392e-02
6.736840686875829320e-02, 4.537010105858305664e-01, 4.190477703682177757e-01, 5.988281217719354510e-02
6.713409456243503437e-02, 4.538062577725474056e-01, 4.193721559432556090e-01, 5.968749172176192330e-02
6.690143680061028109e-02, 4.539105214708611391e-01, 4.196943528048561189e-01, 5.949368892367239842e-02
6.667042878396634009e-02, 4.540138048219553024e-01, 4.200143676643154356e-01, 5.930139872976287335e-02
6.644106569914121074e-02, 4.541161109608883861e-01, 4.203322072564447676e-01, 5.911061608352564251e-02
6.621334271939563476e-02, 4.542174430163101184e-01, 4.206478783386252140e-01, 5.892133592566914380e-02
6.598725500527374832e-02, 4.543178041101805786e-01, 4.209613876898723461e-01, 5.873355319467336161e-02
6.576279770525698953e-02, 4.544171973574933632e-01, 4.212727421099106695e-01, 5.854726282733885984e-02
6.553996595641169154e-02, 4.545156258660027482e-01, 4.215819484182563026e-01, 5.836245975932934787e-02
6.531875488502980609e-02, 4.546130927359531837e-01, 4.218890134533090919e-01, 5.817913892570789058e-02
6.509915960726352091e-02, 4.547096010598140059e-01, 4.221939440714556624e-01, 5.799729526146680386e-02
6.488117522975300755e-02, 4.548051539220167028e-01, 4.224967471461790192e-01, 5.781692370205124970e-02
6.466479685024782709e-02, 4.548997543986958991e-01, 4.227974295671799720e-01, 5.763801918387626705e-02
6.445001955822159123e-02, 4.549934055574341718e-01, 4.230959982395062768e-01, 5.746057664483796706e-02
6.423683843548043393e-02, 4.550861104570101401e-01, 4.233924600826916573e-01, 5.728459102481791437e-02
6.402524855676462734e-02, 4.551778721471497757e-01, 4.236868220299039312e-01, 5.711005726618171435e-02
6.381524499034386955e-02, 4.552686936682823760e-01, 4.239790910271027391e-01, 5.693697031427104316e-02
6.360682279860621624e-02, 4.553585780512984793e-01, 4.242692740322057121e-01, 5.676532511788962704e-02
6.339997703864026779e-02, 4.554475283173120004e-01, 4.245573780142647413e-01, 5.659511662978300439e-02
6.319470276281095866e-02, 4.555355474774259728e-01, 4.248434099526507968e-01, 5.642633980711211916e-02
6.299099501932911571e-02, 4.556226385325014561e-01, 4.251273768362486827e-01, 5.625898961192077330e-02
6.278884885281417472e-02, 4.557088044729291632e-01, 4.254092856626596753e-01, 5.609306101159700769e-02
6.258825930485091560e-02, 4.557940482784059721e-01, 4.256891434374147076e-01, 5.592854897932834912e-02
6.238922141453954323e-02, 4.558783729177136035e-01, 4.259669571731957705e-01, 5.576544849455111058e-02
6.219173021903941917e-02, 4.559617813485001836e-01, 4.262427338890670270e-01, 5.560375454339343965e-02
6.199578075410642347e-02, 4.560442765170668045e-01, 4.265164806097140326e-01, 5.544346211911271166e-02
6.180136805462409233e-02, 4.561258613581559151e-01, 4.267882043646932244e-01, 5.528456622252669872e-02
6.160848715512820539e-02, 4.562065387947433770e-01, 4.270579121876892925e-01, 5.512706186243895162e-02
6.141713309032534318e-02, 4.562863117378337940e-01, 4.273256111157827108e-01, 5.497094405605819356e-02
6.122730089560495664e-02, 4.563651830862588410e-01, 4.275913081887242617e-01, 5.481620782941188513e-02
