,0,1,2,3
0,0.0,0.0,0.0,0.0
1,0.0,0.0,0.0,0.0
2,0.0,0.0,0.0,0.0
3,2.1209428135530566e-07,0.0,0.0,0.0
4,0.003854401423274325,0.0,0.0,0.0
5,0.11845714236493914,0.0,0.0,0.0
6,0.12181525587965504,8.264549729071837e-08,0.0,0.0
7,0.12401136085893767,0.0002079044527125312,0.0,0.0
8,0.12484654555529234,0.00790336867351772,9.99150550379753e-13,0.0
9,0.1247303764057177,0.05224511927904219,9.00792766204631e-08,0.0
10,0.12477783633831271,0.10903297490316202,2.5956701849581152e-05,0.0
11,0.12486291526973191,0.10950929461051995,0.0008930949925899592,5.2979096428942946e-12
12,0.12474232983722136,0.10980117744910275,0.009358121228487268,2.2996386611310977e-08
13,0.12480473027213901,0.11024854952461097,0.04179548067565143,3.029123448765415e-06
14,0.1247608006757881,0.11059735207765117,0.0935368328457502,9.745994355659477e-05
15,0.12488318178233682,0.11109186057058895,0.12257039082043851,0.001267292428961704
16,0.12499058706730737,0.11157402987093434,0.12308183841664296,0.00825222141223241
17,0.12491527900083424,0.11189426905108202,0.12340937059977004,0.030148032824281006
18,0.12491887366977614,0.11228649288511168,0.12381018938322604,0.06696244457854378
19,0.12476914598561195,0.11254146607748024,0.1240553062038953,0.09814075499077378
20,0.12483720987392563,0.11299421371082786,0.1245158833475519,0.10849062930459673
21,0.12484793277915684,0.11339709238457167,0.12492033286602804,0.10833154009570437
22,0.12453943865064923,0.11351001419933911,0.12500514810156826,0.10817713497578357
23,0.12457798311348628,0.11393985531044598,0.12544404412158713,0.10802627078944115
24,0.12498032072918268,0.11470622308325595,0.12668677928569105,0.10787707109741776
25,0.12470974299400833,0.11485691333523212,0.12805543711780348,0.10772909859788121
26,0.12464459051099785,0.11519737049566263,0.12975840970351457,0.10758148542954893
27,0.12488057676742723,0.11581866715564192,0.13210370136721755,0.10743377878854098
28,0.1247155731492241,0.11606951095235911,0.1346827846143484,0.10728684317613967
29,0.12509311899466413,0.11682878073076694,0.13805218215902945,0.10714093435760987
30,0.12471353855582006,0.11679470828304629,0.1413363759133108,0.10699857344402973
31,0.1246264840456637,0.11720883705600185,0.14502199410591105,0.1068612667745432
32,0.12454011474004213,0.1175370099813985,0.14900594540976292,0.10673172216721996
33,0.1244482513926308,0.11786067929800928,0.15327112609932947,0.10661277103515628
34,0.12476795018339722,0.11857779777793588,0.158230454052444,0.10650938407168939
35,0.12490082768590574,0.1191211182981134,0.16366633832816024,0.10642879462690015
36,0.12485211514974243,0.1194933066539044,0.1693542884283801,0.10637979911656943
37,0.1251174628034834,0.1201689919188959,0.17557633068524534,0.10637305654747838
38,0.12482277019637579,0.12019429380928603,0.18156566297216242,0.10641326733848393
39,0.12448303200541426,0.12040133873963377,0.1874643323921663,0.1065015977833092
40,0.1244657640707487,0.12080726654165277,0.19343124711660648,0.10663820353092762
41,0.12438498368461684,0.12115261835283739,0.19934900626533103,0.10681728608238766
42,0.12457114677993164,0.12176073194515363,0.20544447562023765,0.10704439018302438
43,0.12553726507921267,0.12313942269685466,0.21246175905852377,0.1073427186064024
44,0.12542316828793593,0.12293390034864893,0.21862211005777688,0.10769560337715596
45,0.12560379282351747,0.12366020078047602,0.22485231435345687,0.10811065928535804
46,0.12549056679697257,0.12380596728470147,0.23048428123953502,0.10855963336052846
47,0.12493084017938826,0.1237979285136194,0.23537084427819258,0.10899388684731989
48,0.12442931588980535,0.12422338675857349,0.2399840756674203,0.10941739976854561
49,0.12430084522804848,0.12453223486063697,0.2442302800714047,0.10981383578176468
50,0.12400101400017288,0.12466886734857212,0.24797333192033433,0.11017340708943632
51,0.12403717186609618,0.12514391642438152,0.25158895081246035,0.11051510242483767
52,0.12353821326931562,0.12522214255145828,0.2545628506049395,0.11081459082741794
53,0.12323000965216671,0.12542594248757646,0.25715014533234476,0.1110682190894301
54,0.12270455890221166,0.12553244004958103,0.2591866221085128,0.11126644382761863
55,0.12203125163052876,0.12538687286638955,0.26060437801081426,0.11138923822052792
56,0.12158482306619468,0.1252182889367483,0.26171813835574603,0.11144777205917511
57,0.12129535268749488,0.12518669623640882,0.2627514123662929,0.11145753631870349
58,0.12113395749749942,0.12542480546337148,0.2638722046968579,0.11144153537682183
59,0.12080140680661164,0.1257560754582713,0.26491153069908974,0.11141650917765929
60,0.11990669227228007,0.12559324414350723,0.26530730523896245,0.11136018551544881
61,0.11979304910873163,0.12574748928090135,0.265901654671308,0.11129261935051885
62,0.11936216374426778,0.12588721800533517,0.26638577454456586,0.11119942273589545
63,0.11905802369209965,0.12614504853247732,0.26691393476732167,0.11109047829242813
64,0.11788170267762937,0.1255982096598322,0.26659301112361333,0.11094281438145924
65,0.11747360175017992,0.12505225695694366,0.26627554286526084,0.11076804038724855
66,0.11753215917509285,0.1250029469494171,0.26647272094327673,0.11058777431883564
67,0.11783367761554353,0.12571438645981864,0.26741848276100066,0.1104373244742434
68,0.11669204449508629,0.12564557902670093,0.26754221721681576,0.11028962633566856
69,0.11652313467407607,0.12583420476043197,0.2678612386969023,0.11017425733525167
70,0.11672909006741568,0.1266856460904952,0.2687517704038938,0.11008751761826505
71,0.11613228329051466,0.12733463553954902,0.2693571491947368,0.1099808665895801
72,0.11532114678518116,0.12754560888374983,0.2694555764260106,0.10986076937511388
73,0.11468097810014997,0.12749863606492623,0.26924910146896586,0.10972372391109675
74,0.11347480447063558,0.1265679555797203,0.26820364077655234,0.10950136261703072
75,0.11402830275875944,0.12667878259155865,0.2682746810225896,0.10927625416536488
76,0.11378640912452363,0.12696354017948905,0.26856767788470776,0.10906403318661466
77,0.11365276390987425,0.12754329301981274,0.2691606234129646,0.10889093277903175
78,0.1132421873127064,0.12811190363077024,0.2696834987227624,0.10876902848072605
79,0.11229928883830753,0.12807254222415454,0.269543149021498,0.10863542871518217
80,0.11177994448740713,0.12789182355473525,0.26925173913914324,0.1084676983413131
81,0.11069401376184299,0.1269307322076232,0.26823824992963635,0.10823306533901511
82,0.11048022736259305,0.12616384756607724,0.26752974997266143,0.1079629395718063
83,0.111445687838232,0.1269265407868307,0.26841119239845135,0.1077530866684324
84,0.11153784849561414,0.12824189119335197,0.26981055337543636,0.10761468030421997
85,0.10999817703423334,0.12825545440859307,0.2698375607847334,0.10748699993093376
86,0.10938850806211488,0.12801435767550773,0.26953795037527756,0.10737360206451721
87,0.10921151954430737,0.12800941843824545,0.26944134191770425,0.10722951861238576
88,0.10869070913659692,0.12784643433951898,0.2692253033341825,0.10701759023974536
89,0.10929791179287873,0.12882848922579418,0.27015813572840675,0.10684941375276959
90,0.10806065593937941,0.12882694637277015,0.27008165358526104,0.10668427647640794
91,0.10694591297293166,0.1279708746133004,0.2691738427113291,0.10648014232015113
92,0.10665958811267065,0.12721657815783505,0.2684246442147106,0.10625662608355402
93,0.1066133118649181,0.12684478752424075,0.26814249195859624,0.10601018341871377
94,0.10625571573181887,0.1264945671297809,0.26798191520719916,0.10574663413888698
95,0.10637356028606589,0.12672715906977502,0.2684386462715423,0.10554653531259488
96,0.10624869139325416,0.12725915553372585,0.2691573983587043,0.1054050992855692
97,0.10507373577615899,0.12684274962451092,0.2688963789578019,0.10524490703876759
98,0.10458463593638179,0.12628473826423292,0.2684889162074222,0.10507058992798542
99,0.10398083186257612,0.12544508734063395,0.267832184041392,0.10486075840272922
100,0.10372352259050172,0.12473608304650217,0.26738305429067516,0.10461518466751496
101,0.102889958640922,0.12372780252543827,0.2664798891270759,0.104334200748876
102,0.1035319428619283,0.12494290726785948,0.26685763557606185,0.10411111792624994
103,0.1033668463050133,0.12518928088171605,0.26749077194140264,0.1039279463823926
104,0.1024777413097237,0.12474332748293342,0.26748044023750756,0.10375102088568261
105,0.10311025690112192,0.1257727430176211,0.2686180408013089,0.10365080309322544
106,0.10291629351278601,0.126760046936533,0.2698379921657763,0.10359117212459178
107,0.10224858416675835,0.1273792331365926,0.27057140008913355,0.10351321288472012
108,0.10123665739629459,0.12719981291227375,0.27041301336895973,0.10340976688146786
109,0.10102625527917945,0.1272044818595801,0.27037199640929693,0.10329043113148005
110,0.10120723649265424,0.12788052185374774,0.2709653174060673,0.10314836162230606
111,0.101034554604783,0.12879169377118885,0.2717531583924453,0.10300733024514264
112,0.10014969631633247,0.12904692370979137,0.27184426745069823,0.10286130383332369
113,0.09904466177076816,0.12835953458803465,0.27098600262624956,0.10268441595953667
114,0.09887627465426305,0.12789933850197616,0.2703881594948326,0.10247862219237351
115,0.09781006581950548,0.1265292666786936,0.26899890409825794,0.10218665468399443
116,0.09717244939768663,0.12478562902776015,0.2674194811556289,0.10183656765841739
117,0.09714928336650984,0.12366376196055125,0.26642632627932644,0.10149528189029097
118,0.097693614167909,0.12480049820426792,0.26668919380298306,0.10121531232624405
119,0.09787449751124351,0.125481792513947,0.2676783599051872,0.10099992033280492
120,0.09815133086181567,0.12677546292026476,0.2693978494490889,0.10090111901094409
121,0.09699959814004004,0.1270379209464679,0.2699492677876496,0.10083485618896225
122,0.09603830918416675,0.12650262915759505,0.2696010308380462,0.10074120257674866
123,0.09520349632985739,0.12532356138482262,0.2685908717114879,0.10057271115535235
124,0.09513074733336138,0.12448993612142181,0.2679737976901998,0.10034877524000742
125,0.09472081242282458,0.1240729175548218,0.2673670073215821,0.10006968902725397
126,0.095252901721238,0.12521969447736117,0.26796424894512966,0.09984444115697051
127,0.09465562122005887,0.1251020716702714,0.2682361834602499,0.09965077921921674
128,0.09387818564277735,0.1244012225204036,0.2679261731370988,0.09946717230702734
129,0.09323770905473895,0.12389050173322703,0.26722850203689813,0.09926767250187017
130,0.09411176202001083,0.12550146825039493,0.2681205696199998,0.09912008916441004
131,0.09324363379709322,0.12529273605261373,0.2682994679568497,0.09893406422867776
132,0.09259092257573581,0.12465639812799277,0.26805548638573856,0.09874227242692879
133,0.09274373689402214,0.1250191416373764,0.2684317926209213,0.09859514278061751
134,0.09236765750801311,0.124978385083226,0.2687009930803803,0.09845366746967396
135,0.0925277784233096,0.12562807957078148,0.2696036163000051,0.09830823691974197
136,0.09214579359241505,0.12619096980014563,0.270365247911054,0.09819619360062903
137,0.0918494031187958,0.12680331737277648,0.27107594858332995,0.09810825373580209
138,0.0912487805380435,0.12704477420031254,0.271335447463581,0.09800020310434095
139,0.09064325699134021,0.1269006725196547,0.2711582208046295,0.0978657868168872
140,0.08979949089435343,0.12603589433209492,0.27027917265824575,0.09766297340900028
141,0.08896625653349478,0.12445594541922476,0.2687745961133607,0.09739322761498875
142,0.08977802455856046,0.12499355271202583,0.2689198822895727,0.097144919942326
143,0.09055017337635811,0.1265276792696704,0.2705979653001741,0.0969699495491628
144,0.08951622615781743,0.12706456445369896,0.271254264946536,0.09681062820750681
145,0.08894541055798295,0.1272532402072805,0.27149342710643387,0.09669265107743254
146,0.08791316163950608,0.12643132390376974,0.2706635992444285,0.09656344465284505
147,0.08795773827904321,0.12611578406290222,0.27033130235514424,0.09639046736326023
148,0.08723519467579845,0.12521830325022598,0.2694956715795682,0.09613006307516994
149,0.08656795734914104,0.12381208509086124,0.26825886508104774,0.09584091453844958
150,0.0871180763328416,0.12483027211572281,0.26833545105828616,0.09558634267833839
151,0.0868585128101979,0.12490724170091025,0.2685230578190876,0.09537027072300028
152,0.08681623673918665,0.12529805373286107,0.2691161735657613,0.09517613004059186
153,0.08529810350813494,0.12384674961554204,0.26799170312043535,0.09495669633983017
154,0.08376992980847729,0.1217624738777423,0.26518488520204503,0.09466966127277585
155,0.08375988363451536,0.12217879047754636,0.2629672280536089,0.09432133856974013
156,0.085505492066943,0.12517579345992524,0.26386320488579723,0.09404233736907662
157,0.08594634363766217,0.12646085259170373,0.2659206696765155,0.09381182436423688
158,0.08450549650925279,0.1260852558868882,0.266300045756462,0.09362790699578737
159,0.08398341259903874,0.12539075039851427,0.26627259718832413,0.0935265133819397
160,0.08407155576223684,0.12527565141105043,0.26670068306565103,0.09346680440772456
161,0.0875867866728027,0.1308693225443369,0.2725771084296504,0.09356176112823983
162,0.08579624052530507,0.13427329422434323,0.27596208121505905,0.0936456357236292
163,0.08367961899382315,0.13497175978314715,0.276366909317248,0.09371722777015329
164,0.08241590323600395,0.13421966657989465,0.2751145195855692,0.0937366075210272
165,0.08241847612496603,0.13390758517160253,0.27415886038564663,0.09369361431518076
166,0.08176272714165028,0.13303949299106882,0.2727894828324093,0.09337395033654503
167,0.08029311132407975,0.13037440032040287,0.2698499527872637,0.09297487685592683
168,0.07995712901988267,0.1276322009793359,0.2670686857971298,0.09255995728106184
169,0.08060392108451218,0.12631674899448725,0.2659395641465139,0.09215295288003249
170,0.08048013165263909,0.125249097943434,0.2652625114460235,0.09177373265942289
171,0.08091156296658701,0.12529641656874255,0.2658308089169507,0.09146686536771653
172,0.08189213653312069,0.1273296652004552,0.268365624299401,0.09130692321532581
173,0.08209699920425145,0.13015908334344342,0.271517752805552,0.09129143710721223
174,0.08076529827079892,0.13137825126897631,0.2728325640178614,0.09131763246276525
175,0.07973774487643871,0.13144468227487968,0.27280521236834104,0.09131274926915414
176,0.07939591325835914,0.13142467503418853,0.2725451723929086,0.09126893842906787
177,0.07892767352184411,0.13111549199495015,0.2719475727594618,0.09112911962763931
178,0.07865215642394552,0.13082185093320645,0.2714100748892533,0.09089754235108756
179,0.07745351949003296,0.12907392463907086,0.26946598750510836,0.09067053525622175
180,0.07709124990497764,0.12718872601265177,0.2674735069647009,0.09040653364536941
181,0.07732992038330701,0.12612382550540335,0.26642348241375874,0.09010749205850929
182,0.0784707049739596,0.12733782041969713,0.26775685745953914,0.08982283413646414
183,0.0783809950478642,0.12886899031215648,0.26942389057244237,0.0896231364937039
184,0.07874619595750443,0.1314639101245119,0.2720889894999499,0.08950151716074932
185,0.07695582206937532,0.13161946415746958,0.2721823391744285,0.0894451839280385
186,0.07550604365514653,0.12986536230711623,0.27021716498594023,0.08940929559515665
187,0.07448214907850571,0.1268727603808553,0.2669536353605242,0.089288481111123
188,0.0742212968483996,0.12387919048320598,0.2637810349053674,0.08901394860729435
189,0.07433829946440709,0.12263121777570633,0.26144002336160543,0.08861746835547596
190,0.07526299841466684,0.12460088131694144,0.2612998555956584,0.08819180988296023
191,0.07512447055006548,0.12482633577359753,0.26155463823778313,0.08783311309305401
192,0.0747893742685535,0.12472524213949687,0.2618038356988039,0.08755281159787857
193,0.0766153020232395,0.12823876836021272,0.26558765176233734,0.08735859776687939
194,0.07611799987180405,0.13112219868367303,0.2688582358526736,0.08732860253428482
195,0.07453051599402183,0.1318046762021424,0.26967700056775873,0.08738854337982244
196,0.07230061087441608,0.1291745687385417,0.26699406932987807,0.08739597713020168
197,0.07257186084989518,0.1274439434734009,0.265138288619078,0.08728902336026677
198,0.07364026830277431,0.1279746826737773,0.26549821302327425,0.08714271117425657
199,0.07221105143558099,0.12651550226898553,0.26388342008065124,0.08694146409441202
200,0.07237067000256943,0.1257729884886733,0.2631212251879662,0.08661603808862295
201,0.07331230046758619,0.12710716677126635,0.2645504331776399,0.08630775482411158
202,0.07284656423072775,0.12810397009471902,0.2655988243566734,0.08616462184380247
203,0.07314465944344319,0.13007615428935537,0.26754937304467374,0.086059507165067
204,0.07264585269959793,0.1316470931201991,0.2690180265523459,0.08596269674802445
205,0.06975941060084181,0.12863650752364444,0.26575510631251503,0.08594112604679964
206,0.0689714512016472,0.124675701024386,0.2615206287550203,0.08579186752002406
207,0.07043378252753682,0.12404070493793895,0.2604020122740584,0.08548412284707863
208,0.07053108938452546,0.12465628759546354,0.2599929606148608,0.08519303172945952
209,0.07089221857213167,0.1257464022354337,0.26080112187646814,0.08486663696476456
210,0.07150797770159854,0.12805496845558456,0.2632831016895358,0.08455664988099494
211,0.07068382949583572,0.12937012104235787,0.2647110844973571,0.08442612613770878
212,0.06958174915964978,0.1291744767157106,0.26447544295757264,0.08439717444693655
213,0.06861563830596729,0.12769153199964917,0.2628528667071532,0.08432563625224611
214,0.06856666990224611,0.12656035673665106,0.2615361519352161,0.08419977240583053
215,0.06914901312411825,0.12692850629550653,0.26171063133709216,0.08402412123543397
216,0.06796745592811632,0.1256048497191342,0.26021738014044066,0.08381439516166872
217,0.06923938130200881,0.12705095769331828,0.2615767821185262,0.08353329431751258
218,0.06895424137579372,0.1284431476410978,0.2628758749012604,0.08334459103878357
219,0.06743441410592817,0.1275060738099777,0.2617806693208566,0.08322486219417617
220,0.06711294097980812,0.12642058363835204,0.2605123698778381,0.08307182929776288
221,0.06660930147641976,0.12484860744897382,0.25877865788752374,0.0828752824478375
222,0.06573947464197218,0.12225068395935662,0.2558812739863052,0.08268438602136474
223,0.0642629237111928,0.1199276792509592,0.250780200761518,0.08239067708532125
224,0.06430167778396509,0.12042042410553057,0.24640934020583927,0.08196309322712074
225,0.06501767042453473,0.12218987177936431,0.24405528082813352,0.08151123812053535
226,0.06584717060354309,0.12419234295817738,0.24392729907242874,0.08108240748916797
227,0.06610552894303896,0.12513475578478703,0.24490199389906323,0.08072025351225905
228,0.06611454934840229,0.12575071188754494,0.2464431626955675,0.08043901508762262
229,0.0657475068162576,0.12613617205054992,0.24772630521410854,0.08027210911887873
230,0.06511527067916655,0.12577696259589569,0.24816390933524743,0.0801831369958281
231,0.06503485055824504,0.12571939754164246,0.24879561468785028,0.08011358196603269
232,0.06472959033808613,0.1255298455108906,0.24918845680156074,0.08004028756465109
233,0.06324602768936159,0.1229255715700785,0.24706823453453378,0.07994767692931944
234,0.06227025678247476,0.12094031835159555,0.24348332625992689,0.07977279498646446
235,0.06106801937955583,0.11902659077088,0.23805143541317556,0.07951714849907705
236,0.062457707135764866,0.12215862867911172,0.23593075022075266,0.07915834022005312
237,0.06382032808294577,0.1252677248883235,0.23709391990544662,0.07879781299993908
238,0.06321068685756852,0.1247940053048876,0.2376134912992132,0.07849923245874227
239,0.06369425628330735,0.1259400819011056,0.23962421607750548,0.07824072076842692
240,0.06370107729024518,0.1273668458597361,0.24210316446525273,0.07807343836805535
241,0.061310985246172914,0.12450508561846188,0.24012924863631688,0.07802329170076362
242,0.06044268432013202,0.12083689758739456,0.23677216140774068,0.07792888564334421
243,0.059896132008195706,0.12016630388207826,0.23275305680699626,0.07774304864099492
244,0.05905840555221122,0.11890050534940767,0.22752548311516865,0.07749252543863001
245,0.05962815163996632,0.12046402836924107,0.22402748909112205,0.07713966270580194
246,0.061486656254462924,0.12466036967515083,0.22495308384671464,0.07673258395395804
247,0.06323205042733433,0.12867308998522478,0.23003378375875355,0.07641273320114678
248,0.061052778121803,0.12838697638967364,0.23108980145876903,0.0762389879478002
249,0.060016104125825184,0.1264396739160238,0.2304279141858975,0.07609679520413311
250,0.06069471101055767,0.12633822274224693,0.23155769366032428,0.07599273340112742
251,0.06067280838340219,0.12664804170881083,0.2329692439591244,0.07595068846906085
252,0.05910029573808518,0.12415097164919665,0.23142585478670766,0.0759046833474943
253,0.058096421676192764,0.12085198707341961,0.22820735766692707,0.07574816997277019
254,0.059165184390926495,0.1235141689906842,0.22770027216941852,0.0755320091984228
255,0.05976655986529434,0.12522308104590807,0.22890680314129072,0.07534180455443351
256,0.05946631629048648,0.12527220612664258,0.22992104750004613,0.07516491269665362
257,0.05875407571732062,0.1242738748571228,0.22987623735865076,0.07498306465802174
258,0.05707470221278656,0.12089589608054462,0.22668564262344754,0.07482117806238406
259,0.0574187858140505,0.12205499608299847,0.22466168563954808,0.07464597931488247
260,0.05665099720568552,0.12084951129267943,0.2214346954421361,0.07445948170690796
261,0.05481296976850317,0.1173371130608225,0.21473276181042278,0.0742235150244356
262,0.053613087565334484,0.11515944351995595,0.2059764416727317,0.07390189208389107
263,0.053830105361167835,0.11601754811329418,0.19828351356028778,0.07350207683132655
264,0.05273961031173526,0.11405635271228068,0.1887920406422468,0.07310477821832108
265,0.051356027770559025,0.11143828920804719,0.1768426483895462,0.07269934475211333
266,0.05070195359040489,0.11038429448361545,0.16401222704096619,0.07229399287571285
267,0.05189117165940384,0.11334928212737758,0.15434633432202444,0.07191763042903944
268,0.05215087596123713,0.11430833395702122,0.14573871443171246,0.07162212171255676
269,0.05248926145083165,0.11545229679302596,0.1383262406196056,0.071394273139579
270,0.05405727374280507,0.11932632388132186,0.13485281200133,0.0712106550933774
271,0.054900540063117766,0.12164137089014064,0.13370760998699438,0.07105447739307254
272,0.05576011339583722,0.12401813328221944,0.13494282238285085,0.07090670071779717
273,0.05615140247058094,0.1253737880807777,0.13751348034101904,0.07076030985142523
274,0.05605056502001331,0.12601215685275707,0.14030660052005842,0.07061394205756684
275,0.055472452960177956,0.1258364952043043,0.14222356814607956,0.07046843704958987
276,0.05417075274024249,0.12319595739687457,0.14158588127765756,0.0703260636039229
277,0.053237158335904824,0.12069403268755984,0.13920902026632379,0.07018622941222344
278,0.05391140334869904,0.12266205690389725,0.13878723128521983,0.07004445868757586
279,0.05525312177962356,0.12617061666891663,0.14188542337587653,0.06989849447446822
280,0.054480935005855116,0.12603945967126254,0.14362200600194633,0.0697537216510384
281,0.05409399824642114,0.12547689185659802,0.14488639807669687,0.06960876429299415
282,0.05384952065143871,0.124806336387175,0.14601140419554115,0.06946296887906638
283,0.05272092668863176,0.12216611177924021,0.14491514928572957,0.06931867542544808
284,0.052201322812333285,0.12138662447126439,0.14300335243046444,0.0691739570250867
285,0.053065208520890604,0.12382400164091184,0.14353782080662603,0.06902406600018061
286,0.05216120139915239,0.12214680168587747,0.14234407780381148,0.06887423274098883
287,0.0514852451573856,0.12098800076165667,0.13994531576240155,0.06872390658518923
288,0.05214228267943193,0.12296230226244319,0.1395141217577703,0.06856976755995087
289,0.05242253426755654,0.12406590380442241,0.14016615505016639,0.06841425593813635
290,0.053017090996038144,0.1259231535708713,0.14266330858033272,0.0682575112295961
291,0.05336574343289462,0.12813595701627134,0.1464295056882324,0.06810115741099128
292,0.05324408005031588,0.13052782125411028,0.15034007501384408,0.0679474908034619
293,0.052478633654342556,0.13155187482697486,0.15282934380281304,0.06779904513904457
294,0.05164849523009167,0.13103358323279776,0.1537199733851337,0.06765613600656799
295,0.05057006165951122,0.1283501613117533,0.15238194223603463,0.06751918022907176
296,0.050193520251724626,0.12517737845110927,0.15051042659789435,0.06738435521156864
297,0.05044638650524535,0.12304035467377518,0.14964774619886997,0.06724722813403305
298,0.04970673280125735,0.12148316647390622,0.14735496809726398,0.06710951592010483
299,0.0502241841650504,0.12317221714438784,0.14673492071259986,0.06696789144085089
300,0.04952093481808765,0.1218758429573286,0.14477379003010263,0.06682785032527283
301,0.04935749283954658,0.12189860117418645,0.14280548258581482,0.06668843840935162
302,0.05074314345029991,0.12575783753228423,0.14470231731332772,0.06654554243856928
303,0.050100016327890164,0.12536921055829392,0.14541146385184403,0.06640522142089986
304,0.05019105074170522,0.12565166428055285,0.14676597893404542,0.06626464778118514
305,0.04987614874638445,0.12559549927651156,0.14774532156374998,0.06612454219064341
306,0.0493931443375014,0.12477451262376436,0.1479175866496401,0.0659854856519169
307,0.049190206695668606,0.12410671371207949,0.1479792443340799,0.0658468072155401
308,0.048988981904199355,0.12403524690314582,0.1479303107294304,0.06570790138823755
309,0.04919923662534046,0.12500563012055954,0.14882000504099227,0.06556785481943457
310,0.04886105399200592,0.1245915917770881,0.14924840641801043,0.06542862423296518
311,0.04917838984192084,0.1258384381470811,0.15089961349573763,0.06528870809240032
312,0.04893708948207023,0.12650616775546628,0.15234177725805773,0.0651505052878607
313,0.04818704008348768,0.1256877556115994,0.15225310819194798,0.0650155603835536
314,0.04796237706812911,0.12472247147515526,0.15198263944185578,0.06488182307844155
315,0.04785956648823063,0.12420009760548334,0.15184523377452075,0.06474806669032969
316,0.04749856034322763,0.12369153203842446,0.1511636150040574,0.06461455569126044
317,0.04603854840095346,0.12030352200302373,0.14704534289437085,0.0644834030475886
318,0.04723161454232016,0.12383694664750589,0.14644731077190576,0.0643457271443604
319,0.046802553890038755,0.1231383601665859,0.14511575794713225,0.06420840576424325
320,0.04699673639325826,0.12407633897392585,0.14469414200634043,0.06406979053636096
321,0.04723453906388751,0.1251381031197971,0.1453057982503892,0.06393022385864032
322,0.047141053830644195,0.12547047190360883,0.14607924960408702,0.06379109960803146
323,0.04700813289333126,0.12589073177439422,0.1469070601289327,0.06365306960575214
324,0.04652167800245523,0.12545077537036892,0.1468378347247304,0.06351696690177511
325,0.04575907931645364,0.12339659098489648,0.14511578768916017,0.06338361484266951
326,0.0457133966897717,0.1232440383577383,0.14365919636723026,0.063250480180155
327,0.04567250892169186,0.12355599155074225,0.14248084909601322,0.06311722348091757
328,0.04542484593791038,0.1233077406194737,0.1410189136107775,0.0629843121018751
329,0.04512944263430606,0.12292567002428699,0.13913977985647744,0.06285184452918846
330,0.044731244498605716,0.12225883121193291,0.13655909341398753,0.0627202757009409
331,0.04438468991750527,0.12172553163574856,0.1334117386370385,0.06258964833466701
332,0.043974718414408524,0.12100991986603134,0.129516554452635,0.06246026900473381
333,0.04425113793639194,0.12218006922355958,0.12676160383436047,0.06233019964442569
334,0.044780261479465774,0.12406069466068073,0.12585696539633187,0.06219869927188903
335,0.04524791842479409,0.1257892659363875,0.12664886984397958,0.062065739722570124
336,0.04494416077209951,0.12617297352132148,0.12700172266937207,0.061933374070285444
337,0.04504846542183244,0.12728915957000547,0.12805264986345025,0.06180022051307028
338,0.04422286752523183,0.12653077006418892,0.12719552840547896,0.061668889321478425
339,0.044021823522774964,0.12563425891377886,0.12616608912945643,0.06153751993183246
340,0.04398448752247359,0.12505586883155745,0.12541978273449406,0.06140573864055342
341,0.04383797819368992,0.12448572090019304,0.12464677110930451,0.06127408405504719
342,0.0436916069977776,0.12443574620919742,0.12419771533234106,0.06114279891946827
343,0.04379443662432101,0.1251533823506175,0.12487861384744123,0.06101132803558851
344,0.04435544020808259,0.12734459389445354,0.12687636365741659,0.060878385681690544
345,0.04335479308965372,0.12709848857065126,0.12628708690143833,0.06074858916201732
346,0.04336620442430805,0.12730903306732377,0.1261206124949888,0.060618716059665595
347,0.042690367844359936,0.12598701120536349,0.12439497160003948,0.06049062583678088
348,0.04304972268284672,0.12612295870610662,0.12469694029158475,0.06036108860139419
349,0.04274242778372568,0.12578275042305834,0.1241915474356061,0.06023206331760513
350,0.042587817150851366,0.12540730524921434,0.1241252460821899,0.060103089325471426
351,0.04261342550553626,0.1255241430554273,0.12458367946590096,0.059973609689799964
352,0.042366522138468615,0.1253352729296268,0.12424678908236285,0.05984440970595357
353,0.042496224276350476,0.12594842285046357,0.1250122757120864,0.05971430897628778
354,0.042412891686626084,0.126737268039538,0.1251665634044265,0.05958401268205897
355,0.042037920940974687,0.12683341078134297,0.12459928964355951,0.05945462605598894
356,0.04179092361812011,0.12660941024174938,0.12408236261423827,0.05932605625014501
357,0.041484461551138684,0.12588212610175975,0.12355001705654231,0.059198752368698475
358,0.041420415583951715,0.12537259152100727,0.12373456217510116,0.05907209458814173
359,0.04122523835246355,0.12468488383593311,0.12352535694653047,0.05894643153004801
360,0.04154905436697762,0.12570078511474486,0.12487244990478924,0.058820010102137985
361,0.0412042187097606,0.12577281791390402,0.12421496961230244,0.05869467651437627
362,0.04118611277235799,0.1262036859462778,0.12453863241661926,0.05856929844550565
363,0.040805680007861625,0.12588799819793245,0.12376504043149197,0.058444925774431625
364,0.04035687362544618,0.12460671776350586,0.12277501848735797,0.058321816254739554
365,0.04103025895806946,0.12619166948120725,0.12519742553681354,0.05819664708245614
366,0.04064516216971984,0.1266120689891418,0.12459759306866589,0.05807271927267012
367,0.04046105158179492,0.12687349000815767,0.12421051722724574,0.057949403715829524
368,0.04058939459090876,0.12794342902295794,0.12497992181915966,0.05782566216104249
369,0.0402170408609727,0.12826904852649962,0.12420948576401075,0.05770292949605512
370,0.03974394097658296,0.1275244015353907,0.12311667401351215,0.057581466757580725
371,0.039611440497400584,0.12676442129434706,0.12306982808500501,0.05746023464993502
372,0.03956841242645801,0.12626823461777487,0.12329965102068266,0.05733898882177792
373,0.039695408360118645,0.1265723112756522,0.12406060006842981,0.05721725468059489
374,0.03933048924402942,0.12612478736894916,0.12328486064776932,0.05709659803332414
375,0.039175411582755525,0.1255842287456833,0.12316149337189454,0.056976426374747126
376,0.03945000040771053,0.12631789863687926,0.12439104766046809,0.05685544165293355
377,0.03948106691373264,0.12755746338704166,0.12485983930171982,0.056734365592312846
378,0.03902480342700532,0.12774146990658455,0.12378440256608651,0.05661463298240156
379,0.038937068055713654,0.12804344310303126,0.1238700158276784,0.056495048492644216
380,0.03881899930397997,0.12836484857259034,0.12385812749577355,0.05637567420669997
381,0.03885169296224135,0.12919125848310942,0.1243257946892288,0.05625606832380591
382,0.039130464921801826,0.13132372661782668,0.1255841416103206,0.056135531502219345
383,0.038144903921158366,0.13065183837997654,0.12336623808762905,0.056018017190741606
384,0.037264835584627426,0.12749198454949615,0.1202945316957658,0.05590321838514087
385,0.03789923908237487,0.12678602487240714,0.12268676774149351,0.05578645554806492
386,0.03796969040797696,0.12669898053331724,0.1232665561380518,0.055669459772360735
387,0.037807022859054365,0.12646350604612774,0.12308922951711941,0.055552967751545876
388,0.03773935640605449,0.12639150861851814,0.1232200063822899,0.055436720343378265
389,0.03729484087904771,0.12523448551230662,0.12211973026964337,0.05532190864723027
390,0.036942702821083195,0.12328843196683685,0.12131213146018281,0.05520825301556545
391,0.0370785957057093,0.12388511095468327,0.12210204457648334,0.055094217855636826
392,0.037491010189990424,0.12564764796120717,0.12380927672792083,0.05497889015937654
393,0.0377508002025436,0.1275583494816747,0.1250231985384175,0.05486268017893166
394,0.03738182679155263,0.12862229994960206,0.12418104811304888,0.054747497966130876
395,0.037078769196245503,0.12905414128729148,0.12350394516944911,0.054633151635167174
396,0.036867885935855466,0.12915898436147744,0.12315061444662152,0.05451939125407796
397,0.03625253381375242,0.1275531674075993,0.12143582230676181,0.05440752117621739
398,0.035664190280516817,0.124308598816242,0.11979316207138266,0.05429752405382294
399,0.036575078743929,0.12523237593132175,0.12318383727622834,0.054184829390865635
400,0.03694200422661803,0.12710307347710514,0.12476392845067781,0.05407114518683271
401,0.03666285153050781,0.12840004852671957,0.12416810363779639,0.053958459374426226
402,0.03656193896999834,0.12973346719721351,0.12417267235073855,0.053846215055651646
403,0.036234059920075244,0.1303172341120466,0.12340523095581664,0.053735106162590245
404,0.03591846342502009,0.13018345183506136,0.12267038840150932,0.0536250647577294
405,0.03517540180710532,0.12782975589990953,0.12046083344812908,0.053517319489609014
406,0.03521055042653053,0.1259540240567447,0.12090218275340632,0.05340938919144638
407,0.035758304864421935,0.1263554514887809,0.12310942149496773,0.05329964018574471
408,0.03582876138212001,0.12737384887298114,0.12368513223576874,0.053189536106091756
409,0.035575698733023894,0.12787246580987774,0.12314449927839882,0.053080124494172515
410,0.035363632718149664,0.1279918111601236,0.12274201293064271,0.05297133612166011
411,0.03511726393495076,0.1276056894832416,0.1222162966040815,0.05286330165902796
412,0.034751604486525124,0.12628132467972988,0.12126698933305761,0.05275639556065424
413,0.034905820717159704,0.125861753459205,0.12212543695676413,0.052649049812982386
414,0.03458751575125774,0.12466035137468467,0.12133051480961857,0.052542793854605606
415,0.03503797648209993,0.1257675180961543,0.12323132935470553,0.05243536654320265
416,0.0348751523860063,0.12631191942870154,0.12298306332395209,0.05232873207794606
417,0.03505927182353364,0.12788289743246276,0.12395850542286345,0.052221845039328356
418,0.03482510888021757,0.12897270018461,0.12345686115091017,0.05211591385704493
419,0.03451551132144621,0.12930102033561755,0.12268131282857173,0.05201103737789665
420,0.03414369031629607,0.12863102529010206,0.12167475446319993,0.05190729830878214
421,0.03404227716951074,0.12793830789728486,0.12162364563818637,0.05180385733643761
422,0.03448966898604657,0.1292287754790418,0.12353480128855446,0.05169912085579307
423,0.03430127039816018,0.13018169929408113,0.12317504714780098,0.051595138404848605
424,0.03390482205772394,0.1300262531433153,0.12206181509832355,0.05149263242873574
425,0.033587846566583736,0.1290454298731607,0.12122596815810174,0.051391376696952915
426,0.033587523405046386,0.12840326232200536,0.12152835207770951,0.05129035115095501
427,0.03345554588605432,0.12761030546891108,0.12135256504319693,0.051189847065299145
428,0.03344672718751712,0.1271203665677772,0.12162048408395267,0.051089408588235546
429,0.03367745466967101,0.12782780025514726,0.12276186283800383,0.05098829650978959
430,0.033722782610739646,0.1290471038176848,0.12323323267876848,0.050887113452626045
431,0.03335190113644027,0.12921876070703492,0.12218188700313494,0.050787182445003846
432,0.033017350507155326,0.12846895952225146,0.12125430447721357,0.05068844640750949
433,0.03270550413283701,0.12687345570883035,0.12040124704969735,0.05059084577553778
434,0.03326614518640335,0.12772291747263098,0.12275859597537556,0.05049175546332925
435,0.032930628849412454,0.12763399019445787,0.12181470766994369,0.05039381899306279
436,0.03262734685417199,0.12671933269752822,0.12098118656429847,0.050296924375735824
437,0.03225160259421187,0.12469468498150203,0.11987105762932838,0.05020130642819445
438,0.03222578894816552,0.12319344542969837,0.12005589984287723,0.05010597860841789
439,0.032539035183502325,0.12470977935901822,0.12150554051799115,0.05001000587145207
440,0.03274908673848576,0.12583834433755578,0.12257663409234539,0.04991374739408269
441,0.03252828123986326,0.12615184124543133,0.12203703522479142,0.04981847736070814
442,0.032156334372125214,0.12535121248674208,0.1209242312162617,0.049724597601171226
443,0.031930434444963206,0.12399186259053004,0.12035282746743582,0.0496316314863893
444,0.032601871344586135,0.12655820886887342,0.12316487511590783,0.04953694294321262
445,0.032141180658237484,0.12664626271309107,0.12170592599882997,0.04944381912173033
446,0.03186067907268872,0.12595259230881892,0.1209176313172466,0.04935172492794774
447,0.03176257609570535,0.1251826315849218,0.12081579715024991,0.04926011493093144
448,0.03164585009137742,0.12426130146662626,0.12064085078201311,0.04916901987438561
449,0.0316618724233933,0.12444455155536557,0.12096873756750544,0.04907804303285523
450,0.03154665317079407,0.12429298705849337,0.1207936179019172,0.04898756977737672
451,0.031618222621961546,0.12487571259218438,0.1213322998796597,0.04889709946773872
452,0.03141307287766726,0.12436495316528502,0.12080861400438479,0.04880747351335596
453,0.03132736674152369,0.12432236350375253,0.12074007838385503,0.048718385755875164
454,0.03119575152162423,0.12409429574086882,0.12049163910554685,0.0486299760351667
455,0.03127442095764222,0.12470041277653415,0.12105332647214934,0.04854163831217418
456,0.031805646119945914,0.12711656457466708,0.12337144489701553,0.04845208704174863
457,0.03172011665999501,0.12919293104963508,0.12330453916193315,0.04836305446334995
458,0.031519879917187965,0.13076558234767957,0.12278792362795113,0.04827484261651262
459,0.031076318808916283,0.130849101618896,0.12131582467631762,0.04818810474943539
460,0.030893681088780073,0.13048295343411442,0.12085257680504405,0.048102092848509956
461,0.03055542130689291,0.12903064457560984,0.11977258041671435,0.04801724966035211
462,0.030459724290662796,0.12746385817427408,0.11963511106925838,0.047932936815035306
463,0.030669273878235394,0.12701837369058536,0.12069526294323735,0.04784835943875512
464,0.030416431990705747,0.12581755444199885,0.11993666676299494,0.04776483541529171
465,0.030403994536051242,0.12483536071274634,0.12012199858462408,0.04768172651313007
466,0.030560611085884187,0.12492739925643154,0.12097649311388849,0.04759858985644694
467,0.030714059468660748,0.12582801816191402,0.1218220285925692,0.04751544798201278
468,0.030648285562002987,0.12665949820568825,0.12179893028661055,0.04743289291575742
469,0.030434009850040092,0.12688054392585596,0.12118197323563176,0.0473513035758925
470,0.030241016881636124,0.12657219868727254,0.12064387659258914,0.04727059346603712
471,0.030092932334029814,0.12591359776317027,0.1202792821528498,0.047190619515759535
472,0.03012548304854854,0.1256470994111568,0.1206326175651462,0.04711089328160749
473,0.03013627249375894,0.12568161016193732,0.12089737127167147,0.047031479661487845
474,0.030172294484334387,0.12612111433611675,0.12126224746582898,0.04695232624466834
475,0.030045858080455103,0.12628889967892934,0.12097270531897493,0.0468738734302098
476,0.030042410689210375,0.12669438497180235,0.1211755740932267,0.046795814739874604
477,0.02982140041480584,0.1264262904767199,0.12049810321888492,0.04671874192569873
478,0.02978447465450823,0.1262489789451564,0.12055959783299622,0.04664221893120478
479,0.029705563909588922,0.12598337660101647,0.12044841436664158,0.046566406120385345
480,0.02950336014113623,0.12510716688705037,0.11983325344367365,0.04649165533987001
481,0.029641765612971736,0.12504957679065923,0.12059811978064618,0.04641711116800562
482,0.029577427477692212,0.12495644276341834,0.12053823222186982,0.04634326074403966
483,0.029471879582781163,0.12469412242967884,0.12030740245889321,0.04627014611376991
484,0.029533632893388503,0.1251866214554364,0.1207570009142278,0.046197284489418025
485,0.029430075307335376,0.12516386800961754,0.12052943111527237,0.0461250315054545
486,0.029352081439292323,0.1250363575836662,0.12040291609333435,0.04605329517320551
487,0.029357623200464374,0.12515645822997756,0.12061620610449827,0.04598187529116975
488,0.02926924167400629,0.1251215243715959,0.12044132256890855,0.04591103402760653
489,0.029149482175744288,0.12479344358778405,0.12013348273595063,0.04584089797466126
490,0.029236102479461273,0.12525846689218983,0.12067332088584488,0.045771027522476214
491,0.029128449114038283,0.12526983989990192,0.12040984751597923,0.04570193557653232
492,0.029252093498994085,0.1260241864075452,0.12109996988154732,0.04563309767847744
493,0.029161547928490655,0.1265999009803031,0.120902374659257,0.045565024307799226
494,0.028884180102620404,0.12618731097398644,0.1199255813832848,0.04549813333298922
495,0.02874194260774672,0.1253622442898842,0.11950363959532614,0.045432088553079245
496,0.02875042052078133,0.12477184332910073,0.11970470554628256,0.04536653537096269
497,0.02860207374308211,0.12396245300851158,0.11924982966933476,0.045301833991972004
498,0.028587312369869132,0.12408989378982714,0.11934793114219795,0.04523768571291924
499,0.02883404893067958,0.125351972316146,0.1205370757810459,0.04517351554189225
500,0.028662789185360724,0.12514923074447123,0.11997887991718245,0.04511026278631554
501,0.0284802097024006,0.12433708521365106,0.11936850193888061,0.045047940763379986
502,0.028640754569018354,0.12507130284886794,0.12019318139867569,0.044985790911719566
503,0.028681881171639292,0.12550471270967758,0.12051652422785544,0.04492407736029389
504,0.028697335832735576,0.12618590661619067,0.12072991002164006,0.04486286110914337
505,0.028777318654139298,0.12739558436631218,0.12121276797029419,0.044802016838169596
506,0.028483953330148276,0.12749321577342582,0.12012005490138856,0.04474234620669222
507,0.028549325315526827,0.12804866392870315,0.12053506350334965,0.04468310429233749
508,0.028411377802842683,0.12816507380643305,0.12008895722890436,0.04462472854894548
509,0.028313705862461444,0.12801486546439828,0.11980857872882922,0.04456714150266038
510,0.028230601725474886,0.12765781750213975,0.11958576920177003,0.044510317175601055
511,0.02816371648975215,0.12716169158987214,0.1194281569907621,0.04445422464474169
512,0.028155479700813408,0.1267824210213945,0.11951616439997052,0.044398750053124054
513,0.028072850415742763,0.1261876721573783,0.11928555720910601,0.04434404538330566
514,0.027952208398070586,0.12520495095708636,0.11888984312024525,0.044290188106609375
515,0.027859401171540978,0.12395346458945274,0.118608752550155,0.04423712635409439
516,0.027732393194288822,0.1233236643261455,0.11817837040380264,0.04418492308442043
517,0.028167333040609775,0.12539596869560743,0.12014082469582808,0.04413252274787944
518,0.028070884651246485,0.12549969050258433,0.1198371620711835,0.04408092368096246
519,0.027869805432058782,0.12484023609435119,0.11908268101004901,0.04403030065754901
520,0.027953662572969325,0.12484442322146842,0.11954187134063106,0.043980124894055686
521,0.027946494985860132,0.12493986870850224,0.11960975713404932,0.043930567196045614
522,0.02786522031549012,0.1247004537546823,0.11935706416807644,0.04388176909662736
523,0.028117859645925523,0.12595252214560015,0.12053179656680586,0.04383316558004014
524,0.027906635927257853,0.12607749711384666,0.11971610580591244,0.04378558564114624
525,0.027747285476158703,0.12560200325997722,0.11911811377545839,0.04373894901328074
526,0.027712019996658357,0.12507841535235398,0.11904875725454117,0.043693060318821524
527,0.0277265061846343,0.12472694068318282,0.11919003009586332,0.043647855333776596
528,0.02786667139222174,0.12538300415847614,0.1198689249601901,0.04360314833790725
529,0.027715571143785044,0.12518720236612899,0.11929223182101498,0.0435594178351951
530,0.027629544588757913,0.12470108187822365,0.11899166310126395,0.04351655119425657
531,0.027593933372080964,0.12444692684373022,0.11890477552001506,0.043474458853531905
532,0.027536972948985744,0.1242800890765368,0.11872259757605502,0.043433160788642476
533,0.027714404836166318,0.12516798139135155,0.11954797708279856,0.04339229762003498
534,0.027620200113082177,0.12499452972603127,0.11919905881675041,0.04335226932106049
535,0.027576979879621225,0.12471152386031077,0.11906656352800614,0.04331299250841012
536,0.027605058976865625,0.12491547500064723,0.11923866018390868,0.04327436366736417
537,0.0279225865685758,0.12642690320572772,0.12065850026831675,0.043235989405787364
538,0.027724272585005094,0.1270273025422454,0.11984671821884835,0.04319859590211863
539,0.027578714741945905,0.12703528491757185,0.11925875744454416,0.0431621098263054
540,0.027449457840130583,0.1265202502107714,0.11873736396341078,0.04312651532054643
541,0.02737232036015185,0.12571434538378506,0.11843768467454165,0.04309175509026723
542,0.02741156996932018,0.1251418685507089,0.11863810435794037,0.04305769691830223
543,0.02739178961673516,0.12453148662422349,0.11857978535621823,0.043024431931012366
544,0.027363891129849036,0.12431124986894167,0.11848297820936894,0.04299198127494214
545,0.027457693633855734,0.12478234753889425,0.11890988373428543,0.04296021206868533
546,0.027403857554733582,0.12457920506839702,0.11869421501188542,0.04292930633604411
547,0.02739456023429833,0.12457477430591316,0.11866802265383461,0.04289921432725438
548,0.027545023489158493,0.12529336735951252,0.11933053653227722,0.042869765220097715
549,0.027434561948469667,0.1251150109030393,0.11885929713977975,0.04284124281305351
550,0.027511883309776608,0.12531542606884188,0.1191980926044978,0.042813447151745926
551,0.02750137315865334,0.12549134455219038,0.11915286730212078,0.04278647201548667
552,0.027418947134606384,0.12531163363712297,0.11879254305539759,0.042760386960061986
553,0.027360684897416956,0.12488244214115174,0.11853343978655237,0.04273516531496271
554,0.027280586164111546,0.12421810539004431,0.11817630314525676,0.04271082506762696
555,0.02726639502901723,0.12416173883172582,0.11810127122487964,0.042687306936134164
556,0.027434410943885563,0.12493140323046678,0.11881189609427477,0.04266446374783384
557,0.02736125064192966,0.12459907158344108,0.1184743575224949,0.042642511184622
558,0.02737173646613454,0.12464382590724174,0.11849554011209014,0.0426213861310143
559,0.027260155730863614,0.12412888971562022,0.11798477714847919,0.04260118878690248
560,0.02724861868069117,0.12406571255316348,0.11790366203799875,0.042581846156927006
561,0.027472318060652628,0.12506969807596974,0.11883662028026494,0.04256320402310642
562,0.027496161347901504,0.1252294154747076,0.11890086624556724,0.04254541650086804
563,0.027599394856949656,0.1258365106281971,0.11930455151741995,0.0425284378969676
564,0.02747951556705229,0.12587153797241196,0.11873994277359473,0.04251240740066622
565,0.02738106810293555,0.12542836141777064,0.11826479865274803,0.04249730097265859
566,0.027396894243362727,0.12502316827386298,0.11827997622216763,0.04248305046335359
567,0.02752940458747195,0.12518259461393227,0.11879505222698776,0.04246960308668831
568,0.0274729844225421,0.12504360974998302,0.11849090883432693,0.04245706247894989
569,0.027572067315962255,0.1253090737251895,0.11885386329802188,0.04244536337819087
570,0.027532441542122026,0.12534452719463238,0.11861479389100715,0.04243457650210864
571,0.027501783688347107,0.12518685705528104,0.11841087984922717,0.04242470136207769
572,0.027607517632412485,0.12545117254098723,0.1187904353043147,0.042415696308201266
573,0.027503046087998247,0.1251795296213423,0.11826156164650793,0.0424076382736017
574,0.027506762960782367,0.12485913478465205,0.1181948780120193,0.04240049255150052
575,0.027516252013169377,0.12465306859118175,0.11814933082836304,0.04239426111235663
576,0.02748774372386361,0.12445046783811296,0.117936999991224,0.04238895462233879
577,0.027425744788635645,0.12409268291891794,0.11757778361444976,0.0423845777680636
578,0.027578931719261245,0.1247045127509369,0.11813735141538488,0.04238109946714639
579,0.027593268513360636,0.1246835565847582,0.11809732758016837,0.042378550514821846
580,0.027604462792625635,0.12464426810020075,0.1180400242318232,0.04237693537566002
581,0.027638407111337315,0.12470349195386901,0.11807608815578542,0.0423762577112269
582,0.027652255696024464,0.12466767286865256,0.11802221407815698,0.04237652389695183
583,0.027681720499067513,0.1246981060405537,0.11803112980402444,0.042377738729799906
584,0.02758473307418466,0.12415518227209438,0.11749748067227063,0.042379897225892436
585,0.02767668144432111,0.12445915651173488,0.11776550176313991,0.0423830116772726
586,0.02765304423185409,0.12423886233116817,0.11753745406584058,0.04238707514713412
587,0.027705834922320493,0.12435804266178231,0.11763068892625086,0.04239209976786745
588,0.027854105399134226,0.1249008158843011,0.11812454891914835,0.04239811277545503
589,0.027869131188924076,0.12484068721401193,0.11804812286346993,0.04240509770375775
590,0.027930398028893612,0.12498327917259085,0.11816344613279924,0.042413070804672215
591,0.02786647129401591,0.12456139054738626,0.11774516712030446,0.04242199951535129
592,0.027855667279973163,0.12437371532125009,0.11754849372853096,0.04243189674310771
593,0.027923081492400605,0.12453134628662645,0.11767825346176412,0.04244279235880257
594,0.02786976951070545,0.1241464808677734,0.1172954245924056,0.04245464264486411
595,0.028165130973466804,0.12531011039759718,0.11837562446565586,0.04246760342584665
596,0.028176069418193023,0.12551129025380076,0.11825340035921361,0.04248156661707324
597,0.028109078497503843,0.12525351716536393,0.11780074513938009,0.04249649448866003
598,0.028062779059282117,0.1246257543056852,0.11743236366057094,0.04251239484864084
599,0.02802036974623414,0.12401636743425301,0.11707753945638168,0.042529268473988115
600,0.028214168854309572,0.12470180671259222,0.1177058162378435,0.04254726424912226
601,0.028311081373388877,0.12495264753686493,0.11792367585283402,0.04256633910905962
602,0.028314341754159426,0.12478525525178898,0.11774682436861864,0.04258643674024916
603,0.028217540447759006,0.12417357779218238,0.11715094015436042,0.0426074810905247
604,0.02835401224168482,0.12458479195995097,0.11752027982356153,0.042629641599679996
605,0.028561133758177624,0.12529951052050267,0.11817574755649249,0.04265298858313902
606,0.02858481352611665,0.12550250642303407,0.11806596540502909,0.042677386845272156
607,0.028598463592949933,0.12556114790772482,0.11791117994470245,0.042702830344486464
608,0.028523648607414662,0.12508516163803998,0.11738861088417114,0.04272923963051426
609,0.028528179665231152,0.12441835925673074,0.11719040815983733,0.042756683331670715
610,0.028528104087845774,0.12411902611670302,0.11697034953221856,0.04278515590039636
611,0.028609061276659395,0.12425365679312994,0.11707911234174821,0.04281473726569368
612,0.028948172063851273,0.12550237124504807,0.11823747304723492,0.04284570685775522
613,0.028867721731344453,0.1254262100287966,0.11767415134953799,0.04287763183977113
614,0.02901432880132722,0.12575041543990761,0.11803310572111125,0.04291075912561251
615,0.02894085386013202,0.12551880762680753,0.11749153088279744,0.042944844014239335
616,0.029007880453434276,0.12533418405987803,0.1175177853594956,0.042980048720839645
617,0.029005671140425977,0.12489473073552683,0.11725991937748141,0.04301629238325699
618,0.02904908102069556,0.1244983843832916,0.11718354453941013,0.04305362946653947
619,0.02901076233311603,0.1240826550970276,0.11677450796288535,0.04309195179998724
620,0.029244039904483567,0.12482400528513318,0.11745449288548124,0.04313162027530798
621,0.0292363683257656,0.12452956124382047,0.11715976502597429,0.04317232349229903
622,0.029409597679721847,0.12500085269770858,0.11758556558092817,0.04321431936605192
623,0.02949499147205548,0.12509240691464937,0.1176532837150331,0.04325749771792769
624,0.02947465927567771,0.12482144783401732,0.11729481486903433,0.043301707287413206
625,0.029527275032665518,0.12467216914184266,0.11722391587184472,0.04334705449520026
626,0.029884471982712442,0.1258940168208279,0.11835521369448868,0.043394018197874286
627,0.02979486523991919,0.12611892798596464,0.11770857516223268,0.04344191043283527
628,0.02986872299864649,0.12636016775044898,0.1177064658590604,0.04349097955969883
629,0.029924888513182684,0.12653867609577862,0.1176301436373899,0.043541193090037185
630,0.029921634854281766,0.12640183834225271,0.11731660798293134,0.043592448071878655
631,0.029973965013933995,0.126178947989392,0.11721871505391243,0.04364484071633372
632,0.03002099156206466,0.12584399432372895,0.11709651443352634,0.04369837143372438
633,0.030023865657259875,0.12521009131880098,0.11679890016580208,0.04375296948381021
634,0.030163544611084933,0.12483980353792991,0.11702969483922121,0.04380888813495451
635,0.030185372815780293,0.12440047136141033,0.11679766718887424,0.04386591107338515
636,0.030635460427663703,0.12592815074779407,0.11821503845322227,0.04392485007832518
637,0.030663385824392212,0.1266359355407388,0.1179910337263491,0.0439849094852917
638,0.030596654059434323,0.12673259492060135,0.11740039778245233,0.04404589125558785
639,0.03047222583918614,0.12598256363449864,0.11658899686331484,0.04410766653040769
640,0.030608168313568957,0.12544628536288763,0.1167729152368841,0.04417076113564388
641,0.030860029562717026,0.12558788303251037,0.11739222342826901,0.04423543787199072
642,0.03095173232895027,0.12574980830994031,0.11739464281169847,0.0443013864386385
643,0.031136806284984712,0.12630336451488713,0.1177454193915942,0.044368817385510184
644,0.031291344086634795,0.12711645664551519,0.11797234159833606,0.04443767340917025
645,0.031095248772458412,0.12677519750494665,0.11687372783381278,0.04450717120216872
646,0.03111152505155409,0.12613347032600675,0.11657609929825219,0.044577754238251506
647,0.031252953398235375,0.12568797622644493,0.11674414688037096,0.044649693052533995
648,0.03131665729321884,0.12512364830961153,0.11661680964731744,0.0447228006280319
649,0.031585324347787234,0.12524907316394907,0.1172471746373972,0.04479754961021209
650,0.03155368398194924,0.1248664147217551,0.11675503744644627,0.0448732296893256
651,0.031413807649736905,0.12368170175031083,0.11586261934996135,0.04494956501794126
652,0.03174331327930199,0.12459130107844937,0.1166989674328943,0.0450276961186812
653,0.03229545754619398,0.12635792986325164,0.11833766025038854,0.04510821535284667
654,0.0323092064206819,0.12736085284291754,0.11798901917226967,0.0451898282395378
655,0.03207842639163012,0.12705635848378463,0.11674884008259039,0.045271923667682575
656,0.03245381571374182,0.127799605499044,0.11771399756856842,0.04535605810518526
657,0.03255880661206867,0.12853045481631575,0.11768654903920077,0.045441555551328346
658,0.03248357143139332,0.12855146034244272,0.11700649843717463,0.04552792866374616
659,0.032453648073345706,0.12803950819809828,0.11649236554971694,0.04561526185694728
660,0.03249839986585849,0.12727985049819393,0.11624544618087032,0.045703725321165595
661,0.032675905692162735,0.1267755861898904,0.11646942249877687,0.045793670214876125
662,0.03296841473139351,0.12695573812769934,0.11709474823620772,0.04588542752065958
663,0.03320353727309541,0.12759043471839712,0.11750484203444166,0.045978862392443726
664,0.03337958784084358,0.12844593451464223,0.11769605824919768,0.046073822742825524
665,0.033610079145941864,0.12971798287660896,0.11807008227075597,0.04617046488694675
666,0.033439049510496664,0.12989302559799473,0.11702878849349903,0.04626762139148757
667,0.03346624324974652,0.1297172139660024,0.11668531233490909,0.04636584343737061
668,0.033625757820686365,0.12968165644918603,0.11680095828924282,0.04646552460881514
669,0.03371183158794023,0.12950842272067228,0.11665690301743833,0.04656647005979286
670,0.0336757791047768,0.12874397886419092,0.11608933155094646,0.046668331733050884
671,0.03376479949534593,0.1278487857967544,0.11595248331224009,0.04677149615418983
672,0.03380499184522298,0.12663911030036007,0.1156443020014046,0.04687582183772609
673,0.03422088501034848,0.12648304739746483,0.11661429702432047,0.046982476357533796
674,0.03434114069413088,0.12628839968238603,0.11656388166655914,0.047090544434739326
675,0.03448360491278374,0.126129805480298,0.11658307735384642,0.047200063755948304
676,0.03460483785891717,0.12592400961675979,0.11652437064521212,0.04731092172170298
677,0.03462238759148713,0.12529268644559907,0.11611237294982737,0.047422737184677745
678,0.03469627973568082,0.12443717146084278,0.11588847383670696,0.04753565317715437
679,0.035071040187933084,0.12499021373042032,0.11666340150747506,0.0476506415032187
680,0.03564695331928986,0.12653467142875688,0.11809035683186027,0.04776839900337837
681,0.03577676476495264,0.12801234596668523,0.11802270844650758,0.04788751274994439
682,0.03560779786326571,0.12837539604329595,0.11696864589981446,0.04800703126163607
683,0.03557007801095241,0.12809106663380562,0.11635113440071898,0.048127417297305616
684,0.0354905785936279,0.12701604429668942,0.11560025555447162,0.04824853074887254
685,0.03573948262953894,0.12629862928351152,0.11592063708166103,0.04837146619653648
686,0.035875207330639335,0.12553888176074218,0.11586779591271078,0.048495794546497835
687,0.03634459297951464,0.1258825458353847,0.11688323784886863,0.048622625676726365
688,0.036208976227903,0.12523113761138932,0.11594161039871181,0.048749819997765155
689,0.03642323390630537,0.1247859419245239,0.11612017749155314,0.04887858968308819
690,0.03676814844756011,0.1251965130373666,0.11670448526187037,0.04900943149850695
691,0.03707518207089913,0.12589197025444357,0.11715526918257611,0.04914227327658269
692,0.03701598152656849,0.12583904289362374,0.11644323645341248,0.04927586639784124
693,0.03767313050800633,0.12744928737803332,0.1179785591940563,0.04941285466295481
694,0.03785297575146558,0.12909755643398405,0.11799929537643396,0.04955156644700565
695,0.03773218856871137,0.12977631835094502,0.11708173403900786,0.049690897173174035
696,0.037753363487221206,0.12996426857717105,0.11661082644429864,0.04983132220081728
697,0.037880212274655906,0.1300108871855265,0.11646596287042782,0.049973176339566765
698,0.03820386653407711,0.1305605845252428,0.11692157723438935,0.05011715287958521
699,0.03818047227488984,0.13046699900742412,0.1163097703737077,0.050261917838380174
700,0.038114104067203225,0.1295929684088024,0.11557045507596042,0.05040727235001334
701,0.03799025391260661,0.12775591958297872,0.1146611891729823,0.05055294357450541
702,0.03838742182392612,0.1266437030070678,0.11532311158269128,0.05070086007444337
703,0.03902775240858346,0.1270220080425083,0.11669716291288254,0.05085190894212046
704,0.03907638350128525,0.12697212923546947,0.116284720324899,0.051003777968024334
705,0.03916652645402889,0.12662502773889617,0.11599401370042331,0.0511566463336474
706,0.03956482351381764,0.12695274946121013,0.1166077882518341,0.05131179641169656
707,0.03968126049366805,0.12705006568718383,0.11637939357974658,0.051468229248848044
708,0.039716633598946484,0.12666142933632699,0.11591368380858137,0.051625697658405335
709,0.039890810298576995,0.12622235934481346,0.11585360675996913,0.05178477663355303
710,0.039900059711866685,0.1252151262003435,0.11531258041810104,0.05194479085474341
711,0.04019232945607262,0.12451760497756868,0.11558870342523694,0.05210682434679388
712,0.04078941848457314,0.12553994960826886,0.11672796662465684,0.05227205245052904
713,0.04111576822437055,0.12646342116766107,0.11707322790635256,0.05243931757270561
714,0.0412825965587159,0.12727187764217193,0.11695486554213509,0.05260788638746068
715,0.04101488271989966,0.12664213422914639,0.11560635823491447,0.05277588789459154
716,0.04157115745096107,0.12707533966359522,0.1165825608874145,0.05294662593061055
717,0.042618764211904074,0.1300263814641146,0.11891008953657592,0.0531221263593774
718,0.04254356528556999,0.13209922382467498,0.11808074482915007,0.05329783161395443
719,0.043028145916841724,0.13496556400885765,0.11880474670481807,0.05347614000227614
720,0.042719560893770894,0.13626017454207906,0.11733127896992376,0.05365386361494018
721,0.04277570507319519,0.13707323401540547,0.1168713096250113,0.053832607055072694
722,0.04256509927805858,0.1366293491996322,0.11569149387372278,0.05401135840706276
723,0.04223582861617934,0.1345983943775224,0.11420539682252628,0.054189678862156754
724,0.04280559703767984,0.1336050012583639,0.1151568363192388,0.054371368696877954
725,0.04270271692061483,0.1316882147843008,0.11428698830990122,0.05455352068617447
726,0.04255440324715661,0.1287239820008405,0.1133021388846763,0.05473580736418009
727,0.04282486037523852,0.1259145935980167,0.11343335641863041,0.0549198908029859
728,0.04374019182928428,0.12507881667791249,0.11525228340228687,0.05510845456778755
729,0.04438227227341077,0.12540734041641521,0.11631901570955011,0.05530027909373312
730,0.044532055514660746,0.12549155791128896,0.1160780060457976,0.055493224634346076
731,0.044905701056576444,0.12595181580776213,0.11641286336117111,0.05568829148348993
732,0.04544168110623483,0.1272245796616191,0.11715316420618628,0.05588624580485353
733,0.045933418160840046,0.12916924046903458,0.11776400083949487,0.056086933159336445
734,0.045646701190026166,0.12963187249501235,0.11637819625244625,0.056286905644436315
735,0.045558639179263345,0.1291747913515577,0.11551574824010674,0.05648691980788575
736,0.045571228312410915,0.128081012053137,0.11491722145979522,0.056687332897739764
737,0.04601618453705492,0.12752519778243301,0.11540906906757577,0.05688999384557018
738,0.04630828105941922,0.1270834844622366,0.11550778551072856,0.05709415923186337
739,0.04682396464219267,0.12734568660526777,0.11615243942615752,0.057300689503620925
740,0.047316533081148145,0.1282306945134856,0.1167202558952422,0.05750934789393896
741,0.04772381519278252,0.1294939762136826,0.1170596069550075,0.05771969970959213
742,0.047765213717229395,0.13015993369498935,0.11649284697710821,0.05793022516950563
743,0.047885917279159466,0.13044047987544782,0.11612121578998576,0.058141533922535474
744,0.047726458469124926,0.1296086835555468,0.11507526661788536,0.05835274558263608
745,0.04810352208701322,0.1290668898567001,0.11532946886767514,0.05856657178644301
746,0.048551555736585594,0.12898810748139578,0.11574493776677124,0.05878359414742356
747,0.04883880716747063,0.12894654108632325,0.11576709037664147,0.05900325475295077
748,0.04915271374187142,0.12900176361137716,0.11584561416413507,0.05922569046898997
749,0.049581120485973795,0.12943285500287355,0.11618340272466482,0.059451245107900695
750,0.04959661113535525,0.12918735086176955,0.11554645999646154,0.059677675577070335
751,0.049026612221166534,0.1268069238515542,0.11355860902671923,0.05990184852403714
752,0.05014782368531711,0.1265285272502805,0.11549407302100656,0.06013109316472491
753,0.0507159434835001,0.12694323179475914,0.11612385003380246,0.060362577164449524
754,0.0509115173556561,0.12711740791292223,0.11588905585416537,0.060594426250397126
755,0.05074340814102725,0.12615870271499566,0.11482873037365976,0.06082500627399132
756,0.05098079416617476,0.12506107065165173,0.11468936185723498,0.06105638073247055
757,0.05164426297726893,0.12485061199725885,0.11550026246474476,0.06129082199226737
758,0.051904223693432845,0.12468824754152447,0.1153964529175912,0.061526817179832584
759,0.05217713741215989,0.1246147919413044,0.11531835216046563,0.061764586320864484
760,0.05242887939669653,0.12448450207987592,0.11518740801700685,0.06200398154701251
761,0.05290097944352957,0.12486797011727623,0.11553210491241027,0.06224579195347824
762,0.05316932417426156,0.12476036388429577,0.11542264374966066,0.06248882566375106
763,0.05356238146963531,0.12493989559241793,0.1155786438645435,0.06273347683644226
764,0.05403509952164197,0.12529511847669036,0.1158967712847495,0.06298011440201896
765,0.05430146471268074,0.12545686689578037,0.11576294718647656,0.06322797066602047
766,0.05457630966367821,0.12550076852703562,0.11564367735545711,0.06347730185703722
767,0.055007530390012625,0.12577862990813016,0.11584957321588943,0.06372894521940713
768,0.05531531974806614,0.12600078778696075,0.11578729447158029,0.06398232193680092
769,0.055570070129294956,0.12604344983542815,0.11561055867136924,0.06423706797869719
770,0.05589124920618426,0.12605228526904255,0.1155686827189927,0.06449334783922092
771,0.056071628064001615,0.12570831978837138,0.11523186517308011,0.0647505212141163
772,0.05621291947753185,0.12492551571859055,0.11481539253503324,0.06500854740557441
773,0.056508707274249184,0.12411949207541365,0.11471413099225412,0.06526819977207231
774,0.057131837674319556,0.12473180064365261,0.11526883604757471,0.06553086121498765
775,0.05748614729028272,0.12474323373251661,0.11526797227027079,0.0657951188286058
776,0.05767792820355865,0.12439673036572264,0.11493636759534552,0.06606016758250713
777,0.05805980447104772,0.12445626786359312,0.1149799981545598,0.0663269232788286
778,0.05826822451298405,0.12413782597929936,0.11467449729545376,0.06659460914792537
779,0.058761271082510606,0.12442229395807412,0.11492618286069711,0.06686448923723734
780,0.05901070098862369,0.12418306703818072,0.11469442912874464,0.0671353797888605
781,0.059502143534009205,0.12444732939553899,0.1149281243021308,0.06740833049459762
782,0.0598303702488536,0.12436034162277322,0.11483796870158548,0.06768253777413166
783,0.060167661057215445,0.12428595513845736,0.1147600670762301,0.06795799003839537
784,0.06053779028710217,0.12427392396353609,0.11473994700850072,0.06823476886347074
785,0.060919719436552916,0.12427955568462846,0.1147360006579125,0.06851285212754449
786,0.06132959766544189,0.12433565827052177,0.11477850726812354,0.06879233015940157
787,0.061753080369398645,0.1244116438914131,0.11483914594944544,0.06907326575707938
788,0.06215922056573603,0.1244445919351924,0.11485984892113235,0.06935559444755232
789,0.06259103171333626,0.12452122601456718,0.11492067547085925,0.06963946101282129
790,0.06304236137007475,0.12462831572353356,0.11500963284067722,0.06992499885434086
791,0.0635031852468677,0.12474561485580497,0.11510800404757564,0.07021232453459311
792,0.06395040432934257,0.12482785855312929,0.11517396600850029,0.07050149912338399
793,0.06436662259223355,0.12484200980160035,0.11517700191461636,0.07079252297254032
794,0.06479383869442751,0.12487070063933829,0.1151933786306019,0.07108546961809106
795,0.06525225623249602,0.12495232638032731,0.11525850749120355,0.07138033859278432
796,0.0656942571334277,0.12499501587787135,0.11528765439269008,0.07167688353723084
797,0.06614459430612413,0.12504651218669016,0.11532486010521832,0.07197504758756695
798,0.06655457104502756,0.12506140162414117,0.11528532165467423,0.07227465922166786
799,0.0669617612345344,0.12503371706820077,0.11523555683210462,0.07257573062802282
800,0.06742258584054575,0.1250575489659031,0.11527236147558159,0.07287850058669475
801,0.06791464590665099,0.12518328836939985,0.11535539411120829,0.07318305297568392
802,0.06834636114894724,0.12529233954922717,0.11532890309380815,0.07348903280781684
803,0.06879798066850944,0.12541478215246796,0.11533006563956742,0.073796472208106
804,0.06920737479541304,0.12546743571188362,0.11525456476573918,0.07410516446537975
805,0.06955668697527424,0.12533739018165346,0.11507505684088844,0.07441483568154254
806,0.07005971869754478,0.12529621673055152,0.11514591081319629,0.0747261425227957
807,0.07060069519987397,0.12540307100887732,0.1152713415350464,0.07503918987883318
808,0.07115669875693849,0.12567505030595785,0.11541261965559325,0.0753539690290697
809,0.07157541426594442,0.1258620081587376,0.11532357920035669,0.07566980268687112
810,0.07199497450644296,0.12595988822822013,0.11523094154048275,0.07598662635913869
811,0.07250787040799829,0.12612507734618922,0.11528238511114458,0.07630477720929112
812,0.07297525358796354,0.12627213464447645,0.11525517096553939,0.07662398990051437
813,0.0733969275381466,0.12631761114191928,0.11515115465089391,0.07694403942617035
814,0.0738708844799283,0.12634531926277015,0.11512439533143477,0.07726516317906262
815,0.07425748425750696,0.1262016057015031,0.11495639660755994,0.07758698343430298
816,0.07477309098352843,0.12609873801218446,0.11498402296991855,0.07791004576719031
817,0.07522014241299653,0.1259157200232384,0.1149002083290413,0.0782340295739985
818,0.07573379786251126,0.12575736688803307,0.11491266630603893,0.07855922304605344
819,0.07631398902313084,0.1257255453248465,0.11501876394263794,0.07888594352798504
820,0.07680857741891509,0.12567129347794972,0.11498766508977003,0.07921382715386474
821,0.07707782867457878,0.12522428264076393,0.1146156674128952,0.07954185136028699
822,0.07763619970943482,0.12484960818434983,0.11467177414927465,0.07987119505268193
823,0.07835891998493127,0.12495164001710717,0.11496189185057809,0.08020253019459211
824,0.0791907495041081,0.12543800042495698,0.11539943617968305,0.08053633768033981
825,0.07965325330057818,0.1257646754088958,0.1152872979992299,0.08087116068668501
826,0.0800549086312302,0.1258791398307569,0.11508247993662853,0.08120674278021608
827,0.08044322043126087,0.12575804107494862,0.11485635706118026,0.08154286598340169
828,0.08086670808671784,0.12545471603533312,0.11467928613788356,0.08187946319848036
829,0.08157270521532592,0.1254009191266142,0.1148990159331398,0.08221768477004845
830,0.08205395814837421,0.12524324536143489,0.1147934273595417,0.08255671589602169
831,0.08271672909359094,0.12525020222514285,0.11493514665120111,0.08289732658135389
832,0.08317654321183822,0.12510608119108016,0.11478664496927332,0.0832386455672116
833,0.08401976214026002,0.12537868876709676,0.11515961879154135,0.0835822832391751
834,0.08473986118671865,0.12587244752397503,0.11535182851725906,0.08392773539976259
835,0.08532045935327955,0.12637108955465837,0.1153450456216918,0.08427450874440338
836,0.08577381080043317,0.12668211029943188,0.11516120464139004,0.08462201211742464
837,0.08640453645965175,0.1270589864101888,0.11521061450740605,0.08497090979053555
838,0.08699651294092318,0.1274387076223954,0.11520300613568404,0.08532094634142955
839,0.08736526768447578,0.12749631446347673,0.11489751765473832,0.08567101122535567
840,0.08786378930660893,0.12741623888424417,0.11476197602608032,0.08602160476460328
841,0.08846885815767666,0.12734479180718533,0.11476030763737374,0.08637363917947743
842,0.08923499399354418,0.12750105903023362,0.11495953219796971,0.08672761879304583
843,0.08947359387135781,0.12713986675593317,0.11447292227914456,0.08708078731753659
844,0.08979174223710223,0.1263747851116549,0.11409031191215153,0.08743278448115305
845,0.09057629503187156,0.12584803558677207,0.11429734215012897,0.08778593935993982
846,0.09150644753299758,0.12574662528680522,0.1146766727675967,0.08814144974316862
847,0.09219680201449805,0.125730105114243,0.11474302021814692,0.08849869247171784
848,0.09277942166791922,0.12564236487933567,0.11466679674017576,0.08885722867871933
849,0.09336707682813558,0.12548255596262828,0.11459130886779506,0.08921623464950658
850,0.09390610355167375,0.12518188542576858,0.11445327888116678,0.08957574422978234
851,0.09469127882942437,0.12506138913948403,0.11460947592191247,0.0899363617946632
852,0.09559156057165548,0.12526196770628062,0.11489448925624449,0.09029891600503413
853,0.09605489321599835,0.12520410126271495,0.11464904724460782,0.09066071865468442
854,0.09654721618346841,0.12492208622015476,0.11443535708698307,0.0910219875320525
855,0.09748682206401646,0.12506343249615465,0.11474310523988246,0.09138495969790465
856,0.09844329550982178,0.12548283224401593,0.11505890319653556,0.09175013482760509
857,0.09931610163144007,0.12613870702397548,0.11526480755194295,0.09211671084233446
858,0.10034971503712396,0.12721940387807662,0.11564217752434784,0.09248544457601066
859,0.10134098365833866,0.12865807543349492,0.11595752160289806,0.09285676491525126
860,0.10204238576945297,0.130085664866238,0.11593474491287799,0.09322913056159453
861,0.10251673563083111,0.13121957772190862,0.11565383493681375,0.09360126047410469
862,0.10254380512167867,0.13151682600175874,0.11487630155177445,0.09397170531822646
863,0.10306207358878587,0.13158134952562567,0.1146525384306281,0.09434340319199806
864,0.10377728072544157,0.13164829050219254,0.11464329284434602,0.09471613053849676
865,0.10429306534865647,0.13147375450183907,0.11441009471424647,0.09508772137202526
866,0.10480233844794952,0.13104677861312827,0.11416623688636324,0.09545806876169384
867,0.1055811198990748,0.1306829163371378,0.11420984099802386,0.09582905065789989
868,0.10602644427200916,0.12998663692349113,0.11389051348959575,0.0961998107649
869,0.10666927114043898,0.12918578282459584,0.11378137026197416,0.09657066597721789
870,0.1073831889027952,0.12835573322183289,0.11374358984968826,0.0969414750556699
871,0.10797528849817742,0.12734980998258855,0.11357424739156965,0.09731223698213787
872,0.10906112831664463,0.1267233898497869,0.1139151000493539,0.09768494464822045
873,0.11010766651048672,0.12641734747457598,0.11420241357397229,0.09805865495540461
874,0.11117714783550497,0.12644327707117126,0.11450029924549776,0.09843280372371564
875,0.11194705458503944,0.1264543967685897,0.11447950898448085,0.0988064035912883
876,0.1129842516812618,0.12674016460995186,0.11472266958804454,0.09918034148728577
877,0.1140023215302604,0.12726775415735678,0.11493600456662326,0.09955479249688427
878,0.1148893648128742,0.12788372623578692,0.11500862941873345,0.09993014868571143
879,0.11577495472296807,0.1285780518722836,0.11507158061150312,0.10030728546909042
880,0.11651545756995133,0.1291882570315758,0.11498501581436175,0.10068603036748418
881,0.1171239698940608,0.1295709170374479,0.11476561806532679,0.10106546033344438
882,0.1178765941752522,0.1298778776995078,0.1146838078673201,0.10144551674709547
883,0.11820090875431567,0.12965538258991796,0.11418603230826999,0.10182487066681324
884,0.11867228058267236,0.12906155224295612,0.11383265849891402,0.1022039983862811
885,0.11930466144820909,0.12826477789270133,0.11363327594069396,0.10258332324611687
886,0.12063285893166995,0.12797847938115312,0.11408696948912675,0.10296501616417102
887,0.12139781147824888,0.12760915747531676,0.11399830842516842,0.10334706840092969
888,0.12248276981183447,0.1274754046584414,0.11420177470414786,0.10373003173174743
889,0.12339874383106526,0.12739522742105627,0.11423991439741339,0.10411284111122228
890,0.1238466555885368,0.12689354032345562,0.11384497530220891,0.10449366430015923
891,0.12409358166186012,0.12577206664909127,0.1132702196718789,0.10487198218174705
892,0.12416914037182922,0.1238677448882507,0.11254765820083544,0.10524755640413369
893,0.12422880747421529,0.12230650269613856,0.11181957453712518,0.10562041965161585
894,0.12428334568997731,0.12152143122209118,0.11109433504463985,0.10599056678606392
895,0.1242474172612923,0.12065758476062499,0.11029580296103701,0.10635787037691899
896,0.12417380115721131,0.11976713246487025,0.10947185608507067,0.10672248188671661
897,0.12374408860669896,0.1185473238464442,0.10834636996645683,0.10708368642607509
898,0.12381728530427016,0.11781911380925666,0.10767130795237755,0.10744327863716602
899,0.12418122341121769,0.11736885776577327,0.10725255350702086,0.1078023077413487
900,0.12442927528241245,0.11680868238084528,0.10673596884382959,0.10816056462678672
901,0.1245360535273369,0.11611728744946573,0.1061020204339365,0.10851754202638514
902,0.12469685049415216,0.11547947017450234,0.10551909943330406,0.1088729341818577
903,0.12480735353148106,0.11479888480823201,0.10489845361395765,0.10922609396702757
904,0.12485196557951199,0.11406192512351866,0.10422727635401216,0.10957668517712146
905,0.12477831994010377,0.11322231841122359,0.10346324381325415,0.10992456321645598
906,0.12476606378850115,0.11244432396992918,0.10275603291823561,0.11027026505881984
907,0.12482010523416985,0.11173167706364104,0.10210798335627777,0.11061454756905703
908,0.12473775392094771,0.11090355685064639,0.10135345835177657,0.11095769504802203
909,0.12476756334040455,0.11018086625402813,0.10069440717097199,0.11130045763781475
910,0.12488715163151545,0.10954137281786315,0.10011062068477446,0.11164329879323769
911,0.1250497774401705,0.10894253793605846,0.09956370890389511,0.11198644443705205
912,0.12497442496300726,0.10809832242537246,0.09879307172667735,0.11232921662020938
913,0.12490010708311174,0.1073473336341184,0.09810838767267188,0.11267207038477865
914,0.12492349959355123,0.10664259482714893,0.09746657767788985,0.11301528038377665
915,0.12450586504823963,0.10557097258635405,0.0964897948158788,0.11335750509553845
916,0.12462767662647871,0.1049627064196065,0.09593681501077958,0.11369974266081583
917,0.12470447898084393,0.10431961136657472,0.09535224295918615,0.11404144968929271
918,0.12467808639773137,0.10359493173087803,0.09469289694173465,0.11438238158526912
919,0.12445164324564963,0.10271085459332557,0.09388745128299744,0.11472216548293986
920,0.12458364202426501,0.10212783063967655,0.09335706000331945,0.11506185273984759
921,0.12427540556949555,0.10119098240019392,0.09250348456590517,0.11540030936163476
922,0.12415543302986062,0.10041502591465702,0.09179703855677081,0.11573819391585004
923,0.12456480041472072,0.10006749467106968,0.09148274194664738,0.11607706001906253
924,0.12455321395129887,0.09938360839309117,0.09086198997478163,0.11641576285272742
925,0.124370269845927,0.09856922030681084,0.0901217244856283,0.1167537575400712
926,0.12476474424434433,0.09821397041847181,0.08980093623097558,0.11709262215050466
927,0.12458772896274506,0.09741371890134178,0.08907336324023493,0.11743077374767008
928,0.12431110743433474,0.09654346033990151,0.08828187998572963,0.117767737252688
929,0.12417214644331276,0.09578735023330599,0.0875940679271678,0.11810383304567236
930,0.12353729840952622,0.0946604236011562,0.08656809695693016,0.11843790910583699
931,0.12387977775931328,0.09428612022764765,0.08623062163292845,0.11877285001263838
932,0.12482922278318885,0.09436718919612556,0.08630856438647701,0.11911019736003325
933,0.1240558055274008,0.09315265083884541,0.085201235329875,0.11944549110577635
934,0.12454065538045452,0.09288475210325897,0.08496019103865685,0.11978232240877841
935,0.12482505341690735,0.09246818284742882,0.08458158929354039,0.12011936641932626
936,0.12586013749669764,0.09260177402884305,0.08470671313064117,0.12045881094533775
937,0.12602440300559387,0.09146545085728691,0.08367178745784273,0.12079625524406198
938,0.12475913459910278,0.08980902932223396,0.08216133867720354,0.12112988125561272
939,0.1249143605126422,0.09005552561627161,0.08239296982141305,0.12146628759663058
940,0.12486586866803442,0.08941262454589802,0.08181090383335436,0.12180289157338112
941,0.12437782217135797,0.08846325855264049,0.08094556261111092,0.1221378992973351
942,0.1253317109110456,0.08854145439376461,0.0810216775825112,0.12247425495917222
943,0.1250927410230896,0.08753984512957648,0.08010814970061017,0.12280875127982582
944,0.12468416864108808,0.086833038897233,0.07946215868083611,0.12314272125834959
945,0.12533535903975535,0.0867678891357596,0.07940163689326583,0.12347747682200695
946,0.1263957212260021,0.08668088055676632,0.07932487279501124,0.12381414178201185
947,0.12618130841294445,0.08522331828824632,0.07799267860003198,0.12414767595848641
948,0.12467251692533825,0.08377085112841477,0.07666823391306317,0.12447778192552607
949,0.12890294770955177,0.08686088910398586,0.07949953072532995,0.12482335654576825
950,0.12766871488410597,0.08282291657425615,0.07580912619648093,0.1251541574116593
951,0.12470223842358748,0.08112191575169728,0.07425723460357204,0.1254778761702745
952,0.12167266756738039,0.08035316105577646,0.07355637631870364,0.125801274029072
953,0.12496440878214621,0.08198633562342245,0.07505326934985515,0.12613240053002137
954,0.1250233156909652,0.08147987971844962,0.07459367864411046,0.12646248955426964
955,0.12436472968130294,0.08049258768471898,0.07369314848807933,0.1267882908298993
956,0.12322898835357424,0.07923930631589186,0.07254673073414135,0.12711103589672418
957,0.12487774629639059,0.07976497408097138,0.07303180385720222,0.127438106442903
958,0.12420896207842305,0.07880425005744729,0.07215843050096246,0.12776452248471254
959,0.1251079709048996,0.07885275304554079,0.07220134962414548,0.12809201121947583
960,0.12516409963662486,0.07829290113994002,0.07169232771102961,0.12841815175537152
961,0.12491652831782746,0.07757345570073579,0.07104384540575867,0.12874331961984942
962,0.12512096782605997,0.07727577878535666,0.07078324238188072,0.12906816075026364
963,0.124927017899285,0.07656212077164762,0.07013515585340044,0.129391571930828
964,0.12804583933149088,0.07802552739433036,0.07148392226444637,0.12972320505737725
965,0.1274890792282693,0.07531130038272194,0.06900408406264548,0.13004446848004586
966,0.12783136216698873,0.0753486015157686,0.0690424326707979,0.1303662396876582
967,0.12880956345781494,0.07522333162871053,0.06892749236535382,0.1306892738421298
968,0.1298898526835657,0.07477714533967457,0.06852069942696301,0.1310137917523873
969,0.12894451314300348,0.07308443887622695,0.06697297949516344,0.13132975613738845
970,0.12795587257869614,0.07257674043963815,0.06651097788316568,0.1316450701861858
971,0.12708063080640083,0.07216384865318243,0.06613487235901458,0.13196334663722595
972,0.12693692821618424,0.07211102619043572,0.06608895311750443,0.13228635236903455
973,0.12680525736798354,0.07164049641515603,0.06566063322638584,0.13260861287703943
974,0.12556345004022793,0.07053554130500538,0.06464809984797153,0.13292548676332192
975,0.12388222828748016,0.06982389121076593,0.06399808702889107,0.13323945578439278
976,0.12359687655991758,0.06952309285528899,0.06372548763957724,0.13355386359333243
977,0.12582319226979308,0.07031233626684812,0.06445173099054533,0.13387331374490546
978,0.12605303422487757,0.06951582666502641,0.06372384614462294,0.13419039638262364
979,0.1258612613696945,0.06882133481903681,0.06309296429293604,0.13450520752752027
980,0.12491160170393863,0.06794829832322193,0.0622998043175425,0.1348168068633899
981,0.12401683680381427,0.06748034305373554,0.06187787269233141,0.13512732156462062
982,0.12391800674108355,0.06698301597961996,0.06142845240723963,0.13543672017463257
983,0.12465274390903153,0.06693833598077485,0.06139397206779596,0.13574721032658313
984,0.12661055471230356,0.06754041585644188,0.06195277453828699,0.13606069901708845
985,0.12718318093290987,0.06653548206745394,0.06103751275024838,0.13637011851339423
986,0.1276096860102106,0.06601341589622223,0.06056467059812011,0.136678535826583
987,0.12856595287212047,0.06585115596707748,0.060420144741966005,0.13698768910170703
988,0.12694676209838382,0.06407572328727998,0.05879457228490104,0.13728965478705357
989,0.12496312077635897,0.06347221520862342,0.05824388892013183,0.13759029468617173
990,0.12417108151397391,0.06365318057226149,0.05841310409103311,0.1378939046389124
991,0.12372888660761727,0.06301122548940398,0.05782726267779062,0.13819671137447612
992,0.12439349121011026,0.06293636824006858,0.057762847577357085,0.13850099026993873
993,0.12421989250105597,0.06243537618008489,0.057308051445540936,0.13880415059956508
994,0.12656363376457117,0.06319689347766522,0.058011008872743686,0.13911228104590506
995,0.12784508253681467,0.06263710342799558,0.05750006155886783,0.13941932322544157
996,0.12691460303295735,0.06113250537829727,0.05612105394187198,0.13972081152573648
997,0.1263143644487857,0.06089733469542883,0.05590663102426837,0.14002239279472087
998,0.1280502840964212,0.06163613530307593,0.05658754873390118,0.14032824077473768
999,0.1275537628303999,0.06014763343194236,0.05522622499849251,0.1406271503711601
1000,0.12481491595692128,0.05867849594014958,0.0538839237273759,0.14091955843105705
1001,0.12303813154415602,0.058671635789522406,0.05388481523382461,0.14121318594932886
1002,0.12609781690829786,0.059741688712729515,0.05487495493851333,0.14151372721739458
1003,0.1273365634227902,0.0594136443085479,0.054580463255283866,0.14181413514373453
1004,0.1268585908226307,0.058219687098305654,0.053487848576901864,0.14210942683137892
1005,0.12656069050237453,0.057925336312704856,0.05321921736398429,0.1424035933660547
1006,0.12627659899928143,0.05755471311618847,0.052880221985814525,0.1426961523584493
1007,0.12644885653553783,0.05739019941119099,0.0527313251836059,0.1429883155523047
1008,0.12639734524055113,0.056915955029935864,0.05229751612880073,0.14327898471122041
1009,0.12534106449905597,0.056092588733953674,0.05154348508444713,0.14356703845701432
1010,0.12426826878715888,0.055723226168437064,0.05120904994927926,0.14385515162704357
1011,0.12490873133440034,0.05580084352622121,0.051287352090792104,0.1441455867440843
1012,0.12805265110070457,0.05683297435615738,0.052242533264699964,0.14444302873826628
1013,0.12867727703722862,0.0553852902551864,0.05091681229221152,0.14473414057300302
1014,0.12781149030684272,0.0543723495303525,0.049989938160558064,0.14502064568767029
1015,0.12612384681821598,0.053665209997794026,0.049343662197399725,0.14530363981200597
1016,0.12499250977318033,0.05356342643255002,0.04925320341144021,0.1455862222707491
1017,0.12491461260267674,0.053671298660157185,0.04935511981091644,0.14586984064810826
1018,0.12501654617831515,0.05337002394255376,0.04908119090059247,0.14615260422586188
1019,0.12617722300894438,0.053511294489530625,0.04921525818124712,0.1464369491825635
1020,0.12611815881017738,0.05264811745281958,0.048426424691179665,0.14671779670493315
1021,0.12490429404052308,0.05182439371372109,0.047673826868771405,0.14699575094894743
1022,0.123284142880416,0.051285793288211944,0.04718203073598997,0.14727239375667636
1023,0.12426429296895536,0.051367646346015754,0.04725996427471723,0.1475506444274277
1024,0.12351080087236523,0.05073239067120783,0.04667818775713626,0.14782611204477256
1025,0.12282550379139004,0.05013197480630925,0.046129164021751504,0.14809874302540899
1026,0.12436461398245957,0.050439766521185835,0.04641655817259163,0.1483735411477022
1027,0.12487738517699318,0.050323530542240064,0.04631442116148348,0.14864836140558824
1028,0.12483117605865796,0.04998219288595773,0.046005567785984844,0.14892207488613035
1029,0.12604495754266498,0.05014552636511612,0.04616101042633897,0.1491975235685583
1030,0.12718139557674146,0.049858525327211786,0.04590131834533127,0.14947236046410858
1031,0.12762020940258592,0.04926338397974616,0.04535748224577018,0.14974496175862465
1032,0.1264241419643059,0.04830976893377274,0.044483632829384785,0.15001314369372876
1033,0.125124619618468,0.04796405689183118,0.04416969631191274,0.15027988853145763
1034,0.12371040628973516,0.04761703894899458,0.0438550380429647,0.15054496218648464
1035,0.12433008438456825,0.04760174096333919,0.04384669211846006,0.1508103440654498
1036,0.12523144057911345,0.047642807315303265,0.043890643901774655,0.15107673504186192
1037,0.12359922772029426,0.04663422516026327,0.0429670292698156,0.15133858571139835
1038,0.12495982607085336,0.046939495428214094,0.043252871199161234,0.15160332115601208
1039,0.12567668364019388,0.046909480701475145,0.043228701143186984,0.15186888495537576
1040,0.12630810588251168,0.04659488881567107,0.04294105034635647,0.15213336344244607
1041,0.12657882406618742,0.0461674834145157,0.04254856540340408,0.15239591736175484
1042,0.12498718648633982,0.04519442478555311,0.041653279270077434,0.15265347958143982
1043,0.12405785571366099,0.04514988684561083,0.041614569914392684,0.15291152429595167
1044,0.12533432518333493,0.04532928308617226,0.04178345798650006,0.15317153711481826
1045,0.12391285616118333,0.044412052453876964,0.04094250564699222,0.1534273529425584
1046,0.12426114726372149,0.04437975493070955,0.04091770949542855,0.15368406361079387
1047,0.12446514119077595,0.044174655107310265,0.040733909513791515,0.15394057451901696
1048,0.12513365754790967,0.04413395434241708,0.04070157479781603,0.15419762869117876
1049,0.12564606058650254,0.04398989670731772,0.04057322672699467,0.1544543513415837
1050,0.12546353003446883,0.04347186260595378,0.04009893482639623,0.15470827473652582
1051,0.12491189593129388,0.04307358649325347,0.0397343218131708,0.1549598851200766
1052,0.12456736135219858,0.042847507024142674,0.03952850495907585,0.1552101459572233
1053,0.1267041718162014,0.0433121174763715,0.039960321474364256,0.1554632516217726
1054,0.12741220755169036,0.042700749408715336,0.039399806788869854,0.15571321597184123
1055,0.12668948201652105,0.04195089592523639,0.03871182074595683,0.15595951077255502
1056,0.1256047220422596,0.04157024746911399,0.03836490008409933,0.156204433088914
1057,0.12410080883734984,0.04117457419254177,0.03800432020020844,0.15644787715427783
1058,0.1248082824681413,0.04135756578429295,0.03817767969712057,0.1566931663640685
1059,0.12464543268531654,0.041049122486937095,0.03789696459966634,0.15693725208007311
1060,0.12477114373445279,0.04083810892518152,0.037705682354368227,0.15718053473681498
1061,0.12527870752256798,0.04075223342942034,0.03762967144966866,0.15742358999244463
1062,0.12384467071923994,0.03994705488045402,0.03688936054870991,0.15766203238036902
1063,0.12336133602818684,0.03963875886857517,0.03660754231193551,0.1578988535476285
1064,0.12365547623158708,0.039493235170575854,0.03647573819585581,0.1581351384624144
1065,0.12466490959340308,0.039575074443776635,0.03655397364437437,0.1583723736386745
1066,0.12543605318367237,0.03957754049417063,0.03655933898353783,0.1586101817539921
1067,0.12508358775944506,0.03908755774443944,0.03611040160463873,0.1588456463433461
1068,0.12544020616964563,0.03907005101569843,0.03609837601234625,0.15908159129259192
1069,0.12461056296177665,0.0384629353304101,0.035541852827759554,0.15931437840617863
1070,0.12673508305099304,0.03901937502106791,0.036060616073126515,0.1595509304784886
1071,0.12707517936488652,0.038351895033096675,0.03544824769048211,0.1597837277967392
1072,0.1274775382748878,0.038137379268211015,0.03525424647029791,0.16001545523623728
1073,0.12590875616696373,0.03730949750695805,0.0344931162426053,0.16024236881677817
1074,0.1255038993412295,0.03743562958376755,0.0346139342267646,0.16047024836822
1075,0.12517516992900038,0.037232296932073264,0.034430174747163575,0.16069706044652304
1076,0.12468134584340734,0.03695886938225222,0.034181377646009474,0.16092237126497325
1077,0.12370875768961255,0.03650172917305228,0.03376235311324836,0.16114512011664184
1078,0.12459726551134734,0.03654502236843605,0.033805833569338195,0.16136847656105663
1079,0.12435602718543551,0.03625596485992733,0.03354161621974421,0.16159052856445916
1080,0.12488399544887675,0.03619299271299403,0.033486132505896875,0.16181271709793021
1081,0.12529717191828296,0.03609615208230788,0.03339893289287643,0.16203481555503946
1082,0.12573970400041704,0.03592226598418173,0.033240241520914954,0.16225627584447264
1083,0.12491285342858681,0.03534648391222422,0.032709838658003344,0.162474546649662
1084,0.12443325643435844,0.03521127797579424,0.03258753399002859,0.16269232291939728
1085,0.12470356018706309,0.03507899714122425,0.03246838320034514,0.16290964955807838
1086,0.12416349602172994,0.034720256987775505,0.032139981590891466,0.16312514284541724
1087,0.12343663403321696,0.03431374811966177,0.03176765892931283,0.16333847312115463
1088,0.12350666006182356,0.03413235225000819,0.031603939793858185,0.163550956614341
1089,0.12369920028110896,0.03398564288841113,0.03147239722795224,0.16376271012425347
1090,0.12430459642885448,0.03395228763330522,0.03144570568586068,0.16397434940903394
1091,0.12453145307223072,0.03381484488134752,0.031322338854734046,0.16418515213491727
1092,0.12541684018059518,0.03385572716830749,0.031363770479177704,0.16439617411110047
1093,0.12624495029439495,0.03376674361945734,0.03128461724213562,0.16460658330266795
1094,0.12560687414635582,0.03317645937910903,0.030740829374203527,0.16481328773311707
1095,0.12483904408584552,0.032948992836850585,0.03053310429586129,0.16501862934579023
1096,0.12349500404308507,0.03256340255593332,0.030178888466270724,0.16522172149307332
1097,0.1245644118979347,0.032656193227861584,0.030268230949048996,0.16542563552985806
1098,0.12395479536895501,0.03230779584634369,0.02994901788394092,0.1656276790379953
1099,0.12365311174526877,0.03204311018941502,0.029707672144047504,0.16582839763729587
1100,0.12421829383762335,0.03200430460715749,0.02967590115817563,0.1660291984337842
1101,0.12400635784780664,0.031765196817481064,0.029458389579321755,0.1662287877878731
1102,0.12467247727221364,0.03175223767944315,0.029450342849792872,0.16642851925171911
1103,0.1240496544211776,0.0314116934662549,0.02913800686052207,0.16662625071793535
1104,0.1236650845275492,0.031135522241643267,0.02888484810097503,0.16682231283020005
1105,0.1232530413193687,0.030855642245661757,0.02862789074560898,0.16701664046678322
1106,0.12366349213343707,0.030783528051998306,0.028563609430904358,0.16721053789855672
1107,0.12397132769307014,0.030685487699774416,0.028475383477318723,0.16740386888975547
1108,0.1239437235074324,0.030504765540424916,0.028310638925573197,0.16759616150974677
1109,0.12472048907264023,0.030522141072167195,0.02833003883227082,0.1677887252496742
1110,0.12387772938942392,0.03014333041951092,0.027981993492735602,0.16797911672052707
1111,0.12425648982090605,0.030064795996419914,0.027912827783736723,0.16816926182922365
1112,0.12401733666327901,0.02983737936848574,0.027705460075120102,0.16835821138663548
1113,0.12361703360442344,0.02957376691696628,0.02746434568962474,0.16854567891556899
1114,0.1240147639577115,0.029502992836364185,0.027402172207797774,0.1687327934657726
1115,0.12453314575124987,0.029460384245309505,0.027366126889925603,0.16891963208234503
1116,0.12465583189222738,0.029323785339346996,0.027242792498897293,0.16910552119953642
1117,0.12485446263444704,0.02920563519993081,0.027136603563460874,0.16929054964935492
1118,0.1248718261863564,0.029045739798570124,0.02699161141878286,0.16947447526130027
1119,0.12497286960300696,0.02890645445137438,0.026865683909783163,0.16965748298811578
1120,0.12482782081300912,0.028711580464986494,0.02668795966745466,0.16983928296839224
1121,0.12502367751918633,0.02859664730687381,0.026584384826046935,0.17002043135531394
1122,0.12450526341850435,0.028314475268466116,0.02632518799520388,0.17019989454128115
1123,0.12398843086792025,0.028046698416412216,0.026079240301341906,0.17037776135517252
1124,0.12429579375305186,0.027962054883281184,0.026003527100756908,0.17055517082464516
1125,0.12440118676854507,0.027832282522163868,0.025885842655017016,0.17073180820524084
1126,0.12430316857983446,0.02765812413724933,0.025726833668377053,0.17090737021669733
1127,0.12399869521534762,0.027439924715584617,0.025526762323432955,0.17108156943620412
1128,0.12452029629156838,0.027405912838878946,0.02549791631618976,0.17125557701040442
1129,0.1241506779215514,0.02717623265601286,0.025286900536444053,0.17142815067543968
1130,0.12427398815175633,0.02705647183370164,0.02517801695295591,0.17159997602500932
1131,0.12430245381450153,0.02691698473974434,0.025050679807918714,0.17177090073799112
1132,0.12412576947868485,0.02673439062030669,0.024883185158688197,0.17194061531264038
1133,0.12415179600161515,0.02659694973963741,0.0247577770075075,0.17210937280961702
1134,0.1240378353151612,0.0264306228126676,0.0246056305155084,0.17227696764997774
1135,0.12391952280379857,0.02626477335129973,0.02445410086057138,0.172443394539383
1136,0.12423099566197311,0.026190955035003374,0.024388423720366502,0.17260923608168988
1137,0.12431178102293326,0.026068733106558776,0.024277830120187575,0.17277418322665866
1138,0.1242265780943024,0.02591265964284612,0.02413579965304189,0.17293801059041944
1139,0.12420700259334684,0.025771539409322152,0.024007718470631375,0.17310079066418946
1140,0.12417439144404137,0.025628847087842438,0.02387814452550406,0.1732624844558
1141,0.12414063376210543,0.02548709671768261,0.023749382354626807,0.17342306929261425
1142,0.12418501204161503,0.025362486022004787,0.023636513506931058,0.17358263206134475
1143,0.12427689190670999,0.025248438862602682,0.02353342091369782,0.17374123120612683
1144,0.12426325523168547,0.025113809314164147,0.02341109117781878,0.17389874635658883
1145,0.12427180045460268,0.02498469689843289,0.023293869652039348,0.17405523746729093
1146,0.12429800442159458,0.024860096416132092,0.023180831659537077,0.17421076811903846
1147,0.12433822707803388,0.02473922541298225,0.023071240829928518,0.17436539845906285
1148,0.12438953726131807,0.024621466197635007,0.022964508673375215,0.17451917859004343
1149,0.12444960504071734,0.02450632050356072,0.022860163281907372,0.17467214459987307
1150,0.12451657144468577,0.024393381888266293,0.022757825006647674,0.17482431790943423
1151,0.12458894541003514,0.024282319355172312,0.022657189824987684,0.17497570731431922
1152,0.12466552851307339,0.024172868321355876,0.022558018373400546,0.17512631260230774
1153,0.12474535784485478,0.024064823755040425,0.022460125524947444,0.17527612865137188
1154,0.12482766064846565,0.02395802712566873,0.02236336837032201,0.17542514913731055
1155,0.12491181752806449,0.02385235305003294,0.02226763433114942,0.17557336933698778
1156,0.12499733250504982,0.023747700713559895,0.022172831833397487,0.17572078745489805
1157,0.1250838087282241,0.023643989457444784,0.022078884823770233,0.1758674039647436
1158,0.12525473758497033,0.02354115600139948,0.021985730760813463,0.1760132194040954
1159,0.1255131768568423,0.023439151750549996,0.021893319819550637,0.17615823210272058
1160,0.12585931425601832,0.02333793990902247,0.021801613427497944,0.17630243730718945
1161,0.12629317579829052,0.023237492692269355,0.021710581987732434,0.17644582812231313
1162,0.12681465853495957,0.023137788941848668,0.02162020262472054,0.17658839750551186
1163,0.12742355675982753,0.023038812268759732,0.02153045758340492,0.17673014000735465
1164,0.1281195829903376,0.0229405496989737,0.021441333307772436,0.17687105237360154
1165,0.1289023847617328,0.022842990722286568,0.021352819878457746,0.17701113304257626
1166,0.12977155806210613,0.0227461266342986,0.021264910500340132,0.17715038118748297
1167,0.13072665806360997,0.022649950079347923,0.021177600905968614,0.1772887959295698
1168,0.1317672076621342,0.022554454727448284,0.021090888694519878,0.17742637595208205
1169,0.13289270421759475,0.022459635040328076,0.02100477269072485,0.17756311940226255
1170,0.1341026247844944,0.022365486097687685,0.020919252400468616,0.17769902387591474
1171,0.13539643003404978,0.02227200346533068,0.020834327601399166,0.1778340863719717
1172,0.136773566992674,0.02217918309338444,0.02074999806949957,0.1779683032296309
1173,0.1382334706557777,0.02208702123681397,0.020666263419517304,0.17810167011999217
1174,0.13977556448033807,0.021995514392865127,0.02058312302883168,0.17823418214830497
1175,0.14139925971465137,0.021904659251595602,0.02050057601585577,0.17836583407164391
1176,0.14310395348960428,0.021814452656645642,0.02041862125011697,0.17849662059174518
1177,0.1448890255732127,0.021724891574081362,0.020337257378075475,0.17862653666417297
1178,0.14675383367951997,0.021635973067631768,0.02025648285466341,0.17875557777226547
1179,0.1486977072244191,0.021547694279003774,0.020176295974873457,0.17888374013631161
1180,0.15076459563405742,0.02146759695280749,0.020103760138361373,0.1790110656004521
1181,0.15290020513085253,0.021379025288911894,0.020023279876401564,0.17913749796919923
1182,0.15510549233028037,0.02129140332728498,0.01994367900888186,0.17926303827867782
1183,0.1573809870220924,0.021204663672908144,0.019864894952252292,0.17938768826520754
1184,0.15972684674229357,0.021118752121931955,0.01978687736749282,0.1795114505702257
1185,0.1621428892299065,0.021033624978291757,0.019709585670484402,0.1796343290153269
1186,0.16462863829192495,0.020949246916414924,0.019632987048837737,0.17975632898543623
1187,0.16718333809933392,0.020865589278868425,0.01955705488211827,0.17987745795392718
1188,0.16980596151846572,0.02078262872042506,0.019481767483393846,0.17999772617846288
1189,0.17249521219348107,0.02070034612804792,0.019407107096738582,0.1801171475902839
1190,0.17524952235153704,0.02061872688395838,0.01933305909862925,0.18023574089237052
1191,0.17806704793110717,0.020537759601971687,0.019259611361763858,0.18035353095542622
1192,0.18094566221576247,0.020457434284437668,0.01918675374826911,0.18047055051051608
1193,0.18388294900229452,0.020377741378844336,0.019114477705983096,0.1805868420704508
1194,0.18687619627606336,0.02029867180660793,0.019042775946852022,0.18070246001892523
1195,0.1899223913158542,0.020220217341917153,0.018971642352618757,0.1808174728288125
1196,0.19301821808159814,0.020142370870184778,0.018901071930074214,0.18093196499363237
1197,0.19616005764939426,0.02006512640085264,0.018831060554838942,0.18104603863690283
1198,0.1993439923514408,0.019988478907155886,0.01876160452850789,0.18115981510321294
1199,0.2025658141554793,0.019912424103429,0.018692700180378417,0.18127343670957188
