,0,1,2,3
0,0.0,0.0,0.0,0.0
1,0.0,0.0,0.0,0.0
2,0.0,0.0,0.0,0.0
3,0.0,0.0,0.0,0.0
4,0.0,0.0,0.0,0.0
5,0.12271977723363756,0.0,0.0,0.0
6,0.12837426399612079,0.0,0.0,0.0
7,0.12873804331094596,0.0,0.0,0.0
8,0.12684180071808313,0.0,0.0,0.0
9,0.12514365623428778,0.0,0.0,0.0
10,0.1247189186370477,0.009310732592379198,0.0,0.0
11,0.12611585022602984,0.017375520858440928,0.0,0.0
12,0.1260879722618996,0.021389505273606564,0.0,0.0
13,0.12634658920429467,0.023128129612375817,0.0,0.0
14,0.12635349360431883,0.0236826313117358,0.0,0.0
15,0.12469499107864133,0.023554843086892565,0.003543148649936593,0.0
16,0.12345480565704062,0.023629398252041276,0.009528443343816612,0.0
17,0.12568362569714533,0.024069290366291123,0.015504286182308258,0.0
18,0.1260576059166535,0.024011811138964046,0.019628288727372666,0.0
19,0.12602016932976987,0.023932077157134673,0.02194328967994407,0.0
20,0.12519201806117072,0.02377931415251442,0.02297656257789928,0.009219572569750076
21,0.12398973265748413,0.023706495390364873,0.023424682953944752,0.03485377579106888
22,0.12593670254267578,0.02411546209077573,0.024043374216147318,0.0738827855635793
23,0.1261901136607861,0.023984512895438178,0.02399289388337826,0.11541624974739866
24,0.12508168265749878,0.023724091712338212,0.023755556259318508,0.1503187256760692
25,0.12386645947938726,0.023704426821922208,0.023738471993065145,0.1754805062083364
26,0.12461102034003592,0.023863902305499278,0.02389356140861322,0.1915952007140842
27,0.12430733989115929,0.023807624368581824,0.02383005655852348,0.20077143861117414
28,0.1249762517751344,0.02393808510383498,0.023952628072741566,0.20557616020844294
29,0.12410320817427616,0.02377349096114458,0.023779659712739605,0.20782078609781543
30,0.12441498445498855,0.023836183819361905,0.023833999797872762,0.20875564594647839
31,0.12430259614494041,0.023818161981158513,0.023807498970676404,0.20904246063098936
32,0.12247783255718582,0.023472420233464297,0.02345354531188027,0.20902986627666986
33,0.12406802857699975,0.02378153333696483,0.023754059988364818,0.20888664334523027
34,0.12295395318474378,0.023572769684932667,0.02353707925533413,0.20868773850952488
35,0.12463326389362862,0.023900031283361798,0.023855210842199548,0.20846218446098538
36,0.12439598989776035,0.02386038606983284,0.02380680176694297,0.20822670227594064
37,0.124448042230434,0.0238765248647001,0.02381400792196905,0.20798644339599942
38,0.1261797228132209,0.0242154569438124,0.02414298001086622,0.20774038258512165
39,0.12738803688880654,0.024228134589713516,0.024146358337794143,0.20749279638711077
40,0.12687051412402853,0.023904495106076503,0.023814619767599757,0.20724762578227274
41,0.12724163272427744,0.024083308345923968,0.023983586107955927,0.20699989628324023
42,0.1256340537298645,0.023711874937223223,0.023604483237432625,0.20675527757323942
43,0.1245554242063831,0.023822781056665566,0.023705665882215156,0.20650882585298444
44,0.12538487759013,0.024114182620264712,0.023986140574639773,0.20625869546072495
45,0.12537415809765146,0.024048616979714818,0.023911286471142334,0.20600856475272125
46,0.12457659523217962,0.023908023712163096,0.02376194657959226,0.20575915161083702
47,0.12452380618411048,0.023980872091846,0.023824866498631476,0.20550816013437276
48,0.12543509718461607,0.02416771106192519,0.024001018096352484,0.20525436660014207
49,0.12520846704775193,0.024051965501692175,0.023876735619216848,0.2050009793288094
50,0.1250437965442663,0.024076032356468026,0.02389140359929079,0.2047465912431863
51,0.12368821823310643,0.02385874727741047,0.02366661889597624,0.20449379936603118
52,0.12477577671401216,0.02408994364706272,0.02388664555876497,0.20423783816347796
53,0.12438005436345963,0.0240271375717533,0.02381478465060669,0.20398174030171567
54,0.12444622645531345,0.024053982906799675,0.023831647039271285,0.20372445580626336
55,0.12408018711160973,0.02399767355699033,0.0237660164165457,0.20346682883402223
56,0.12447000793216459,0.024087836340927402,0.02384536091202588,0.20320734379856528
57,0.1250801029077736,0.024221247113002272,0.02396731836879101,0.2029456678123618
58,0.12465501416057173,0.024139199245315046,0.02387600529381251,0.20268432635037392
59,0.12392860059254776,0.024030007642534455,0.023757994371924922,0.20242385682161423
60,0.12246138164268362,0.023761668249956912,0.023482848623571233,0.20216618984629162
61,0.12365418588344367,0.024009705605849,0.023718073450819437,0.20190581917392877
62,0.12406809034136858,0.0241074149606082,0.02380446878825264,0.20164431610065958
63,0.12354038557991329,0.02402267859300462,0.02371059137450223,0.2013834646985383
64,0.12471845749931393,0.024270048300151493,0.02394440553552166,0.20111942206110345
65,0.12444803679277046,0.02423614670283164,0.023900449625114253,0.20085508076789893
66,0.12442494027129333,0.02425074116275094,0.023904281608567127,0.20058987274849177
67,0.12629441745726624,0.02463495041876658,0.02427226012923502,0.20031978014194046
68,0.1251432735972064,0.024178082958827063,0.023811426276621396,0.20005408191417443
69,0.12507175282524644,0.02440931587872017,0.02402854038919307,0.19978530846854617
70,0.12512657075201297,0.0244552525408478,0.02406291212091388,0.19951555812550245
71,0.12477959969864767,0.024398475066368427,0.023996055484220173,0.19924599695084072
72,0.12388623592133093,0.024270634570207346,0.023859313851496117,0.19897739609204015
73,0.12463916752941553,0.024440799302214627,0.024015495098690196,0.1987064092597659
74,0.1254378365139173,0.024620749151928693,0.024181039266932446,0.19843287021803577
75,0.12496974457296381,0.024466643624998962,0.024018446308467258,0.19816046003112708
76,0.12403503926130788,0.024392827484798627,0.023934928457980842,0.19788829057281251
77,0.12280940434037414,0.024175507264026872,0.02371091115705338,0.19761799373630187
78,0.12331165692989839,0.024298286285513365,0.02382069858797818,0.19734582407341195
79,0.12494037465786102,0.024644004042574212,0.02414881469233454,0.19706933069465207
80,0.12366502525418757,0.02441771149641689,0.02391619643770366,0.19679493848801657
81,0.1221579602252807,0.024145206233582524,0.023638587597231774,0.19652312145058703
82,0.12419832820331114,0.02457399449144934,0.024047497943575573,0.19624588617681116
83,0.12475616175868513,0.0247108042425458,0.02417010338639013,0.19596642051856752
84,0.12423247080172072,0.02463402782242568,0.02408361767522418,0.19568712149723635
85,0.12445718129369315,0.024705894349853423,0.0241424417709705,0.19540637965533383
86,0.12414924485823098,0.024672370903816083,0.024098166712520838,0.19512552495321459
87,0.12445296907091541,0.024760872480409334,0.02417294183448175,0.19484333643693952
88,0.1241716025206018,0.024733708222875333,0.024134569034942346,0.19456129614710138
89,0.12447030145776479,0.024822584479259748,0.024209316721228634,0.19427820173549676
90,0.1243630285383439,0.024831093654878556,0.024205551753574788,0.19399502220987447
91,0.12408053995133869,0.024804987668595353,0.024167961919573985,0.19371214369848022
92,0.12459308959940617,0.024938308163636683,0.024285593458266207,0.19342769197486953
93,0.12456165146130452,0.024963406521755143,0.024297724491526063,0.19314281291940746
94,0.12365432674962472,0.024813095933448714,0.024139278693902172,0.19285942107979603
95,0.12429012766479491,0.024972487918107245,0.02428230758654506,0.19257392577107435
96,0.12423494408039616,0.024993708498125145,0.024290905407767655,0.19228788547703934
97,0.12383994982315696,0.024946836268970735,0.024233390718219915,0.19200206485993948
98,0.12436083162072364,0.02508481853284118,0.024355453139883552,0.19171429229649464
99,0.124238219932457,0.025093620200117923,0.024351951936330034,0.1914259591708704
100,0.12430438787642427,0.025140911124314578,0.024385739537667213,0.19113654859253842
101,0.12458309936437521,0.02523173580059837,0.024461604512292227,0.19084552111754907
102,0.12437579182419391,0.025224633822508172,0.024442387360964688,0.19055400026536146
103,0.12455342447007835,0.02529596120981701,0.024499099325634,0.1902611064846724
104,0.12417298181814698,0.025254386990641996,0.024446365555049275,0.18996821477317102
105,0.1238098941188922,0.02521648124314322,0.02439718326584593,0.1896753984140706
106,0.12435429033834691,0.02536382203082951,0.02452714386479448,0.18938064049113099
107,0.12567209791000566,0.025670084205589607,0.02481043656973131,0.1890822131254365
108,0.12545424037383074,0.02552636655080099,0.02465854526411498,0.18878543144350732
109,0.12454092120355774,0.02542210689768397,0.024544948681519612,0.18848987565505362
110,0.12503388455033704,0.025654633133437903,0.024756504113936244,0.18819163131502073
111,0.12541707211424538,0.02576558027028951,0.024850464810962418,0.18789209098396423
112,0.12507384236294009,0.025655954880869167,0.02473166064876434,0.18759378937125826
113,0.12415112090416675,0.025576363829052616,0.02464199264218178,0.1872963524257804
114,0.12449861895517227,0.02570322002696103,0.024751260732139572,0.18699736183175658
115,0.12513597692656622,0.025875607521921536,0.02490413419171905,0.18669627094690927
116,0.12491894841788548,0.02584401615669109,0.02486048350363311,0.1863954333880046
117,0.12431207512677588,0.02578802381706483,0.02479342581000421,0.18609511178548904
118,0.12427965548930348,0.025822971410359573,0.0248138860683486,0.18579422781473134
119,0.12451047615510175,0.02591301926147865,0.02488723698759467,0.18549212919530134
120,0.12406955940159414,0.025863696555255916,0.02482667731454461,0.1851904463093239
121,0.12378035489517696,0.0258460009603511,0.024796568304832723,0.18488883429397637
122,0.12452833372720845,0.026045295816996782,0.024974590213910942,0.18458479766320762
123,0.12487257252790207,0.026161184693039564,0.025072355117345874,0.18427935379429017
124,0.12427786991803219,0.0260808517392476,0.024981919811646644,0.18397483705142115
125,0.12421031395971163,0.0261111312141597,0.024997441972582527,0.18366998384124827
126,0.12434164124406728,0.02618360597601859,0.025053256250460138,0.18336430482191465
127,0.12377951431876404,0.026110376930042072,0.02496958544109197,0.18305949084419817
128,0.12441624305763327,0.02629034522058685,0.025127983624551924,0.18275258778090395
129,0.12460897497015169,0.026377498520131715,0.025197391286338116,0.18244470617558237
130,0.12383622915872546,0.02626058983621946,0.025071795744200005,0.1821382708817305
131,0.12543820150726132,0.02664776599825887,0.02542733126325899,0.18182744441690257
132,0.1256942589237511,0.026657535263412774,0.02542228078705197,0.18151666867180263
133,0.1250954379870751,0.02652410461382257,0.025280725272962858,0.18120763247483065
134,0.12403010297384356,0.026473066939124032,0.02521790270261165,0.1808993691491739
135,0.12336236576415367,0.026399237899671073,0.02513349875306174,0.18059211453775534
136,0.12411168753756242,0.026608547254313174,0.025318656469689695,0.18028253498600427
137,0.12385951755838925,0.026604138200062227,0.02530024905994264,0.1799730861764025
138,0.1241417471497584,0.02671487894283594,0.025391297180369376,0.1796624079698817
139,0.12440223439185225,0.026821664567855553,0.025478423116639493,0.17935053307621218
140,0.12511848683623605,0.027027583280177087,0.02565949771998623,0.17903629542217414
141,0.12480974288564615,0.026987285015178167,0.025606648633863256,0.1787225379354075
142,0.12430497424885607,0.026955678071031105,0.02556218708422419,0.17840913323025215
143,0.12389223790705234,0.026918192424815607,0.025512297108860132,0.17809612808070394
144,0.124392201235859,0.027079293196307856,0.025650622083009313,0.17778121096713506
145,0.12462253699313594,0.027182756083516363,0.025734088517482108,0.17746507514028792
146,0.12428979966713391,0.02716402052385238,0.025701681656096074,0.17714918352963385
147,0.12393334601798295,0.02714018727120062,0.0256643822122434,0.176833638734302
148,0.12392574634388974,0.027192900822868266,0.02569937438726972,0.17651758091617045
149,0.12449516326203859,0.02737291394023581,0.025854466356680386,0.17619954575745933
150,0.1252896218243094,0.027603672739794197,0.026057186348096277,0.1758789509323958
151,0.12508657691386046,0.02755170035812068,0.025992883634343975,0.17555908887372748
152,0.12454383778037736,0.027533237718115434,0.0259603831547406,0.17523959318376314
153,0.12443605493219988,0.027585295598864818,0.025994457057181238,0.17491969265913565
154,0.12427130281911801,0.027605889740720396,0.02599886435454924,0.17459981397214996
155,0.12420489423135317,0.027648649810972044,0.02602412999525613,0.1742797486471375
156,0.1240708850031549,0.027676710896548173,0.02603550733916265,0.17395967508659396
157,0.12391333281040275,0.02769976709696358,0.02604211009875122,0.17363961059972338
158,0.12407259693076499,0.027794024007782664,0.026115523933433984,0.1733186601757585
159,0.12391811143529766,0.02781851863699095,0.0261232274563839,0.17299755548762089
160,0.12387596669932087,0.027868463117568732,0.026154788831878974,0.1726759569265801
161,0.12451230365682384,0.028071660107392173,0.02633008310600895,0.17235209991309958
162,0.12448351396778384,0.028125843479778864,0.02636544293147461,0.1720277581079442
163,0.12443199462055733,0.028175216671154087,0.026396278486184397,0.17170306998861531
164,0.12434689830616073,0.028217313399350543,0.026420261295914748,0.17137819970326723
165,0.12435503574733525,0.028280939794235842,0.026464329709013207,0.1710529529406094
166,0.12437885314702131,0.02834865565279027,0.026512091344009038,0.17072730406099085
167,0.12466549075114071,0.028476967790141347,0.02661632001793397,0.17040055417921973
168,0.12457772223097202,0.02852052214611488,0.02664109141398893,0.1700736584517774
169,0.12454852340254265,0.02857788576449483,0.026678617099678503,0.16974643235074646
170,0.12449351170404713,0.028629760506729312,0.026710879709865284,0.16941891629090594
171,0.1244592020894825,0.028686787028274846,0.02674785479164092,0.1690910459806308
172,0.12444802076180778,0.02874954154988075,0.026790121232627938,0.16876277724342426
173,0.12445526518881576,0.028816953450473994,0.026836710792908898,0.16843410146567445
174,0.1244771874358615,0.028888179340307928,0.026886844597586036,0.16810502706760005
175,0.12451079061060451,0.028962557365167018,0.026939894609662684,0.167775557659962
176,0.12455366903576653,0.029039563135040997,0.026995351536026172,0.16744567670859278
177,0.12460388748934609,0.029118767881576003,0.027052798736664566,0.16711534317925592
178,0.1246598891824579,0.02919982108723215,0.027111894256571224,0.16678449716507887
179,0.12472042298761106,0.02928244330430278,0.027172360112509963,0.16645307131166115
180,0.12478448451801927,0.029366417293105313,0.027233974672751845,0.16612100290715237
181,0.12485126812524389,0.029451575248813772,0.027296564549045332,0.16578824422926092
182,0.1249201278879729,0.02953778523351749,0.02735999427165947,0.16545477099039507
183,0.12499054605284868,0.02962494016478342,0.02742415628451181,0.16512058755828724
184,0.1250621076052064,0.02971295056806585,0.027488964063920096,0.16478572601325053
185,0.12519658744059878,0.02980174047768274,0.027554348513281264,0.16445023772939965
186,0.12540398338766967,0.029891245241405625,0.027620255870480594,0.16411418013453055
187,0.12568462530838764,0.0299814101813836,0.027686645450273703,0.1637776044883768
188,0.12603867129982127,0.030072189511588254,0.02775348669701939,0.1634405494575518
189,0.12646614152297225,0.030163545277870404,0.02782075598281456,0.1631030408794212
190,0.12696694528548802,0.030255446288336676,0.027888433841720368,0.1627650945384828
191,0.12754090272327503,0.030347867075924424,0.02795650306799365,0.16242671854708865
192,0.12818776215730635,0.03044078694152507,0.028024947715969323,0.16208791409758982
193,0.1289072139857243,0.030534189108183438,0.028093752777433357,0.16174867550063088
194,0.1296989017967435,0.030628059996955836,0.02816290423617028,0.16140899104475415
195,0.13056243124601996,0.030722388620740906,0.028232389250347444,0.1610688454471625
196,0.13149737712601448,0.030817166084562465,0.028302196310630672,0.16072822351330227
197,0.13250328895890945,0.030912385177725148,0.028372315310380737,0.16038711392850702
198,0.13357969536459452,0.031008040043077507,0.028442737522218556,0.16004551211255474
199,0.13472610738795643,0.0311041259098709,0.028513455503058737,0.15970342154642936
200,0.13594202091293925,0.031200638878507672,0.028584462956777055,0.15936085355752339
201,0.13722691824303337,0.03129757574735041,0.02865575457994272,0.15901782595924976
202,0.13858026888803973,0.031394933873491813,0.028727325908595443,0.158674361097762
203,0.1400015295645636,0.031492711060881466,0.028799173176750473,0.15833048380938866
204,0.1414901433924245,0.031590905470459583,0.02887129319170613,0.1579862196361134
205,0.1430455382508844,0.031689515547980336,0.028943683227527828,0.15764159347191928
206,0.1446671242472067,0.03178853996604758,0.029016340935948282,0.1572966286734075
207,0.14635429024545782,0.031887977577565875,0.029089264272881773,0.15695134658202242
208,0.14810639940547424,0.03198782737835914,0.029162451438385518,0.15660576636780066
209,0.14992278369025133,0.0320880884771505,0.02923590082791208,0.15625990510131274
210,0.1518027373142711,0.03218876007145277,0.029309610992889857,0.15591377797607406
211,0.15374550912494148,0.032289841428204416,0.02938358060893,0.1555673986263465
212,0.1557502939337393,0.03239133186821565,0.029457808450227007,0.15522077950758964
213,0.1578162228421002,0.032493230753673226,0.029532293368968284,0.15487393232523808
214,0.15994235263875436,0.03259553747810108,0.029607034278783657,0.15452686851082137
215,0.1621276543791831,0.03269825145829252,0.02968203014144796,0.154179599752914
216,0.16437100129319812,0.03280137212782513,0.02975727995620018,0.15383213859473951
217,0.16667115620230746,0.03290489893184649,0.02983278275116603,0.15348449911133866
218,0.16902675866343964,0.033008831322880024,0.02990853757647056,0.15313669767781293
219,0.17143631208860194,0.03311316875745,0.029984543498708358,0.15278875383691626
220,0.17389817111995126,0.03321791069336402,0.030060799596504182,0.15244069126969576
221,0.17641052956530384,0.033323056587523665,0.03013730495694921,0.1520925388673845
222,0.17897140921902566,0.033428605894158976,0.030214058672740535,0.15174433189666903
223,0.18157864990626707,0.033534558063403434,0.030291059839885254,0.1513961132440942
224,0.184229901093416,0.03364091254014237,0.030368307555858013,0.15104793471899464
225,0.186922615403349,0.03374766876308085,0.030445800918122653,0.15069985838820546
226,0.18965404435964361,0.03385482616398809,0.03052353902294622,0.15035195791012276
227,0.19242123665873748,0.033962384167083456,0.03060152096444782,0.1500043198306622
228,0.19522103923276563,0.034070342188536384,0.03067974583383607,0.14965704479947745
229,0.19805010131859516,0.03417869963605781,0.030758212718798084,0.14931024866161102
230,0.20090488169099435,0.03428745590856522,0.03083692070301007,0.1489640633777021
231,0.20378165915102167,0.034396610395906836,0.030915868865745908,0.1486186377250957
232,0.2066765462862269,0.03450616247863356,0.030995056281564223,0.14827413773280346
233,0.20958550643925342,0.034616111527809114,0.031074482020058754,0.14793074680535803
234,0.21250437373847827,0.034726456904851266,0.031154145145659576,0.14758866549426797
235,0.21542887596133578,0.03483719796139794,0.031234044717475252,0.14724811088107606
236,0.21835465992105668,0.034948334039193424,0.031314179789168006,0.14690931554298076
237,0.22127731899387867,0.035059864469991035,0.03139454940885545,0.14657252608057889
238,0.22419242233940254,0.03517178857546888,0.03147515261903381,0.14623800119745084
239,0.22709554531441448,0.0352841056671564,0.03155598845651849,0.14590600933288655
240,0.22998230054246876,0.03539681504636964,0.031637055952398664,0.14557682586181456
241,0.23284836907949144,0.035509916004153784,0.031718354132003294,0.14525072988962012
242,0.2356895311106079,0.03562340782123143,0.031799882014876414,0.1449280006836176
243,0.2385016956255036,0.035737289767955885,0.03188163861475994,0.144608913796977
244,0.24128092854831978,0.03585156110426831,0.03196362293958276,0.14429373695433584
245,0.24402347884203446,0.03596622107965839,0.032045833991454775,0.143982725780544
246,0.24672580216450374,0.03608126893312781,0.03212827076666533,0.1436761194643673
247,0.24938458172131797,0.03619670389315608,0.032210932255684985,0.14337413645691516
248,0.2519967460364788,0.036312525177668586,0.032293817443170364,0.14307697030951708
249,0.2545594834425218,0.03642873199400633,0.03237692530797135,0.1427847857573165
250,0.25707025317396626,0.03654532353889729,0.032460254823140536,0.14249771515268062
251,0.2595267930288723,0.036662298998429314,0.032543804955944354,0.14221585534651868
252,0.2619271236400859,0.03677965754802415,0.032627574667875976,0.14193926510582333
253,0.2642695494681327,0.03689739835241269,0.03271156291466941,0.1416679631424654
254,0.2665526566897911,0.03701552056561136,0.03279576864631502,0.14140192681194555
255,0.26877530820879597,0.03713402333089951,0.032880190807076014,0.1411410915220641
256,0.2709366360570449,0.037252905780797686,0.03296482833550613,0.14088535087109158
257,0.27303603148579253,0.037372167037046926,0.03304968016446815,0.14063455751386633
258,0.27507313306674896,0.037491806210588896,0.03313474522115334,0.14038852473323027
259,0.2770478131332693,0.03761182240154684,0.03322002242710173,0.14014702867423084
260,0.2789601628928031,0.03773221469920745,0.03330551069822322,0.1399098111804001
261,0.2808104765345282,0.037852982182003475,0.033391208944819374,0.13967658315589285
262,0.28259923464187897,0.03797412391749719,0.033477116071606056,0.13944702836488207
263,0.28432708719981187,0.038095638962364634,0.03356323097773668,0.13922080757076882
264,0.2859948364624564,0.03821752636238066,0.03364955255682625,0.13899756291264692
265,0.2876034199195638,0.03833978515240476,0.03373607969697598,0.13877692241508033
266,0.2891538935710824,0.03846241435636761,0.033822811280798726,0.13855850452941798
267,0.2906474156893158,0.03858541298725858,0.033909746185445004,0.1383419226102537
268,0.2920852312183869,0.03870878004711377,0.033996883282629606,0.13812678923877672
269,0.293468656931901,0.038832514527005015,0.03408422143865899,0.13791272031510432
270,0.29479906744238327,0.03895661540702955,0.034171759514459235,0.13769933885364286
271,0.2960778821307181,0.03908108165630058,0.03425949636560468,0.137486278428478
272,0.29730655304076303,0.039205912232938483,0.03434743084234715,0.13727318622915963
273,0.29848655376374217,0.03933110608406288,0.034435561789645845,0.13705972570048058
274,0.29961936931902694,0.039456662145785464,0.03452388804719791,0.13684557875248526
275,0.3007064870224896,0.0395825793432036,0.034612408449469494,0.1366304475385945
276,0.3017493883206897,0.039708856590394755,0.03470112182572761,0.13641405581010946
277,0.3027495415585953,0.03983549279041164,0.03479002700007246,0.1361961498642595
278,0.30370839564018415,0.03996248683527817,0.03487912279147045,0.13597649911027326
279,0.3046273745349135,0.040089837605986216,0.034968408013787866,0.13575489628365572
280,0.30550787257848494,0.04021754397249317,0.03505788147582507,0.13553115734297919
281,0.30635125051334483,0.04034560479372023,0.03514754198135136,0.13530512108614007
282,0.30715883221273343,0.040474018917551535,0.035237388329140445,0.13507664852433365
283,0.3079319020316257,0.0406027851808341,0.035327419313006495,0.13484562205211817
284,0.30867170272839706,0.04073190240937844,0.03541763372184086,0.13461194445105956
285,0.30937943390231754,0.04086136941796015,0.035508030339649305,0.13437553776275718
286,0.31005625089386923,0.040991185010322166,0.035598607945589875,0.13413634206472808
287,0.31070326409724325,0.04112134797917781,0.03568936531401143,0.13389431417985126
288,0.3113657013117318,0.04126635971222865,0.03579288022663837,0.13364934025361677
289,0.3119905342037983,0.0413943960659314,0.03588153528817754,0.13340150809037732
290,0.31258029254426756,0.041523332578274286,0.03597085305665836,0.1331508138171919
291,0.3131371596477854,0.041653058126049115,0.03606073595674278,0.13289726554705777
292,0.3136630382806842,0.04178348326786123,0.03615110547628446,0.13264088199503146
293,0.31415960271902543,0.04191453596132172,0.036241898392195424,0.1323816911678964
294,0.3146287466149569,0.04204615812575367,0.0363330637433205,0.13211972913192477
295,0.31507225084297164,0.04217830288350454,0.036424560402477456,0.13185503886188443
296,0.3154916501863555,0.04231093234590108,0.03651635512907687,0.1315876691730813
297,0.3158882546121795,0.04244401583632565,0.03660842100720436,0.13131767373696612
298,0.316263196476311,0.04257752654395965,0.03670073619287207,0.13104511017969803
299,0.3166174655493227,0.042711441333553694,0.03679328290924594,0.1307700685398369
300,0.3169519331225435,0.04284574203047722,0.03688604664076652,0.13049268541958425
301,0.31726737046296083,0.04298041557975237,0.03697901548679573,0.130213121688887
302,0.3175644639425288,0.04311545285305449,0.03707217964321381,0.12993152566241273
303,0.31784382757751983,0.043250847079745566,0.03716553076125306,0.12964800816865682
304,0.3181060133737532,0.04338659265156277,0.037259061388339614,0.12936262613524188
305,0.3183515198502099,0.043522684484441874,0.03735276482372097,0.12907537540029249
306,0.3185807990821421,0.043659117793022444,0.037446635335753424,0.12878620201855323
307,0.3187942625476133,0.04379588807109903,0.037540668404002546,0.12849503101823526
308,0.31899228600510837,0.04393299113203873,0.03763486072703627,0.1282017991018629
309,0.31917521358417855,0.04407042313928487,0.03772920997316082,0.12790647755528847
310,0.31934336123525564,0.04420818060771774,0.03782371440830669,0.12760908001621563
311,0.31949701965630634,0.04434626038003608,0.03791837255067847,0.12730965773537342
312,0.3196364567911415,0.044484659588694006,0.038013182936076216,0.12700828831615227
313,0.31976191997580217,0.04462337561272348,0.03810814400532509,0.1267050633751709
314,0.3198736377946596,0.044762406035525094,0.0382032540828428,0.12640007840424605
315,0.3199718216959999,0.0449017486067837,0.03829851140482344,0.12609342600448784
316,0.320056667407335,0.04504140120968679,0.03839391416362588,0.12578519228056725
317,0.32012835618303753,0.0451813618335001,0.03848946054859659,0.1254754555591308
318,0.32018705591075675,0.04532162855101958,0.03858514877520026,0.12516428650406858
319,0.32023292209814325,0.04546219950022583,0.03868097710159169,0.12485174888540487
320,0.32026609875745154,0.04560307286945047,0.03877694383511342,0.12453790052302148
321,0.32028671920240515,0.045744246885426616,0.03887304733203613,0.12422279415956387
322,0.32033885495225434,0.04590185149917611,0.038982986130619145,0.12390636697147983
323,0.32036873680561534,0.04604048498615722,0.03907667936514829,0.123588796246287
324,0.3203780242331186,0.04618003353913283,0.03917103517199321,0.1232701189981007
325,0.32036807350611723,0.0463203730922912,0.03926594701641666,0.12295037004638415
326,0.3203400016294772,0.046461403751321156,0.039361329180238394,0.12262958215611465
327,0.3202947385199262,0.04660304501823142,0.03945711264049985,0.1223077861722526
328,0.3202334817082228,0.04674523195906754,0.03955324176385626,0.12198501115254698
329,0.3201573472386403,0.04688791212836493,0.03964967165529986,0.12166128449835642
330,0.32006722742966287,0.047031043100925714,0.03974636603172706,0.12133663208140925
331,0.3199638125787041,0.04717459049100344,0.039843295516473316,0.12101107836427911
332,0.3198476405880756,0.04731852429666754,0.039940436271490506,0.12068464651295652
333,0.31971913345599196,0.04746281865286027,0.04003776890033046,0.12035739066740048
334,0.3195786218000528,0.047607453179403236,0.04013527756832643,0.12002941146914804
335,0.3194263631171304,0.04775241312217885,0.040232949296974733,0.11970083120559763
336,0.31926255637459167,0.047897688044478005,0.0403307733980301,0.11937175385264405
337,0.31908735379162845,0.04804327011919504,0.04042874078388728,0.11904223925688978
338,0.31890087027583736,0.04818915282793626,0.04052684336774701,0.11871228793299038
339,0.31870319093883925,0.048335330263320264,0.04062507390090087,0.11838183617027866
340,0.3184943770716876,0.04848179687789359,0.04072342619058665,0.11805077007394031
341,0.31827447089346483,0.04862854745638203,0.040821895345274556,0.11771895690484244
342,0.31804349932212367,0.04877557715369726,0.04092047777600622,0.11738627955490029
343,0.3178014769650935,0.048922881523224465,0.04101917092998944,0.11705266006357223
344,0.31754840848711025,0.04907045651453266,0.041117972896883105,0.11671806697071994
345,0.3172842904811277,0.04921829844487117,0.04121688204420209,0.11638250960951456
346,0.3170091129429189,0.04936640395569027,0.041315896769412726,0.11604602580998974
347,0.3167228604297609,0.049514769964137235,0.04141501538043004,0.11570866875817365
348,0.31642551296739757,0.04966339361599264,0.04151423607189236,0.11537049638576065
349,0.3161170467565285,0.04981227224337316,0.04161355695361508,0.1150315644191551
350,0.3157974347197151,0.049961403328406255,0.04171297609617204,0.1146919227820884
351,0.31546664692131404,0.05011078447288505,0.04181249157287183,0.11435161442518219
352,0.31512465088643193,0.05026041337334314,0.04191210148960401,0.11401067558984229
353,0.3147714118396041,0.05041028780078971,0.04201180400163799,0.1136691367243823
354,0.31440689287967344,0.05056040558433441,0.042111597319966304,0.1133270235542054
355,0.31403105510396756,0.050710764598003645,0.042211479710655635,0.11298435805291052
356,0.31364385769217856,0.05086136275014964,0.04231144949024351,0.11264115922700745
357,0.31324525795819064,0.05101219797495411,0.042411505019375684,0.1122974437167129
358,0.31283521137638653,0.051163268225618834,0.0425116446960652,0.11195322625061843
359,0.3124136715875893,0.05131457146891238,0.042611866949333915,0.11160851999640689
360,0.3119805903887013,0.05146610568080608,0.04271217023358527,0.11126333684106315
361,0.31153591770922917,0.05161786884298451,0.04281255302381254,0.1109176876227125
362,0.31107960157718884,0.05176985894005779,0.04291301381161704,0.11057158232703156
363,0.310611588076327,0.051922073957337035,0.043013551101951424,0.11022503025527265
364,0.3101318212961541,0.052074511879061994,0.043114163410484005,0.10987804016781404
365,0.309640243275933,0.05222717068699121,0.04321484926148119,0.1095306204058294
366,0.30913679394348353,0.05238004835928347,0.043315607186115365,0.10918277899329325
367,0.30862141104943963,0.052533142869612685,0.04341643572111862,0.10883452372152946
368,0.3080940300974192,0.052686452186470493,0.043517333407716186,0.1084858622185538
369,0.30755458427042076,0.05283997427261924,0.04361829879078498,0.10813680200543446
370,0.30700300435364775,0.0529937070846659,0.04371933041819319,0.10778735054177113
371,0.30643921865387,0.05314764857273301,0.04382042684028514,0.10743751526219839
372,0.3058631529153575,0.05330179668020755,0.04392158660948282,0.10708730360558451
373,0.30527473023236007,0.053456149343552445,0.04402280827998066,0.10673672303835353
374,0.3046738709580606,0.05361070449216841,0.04412409040751556,0.10638578107312611
375,0.30406049260988355,0.05376546004829619,0.044225431549196614,0.10603448528366473
376,0.30343450977101344,0.05392041392695136,0.04432683026338327,0.10568284331692789
377,0.3027958339879411,0.05407556403588544,0.04442828510960194,0.10533086290288349
378,0.3021443736638368,0.05423090827556783,0.04452979464849355,0.10497855186260553
379,0.301480033947523,0.05438644453918499,0.0446313574417859,0.10462591811507323
380,0.30080271661779856,0.054542170712653236,0.04473297205228586,0.10427296968300825
381,0.3001123199628497,0.05469808467464268,0.044834637043887515,0.10391971469801795
382,0.2994087386544607,0.05485418429660997,0.04493635098159305,0.10356616140525779
383,0.29869186361672184,0.05501046744283852,0.0450381124315438,0.10321231816778408
384,0.2979615818889115,0.05516693197048453,0.045139919961059594,0.10285819347073279
385,0.2972177764822118,0.05532357572962781,0.04524177213868454,0.10250379592543439
386,0.2964603262298973,0.055480396563326526,0.0453436675342381,0.10214913427355207
387,0.295689105630613,0.05563739230767522,0.0454456047188704,0.10179421739131543
388,0.2949039846843433,0.05579456079186552,0.0455475822651208,0.1014390542939075
389,0.29410482872064214,0.055951899838248845,0.045649598746979186,0.10108365414005367
390,0.29329149821867684,0.05610940726240116,0.045751652739949404,0.10072802623685331
391,0.2924638486186096,0.05626708087318915,0.045853742821114346,0.10037218004488882
392,0.2916217301238133,0.056424918472837676,0.04595586756920243,0.10001612518364293
393,0.29076498749338875,0.056582917856998344,0.04605802556465506,0.09965987143725197
394,0.2898934598244197,0.056741076814819005,0.046160215389694975,0.09930342876062037
395,0.28900698032336797,0.056899393129014056,0.04626243562839517,0.0989468072859212
396,0.2881053760659736,0.05705786457593546,0.04636468486674841,0.09859001732950638
397,0.2871884677449896,0.057216488925644335,0.046466961692737084,0.09823306939924976
398,0.28625606940503473,0.05737526394198313,0.04656926469640319,0.09787597420234831
399,0.2853079881638095,0.05753418738264832,0.046671592469918706,0.09751874265360498
400,0.2843440239188667,0.0576932569992634,0.04677394360765602,0.0971613858842203
401,0.28336396903908473,0.05785247053745248,0.046876316706258345,0.09680391525111937
402,0.2823676080399294,0.05801182573691407,0.046978710364710304,0.09644634234684356
403,0.2813547172415421,0.05817132033149528,0.047081123184408345,0.09608867901003752
404,0.28032506440862104,0.058330952049266374,0.04718355376923126,0.09573093733656472
405,0.2792784083710039,0.05849071861259549,0.04728600072561051,0.09537312969128625
406,0.27821449862378683,0.05865061773822378,0.047388462662600564,0.09501526872054092
407,0.2771330749057409,0.058810647137340626,0.04749093819194901,0.09465736736536677
408,0.2760338667547072,0.05897080451565931,0.04759342592816664,0.0942994388755074
409,0.2749165930385704,0.0591310875734927,0.04769592448859729,0.0939414968242491
410,0.27378096146031594,0.05929149400582932,0.04779843249348761,0.0935835551241386
411,0.2726266680355849,0.059452021502409524,0.04790094856605663,0.09322562804363461
412,0.27145339654103945,0.05961266774780184,0.048003471332565065,0.09286773022474992
413,0.27026081793174367,0.05977343042147956,0.048105999422384534,0.09250987670174471
414,0.2690485897256521,0.05993430719789748,0.0482085314680665,0.09215208292093677
415,0.26781635535318293,0.06009529574656881,0.048311066105411075,0.09179436476169758
416,0.26656374346972417,0.06025639373214213,0.048413601973535475,0.09143673855870918
417,0.2652903672287924,0.0604175988144787,0.048516137714942356,0.0910792211255609
418,0.26399582351343,0.06057890864872967,0.048618671975587856,0.09072182977977127
419,0.26267969212328024,0.060740320885413535,0.04872120340494941,0.09036458236932524
420,0.2613415349146384,0.060901833170493705,0.04882373065609329,0.09000749730082346
421,0.25998089489062276,0.06106344314545614,0.04892625238574187,0.08965059356934627
422,0.2585972952384593,0.06122514844738713,0.04902876725434069,0.08929389079014226
423,0.2571902383107159,0.0613869467090511,0.049131273926125096,0.08893740923225733
424,0.2557592045471696,0.06154883555896851,0.049233771069186805,0.08858116985422824
425,0.2543036513338366,0.061710812621493874,0.04933625735553996,0.0882251943419716
426,0.25282301179555,0.06187287551689383,0.04943873146118704,0.08786950514900764
427,0.251316693518331,0.0620350218614252,0.049541192066184375,0.08751412553916528
428,0.24978407719767975,0.06219724926741318,0.04964363785470742,0.0871590796319241
429,0.24822451520880623,0.062359555343329494,0.049746067515115615,0.08680439245055645
430,0.24663733009475033,0.06252193769387067,0.04984847974001703,0.0864500899732413
431,0.24502181296830078,0.06268439392003623,0.04995087322633254,0.08609619918733
432,0.2433772218236338,0.06284692161920696,0.05005324667535985,0.08574274814695113
433,0.2417027797536665,0.0630095183852232,0.05015559879283694,0.08538976603414983
434,0.23999767306927208,0.0631721818084631,0.05025792828900535,0.08503728322376317
435,0.23826104931675626,0.06333490947592088,0.05036023387867306,0.08468533135223819
436,0.23649201519037424,0.06349769897128502,0.050462514281276905,0.08433394339060445
437,0.23468963433720091,0.06366054787501656,0.05056476822094476,0.08398315372181364
438,0.23285292505239652,0.06382345376442719,0.05066699442655724,0.08363299822265949
439,0.23098085786387712,0.06398641421375745,0.05076919163180909,0.0832835143504864
440,0.22907235300665862,0.06414942679425482,0.050871358575270136,0.08293474123488839
441,0.22712627778876454,0.06431248907425174,0.05097349400044587,0.08258671977458487
442,0.22514144385263996,0.06447559861924358,0.051075596655837635,0.08223949273964176
443,0.22311660433860475,0.06463875299196659,0.05117766529500235,0.08189310487917635
444,0.2210533297845133,0.06480346726323266,0.05128089952773844,0.08154759494379753
445,0.2189467674122534,0.06496640734762156,0.051382660544811415,0.08120302173465825
446,0.2167955871354967,0.0651294436469419,0.0514844306270823,0.08085943630819104
447,0.21459836784896444,0.0652925620925156,0.0515861992676756,0.08051689225345705
448,0.21235359842261922,0.06545575091319339,0.051687957805949175,0.08017544581408474
449,0.21005967844129245,0.06561900018030942,0.05178969906244948,0.07983515601783094
450,0.20771492523514426,0.06578230144269094,0.051891417046271364,0.07949608481269756
451,0.20531756347782615,0.0659456474339052,0.05199310672046451,0.07915829720842653
452,0.2028657224852472,0.06610903183745122,0.05209476381397574,0.07882186142201364
453,0.20035743617535393,0.06627244909843105,0.05219638467089851,0.07848684902562018
454,0.1977906432033901,0.06643589411794966,0.052297966129631335,0.07815333509490964
455,0.19516318719454265,0.06659936220925615,0.05239950542601342,0.07782139902424388
456,0.19247281741877723,0.06676284917832528,0.05250100011568245,0.07749112502352327
457,0.18971719022068143,0.06692635131781377,0.052602448011842225,0.07716260173411994
458,0.18689387150423137,0.06708986529551968,0.05270384713538388,0.07683592144063164
459,0.18400034059552206,0.06725338801567028,0.052805195658864476,0.07651117952720303
460,0.1810339958403649,0.06741691651302874,0.05290649185844387,0.07618847419181922
461,0.177992162329514,0.06758044789406265,0.0530077340970736,0.07586790648520673
462,0.1748721367368762,0.06774399852169827,0.053108935893707444,0.07554958068410068
463,0.1716710899019637,0.06790752341610697,0.05321006274032197,0.07523360528688272
464,0.16838988417402195,0.0680731024473888,0.05331274440439148,0.07492008380215805
465,0.1650212596298781,0.06823621202059107,0.05341343756840056,0.07460914554219689
466,0.16156254527496766,0.06839939092126088,0.0535141333470828,0.07430091242658746
467,0.15801108379442738,0.06856262060673261,0.05361481803548919,0.07399551034818207
468,0.1543642707744371,0.06872588571113451,0.05371548043361737,0.07369306823177563
469,0.15061959767204477,0.06888917341766039,0.05381611134302484,0.0733937168993386
470,0.14678087255126449,0.06905599320768704,0.05391945180906969,0.07309757267184336
471,0.1428640831415968,0.06923324166441415,0.05403087938303547,0.07280472258893086
472,0.1389411316372727,0.06945299121299837,0.054175396157581455,0.07251511983194088
473,0.13499375957955148,0.06966375070744533,0.05431279249784846,0.0722289350063425
474,0.13092176686435342,0.06981791151334414,0.054405984349827484,0.07194652232578168
475,0.12771875621571674,0.07054811486434154,0.05494780560449385,0.07166569348420151
476,0.12520967132319252,0.07118261004781438,0.055414420205914,0.07138702793561716
477,0.1243538919110245,0.07238141940638923,0.0563195362990567,0.0711085257282929
478,0.124497869926824,0.07283049408978401,0.05664033071761976,0.07083328622995438
479,0.1250209846438973,0.07338207500715359,0.05704043467646322,0.07056101287189115
480,0.12514546459129428,0.07369045646808078,0.05725110500852093,0.07029265836201447
481,0.12505468901720115,0.07381179087213338,0.057316331919481774,0.07002886257665542
482,0.12461234423160462,0.07385145655425206,0.05731820544051702,0.06976979420782425
483,0.12442157558702023,0.07401762232779549,0.05741835280786463,0.06951482922536104
484,0.12445025715174686,0.07428176153641948,0.05759447182111043,0.06926341426639428
485,0.12447234586973807,0.07454260193226969,0.057767991973135424,0.06901529590348196
486,0.12453152169970567,0.07482631896476097,0.05795932898785804,0.06877007844668288
487,0.12449795955245004,0.07505478861740666,0.05810819665432271,0.06852758094566132
488,0.12453117537058374,0.07532352176504063,0.058288815740803905,0.06828729015985847
489,0.1245510523124068,0.07558424274041357,0.05846392137906267,0.06804886594007754
490,0.12455016596798081,0.07583227993435289,0.0586299119867521,0.06781202633391085
491,0.12467908773546331,0.07615955379993976,0.058857697201465047,0.06757626823766812
492,0.12500297639763483,0.07660727643834235,0.05917873966697048,0.06734104033194512
493,0.1248510054193493,0.0767629868960643,0.05927406873778425,0.06710712265387554
494,0.12469035557251638,0.07691673180121442,0.05936764475698111,0.06687444239682093
495,0.12454977476682665,0.0770808594473985,0.059468804726294275,0.06664293069690508
496,0.12451283581569646,0.07730925032082003,0.05961901204597613,0.06641239632468718
497,0.12448934605988224,0.07754649037323125,0.059775488681989467,0.06618286298965362
498,0.12445069084344626,0.07777482391615693,0.059924633385941416,0.06595446525743953
499,0.12440833294415313,0.07800136040709248,0.060072057221660556,0.06572737569868975
500,0.12442190136978205,0.07826361066050425,0.060246756959584154,0.0655016975845958
501,0.12455553011489698,0.07860249312814509,0.06048026591113556,0.06527742011567195
502,0.12472189587064486,0.07896365343893538,0.06073076330948552,0.06505464687288383
503,0.12472014115138888,0.07921974706321978,0.06090037608041736,0.06483375406238176
504,0.12478186869890627,0.07951699145879425,0.06110160330655358,0.06461460267941882
505,0.12495411750456924,0.07988603203723689,0.061357884844419085,0.06439689227356801
506,0.12472594464888133,0.08000009334848676,0.06141820010718854,0.06418116356019546
507,0.12470836933312873,0.08024901852384904,0.06158201984255988,0.06396687952830253
508,0.12483715634958958,0.08059311272652192,0.061818689443811796,0.06375364512794084
509,0.12495364305370535,0.08093084753548704,0.062050228483533476,0.06354137746751462
510,0.1249234530038978,0.08117477442565284,0.06220963991310059,0.06333025843734248
511,0.12467726580922968,0.08127850085015556,0.06226155358586483,0.06312061319658716
512,0.12454394703244294,0.08145526095780853,0.06236949287210214,0.06291223389670127
513,0.12456179236187935,0.08173106003934376,0.06255331616505877,0.06270487102920497
514,0.1246542235078852,0.08205671257942554,0.06277529489935656,0.062498417903924346
515,0.12468014961797946,0.08233967114983526,0.06296461482740376,0.06229300343047733
516,0.12476708320241861,0.08266394264777661,0.063185532318787,0.062088535373566435
517,0.12477490896490671,0.08293700290738922,0.06336725946857133,0.06188513695127709
518,0.12479338838406738,0.0832180359025646,0.06355502646154945,0.06168277018996791
519,0.1248592588403162,0.08353165281141914,0.0637675992420974,0.06148133238617207
520,0.12486580315774436,0.08380660110741969,0.06395056032786649,0.061280895593406735
521,0.12486012506561418,0.08407408756382959,0.0641277354560795,0.06108146286773585
522,0.12476217725696102,0.08427999353469837,0.0642578324033143,0.06088317671920646
523,0.12461915816836888,0.08445555076240434,0.0643647108179605,0.060686116510568336
524,0.12458785558020152,0.08470695238632159,0.0645293180590953,0.06049012572936032
525,0.12459799415416227,0.08498721531930747,0.0647158085972953,0.06029516869740068
526,0.12472038374154121,0.08534512908601948,0.06496131884435428,0.060101101387001664
527,0.12475851705522199,0.08564678766320433,0.06516390659543846,0.05990808054702763
528,0.1247359803771681,0.08590772313987582,0.06533548781706874,0.059716211523015386
529,0.12471561907198611,0.08617081349058126,0.06550873416922898,0.05952549046764225
530,0.12476883666876724,0.08648554668984948,0.06572125751851232,0.05933579996795502
531,0.12471823878472563,0.08672917362665188,0.06587974330046134,0.059147292296038406
532,0.12471733774964582,0.08700786743163307,0.06606486531271834,0.058959882603813296
533,0.12469816847750906,0.08727456513967571,0.06624081440870952,0.05877358280680569
534,0.12461186488523347,0.08749484841347242,0.06638145400617582,0.058588470883637334
535,0.12454561047596609,0.08772952355835505,0.0665329407631893,0.05840449428770782
536,0.124538084904024,0.08800609280774106,0.0667161251365595,0.058221552741600915
537,0.1245315560323467,0.08828412305879295,0.0669003533141861,0.05803964499690675
538,0.12471159693157542,0.08869558347888759,0.06718562082484394,0.057858511718078355
539,0.12476359676960663,0.08901773061046807,0.06740313111128096,0.05767836051698393
540,0.12475378195218759,0.0892968201685044,0.06758801901398782,0.057499300590584466
541,0.1246742331760652,0.08952659601625004,0.06773560507119453,0.05732144712934091
542,0.12467826987041969,0.08981686054512683,0.06792897936879999,0.05714468929798236
543,0.12468283834780201,0.09010830031442112,0.06812321117327286,0.056969027400256056
544,0.12468359447998816,0.0903977699870294,0.06831589995508218,0.056794457627259154
545,0.12471805696847597,0.09071257098057163,0.06852765109485826,0.05662091590814086
546,0.12470367671584327,0.09099284531135096,0.06871322509650679,0.05644845235142071
547,0.12451865936259342,0.09114898781173127,0.06880502838784984,0.05627728996768355
548,0.12454071587371807,0.09145672675848918,0.06901129632518503,0.056107141460975105
549,0.12461462834408638,0.09180359965660707,0.06924707073973059,0.05593794655701408
550,0.1246483572103614,0.09212203722586305,0.06946138836495469,0.05576977475023168
551,0.124739802253556,0.09248426969463662,0.06970872401768488,0.055602561539834935
552,0.12472474457068895,0.09276880173937041,0.06989747566544643,0.05543645865682806
553,0.12475569364450126,0.09308842462125175,0.07011266774045354,0.05527140737023553
554,0.12479573258364661,0.0934158954709635,0.0703337335945519,0.05510739452885466
555,0.12476242223206511,0.09368936617663026,0.07051410429503212,0.054944510645694083
556,0.12472238568448445,0.09395829118672741,0.07069104210365941,0.05478275406302938
557,0.12464211385345308,0.09419733169595106,0.07084547520411487,0.05462216536907014
558,0.12458168682755762,0.09445168204598334,0.07101140345925806,0.05446271122650739
559,0.12464278393230471,0.09479885084549644,0.07124707933389075,0.05430423916332962
560,0.12468982544666965,0.09513656304607694,0.0714755930225025,0.054146782109863456
561,0.12470914325188871,0.09545421160012496,0.07168901909183753,0.053990393897786135
562,0.12461094803502863,0.0956825983452959,0.07183544756134501,0.053835235318965474
563,0.12451318622616332,0.09591144186443482,0.0719823197098458,0.053681308842145434
564,0.12462683331855011,0.09630372616148568,0.07225192097457457,0.05352835072462732
565,0.12472277927427426,0.09668389508761817,0.07251240773959253,0.05337638081148182
566,0.1247768548674693,0.09703300189162657,0.0727495613819761,0.053225448233759576
567,0.12471004859797262,0.09728908573811536,0.07291693930111344,0.05307569550751027
568,0.12468090689941086,0.09757510502461063,0.07310673068513274,0.05292706920505043
569,0.12468877796957491,0.09789084559578796,0.07331874438817441,0.05277951643200615
570,0.12464839688059753,0.09816943557427313,0.07350290516251934,0.05263308893779135
571,0.12458681852649363,0.0984317319310523,0.0736748899279879,0.052487812989870236
572,0.12462467777914164,0.09877320064254395,0.07390615454282969,0.052343582232117276
573,0.12473344358377464,0.09917221987397228,0.07418043916851363,0.05220033010209932
574,0.12477001048598539,0.09951535769651362,0.07441288310505596,0.052058154532759734
575,0.12479669161301116,0.09985172007207828,0.07464028045937392,0.05191707602155856
576,0.12467853265504845,0.10007287152409416,0.07478163033836337,0.05177725971527892
577,0.12461469917363827,0.10033767705392921,0.07495571385766905,0.051638636791225406
578,0.12457415452846887,0.10062157805833685,0.07514413464230588,0.051501168126750096
579,0.12457807382866329,0.10094198077897683,0.07535986282700996,0.051364789894675
580,0.12464388326587555,0.10131353029015358,0.07561378082812695,0.05122942513761104
581,0.12466986718498103,0.10165402711843678,0.07584448557595537,0.05109511701336008
582,0.12463573913104846,0.10194650343182783,0.07603934252172759,0.05096193492106037
583,0.12465445901714808,0.10228298765988592,0.0762670467607902,0.050829825093878046
584,0.12467884649865062,0.10262512446249539,0.07649900373036375,0.0506987812141694
585,0.12469670610747816,0.10296283534379098,0.0767277203458676,0.05056881093459823
586,0.12470037113847535,0.10328972550411142,0.07694842402341853,0.050439936215728405
587,0.12470693234404621,0.10361993206419873,0.07717162604011586,0.05031216570368599
588,0.12474710081144037,0.10397910995842316,0.0774163997580243,0.05018547446817485
589,0.12478887392586635,0.10434083914380961,0.07766304423885557,0.050059863970150276
590,0.12473875685484556,0.10462668174907575,0.0778532044821313,0.049935422459964074
591,0.12474711671598118,0.10496216592306466,0.07808035184895469,0.04981208208017788
592,0.12470482233571446,0.1052557982820043,0.07827642205741092,0.04968988359374858
593,0.12466330891200389,0.10555057797870424,0.07847343803357541,0.04956882141910284
594,0.12465300653003004,0.10587234000534947,0.07869061709634056,0.0494488694109448
595,0.1246809494858507,0.10622745314380004,0.07893267256151779,0.04933000196669739
596,0.12467344666094646,0.10655334497853412,0.07915308474635624,0.04921226221260466
597,0.12477755880830063,0.10697574513990772,0.07944524002139257,0.04909554464797204
598,0.12490046552925142,0.10741603592571819,0.07975069406440768,0.04897982381749569
599,0.12489714299387938,0.10774928866426431,0.07997671514216612,0.048865204818827335
600,0.12478045030895042,0.10798525358633186,0.08013061382574811,0.04875178230487406
601,0.12481471208417748,0.10835218357418078,0.08038178733124783,0.048639418881197355
602,0.12480811314595089,0.1086846251989226,0.08060741243169788,0.048528159636689765
603,0.12475635170734536,0.1089783379004309,0.08080435982111497,0.048418052238469976
604,0.12480116952617618,0.10935709539649602,0.08106440541121061,0.04830901643824734
605,0.12482309990216166,0.10971705049249711,0.08131053999714485,0.04820107670557357
606,0.12480996693267422,0.1100471701307065,0.08153462099418161,0.04809426587220519
607,0.12479794898256129,0.11037902233228056,0.08176009193946343,0.047988583556262523
608,0.12486371955054583,0.11078062802243294,0.08203737453215856,0.04788396468259135
609,0.1249000881350796,0.11115739719331898,0.08229640052467324,0.04778043694019593
610,0.12485368189332637,0.11146140648022734,0.08250167058468731,0.04767806997992182
611,0.12494739128575647,0.11189139320917137,0.08280027791043178,0.047576746899942325
612,0.12489709800533479,0.11219371226240496,0.0830044664845018,0.04747658034524844
613,0.12484889694733098,0.11249836242160596,0.08321045002598272,0.04737755940057006
614,0.12485677241995535,0.11285413638575675,0.08345430532005492,0.047279630778369545
615,0.12480734864916625,0.11315891318171496,0.08366052725190572,0.047182834760469555
616,0.1247669274355393,0.1134722756626315,0.08387321440127063,0.04708716361151694
617,0.12470773667419495,0.11376906401921269,0.08407377581063746,0.04699263673752946
618,0.12469868512582051,0.11411215188726226,0.08430869949747925,0.04689922821822013
619,0.12483911798980268,0.114593247919773,0.08464571399624983,0.04680684155907022
620,0.12484926864886423,0.11495649781580931,0.08489576265067782,0.046715579320161564
621,0.1248898611206505,0.1153488691359572,0.08516744371002528,0.04662541157126746
622,0.12495458015959506,0.11576489539454704,0.08545669657464819,0.04653631045896157
623,0.12490365277783566,0.11607496335692484,0.0856678209881577,0.04644834876134227
624,0.1248098915397997,0.11634547772981339,0.08584987037081121,0.04636154928500826
625,0.12478780345399046,0.11668306569023608,0.08608152740173966,0.04627586058237684
626,0.12490640584595057,0.11715330182674744,0.08641111040812102,0.04619118955900898
627,0.12491265211143332,0.1175197304244539,0.0866641641006074,0.04610761595952875
628,0.12493900398798842,0.11790614795242221,0.08693204765056253,0.04602512833731658
629,0.12490407226961217,0.11823575909427704,0.08715820951452773,0.04594377118660358
630,0.12488937848592796,0.11858520091006296,0.08739919535169148,0.04586353223114184
631,0.1248505415997759,0.11891227894470342,0.08762391284215218,0.04578442736664151
632,0.12489516105751436,0.11931953498445313,0.08790793871529887,0.04570640244734077
633,0.12490414716766828,0.11969387292033816,0.08816789800087925,0.04562947466090603
634,0.12498614547435494,0.12013943661335937,0.08848043645032021,0.04555359220176652
635,0.12492230957304327,0.12044610841140507,0.08869076227319926,0.0454788374695658
636,0.12492009565421527,0.1208127575808226,0.08894540442446816,0.04540516635741525
637,0.12493400935358474,0.12119587863203145,0.08921232234809999,0.045332563651557425
638,0.12495424582257217,0.12158612595387898,0.08948464375900202,0.04526102290971454
639,0.12495610536257028,0.12195942797151796,0.08974466318676354,0.045190563085824934
640,0.12492520599899062,0.1223016330901072,0.08998198723393423,0.04512121624525746
641,0.12481137999830391,0.12256309598704886,0.0901600816552496,0.045053037399278566
642,0.12488011293744704,0.1230042627049802,0.09047054610061403,0.04498593127343279
643,0.12499442387804013,0.12349195323150462,0.09081536478831674,0.044919873203721164
644,0.12499562206677181,0.12386943726825497,0.09107931760301652,0.04485491199171522
645,0.12495436821638396,0.12420567869220189,0.09131314063107691,0.04479105454852927
646,0.12478942593710779,0.12441930385554742,0.09145703747805989,0.044728360819824356
647,0.12457929148366827,0.1245871318403796,0.09156752175083462,0.04466685650443858
648,0.12436621082346946,0.12475084616960387,0.0916752454273787,0.044606543890672215
649,0.1240647636885255,0.1248245618341687,0.0917170848937802,0.04454745819987059
650,0.12372139529472041,0.12485418725401137,0.0917267954665458,0.04448960499424907
651,0.12336660834231472,0.12487032106593315,0.09172683894406794,0.04443297316423889
652,0.12305154676352358,0.12492480296754552,0.09175533554715179,0.04437753377346715
653,0.12270936266479915,0.12494999604499112,0.09176265342922697,0.04432329294516353
654,0.1224057301296703,0.12501276795394944,0.09179789281693328,0.04427023123821135
655,0.12208736460022022,0.1250719156878767,0.09182138350884642,0.04421834692521692
656,0.12175685490026533,0.12516367024809225,0.09183501029149685,0.04416763175366728
657,0.12139061967155342,0.1252498608550335,0.09182079527239664,0.04411808814215009
658,0.12097551743467562,0.1252783599022188,0.09176843374765793,0.04406972587364678
659,0.12054578324653796,0.12523194708854496,0.09170350407598551,0.04402254029659506
660,0.12011489488699688,0.12510729141474333,0.09163617798103098,0.04397651851423547
661,0.11970890833240755,0.12492826550723587,0.09158643619824493,0.04393163196492414
662,0.11930634319425629,0.12476835900632254,0.09153810091087664,0.043887866573175754
663,0.11888565913077961,0.12469502095868401,0.09147472102088942,0.043845226787325046
664,0.11844299422356803,0.12459669962275652,0.09139322645694825,0.04380371700119388
665,0.11788954867896642,0.12437943757957252,0.09122475605691906,0.04376336291981808
666,0.11741322649493117,0.12424066417065367,0.09111415938868314,0.04372411370038498
667,0.11707867909850421,0.12424994184132743,0.09111241988155022,0.043685894351023956
668,0.11696933808915322,0.12449787981388422,0.09128591205570813,0.043648609281801296
669,0.11681809969907604,0.12470222590864354,0.09142760928558068,0.04361225557408107
670,0.11643624588933268,0.12466058582583801,0.0913891321003532,0.04357688819958319
671,0.11597636551507716,0.12453387989504451,0.0912885074251313,0.04354251290080853
672,0.11555046585911109,0.1244415398403803,0.09121331185531091,0.04350910614448145
673,0.11514590245162613,0.1243699715280197,0.09115359069472216,0.04347665361618523
674,0.11480640828977862,0.12436672499160638,0.09114419883287982,0.04344513307767497
675,0.1144587465758025,0.12435335784451013,0.09112761524410255,0.043414545430794975
676,0.11410826008225301,0.12433581561623765,0.0911081922003573,0.043384889907572305
677,0.1137999437522035,0.12436320963097841,0.09112195671461415,0.04335615294097617
678,0.11346762308757176,0.1243633782024854,0.0911161364956622,0.04332833634026176
679,0.1130992177712008,0.12432253581007825,0.09108071959146787,0.04330144275402347
680,0.11272433748653281,0.12427286137840413,0.09103928250702807,0.04327546725513215
681,0.11235937154925241,0.12423247981035075,0.09100505103170349,0.043250402979633694
682,0.11202294422713886,0.12422217600546326,0.09099319113677574,0.043226241594471616
683,0.11165271320062728,0.12417299960838007,0.09095312204194721,0.043202989809867455
684,0.11278854972601934,0.125802073622872,0.09214248448145394,0.043180344087854934
685,0.11208808478898012,0.12619222456390491,0.09183706036149758,0.043158690346328875
686,0.11141794124286515,0.12619963398907777,0.09155329660298021,0.04313801170981896
687,0.11068467787874252,0.12574866582933317,0.09121448054521558,0.043118311620368006
688,0.11020834186399389,0.12512404515250264,0.09108455474398491,0.04309954315805301
689,0.11022567917884817,0.12487997220363367,0.09136082725681548,0.043081633067303386
690,0.11013847150115591,0.12501945820747312,0.09155170525989839,0.04306461304508851
691,0.10981367940287617,0.1250334172860686,0.09154586814743391,0.04304852390508134
692,0.10928766400342371,0.12481156849325925,0.09137168213476012,0.04303338850028935
693,0.1088739199385145,0.12466812888509292,0.09128990261117738,0.04301918136757092
694,0.10876865866389565,0.12490948878315596,0.09146606274692497,0.04300585880379375
695,0.10869210296476595,0.12518391215550384,0.09166704512764591,0.04299342161085259
696,0.10782241431371646,0.12472695992267695,0.09119819697475058,0.042981960342939995
697,0.10773699595966682,0.12480424346513144,0.09139009267613989,0.04297138532858028
698,0.10733923671624362,0.12470408985133079,0.09131753474339889,0.042961730902910264
699,0.1074903349933337,0.1252412376598246,0.09171176863090873,0.042952950205327155
700,0.10724311241460967,0.12555710230870248,0.0917674602016116,0.04294508342074335
701,0.10655222796553031,0.12542742708379218,0.0914424738695091,0.042938160058555094
702,0.10637164368665297,0.12544685239405415,0.09155325330231708,0.042932140876981995
703,0.10614645876882234,0.12556298449874478,0.0916260461730741,0.04292703068582989
704,0.10539699628696896,0.1251551109160898,0.09124468010996194,0.042922853067225555
705,0.10547800226919461,0.12520150621416512,0.09158014613517476,0.04291957081324242
706,0.10554643770845991,0.12569028912848243,0.09190718580005872,0.04291719147748399
707,0.10466665507003667,0.1254935239544608,0.09140838359583572,0.04291573383521103
708,0.10466192298236773,0.12565035189439638,0.09167094283517888,0.042915175156436905
709,0.10435761555183137,0.12580372296505252,0.09167241016852001,0.04291552023967493
710,0.1042534440357611,0.1261927186420432,0.09184942190758111,0.04291676971403424
711,0.10402352737268236,0.12666578592676428,0.09191577635223623,0.042918924054789545
712,0.1035430722444107,0.1269197582766268,0.09176037393243364,0.04292197621027562
713,0.10300664729542694,0.1268835105255904,0.09155319781299587,0.042925918981666825
714,0.1024316263395738,0.12650633596198685,0.09130907719723225,0.04293074389918548
715,0.1020532238758841,0.12602370675980187,0.09123768418914774,0.04293645232035413
716,0.10184694404015503,0.12564373759837047,0.0913191425303083,0.04294305173305191
717,0.10131342046468061,0.12496463470819494,0.09110649468040477,0.04295052037330526
718,0.10086199583345899,0.12411942065762431,0.09096569598521179,0.0429588589483866
719,0.1008926233478726,0.12451046731620469,0.09125952187319704,0.04296810489467377
720,0.10077525599219335,0.12472083620526317,0.09142138968925335,0.04297824624739795
721,0.10017245626251647,0.12432927931968171,0.09114241616277212,0.04298923030019409
722,0.09892483934505748,0.12313082705801223,0.09027212408853984,0.04300097142049961
723,0.09953241700886518,0.12423710394302236,0.0910917014275041,0.04301368091625955
724,0.09957071276238394,0.12463897463016076,0.09139519199700766,0.043027307291770726
725,0.09984072329727442,0.12533373069339274,0.09191374164636255,0.043041894981204094
726,0.09946762197000945,0.12555762422621108,0.09184254653705679,0.04305735575244214
727,0.09789898103459936,0.12416158876926613,0.09066389981494996,0.0430734854212362
728,0.09811584434993598,0.12422948316918335,0.09113235148048762,0.04309055632770941
729,0.09822595346438578,0.12472283093633839,0.09150435391455425,0.04310856133512992
730,0.09778304277588185,0.12451376576199291,0.09136157810923565,0.04312740186382297
731,0.09789903940894777,0.12501487492176797,0.09174037027233295,0.04314718103467308
732,0.09818678852935958,0.12575559409107787,0.09228452620440782,0.04316794240029149
733,0.09753574899927606,0.12602200600215485,0.09194830409599673,0.043189496020154455
734,0.09669245617735635,0.12556057062739195,0.09142630209858972,0.043211795239631645
735,0.09628962024954711,0.12493235079738592,0.09131658739134414,0.043234941427712045
736,0.09616420623464471,0.12456092793196541,0.09146872192222984,0.04325900889986555
737,0.09556469654706853,0.1241336578228077,0.09116856169782546,0.04328388228684651
738,0.09640190603129775,0.12557308781643248,0.09223977632053793,0.04330994189672777
739,0.09613686634250283,0.1261576292508195,0.09226276838238456,0.04333691082182717
740,0.09576166034180641,0.12660886657216464,0.09217970488590159,0.04336474874186689
741,0.09531166135196295,0.1268262082358699,0.09202294327328156,0.04339341903932618
742,0.09385450877725729,0.12547972459993528,0.09088900045354398,0.043422606120537686
743,0.09400518676223214,0.1246778633193297,0.09130502366098052,0.04345280102158277
744,0.09396914586569731,0.1244979532229605,0.09154164348923045,0.04348395450235229
745,0.09393898071753441,0.12480682286597364,0.09178531424433878,0.04351605407593052
746,0.09350051371172266,0.12457343537168286,0.09163048887754306,0.04354893002411618
747,0.09399641422377877,0.12558713128804413,0.0923932057163409,0.043582901500309496
748,0.09437397549778333,0.12703734968071173,0.09304580482689959,0.04361796189684611
749,0.09314694751579114,0.1272002989481709,0.09211661293258291,0.043653538933665394
750,0.09223859554842674,0.12649249419585454,0.09149399375191417,0.043689735419145885
751,0.09268499665119176,0.1267359205061168,0.09221295954854872,0.04372706848382767
752,0.09262976048847005,0.1272568358285125,0.09243653323369959,0.04376532894334589
753,0.09266749829885834,0.1281813939563491,0.0927533942037472,0.04380453474167263
754,0.09168848679317539,0.12812680015016464,0.09205190974965967,0.0438442453860145
755,0.09143955887647948,0.12808270677258157,0.09207949670626348,0.043884780394555074
756,0.09097923926894887,0.12775815948643857,0.09189294105136359,0.04392607302749794
757,0.09047867040019095,0.12709356473584751,0.09166280941726668,0.04396812334110851
758,0.09029894214996972,0.12652598853825545,0.09175550123296056,0.04401107839888111
759,0.0902757290942513,0.12627174771665403,0.09200842349818952,0.044054991200040194
760,0.08979478385934982,0.12569861443351185,0.09179548183900132,0.04409960426112704
761,0.08976847847482078,0.12543510875206929,0.09204649216500778,0.044145115519212214
762,0.089463198422506,0.12509454468567358,0.09201258314753599,0.044191397817928316
763,0.08881471854158006,0.12419570183872881,0.0916236527277024,0.04423830912895395
764,0.08925476211225626,0.12506199836920645,0.09235648719856981,0.04428646345663009
765,0.08873998643207157,0.12475026505706935,0.09210432018527964,0.04433537132150477
766,0.08893047667074401,0.12530387270626744,0.09258326359616818,0.044385406368728265
767,0.08867825922952254,0.1256018583585938,0.09260356867890791,0.04443629648623005
768,0.08886327676579739,0.1265128974011289,0.0930817218632941,0.044488246921612684
769,0.08830889496014216,0.12698980830266937,0.09278621493494114,0.044540784597442686
770,0.08772394091491274,0.1269840483730597,0.09245492064416368,0.04459387345617835
771,0.08748716506398023,0.12698725115651852,0.09248753274977323,0.044647745683605015
772,0.08651463592409762,0.12594370503359087,0.0917393351283821,0.04470197109923405
773,0.08637818494302234,0.1250440269301948,0.09187237870223072,0.044757064146626745
774,0.08599974627249284,0.1239395458943156,0.09174781134936613,0.044812861187087515
775,0.08455547904414874,0.12214871102224632,0.09048135228440743,0.04486865160733517
776,0.08523343752158287,0.1234609030219588,0.0914808254055718,0.04492583255403042
777,0.0849111483540663,0.12333096959175822,0.09141273875610888,0.044983778094572845
778,0.08537717050785086,0.12434754690033552,0.09219510971323984,0.045043058986746015
779,0.08505076714273895,0.12421446899426465,0.09212600376170767,0.04510315423965219
780,0.08569205601728334,0.12549829192862486,0.09310840915858501,0.04516475385070636
781,0.08522926450611461,0.12566870793661644,0.09289594960064554,0.045227067496724824
782,0.0850314568613735,0.12589749354477095,0.09297023893134897,0.04529026296789758
783,0.08488311739303724,0.1262560036299257,0.09309775391920527,0.04535436429244717
784,0.08448680240476619,0.12637634440884593,0.09295225414649333,0.045419175239063046
785,0.08447005175020438,0.12681764492922615,0.09322227014119129,0.045484974578780306
786,0.08406178707567487,0.1269978101458446,0.09306007216720442,0.04555144248986406
787,0.08410842267338771,0.12759255386665072,0.09340061434978159,0.045618913341254716
788,0.08278741648409664,0.12655596128143343,0.09222007152860046,0.045686254667673364
789,0.08279510564658822,0.12586841411998248,0.09251270567797584,0.045754499640191036
790,0.08320370527843415,0.12613482092438694,0.09325672649246204,0.04582398288150676
791,0.08340008268555164,0.127041374556819,0.09376863111059866,0.04589456299393036
792,0.08301111310045416,0.12770562687528417,0.0936243576806716,0.04596579528525887
793,0.08174222415276355,0.12678999220381174,0.09248352333048514,0.046036967190416535
794,0.08182265010043875,0.12633490043623094,0.09286312110907723,0.04610928558036183
795,0.08244251218732651,0.12716560073851932,0.09385899745861367,0.04618329756838888
796,0.08217843590265207,0.12793736922244356,0.09385280659269961,0.04625827575346418
797,0.08138832474408328,0.12784066385028545,0.0932424648234533,0.046333747110892234
798,0.0813542311286054,0.12803209291622084,0.0934953250014318,0.046410369809743744
799,0.0814521815349459,0.1287174282535803,0.09390241487059238,0.04648820745227757
800,0.08123880400112085,0.1294167899634572,0.09395161333672171,0.046566873286358154
801,0.08064869651128394,0.12954366589948613,0.09356271436736671,0.04664589833799762
802,0.07978707605814436,0.1286701868676297,0.09285369436614314,0.04672492805934752
803,0.07924623739326649,0.12728770809093504,0.09251189519142632,0.04680423008318647
804,0.0793436723590987,0.12638895479705595,0.09291331377021375,0.04688444331351735
805,0.07959930009296948,0.12622442907225845,0.09350334366118133,0.0469657649157196
806,0.07922867512006586,0.12581444175616563,0.09336047863912236,0.04704759738410093
807,0.07917576382173978,0.1256581431400119,0.09359197992061045,0.04713029652389571
808,0.07911510071673514,0.12574569280198838,0.09381674222559393,0.047213892737094115
809,0.07901155953117538,0.12601033713716386,0.0939921281574567,0.04729839269566926
810,0.0783608543318221,0.1255817611727067,0.09351485992089636,0.04738325092512838
811,0.07840068363466227,0.12555350943593255,0.09385861086858198,0.04746921191218279
812,0.07811987765388011,0.12541490740864128,0.09381942634511581,0.047555889437964946
813,0.07758565534099704,0.12475742824430579,0.09347334802049276,0.047642951763446115
814,0.07725838657991381,0.12415052006166631,0.09337290966918656,0.047730613888725036
815,0.07756133057444226,0.12497173871800954,0.09403505855292131,0.0478196111526588
816,0.07732434992981926,0.12492617276368591,0.0940460054578942,0.047909339047991134
817,0.07755597545956135,0.12563820602748432,0.0946280199149901,0.04800032831963587
818,0.07698851083831768,0.12569557555117225,0.09423719088056394,0.04809163083305458
819,0.07662888143283043,0.12550532922848343,0.09409761108780772,0.048183474436489744
820,0.07613583122494774,0.12484593409137754,0.09379127572599757,0.04827568566490186
821,0.07601061006602489,0.12446842441177361,0.09393547534080866,0.048368699153799107
822,0.07634187615447346,0.12534471823629537,0.09464545345769058,0.048463096218879544
823,0.07664721712993817,0.12652892277823607,0.09532906869276131,0.04855891614154524
824,0.07622824657841186,0.12736305235820788,0.09511490369623267,0.048655339020581646
825,0.07474486234261328,0.12608208422206718,0.09356587713495056,0.04875104650684524
826,0.0747867121900221,0.12519958858751298,0.09391671820286408,0.04884795741326668
827,0.07503988637492034,0.1250685035592698,0.0945357229107969,0.04894631511456508
828,0.07520385298304315,0.12554335324137195,0.09504596335108585,0.04904595389877201
829,0.07472089401842963,0.12554493552242302,0.094739559463146,0.049145955215762586
830,0.0741042395888934,0.12484603508882786,0.09426078177180898,0.04924608222163521
831,0.07439963844411585,0.12512912439621773,0.09494135383170195,0.049347547955127705
832,0.07381846683894741,0.12461335785583029,0.0945052313704333,0.0494491720265665
833,0.07425182034922938,0.12554736807698277,0.09536615240696651,0.04955237145855742
834,0.07401263148175348,0.12602475060532983,0.09536770583604867,0.04965626208330603
835,0.07378408044256275,0.12644929243128689,0.09538267960870848,0.04976088954695756
836,0.07315321421745924,0.1261335467342202,0.09487498290401795,0.04986568494479985
837,0.0730149396417009,0.12591263203129274,0.09500263863610586,0.04997131702402454
838,0.07245885674092761,0.1250695015343657,0.09458464028798011,0.050077129611291175
839,0.07265343454297994,0.1248871098530356,0.09514417111079379,0.05018417350932512
840,0.07259314150558813,0.12504320747872058,0.09537313127705735,0.05029207835494235
841,0.0725484730333941,0.1253403510558649,0.09562454515079738,0.05040090323129111
842,0.07262174750644187,0.12609707128755504,0.09603393635792376,0.05051086999558058
843,0.07210425854291808,0.12629104645589775,0.09566338583861927,0.050621088524988436
844,0.07166218435390107,0.1260478331854292,0.09538857822004067,0.05073161330946715
845,0.07134076931163263,0.1255729350680143,0.09527088681514143,0.0508425752670639
846,0.07136548775764213,0.1254685689319982,0.0956143938732157,0.05095452227233318
847,0.0716054220038233,0.12611336172243756,0.09624898818300738,0.051067863308467465
848,0.07203713972600895,0.12784958687110531,0.09714754521744862,0.051182977028725186
849,0.07194559724151521,0.12976247595294668,0.09734655448342663,0.05129905455647452
850,0.07075876108469603,0.12991578205516538,0.09606015486417051,0.0514142913039152
851,0.0705182173660982,0.12997254164862876,0.09604886732329271,0.051530170894971306
852,0.07016636529695507,0.12973202509451048,0.09588368588409053,0.0516464937468741
853,0.0695221547384407,0.12866775766065494,0.09531373585509076,0.05176275390550962
854,0.06978976977127474,0.12840054502500373,0.09599043381990077,0.05188044640586502
855,0.06911114261920666,0.12724100168917732,0.09536795531084194,0.05199794641013282
856,0.06993315205322709,0.1278783051914966,0.0968169095228828,0.052117779136876624
857,0.06986567405483886,0.1287242841263931,0.09704448202118897,0.052238453308119326
858,0.07027850466484827,0.13064834371099124,0.097943752602394,0.05236085166207074
859,0.06939373300356295,0.13130831444388252,0.09703660745576252,0.05248277726638536
860,0.06845367507206247,0.1305933582659879,0.09604229992955711,0.052604136361725756
861,0.06825973451656056,0.12984840434578973,0.09608636065150535,0.05272622008810148
862,0.06735274527683711,0.12776939712687613,0.09512178244026061,0.0528476932160961
863,0.06778299708240335,0.12678988146168177,0.09604000602082312,0.05297088993243951
864,0.06813103360614955,0.12676648798901874,0.09684931665134479,0.05309564288434037
865,0.06792554431267607,0.1266894103377654,0.09687749704347288,0.05322095689699339
866,0.06762942523503046,0.1263915486074338,0.09677636215363276,0.05334670356696583
867,0.06813814229820912,0.12736018178506198,0.09783047046005588,0.05347442480453109
868,0.06743714696406541,0.12736220373187973,0.0971518383079977,0.05360185176342431
869,0.06692535179309335,0.1267392338966577,0.09673795142709993,0.05372924047824023
870,0.06652518878833603,0.12569234012437083,0.09648019533573349,0.053856697792448616
871,0.06689555094351358,0.125656304265304,0.09733997401680347,0.05398566570850394
872,0.06727760155235721,0.12665843176714975,0.09822340148472594,0.05411623578273497
873,0.06665309821437357,0.12681559532001044,0.09764006112532135,0.054246581023437775
874,0.06606449813096768,0.1261886635899982,0.09710311383244213,0.054376884023703
875,0.06581648112134945,0.12541451071558932,0.09706279513597751,0.054507899415047315
876,0.06610008176760879,0.12549655981717286,0.09780737326085936,0.054640720369395594
877,0.06603166554859886,0.1257708870740672,0.09803463882213743,0.0547746018822449
878,0.0661111379454513,0.1265188727351587,0.09848340824059296,0.0549097170241881
879,0.0659340683844038,0.12725485608864473,0.09855316765628647,0.05504538745569956
880,0.06563584395455477,0.12774697443129743,0.09844170332026667,0.05518126095287648
881,0.06493763721684045,0.1272250895454102,0.09772573232996658,0.05531651688384145
882,0.0656468990892261,0.1283844340584171,0.09912600154420757,0.05545421678068804
883,0.065594804579352,0.12976901584989642,0.09938501489993012,0.05559297136819813
884,0.06498619312242465,0.13030381328475082,0.09879890142398015,0.05573172605832317
885,0.06343500005465018,0.1281556872774827,0.09676779557775328,0.05586843096635017
886,0.06312159003801453,0.12570759834283027,0.09661064620037962,0.056005609537835684
887,0.06385529646835664,0.12499348426297968,0.09805819952090684,0.05614541575680643
888,0.0640695008417622,0.12501706696794956,0.09871783289031268,0.05628661889615362
889,0.06413974323820786,0.12548835262284794,0.09916054906790818,0.05642884079275069
890,0.06405233239229234,0.12611036700849412,0.09936469502926129,0.05657175151917691
891,0.06350246933460126,0.12597689526880598,0.0988523669182726,0.056714386652502766
892,0.0629050334277252,0.12498689335365262,0.09825904623237199,0.05685667169891187
893,0.06316947842496158,0.12484759710433313,0.09900800168238758,0.057000539002762356
894,0.06349569629274326,0.12581128867922065,0.09985925434668123,0.05714611178103189
895,0.06435773939786422,0.12865577006750767,0.10156270302178451,0.05729463931553367
896,0.06460562249457136,0.1323250408706352,0.10231030850529817,0.0574447734781901
897,0.06264259834887415,0.1324110206250003,0.09955215565010152,0.057591392176704934
898,0.06134572719467211,0.1302185694690215,0.09782632435935998,0.05773596324063851
899,0.06132739485666179,0.12829403505473472,0.09812631903838763,0.05788140643080588
900,0.06135619520986947,0.12673010058517278,0.09850137262477847,0.058027769274376695
901,0.06125273815392687,0.1252587293583458,0.09866382119025333,0.058174709395843315
902,0.0619988144382104,0.1255989704141111,0.10020159495774607,0.0583242940630659
903,0.0626887784727955,0.12765440552625046,0.10166704931038023,0.05847644446552921
904,0.061772969534486855,0.1281774586047367,0.10053595764285517,0.0586272715133336
905,0.06173017277560836,0.12893486391232833,0.10081823126377414,0.05877891333779855
906,0.06173706857793545,0.13002910245663216,0.10118358872979022,0.05893162715539454
907,0.06125048211920172,0.13044903128423452,0.10073800809417789,0.059084383277424886
908,0.06051350670885889,0.12967059893728367,0.09987027032810468,0.05923665310087155
909,0.06007715562846691,0.12830162888421298,0.09948973020466517,0.059389127585943835
910,0.059775871707863415,0.1266151800882372,0.09932846087034208,0.059541968768074466
911,0.06029244599293575,0.12629876703907514,0.10052749580713581,0.05969707734516099
912,0.060908974425340164,0.12756918547522147,0.10190499605255979,0.05985462279601938
913,0.06147299403897795,0.13033014907927723,0.1032088531085497,0.06001449320981989
914,0.06048052237191143,0.13135105305364556,0.10190460945673137,0.060172693249387496
915,0.05931518364945183,0.13025810081851294,0.10029456117565237,0.06032871194768133
916,0.05813672119242715,0.12700601406173997,0.0986437343382613,0.060482326639708865
917,0.05858140354853541,0.1249825924793804,0.09973617336331903,0.06063763798732151
918,0.059145550592040276,0.12446112893172896,0.10103992728020357,0.06079496504257776
919,0.05937219020784447,0.12524310815083176,0.10177691259643443,0.06095365244181467
920,0.0591197583119664,0.12526254325856495,0.10169831142511804,0.06111279653092459
921,0.05913851590591866,0.12563527017450207,0.10208948793752409,0.06127344941849014
922,0.05839930739622139,0.12475381998238297,0.10117171981842184,0.06143366198593955
923,0.05817522504474111,0.12395022575427544,0.101137257093196,0.061594669825004306
924,0.05813957021886884,0.12418000492526392,0.10142810250488499,0.06175668364647483
925,0.058717660299321066,0.12572342150834878,0.10279442208592793,0.061921120350851795
926,0.05845374302307391,0.12619222971865574,0.10269412050966324,0.06208544379370143
927,0.05787688364908107,0.12573074795949613,0.10204058958883944,0.06224871800828457
928,0.057348330800753494,0.12443622480474055,0.10146509612822743,0.062411149247198816
929,0.058034858573905945,0.12549312793061257,0.10303959881774688,0.06257636162617973
930,0.058199527946540826,0.1266532142979065,0.10369796404368507,0.06274312960843328
931,0.05791725949325643,0.1275118874917526,0.10356187343905357,0.06291037382021289
932,0.057155541524863344,0.12702207189510367,0.1025633948635583,0.06307672803091491
933,0.056958859918220146,0.12640834616730576,0.10257218724446729,0.0632436345092459
934,0.0571224872883892,0.12645637856347083,0.10323015491577055,0.06341185402678037
935,0.057018746436398274,0.1265813359014336,0.10340724201370087,0.06358039101341215
936,0.05642525726591751,0.12570464118561675,0.10269264908430194,0.0637478426228055
937,0.05696477334784032,0.12631777287984935,0.10403939082609615,0.0639178686742977
938,0.056824087005962975,0.1269282807509817,0.10415341643146438,0.06408879061549758
939,0.05670132982198416,0.12757467860281455,0.10430015219900826,0.06426079318350235
940,0.056986394203379594,0.12916174551071807,0.10519953250129901,0.06443500444904206
941,0.05706153170107946,0.1312290358917061,0.10571901505436594,0.06461054760606216
942,0.05657083011738873,0.13251480649272074,0.10518951145466075,0.06478545236237274
943,0.05592228250847633,0.1326578450682223,0.10435732912102258,0.06495913045090243
944,0.055052410041347984,0.13115165883044502,0.10309982349728576,0.06513092609763055
945,0.05508293246731762,0.13000654452279373,0.10351851096531618,0.0653036989545664
946,0.05413415439757634,0.12701535650937054,0.10209198855056072,0.06547435998054553
947,0.05474264710172601,0.12568223151150468,0.1035961966765104,0.06564774634122039
948,0.05546265093581627,0.1262721296798886,0.10532795637041355,0.06582423350528104
949,0.05549635075640573,0.12724342911481945,0.1057715834882285,0.06600170942358259
950,0.054921884780780195,0.12721596644451807,0.10505676780973705,0.06617824070865218
951,0.05390327403020549,0.12517146762573722,0.10348258385129402,0.06635230774892668
952,0.05454126087461505,0.12488206487279396,0.1050814826215234,0.06652916818239911
953,0.05462953291104695,0.1252142980132051,0.10563059908776223,0.06670707315284743
954,0.054410548847499456,0.12522594941077533,0.10558550393528977,0.06688511797124364
955,0.055103988140327485,0.12713330978637563,0.10731508229655161,0.0670663934301596
956,0.05420536897672957,0.12727617073976136,0.10595249253365475,0.06724574069550004
957,0.054515834248876543,0.12843835602521353,0.10694504619639152,0.06742714766177846
958,0.053960617094595,0.12861666443940817,0.10624118367797077,0.0676076847421149
959,0.05348327836224104,0.12798374508725419,0.10568151585102488,0.06778749007858592
960,0.05368431429180756,0.12811155219972448,0.10645748453642949,0.06796871388899516
961,0.05351752516229991,0.12814548620204821,0.10650901656025985,0.06814999268291469
962,0.05288087076393628,0.12698289176011415,0.10562102340465111,0.06832962561424603
963,0.05345067736852544,0.12744701679280887,0.10714109000623324,0.06851171149057304
964,0.05369397566425651,0.12878195870859985,0.1080206583279746,0.06869533406888147
965,0.053720977401483815,0.13048314469592273,0.10847140576239535,0.06888007884052262
966,0.053280069802475356,0.1314459631726425,0.10797694485383633,0.06906469257659771
967,0.052161484886576355,0.13005974781760826,0.10609828623758295,0.06924704231988577
968,0.05106707159050701,0.12636310387369454,0.10424594056465714,0.06942711975933566
969,0.05203998271869862,0.125258676009709,0.10660545841498861,0.06961191015981362
970,0.05241754876417354,0.12534089464635434,0.10776313266763911,0.06979897781185597
971,0.05283287046226027,0.12670726688645909,0.10900946925786181,0.06998824216177969
972,0.05245428395439627,0.12746571689673916,0.10862652016359672,0.07017686737668927
973,0.0522131491779935,0.1279469102807548,0.10852821710517453,0.07036543463359109
974,0.05169630256450617,0.1274835794448174,0.10785172873191447,0.07055297280231954
975,0.05123348276388838,0.1261959212607882,0.10727686011557303,0.0707395681825221
976,0.05132132384946865,0.12540662185201118,0.10784832104048821,0.07092707826693358
977,0.05176847459196335,0.12598847457498608,0.10918128238680973,0.07111673407000373
978,0.052394311062867543,0.12838395502999914,0.11090560621757249,0.07130921647339429
979,0.05192189686641697,0.12992916151634085,0.110315317171526,0.07150063533821607
980,0.050846526666720585,0.12914623317874124,0.10843261753241697,0.07168893629293528
981,0.05045493033287079,0.1276930504972657,0.10799110991732772,0.07187675370784354
982,0.050819697985641274,0.12741876699198568,0.10916606974332703,0.07206698261857444
983,0.0508111917765339,0.1274086917530182,0.10954431397802124,0.07225826216355424
984,0.05062245233989277,0.12721807427084283,0.10953439886180276,0.07244981635283852
985,0.050164021979734796,0.12618098120512117,0.10893991974493485,0.07264040307108746
986,0.050258792236854886,0.12566367366034126,0.10954572028662185,0.07283190269259229
987,0.05026269295866941,0.12544314446561636,0.10995740789074186,0.07302395017986926
988,0.05064167973836118,0.12645328024264302,0.11119439346578276,0.0732182988714805
989,0.05054998895537787,0.12752787437154722,0.11140559926661844,0.073413617831237
990,0.05000271123072813,0.12752857274640725,0.11061059708554784,0.07360836133061047
991,0.04964400545208912,0.1269189658032023,0.1102237790246603,0.07380302913099941
992,0.04986593217461273,0.1271510650734871,0.1111243419884419,0.07399944545172905
993,0.050130666913096505,0.12833511237149528,0.11212676951978046,0.07419740857655545
994,0.05004011133610929,0.1295788290608179,0.11233929601248903,0.07439540387783451
995,0.049444562177688736,0.12960552139691944,0.11141506255096528,0.07459160602285143
996,0.04888016897099506,0.12848644087593458,0.11055076781777068,0.0747864191415215
997,0.04878471812633565,0.1274036292410527,0.11073948505916748,0.07498185693363295
998,0.048855922558732785,0.12677901161106975,0.11130667866842435,0.07517845180360934
999,0.049213838999786444,0.1273453350801551,0.11253288656904163,0.07537704283005003
1000,0.04856412149594556,0.1265342545361412,0.11145938005886889,0.07557339224668008
1001,0.04925515819569941,0.12777425681663443,0.11346304951880282,0.07577309665811444
1002,0.04887357467181829,0.1283243284776642,0.11300853347239243,0.07597217398430711
1003,0.0484895054702345,0.1281722819800934,0.11254094091308342,0.07617082315365024
1004,0.04814913318928182,0.12742322513990087,0.11216586076393112,0.07636920223692395
1005,0.04814436726412455,0.12694094845633744,0.11256995669808859,0.07656860491340485
1006,0.047896008382862926,0.12609218574727832,0.11240284940425625,0.07676796039398316
1007,0.04812072922185102,0.12610147497585067,0.11334582991440574,0.07696918341203744
1008,0.04825360072936288,0.12673518765652178,0.11408116068854605,0.07717177207749247
1009,0.047769302135626315,0.12638778460060232,0.113359561935555,0.07737291967278544
1010,0.04776321156066991,0.12630280821498163,0.11376724034457923,0.07757448518514319
1011,0.047300224148231255,0.1252842830560724,0.11308577731142402,0.07777459971002215
1012,0.04741171949686907,0.12483336300314081,0.11377258363169596,0.07797585845811596
1013,0.04719222119200736,0.12424637690881737,0.11366655885920524,0.07817693120026707
1014,0.04725338269444023,0.1246815732852596,0.1142365029211428,0.07837892444469494
1015,0.04751264794203574,0.12564247302456524,0.11529170637388698,0.07858260714770482
1016,0.047453097278424165,0.12640753610915423,0.11558147229479074,0.07878673156286822
1017,0.04696970580060148,0.12616914788428543,0.11483600329551155,0.0789897419403651
1018,0.0468637600209564,0.1259248911685601,0.11500643566382808,0.0791934761335736
1019,0.04662971007094843,0.12533148880721992,0.11486070270084875,0.07939734243892385
1020,0.04648864368494886,0.12463233125736776,0.11493953004329088,0.0796015648119192
1021,0.0466015411735225,0.12487244958399887,0.11564641744456554,0.07980702497550556
1022,0.046454549170330685,0.12474978954068332,0.11571288309198813,0.08001236368154921
1023,0.046395638273675564,0.12486304662839622,0.11599890668472784,0.08021789387099841
1024,0.04625537594044519,0.1247574894966195,0.11608260307788562,0.08042338684883318
1025,0.04601161868123408,0.12437132993485393,0.11590490951437743,0.0806285988482877
1026,0.045983472925062656,0.12456535467847146,0.11626764708144365,0.08083465973487167
1027,0.04598589767415217,0.12484239385557877,0.11670975487980277,0.08104173250711542
1028,0.04586602169600072,0.12478707078424744,0.11684298308937327,0.08124910657681919
1029,0.045841260503804056,0.1249895096144741,0.11721883808271785,0.08145703364080423
1030,0.0457593388373218,0.12503651238835983,0.11745061485850769,0.08166519228896685
1031,0.045640451900559785,0.1250181058385795,0.11758744633841392,0.08187350623468605
1032,0.045615568180187235,0.12520089096400708,0.11796608364142372,0.08208253991578292
1033,0.04552692664419437,0.12540964904037644,0.11818106899434533,0.08229208337923924
1034,0.04542811832052987,0.12561510697766218,0.11836946043215357,0.08250206702234669
1035,0.04524881631398211,0.12559348207508297,0.11834706027082878,0.08271194807147515
1036,0.04507008756936276,0.1253437507095666,0.11832370803362809,0.08292147839533906
1037,0.04494670658153279,0.1250166405087103,0.11844337737617817,0.08313080799163901
1038,0.044859205410002614,0.12471019388757536,0.11865679692988758,0.08334020663127212
1039,0.044800649552615125,0.12479395082685413,0.11894709794607483,0.08355002024674328
1040,0.04460835010136381,0.12452107159382672,0.11888233256930528,0.08375980975632735
1041,0.044465021260186116,0.12438305508940894,0.11894615357255127,0.08396984245239701
1042,0.04433933615294293,0.12429306701029183,0.11905618060096446,0.08418011345346996
1043,0.04429906241023783,0.12444160011212659,0.119395445056747,0.0843909077569194
1044,0.04415388241931544,0.12429462052041364,0.1194522318939077,0.08460165048852496
1045,0.0442775159240559,0.12490432996169039,0.12023762159439333,0.08481364405069691
1046,0.04409236702723189,0.12464429348770567,0.12018829228934973,0.08502547271608357
1047,0.04411334039847426,0.12496568898360509,0.12070031233078467,0.08523812743859593
1048,0.043919686199991564,0.1246785599827861,0.12062613081210942,0.08545052195303962
1049,0.043892553913809584,0.1248624272815168,0.12100791224500455,0.08566338813291852
1050,0.04370087190550942,0.1245762456955894,0.12093527952761028,0.08587586866759236
1051,0.04352398794651141,0.12432931987054291,0.12090050753976495,0.08608801328672956
1052,0.04353770847455752,0.12462476730278449,0.1213939642226485,0.08630074761016103
1053,0.04343660152449462,0.12459184842936544,0.1215695499756348,0.08651351013453987
1054,0.043383472953274695,0.12469537754999965,0.12187936486373639,0.0867265388588225
1055,0.04325620397248605,0.12458552748793278,0.12198161818820166,0.08693951202312805
1056,0.04318772898344008,0.12464441784932231,0.12224971659121271,0.08715280849754095
1057,0.043082734603071465,0.12459687668912053,0.12241444089054236,0.08736634166337376
1058,0.04298481251436367,0.12456837808177797,0.1225986496947003,0.08758018922081336
1059,0.042969684364318854,0.12477886668740662,0.12301929757673906,0.08779473493897239
1060,0.04305110691206993,0.12527057244350853,0.12371975314196125,0.08801043223201323
1061,0.04298697297509588,0.12561017832638113,0.12400566572705841,0.08822656510708113
1062,0.04277771957604741,0.12559418347082527,0.12387203080593001,0.08844243224570428
1063,0.04268939425704586,0.12557348041527122,0.12408583463641255,0.08865862720801575
1064,0.04260459778428182,0.12555700145165885,0.12430939652024897,0.08887512887243029
1065,0.04235789781466925,0.12506666110592088,0.12405761857512469,0.08909099132091444
1066,0.042269372589119496,0.12456382566235952,0.12426488028707908,0.08930690586518678
1067,0.04214196701833994,0.12436929103797885,0.12435774316714161,0.08952260255840182
1068,0.04193153925206029,0.1239943388968077,0.12420344252021881,0.08973766502804181
1069,0.04181256269007731,0.12388719722386868,0.12431677140630545,0.0899526002438046
1070,0.041683414942743593,0.1237493665965058,0.12439936822549892,0.09016742475761652
1071,0.0416243974825066,0.1238189706143133,0.12469082084761948,0.09038260587309456
1072,0.041561665994568474,0.12387724976256496,0.12497217847962913,0.0905981595488966
1073,0.041369834136280814,0.12355005700681439,0.12486533029731971,0.09081337051695075
1074,0.041136426582006835,0.12309596847052147,0.1246292377952012,0.0910279422081225
1075,0.041228256129706875,0.12361353904607549,0.12537728097198686,0.09124353247608363
1076,0.0410193415078188,0.12322946445421144,0.1255903110037885,0.09145856513504669
1077,0.04086513117299567,0.12300644389780552,0.12580199588776383,0.09167333067805188
1078,0.04081971798795376,0.12310952654297674,0.1263448840227962,0.09188841449172071
1079,0.040690386707317006,0.12295949654426516,0.12696220593401533,0.09210334941675853
1080,0.04057439211262318,0.12284716350575917,0.12769297472623786,0.09231807482688154
1081,0.04048880699090652,0.12282571858911773,0.12863093471171486,0.09253261848541382
1082,0.04037904911030116,0.12273029754187724,0.12970106266373604,0.09274687737174683
1083,0.040320935538281776,0.12279047863627297,0.13106418065629444,0.09296125206616151
1084,0.04031039512619635,0.12299506809050431,0.1328709614220835,0.09317609999731336
1085,0.04024988055334669,0.12304731288882506,0.13496637371123305,0.09339127680300988
1086,0.04035801378674539,0.12361544518693636,0.13788573060008388,0.0936077865321397
1087,0.039720766299403375,0.12189835459344031,0.13926433453664896,0.09382167640708179
1088,0.039048732632899145,0.12006325852407322,0.13897080923188432,0.09403279471237636
1089,0.03845227765096128,0.11844910782906493,0.13722568886915965,0.09424156113785642
1090,0.038070242479084374,0.11748640285611664,0.13470006453699446,0.09444902072159789
1091,0.03780949048931081,0.11689131298996483,0.1317736235623933,0.09465560131717765
1092,0.03758221128152222,0.11639809392099158,0.12855081171489396,0.09486135457168815
1093,0.037561381983406306,0.11654608465822679,0.12570184356921102,0.09506757462333777
1094,0.037641782244565804,0.11701336103210486,0.12356355065032165,0.09527500802756735
1095,0.0378095497623714,0.11775825788524508,0.12386785276224561,0.09548411374754806
1096,0.03793368331883992,0.11837319051424439,0.12474199395945307,0.09569457066705464
1097,0.038248732437987654,0.11958927326017599,0.1262556555273281,0.09590744215921884
1098,0.037932063434196146,0.11883184156142082,0.1269469118869801,0.09611922125786397
1099,0.03744170655517465,0.11752125091889691,0.1264858570177881,0.09632890531904453
1100,0.03706216935967238,0.11654712718930871,0.12522464112093765,0.09653707920876928
1101,0.03752443192341198,0.11821530658662603,0.12597037469447575,0.09674845243907809
1102,0.037480001702551655,0.11828840365383454,0.12703537151663005,0.09696016833584879
1103,0.037271581390255326,0.1178418185372097,0.12786718551125245,0.09717127029959263
1104,0.0364621671145713,0.11549082036325885,0.12642736690214612,0.09737827709216346
1105,0.036500336349616296,0.11581907021509211,0.12557476799285408,0.09758590601107131
1106,0.03653074787308749,0.11612231624303718,0.12528559766379044,0.09779399409484683
1107,0.036461176075966134,0.1161075336804859,0.12522011019767837,0.09800205034466483
1108,0.03624246769026001,0.11561674057089633,0.12486591876545976,0.09820968170647054
1109,0.036279334411042516,0.11594308062671055,0.12523828171736354,0.09841905992689112
1110,0.03608981323554944,0.11554609788790793,0.1252902112595952,0.0986294974800071
1111,0.035696931725551,0.11449341022458154,0.12444320674243273,0.0988400516671893
1112,0.03552631419056115,0.11414836864020773,0.12401654367359792,0.09905192108590344
1113,0.03540338433441551,0.11395491584415561,0.12404341352827497,0.09926505430459576
1114,0.03527379582426422,0.1137369772411071,0.12404419065286455,0.09947890042316371
1115,0.035151876506560056,0.11354127112082187,0.12407008804491784,0.09969290082321396
1116,0.035338922082305824,0.11434488875066232,0.12519049482567995,0.09990836616356204
1117,0.03520080631870819,0.11409933590403926,0.12535673261034155,0.10012280200411316
1118,0.03508826889754317,0.11393536399988376,0.12558793884040728,0.10033611942723933
1119,0.03487798595209198,0.11345223831404942,0.12553283198845105,0.10054795763338012
1120,0.03457512622766883,0.11266440062481647,0.12485354111259024,0.10075834072947698
1121,0.03444106526376174,0.1124208002497835,0.12429500126811499,0.10096864233075864
1122,0.0347364956842891,0.11357836391565682,0.1258218035586121,0.10118141500494716
1123,0.03518515003121693,0.11524241814994086,0.12874200792770052,0.10139740316917564
1124,0.03477657042575951,0.11410203347885522,0.13065414698854236,0.10161148715988327
1125,0.03420861544853893,0.11243242528790909,0.13096221733633928,0.10182304680907099
1126,0.03348260956481258,0.11023425675784486,0.12906585330467138,0.10203125470152738
1127,0.03301058747090697,0.1088602243516593,0.12587373897398493,0.10223753358105482
1128,0.033300788347014845,0.10999270336489995,0.12418814794797588,0.1024464466786599
1129,0.03370061372549482,0.11149225373475219,0.1252421456262172,0.10265854823089346
1130,0.03408892222284596,0.11296250093592,0.12739089297632328,0.10287369588547897
1131,0.03376582663286192,0.11208251752698355,0.12880734171509944,0.1030874766704129
1132,0.03427646179084133,0.11397449279607619,0.13261928612904406,0.10330537189862246
1133,0.033859951711764535,0.11278826453504803,0.13535374898639727,0.10352168017260385
1134,0.03248255166027987,0.1083859529435936,0.13335313105234897,0.10373024394645147
1135,0.031459959632825774,0.10514209833392979,0.12790645895263333,0.10393317641498635
1136,0.0323124367303278,0.10815674449331641,0.12612509144318348,0.10414234475595106
1137,0.03211419125988316,0.10765751637308207,0.12402135826089525,0.10435074220746819
1138,0.033180010752339215,0.11139804593091308,0.12742224632963547,0.10456642456774946
1139,0.031860518381782034,0.10714113388418695,0.12523061397901275,0.10477389135166702
1140,0.032188425734947054,0.10842237757076892,0.12475577960785421,0.10498400820857312
1141,0.03233265921879935,0.10909007717286007,0.12554507883769228,0.10519580587146757
1142,0.03219699478679495,0.1088147338470578,0.12602779055307542,0.10540749494940624
1143,0.032976643619890084,0.11162980360629914,0.13001828917888825,0.10562475437270899
1144,0.03165332316665225,0.10732908182988696,0.1293000531691844,0.10583331012377291
1145,0.03045845582563453,0.10344013968644783,0.12432470186243838,0.10603395602983937
1146,0.03103355749017422,0.1055494495870381,0.12271688244397912,0.10623883196979272
1147,0.03133720993722023,0.10674180549151524,0.12435706489976192,0.10644694294133941
1148,0.03186372531087969,0.1086957510945713,0.12689432317611177,0.10666037707509743
1149,0.03075852671832138,0.1050867391237666,0.12483299035842647,0.10686812742820273
1150,0.030948552882835975,0.10590094135631656,0.12414414831053251,0.10707815047523406
1151,0.030951823409705207,0.10607966879703358,0.12461085961760211,0.10728841138728026
1152,0.030882516350325035,0.1060072589548025,0.12478474540876908,0.10749782508346636
1153,0.030741042373544063,0.10568208932850785,0.12465988680814723,0.10770564092597522
1154,0.03070051758936202,0.10570504739953551,0.12494506794125644,0.10791292486525977
1155,0.03064446239164434,0.10567264110815663,0.12516837029491026,0.10812068737532468
1156,0.03057991017793659,0.10560771073298558,0.12552458023419488,0.10832995691713501
1157,0.030370456550462444,0.10503969234449333,0.12547139816447392,0.1085401033983556
1158,0.03012925113794781,0.10435954705068247,0.12487061356125066,0.10875029471924336
1159,0.02985026906075584,0.10354469624237131,0.1236863553435009,0.10895942617441312
1160,0.030123976554453015,0.10464495027097578,0.12526166929673785,0.10917089816326087
1161,0.030131197915684083,0.1048217673088477,0.1260013421135347,0.1093826731245377
1162,0.029967886818027405,0.10440500607438052,0.12650858438153073,0.10959347203808233
1163,0.029718055886695682,0.10368497986772056,0.12641616606819886,0.10980244850265436
1164,0.029523673584826708,0.10315647827553479,0.1259509140954819,0.11000986928863436
1165,0.029164233582857916,0.10204643370277129,0.12440639072280003,0.11021507594058415
1166,0.029184466899155933,0.10226008150708499,0.12397366329068889,0.110421567273483
1167,0.0296807514466696,0.10414395028571026,0.12652396021806986,0.11063320001837726
1168,0.029189340881202702,0.10256500497835101,0.12639856251480835,0.11084267003028657
1169,0.028959302895062967,0.10189882649744322,0.12572719731519372,0.11105125120865637
1170,0.028878124290839163,0.10175540749141032,0.12514535471657112,0.11125971290983667
1171,0.029409118074973543,0.10377154740525306,0.12729899647010148,0.1114724421377189
1172,0.029053302098378184,0.1026592461585804,0.12836338353069235,0.11168305086295066
1173,0.02862831937240026,0.1012969033822941,0.12802339571626511,0.11189101877186713
1174,0.028590362504192068,0.10130047097633989,0.12795469629651002,0.11209912564429035
1175,0.028776721702073946,0.10209918873640672,0.129142383124985,0.11230897868408946
1176,0.028423570607306204,0.10098011948676891,0.12921958424089916,0.11251660550393104
1177,0.027877784785360658,0.09917037534704783,0.12732082173398462,0.11272058194188865
1178,0.027529254217027566,0.09805755546188052,0.12429948046117968,0.11292241525635233
1179,0.027937479196906888,0.09963947093909961,0.12420794467847747,0.11312782295569768
1180,0.02806005163554414,0.10020540939821661,0.1251824979808906,0.11333484928816043
1181,0.027903953652174785,0.09977719838241872,0.12510058603565893,0.11354139131160196
1182,0.027961086047493186,0.1001132960631188,0.12571052553022583,0.1137488495316113
1183,0.027708830377990167,0.0993438310691361,0.1256263120288163,0.11395480131021335
1184,0.027621916825477245,0.09916286817151967,0.12558507634497945,0.11416048731284706
1185,0.02782556767788722,0.10002277831973429,0.12690133001390286,0.11436825382138406
1186,0.02763380289455147,0.09946114767647495,0.1277844763383291,0.11457538569383431
1187,0.027264376560691642,0.09825470372959377,0.12741408298711085,0.11478055155555451
1188,0.02745655430664881,0.09906842712509972,0.12835107217153138,0.11498777445432191
1189,0.028398343100197142,0.10259210683672464,0.13405717465080108,0.11520257235460318
1190,0.027541079043920707,0.09961961670318216,0.1362688850298766,0.11541134353175779
1191,0.02700663062572238,0.09780457984094774,0.1364427229074504,0.1156164702403712
1192,0.02670261012689342,0.09681971434226803,0.13562898932833609,0.11581954544071897
1193,0.02639500911793872,0.09581728950078222,0.13379823294333504,0.11602047646698267
1194,0.026117375238582728,0.09491424710849647,0.13107176521983366,0.11621957705207965
1195,0.025981568166629766,0.09452390911420253,0.12810525803406178,0.11641790102858601
1196,0.02602621586459588,0.09479195869207066,0.12574823775422667,0.11661697238221448
1197,0.026295204761254944,0.09588094920174416,0.12506870765778133,0.11681870941904181
1198,0.02637317974427852,0.09627815358134269,0.1251782838870448,0.11702193541932172
1199,0.02617055263921829,0.0956538477704193,0.1247499096533832,0.1172247318902896
