,0,1,2,3
0,0.0,0.0,0.0,0.0
1,0.0,0.0,0.0,0.0
2,0.0,0.0,0.0,0.0
3,0.00024002933717479736,0.0,0.0,0.0
4,0.012184863868058721,0.0,0.0,0.0
5,0.05024629711870078,0.0,0.0,0.0
6,0.05165707260838349,0.00013532792231300275,0.0,0.0
7,0.05247828401760321,0.005541212141483807,0.0,0.0
8,0.05326044619896697,0.042992556176878735,2.051135196322776e-07,0.0
9,0.05034108850537192,0.1030940478968453,4.2539925278147863e-05,0.0
10,0.048508009160618114,0.13129165602059487,0.0009621443672977463,0.0
11,0.048876676517367226,0.13856927520313447,0.008389462203030577,3.284897541451123e-08
12,0.04883555323063658,0.14571669239890161,0.03610833985898505,2.921244893645259e-06
13,0.04633394557730129,0.14605935957758392,0.08222201052948658,5.6557318516505144e-05
14,0.0436533423409396,0.13911143859503872,0.121361971574939,0.0004497879461406733
15,0.04160433602491335,0.12659153682880434,0.13475750928849428,0.002413972867981709
16,0.040386854242240935,0.11075766361219572,0.14016969355262826,0.009363371664604228
17,0.03925245946631976,0.10606456400011303,0.14153888865223946,0.02641693831436953
18,0.03838187501109456,0.10367390102777639,0.13974112674595826,0.0548674422925749
19,0.0395591815997937,0.10681611457418003,0.14135847892558334,0.08741518543198806
20,0.0386660338140822,0.10436186483484003,0.13974843773726534,0.10876592330939978
21,0.03799238033141494,0.10249791296639962,0.13563307538141667,0.1168085179951691
22,0.0382576681956072,0.10316690709503447,0.13200686308013562,0.11930132650789974
23,0.03848518807617183,0.10373395794013998,0.1287347840247214,0.12000267391610409
24,0.0385619427058033,0.10389782166790432,0.12533127711511796,0.12022457634684082
25,0.039721050973834965,0.10697772652323628,0.1251928775175298,0.12033737071555953
26,0.04050691705044022,0.10904927622673326,0.1271125930358,0.12042572565955864
27,0.03960477507765996,0.10657816565902611,0.12579139392334013,0.12050693261572086
28,0.039517641739210047,0.10630547961847643,0.12378720953736362,0.12058800316966725
29,0.04007484373448874,0.10776630807117703,0.12430766455118514,0.1206718224568283
30,0.04040879120693265,0.10862872295552005,0.12490891163114964,0.12075783185203645
31,0.0407544500003402,0.10952592374894442,0.12553260794170848,0.12084527096939077
32,0.040485376996673296,0.1087696777483132,0.12478248945627032,0.1209330369492411
33,0.04070901097162261,0.10933584285975671,0.12447512575496063,0.12102348226784489
34,0.04164451964168264,0.11181318420375343,0.12685991817220643,0.12111891332602433
35,0.041299361454161805,0.11084974476411005,0.12718643800648805,0.12121651204754895
36,0.04118274182700932,0.11049878712021986,0.12668231286954523,0.12131668052405847
37,0.04146519506123842,0.11121738716121773,0.12655166917229368,0.12142037690343693
38,0.04141480502521669,0.11104325031188103,0.12578710817424973,0.12152674328512628
39,0.041514860136630596,0.11127439122024556,0.12484461216567076,0.12163524043646903
40,0.041874673676061104,0.11219958470000532,0.12465322539082895,0.12174568160240314
41,0.04209500322304465,0.11274802441376423,0.12482846208394217,0.12185756055697701
42,0.04198365895474691,0.11240777957756369,0.12402031087376864,0.12196987903799156
43,0.04281380527706102,0.11458695003223401,0.12598718289649632,0.1220847109902868
44,0.04315208368714863,0.11544570464520798,0.12747291236636635,0.12220028503974563
45,0.04335225877179467,0.11593423660865175,0.12904667637818681,0.12231535829975385
46,0.043328504215050946,0.11582420501802868,0.1300551538251492,0.12242847583099958
47,0.042974701322530305,0.11483128210661707,0.129545006607427,0.12253935512172508
48,0.0427597301792265,0.11421238389791177,0.12793358015349157,0.12264930606090346
49,0.042873088283152144,0.1144716568257537,0.12617775280380933,0.12275918633123363
50,0.04310318423976917,0.11504179649575698,0.12461170611694809,0.12286890494709383
51,0.04427404478490655,0.11811993690845625,0.12630104343153986,0.12298055568338194
52,0.044483989924539676,0.11862987877593913,0.12770003308579375,0.1230920059974113
53,0.04442987059375209,0.11843203399665368,0.12844306762337318,0.12320279580679569
54,0.0443851206825156,0.11825765615316149,0.12856033667816472,0.12331228953718089
55,0.044451442502987784,0.1183787836605241,0.128368945096947,0.12342101084133587
56,0.04458541677192678,0.11868343270952829,0.12806354803690034,0.12352970374293788
57,0.04490785065154094,0.1194905068138718,0.12816775157923102,0.1236387848785913
58,0.04513021297262374,0.12003045892520382,0.12839761932687122,0.12374802914182266
59,0.045251665767925144,0.12030063465478176,0.12847123796052543,0.12385717469165745
60,0.04534537849368903,0.12049579034956916,0.1283118907126148,0.12396582193275038
61,0.04539268176892062,0.12056452535256296,0.12779174229856202,0.12407372232770425
62,0.045979937380235064,0.12206611390402344,0.12838533603453917,0.1241825474247029
63,0.046160759507039406,0.12248735749269557,0.12896832141916958,0.1242905271174924
64,0.046864890306581045,0.12429564345089796,0.13095155867451772,0.12439873582110816
65,0.047217916603077247,0.1251701760811251,0.133367309678521,0.1245066918578738
66,0.04720706610019403,0.12524919146918775,0.13523824034679136,0.12461411926681043
67,0.04705975568363792,0.12487690600394623,0.13620782373727766,0.12472146321689596
68,0.04671114829251342,0.12364486362732598,0.1357478449773029,0.1248284165101527
69,0.046965218295678034,0.12425952169409224,0.135471139039589,0.12493580054310247
70,0.04701253984253397,0.12432568056021902,0.13482452142492435,0.1250425399906441
71,0.0473449333668535,0.1251435593765373,0.13455662389007295,0.12514755606334033
72,0.04756295303620897,0.12579882017001986,0.13436059251594581,0.1252517480176768
73,0.047478959165924005,0.12616566866219733,0.1334459820744901,0.12535539997519982
74,0.047215733936214116,0.12577023552432667,0.13135292912280533,0.125458300139234
75,0.04733797192678171,0.12563077850822396,0.12908983088833462,0.1255610930948355
76,0.04760057741523418,0.1261175188761886,0.12701679110440806,0.12566392418399386
77,0.04756527488951167,0.12644440051528985,0.12436661669157263,0.12576580801668
78,0.047384481961174625,0.1262274717060081,0.12140381414425362,0.1258665918816222
79,0.047313690199984666,0.12575576095757793,0.12074920530847462,0.12596671722775876
80,0.047403138751502025,0.1254509255925231,0.120506324196217,0.12606659429247982
81,0.04745748849418759,0.1252193455080404,0.1201723940426497,0.1261661880945527
82,0.04737852447504513,0.12471043615195192,0.11950105662937018,0.12626419714985676
83,0.04750621204539867,0.12475616682539274,0.11935142047027547,0.12636127977736775
84,0.04795469403816108,0.12586199667166803,0.12000323285896648,0.1264576533315271
85,0.04804828126148821,0.1268961530095824,0.1197605718118976,0.12655394188880956
86,0.047987715281472484,0.1276976357335929,0.11913548084022156,0.12665017198380427
87,0.0474057088202612,0.12689970549252505,0.11722345337634138,0.1267453504202159
88,0.047535865205358886,0.12637024722767265,0.1170834781120802,0.12684076579041884
89,0.0476547727599755,0.12608075300818855,0.11691486806118105,0.12693575912013744
90,0.04812933462260572,0.12696067390023233,0.11761502608818591,0.12703090306560547
91,0.048396015927465806,0.12846368344393472,0.1177967993690642,0.1271258655838187
92,0.04845770903261275,0.13005050162019435,0.11747337674837519,0.12722081597968385
93,0.04872339321364972,0.13225307073923562,0.11764166893067048,0.12731635085731166
94,0.04784005215120266,0.13207121342757622,0.11504054470312257,0.12741001522702342
95,0.04638627884658974,0.12802299296775155,0.11110226749095069,0.12750019732217485
96,0.0474777564582414,0.12674873069829493,0.11328001342665901,0.12759219427959784
97,0.04835025316383758,0.1276741857407749,0.1149079677793164,0.12768557149013415
98,0.04872529885439804,0.12950096343559694,0.11533644212649007,0.12777966400328458
99,0.04855026217710915,0.13079256374490325,0.11445826689290378,0.12787334847843
100,0.04811440765629976,0.13086447186922676,0.1129696526638402,0.12796585263438406
101,0.04750561553945879,0.12927239962000592,0.11109367943507546,0.1280568441218895
102,0.047523954364361236,0.12765045160763558,0.1106973124078244,0.12814772639707214
103,0.0480403874901089,0.1272915054234884,0.11145876615559643,0.12823921939713043
104,0.04788526954050404,0.12645246223012713,0.11065555305797718,0.12832953251472792
105,0.04815448766507292,0.12623481229646014,0.11083544486080166,0.12841979199769035
106,0.04846455054141456,0.12673885691867484,0.11110251577563705,0.1285103936639936
107,0.04900530210759258,0.1285573274185323,0.11188958241285883,0.12860252226462854
108,0.048583204680309,0.12919776913672726,0.11047648342637496,0.1286937611736244
109,0.048644529593433995,0.12991112225106796,0.11016794851902018,0.12878471992247287
110,0.048556692986005776,0.13031327995239272,0.10951645837147216,0.12887463148332798
111,0.04815844989392265,0.12960574673785785,0.10817483393544,0.12896300292956747
112,0.04807194324870296,0.12859649580781918,0.10754921500950029,0.1290507236058913
113,0.048356130056161475,0.1282389501481233,0.1077550121559416,0.12913837688617463
114,0.04839902946927612,0.12790988048963037,0.10741925029126531,0.12922662090137435
115,0.04807064049278184,0.12665223812219242,0.10626107408582211,0.12931601563071024
116,0.04821493780832357,0.12568131961039955,0.10614969517340048,0.12940530109189533
117,0.04808619344936762,0.12429260923488814,0.10543569748411115,0.129492887463557
118,0.04871470276800886,0.12514038766236352,0.10638252649931737,0.12958036641150586
119,0.04869927902950115,0.12515353998318157,0.10591403285493907,0.12966730877030305
120,0.04894928129866597,0.12571915711534476,0.10602226302705318,0.1297548354828031
121,0.04940007390166126,0.12735120481707618,0.1065601022325562,0.12984376202898268
122,0.04827191080653996,0.12600227092928326,0.10369755649605802,0.1299308798111585
123,0.048383804332074745,0.12485416091502431,0.1035206219294557,0.13001765053112468
124,0.04876322278950365,0.12473617067690582,0.1039122220659916,0.13010470711691813
125,0.0487682805742949,0.12466243569056326,0.10350127352398569,0.13019128108461023
126,0.0489839998653465,0.12512804592040408,0.10353687220744932,0.13027757758095823
127,0.0491084464095891,0.12548398618583576,0.10337235148559018,0.1303631654783101
128,0.048969603782932955,0.12539402699943558,0.10265429594926277,0.13044816265809828
129,0.049634919754776165,0.12690929897169193,0.10362168079645762,0.13053412078503096
130,0.049561712757219385,0.12814453951781635,0.10303732309690787,0.1306197967939536
131,0.04943038586306217,0.1289518997976269,0.10233655274410894,0.13070535313297324
132,0.04973869356255561,0.13045178271582136,0.10254720007490135,0.13079153263791307
133,0.04883302160858358,0.12955696283332527,0.10026027826575701,0.13087585709395064
134,0.049144857506618844,0.12936577790563195,0.10048998090868298,0.13096032610673142
135,0.04946490611984169,0.12989695964476164,0.10073105534265883,0.13104523575243557
136,0.048755604904570364,0.12853730559082294,0.09887931362358306,0.13112874612948286
137,0.049463175305188796,0.12888150963774905,0.09990703972477141,0.13121330373717666
138,0.04993893141078814,0.1303357442376722,0.10044875328792492,0.13129805503412648
139,0.049872241030025764,0.13152400594402205,0.09989429977191307,0.1313820852823091
140,0.04961593616473108,0.13196789308485624,0.09896633558788308,0.13146509998589168
141,0.04914396851717291,0.1311218355312501,0.09761702815900045,0.13154658917818846
142,0.048973299402169594,0.12975044253141438,0.09687901053222077,0.13162788826655186
143,0.049619083954927805,0.12991673767392262,0.09775650428969056,0.1317104472210157
144,0.05011542655332052,0.13124037151800239,0.09832810858476315,0.1317935756337904
145,0.049777856425409696,0.13161658918729968,0.09725998055809597,0.13187573332480018
146,0.049450786623129066,0.13107247695301344,0.09622064135496328,0.1319568682570403
147,0.04964601340837584,0.1309217516213147,0.09620254963548833,0.13203783332534288
148,0.04955859224874967,0.13045372462422747,0.09563557778404685,0.13211832532980247
149,0.04949933210049801,0.1297409998465541,0.09512704262195566,0.13219812252796323
150,0.04974116009674151,0.12953871965386596,0.09519775348562899,0.132277739080787
151,0.0503099853035647,0.13066447224361602,0.09588551646854247,0.132357912312083
152,0.04968149257172304,0.1301161677374934,0.09428949145116222,0.13243669478642947
153,0.04936548801156725,0.12867875935567788,0.09330210418933335,0.13251501647025282
154,0.050134238261003876,0.12906579873797466,0.09436618852812996,0.13259456873663622
155,0.050606739504320354,0.13053269131915093,0.09485874243457407,0.13267455712343465
156,0.05004450798128057,0.13049490783573084,0.09341034221207915,0.1327535569734406
157,0.05013793699135088,0.130590098183767,0.09319288526944898,0.13283239991017032
158,0.049290827272949006,0.12847136904518894,0.09123331997372543,0.13290926109973636
159,0.04979622800423763,0.12751470104717127,0.09179096657267001,0.13298628543531998
160,0.0501951610054299,0.1274535263502726,0.09214502142966208,0.1330635677273555
161,0.05055553299813358,0.12818753091879956,0.09241944452388354,0.1331413865917016
162,0.05075445363735744,0.12931314846588868,0.0923926866218252,0.13321963492844108
163,0.050595173825586565,0.12993760253713868,0.09171151398605547,0.1332974159713564
164,0.05083033582732664,0.13104050994761487,0.09174780827967449,0.13337491900548726
165,0.05027218052508387,0.13065436435947955,0.09035568464266548,0.13345101049072886
166,0.05066263963614938,0.13113337574362416,0.09067789258190181,0.1335274570037884
167,0.05006669955906797,0.1300348824005285,0.08923534834669222,0.13360283623207686
168,0.05067291119466325,0.1303354157100597,0.08994002414157455,0.1336789354269605
169,0.05138984941646368,0.13230525539649,0.09082908672828904,0.1337559092215591
170,0.051808778951551504,0.13520215080850403,0.09117964326763997,0.1338332038601573
171,0.05086505921438583,0.13566222346615037,0.08913524355240694,0.1339085306383608
172,0.0499415624464821,0.13373900872280028,0.08714745194986438,0.13398209986961343
173,0.05036438008351499,0.13275439136310765,0.08752023487364037,0.1340562004588024
174,0.050822827823273915,0.13279539936848936,0.08794790658421832,0.13413071113309502
175,0.05018002454752469,0.13115394100743244,0.08647120883432449,0.1342036933449089
176,0.04963560772914485,0.12807337638334867,0.0851785386375423,0.13427541789450945
177,0.05060973377588063,0.12728097603880925,0.08649309803280421,0.1343482500855158
178,0.051813583887006645,0.12933358744723394,0.08817977421336069,0.13442282521954754
179,0.05233973686801271,0.13256352274869804,0.08869476531217962,0.13449814994740494
180,0.05166455363532631,0.13402440759616,0.08717142644043062,0.13457218039360574
181,0.051253702934505596,0.13436511368099943,0.08610679873622785,0.13464500819826056
182,0.051236243753547024,0.13455269154271554,0.0857114319193129,0.13471713284085293
183,0.0508532800538813,0.13369918743263864,0.08471189429674097,0.13478820660601543
184,0.05068927664794545,0.13234295456454817,0.08408811468387056,0.13485863448906552
185,0.0503064641409798,0.12995064125595435,0.0831087635314141,0.1349282991258281
186,0.05051054988703679,0.12795279175349672,0.08310337014581484,0.13499803953657658
187,0.05124123171801333,0.12762837940619784,0.08395579615254008,0.13506866902147155
188,0.05205956684325048,0.12918331942841088,0.08493530537984237,0.1351402328365791
189,0.05243349070980934,0.13153059890810737,0.08517653558747769,0.13521180808674454
190,0.051999030986430606,0.13270448490629924,0.08410275019827257,0.13528199187247741
191,0.0518026423947773,0.13328541972977156,0.08342181796953389,0.13535131602949343
192,0.05119340592048328,0.13227706038504203,0.08208589103783488,0.13541977807637778
193,0.051769296281042244,0.13255426218339003,0.08266024380373564,0.1354891634729418
194,0.05231537605592973,0.1340432428283305,0.08318108221682438,0.1355592097888372
195,0.052069505009751084,0.1348270912684438,0.0824394607315699,0.13562875379133413
196,0.05140259434911319,0.13389029923108128,0.08103953404499051,0.1356973844262017
197,0.05041282398036378,0.13045608744568427,0.07914540070666208,0.1357645470792955
198,0.05067394973592649,0.1275442956754612,0.07922726586054561,0.1358314722003093
199,0.05168320048630411,0.1269548210197715,0.08047027018747606,0.13589878527256147
200,0.051939670423886544,0.1268703900004273,0.08052654138797184,0.1359655718758676
201,0.052008686746785444,0.12683723958410173,0.08028793022520438,0.13603196440775592
202,0.05236812131847376,0.12754928270071353,0.08049426288218628,0.13609861199015152
203,0.05327093455976791,0.13030652099239745,0.08152794481800864,0.13616634203315928
204,0.05330827835705736,0.13303108609614273,0.0812302399247447,0.13623410773473854
205,0.052439305786532754,0.1335545952384626,0.07956062307042056,0.1363008229390863
206,0.05049813899779003,0.1293195832688008,0.0762900574834671,0.13636507025437072
207,0.051173876082527464,0.12659304705539706,0.07699436091518327,0.1364299386794439
208,0.05194373578590204,0.1255981314376555,0.07782934697009525,0.13649520880441704
209,0.052063088676563334,0.124778779640974,0.07768166649372579,0.13655982642594036
210,0.05258021696339355,0.12530092210034155,0.07812369610910277,0.13662434200192985
211,0.05284417755273669,0.12611003741559337,0.07817917089560661,0.1366886690456128
212,0.05340332789850176,0.1281263340911226,0.07866368695090302,0.13675345514772802
213,0.05336614168879224,0.1299300665255743,0.0782637555802599,0.13681805961588694
214,0.05267761690656704,0.12997577677203248,0.07691561691321122,0.13688154113227363
215,0.05285381461220959,0.13032052541844855,0.07684130722716229,0.13694482715137712
216,0.052588398409415246,0.12991918671873412,0.0761277542590207,0.1370074849822634
217,0.05224916657557842,0.12860106390885392,0.075316231092445,0.137069723301286
218,0.052382483305239175,0.12748605441794947,0.07519242235708161,0.137132264942564
219,0.05267528492895904,0.12694812239345463,0.07529618501863412,0.13719510483741984
220,0.0524313313886361,0.12571733491380005,0.07463218767903361,0.13725728615752
221,0.05286505681090014,0.12539229929278645,0.07493205072907992,0.13731943360088839
222,0.05355904037595511,0.12658154334152766,0.07558970207529574,0.13738178673245305
223,0.05354830459959054,0.12762089053539785,0.07524482858238025,0.13744342717866473
224,0.052242614641075616,0.12546613561408007,0.07309071834048471,0.13750283579487918
225,0.0525885969796096,0.12400604629742601,0.07326340234546244,0.13756208272024084
226,0.05344263878215824,0.1254254662976913,0.07413780011032331,0.13762218970939694
227,0.05381549697570224,0.1266045394988,0.07433626207823021,0.13768294059751743
228,0.053522879806308585,0.12697667599276946,0.0736158682177336,0.13774349092055083
229,0.05353087620447361,0.1272443597767941,0.0733123409704632,0.13780388250112502
230,0.05392413362780318,0.12830753263361114,0.07353481067906939,0.13786427993928946
231,0.053709915749144174,0.12874636883016147,0.07292752487976528,0.1379238465770864
232,0.05407708663156898,0.12991990907557438,0.07311162817095337,0.13798314882576368
233,0.05393380887440622,0.13063519793804787,0.07260285168989865,0.1380416261939036
234,0.05350599761632657,0.13023075619717875,0.07171635710248318,0.13809913625535314
235,0.05266436612407803,0.12774781528729257,0.07028677339572582,0.13815542275551487
236,0.053303093107024475,0.12663209349106042,0.07084033379180467,0.13821218656470946
237,0.05469023128550492,0.12861707281944718,0.07237605206278998,0.13827029356420792
238,0.05522839848598187,0.1317235925804263,0.0727718311551676,0.13832885523220007
239,0.054890541057992,0.13391672219783698,0.07200980991439568,0.13838687326777083
240,0.054132284275061095,0.1342229734694438,0.07070376731378768,0.1384438391199172
241,0.05317894683762028,0.1321969238767556,0.06915859225833992,0.13849949067864903
242,0.05348152360435966,0.13074969110971463,0.06925976220573682,0.13855503445490713
243,0.05377038166873991,0.12984979884895004,0.0693416966282376,0.13861036036406119
244,0.05349394057957554,0.1281920946423571,0.06869475016895983,0.13866499989060727
245,0.05386575673519529,0.127270449524726,0.06888199595339715,0.13871979140894736
246,0.054411252580581965,0.12747931174801963,0.0692843861914861,0.13877491155860058
247,0.05479048120379864,0.12843132745875752,0.06946833311941214,0.1388300504236356
248,0.055454273147306464,0.13077688344563587,0.07000722182897345,0.13888538093490116
249,0.0550237937507908,0.13200008497952564,0.06916084904829094,0.1389398009640926
250,0.05471751933109236,0.1323893038988159,0.06847774488848586,0.138993476231817
251,0.05459085285901721,0.13235987731262064,0.06802471786831932,0.13904663402463646
252,0.054710316547782974,0.13247728957051208,0.06788169580074169,0.13909953137157094
253,0.05504230318234674,0.1332280843999782,0.06800331512299213,0.13915237872254305
254,0.05426027838336565,0.1320672355579732,0.06675201590098476,0.13920416186228537
255,0.054555554998290935,0.131455354968442,0.06683395619688057,0.13925605326839763
256,0.05504834802676766,0.1318392326286963,0.0671522978823165,0.13930831420622405
257,0.05544348726284537,0.13299267813355517,0.06734431420943741,0.13936071157989216
258,0.054786849913378774,0.1325222968143737,0.06625899284491868,0.13941199511573024
259,0.05472785358165998,0.13178816818073058,0.06590386657942507,0.13946258854417698
260,0.05462168890718587,0.13068358620415585,0.06549431566467506,0.13951252377712292
261,0.0548928533618885,0.13006538717053015,0.06553921488464566,0.13956238971279172
262,0.05373741326890031,0.1267036983884858,0.06388676011704807,0.13961110147246455
263,0.053952736786382335,0.12370531020356565,0.06387656437913125,0.13965995106716345
264,0.055454312913657905,0.12526841369018016,0.06538154254996877,0.13971004534654957
265,0.055413383869518364,0.12531176371990352,0.06505452458843423,0.13975989876271994
266,0.055613071642459815,0.12567283163346538,0.06501070046420575,0.13980961361780897
267,0.05549039216095542,0.12562188262087218,0.06458858833283518,0.1398587804264112
268,0.055176971589896165,0.12472988422766612,0.06394810759000204,0.1399071237858279
269,0.055416889720970454,0.1245153146196818,0.06395339286504358,0.1399551096399418
270,0.05638314027640443,0.12655257469074516,0.06479145241802321,0.14000342955743852
271,0.05621669570639433,0.12759658004836757,0.06432086555974847,0.14005122174985987
272,0.05602794793794346,0.12808348947774417,0.06382914364724097,0.14009856601412118
273,0.056219461505558566,0.12886491659122362,0.06377287375949936,0.1401458019776734
274,0.05613859322582334,0.12933046515733806,0.06340749939977955,0.14019270891270372
275,0.055849396362397975,0.12901709940333347,0.06281102482485051,0.14023913440688227
276,0.055994722282847534,0.12889613442399944,0.06270668224944113,0.14028542076306344
277,0.05565085700231333,0.1278762085400521,0.06205532543792093,0.14033109094802143
278,0.05617950930019316,0.12790162478723613,0.06237819729976004,0.1403768216996465
279,0.05609952988259837,0.12761546203740823,0.06202185351183665,0.14042213871783077
280,0.05584570675269732,0.12663128706779025,0.061477009048261595,0.1404669627809468
281,0.055186729466131394,0.1240517615678148,0.06049383428862894,0.14051100509483172
282,0.055808610196707506,0.12366732497614008,0.06091960025639846,0.14055533658546296
283,0.05644791166266462,0.12494875028899534,0.06135748819962992,0.14060001933744393
284,0.05665381826848724,0.12526741845884765,0.061318806678530256,0.1406446583349283
285,0.05644218233005205,0.12492936260784429,0.06082870380104448,0.1406887901876338
286,0.05716239658391249,0.12611236345219315,0.06134270916185875,0.14073302158885515
287,0.05764775461153041,0.12815263585876596,0.061597801748830054,0.140777116482765
288,0.05757934603800046,0.12989971167787237,0.06125941842486069,0.1408206919571665
289,0.05608131916889692,0.12821166535182602,0.05940953695006451,0.14086275248296165
290,0.05698958207171312,0.12838448064629232,0.06011937642989416,0.1409051242236696
291,0.05768655481777197,0.12994936676252833,0.06059674197790969,0.14094759348596278
292,0.05727715283133553,0.130478057370339,0.05990920060948782,0.14098932259922703
293,0.05746339664659527,0.13127774454571908,0.05984887420718833,0.14103077169803988
294,0.05692096196517157,0.13075062844218407,0.05903041860155305,0.1410714527379908
295,0.0566783815742821,0.12955562407265467,0.05853014486799023,0.1411116344456389
296,0.05619191296723624,0.12716363986721457,0.05778385163943855,0.14115118696089998
297,0.05629781092961146,0.12486897006076407,0.05765128428637346,0.14119056076678754
298,0.05712615400844071,0.12437466642986632,0.058255390728735486,0.1412302582508878
299,0.0571473337713933,0.12428190008610564,0.058030486715452294,0.14126968811990964
300,0.05712322908334356,0.12408973016848213,0.05776086209483314,0.14130880397389142
301,0.05751400478544811,0.12479648829609079,0.05791050763625613,0.14134791415348805
302,0.058514860589532584,0.126821906463547,0.05866861389283137,0.14138745237880795
303,0.05912790596358415,0.12982331978161438,0.05902938503351256,0.14142712030425483
304,0.05903890055080191,0.13248239539883128,0.05868622367309088,0.14146636801656232
305,0.05887810277753098,0.1346450809533375,0.058274241415491146,0.1415050896342047
306,0.05720967476494025,0.13306117805364348,0.05638014926036463,0.1415422759537965
307,0.05725660171335788,0.1314414922912162,0.05619270334660611,0.14157903850224096
308,0.05790492532699772,0.13108201609288905,0.056594791557938,0.14161574094843496
309,0.05798657605655728,0.13076015220989998,0.056438926512619565,0.14165207115326411
310,0.05834954309452658,0.1310792036546791,0.05655555883725654,0.14168829363896393
311,0.05832918296721388,0.1312110572207853,0.05629702662480584,0.14172419994607138
312,0.058169547975049155,0.13085539784841727,0.05590464295120406,0.14175969014928974
313,0.05777482253904349,0.12951031581890787,0.055290379929049574,0.1417946046449053
314,0.057892171617307066,0.12827369282586826,0.055170510029911864,0.14182925573402103
315,0.05799008690615334,0.12710380531621204,0.055032674904835974,0.14186366186974747
316,0.0578461132689842,0.12548452200591378,0.05466681886149018,0.14189773825320112
317,0.05851387043583269,0.12514635929683085,0.055068382875828464,0.1419320124885583
318,0.05968881291175217,0.12716292844707555,0.05593928289779568,0.14196676482061896
319,0.05970270390698929,0.12905721755734553,0.055714967300722826,0.1420012472953362
320,0.05864631436651973,0.12855692816530023,0.05449808016245015,0.14203478062083127
321,0.05871720301658667,0.12805992920669765,0.054337798191047025,0.1420679787652434
322,0.05853284474504045,0.12702599999975553,0.05394229704685132,0.14210065545900213
323,0.059198251045855695,0.127256607764106,0.054330230110815086,0.14213322613927007
324,0.058189358125628136,0.12521034392440641,0.05318161914810521,0.14216472584412285
325,0.05929503788053689,0.12535621807980252,0.05396972989983313,0.14219631291403287
326,0.05883336336854674,0.12438110777883543,0.05332571895151164,0.1422272213898365
327,0.05944283884101319,0.125161982972807,0.05365492708638871,0.14225814717167376
328,0.05901453772230054,0.1242744003813153,0.05304592768770598,0.14228863766062794
329,0.059564356655544,0.12511922930764383,0.05331779308477117,0.14231921190669067
330,0.059576537526671025,0.12511399750282381,0.05310563325849122,0.14234954404115113
331,0.0598943125161832,0.12562459171366663,0.0531656061846879,0.14237972859123063
332,0.0596336239103968,0.12543872584445614,0.05271226438345521,0.14240943648068552
333,0.05966860775150981,0.1251761802412126,0.052523709620053524,0.1424388208357894
334,0.059660296887616496,0.12474691347723658,0.052299162492536654,0.14246788552113904
335,0.05969141483342481,0.1244866058704078,0.052111101137246256,0.14249667021356302
336,0.059705613836272244,0.12436752634269092,0.05190954227631437,0.14252517375955653
337,0.05951394502426276,0.12381977881013619,0.05153044533410311,0.14255328518297491
338,0.06018153645934402,0.12505881448801903,0.051895229550941814,0.14258135956209161
339,0.060193028808648054,0.12498969692510291,0.05169033860310465,0.142609017250854
340,0.060167306983687725,0.12472557482698386,0.05145455197346113,0.1426362165700995
341,0.06006550027804745,0.12436278677923693,0.05115541846130784,0.14266295822707356
342,0.06010359950131332,0.12428965809827305,0.05097720673938665,0.14268936693282802
343,0.06028322666494752,0.1245093032919842,0.050919796270110444,0.14271554449993032
344,0.060378604544735724,0.12455426633228486,0.05079119378124267,0.1427414726491887
345,0.060324192357513136,0.12428996766205144,0.05053754255170419,0.14276708582300693
346,0.06086740441016196,0.12525567840680393,0.05078443628943663,0.14279262180042535
347,0.06103540517969149,0.12570164025715308,0.0507153347868664,0.14281789549147228
348,0.06077062472470723,0.12544833863283375,0.05028776850557536,0.1428427119799498
349,0.0606690542236729,0.12483254703959418,0.049998689732575444,0.14286713326012362
350,0.06077897323586003,0.1244554594539516,0.0498853356464839,0.14289123945823445
351,0.06119676512412478,0.12515622575003357,0.05002394532855051,0.14291514269612354
352,0.061266827593191776,0.12530040720703037,0.049876620941287496,0.14293870065292894
353,0.061476518826140504,0.12571667940686546,0.049842917305381346,0.14296197340938785
354,0.061494253728959815,0.12601189523066444,0.04965330562016614,0.14298490039023165
355,0.06157068691151637,0.12630524388115766,0.04951207247653967,0.14300751684771426
356,0.061489395354291564,0.12627610189804853,0.049245315904327604,0.14302977364231217
357,0.06136863881319795,0.1258453051454067,0.04894924565719715,0.1430516648436887
358,0.06143892976195275,0.12540146207776628,0.048807450077943154,0.14307325772525348
359,0.061553558080519766,0.12503398256694703,0.04870131900012291,0.14309455449482916
360,0.06151331186015612,0.1244289134403104,0.04847329340822664,0.1431154877152437
361,0.06166793309088171,0.12455106111210505,0.048399827504744905,0.1431361196874678
362,0.06170759214346899,0.12447373732683147,0.048236304889733364,0.14315641604631182
363,0.06177943120577268,0.12446074906794612,0.04809879887383098,0.14317639439487231
364,0.061907463698876064,0.12456030368315411,0.048005471928960146,0.1431960747820086
365,0.062250168237618184,0.1250901689603303,0.048077859950275956,0.14321552237906285
366,0.06217377757900179,0.12486659063372174,0.047825894534011926,0.14323459823062357
367,0.06240093173310301,0.12507176416677668,0.04780850417629937,0.14325338493070328
368,0.06226204287485675,0.1247044861935351,0.04751108301059575,0.14327176378149134
369,0.06253823872222082,0.12502475085107176,0.0475318458341051,0.1432898618473686
370,0.0627569836508962,0.1253252277163021,0.04750813548822879,0.14330767035674982
371,0.06268592912092595,0.12532200168077604,0.04726524424302594,0.1433251130923153
372,0.06265167731003532,0.12508918101139055,0.04705189103620164,0.14334220015913313
373,0.06283596352159712,0.12506155573201677,0.04700334987984769,0.14335898372666342
374,0.06300071516031719,0.12519912325885815,0.04693977000893398,0.14337544984512876
375,0.06301699406498969,0.1252064723474504,0.04676579372191126,0.14339155682227694
376,0.06331961450054129,0.12565078720010128,0.04680447836417211,0.14340738053581822
377,0.06334653728148992,0.12598408165052777,0.04663862929374101,0.1434228577743068
378,0.06302918700752003,0.12552599340526127,0.04622131018324072,0.1434379162078426
379,0.06304257616996109,0.12493190654804122,0.046049628044602685,0.1434526448896692
380,0.0633564158844449,0.12486201838527196,0.046097717385931866,0.1434671144020655
381,0.06377589537634704,0.12552399558266233,0.0462211046047476,0.14348134220220632
382,0.06387641802417013,0.1260799710395932,0.04611203055232163,0.1434952492695811
383,0.06392773003375025,0.12657009288525403,0.04596781943679588,0.14350882050357966
384,0.06346222178946045,0.12598043442209003,0.04545411860556564,0.14352194561991913
385,0.06361826129219163,0.12553172237508856,0.04538910747762678,0.14353475376418928
386,0.06416622053246969,0.12598973328218258,0.04560283822539815,0.14354731549303018
387,0.06376075975451376,0.1254890185336582,0.045138446411931356,0.14355943815699862
388,0.06423195333880002,0.1257424296053156,0.04529685544585551,0.1435712913015755
389,0.06448276951802658,0.12631649222004573,0.045297532724137994,0.14358283031302704
390,0.06446982364850852,0.12669600347246018,0.0451126949110424,0.14359400695037286
391,0.06437184218228954,0.12671654063514567,0.044870163139533806,0.1436048079927287
392,0.06389503380929605,0.1256438849612036,0.04436655766031976,0.14361517563856813
393,0.06386399049071338,0.12434553848141199,0.044176398125407586,0.1436251907646199
394,0.06401748407255735,0.12383371492409878,0.044114884417785744,0.14363488400747493
395,0.06362629663873876,0.12291259129981094,0.04367933497935521,0.14364417419840841
396,0.06427855924108129,0.12400739083646674,0.04396151944410333,0.1436532139479362
397,0.06505380251499591,0.1253332515636217,0.04432337429757034,0.1436620083340122
398,0.06575990059837197,0.12685258415480657,0.04463333675562809,0.143670536879832
399,0.06464494805077525,0.12605346053678315,0.043707713879457384,0.14367856613582972
400,0.06437264988932177,0.12456089331849186,0.043359162343971164,0.14368621854525027
401,0.0646095541416009,0.12379225861052062,0.043355604350756936,0.1436935566749208
402,0.06544149553997033,0.12521514285888624,0.04374961011241953,0.14370063807129238
403,0.06597305886173425,0.12627435684281466,0.04393899001195992,0.1437074149377974
404,0.06536021607559817,0.12598909638377176,0.04336603300268205,0.14371376735550895
405,0.0658945169034065,0.12654893497278763,0.043556806611069476,0.14371981457626065
406,0.06644555540784407,0.12798113240430561,0.043755726789378405,0.14372555302264994
407,0.06483863218360003,0.12618194509451924,0.042536314033926124,0.14373080083248432
408,0.0642230462183778,0.12304642018345088,0.041977985553072354,0.14373565876670746
409,0.06492895975902627,0.12303683026887945,0.042285435374705464,0.14374022847179452
410,0.06580605439783475,0.12452795864783672,0.04269983135310725,0.14374450875972183
411,0.06645522273233091,0.12558238802516847,0.04296178791445597,0.14374847194614107
412,0.06796109277882333,0.12882911056064947,0.043771441642348724,0.1437521558711548
413,0.06748800814612128,0.1309966856852635,0.043301100650787,0.1437554427015395
414,0.06674675383386476,0.13158422262657174,0.04266429106140944,0.14375833128712465
415,0.06622560302784332,0.1310127140251632,0.042174689998190906,0.14376084284854485
416,0.06541230747894745,0.12873986807466561,0.0415049233037825,0.14376297525324155
417,0.06603029491238006,0.12745642660455944,0.041747553987476434,0.14376477834720555
418,0.06594670285284064,0.12584561453542392,0.04154541322219996,0.14376622468658637
419,0.06656209978624818,0.12521319925052998,0.04178357928469249,0.14376732632713088
420,0.06678999188254899,0.12482994197441849,0.04177599583911268,0.14376806953022103
421,0.06661539308427601,0.1241123146870262,0.04151668738523139,0.14376844974630384
422,0.0668748445470995,0.12441655941340311,0.041529131257421734,0.14376847269544832
423,0.06742341251282265,0.12525578355857742,0.0417195017982448,0.14376813223611426
424,0.06735214305865538,0.12519726706804543,0.04152492086344525,0.1437674271820776
425,0.06761247861528194,0.12543999322472932,0.04153557469579802,0.14376635688541023
426,0.06759595166545615,0.1254697789085598,0.041376208396296514,0.14376492619308057
427,0.06773976406124797,0.1255830922585018,0.04131639709798167,0.14376313169268704
428,0.06779534617000355,0.12561684028652656,0.04120405536742185,0.14376096951650352
429,0.06775818465372349,0.12540008718615364,0.0410368690885084,0.14375843546527853
430,0.06815139412357757,0.12572491436570998,0.04113096190793297,0.14375550872514334
431,0.06845524243783759,0.12642417156105587,0.0411696341120056,0.14375219148344354
432,0.06868531080840694,0.1273602650090419,0.041162832148547476,0.14374849535657142
433,0.06865578077174422,0.1280561508066366,0.04100025648826001,0.14374444725327293
434,0.06868831761478587,0.12862546582026244,0.04087566220551481,0.1437400517322268
435,0.06896545132402851,0.12951485065362228,0.040897142725726816,0.1437352872137932
436,0.0685171816450269,0.12940047791869846,0.04048961803520338,0.14373018827169157
437,0.06828974417819765,0.12868842837683345,0.04021626390913453,0.14372472804739847
438,0.06825976980643497,0.12773952675913425,0.04006142420139097,0.14371888382163714
439,0.06837621778958254,0.1268197148370887,0.03999361339259263,0.14371264306644305
440,0.0686798909748668,0.12626758699556118,0.04003553458009302,0.14370599389638364
441,0.06936064406796077,0.12676252126578286,0.04029574994542072,0.1436989024290609
442,0.06915805619522207,0.12670248796044878,0.04004141759334228,0.14369145949808912
443,0.06946442493160764,0.12700677839728086,0.040082930138715105,0.1436836161299855
444,0.06987338342910876,0.12785756237428586,0.04018268970415174,0.14367535992409322
445,0.0696073719078526,0.12803796804589,0.03989441072603835,0.14366677142742357
446,0.06938520054402898,0.1276299404443057,0.03963418606290171,0.1436578509040292
447,0.0691788336031449,0.12666385124519744,0.039385483404046316,0.14364859936285176
448,0.0694994037018449,0.12608502405454375,0.03943823163232641,0.1436389450521656
449,0.07014765759011386,0.12647721801458334,0.039675849232863256,0.1436288329092332
450,0.07074750746050676,0.12774869971215166,0.03988365291067265,0.14361825846352747
451,0.07024181653239153,0.12792394387123204,0.03946783533593302,0.1436073860325487
452,0.069666872656403,0.12688331026994404,0.03901680295155152,0.14359624134790444
453,0.06972353199536829,0.12575368318248348,0.03892237211453845,0.1435847350541914
454,0.070806663103173,0.12635634545658178,0.03939992030938105,0.14357269340923243
455,0.07078457071070249,0.1267261514536676,0.03925990608103542,0.1435602922355207
456,0.07045385938141488,0.12631744064683004,0.03895043962385761,0.1435475825931241
457,0.07080196055779918,0.1263304311810595,0.03901764715312282,0.14353443294279636
458,0.07060846215832996,0.12580683277415725,0.038786480049118145,0.14352092711013362
459,0.07124725364411039,0.12621433308762744,0.03901359417019979,0.14350689322180873
460,0.07154000609027703,0.12694026121786134,0.03904985137910378,0.143492388396653
461,0.07108221155942913,0.12666504395613895,0.03867720721617367,0.14347757581235013
462,0.07056894330830604,0.12529539125830697,0.03827783559752882,0.14346249308933867
463,0.07133362579404741,0.12507063378328045,0.038572946253848536,0.14344688351241605
464,0.071809341094723,0.12548043111669843,0.038709590678266466,0.14343081071604338
465,0.07179196252871596,0.12566181568781543,0.03858021138158682,0.14341438475389032
466,0.07171398278081662,0.125509158761909,0.038419549281254545,0.1433976139535235
467,0.0718220199491833,0.12534544111464366,0.03835938722085179,0.14338043844698714
468,0.07191746284927931,0.12514825055865592,0.038293028653696624,0.14336284228886165
469,0.07204381838221102,0.1249712605414402,0.038243839080323666,0.14334481315558067
470,0.07234190359475069,0.1251396746678358,0.038286096224096525,0.14332632297024298
471,0.07265688336830153,0.12562269069912327,0.03833690598174152,0.14330738493870782
472,0.07277962508864166,0.12611488450715058,0.038286155423468846,0.14328804749178511
473,0.07242147959696955,0.12578742032279205,0.03798366384362697,0.14326841832902343
474,0.07276910060287063,0.1258564670738035,0.03805299283054402,0.14324829317830395
475,0.0731831451084016,0.12643354487313396,0.03815653858340824,0.1432276541900095
476,0.07335082557492269,0.12709370987352633,0.03813135303218038,0.14320657874003517
477,0.07347836110653974,0.12776726866337582,0.03808569571133203,0.14318508273825623
478,0.07324251175789673,0.1278322780404794,0.037852494079661826,0.14316326960723535
479,0.073088920194675,0.12743105762136234,0.03766378785640725,0.14314111627341736
480,0.0728248511929048,0.12637745767197328,0.03742023669485669,0.1431186674911451
481,0.07357089629922046,0.12639058198915434,0.03769660494607454,0.14309561811977403
482,0.07440981790966827,0.12762212393899508,0.03801828560916394,0.14307191525067348
483,0.07466521946500056,0.1290765248936446,0.03803996809397681,0.1430477149067228
484,0.07449036808546973,0.1300236944287702,0.03784286009744652,0.14302315265849555
485,0.07374429888849297,0.12950032165209496,0.037357991700633815,0.1429984396583187
486,0.07346223717367835,0.12829526337838193,0.03711193669766321,0.1429734451840109
487,0.07364390666662496,0.12719248048334045,0.03710215328969724,0.14294801637968502
488,0.07343647525566915,0.125537882676848,0.036897415940276894,0.14292228127646625
489,0.07401817745984501,0.1246565309562558,0.037089953946146656,0.14289595613393893
490,0.07451771844911993,0.12474843173188424,0.037239763817351466,0.1428690613082873
491,0.07485911937489069,0.12510865874359686,0.03730945368738192,0.14284165594864318
492,0.07432178921784043,0.12410832642143727,0.03694194135806489,0.14281407444075525
493,0.07496007148941955,0.1248531054251559,0.03716026423208479,0.14278588485510088
494,0.07505544306613746,0.12479896141424425,0.03710873220753529,0.14275727526250584
495,0.07575630333604302,0.125749919455923,0.03735657250872472,0.14272800577483855
496,0.07579786341845123,0.1263529862517472,0.03727859261173783,0.1426983306193288
497,0.0762201803262624,0.12743820072814802,0.03738814807597323,0.142668110371771
498,0.07628096789480873,0.12840523282346641,0.03732045941692741,0.1426374856822171
499,0.07623883679854182,0.12908423633601335,0.03720357444023249,0.14260648085012032
500,0.0755132325911375,0.12835188311595658,0.03675551192943353,0.14257534611411615
501,0.07484107637063953,0.12630275266480687,0.03633712280973466,0.14254405163946213
502,0.07590358331906075,0.12578803465475114,0.0367623035698095,0.14251189361846883
503,0.0768344072766697,0.12658352947722895,0.03712094366156135,0.14247896204917365
504,0.07722423776175852,0.12779716443500494,0.03721639675050429,0.14244552200676194
505,0.0772074205262109,0.1287612584845814,0.037115662348913205,0.14241174224772407
506,0.07632066275897906,0.1280577568333885,0.03659844951564799,0.14237795267864573
507,0.07664949681121816,0.1276712197416168,0.03666707932257801,0.1423435571229238
508,0.07701611068556123,0.1276618263296143,0.03675407586412699,0.14230848858283915
509,0.07722900243741807,0.12777867533031131,0.03676800362189922,0.1422728061523657
510,0.07694329568200768,0.12721392350644492,0.036545559412350874,0.1422367762585914
511,0.07661644087042609,0.12590227652460512,0.036305317552408484,0.14220048336274832
512,0.07692604090877256,0.12487177909889804,0.036367995298243,0.14216366545808987
513,0.07748785879244341,0.12465422295870421,0.036549745152715876,0.14212620585948946
514,0.07823862268856754,0.12563821102045045,0.03681971337413666,0.14208800344170086
515,0.07819827613309308,0.12598581089887304,0.036716692726558774,0.14204944888205373
516,0.0772729561952185,0.12462646134437409,0.03619989848771593,0.142011004354148
517,0.0778845235899291,0.12439624594045852,0.03640524205333276,0.14197193037739275
518,0.07805493002977246,0.12444388802153798,0.03640405148712218,0.14193245053367498
519,0.07853746799332387,0.1249880850206249,0.03654897874759882,0.1418923929844236
520,0.07923111220391445,0.12586399104222804,0.036791673411577394,0.14185159836684944
521,0.0799281905958902,0.1276021322702982,0.03703456045780831,0.14180996928178405
522,0.07941613615658868,0.128294528833788,0.036717285013219525,0.14176806464038436
523,0.07858824463265059,0.12744707687212842,0.0362568729607798,0.141726084378505
524,0.07862055856420681,0.12642432454221336,0.036196055098703085,0.14168366957188017
525,0.07821769450671129,0.12454231735475617,0.03593646375607887,0.14164114207589504
526,0.07890493390040235,0.12397618454610751,0.03617910506029925,0.14159791995546214
527,0.07946764559905763,0.12463304803068173,0.036363719927785726,0.14155401080034172
528,0.07967953595571717,0.12473460986016818,0.03638713103817539,0.14150955002723392
529,0.08216320843509343,0.12838343832583346,0.03744609382337285,0.14146323964685922
530,0.08087955035220333,0.12951763597052005,0.036785478790457064,0.14141718652702728
531,0.08111505672137902,0.1307794974572595,0.03681911573292426,0.14137052398054176
532,0.08054769686190213,0.13092075622706678,0.03648966428789447,0.14132368873423412
533,0.07969969509277611,0.12951173916748088,0.03603597182181055,0.14127686019038313
534,0.07888518284139799,0.1266146438452718,0.03560146172367582,0.1412300873794222
535,0.08050402391618187,0.1259957050875423,0.03626609270570218,0.14118199519973448
536,0.08068274729670728,0.1254199192028068,0.03628007728880627,0.14113343274800377
537,0.08093803880435274,0.12500292601294105,0.03632874184693407,0.14108430611747533
538,0.08134013735705792,0.12496670314949308,0.036443049853854985,0.14103448414111147
539,0.08141704141761302,0.12484110962020986,0.036411303562769365,0.1409841684692033
540,0.08195785786740503,0.12542923358153416,0.03658767824447128,0.14093311721530258
541,0.08161751995899787,0.12509698705131128,0.036371281953598115,0.14088195743740042
542,0.08168113560832825,0.12462263944802217,0.0363365060315682,0.140830485721139
543,0.08188361493559074,0.1245946240865499,0.036364398924310995,0.1407785615432046
544,0.08199804374596241,0.1245278894456626,0.03635387212605071,0.14072612211308302
545,0.08220880973731569,0.12460674303382244,0.03638691463068985,0.1406729858273146
546,0.08261715156127487,0.12498264379725062,0.03650771296249836,0.14061897109041369
547,0.08268369430657801,0.12483894266129093,0.03647771848538403,0.1405643418798046
548,0.08287854866944618,0.12488835520704088,0.03650503945754767,0.14050910715783707
549,0.08280803242438127,0.1245372641491261,0.036416185153489954,0.1404536113058794
550,0.08335439625009479,0.1251131771461543,0.03659931470567408,0.14039757482045917
551,0.0833668976938244,0.12499832119284723,0.03654836771150044,0.14034136654981294
552,0.08340231371755809,0.12469152562730483,0.03650844758657708,0.14028486705993784
553,0.0836873762198253,0.12487035230836491,0.036578586713218904,0.14022772921087612
554,0.08359547713442,0.12448527707930028,0.036484567060886014,0.14017000591750547
555,0.08367821062900897,0.12436117238112546,0.03646791696045869,0.14011149760645988
556,0.08396590484709768,0.12454071023113135,0.03654129201142232,0.14005213583596815
557,0.08446671063126858,0.12503332270005532,0.03670767473416019,0.13999190326203648
558,0.08465714774347799,0.12509668142515026,0.036739454917726615,0.1399311329763036
559,0.08494279363729787,0.125328739114568,0.036813068449591674,0.1398698130072559
560,0.08510648495695206,0.12554760310735738,0.036834315575521144,0.13980805157444723
561,0.08503223095906706,0.12540283234776817,0.036753439560378035,0.1397460036903134
562,0.08517902189154693,0.12521976864946513,0.0367692310907679,0.1396834564529888
563,0.08518963845867529,0.12479852838401093,0.03672712294469254,0.13962045844774695
564,0.08527292945611625,0.1244470382826061,0.03671733370987148,0.1395569299473165
565,0.08605599263754557,0.12533405365618985,0.03700934949577983,0.1394923447879701
566,0.08613521427490728,0.12552512519757203,0.036998697543735,0.1394272494667899
567,0.08637770219938175,0.12580955331687257,0.03705890138605203,0.13936154930908298
568,0.08634350420760652,0.12578486291104915,0.03700107456429099,0.13929546831203352
569,0.08632831261468424,0.125479037833166,0.03695235193462391,0.13922898002333464
570,0.08675194404469388,0.1255258477462351,0.03709246658121023,0.13916173966997442
571,0.08660361477727094,0.1250992919812985,0.036988745506895494,0.1390941938978239
572,0.08698337962158346,0.12495915444757993,0.03711154374161031,0.13902592585490783
573,0.08739964325958821,0.12519518224489204,0.03725027078231265,0.13895689318436283
574,0.08807135289665104,0.126086959207468,0.03749805038962813,0.13888687040712638
575,0.08767282063888146,0.12614328226253393,0.03729074931756209,0.13881667920418866
576,0.08816469245360145,0.12663533635283664,0.037463185474151915,0.13874560078190407
577,0.08804352402531317,0.12668848914368902,0.037375777319862864,0.13867416068653982
578,0.08793797026701644,0.12632670157074619,0.03729623902065029,0.13860240166225343
579,0.08781870020087917,0.12553256623480705,0.03721222940085541,0.13853037538449398
580,0.08792748290491896,0.124628953039394,0.03722572464251597,0.13845790683043013
581,0.08773543935441253,0.12356269339823224,0.03711280535136617,0.13838521546464633
582,0.0881624147823582,0.12390074356936245,0.03726254367025647,0.13831174312444922
583,0.08920606436903077,0.12509972725210555,0.037673034770293094,0.13823692445447366
584,0.09003252699803659,0.12608510396846317,0.037991588481436134,0.1381608965289108
585,0.09002915621696501,0.1267899849408829,0.03796029110182706,0.13808438916974644
586,0.09052006042065282,0.12790285739743498,0.038138054831202445,0.13800704985224124
587,0.09017245101636426,0.1282539855786407,0.0379633376797078,0.13792963613748277
588,0.09032902295649194,0.12854736060309685,0.03800237904018355,0.13785170494902796
589,0.09168605670900631,0.13044452871370033,0.03854729226151922,0.1377721564998904
590,0.09182309948599693,0.1322486688248671,0.03857948270859613,0.1376920051029368
591,0.09011465207965853,0.13141619885531017,0.03783775821072604,0.137612851878091
592,0.0895142326275403,0.12948582623473628,0.03756310514502285,0.13753374925050604
593,0.08925637839929344,0.12693335500495526,0.03743342739902157,0.137454444320765
594,0.09021677368728473,0.12543104880829486,0.03781595938438759,0.13737394036135692
595,0.09111084064550817,0.12488094153068446,0.03817120046476639,0.13729230552158164
596,0.09189154519065607,0.1252379895799815,0.03847874844728242,0.1372096080808137
597,0.09179210211494485,0.1250583843400068,0.0384178022440915,0.13712658522277335
598,0.09251332442600053,0.1255744700419151,0.03870069922634583,0.137042417654687
599,0.0920763776514447,0.12521319844732418,0.03849984506373102,0.1369580670655024
600,0.09239015409313457,0.1249946077219475,0.03861415842362043,0.1368728013058933
601,0.09231580049268416,0.12439935331627418,0.0385673282550438,0.1367869484807496
602,0.09325830003447286,0.12538464466745322,0.038946077650686355,0.13669958486135028
603,0.09367282770011813,0.12603786616420803,0.03910511916420018,0.13661135266958696
604,0.09358092511980856,0.12627775741976527,0.039053302815968825,0.13652296774760092
605,0.09438253751119102,0.12729895060268143,0.03937502225699872,0.1364337032259779
606,0.09453125432417969,0.12822498093712664,0.03942502169877185,0.13634416493195342
607,0.09437067938803849,0.1286450434544598,0.03934755896253165,0.1362545137161533
608,0.09314637712395858,0.1271515847691234,0.038828277131403674,0.13616561335694508
609,0.09337872334290132,0.12568296763547598,0.038917465106939504,0.13607613870934118
610,0.09440046898244839,0.12528000699305084,0.03933659041787093,0.13598545253609723
611,0.09452746211015829,0.12475560680520761,0.03938345626222009,0.1358942195555565
612,0.09483696934551666,0.12459303258181804,0.039506913147011956,0.13580187044482062
613,0.09541311317979048,0.12505588231073242,0.03974147520269169,0.1357078628165464
614,0.09596987010651084,0.12554373866907242,0.039968500156408786,0.13561229770307234
615,0.09610109661500588,0.12590498397533248,0.04001948503221124,0.13551596494422946
616,0.09621409099067865,0.1261156537256981,0.04006394259637164,0.1354192697138896
617,0.09643146313399029,0.12631081952678033,0.04015277974048322,0.1353222310743554
618,0.09648786222481544,0.12628020544119858,0.04017552072098615,0.13522500400786172
619,0.09613933199859602,0.125500590076882,0.040030678206628235,0.13512785278150022
620,0.09652729039358664,0.12492526596095911,0.04019329416545493,0.13502989201714574
621,0.09691972108438275,0.12463171424575406,0.04035851061847589,0.13493101158287216
622,0.0973924865513936,0.12493879446974224,0.04055806395814287,0.13483120373191051
623,0.0975881267039291,0.12488741016677646,0.040643367536450634,0.13473090016376185
624,0.09807603626895282,0.12520739869707712,0.04085143029286792,0.1346298103263298
625,0.09754957748336238,0.1244390935266044,0.04063796871608433,0.1345289978354178
626,0.09831427005096983,0.12490201234105924,0.040963278492993485,0.13442713696054767
627,0.0986405540845525,0.1250105663551497,0.041106990850357114,0.1343245756857018
628,0.09806282529339305,0.12398432462558384,0.04087475291361629,0.13422189821539202
629,0.09942698153933976,0.1253918420870396,0.04145276157648582,0.1341168394306871
630,0.09961601235007991,0.12571019828522967,0.04154155483161045,0.1340108167334824
631,0.10010435518134549,0.1263299810840659,0.04175623946494502,0.1339037798269141
632,0.1000585500892948,0.12657911480230452,0.04174921099364056,0.13379643037920247
633,0.09958573771178968,0.12592453766073966,0.04156452274224968,0.1336893160369648
634,0.09997732205041095,0.12544935824144696,0.041742019116119466,0.13358159458460367
635,0.10014876413525696,0.12487701138272941,0.041828856199480936,0.13347348298017367
636,0.10069038107679398,0.12478872160715909,0.042071454762835435,0.1333644714820145
637,0.10104463284344059,0.12491363868569008,0.042236673909521176,0.13325466849902523
638,0.10109280570785803,0.12465694830186361,0.042274489381574125,0.13314433321981178
639,0.10128160396919551,0.1245737354829085,0.04237186667191662,0.133033157957491
640,0.10127638665777954,0.12425162650038872,0.042389084520479035,0.1329213328669476
641,0.10123338415684806,0.12388466125996227,0.04239147855586006,0.1328090237548458
642,0.10192156911134154,0.12441149683889138,0.042701028742351155,0.13269557859832493
643,0.10239263204329747,0.12466746607891097,0.04292094296029435,0.13258128855703166
644,0.10265920842765726,0.12467097230268921,0.0430560671880041,0.13246641679940707
645,0.10376089941039779,0.12568372892810548,0.0435423112242677,0.13234982277069812
646,0.10322119464602275,0.12538715375935452,0.043340598781490214,0.13223334429360972
647,0.1034367641146704,0.12502687209537067,0.043456775845455146,0.1321162477482082
648,0.10451218700312954,0.12563538607903282,0.04393585104125372,0.1319973681019688
649,0.10365295985116192,0.12488421553203816,0.043603048478855135,0.13187910237514425
650,0.10361271066067373,0.12387806443677468,0.0436156457672562,0.13176069087065687
651,0.10373131596522256,0.12369663223037741,0.04369558116027206,0.13164199594799836
652,0.10476166907065725,0.1245990849625177,0.04416053117843111,0.13152182599854098
653,0.10530228446631373,0.12491305630693308,0.044421006373837515,0.13140039509108045
654,0.10553716512300217,0.1248598379061127,0.04455333582403856,0.13127798828199103
655,0.10628461658456714,0.12540990827636264,0.04490312712442765,0.13115409904717004
656,0.10581316574354493,0.12492858344898582,0.04473921248346861,0.13103034008486514
657,0.10558852670642888,0.12392312738439615,0.044680423512119934,0.13090655190140602
658,0.10621239082506079,0.12432484057336275,0.044981579940970594,0.13078166591898482
659,0.10644940614412744,0.12426934032449154,0.045120107595070534,0.1306560447166375
660,0.1071733283476879,0.1247793302269943,0.04546604996773772,0.13052900469506423
661,0.1074981674684943,0.12481861603070475,0.0456438361328437,0.13040090543507504
662,0.10763744249090788,0.12464038718532079,0.04574375988666349,0.13027217880261652
663,0.1081611952571451,0.12490654347082174,0.046008003678340466,0.1301425815237236
664,0.10811021755150806,0.1245068728631548,0.04602924083302207,0.13001281162470918
665,0.10839528755073484,0.12449559837077853,0.04619512386761498,0.12988274014539458
666,0.108826565425315,0.1246496481489657,0.04642491495902013,0.1297518308908042
667,0.10877633343750043,0.12424956848382328,0.04645007490049478,0.12962042336658056
668,0.10892785127254151,0.12408101249224725,0.04656189503586388,0.12948865661375256
669,0.10950219125708824,0.12439181305670886,0.04685525081781358,0.12935560358502848
670,0.1101850351118737,0.124821350771511,0.04719624403989933,0.12922083684683833
671,0.11005980414813096,0.1243328788329329,0.04719274141960047,0.12908540061257864
672,0.11105732732570951,0.1251107601212932,0.04767212308408642,0.12894849883388657
673,0.11119747656445908,0.12502762654070018,0.04778518225438821,0.1288114496740014
674,0.11147027395472087,0.12489891370126043,0.04795639457679232,0.12867393502552596
675,0.11184755048404363,0.12494129699479481,0.04817369985597495,0.12853591664260983
676,0.11173817425828968,0.12446615946894055,0.048182047300026676,0.12839748391251424
677,0.1117853724834992,0.12416757481778552,0.0482589775666613,0.1282580749951246
678,0.11208765600884153,0.1241516342986971,0.048446783206439956,0.12811775242426895
679,0.11246141063617182,0.1242129134510243,0.04866684940717752,0.12797658245697008
680,0.11291829673042647,0.12436380686917028,0.04892438715301678,0.12783474674373435
681,0.11331641988018469,0.12444587822331024,0.04915756430422584,0.12769227544189957
682,0.11366498669544493,0.12447114070404697,0.049370614094026974,0.12754900102585784
683,0.11397729837637158,0.12445447678672264,0.04956938772924157,0.1274050833727146
684,0.11429601913555265,0.1244428911854761,0.04977206964796785,0.12726025622284712
685,0.11461370618570049,0.12442850032962958,0.049975227004220656,0.1271145372215675
686,0.1149306248106727,0.12441097268285856,0.05017956433741452,0.126968108858529
687,0.11527146593124779,0.12441693140035977,0.05039512392008162,0.1268206832495743
688,0.11568166924286094,0.12449526026732553,0.050642268231483975,0.12667213032095082
689,0.11616349624617224,0.12464768743986952,0.050922259702657326,0.12652272009603022
690,0.11661056931843852,0.12475963843374839,0.05118848526403311,0.12637279075494984
691,0.11698672511092278,0.12479292549850803,0.05142541209892638,0.12622185854271975
692,0.11735620743433102,0.12481673537759942,0.05166117614815812,0.12607057841539432
693,0.11772432778806313,0.12483683844637117,0.05189787347719995,0.12591857608495752
694,0.11810674908056311,0.12486993409150851,0.052142312077704124,0.12576570104995366
695,0.11850824404982696,0.12492082342242847,0.05239649726571178,0.1256120165185105
696,0.11894081136530307,0.12500127740978556,0.052665889831584003,0.12545704597291252
697,0.11926477897775302,0.12496638060223521,0.052888597514929345,0.12530091142157807
698,0.11965236348992758,0.12499345524991526,0.053140927836240776,0.12514381881581918
699,0.11994403657336171,0.12492003271631928,0.05335200271680105,0.12498606334423096
700,0.12021886469113245,0.12482811813930478,0.05355695649258496,0.12482779437582765
701,0.12046473028290239,0.12470509105640033,0.05375023695295521,0.12466900902910202
702,0.12088362939543332,0.12475909673654617,0.054022115596097084,0.12450940724187905
703,0.12187351503143293,0.12539606027940464,0.054551322597361104,0.12434817593280043
704,0.1221805687599569,0.12572260136545757,0.054776401058734554,0.12418621598168364
705,0.12243705847402839,0.1259265842221927,0.054979786104558705,0.12402359457553983
706,0.12269516211152295,0.12600873409642324,0.055185065228631536,0.12386031244081967
707,0.1232026084214642,0.12622152556067048,0.05550439653986619,0.1236960762873073
708,0.12348011567750863,0.12632898114093508,0.055721444699178245,0.12353129297055791
709,0.12371173317605014,0.1262832504681079,0.055918759553004724,0.12336611051343153
710,0.12388370259883928,0.12602327066492947,0.0560897758921938,0.12320055676524855
711,0.12412827253838718,0.12562179551884817,0.05629472283750503,0.12303444770259145
712,0.1244626245851547,0.12516814021239592,0.056541552088987826,0.12286765396644064
713,0.1247648359619791,0.12462820229272636,0.056775060686135186,0.12270022759291133
714,0.12497625789012384,0.12428178546896995,0.05696835815491344,0.12253235643736125
715,0.12511342688468668,0.1240291652510769,0.057128737078896125,0.1223642863674441
716,0.124872247665602,0.1232921757817414,0.057064365174467065,0.12219652040737071
717,0.12456217304934554,0.12271466787197548,0.057071400342192304,0.12202878149043736
718,0.12462510154153127,0.12239396736506149,0.05719779249168039,0.12186061839955334
719,0.12481753952148585,0.122199744380946,0.0573844489233851,0.12169184276087235
720,0.12499849611503486,0.12199265318288598,0.057566334952029855,0.12152252904364079
721,0.12481660725447975,0.12143241797862353,0.05758092509856686,0.12135350441162175
722,0.12471301002047529,0.12095031970130617,0.057631721989076075,0.1211850028141453
723,0.12450714646251325,0.12037142263041527,0.05763539671741239,0.12101647063928685
724,0.1244619020230678,0.11994935277316553,0.05771376559871983,0.120847652705761
725,0.12441119133614122,0.11952187086227316,0.057789698254632836,0.12067862654427315
726,0.12452332589504879,0.1192500883539361,0.0579415685012483,0.12050936738904205
727,0.12483353347240042,0.11916579925497715,0.05818632486535211,0.1203393551347819
728,0.12464801289356062,0.11860884490459357,0.0582003647488154,0.12016920696710685
729,0.1245996612747816,0.1181831131082143,0.058278895846892484,0.1199986913256258
730,0.12492711930706889,0.11811324769051336,0.05853468492423235,0.11982739432916595
731,0.12472672821350714,0.1175434598769379,0.05854471471163826,0.1196561368860376
732,0.12446912650774886,0.11692146164516286,0.0585278242477722,0.119484952300295
733,0.12456427028950566,0.11663248873915383,0.05867694864492525,0.11931324238479697
734,0.12462517263004397,0.11631080124974187,0.058810528915892904,0.11914092060231507
735,0.12466143388035623,0.1159665225398499,0.058933783188776984,0.11896742799168881
736,0.12482871880362276,0.11574390590947171,0.059119887375367546,0.11879277662956934
737,0.12478311415048039,0.11532271571268692,0.0592062190495351,0.11861760043352104
738,0.12456053275384212,0.11473954400077849,0.05920911529102434,0.11844232738422845
739,0.12458078746816763,0.1143816570425703,0.059327857452791295,0.11826660839947604
740,0.12467007835343578,0.11408759663357683,0.0594801134338503,0.11808989157075864
741,0.12438076467628485,0.11344765818151045,0.059451940045321755,0.11791277242451226
742,0.12486958038850626,0.11351756650520117,0.0597964126439278,0.11773402324524783
743,0.12459481596518476,0.1128913118143974,0.05977615038254242,0.11755491390677514
744,0.12413389805996872,0.11209985391101068,0.05966634984101974,0.11737573798577841
745,0.12497894259450429,0.1124884790589724,0.0601844590530874,0.11719480469143823
746,0.12480871502196705,0.1119589547678157,0.06021564352491397,0.11701384410747785
747,0.12451186837050375,0.11131863456568306,0.0601864655992311,0.11683257531087661
748,0.12425331122626611,0.11071484060236067,0.060175440314395964,0.1166511694320983
749,0.12452086594965948,0.11058030673011279,0.06041917751333274,0.11646871923252558
750,0.12427739276042721,0.10999247957816224,0.06041626884237445,0.11628630887741606
751,0.12499715366061184,0.11025636553365445,0.06088217359107211,0.11610211366202507
752,0.12529593268626524,0.11014425969198004,0.06114503863521196,0.11591652466338707
753,0.12471213277923358,0.10899681472306946,0.06083318862356487,0.11573157118959951
754,0.12436119848934087,0.10857728393861271,0.06092368719958994,0.11554613309794089
755,0.12452350136685031,0.10834835037160255,0.06112104505456667,0.11535988213687413
756,0.12481672761024962,0.10823269492906137,0.0613845465925204,0.11517272742477483
757,0.12471399070458083,0.10777267309186349,0.061454189804497385,0.11498513429100812
758,0.1246311081749133,0.10732970805591127,0.06153349429526066,0.1147968499128476
759,0.12457693284741495,0.10691250078385224,0.061627777620919685,0.11460792527576057
760,0.12427486018878825,0.10628409935564193,0.06159904610148248,0.11441887812700893
761,0.1245158461725413,0.10612271334227558,0.06183970068804584,0.11422865655072804
762,0.12578571627497812,0.10683402952009172,0.06259385633701921,0.11403609974739576
763,0.12494982593414534,0.10508631143679227,0.061910950388229996,0.11384540286239873
764,0.12477354270931884,0.10523456458532886,0.06233830497520075,0.11365275638469619
765,0.12424226570360734,0.10441888491549142,0.062196912466017315,0.11346062231481184
766,0.12426331735091299,0.10407146180596157,0.06233104988873279,0.11326807005780143
767,0.12400025225428071,0.10348848173799896,0.06232311339897465,0.11307518612015924
768,0.12375998471516518,0.10292577432789966,0.06232608708116445,0.11288175602323447
769,0.12388656732557084,0.10266979509889368,0.06251459035295034,0.11268747415022334
770,0.12442007212425801,0.10274841825186501,0.06290953102769836,0.11249166036589266
771,0.12447155546219384,0.10242614749258645,0.06306204925919894,0.11229548681367889
772,0.12436564133440578,0.10197590722124815,0.06313504685854728,0.11209939773878705
773,0.12443060113421482,0.10166546785229848,0.06329500823174238,0.11190248435027846
774,0.12553206349571014,0.10219875871163972,0.06398409531464341,0.11170286442532436
775,0.12499018713241418,0.10095828789839278,0.06356663600277153,0.11150418930387906
776,0.12558584222918606,0.1015071952954506,0.06427323455466932,0.11130325005857894
777,0.12603769004325463,0.10103018952722517,0.06433573539877419,0.11110205694097143
778,0.12554134896103164,0.09990118612244644,0.063980283492175,0.1109018027636009
779,0.12400754064291024,0.09871051023447605,0.06357718828297335,0.11070257374891751
780,0.1240012652352653,0.09878182410175856,0.0639825982502548,0.11050170835014364
781,0.12512254175744222,0.09931539370283538,0.06469400110568302,0.11029835095543271
782,0.12556754898421485,0.09920814335394883,0.06499597023113815,0.11009444791166256
783,0.1262182142921162,0.09900579315357026,0.06523867068447946,0.10988967241086234
784,0.12712447292329204,0.09884126225255283,0.0655079072250311,0.10968375509538171
785,0.1281511277579209,0.09856911754698411,0.06570770517678869,0.10947679470967432
786,0.12727464575340627,0.09672132429367034,0.06485141204186401,0.1092721283663184
787,0.1261567716466348,0.09618146064829354,0.06485960501662957,0.10906703088528616
788,0.1248630451861506,0.09569444297103695,0.06490196235124078,0.10886135314451963
789,0.12448653679723605,0.09594520892649941,0.06544628442164593,0.10865360113940878
790,0.12451553132181369,0.09561275854652018,0.06559784761958719,0.10844533975537911
791,0.12541624103319698,0.09594702256117442,0.06620876027689866,0.10823528721088331
792,0.12553126558614677,0.0953583203379459,0.06618631153726888,0.10802538673897635
793,0.1266360389394476,0.09575333850481416,0.06684772706036321,0.10781337754925417
794,0.12540663568948096,0.09362706195079398,0.06574863591750493,0.10760516666705613
795,0.1227261287430293,0.09218717072890874,0.06511312319707084,0.10739910215743399
796,0.12370716905633351,0.09289097417781933,0.06598753560550008,0.10719045267733049
797,0.12459100734712487,0.09320560153811167,0.06659677057695673,0.10698012157899985
798,0.12550066867484147,0.09353246597996222,0.06722286377982216,0.10676771774813075
799,0.12695937969495874,0.09388695884508634,0.06787675569309007,0.10655254570148946
800,0.12741313199198795,0.09278079748022344,0.06747673057953048,0.10633784859455193
801,0.12755815696664866,0.09219809371481165,0.06744997536134495,0.10612304456721261
802,0.12683478119080555,0.09120916026712113,0.06712211276809918,0.10590966761601574
803,0.12584554076010795,0.09067034016485241,0.06711947055866518,0.1056968806293069
804,0.1251894800352043,0.09057058435819666,0.06744209942660019,0.10548361964517494
805,0.12441946812150681,0.09014172094101537,0.06752271874768179,0.10527054012000826
806,0.12601008561719937,0.0910825333638658,0.0686339702927066,0.10505380657038065
807,0.12721752613292547,0.09086947566385216,0.06888668748126126,0.10483553395758236
808,0.12677892503440388,0.08933424511802388,0.0681310572349107,0.10461872851191686
809,0.12513313830218262,0.0881285234916614,0.06761104070788242,0.10440300051715086
810,0.12481451489348988,0.08873734875548338,0.06848075087834153,0.10418435365290309
811,0.1251904142173876,0.08875662397594523,0.06890703089770266,0.10396462619504121
812,0.1254632998968534,0.08847078219201286,0.06910054368683179,0.1037447330931949
813,0.12533559922808665,0.08784337431196877,0.06902602587630574,0.10352563948092765
814,0.12465888127622375,0.08711444774018558,0.06886582967871703,0.10330720779310314
815,0.125097205690973,0.08731433795878078,0.06943775953092486,0.10308626607800796
816,0.12611427379030488,0.08761157372853538,0.07009414900749998,0.10286223695204352
817,0.12671090119316808,0.08697521335874812,0.07000775306711028,0.10263796261608452
818,0.12661503038563507,0.08615490354784879,0.06976894439373584,0.1024147084029962
819,0.12558032291282012,0.08516985287046488,0.06939035345180093,0.1021935522436253
820,0.12658920112706978,0.08623397340529837,0.07068217707916657,0.10196923792401318
821,0.12513750676847402,0.08421312249563268,0.0694496917635697,0.10174940064749313
822,0.12445610646306736,0.0844070014394238,0.0700277434494267,0.10152773299412167
823,0.12371328734442055,0.08366477662882786,0.06983156595896184,0.10130626085866601
824,0.12622637373199547,0.08502757310914612,0.07139748339092565,0.10107929113452947
825,0.1260735174945429,0.08376014989200507,0.07076768742004906,0.10085391846305375
826,0.12575848399938855,0.08331766983827549,0.07082388214441176,0.1006284040448095
827,0.12673197162505748,0.0838430999500364,0.07170502400943486,0.10040062934816654
828,0.12617986888886668,0.08249302025496937,0.0709852793988678,0.10017572062896338
829,0.12448720597299523,0.08141037209467275,0.07048150535166663,0.09995246868523934
830,0.12466916768123767,0.08198312028334215,0.07140722760777105,0.09972596491845921
831,0.12480828717415865,0.08174422435707608,0.07163567914036865,0.09949849303908875
832,0.12563096646546074,0.08195086105104414,0.07225795032295756,0.09926911169149705
833,0.12508489762863337,0.08085160606853165,0.07173026757567012,0.09904166123052593
834,0.1245947251744651,0.08056008737980777,0.07191031496771502,0.09881382385968669
835,0.12312057560522138,0.07933842070650966,0.07125481060085845,0.0985881504464586
836,0.12472787082839151,0.08005179956834572,0.07233290217164984,0.09835926438164787
837,0.12427487011408125,0.07943729855711147,0.07222056481055206,0.09813111923172274
838,0.12517027953906656,0.07968508977382575,0.07289228820540306,0.09790123912986709
839,0.12674744572915358,0.08024976336310881,0.0738656259256286,0.09766841287736265
840,0.12717410991378195,0.07918831433052585,0.07334761763132855,0.09743720169378205
841,0.12662160422122054,0.07824493737693083,0.07292600080362706,0.09720721976032817
842,0.12568415136665267,0.07768273336727992,0.07284967978158918,0.09697728825853988
843,0.12514473406169346,0.07761305447908147,0.07323308245072287,0.09674587352652503
844,0.12674442755348472,0.07862295942543718,0.07464589073417631,0.09650990971773302
845,0.1279350971380543,0.078040292433613,0.0745616971474168,0.09627445061916517
846,0.1280104636675271,0.07702582886894281,0.07405765228803243,0.09604097692101915
847,0.1258967424861003,0.0753618452214912,0.07291180523226123,0.09581155205211035
848,0.12344239473724751,0.07484461121817126,0.07285678938675873,0.09558267859367278
849,0.12490036948116323,0.0759720484952608,0.07440718136426383,0.09534907019851069
850,0.12599807471573565,0.07632209153426704,0.07521672893965234,0.09511281409741168
851,0.12858446488589184,0.07695996595102879,0.0763241263407522,0.09487293735729345
852,0.12955101070371147,0.07565763496921507,0.07551349881700933,0.09463568117360975
853,0.12989789795029907,0.07496535750123752,0.07529678685993171,0.09439939328796193
854,0.13032916043225484,0.07469913657093123,0.0755016412151961,0.09416278640019535
855,0.12937131124002924,0.07356110526402787,0.07481826451280546,0.0939284540867046
856,0.12761678986437974,0.07278536001152854,0.07448867245157414,0.09369510769167007
857,0.12469247850388965,0.07179569666098651,0.07393047362025493,0.09346344687269176
858,0.12419643026318485,0.07274066662104353,0.0753649652861035,0.09322737321874548
859,0.12217364897162614,0.07125354966974137,0.07428770443486939,0.09299505111168484
860,0.12456698980259968,0.07234708145586258,0.07589267191053999,0.09275836768234932
861,0.1259563108254312,0.07284412095446448,0.0768923427799335,0.09251928490647618
862,0.12739326537233384,0.07280879218279565,0.07734068736931461,0.0922793018807452
863,0.1260709575172549,0.0709135770417423,0.07580637128273121,0.09204424867658531
864,0.1249176417630318,0.07071061894337266,0.07606097588841072,0.09180848675377094
865,0.12498467658076996,0.07105794622630236,0.07691332331167867,0.09157036120154191
866,0.12371247754874674,0.07003317419621513,0.07628392845127896,0.09133468276564119
867,0.12438320685852249,0.07011288977722269,0.07684984761212864,0.09109768964265921
868,0.12353115686104077,0.06933264897746018,0.07647408676668135,0.09086190959475522
869,0.12520825168834032,0.06997183488126366,0.07766323051655369,0.0906221670404559
870,0.12511692660634943,0.06950008439115861,0.07763048690589608,0.09038224548221656
871,0.12506835743177622,0.0692218209772309,0.07781041051403974,0.09014192802269708
872,0.12481280434865485,0.06880779218254843,0.0778359533573216,0.08990224227418471
873,0.12380920711161797,0.06799639099953528,0.07740637483111378,0.08966487655627127
874,0.12589303218088854,0.0688433979531988,0.07886595692882127,0.08942398359594031
875,0.12381553132555052,0.06692444648857294,0.0771614160317678,0.08918893129286376
876,0.12203002645459124,0.06615364743240565,0.07675262886135195,0.08895532200258584
877,0.12675855070864225,0.06842385163647033,0.07988192283753644,0.088711950301856
878,0.12637883045004616,0.06697051082915913,0.07869161657881285,0.08847166571066951
879,0.1257035162335515,0.06651962584852059,0.07865916604302887,0.0882308643793999
880,0.12477430821539484,0.06609375975702667,0.07865148812915958,0.08798960910233716
881,0.12595178229311454,0.0668024742857189,0.07999821072076832,0.0877441013328831
882,0.1276941248851928,0.06692418400118702,0.08065935584231823,0.08749696889305009
883,0.1282527637321882,0.06600344223920596,0.08006515141188748,0.08725249485287549
884,0.12762446812079614,0.06509017923738167,0.07946440390587863,0.08701078230415245
885,0.12478716037492078,0.06365300934299782,0.07820457672099639,0.08677364485234834
886,0.1214604265339881,0.06301290834461572,0.07790322448011598,0.08653791192373966
887,0.12560199523270626,0.06488100137984731,0.0807122942381182,0.08629399308981378
888,0.1248299804001876,0.0638857243316974,0.07998543121612622,0.08605247286256029
889,0.12445375332488762,0.0637197518519969,0.08028487926025095,0.08581022085479778
890,0.1251222697481173,0.06377792952672648,0.08087028568345123,0.08556645422448132
891,0.12625626395696474,0.06400603059103738,0.08167982396423609,0.08532064640269281
892,0.12469839170014131,0.06235855072283508,0.08009136677354979,0.08508014292358951
893,0.12287571037136528,0.06179999509104455,0.07987495465272679,0.08484083896009634
894,0.12237130764673776,0.06127726217252663,0.07969674012877688,0.08460259087836335
895,0.12470549380497291,0.062173250738113896,0.081368840418231,0.08435981105859985
896,0.12311540492634257,0.06110572562894848,0.08048439272401074,0.08411999173734525
897,0.12240216938738795,0.06048188494511507,0.0801674880976624,0.08388129225126675
898,0.12298361976125594,0.06050011998406235,0.08069622982645604,0.08364119097544442
899,0.12340701941845111,0.06043795573317425,0.08112208443461238,0.08340011846933844
900,0.12474691208636288,0.06082147116373882,0.08215334288388548,0.08315641686167016
901,0.12408134949307431,0.06022434312210262,0.08186698244184154,0.08291409776487
902,0.1238446941367366,0.0598397279976586,0.0818622701147994,0.08267242132518632
903,0.12500089872890968,0.0601270566654366,0.08277958892126289,0.08242879824253166
904,0.1223476447622327,0.05858246989151006,0.08117338635110243,0.08219074040980137
905,0.12421076984914806,0.05920956155923574,0.08256086761704846,0.0819493728463833
906,0.12485147481489119,0.05924495478760978,0.083140225289831,0.0817067934335697
907,0.12389185748466862,0.05852088452613877,0.08265367967614584,0.08146574328686733
908,0.12552485020826212,0.05902286494005597,0.08389638574174195,0.08122095190861714
909,0.12531146461184342,0.05840483789483981,0.08355701951178261,0.08097705408383378
910,0.12421801998390151,0.05772673018710849,0.08312023489398121,0.08073454545321138
911,0.1249387711731896,0.05794272577119191,0.08396610874832486,0.0804899748979144
912,0.1245376179611365,0.05749170895660139,0.08385104118780749,0.08024639867141749
913,0.12293642740608479,0.05649331364566968,0.08292564834203096,0.08000625646672348
914,0.1222356955949575,0.05591780577824645,0.08260316479821668,0.0797676800409296
915,0.12418344595101644,0.05655331269771732,0.08407086740802801,0.07952529267901143
916,0.12548807437911508,0.05688614026750757,0.08510935070581788,0.07928016079760793
917,0.12618980420672898,0.05671959350124783,0.08541096877267063,0.07903430537949108
918,0.1258510891565682,0.055989428835841897,0.08485870323141169,0.0787901502936406
919,0.12467924921203517,0.05535935014135318,0.0844429324031311,0.07854731572948392
920,0.12559305266532883,0.0558917278524073,0.08579884691168173,0.07830078108372582
921,0.12491070242353226,0.05506785673795401,0.08508097719115211,0.07805665121750742
922,0.12507690837327623,0.05515024099448539,0.08575373717771927,0.07781110963618453
923,0.12644743434499586,0.05546321579849459,0.086796024377741,0.07756327662422911
924,0.12767292863822752,0.05513987640227873,0.08685240899147263,0.07731607966534074
925,0.12768394597041222,0.05435300591238208,0.08617078654961813,0.07707161162221712
926,0.1270032368679065,0.05380075123308886,0.08584522054071528,0.07682878776965656
927,0.1258514337251269,0.05334926674413432,0.08566953318596139,0.07658712336943319
928,0.1238631924707426,0.0527456988150735,0.08523925498558058,0.07634732269719882
929,0.12314133828845801,0.05256067451667969,0.08547692900340767,0.0761075440655365
930,0.12381367763924102,0.052606403417156944,0.08609262737218089,0.07586679101306239
931,0.12250087643214766,0.051809318393409534,0.08532783309375994,0.07562895523043044
932,0.12142053290794802,0.05111840416200211,0.08471996865338872,0.07539356702045019
933,0.12477782604756077,0.052294329602992407,0.08720888739844096,0.07515197711142725
934,0.12627037626596394,0.05267405063209135,0.08840339476448343,0.07490770857355816
935,0.12568911107841169,0.05165782702979002,0.0872573977643355,0.07466708048360915
936,0.12430840882129388,0.051088016287818276,0.08684328765984024,0.07442793647646527
937,0.12304391033047858,0.05061523516757859,0.08658318025888147,0.07418984191765896
938,0.12397029045736915,0.05076119032076796,0.08737963868373678,0.07395001257592257
939,0.12470874865929138,0.05082599353957211,0.08804710940611177,0.07370898789539232
940,0.12422531311589075,0.05039144981101219,0.08785279260479904,0.07346927607935501
941,0.12413692691020452,0.05011953761270596,0.08793590657466463,0.07323018233207085
942,0.12349572322154685,0.04962613983761567,0.08762579643716745,0.07299277116069063
943,0.12379117632445931,0.04951161054473751,0.08797908574532282,0.07275521521883575
944,0.1233152194577478,0.04908974510930128,0.08778477436129724,0.07251899357668505
945,0.12427544769365652,0.049241259191899395,0.08861339728540209,0.07228138806558396
946,0.12364695099695902,0.048762289273405895,0.08831115353243783,0.07204547421941138
947,0.12399802082501947,0.04867220779131572,0.08870774524755913,0.07180936234502203
948,0.12436784008136025,0.048588211678914334,0.08911927819580151,0.07157292129669336
949,0.12452871691381105,0.04842169450942521,0.0893820878254274,0.07133637800177406
950,0.12415162792076682,0.04804713704166495,0.08925846043707002,0.07110055621082798
951,0.12430464752474363,0.04787987092429252,0.08951462749312201,0.07086428333792752
952,0.12543098931098248,0.048085862521024945,0.09047278418638564,0.0706255961387609
953,0.12500209078649463,0.04752878543026647,0.08999956110496174,0.07038822125425777
954,0.1247585417779189,0.047374148644726034,0.09027951774506635,0.07015021019305592
955,0.12608141375357626,0.04765003941754785,0.0913858942753038,0.06990953957484161
956,0.12735710637974093,0.047494376315331474,0.09167579707647064,0.06966860480919933
957,0.1273587694395204,0.04678917063444885,0.09089862051541771,0.06943044040422536
958,0.12655823582451448,0.046267657032025254,0.090460423886803,0.06919427894943112
959,0.12596120107605935,0.046124376910209396,0.09075291507611699,0.06895823342361566
960,0.12523054787309892,0.04585684990989771,0.0907999308183798,0.06872290949245996
961,0.12340957197440339,0.045239852544748146,0.09014650437332494,0.06849006752841373
962,0.12386277015268511,0.04527808093420019,0.0907894449325277,0.06825631751340709
963,0.12452516791149232,0.04530596431521867,0.0914185327489213,0.06802168496245317
964,0.12483325992776731,0.045203091125153895,0.09178883018279176,0.06778681665107147
965,0.12483118577164412,0.044987926494152085,0.09193121878149277,0.0675522644488736
966,0.1236590171373897,0.04435422119449503,0.09120981248596215,0.06732019378919327
967,0.12358402288789334,0.04411932763433059,0.09129433203990628,0.06708852486702743
968,0.1240806896580347,0.04408896450355551,0.0918011723897389,0.06685619342245891
969,0.12443884344894972,0.04400796025185036,0.09220677005366956,0.06662349221101901
970,0.12475345383483191,0.04391053262037014,0.09258091249311727,0.06639055437497526
971,0.12456033642242817,0.04363413101688981,0.09257804913857147,0.06615838493641518
972,0.12501344800879127,0.04358441255323998,0.09305471774273019,0.06592583201819939
973,0.12524330606613038,0.043450926131586055,0.09335578813887911,0.06569338623183721
974,0.12544089297316893,0.043231409541590764,0.09347153497681647,0.06546154966952013
975,0.12505438054477516,0.042823554744232495,0.09317444641589072,0.06523137400425952
976,0.12481140059866258,0.04266851919993281,0.09342027350457847,0.06500154504632519
977,0.12382940484965535,0.04214912083893316,0.09286346560855682,0.06477407328478199
978,0.12418359287678502,0.04206931400724558,0.0932664972665665,0.06454662921630859
979,0.12362408868466063,0.04168059511423697,0.09298361040239456,0.0643208870104724
980,0.12415179843883443,0.04166029138744381,0.09351765650705045,0.06409480851219866
981,0.12440775235474437,0.041547684801485775,0.09384814777194256,0.0638687972220595
982,0.1244153279426648,0.0413522855376383,0.09399134359940489,0.0636431785984258
983,0.12461797401203005,0.04122243717869418,0.09428172891770878,0.06341747176405711
984,0.12487135340305718,0.04110939439213329,0.09461081307768941,0.06319149383980555
985,0.1250382140378408,0.04096786609356273,0.09487479390837121,0.06296537097331754
986,0.12471631043778805,0.040654728038748575,0.09473865307832766,0.06274008725576177
987,0.12448986339450278,0.04039992814685425,0.09473182380784799,0.06251539773090842
988,0.12413334573531178,0.040092418316809604,0.09459577005440228,0.062291670496626136
989,0.12413165984731256,0.039901318256151945,0.09472893289639622,0.06206830697919722
990,0.12421781832120664,0.03973904147237147,0.09492879586716098,0.06184517127837589
991,0.12413708848208779,0.0395239940051914,0.09500072317264449,0.06162258100679405
992,0.1240418590715746,0.03930555266633064,0.09506078276869535,0.06140058929276332
993,0.12494933064924742,0.039404649801944344,0.09588958375983281,0.06117744843363491
994,0.1244019804664672,0.03904400122363691,0.09560293628397408,0.06095581827144445
995,0.12423668744654012,0.03880620009291985,0.09560835942710004,0.060735071377454874
996,0.12414065993778936,0.03859170627896506,0.09566649483502736,0.060515128222981676
997,0.1242600847893851,0.038445269361281856,0.0958904191529495,0.0602956258059457
998,0.12443971748778228,0.038317778798146525,0.09616116359054662,0.06007644414951148
999,0.12425364175875338,0.038078250128115616,0.09614925522928391,0.0598581789697608
1000,0.12403493620789119,0.037830340577731006,0.09611107003405842,0.05964081308435244
1001,0.12407186731728362,0.03766172017772835,0.09627004359849588,0.05942382158860176
1002,0.12389451394410432,0.03742896388295953,0.09626213320835662,0.05920752056091049
1003,0.12416629975400105,0.03733286162223971,0.09660266193576256,0.058991098730366134
1004,0.1242012201527493,0.037165619037148594,0.09675911092238544,0.058774980099451056
1005,0.12431599938655515,0.037022917489082326,0.09697759434047763,0.058559067528350196
1006,0.1249083131678679,0.037022143202398515,0.09756913899982736,0.058342595986936044
1007,0.12460140483279242,0.03675444413239748,0.09745890086387171,0.05812719336434245
1008,0.12450869880676944,0.03655179024105246,0.09751523379760996,0.057912540082243724
1009,0.12442434145279102,0.03635284011334016,0.09757758326407825,0.05769864851899904
1010,0.12449367048277506,0.036199800537354034,0.0977600835981515,0.057485251941389204
1011,0.12440658219312793,0.036002085567516315,0.09781958456576617,0.057272591664748115
1012,0.12436107615806007,0.03581754621248235,0.09791127783952681,0.05706055547847065
1013,0.12437182174003565,0.035650131413402994,0.09804684524911128,0.056849008329270326
1014,0.1243569691745127,0.035476190242193416,0.09816187805231924,0.05663796900827035
1015,0.12435304229741766,0.03530626696396225,0.09828514944205102,0.056427414359726216
1016,0.12428811884557202,0.03512003637246319,0.09835979006848283,0.056217460527945615
1017,0.12434648238858448,0.03496969654339043,0.09853158854217983,0.05600792056015559
1018,0.1242921033709096,0.0347885304179175,0.0986137958551976,0.05579900528846915
1019,0.12426920207254008,0.034617283364126096,0.09872053756671982,0.055590675849812164
1020,0.12484699363633947,0.034613561285730926,0.0993046947995086,0.055381935611922416
1021,0.12472686049344392,0.03441583723728481,0.09933440261437533,0.05517395872465242
1022,0.12464599305124935,0.034230215286633815,0.09939466849447047,0.05496667627496264
1023,0.12459807749810708,0.03405474429751673,0.09948056119313005,0.05476002681415841
1024,0.1245764770171438,0.033887437726219986,0.09958687558901687,0.05455395889309478
1025,0.12457577601625609,0.03372671839349251,0.09970945736027564,0.054348432434913475
1026,0.12459171735809445,0.033571330536480926,0.09984499490554612,0.054143421701478095
1027,0.12462093708694746,0.03342027608854638,0.09999084664379126,0.053938918036831866
1028,0.12466074311917497,0.03327276105264258,0.10014490106781279,0.053734929501153314
1029,0.12470896715245473,0.033128152069485536,0.10030546559852876,0.05353147565084274
1030,0.12476386121881432,0.03298597012002098,0.10047117962664091,0.053328578885149025
1031,0.12482401826706571,0.03284585178166068,0.10064094767503254,0.05312625598906917
1032,0.12488830774525267,0.03270750003874998,0.10081388704789342,0.052924513015607924
1033,0.12495582258796387,0.03257065737464695,0.10098928634778458,0.0527233445554486
1034,0.12502583574267762,0.03243510131986429,0.10116657269260716,0.052522736502594924
1035,0.1251236005289059,0.0323006479266168,0.10134527933496158,0.05232267050792804
1036,0.12529474383967704,0.032167152888556934,0.1015250181244337,0.052123128295786636
1037,0.12554034172452352,0.03203450789803738,0.10170546487609956,0.0519240947215609
1038,0.125861171276634,0.03190263403070959,0.10188635567032285,0.05172555927774991
1039,0.12625777027266094,0.03177147456292518,0.10206748510789951,0.051527516262282615
1040,0.12673048492623762,0.03164098873173432,0.10224869996294915,0.05132996479657851
1041,0.1272795081218366,0.03151114695935962,0.1024298878322078,0.051132909773985616
1042,0.12790491002553533,0.03138192746565238,0.10261096417732339,0.05093636308360565
1043,0.12860666259075149,0.03125331396237024,0.10279186128286048,0.05074034322123868
1044,0.1293846591720629,0.031125294106143245,0.10297252084989283,0.05054487223966167
1045,0.13023873021380303,0.030997858453171497,0.10315289013319519,0.05034997097453109
1046,0.13116865577996406,0.030870999737192237,0.103332920572162,0.05015565471338277
1047,0.132174175528215,0.03074471235574868,0.10351256772645985,0.049961931132764766
1048,0.13325499659583923,0.030618991993474332,0.10369179162721014,0.04976880099625963
1049,0.13441079975317,0.030493835338603077,0.10387055705098516,0.04957626083771347
1050,0.13564124408622466,0.03036923986539399,0.1040488335361282,0.04938430629321669
1051,0.1369459703914969,0.03024520366484521,0.10422659514307274,0.04919293491019935
1052,0.13832460340005034,0.030121725311801656,0.10440382003608828,0.04900214780760134
1053,0.13977675289371358,0.029998803760055155,0.10458048997530259,0.048811950118593815
1054,0.14130201373240178,0.02987643825926699,0.10475658979023623,0.0486223505072303
1055,0.1428999647778657,0.02975462828904794,0.10493210688123551,0.04843336017628586
1056,0.14457016667516967,0.029633373506597317,0.10510703077343637,0.048244991740995044
1057,0.14631215843870965,0.029512673705090444,0.10528135273243479,0.04805725822342636
1058,0.1481254527843462,0.02939252878060187,0.10545506544137742,0.04787017229557606
1059,0.150009530152932,0.029272938705814586,0.10562816273422572,0.0476837458031302
1060,0.15196383138270564,0.029153903509127936,0.10580063937790757,0.0474979895457886
1061,0.15398774900812,0.0290354232580622,0.10597249089572333,0.047312913267889646
1062,0.15608061718993832,0.028917498046083946,0.10614371342488826,0.047128525813160925
1063,0.1582417003149909,0.028800127982155307,0.1063143036019679,0.04694483540872855
1064,0.16047018034284316,0.028683313182452704,0.10648425847092215,0.04676185005812085
1065,0.16276514301965225,0.02856705376381361,0.10665357540938146,0.046579578036260574
1066,0.1651255631254565,0.02845134983855994,0.10682225206957897,0.046398028489232745
1067,0.1675502889686884,0.028336201510418244,0.10699028633103935,0.04621721214739095
1068,0.1700380263893659,0.028221608871313898,0.10715767626268732,0.04603714216238686
1069,0.17258732257859882,0.02810757199886175,0.10732442009249743,0.045857835077568895
1070,0.17519655006504226,0.02799409095441183,0.1074905161831775,0.0456793119375583
1071,0.17786389125691476,0.02788116578153757,0.10765596301267874,0.04550159953729551
1072,0.18058732395927787,0.02776879650487676,0.10782075915856539,0.0453247318040063
1073,0.18336460830851511,0.027656983129253767,0.10798490328547046,0.04514875129784408
1074,0.18619327557746101,0.02754572563902604,0.10814839413501869,0.04497371080884537
1075,0.18907061930364813,0.027435023997609557,0.10831123051772157,0.0447996750196674
1076,0.19199368917815185,0.027324878147147024,0.10847341130644853,0.044626722195699735
1077,0.19495928810235913,0.027215288008289942,0.10863493543115767,0.044454945856866074
1078,0.197963972774031,0.0271062534800717,0.10879580187463338,0.044284456379037385
1079,0.20100405810223437,0.026997774439853194,0.10895600966902778,0.044115382467724076
1080,0.2040756256737982,0.026889850743326532,0.10911555789304483,0.04394787244284035
1081,0.20717453640338934,0.02678248222456508,0.10927444566963743,0.04378209527106381
1082,0.2102964473974337,0.02667566869611062,0.1094326721641142,0.04361824128185771
1083,0.2134368329520178,0.026569409949090086,0.1095902365825735,0.04345652250477783
1084,0.21659100949039564,0.02646370575335617,0.10974713817059838,0.043297172569426334
1085,0.21975416413111523,0.02635855585764684,0.1099033762121598,0.043140446115484614
1086,0.2229664452566614,0.026263189897537682,0.11009764262817376,0.04298656358843989
1087,0.22616857266615872,0.026157235933525414,0.11024491110153839,0.0428358846249616
1088,0.22935719894828313,0.026052224088003752,0.11039303290708062,0.04268871538111603
1089,0.23252862519520143,0.02594807503452459,0.11054170555473047,0.042545375561696006
1090,0.23567891289880108,0.025844725480852045,0.110690686598562,0.04240619487049994
1091,0.23880397694238714,0.02574212490605409,0.11083978171065027,0.042271508935845206
1092,0.24194491353161082,0.025649246274630104,0.11102785104118819,0.04214160911162149
1093,0.24504343373088341,0.025546164291690064,0.11116903022996745,0.042016886857830976
1094,0.24809736112908293,0.02544411231958499,0.11131147522608975,0.041897664234688534
1095,0.25110428974238913,0.025342992594003636,0.11145480109189651,0.04178424944142087
1096,0.2540617072018906,0.025242728486831043,0.11159869937414815,0.04167693113588929
1097,0.2569670897323653,0.025143259780829878,0.11174292290732891,0.04157597949097406
1098,0.25981825035677375,0.025044537876763247,0.1118872736370562,0.041481646894250095
1099,0.2626131897301256,0.02494652261539935,0.11203159286349287,0.041394161938246625
1100,0.2653500630406069,0.02484918070095462,0.11217575342387626,0.0413137184688793
1101,0.2680272112583137,0.02475248488182426,0.11231965309037059,0.041240464653142045
1102,0.2706431939257675,0.02465641457707122,0.11246320921676237,0.041174489357455914
1103,0.27319681014297376,0.02456095439812124,0.11260635491001034,0.041115819585107155
1104,0.2756871100490505,0.024466091770583082,0.11274903646116795,0.04106442434383513
1105,0.2781133995244805,0.024371815540791836,0.1128912113817404,0.04102021746664539
1106,0.2804752394914675,0.024278115747985142,0.1130328465434724,0.040983058669171686
1107,0.2827724406669078,0.024184983867116837,0.11317391597295066,0.040952754970839896
1108,0.28500505452908953,0.02409241297005934,0.1133143987658491,0.04092905607241161
1109,0.28717336122862647,0.024000397645122885,0.11345427779637444,0.04091164721631738
1110,0.2892778551228694,0.02390893374586409,0.11359353923479704,0.0409001502189524
1111,0.2913192285483897,0.023818018087742802,0.11373217236966648,0.04089413633563618
1112,0.2932983543790707,0.023727648173479787,0.11387016929168435,0.04089314540468525
1113,0.2952162678515839,0.023637821979367205,0.11400752433320265,0.040896703601399256
1114,0.29707414807640137,0.023548537803327454,0.11414423340149805,0.04090433557339991
1115,0.29887329959151954,0.023459794162303867,0.1142802933868749,0.0409155708061347
1116,0.3006151342582989,0.023371589724489016,0.11441570174776153,0.04092994620637857
1117,0.30230115374481603,0.023283923264486833,0.11455045628049937,0.04094700712444316
1118,0.3039329327923106,0.023196793633050515,0.11468455502593305,0.04096630833097955
1119,0.305512103415004,0.023110199736019566,0.11481799625236495,0.04098741561953999
1120,0.30704034014294573,0.02302414051915913,0.11495077846711378,0.0410099080925634
1121,0.3085193463816725,0.02293861495691625,0.1150829004286956,0.041033380874636316
1122,0.3099952904795151,0.0228616565159737,0.1152548661747616,0.04105745637541984
1123,0.31141553838596847,0.022775534911036302,0.11537764669156038,0.04108175996026076
1124,0.3127833636638264,0.022690281258674973,0.11550136040297355,0.04110595063839362
1125,0.3141017168289134,0.02260582609450611,0.11562568941003118,0.04112971284686065
1126,0.3153732848980459,0.022522113863496486,0.11575037917920311,0.04115275761921317
1127,0.3166005347563045,0.022439100092683954,0.11587522594439445,0.041174823269668134
1128,0.31778616849747865,0.022356749138273336,0.11600006661274065,0.0411956756311942
1129,0.3189327870557459,0.022275032390407786,0.11612477067717948,0.0412151078958887
1130,0.3200427479185543,0.022193926842632633,0.11624923373723232,0.04123294010866707
1131,0.3211181784385266,0.022113413951963267,0.11637337230843639,0.04124901836481189
1132,0.3221610171950952,0.022033479834377336,0.11649711966427033,0.04126321376031466
1133,0.3231730446019078,0.021954113974331637,0.11662042250527292,0.041275449183488876
1134,0.3241559035443966,0.021875307373844747,0.11674323829084095,0.041285712900739846
1135,0.32511111515552144,0.02179705159157696,0.11686553310188887,0.041294037305614956
1136,0.3260400919558579,0.021719338743062377,0.1169872799287623,0.04130046292708779
1137,0.326944148980444,0.021642161850918145,0.11710845701901947,0.0413050127864403
1138,0.32782451317947087,0.021565515082047827,0.11722904650131653,0.0413076735695184
1139,0.32868233137712644,0.021489393747520753,0.11734903366561909,0.041308385113854776
1140,0.3295186770614966,0.021413794135278174,0.1174684068004749,0.04130704862866394
1141,0.33033455623534635,0.021338713283459584,0.11758715714129915,0.04130355339158982
1142,0.33113091251076265,0.021264148767944822,0.11770527859044178,0.041297808446608235
1143,0.3319086315918845,0.02119009853490105,0.1178227671715945,0.04128976511198725
1144,0.3326685452596025,0.021116560781322537,0.11793962037914744,0.04127942453100471
1145,0.3334114349482214,0.021043533874556472,0.11805583660184771,0.04126683273584671
1146,0.3341380349850829,0.02097101629950327,0.11817141471743613,0.04125206918185473
1147,0.3348490355490673,0.020899006624017367,0.11828635386480901,0.041235234135015925
1148,0.3355450853919745,0.020827503475812605,0.11840065334856979,0.041216438081597105
1149,0.336226794357407,0.020756505526562673,0.11851431261927661,0.04119579424907918
1150,0.3368947357244352,0.02068601148056425,0.11862733128428482,0.04117341404188188
1151,0.33754944839758877,0.020616020066389993,0.11873970912221392,0.04114940466335346
1152,0.3381914389602624,0.02054653003058683,0.11885144608932297,0.04112386814023681
1153,0.3388211836051708,0.020477540132835828,0.1189625423155685,0.0410969011264941
1154,0.33943912995282616,0.020409049142196132,0.119072998092551,0.04106859507263973
1155,0.3400456987669678,0.02034105583417522,0.11918281385674769,0.04103903652418337
1156,0.3406412855743118,0.020273558988441017,0.11929199017103156,0.0410083074346498
1157,0.3412262621948022,0.020206557387038162,0.11940052770655996,0.04097648544973995
1158,0.34180097818764327,0.02014004981300306,0.11950842722622643,0.040943644154210965
1159,0.3423657622177141,0.020074035049295516,0.11961568957020122,0.04090985328661053
1160,0.3429209233464535,0.0200085118779822,0.11972231564366036,0.04087517892988431
1161,0.34346675225092077,0.01994347907962066,0.11982830640656836,0.04083968368460862
1162,0.34400352237444043,0.019878935432802957,0.11993366286527281,0.04080342682945513
1163,0.344531491012022,0.019814879713826547,0.1200383860656398,0.04076646447174031
1164,0.34505090033357144,0.019751310696466285,0.12014247708746904,0.040728849689806855
1165,0.3455619783477728,0.019688227151827064,0.12024593703995703,0.04069063266839338
1166,0.34606493980940967,0.01962562784826034,0.12034876705800954,0.04065186082786374
1167,0.34655998707280056,0.019563511551331583,0.12045096829923974,0.04061257894802281
1168,0.34704731089393503,0.019501877023827868,0.1205525419415168,0.04057282928714667
1169,0.347527091183825,0.01944072302579748,0.12065348918095634,0.04053265169676072
1170,0.3479994977155052,0.019380048314614533,0.1207538112302645,0.040492083732598605
1171,0.34846469078704867,0.01931985164506349,0.12085350931736552,0.040451160762072946
1172,0.34892282184288775,0.019260131769439102,0.12095258468425575,0.040409916068493285
1173,0.3493740340556576,0.019200887437658486,0.12105103858603979,0.04036838095218283
1174,0.3498184628707052,0.019142117397382547,0.12114887229011162,0.040326584828578746
1175,0.3502562365153312,0.019083820394144538,0.12124608707545237,0.04028455532334933
1176,0.3506874764747529,0.0190259951714841,0.12134268423202157,0.040242318364526714
1177,0.35111229793670257,0.018968640471085305,0.12143866506022358,0.040199898271631944
1178,0.3515308102064934,0.018911755032917643,0.12153403087043395,0.040157317841758605
1179,0.35194311709430987,0.018855337595379048,0.1216287829825744,0.04011459843257921
1180,0.35234931727639957,0.018799386895440223,0.12172292272572706,0.04007176004224262
1181,0.3527495046317654,0.018743901668789774,0.12181645143778005,0.04002882138613941
1182,0.3531437685558832,0.018688880649979644,0.12190937046509889,0.03998579997052324
1183,0.3535321942528899,0.01863432257257045,0.1220016811622183,0.03994271216298894
1184,0.35391486300761854,0.01858022616927657,0.12209338489155128,0.03989957325982172
1185,0.3542918524387792,0.01852659017211056,0.1221844830231122,0.039856397550244727
1186,0.3546632367345184,0.018473413312526908,0.1222749769342509,0.03981319837760505
1187,0.3550290868715202,0.018420694321564863,0.12236486800939678,0.03976998819754973
1188,0.3553894708187448,0.018368431929990204,0.12245415763981035,0.039726778633253905
1189,0.35574445372684005,0.018316624868435997,0.12254284722334219,0.03968358052777254
1190,0.3560940981041977,0.018265271867542076,0.12263093816419686,0.03964040399359464
1191,0.3564384639805693,0.01821437165809336,0.12271843187270229,0.039597258459485946
1192,0.35677760905909917,0.01816392297115686,0.12280532976508331,0.03955415271471095
1193,0.3571115888575814,0.01811392453821736,0.1228916332632389,0.03951109495072946
1194,0.3574404568396934,0.01806437509131178,0.12297734379452294,0.03946809280046563
1195,0.3577642645369126,0.018015273363162138,0.12306246279152804,0.03942515337524967
1196,0.35808306166177784,0.017966618087307155,0.12314699169187207,0.03938228329953307
1197,0.3583968962131095,0.017918407998232477,0.12323093193798755,0.03933948874347887
1198,0.35870581457376743,0.01787064183149943,0.12331428497691325,0.03929677545352749
1199,0.35900986160148207,0.01782331832387246,0.12339705226008821,0.03925414878103821
