3.372443880402825056e-01, 9.603979705130018252e-02, 8.344547629554632806e-02, 4.832703386128708867e-01
3.375517531438240737e-01, 9.617676327153790172e-02, 8.356127628768025839e-02, 4.827102072969577939e-01
3.378582206175570479e-01, 9.631446496519584233e-02, 8.367791733228516216e-02, 4.821493970849617949e-01
3.381637847430762345e-01, 9.645289909819831919e-02, 8.379539721715605072e-02, 4.815879189415694928e-01
3.384684398267633898e-01, 9.659206263656622271e-02, 8.391371373096684350e-02, 4.810257838057035440e-01
3.387721801999092897e-01, 9.673195254644141594e-02, 8.403286466327475335e-02, 4.804630025903744439e-01
3.390750002188328005e-01, 9.687256579411122892e-02, 8.415284780452493563e-02, 4.798995861825309794e-01
3.393768942650010056e-01, 9.701389934603360521e-02, 8.427366094605477642e-02, 4.793355454429104601e-01
3.396778567451477771e-01, 9.715595016886208191e-02, 8.439530188009904121e-02, 4.787708912058911137e-01
3.399778820913916255e-01, 9.729871522947122764e-02, 8.451776839979466271e-02, 4.782056342793425951e-01
3.402769647613536619e-01, 9.744219149498239974e-02, 8.464105829918623647e-02, 4.776397854444776048e-01
3.405750992382744480e-01, 9.758637593278994549e-02, 8.476516937323141931e-02, 4.770733554557041178e-01
3.408722800311295154e-01, 9.773126551058707034e-02, 8.489009941780635560e-02, 4.765063550404768922e-01
3.411685016747456056e-01, 9.787685719639284410e-02, 8.501584622971196381e-02, 4.759387948991494754e-01
3.414637587299146904e-01, 9.802314795857877683e-02, 8.514240760667964036e-02, 4.753706857048268231e-01
3.417580457835083241e-01, 9.817013476589607490e-02, 8.526978134737787929e-02, 4.748020381032177495e-01
3.420513574485907760e-01, 9.831781458750309122e-02, 8.539796525141873929e-02, 4.742328627124874352e-01
3.423436883645314954e-01, 9.846618439299313630e-02, 8.552695711936462997e-02, 4.736631701231108216e-01
3.426350331971171337e-01, 9.861524115242240041e-02, 8.565675475273534789e-02, 4.730929708977250070e-01
3.429253866386624550e-01, 9.876498183633851402e-02, 8.578735595401547342e-02, 4.725222755709834743e-01
3.432147434081200266e-01, 9.891540341580910833e-02, 8.591875852666172597e-02, 4.719510946494092640e-01
3.435030982511902975e-01, 9.906650286245066717e-02, 8.605096027511092982e-02, 4.713794386112482582e-01
3.437904459404297342e-01, 9.921827714845814217e-02, 8.618395900478792448e-02, 4.708073179063242408e-01
3.440767812753589561e-01, 9.937072324663430434e-02, 8.631775252211393301e-02, 4.702347429558927372e-01
3.443620990825697059e-01, 9.952383813041977556e-02, 8.645233863451520784e-02, 4.696617241524952413e-01
3.446463942158307092e-01, 9.967761877392339320e-02, 8.658771515043171829e-02, 4.690882718598142209e-01
3.449296615561927015e-01, 9.983206215195254696e-02, 8.672387987932628217e-02, 4.685143964125284000e-01
3.452118960120939550e-01, 9.998716524004420958e-02, 8.686083063169414142e-02, 4.679401081161675413e-01
3.454930925194625857e-01, 1.001429250144963007e-01, 8.699856521907230189e-02, 4.673654172469688395e-01
3.457732460418198039e-01, 1.002993384523989256e-01, 8.713708145404974736e-02, 4.667903340517315924e-01
3.460523515703818331e-01, 1.004564025316665304e-01, 8.727637715027755649e-02, 4.662148687476740383e-01
3.463304041241602738e-01, 1.006141142310700703e-01, 8.741645012247935276e-02, 4.656390315222901921e-01
3.466073987500629117e-01, 1.007724705302694701e-01, 8.755729818646222629e-02, 4.650628325332054613e-01
3.468833305229916952e-01, 1.009314684098464171e-01, 8.769891915912776670e-02, 4.644862819080342042e-01
3.471581945459415453e-01, 1.010911048513379318e-01, 8.784131085848334575e-02, 4.639093897442371217e-01
3.474319859500974439e-01, 1.012513768372695078e-01, 8.798447110365399670e-02, 4.633321661089790933e-01
3.477046998949303580e-01, 1.014122813511892235e-01, 8.812839771489425211e-02, 4.627546210389861803e-01
3.479763315682927738e-01, 1.015738153777019231e-01, 8.827308851360042563e-02, 4.621767645404048497e-01
3.482468761865125662e-01, 1.017359759025037308e-01, 8.841854132232326857e-02, 4.615986065886604761e-01
3.485163289944867571e-01, 1.018987599124170362e-01, 8.856475396478080686e-02, 4.610201571283153998e-01
3.487846852657732200e-01, 1.020621643954255919e-01, 8.871172426587155269e-02, 4.604414260729296493e-01
3.490519403026823841e-01, 1.022261863407101790e-01, 8.885945005168802147e-02, 4.598624233049194432e-01
3.493180894363672739e-01, 1.023908227386845643e-01, 8.900792914953047086e-02, 4.592831586754176354e-01
3.495831280269126595e-01, 1.025560705810316803e-01, 8.915715938792118100e-02, 4.587036420041344376e-01
3.498470514634233197e-01, 1.027219268607401231e-01, 8.930713859661873477e-02, 4.581238830792176975e-01
3.501098551641111944e-01, 1.028883885721413871e-01, 8.945786460663293638e-02, 4.575438916571143988e-01
3.503715345763809830e-01, 1.030554527109467516e-01, 8.960933525023967450e-02, 4.569636774624326603e-01
3.506320851769157421e-01, 1.032231162742850844e-01, 8.976154836099660417e-02, 4.563832501878026249e-01
3.508915024717603748e-01, 1.033913762607409220e-01, 8.991450177375853725e-02, 4.558026194937400688e-01
3.511497819964046196e-01, 1.035602296703925368e-01, 9.006819332469377659e-02, 4.552217950085090115e-01
3.514069193158645965e-01, 1.037296735048505308e-01, 9.022262085130026976e-02, 4.546407863279844919e-01
3.516629100247634088e-01, 1.038997047672971519e-01, 9.037778219242238731e-02, 4.540596030155170104e-01
3.519177497474107463e-01, 1.040703204625251649e-01, 9.053367518826786753e-02, 4.534782546017961935e-01
3.521714341378811008e-01, 1.042415175969776675e-01, 9.069029768042516371e-02, 4.528967505847160679e-01
3.524239588800909817e-01, 1.044132931787881552e-01, 9.084764751188115217e-02, 4.523151004292396138e-01
3.526753196878748553e-01, 1.045856442178206835e-01, 9.100572252703903464e-02, 4.517333135672653710e-01
3.529255123050603626e-01, 1.047585677257105857e-01, 9.116452057173667078e-02, 4.511513993974922698e-01
3.531745325055417606e-01, 1.049320607159054813e-01, 9.132403949326517445e-02, 4.505693672852875697e-01
3.534223760933523639e-01, 1.051061202037063130e-01, 9.148427714038795400e-02, 4.499872265625535217e-01
3.536690389027362103e-01, 1.052807432063092991e-01, 9.164523136335991915e-02, 4.494049865275945299e-01
3.539145167982180040e-01, 1.054559267428479830e-01, 9.180690001394711808e-02, 4.488226564449867562e-01
3.541588056746723390e-01, 1.056316678344349641e-01, 9.196928094544665200e-02, 4.482402455454460033e-01
3.544019014573910331e-01, 1.058079635042051408e-01, 9.213237201270702004e-02, 4.476577630256967089e-01
3.546438001021502417e-01, 1.059848107773582182e-01, 9.229617107214856120e-02, 4.470752180483428817e-01
3.548844975952750724e-01, 1.061622066812022563e-01, 9.246067598178456248e-02, 4.464926197417381504e-01
3.551239899537042555e-01, 1.063401482451970248e-01, 9.262588460124235312e-02, 4.459099771998563666e-01
3.553622732250524829e-01, 1.065186325009980922e-01, 9.279179479178491230e-02, 4.453272994821644848e-01
3.555993434876725812e-01, 1.066976564825009022e-01, 9.295840441633279605e-02, 4.447445956134937761e-01
3.558351968507152407e-01, 1.068772172258854458e-01, 9.312571133948638336e-02, 4.441618745839128191e-01
3.560698294541884690e-01, 1.070573117696609899e-01, 9.329371342754838592e-02, 4.435791453486021552e-01
3.563032374690149884e-01, 1.072379371547113047e-01, 9.346240854854662161e-02, 4.429964168277271130e-01
3.565354170970889136e-01, 1.074190904243401690e-01, 9.363179457225739855e-02, 4.424136979063135189e-01
3.567663645713313181e-01, 1.076007686243169864e-01, 9.380186937022891303e-02, 4.418309974341227964e-01
3.569960761557434137e-01, 1.077829688029231237e-01, 9.397263081580517485e-02, 4.412483242255283433e-01
3.572245481454596749e-01, 1.079656880109980954e-01, 9.414407678415002978e-02, 4.406656870593922415e-01
3.574517768667990758e-01, 1.081489233019863327e-01, 9.431620515227165380e-02, 4.400830946789428544e-01
3.576777586773147166e-01, 1.083326717319841453e-01, 9.448901379904765807e-02, 4.395005557916533689e-01
3.579024899658427850e-01, 1.085169303597870172e-01, 9.466250060524976362e-02, 4.389180790691202816e-01
3.581259671525499622e-01, 1.087016962469371795e-01, 9.483666345356941973e-02, 4.383356731469434941e-01
3.583481866889788869e-01, 1.088869664577714336e-01, 9.501150022864369993e-02, 4.377533466246060212e-01
3.585691450580932305e-01, 1.090727380594694040e-01, 9.518700881708107298e-02, 4.371711080653562509e-01
3.587888387743209395e-01, 1.092590081221019027e-01, 9.536318710748799277e-02, 4.365889659960889846e-01
3.590072643835960919e-01, 1.094457737186796259e-01, 9.554003299049562692e-02, 4.360069289072286414e-01
3.592244184633990312e-01, 1.096330319252021429e-01, 9.571754435878652989e-02, 4.354250052526121850e-01
3.594402976227962232e-01, 1.098207798207073566e-01, 9.589571910712225977e-02, 4.348432034493741605e-01
3.596548985024778933e-01, 1.100090144873207276e-01, 9.607455513237091183e-02, 4.342615318778304534e-01
3.598682177747939970e-01, 1.101977330103054431e-01, 9.625405033353492956e-02, 4.336799988813657691e-01
3.600802521437896364e-01, 1.103869324781120986e-01, 9.643420261177927666e-02, 4.330986127663188912e-01
3.602909983452389775e-01, 1.105766099824295606e-01, 9.661500987046030275e-02, 4.325173818018711036e-01
3.605004531466766138e-01, 1.107667626182351206e-01, 9.679647001515406801e-02, 4.319363142199340588e-01
3.607086133474296519e-01, 1.109573874838455237e-01, 9.697858095368577791e-02, 4.313554182150389771e-01
3.609154757786460777e-01, 1.111484816809681642e-01, 9.716134059615912089e-02, 4.307747019442267344e-01
3.611210373033231225e-01, 1.113400423147523355e-01, 9.734474685498573088e-02, 4.301941735269387834e-01
3.613252948163342970e-01, 1.115320664938409950e-01, 9.752879764491557968e-02, 4.296138410449092393e-01
3.615282452444539829e-01, 1.117245513304224308e-01, 9.771349088306698072e-02, 4.290337125420566333e-01
3.617298855463815244e-01, 1.119174939402825947e-01, 9.789882448895703693e-02, 4.284537960243788302e-01
3.619302127127636548e-01, 1.121108914428572134e-01, 9.808479638453287963e-02, 4.278740994598462799e-01
3.621292237662152580e-01, 1.123047409612845104e-01, 9.827140449420236623e-02, 4.272946307782978237e-01
3.623269157613387415e-01, 1.124990396224581357e-01, 9.845864674486566603e-02, 4.267153978713374429e-01
3.625232857847421886e-01, 1.126937845570797070e-01, 9.864652106594699876e-02, 4.261364085922310641e-01
3.627183309550560675e-01, 1.128889728997127390e-01, 9.883502538942645632e-02, 4.255576707558045846e-01
3.629120484229483856e-01, 1.130846017888355870e-01, 9.902415764987221314e-02, 4.249791921383438420e-01
3.631044353711379014e-01, 1.132806683668952930e-01, 9.921391578447318060e-02, 4.244009804774936390e-01
3.632954890144071691e-01, 1.134771697803616253e-01, 9.940429773307149497e-02, 4.238230434721597661e-01
3.634852065996124759e-01, 1.136741031797810636e-01, 9.959530143819572690e-02, 4.232453887824106920e-01
3.636735854056939443e-01, 1.138714657198309776e-01, 9.978692484509411875e-02, 4.226680240293808066e-01
3.638606227436829710e-01, 1.140692545593745555e-01, 9.997916590176808560e-02, 4.220909567951743879e-01
3.640463159567084439e-01, 1.142674668615149547e-01, 1.001720225590058966e-01, 4.215141946227706216e-01
3.642306624200022935e-01, 1.144660997936505914e-01, 1.003654927704169392e-01, 4.209377450159301204e-01
3.644136595409023793e-01, 1.146651505275301935e-01, 1.005595744924657753e-01, 4.203616154391017767e-01
3.645953047588547102e-01, 1.148646162393077846e-01, 1.007542656845067525e-01, 4.197858133173307249e-01
3.647755955454143328e-01, 1.150644941095985974e-01, 1.009495643088187955e-01, 4.192103460361683021e-01
3.649545294042435550e-01, 1.152647813235342239e-01, 1.011454683306403507e-01, 4.186352209415818426e-01
3.651321038711102807e-01, 1.154654750708187516e-01, 1.013419757182046493e-01, 4.180604453398661935e-01
3.653083165138839017e-01, 1.156665725457846072e-01, 1.015390844427753320e-01, 4.174860264975562285e-01
3.654831649325295251e-01, 1.158680709474485815e-01, 1.017367924786816841e-01, 4.169119716413401400e-01
3.656566467591018110e-01, 1.160699674795683534e-01, 1.019350978033551902e-01, 4.163382879579747287e-01
3.658287596577360912e-01, 1.162722593506986674e-01, 1.021339983973651444e-01, 4.157649825942001387e-01
3.659995013246387652e-01, 1.164749437742480659e-01, 1.023334922444553707e-01, 4.151920626566577011e-01
3.661688694880760875e-01, 1.166780179685357327e-01, 1.025335773315805971e-01, 4.146195352118075550e-01
3.663368619083612887e-01, 1.168814791568481143e-01, 1.027342516489433838e-01, 4.140474072858473242e-01
3.665034763778400317e-01, 1.170853245674961240e-01, 1.029355131900308723e-01, 4.134756858646329580e-01
3.666687107208754237e-01, 1.172895514338722356e-01, 1.031373599516524769e-01, 4.129043778935998499e-01
3.668325627938299749e-01, 1.174941569945077841e-01, 1.033397899339767168e-01, 4.123334902776854549e-01
3.669950304850476130e-01, 1.176991384931303231e-01, 1.035428011405691712e-01, 4.117630298812527956e-01
3.671561117148327558e-01, 1.179044931787211620e-01, 1.037463915784302970e-01, 4.111930035280157436e-01
3.673158044354291052e-01, 1.181102183055731669e-01, 1.039505592580332177e-01, 4.106234180009644685e-01
3.674741066309968884e-01, 1.183163111333481732e-01, 1.041553021933619705e-01, 4.100542800422930512e-01
3.676310163175872114e-01, 1.185227689271351331e-01, 1.043606184019499616e-01, 4.094855963533277077e-01
3.677865315431170234e-01, 1.187295889575080560e-01, 1.045665059049184359e-01, 4.089173735944565680e-01
3.679406503873407508e-01, 1.189367685005838088e-01, 1.047729627270150982e-01, 4.083496183850603423e-01
3.680933709618217642e-01, 1.191443048380806946e-01, 1.049799868966531657e-01, 4.077823373034443755e-01
3.682446914099014590e-01, 1.193521952573762812e-01, 1.051875764459503371e-01, 4.072155368867718672e-01
3.683946099066677249e-01, 1.195604370515660070e-01, 1.053957294107679132e-01, 4.066492236309983688e-01
3.685431246589210841e-01, 1.197690275195213844e-01, 1.056044438307504330e-01, 4.060834039908071125e-01
3.686902339051398303e-01, 1.199779639659487029e-01, 1.058137177493648357e-01, 4.055180843795466172e-01
3.688359359154437245e-01, 1.201872437014474271e-01, 1.060235492139405405e-01, 4.049532711691684050e-01
3.689802289915562472e-01, 1.203968640425688158e-01, 1.062339362757088873e-01, 4.043889706901659387e-01
3.691231114667650748e-01, 1.206068223118747368e-01, 1.064448769898435621e-01, 4.038251892315166680e-01
3.692645817058812230e-01, 1.208171158379962862e-01, 1.066563694155001490e-01, 4.032619330406224112e-01
3.694046381051971362e-01, 1.210277419556925332e-01, 1.068684116158569453e-01, 4.026992083232533437e-01
3.695432790924426114e-01, 1.212386980059096536e-01, 1.070810016581550256e-01, 4.021370212434927649e-01
3.696805031267400565e-01, 1.214499813358393965e-01, 1.072941376137387104e-01, 4.015753779236817533e-01
3.698163086985577497e-01, 1.216615892989784536e-01, 1.075078175580965328e-01, 4.010142844443673749e-01
3.699506943296613226e-01, 1.218735192551869545e-01, 1.077220395709014983e-01, 4.004537468442502246e-01
3.700836585730652994e-01, 1.220857685707479462e-01, 1.079368017360524540e-01, 3.998937711201342449e-01
3.702152000129813603e-01, 1.222983346184261660e-01, 1.081521021417147510e-01, 3.993343632268778753e-01
3.703453172647661606e-01, 1.225112147775268001e-01, 1.083679388803614196e-01, 3.987755290773455918e-01
3.704740089748679854e-01, 1.227244064339552410e-01, 1.085843100488144974e-01, 3.982172745423623317e-01
3.706012738207709045e-01, 1.229379069802754715e-01, 1.088012137482860103e-01, 3.976596054506677524e-01
3.707271105109385956e-01, 1.231517138157695729e-01, 1.090186480844196615e-01, 3.971025275888721562e-01
3.708515177847563904e-01, 1.233658243464966775e-01, 1.092366111673322149e-01, 3.965460467014146340e-01
3.709744944124717114e-01, 1.235802359853519633e-01, 1.094551011116549899e-01, 3.959901684905213215e-01
3.710960391951327875e-01, 1.237949461521258704e-01, 1.096741160365755641e-01, 3.954348986161658197e-01
3.712161509645272028e-01, 1.240099522735630955e-01, 1.098936540658794481e-01, 3.948802426960301704e-01
3.713348285831178375e-01, 1.242252517834217251e-01, 1.101137133279920938e-01, 3.943262063054684408e-01
3.714520709439775858e-01, 1.244408421225320915e-01, 1.103342919560203333e-01, 3.937727949774700864e-01
3.715678769707233542e-01, 1.246567207388559612e-01, 1.105553880877947759e-01, 3.932200142026258671e-01
3.716822456174482814e-01, 1.248728850875456264e-01, 1.107769998659114963e-01, 3.926678694290945959e-01
3.717951758686521835e-01, 1.250893326310023868e-01, 1.109991254377741682e-01, 3.921163660625712200e-01
3.719066667391714431e-01, 1.253060608389360286e-01, 1.112217629556362664e-01, 3.915655094662562896e-01
3.720167172741065675e-01, 1.255230671884233207e-01, 1.114449105766429776e-01, 3.910153049608272036e-01
3.721253265487493023e-01, 1.257403491639670634e-01, 1.116685664628736252e-01, 3.904657578244098981e-01
3.722324936685083574e-01, 1.259579042575547925e-01, 1.118927287813838573e-01, 3.899168732925529235e-01
3.723382177688325800e-01, 1.261757299687173706e-01, 1.121173957042476965e-01, 3.893686565582022974e-01
3.724424980151342934e-01, 1.263938238045878570e-01, 1.123425654086001729e-01, 3.888211127716776350e-01
3.725453336027104156e-01, 1.266121832799600999e-01, 1.125682360766793871e-01, 3.882742470406501112e-01
3.726467237566625235e-01, 1.268308059173471614e-01, 1.127944058958689350e-01, 3.877280644301213663e-01
3.727466677318156396e-01, 1.270496892470397987e-01, 1.130210730587402485e-01, 3.871825699624042993e-01
3.728451648126358542e-01, 1.272688308071650010e-01, 1.132482357630950481e-01, 3.866377686171040273e-01
3.729422143131456147e-01, 1.274882281437441922e-01, 1.134758922120076285e-01, 3.860936653311025091e-01
3.730378155768396264e-01, 1.277078788107513241e-01, 1.137040406138672688e-01, 3.855502649985416697e-01
3.731319679765976449e-01, 1.279277803701714955e-01, 1.139326791824206153e-01, 3.850075724708101887e-01
3.732246709145968788e-01, 1.281479303920582402e-01, 1.141618061368140924e-01, 3.844655925565308441e-01
3.733159238222228948e-01, 1.283683264545922575e-01, 1.143914197016361878e-01, 3.839243300215485766e-01
3.734057261599795230e-01, 1.285889661441388943e-01, 1.146215181069600020e-01, 3.833837895889216640e-01
3.734940774173969302e-01, 1.288098470553057373e-01, 1.148520995883852425e-01, 3.828439759389120622e-01
3.735809771129392498e-01, 1.290309667910005120e-01, 1.150831623870809950e-01, 3.823048937089791877e-01
3.736664247939099903e-01, 1.292523229624886749e-01, 1.153147047498275374e-01, 3.817665474937737002e-01
3.737504200363572782e-01, 1.294739131894505346e-01, 1.155467249290589860e-01, 3.812289418451332290e-01
3.738329624449767130e-01, 1.296957351000386782e-01, 1.157792211829053591e-01, 3.806920812720792635e-01
3.739140516530141678e-01, 1.299177863309352310e-01, 1.160121917752345855e-01, 3.801559702408159880e-01
3.739936873221664793e-01, 1.301400645274087553e-01, 1.162456349756950252e-01, 3.796206131747297263e-01
3.740718691424814724e-01, 1.303625673433711496e-01, 1.164795490597572564e-01, 3.790860144543900523e-01
3.741485968322564859e-01, 1.305852924414346028e-01, 1.167139323087562491e-01, 3.785521784175526760e-01
3.742238701379356769e-01, 1.308082374929678826e-01, 1.169487830099332909e-01, 3.780191093591631080e-01
3.742976888340069364e-01, 1.310314001781530957e-01, 1.171840994564778693e-01, 3.774868115313620986e-01
3.743700527228959185e-01, 1.312547781860420038e-01, 1.174198799475697080e-01, 3.769552891434923558e-01
3.744409616348610692e-01, 1.314783692146119232e-01, 1.176561227884203170e-01, 3.764245463621067045e-01
3.745104154278856567e-01, 1.317021709708221522e-01, 1.178928262903148477e-01, 3.758945873109773017e-01
3.745784139875700802e-01, 1.319261811706694820e-01, 1.181299887706536433e-01, 3.753654160711067389e-01
3.746449572270217909e-01, 1.321503975392439856e-01, 1.183676085529938582e-01, 3.748370366807402543e-01
3.747100450867451027e-01, 1.323748178107848061e-01, 1.186056839670909524e-01, 3.743094531353791110e-01
3.747736775345291704e-01, 1.325994397287350857e-01, 1.188442133489397978e-01, 3.737826693877959183e-01
3.748358545653358020e-01, 1.328242610457973372e-01, 1.190831950408163392e-01, 3.732566893480504522e-01
3.748965762011847724e-01, 1.330492795239886783e-01, 1.193226273913184921e-01, 3.727315168835080850e-01
3.749558424910392485e-01, 1.332744929346953155e-01, 1.195625087554072902e-01, 3.722071558188582707e-01
3.750136535106899927e-01, 1.334998990587271950e-01, 1.198028374944478253e-01, 3.716836099361349732e-01
3.750700093626377907e-01, 1.337254956863727084e-01, 1.200436119762501169e-01, 3.711608829747393701e-01
3.751249101759755455e-01, 1.339512806174527615e-01, 1.202848305751098162e-01, 3.706389786314618351e-01
3.751783561062691508e-01, 1.341772516613748412e-01, 1.205264916718489926e-01, 3.701179005605070849e-01
3.752303473354369201e-01, 1.344034066371869174e-01, 1.207685936538561572e-01, 3.695976523735200470e-01
3.752808840716287397e-01, 1.346297433736310112e-01, 1.210111349151271332e-01, 3.690782376396130604e-01
3.753299665491036663e-01, 1.348562597091967075e-01, 1.212541138563050097e-01, 3.685596598853945749e-01
3.753775950281066920e-01, 1.350829534921745290e-01, 1.214975288847202489e-01, 3.680419225949986273e-01
3.754237697947442332e-01, 1.353098225807086163e-01, 1.217413784144306121e-01, 3.675250292101167049e-01
3.754684911608593412e-01, 1.355368648428497413e-01, 1.219856608662610170e-01, 3.670089831300299421e-01
3.755117594639053591e-01, 1.357640781566081534e-01, 1.222303746678431169e-01, 3.664937877116434262e-01
3.755535750668186346e-01, 1.359914604100052882e-01, 1.224755182536548248e-01, 3.659794462695212802e-01
3.755939383578906221e-01, 1.362190095011266422e-01, 1.227210900650596709e-01, 3.654659620759230232e-01
3.756328497506389308e-01, 1.364467233381730926e-01, 1.229670885503458683e-01, 3.649533383608421500e-01
3.756703096836768729e-01, 1.366745998395128281e-01, 1.232135121647653098e-01, 3.644415783120449892e-01
3.757063186205834016e-01, 1.369026369337330018e-01, 1.234603593705726060e-01, 3.639306850751108935e-01
3.757408770497709383e-01, 1.371308325596904409e-01, 1.237076286370634853e-01, 3.634206617534752604e-01
3.757739854843523131e-01, 1.373591846665629390e-01, 1.239553184406133601e-01, 3.629115114084712768e-01
3.758056444620084258e-01, 1.375876912138999930e-01, 1.242034272647157406e-01, 3.624032370593758823e-01
3.758358545448524657e-01, 1.378163501716731243e-01, 1.244519536000201210e-01, 3.618958416834543446e-01
3.758646163192957967e-01, 1.380451595203260884e-01, 1.247008959443699494e-01, 3.613893282160081100e-01
3.758919303959112890e-01, 1.382741172508250294e-01, 1.249502528028406112e-01, 3.608836995504230427e-01
3.759177974092968166e-01, 1.385032213647079125e-01, 1.252000226877764966e-01, 3.603789585382187743e-01
3.759422180179369799e-01, 1.387324698741342899e-01, 1.254502041188287065e-01, 3.598751079890999960e-01
3.759651929040651042e-01, 1.389618608019341783e-01, 1.257007956229920509e-01, 3.593721506710086944e-01
3.759867227735237405e-01, 1.391913921816572419e-01, 1.259517957346417416e-01, 3.588700893101772760e-01
3.760068083556246110e-01, 1.394210620576211979e-01, 1.262032029955704737e-01, 3.583689265911837452e-01
3.760254504030075551e-01, 1.396508684849604998e-01, 1.264550159550245079e-01, 3.578686651570074373e-01
3.760426496914990313e-01, 1.398808095296742160e-01, 1.267072331697401133e-01, 3.573693076090865839e-01
3.760584070199700091e-01, 1.401108832686738526e-01, 1.269598532039797889e-01, 3.568708565073763217e-01
3.760727232101923057e-01, 1.403410877898312314e-01, 1.272128746295675406e-01, 3.563733143704088668e-01
3.760855991066951454e-01, 1.405714211920253143e-01, 1.274662960259248801e-01, 3.558766836753546881e-01
3.760970355766205531e-01, 1.408018815851896088e-01, 1.277201159801060193e-01, 3.553809668580838466e-01
3.761070335095781370e-01, 1.410324670903586042e-01, 1.279743330868329532e-01, 3.548861663132303335e-01
3.761155938174988722e-01, 1.412631758397144000e-01, 1.282289459485302097e-01, 3.543922843942564627e-01
3.761227174344892177e-01, 1.414940059766326974e-01, 1.284839531753596276e-01, 3.538993234135184851e-01
3.761284053166827346e-01, 1.417249556557287626e-01, 1.287393533852545513e-01, 3.534072856423339237e-01
3.761326584420933705e-01, 1.419560230429028347e-01, 1.289951452039539426e-01, 3.529161733110498522e-01
3.761354778104662455e-01, 1.421872063153855614e-01, 1.292513272650362699e-01, 3.524259886091118399e-01
3.761368644431284936e-01, 1.424185036617828248e-01, 1.295078982099530651e-01, 3.519367336851355610e-01
3.761368193828397710e-01, 1.426499132821205107e-01, 1.297648566880620358e-01, 3.514484106469776825e-01
3.761353436936417105e-01, 1.428814333878886678e-01, 1.300222013566604551e-01, 3.509610215618091389e-01
3.761324384607069304e-01, 1.431130622020858334e-01, 1.302799308810175805e-01, 3.504745684561896835e-01
3.761281047901876562e-01, 1.433447979592625265e-01, 1.305380439344072940e-01, 3.499890533161426065e-01
3.761223438090633420e-01, 1.435766389055647962e-01, 1.307965391981403824e-01, 3.495044780872315071e-01
3.761151566649886258e-01, 1.438085832987774093e-01, 1.310554153615962059e-01, 3.490208446746377313e-01
3.761065445261393969e-01, 1.440406294083665384e-01, 1.313146711222546170e-01, 3.485381549432394199e-01
3.760965085810595854e-01, 1.442727755155223668e-01, 1.315743051857271029e-01, 3.480564107176910005e-01
3.760850500385069517e-01, 1.445050199132010826e-01, 1.318343162657878431e-01, 3.475756137825041781e-01
3.760721701272980444e-01, 1.447373609061669564e-01, 1.320947030844047132e-01, 3.470957658821302583e-01
3.760578700961536014e-01, 1.449697968110339186e-01, 1.323554643717693435e-01, 3.466168687210430810e-01
3.760421512135422306e-01, 1.452023259563064161e-01, 1.326165988663276230e-01, 3.461389239638237303e-01
3.760250147675247567e-01, 1.454349466824207404e-01, 1.328781053148092306e-01, 3.456619332352453000e-01
3.760064620655974577e-01, 1.456676573417852449e-01, 1.331399824722575287e-01, 3.451858981203597132e-01
3.759864944345351900e-01, 1.459004562988210074e-01, 1.334022291020584006e-01, 3.447108201645853187e-01
3.759651132202339596e-01, 1.461333419300011593e-01, 1.336648439759694773e-01, 3.442367008737953760e-01
3.759423197875528810e-01, 1.463663126238910484e-01, 1.339278258741485039e-01, 3.437635417144074834e-01
3.759181155201564706e-01, 1.465993667811871515e-01, 1.341911735851816778e-01, 3.432913441134747834e-01
3.758925018203553292e-01, 1.468325028147560440e-01, 1.344548859061115709e-01, 3.428201094587770559e-01
3.758654801089479358e-01, 1.470657191496730909e-01, 1.347189616424649128e-01, 3.423498390989141438e-01
3.758370518250607195e-01, 1.472990142232606658e-01, 1.349833996082794030e-01, 3.418805343433992117e-01
3.758072184259888537e-01, 1.475323864851259825e-01, 1.352481986261312996e-01, 3.414121964627540029e-01
3.757759813870358845e-01, 1.477658343971986199e-01, 1.355133575271613156e-01, 3.409448266886040968e-01
3.757433422013539137e-01, 1.479993564337681033e-01, 1.357788751511015413e-01, 3.404784262137764417e-01
3.757093023797823395e-01, 1.482329510815202367e-01, 1.360447503463009244e-01, 3.400129961923965549e-01
3.756738634506874841e-01, 1.484666168395741281e-01, 1.363109819697508607e-01, 3.395485377399876659e-01
3.756370269598010569e-01, 1.487003522195182170e-01, 1.365775688871107008e-01, 3.390850519335700808e-01
3.755987944700591719e-01, 1.489341557454460785e-01, 1.368445099727322589e-01, 3.386225398117624352e-01
3.755591675614399771e-01, 1.491680259539920617e-01, 1.371118041096846818e-01, 3.381610023748832794e-01
3.755181478308025067e-01, 1.494019613943663172e-01, 1.373794501897782350e-01, 3.377004405850530522e-01
3.754757368917236438e-01, 1.496359606283897137e-01, 1.376474471135883115e-01, 3.372408553662983866e-01
3.754319363743366389e-01, 1.498700222305282270e-01, 1.379157937904788578e-01, 3.367822476046563041e-01
3.753867479251676298e-01, 1.501041447879271074e-01, 1.381844891386252994e-01, 3.363246181482799635e-01
3.753401732069737151e-01, 1.503383269004448242e-01, 1.384535320850373286e-01, 3.358679678075441322e-01
3.752922138985792522e-01, 1.505725671806860677e-01, 1.387229215655812198e-01, 3.354122973551535991e-01
3.752428716947133203e-01, 1.508068642540350002e-01, 1.389926565250015900e-01, 3.349576075262500896e-01
3.751921483058462958e-01, 1.510412167586882293e-01, 1.392627359169432977e-01, 3.345038990185222327e-01
3.751400454580260946e-01, 1.512756233456866717e-01, 1.395331587039722321e-01, 3.340511724923150849e-01
3.750865648927152463e-01, 1.515100826789479160e-01, 1.398039238575963517e-01, 3.335994285707405416e-01
3.750317083666267481e-01, 1.517445934352976977e-01, 1.400750303582859457e-01, 3.331486678397895806e-01
3.749754776515607513e-01, 1.519791543045012072e-01, 1.403464771954938684e-01, 3.326988908484442287e-01
3.749178745342402475e-01, 1.522137639892939820e-01, 1.406182633676748006e-01, 3.322500981087909699e-01
3.748589008161475333e-01, 1.524484212054125487e-01, 1.408903878823048184e-01, 3.318022900961350441e-01
3.747985583133603416e-01, 1.526831246816244547e-01, 1.411628497558999884e-01, 3.313554672491151876e-01
3.747368488563873612e-01, 1.529178731597583274e-01, 1.414356480140350203e-01, 3.309096299698192634e-01
3.746737742900045354e-01, 1.531526653947331840e-01, 1.417087816913609744e-01, 3.304647786239013341e-01
3.746093364730909148e-01, 1.533875001545875194e-01, 1.419822498316231085e-01, 3.300209135406983463e-01
3.745435372784646777e-01, 1.536223762205082832e-01, 1.422560514876781146e-01, 3.295780350133488135e-01
3.744763785927188171e-01, 1.538572923868590236e-01, 1.425301857215108547e-01, 3.291361432989112767e-01
3.744078623160571606e-01, 1.540922474612080040e-01, 1.428046516042505987e-01, 3.286952386184842090e-01
3.743379903621305016e-01, 1.543272402643559027e-01, 1.430794482161872050e-01, 3.282553211573264740e-01
3.742667646578720086e-01, 1.545622696303630139e-01, 1.433545746467865811e-01, 3.278163910649782853e-01
3.741941871433343558e-01, 1.547973344065762813e-01, 1.436300299947059766e-01, 3.273784484553833307e-01
3.741202597715244660e-01, 1.550324334536558046e-01, 1.439058133678083051e-01, 3.269414934070113410e-01
3.740449845082408631e-01, 1.552675656456010689e-01, 1.441819238831769101e-01, 3.265055259629810469e-01
3.739683633319091371e-01, 1.555027298697767291e-01, 1.444583606671290821e-01, 3.260705461311850795e-01
3.738903982334186304e-01, 1.557379250269379789e-01, 1.447351228552296032e-01, 3.256365538844137042e-01
3.738110912159590682e-01, 1.559731500312560859e-01, 1.450122095923037924e-01, 3.252035491604811646e-01
3.737304442948564676e-01, 1.562084038103424000e-01, 1.452896200324498566e-01, 3.247715318623510816e-01
3.736484594974111562e-01, 1.564436853052734999e-01, 1.455673533390514640e-01, 3.243405018582639077e-01
3.735651388627328484e-01, 1.566789934706145637e-01, 1.458454086847888742e-01, 3.239104589818636581e-01
3.734804844415793856e-01, 1.569143272744433493e-01, 1.461237852516505953e-01, 3.234814030323265865e-01
3.733944982961930337e-01, 1.571496856983732038e-01, 1.464024822309439866e-01, 3.230533337744897482e-01
3.733071825001376132e-01, 1.573850677375763785e-01, 1.466814988233056394e-01, 3.226262509389801747e-01
3.732185391381371287e-01, 1.576204724008060387e-01, 1.469608342387115352e-01, 3.222001542223453807e-01
3.731285703059123993e-01, 1.578558987104185518e-01, 1.472404876964858722e-01, 3.217750432871831490e-01
3.730372781100199098e-01, 1.580913457023956359e-01, 1.475204584253108353e-01, 3.213509177622737023e-01
3.729446646676893296e-01, 1.583268124263652599e-01, 1.478007456632347005e-01, 3.209277772427107100e-01
3.728507321066628077e-01, 1.585622979456230430e-01, 1.480813486576800231e-01, 3.205056212900341817e-01
3.727554825650327697e-01, 1.587978013371527108e-01, 1.483622666654511590e-01, 3.200844494323634160e-01
3.726589181910814896e-01, 1.590333216916466064e-01, 1.486434989527417594e-01, 3.196642611645301724e-01
3.725610411431205526e-01, 1.592688581135253689e-01, 1.489250447951411815e-01, 3.192450559482131189e-01
3.724618535893294280e-01, 1.595044097209577794e-01, 1.492069034776407344e-01, 3.188268332120721693e-01
3.723613577075963743e-01, 1.597399756458796616e-01, 1.494890742946397288e-01, 3.184095923518842630e-01
3.722595556853581233e-01, 1.599755550340130339e-01, 1.497715565499505574e-01, 3.179933327306783686e-01
3.721564497194401189e-01, 1.602111470448841779e-01, 1.500543495568035512e-01, 3.175780536788720965e-01
3.720520420158978658e-01, 1.604467508518420682e-01, 1.503374526378515319e-01, 3.171637544944084786e-01
3.719463347898575578e-01, 1.606823656420760804e-01, 1.506208651251733643e-01, 3.167504344428930807e-01
3.718393302653578147e-01, 1.609179906166327834e-01, 1.509045863602777038e-01, 3.163380927577315593e-01
3.717310306751918092e-01, 1.611536249904338136e-01, 1.511886156941057990e-01, 3.159267286402686059e-01
3.716214382607486155e-01, 1.613892679922916129e-01, 1.514729524870339072e-01, 3.155163412599257255e-01
3.715105552718571680e-01, 1.616249188649265256e-01, 1.517575961088753478e-01, 3.151069297543411807e-01
3.713983839666277209e-01, 1.618605768649815368e-01, 1.520425459388818068e-01, 3.146984932295088244e-01
3.712849266112969171e-01, 1.620962412630390648e-01, 1.523278013657447250e-01, 3.142910307599192654e-01
3.711701854800701916e-01, 1.623319113436351158e-01, 1.526133617875953807e-01, 3.138845413886992564e-01
3.710541628549670068e-01, 1.625675864052743835e-01, 1.528992266120052235e-01, 3.134790241277533029e-01
3.709368610256650878e-01, 1.628032657604447653e-01, 1.531853952559849852e-01, 3.130744779579049397e-01
3.708182822893457131e-01, 1.630389487356312672e-01, 1.534718671459844586e-01, 3.126709018290385056e-01
3.706984289505394492e-01, 1.632746346713295493e-01, 1.537586417178902209e-01, 3.122682946602408083e-01
3.705773033209719958e-01, 1.635103229220592203e-01, 1.540457184170241078e-01, 3.118666553399446761e-01
3.704549077194110862e-01, 1.637460128563771322e-01, 1.543330966981407149e-01, 3.114659827260711777e-01
3.703312444715132212e-01, 1.639817038568893437e-01, 1.546207760254244556e-01, 3.110662756461730627e-01
3.702063159096715683e-01, 1.642173953202636372e-01, 1.549087558724858149e-01, 3.106675328975788131e-01
3.700801243728639722e-01, 1.644530866572415650e-01, 1.551970357223579344e-01, 3.102697532475366393e-01
3.699526722065008544e-01, 1.646887772926493299e-01, 1.554856150674914783e-01, 3.098729354333581432e-01
3.698239617622759989e-01, 1.649244666654091918e-01, 1.557744934097502199e-01, 3.094770781625645339e-01
3.696939953980143412e-01, 1.651601542285502378e-01, 1.560636702604050463e-01, 3.090821801130303470e-01
3.695627754775234752e-01, 1.653958394492185680e-01, 1.563531451401284911e-01, 3.086882399331294380e-01
3.694303043704440515e-01, 1.656315218086872876e-01, 1.566429175789876560e-01, 3.082952562418810327e-01
3.692965844521007845e-01, 1.658672008023661937e-01, 1.569329871164375223e-01, 3.079032276290953885e-01
3.691616181033554045e-01, 1.661028759398111565e-01, 1.572233533013134288e-01, 3.075121526555201212e-01
3.690254077104577757e-01, 1.663385467447324739e-01, 1.575140156918226064e-01, 3.071220298529870885e-01
3.688879556649004576e-01, 1.665742127550040030e-01, 1.578049738555361292e-01, 3.067328577245594934e-01
3.687492643632714340e-01, 1.668098735226710150e-01, 1.580962273693792552e-01, 3.063446347446782680e-01
3.686093362071089508e-01, 1.670455286139579110e-01, 1.583877758196222396e-01, 3.059573593593107321e-01
3.684681736027567434e-01, 1.672811776092758274e-01, 1.586796188018698706e-01, 3.055710299860975310e-01
3.683257789612187638e-01, 1.675168201032295467e-01, 1.589717559210508668e-01, 3.051856450145007948e-01
3.681821546980164062e-01, 1.677524557046242426e-01, 1.592641867914066367e-01, 3.048012028059526868e-01
3.680373032330451766e-01, 1.679880840364717243e-01, 1.595569110364795928e-01, 3.044177016940035618e-01
3.678912269904319743e-01, 1.682237047359966264e-01, 1.598499282891006068e-01, 3.040351399844707370e-01
3.677439283983938711e-01, 1.684593174546417105e-01, 1.601432381913767133e-01, 3.036535159555877050e-01
3.675954098890967803e-01, 1.686949218580732213e-01, 1.604368403946771493e-01, 3.032728278581529602e-01
3.674456738985148463e-01, 1.689305176261858554e-01, 1.607307345596197534e-01, 3.028930739156796004e-01
3.672947228662915564e-01, 1.691661044531070357e-01, 1.610249203560565057e-01, 3.025142523245448190e-01
3.671425592356003520e-01, 1.694016820472014073e-01, 1.613193974630586780e-01, 3.021363612541396737e-01
3.669891854530060171e-01, 1.696372501310740855e-01, 1.616141655689009304e-01, 3.017593988470188560e-01
3.668346039683281767e-01, 1.698728084415748185e-01, 1.619092243710456847e-01, 3.013833632190514589e-01
3.666788172345034624e-01, 1.701083567298000976e-01, 1.622045735761261376e-01, 3.010082524595701359e-01
3.665218277074505648e-01, 1.703438947610967646e-01, 1.625002128999296080e-01, 3.006340646315229237e-01
3.663636378459341758e-01, 1.705794223150637334e-01, 1.627961420673790238e-01, 3.002607977716231225e-01
3.662042501114306514e-01, 1.708149391855541821e-01, 1.630923608125155466e-01, 2.998884498904994533e-01
3.660436669679948962e-01, 1.710504451806773296e-01, 1.633888688784791987e-01, 2.995170189728486032e-01
3.658818908821264704e-01, 1.712859401227991019e-01, 1.636856660174896838e-01, 2.991465029775847162e-01
3.657189243226381392e-01, 1.715214238485438247e-01, 1.639827519908264863e-01, 2.987768998379916607e-01
3.655547697605242008e-01, 1.717568962087940021e-01, 1.642801265688083046e-01, 2.984082074618735758e-01
3.653894296688300902e-01, 1.719923570686909264e-01, 1.645777895307720951e-01, 2.980404237317068605e-01
3.652229065225225391e-01, 1.722278063076344012e-01, 1.648757406650514790e-01, 2.976735465047914975e-01
3.650552027983607339e-01, 1.724632438192821027e-01, 1.651739797689546485e-01, 2.973075736134025981e-01
3.648863209747678638e-01, 1.726986695115484971e-01, 1.654725066487414409e-01, 2.969425028649422260e-01
3.647162635317042767e-01, 1.729340833066040362e-01, 1.657713211196003289e-01, 2.965783320420913860e-01
3.645450329505409148e-01, 1.731694851408730196e-01, 1.660704230056243291e-01, 2.962150589029618475e-01
3.643726317139335258e-01, 1.734048749650318466e-01, 1.663698121397867713e-01, 2.958526811812478008e-01
3.641990623056983734e-01, 1.736402527440066290e-01, 1.666694883639162905e-01, 2.954911965863787904e-01
3.640243272106876149e-01, 1.738756184569704433e-01, 1.669694515286710423e-01, 2.951306028036708717e-01
3.638484289146673989e-01, 1.741109720973401387e-01, 1.672697014935130566e-01, 2.947708974944793781e-01
3.636713699041944081e-01, 1.743463136727729790e-01, 1.675702381266811203e-01, 2.944120782963514094e-01
3.634931526664960666e-01, 1.745816432051631450e-01, 1.678710613051635492e-01, 2.940541428231773780e-01
3.633137796893485816e-01, 1.748169607306367668e-01, 1.681721709146705712e-01, 2.936970886653439972e-01
3.631332534609592599e-01, 1.750522662995484535e-01, 1.684735668496057381e-01, 2.933409133898864929e-01
3.629515764698465485e-01, 1.752875599764754933e-01, 1.687752490130369210e-01, 2.929856145406411483e-01
3.627687512047230722e-01, 1.755228418402129120e-01, 1.690772173166666947e-01, 2.926311896383974043e-01
3.625847801543788385e-01, 1.757581119837682282e-01, 1.693794716808023904e-01, 2.922776361810507373e-01
3.623996658075651633e-01, 1.759933705143548743e-01, 1.696820120343248972e-01, 2.919249516437550929e-01
3.622134106528805408e-01, 1.762286175533863408e-01, 1.699848383146579101e-01, 2.915731334790753193e-01
3.620260171786558456e-01, 1.764638532364692369e-01, 1.702879504677355105e-01, 2.912221791171394902e-01
3.618374878728419231e-01, 1.766990777133962964e-01, 1.705913484479698872e-01, 2.908720859657919489e-01
3.616478252228974011e-01, 1.769342911481390224e-01, 1.708950322182182235e-01, 2.905228514107453530e-01
3.614570317156778900e-01, 1.771694937188399155e-01, 1.711990017497488914e-01, 2.901744728157333864e-01
3.612651098373252934e-01, 1.774046856178040088e-01, 1.715032570222072839e-01, 2.898269475226633030e-01
3.610720620731595609e-01, 1.776398670514910405e-01, 1.718077980235809266e-01, 2.894802728517685830e-01
3.608778909075696095e-01, 1.778750382405057950e-01, 1.721126247501638951e-01, 2.891344461017606449e-01
3.606825988239070746e-01, 1.781101994195896376e-01, 1.724177372065208158e-01, 2.887894645499824997e-01
3.604861883043793402e-01, 1.783453508376102725e-01, 1.727231354054502288e-01, 2.884453254525601307e-01
3.602886618299451782e-01, 1.785804927575522505e-01, 1.730288193679472841e-01, 2.881020260445554260e-01
3.600900218802094988e-01, 1.788156254565063941e-01, 1.733347891231657723e-01, 2.877595635401183349e-01
3.598902709333217098e-01, 1.790507492256592226e-01, 1.736410447083798214e-01, 2.874179351326392462e-01
3.596894114658719666e-01, 1.792858643702820998e-01, 1.739475861689446790e-01, 2.870771379949011992e-01
3.594874459527914179e-01, 1.795209712097192711e-01, 1.742544135582570486e-01, 2.867371692792323179e-01
3.592843768672508986e-01, 1.797560700773766229e-01, 1.745615269377148726e-01, 2.863980261176574671e-01
3.590802066805631187e-01, 1.799911613207094974e-01, 1.748689263766763646e-01, 2.860597056220510193e-01
3.588749378620834096e-01, 1.802262453012097587e-01, 1.751766119524183485e-01, 2.857222048842883999e-01
3.586685728791137451e-01, 1.804613223943934142e-01, 1.754845837500945693e-01, 2.853855209763982992e-01
3.584611141968060966e-01, 1.806963929897871524e-01, 1.757928418626923117e-01, 2.850496509507143839e-01
3.582525642780679531e-01, 1.809314574909147155e-01, 1.761013863909897947e-01, 2.847145918400276199e-01
3.580429255834682301e-01, 1.811665163152829106e-01, 1.764102174435113746e-01, 2.843803406577374293e-01
3.578322005711449538e-01, 1.814015698943674537e-01, 1.767193351364837461e-01, 2.840468943980036798e-01
3.576203916967130025e-01, 1.816366186735981214e-01, 1.770287395937902020e-01, 2.837142500358986741e-01
3.574075014131737338e-01, 1.818716631123434291e-01, 1.773384309469250575e-01, 2.833824045275579184e-01
3.571935321708253341e-01, 1.821067036838957265e-01, 1.776484093349469107e-01, 2.830513548103321120e-01
3.569784864171747785e-01, 1.823417408754547664e-01, 1.779586749044319571e-01, 2.827210978029384147e-01
3.567623665968500668e-01, 1.825767751881120227e-01, 1.782692278094261951e-01, 2.823916304056116600e-01
3.565451751515137935e-01, 1.828118071368337594e-01, 1.785800682113967974e-01, 2.820629495002555664e-01
3.563269145197783816e-01, 1.830468372504442942e-01, 1.788911962791835675e-01, 2.817350519505937845e-01
3.561075871371217061e-01, 1.832818660716084291e-01, 1.792026121889489787e-01, 2.814079346023208861e-01
3.558871954358043821e-01, 1.835168941568141032e-01, 1.795143161241282148e-01, 2.810815942832533554e-01
3.556657418447874419e-01, 1.837519220763538796e-01, 1.798263082753783770e-01, 2.807560278034801904e-01
3.554432287896524545e-01, 1.839869504143070711e-01, 1.801385888405268032e-01, 2.804312319555137822e-01
3.552196586925206456e-01, 1.842219797685201721e-01, 1.804511580245188873e-01, 2.801072035144401839e-01
3.549950339719757375e-01, 1.844570107505884293e-01, 1.807640160393657602e-01, 2.797839392380700452e-01
3.547693570429855114e-01, 1.846920439858355800e-01, 1.810771631040904162e-01, 2.794614358670884924e-01
3.545426303168262017e-01, 1.849270801132942565e-01, 1.813905994446739500e-01, 2.791396901252055640e-01
3.543148562010070557e-01, 1.851621197856854473e-01, 1.817043252940009068e-01, 2.788186987193065347e-01
3.540860370991967265e-01, 1.853971636693980962e-01, 1.820183408918037427e-01, 2.784984583396014624e-01
3.538561754111499980e-01, 1.856322124444673427e-01, 1.823326464846072026e-01, 2.781789656597754568e-01
3.536252735326365637e-01, 1.858672668045536491e-01, 1.826472423256714217e-01, 2.778602173371383932e-01
3.533933338553701953e-01, 1.861023274569204855e-01, 1.829621286749348597e-01, 2.775422100127744596e-01
3.531603587669396305e-01, 1.863373951224122915e-01, 1.832773057989564303e-01, 2.772249403116916477e-01
3.529263506507403503e-01, 1.865724705354314950e-01, 1.835927739708567430e-01, 2.769084048429715228e-01
3.526913118859071328e-01, 1.868075544439157520e-01, 1.839085334702591779e-01, 2.765926001999179373e-01
3.524552448472489385e-01, 1.870426476093143553e-01, 1.842245845832299056e-01, 2.762775229602068006e-01
3.522181519051837406e-01, 1.872777508065643359e-01, 1.845409276022174916e-01, 2.759631696860345151e-01
3.519800354256748531e-01, 1.875128648240662610e-01, 1.848575628259914450e-01, 2.756495369242674132e-01
3.517408977701692030e-01, 1.877479904636594754e-01, 1.851744905595809620e-01, 2.753366212065903040e-01
3.515007412955357124e-01, 1.879831285405972052e-01, 1.854917111142119213e-01, 2.750244190496550778e-01
3.512595683540054026e-01, 1.882182798835210502e-01, 1.858092248072441277e-01, 2.747129269552294195e-01
3.510173812931127180e-01, 1.884534453344350602e-01, 1.861270319621072533e-01, 2.744021414103448575e-01
3.507741824556379617e-01, 1.886886257486794782e-01, 1.864451329082366937e-01, 2.740920588874457553e-01
3.505299741795510071e-01, 1.889238219949042064e-01, 1.867635279810082871e-01, 2.737826758445364717e-01
3.502847587979556199e-01, 1.891590349550415773e-01, 1.870822175216725058e-01, 2.734739887253302415e-01
3.500385386390361675e-01, 1.893942655242790707e-01, 1.874012018772882038e-01, 2.731659939593966691e-01
3.497913160260042731e-01, 1.896295146110310026e-01, 1.877204814006552536e-01, 2.728586879623093320e-01
3.495430932770478005e-01, 1.898647831369109362e-01, 1.880400564502471561e-01, 2.725520671357939406e-01
3.492938727052798953e-01, 1.901000720367022889e-01, 1.883599273901423454e-01, 2.722461278678753316e-01
3.490436566186903011e-01, 1.903353822583295218e-01, 1.886800945899549664e-01, 2.719408665330250718e-01
3.487924473200972875e-01, 1.905707147628285247e-01, 1.890005584247654857e-01, 2.716362794923087298e-01
3.485402471071006314e-01, 1.908060705243165844e-01, 1.893213192750499430e-01, 2.713323630935328135e-01
3.482870582720367647e-01, 1.910414505299622978e-01, 1.896423775266089795e-01, 2.710291136713920412e-01
3.480328831019340874e-01, 1.912768557799541802e-01, 1.899637335704958407e-01, 2.707265275476158362e-01
3.477777238784698910e-01, 1.915122872874702453e-01, 1.902853878029442947e-01, 2.704246010311156523e-01
3.475215828779288363e-01, 1.917477460786453369e-01, 1.906073406252950242e-01, 2.701233304181308026e-01
3.472644623711620970e-01, 1.919832331925399871e-01, 1.909295924439221581e-01, 2.698227119923757300e-01
3.470063646235483357e-01, 1.922187496811073038e-01, 1.912521436701586919e-01, 2.695227420251857797e-01
3.467472918949550120e-01, 1.924542966091601082e-01, 1.915749947202210202e-01, 2.692234167756638041e-01
3.464872464397026341e-01, 1.926898750543378502e-01, 1.918981460151334972e-01, 2.689247324908262127e-01
3.462262305065275103e-01, 1.929254861070721638e-01, 1.922215979806514707e-01, 2.686266854057487996e-01
3.459642463385491640e-01, 1.931611308705533103e-01, 1.925453510471845653e-01, 2.683292717437129604e-01
3.457012961732356948e-01, 1.933968104606949012e-01, 1.928694056497182729e-01, 2.680324877163510200e-01
3.454373822423729701e-01, 1.936325260060990650e-01, 1.931937622277355160e-01, 2.677363295237925045e-01
3.451725067720331497e-01, 1.938682786480205311e-01, 1.935184212251373770e-01, 2.674407933548089145e-01
3.449066719825458205e-01, 1.941040695403310201e-01, 1.938433830901632460e-01, 2.671458753869599967e-01
3.446398800884699076e-01, 1.943398998494821617e-01, 1.941686482753098020e-01, 2.668515717867381842e-01
3.443721332985663075e-01, 1.945757707544690240e-01, 1.944942172372500777e-01, 2.665578787097144797e-01
3.441034338157729078e-01, 1.948116834467924774e-01, 1.948200904367510811e-01, 2.662647923006833950e-01
3.438337838371796074e-01, 1.950476391304212243e-01, 1.951462683385912500e-01, 2.659723086938077796e-01
3.435631855540056678e-01, 1.952836390217536633e-01, 1.954727514114768805e-01, 2.656804240127638717e-01
3.432916411515775090e-01, 1.955196843495787540e-01, 1.957995401279581382e-01, 2.653891343708856820e-01
3.430191528093083919e-01, 1.957557763550371865e-01, 1.961266349643439599e-01, 2.650984358713103783e-01
3.427457227006792118e-01, 1.959919162915811641e-01, 1.964540364006169826e-01, 2.648083246071226693e-01
3.424713529932198464e-01, 1.962281054249346013e-01, 1.967817449203469737e-01, 2.645187966614985786e-01
3.421960458484931689e-01, 1.964643450330520735e-01, 1.971097610106039288e-01, 2.642298481078508843e-01
3.419198034220788385e-01, 1.967006364060777390e-01, 1.974380851618706689e-01, 2.639414750099727258e-01
3.416426278635595337e-01, 1.969369808463039273e-01, 1.977667178679543558e-01, 2.636536734221821554e-01
3.413645213165077408e-01, 1.971733796681284789e-01, 1.980956596258975355e-01, 2.633664393894662448e-01
3.410854859184739296e-01, 1.974098341980127236e-01, 1.984249109358884322e-01, 2.630797689476248591e-01
3.408055238009766175e-01, 1.976463457744377372e-01, 1.987544723011705483e-01, 2.627936581234151525e-01
3.405246370894925434e-01, 1.978829157478612655e-01, 1.990843442279515429e-01, 2.625081029346947870e-01
3.402428279034491188e-01, 1.981195454806732592e-01, 1.994145272253113332e-01, 2.622230993905662610e-01
3.399600983562180989e-01, 1.983562363471514101e-01, 1.997450218051098347e-01, 2.619386434915206840e-01
3.396764505551095881e-01, 1.985929897334159644e-01, 2.000758284818933419e-01, 2.616547312295810501e-01
3.393918866013686531e-01, 1.988298070373841764e-01, 2.004069477728010196e-01, 2.613713585884461788e-01
3.391064085901718816e-01, 1.990666896687240672e-01, 2.007383801974699511e-01, 2.610885215436341000e-01
3.388200186106264944e-01, 1.993036390488079901e-01, 2.010701262779399368e-01, 2.608062160626256065e-01
3.385327187457696230e-01, 1.995406566106651403e-01, 2.014021865385576260e-01, 2.605244381050076385e-01
3.382445110725698090e-01, 1.997777437989341209e-01, 2.017345615058792618e-01, 2.602431836226167805e-01
3.379553976619288913e-01, 2.000149020698147873e-01, 2.020672517085738418e-01, 2.599624485596824242e-01
3.376653805786859475e-01, 2.002521328910193688e-01, 2.024002576773247242e-01, 2.596822288529699874e-01
3.373744618816220675e-01, 2.004894377417233142e-01, 2.027335799447304576e-01, 2.594025204319242994e-01
3.370826436234662937e-01, 2.007268181125153317e-01, 2.030672190452056103e-01, 2.591233192188128198e-01
3.367899278509035588e-01, 2.009642755053474283e-01, 2.034011755148804612e-01, 2.588446211288685794e-01
3.364963166045830123e-01, 2.012018114334836183e-01, 2.037354498914998036e-01, 2.585664220704335103e-01
3.362018119191282350e-01, 2.014394274214489355e-01, 2.040700427143213591e-01, 2.582887179451013870e-01
3.359064158231483965e-01, 2.016771250049771980e-01, 2.044049545240134991e-01, 2.580115046478608232e-01
3.356101303392508561e-01, 2.019149057309586326e-01, 2.047401858625518822e-01, 2.577347780672386013e-01
3.353129574840552074e-01, 2.021527711573868624e-01, 2.050757372731158712e-01, 2.574585340854420590e-01
3.350148992682079330e-01, 2.023907228533051439e-01, 2.054116092999838383e-01, 2.571827685785029738e-01
3.347159576963995020e-01, 2.026287623987525210e-01, 2.057478024884281942e-01, 2.569074774164198938e-01
3.344161347673814122e-01, 2.028668913847087030e-01, 2.060843173846090559e-01, 2.566326564633009122e-01
3.341154324739854520e-01, 2.031051114130390245e-01, 2.064211545354679156e-01, 2.563583015775075524e-01
3.338138528031440733e-01, 2.033434240964388517e-01, 2.067583144886203650e-01, 2.560844086117967100e-01
3.335113977359115967e-01, 2.035818310583764335e-01, 2.070957977922475712e-01, 2.558109734134643709e-01
3.332080692474874151e-01, 2.038203339330365016e-01, 2.074336049949880856e-01, 2.555379918244880533e-01
3.329038693072394195e-01, 2.040589343652624843e-01, 2.077717366458279313e-01, 2.552654596816701371e-01
3.325987998787302558e-01, 2.042976340104982191e-01, 2.081101932939908028e-01, 2.549933728167806390e-01
3.322928629197433037e-01, 2.045364345347294999e-01, 2.084489754888269042e-01, 2.547217270567004865e-01
3.319860603823103218e-01, 2.047753376144243742e-01, 2.087880837797012612e-01, 2.544505182235641261e-01
3.316783942127417562e-01, 2.050143449364733306e-01, 2.091275187158819215e-01, 2.541797421349029640e-01
3.313698663516561616e-01, 2.052534581981289297e-01, 2.094672808464265734e-01, 2.539093946037884186e-01
3.310604787340119537e-01, 2.054926791069441594e-01, 2.098073707200690530e-01, 2.536394714389748062e-01
3.307502332891412711e-01, 2.057320093807113448e-01, 2.101477888851046860e-01, 2.533699684450427259e-01
3.304391319407831151e-01, 2.059714507473991429e-01, 2.104885358892754632e-01, 2.531008814225422232e-01
3.301271766071198210e-01, 2.062110049450900096e-01, 2.108296122796542438e-01, 2.528322061681359534e-01
3.298143692008130845e-01, 2.064506737219162225e-01, 2.111710186025279878e-01, 2.525639384747426219e-01
3.295007116290428750e-01, 2.066904588359959327e-01, 2.115127554032809887e-01, 2.522960741316802591e-01
3.291862057935457386e-01, 2.069303620553682443e-01, 2.118548232262765230e-01, 2.520286089248095496e-01
3.288708535906562092e-01, 2.071703851579274891e-01, 2.121972226147386953e-01, 2.517615386366776620e-01
3.285546569113482751e-01, 2.074105299313575845e-01, 2.125399541106329504e-01, 2.514948590466613010e-01
3.282376176412785673e-01, 2.076507981730645880e-01, 2.128830182545460026e-01, 2.512285659311109254e-01
3.279197376608307679e-01, 2.078911916901100554e-01, 2.132264155855653764e-01, 2.509626550634938003e-01
3.276010188451610738e-01, 2.081317122991422908e-01, 2.135701466411581984e-01, 2.506971222145383260e-01
3.272814630642453815e-01, 2.083723618263282062e-01, 2.139142119570486278e-01, 2.504319631523778122e-01
3.269610721829268041e-01, 2.086131421072834613e-01, 2.142586120670957051e-01, 2.501671736426940851e-01
3.266398480609656874e-01, 2.088540549870027963e-01, 2.146033475031694504e-01, 2.499027494488619550e-01
3.263177925530901247e-01, 2.090951023197892000e-01, 2.149484187950273240e-01, 2.496386863320932681e-01
3.259949075090472492e-01, 2.093362859691827171e-01, 2.152938264701889093e-01, 2.493749800515810688e-01
3.256711947736570245e-01, 2.095776078078880889e-01, 2.156395710538108468e-01, 2.491116263646440954e-01
3.253466561868660900e-01, 2.098190697177023667e-01, 2.159856530685603793e-01, 2.488486210268711085e-01
3.250212935838038275e-01, 2.100606735894414989e-01, 2.163320730344889253e-01, 2.485859597922657205e-01
3.246951087948388159e-01, 2.103024213228660289e-01, 2.166788314689042927e-01, 2.483236384133910013e-01
3.243681036456366740e-01, 2.105443148266066822e-01, 2.170259288862425029e-01, 2.480616526415141965e-01
3.240402799572199566e-01, 2.107863560180887053e-01, 2.173733657979393941e-01, 2.477999982267519719e-01
3.237116395460283291e-01, 2.110285468234557316e-01, 2.177211427123005028e-01, 2.475386709182154643e-01
3.233821842239799627e-01, 2.112708891774931486e-01, 2.180692601343714732e-01, 2.472776664641553324e-01
3.230519157985352607e-01, 2.115133850235501600e-01, 2.184177185658070508e-01, 2.470169806121074452e-01
3.227208360727601977e-01, 2.117560363134621260e-01, 2.187665185047392991e-01, 2.467566091090383773e-01
3.223889468453921547e-01, 2.119988450074709874e-01, 2.191156604456459545e-01, 2.464965477014908202e-01
3.220562499109067556e-01, 2.122418130741459963e-01, 2.194651448792174220e-01, 2.462367921357297984e-01
3.217227470595849237e-01, 2.124849424903033079e-01, 2.198149722922232985e-01, 2.459773381578886087e-01
3.213884400775823269e-01, 2.127282352409244626e-01, 2.201651431673782022e-01, 2.457181815141148973e-01
3.210533307469999875e-01, 2.129716933190751171e-01, 2.205156579832076580e-01, 2.454593179507172096e-01
3.207174208459548925e-01, 2.132153187258220561e-01, 2.208665172139117339e-01, 2.452007432143113175e-01
3.203807121486528797e-01, 2.134591134701500359e-01, 2.212177213292298994e-01, 2.449424530519671295e-01
3.200432064254628561e-01, 2.137030795688777685e-01, 2.215692707943039408e-01, 2.446844432113553791e-01
3.197049054429912940e-01, 2.139472190465728785e-01, 2.219211660695408483e-01, 2.444267094408950625e-01
3.193658109641582810e-01, 2.141915339354667214e-01, 2.222734076104748158e-01, 2.441692474899001541e-01
3.190259247482754579e-01, 2.144360262753677859e-01, 2.226259958676289341e-01, 2.439120531087278498e-01
3.186852485511240118e-01, 2.146806981135748749e-01, 2.229789312863757755e-01, 2.436551220489255043e-01
3.183437841250343348e-01, 2.149255515047890641e-01, 2.233322143067976162e-01, 2.433984500633789849e-01
3.180015332189673471e-01, 2.151705885110253291e-01, 2.236858453635467425e-01, 2.431420329064605812e-01
3.176584975785960441e-01, 2.154158112015230886e-01, 2.240398248857033980e-01, 2.428858663341774693e-01
3.173146789463889839e-01, 2.156612216526560821e-01, 2.243941532966350905e-01, 2.426299461043199823e-01
3.169700790616940544e-01, 2.159068219478415263e-01, 2.247488310138539003e-01, 2.423742679766105190e-01
3.166246996608247932e-01, 2.161526141774485210e-01, 2.251038584488741223e-01, 2.421188277128525634e-01
3.162785424771462628e-01, 2.163986004387054018e-01, 2.254592360070684920e-01, 2.418636210770797323e-01
3.159316092411632582e-01, 2.166447828356067307e-01, 2.258149640875245223e-01, 2.416086438357054889e-01
3.155839016806086805e-01, 2.168911634788191212e-01, 2.261710430828998142e-01, 2.413538917576722731e-01
3.152354215205342980e-01, 2.171377444855864536e-01, 2.265274733792771722e-01, 2.410993606146021595e-01
3.148861704834010622e-01, 2.173845279796340901e-01, 2.268842553560185549e-01, 2.408450461809463761e-01
3.145361502891717564e-01, 2.176315160910729241e-01, 2.272413893856193023e-01, 2.405909442341360449e-01
3.141853626554045875e-01, 2.178787109563017632e-01, 2.275988758335610040e-01, 2.403370505547327840e-01
3.138338092973470550e-01, 2.181261147179091864e-01, 2.279567150581641999e-01, 2.400833609265794200e-01
3.134814919280323742e-01, 2.183737295245752330e-01, 2.283149074104407483e-01, 2.398298711369516445e-01
3.131284122583748442e-01, 2.186215575309712056e-01, 2.286734532339449177e-01, 2.395765769767088937e-01
3.127745719972691574e-01, 2.188696008976594998e-01, 2.290323528646249218e-01, 2.393234742404463655e-01
3.124199728516878216e-01, 2.191178617909922410e-01, 2.293916066306729007e-01, 2.390705587266470922e-01
3.120646165267819128e-01, 2.193663423830089776e-01, 2.297512148523753184e-01, 2.388178262378337080e-01
3.117085047259821051e-01, 2.196150448513341236e-01, 2.301111778419621112e-01, 2.385652725807216878e-01
3.113516391510999237e-01, 2.198639713790727646e-01, 2.304714959034558641e-01, 2.383128935663715309e-01
3.109940215024316612e-01, 2.201131241547063244e-01, 2.308321693325199875e-01, 2.380606850103420546e-01
3.106356534788624058e-01, 2.203625053719868998e-01, 2.311931984163068665e-01, 2.378086427328438834e-01
3.102765367779705685e-01, 2.206121172298311506e-01, 2.315545834333051778e-01, 2.375567625588930476e-01
3.099166730961350202e-01, 2.208619619322131356e-01, 2.319163246531868172e-01, 2.373050403184649992e-01
3.095560641286417836e-01, 2.211120416880561212e-01, 2.322784223366535505e-01, 2.370534718466485169e-01
3.091947115697926129e-01, 2.213623587111238911e-01, 2.326408767352827756e-01, 2.368020529838006927e-01
3.088326171130140185e-01, 2.216129152199110830e-01, 2.330036880913731734e-01, 2.365507795757017806e-01
3.084697824509678443e-01, 2.218637134375326392e-01, 2.333668566377897213e-01, 2.362996474737096841e-01
3.081062092756624571e-01, 2.221147555916124228e-01, 2.337303825978087057e-01, 2.360486525349163867e-01
3.077418992785651009e-01, 2.223660439141706413e-01, 2.340942661849611528e-01, 2.357977906223031050e-01
3.073768541507151952e-01, 2.226175806415111591e-01, 2.344585076028773141e-01, 2.355470576048963594e-01
3.070110755828385218e-01, 2.228693680141073108e-01, 2.348231070451296254e-01, 2.352964493579245142e-01
3.066445652654626874e-01, 2.231214082764869100e-01, 2.351880646950756382e-01, 2.350459617629747366e-01
3.062773248890331423e-01, 2.233737036771167583e-01, 2.355533807257007561e-01, 2.347955907081494265e-01
3.059093561440303644e-01, 2.236262564682857112e-01, 2.359190552994599732e-01, 2.345453320882240067e-01
3.055406607210880421e-01, 2.238790689059874661e-01, 2.362850885681199720e-01, 2.342951818048044921e-01
3.051712403111122018e-01, 2.241321432498022403e-01, 2.366514806726001674e-01, 2.340451357664853627e-01
3.048010966054010562e-01, 2.243854817627771725e-01, 2.370182317428137786e-01, 2.337951898890079927e-01
3.044302312957657408e-01, 2.246390867113065293e-01, 2.373853418975084562e-01, 2.335453400954191627e-01
3.040586460746527164e-01, 2.248929603650105247e-01, 2.377528112441064656e-01, 2.332955823162302933e-01
3.036863426352657824e-01, 2.251471049966134175e-01, 2.381206398785445655e-01, 2.330459124895763179e-01
3.033133226716900888e-01, 2.254015228818207761e-01, 2.384888278851135246e-01, 2.327963265613755828e-01
3.029395878790167584e-01, 2.256562162991959108e-01, 2.388573753362976393e-01, 2.325468204854897469e-01
3.025651399534676766e-01, 2.259111875300349737e-01, 2.392262822926131405e-01, 2.322973902238840982e-01
3.021899805925226667e-01, 2.261664388582418916e-01, 2.395955488024472668e-01, 2.320480317467881748e-01
3.018141114950454451e-01, 2.264219725702016350e-01, 2.399651749018963665e-01, 2.317987410328564424e-01
3.014375343614125180e-01, 2.266777909546532632e-01, 2.403351606146038877e-01, 2.315495140693302756e-01
3.010602508936416344e-01, 2.269338963025616107e-01, 2.407055059515983142e-01, 2.313003468521985517e-01
3.006822627955209049e-01, 2.271902909069882792e-01, 2.410762109111302676e-01, 2.310512353863605206e-01
3.003035717727404186e-01, 2.274469770629617138e-01, 2.414472754785102759e-01, 2.308021756857877582e-01
2.999241795330219729e-01, 2.277039570673462243e-01, 2.418186996259452382e-01, 2.305531637736867312e-01
2.995440877862521889e-01, 2.279612332187103685e-01, 2.421904833123756651e-01, 2.303041956826616388e-01
2.991632982446150724e-01, 2.282188078171944468e-01, 2.425626264833119217e-01, 2.300552674548785037e-01
2.987818126227254067e-01, 2.284766831643765816e-01, 2.429351290706703859e-01, 2.298063751422275147e-01
2.983996326377630903e-01, 2.287348615631385196e-01, 2.433079909926102180e-01, 2.295575148064881998e-01
2.980167600096084723e-01, 2.289933453175301004e-01, 2.436812121533685482e-01, 2.293086825194929901e-01
2.976331964609778558e-01, 2.292521367326331716e-01, 2.440547924430967464e-01, 2.290598743632923096e-01
2.972489437175604432e-01, 2.295112381144243652e-01, 2.444287317376959423e-01, 2.288110864303192493e-01
2.968640035081554496e-01, 2.297706517696368189e-01, 2.448030298986524911e-01, 2.285623148235551294e-01
2.964783775648100472e-01, 2.300303800056217596e-01, 2.451776867728732157e-01, 2.283135556566950330e-01
2.960920676229578108e-01, 2.302904251302078376e-01, 2.455527021925206776e-01, 2.280648050543137573e-01
2.957050754215587718e-01, 2.305507894515608780e-01, 2.459280759748483369e-01, 2.278160591520320410e-01
2.953174027032387516e-01, 2.308114752780421330e-01, 2.463038079220355170e-01, 2.275673140966835151e-01
2.949290512144304710e-01, 2.310724849180655072e-01, 2.466798978210223703e-01, 2.273185660464815405e-01
2.945400227055146591e-01, 2.313338206799542829e-01, 2.470563454433446493e-01, 2.270698111711862421e-01
2.941503189309622734e-01, 2.315954848717965975e-01, 2.474331505449685609e-01, 2.268210456522724572e-01
2.937599416494766635e-01, 2.318574798013001426e-01, 2.478103128661256760e-01, 2.265722656830974624e-01
2.933688926241372896e-01, 2.321198077756460032e-01, 2.481878321311473123e-01, 2.263234674690693948e-01
2.929771736225432188e-01, 2.323824711013415534e-01, 2.485657080482995829e-01, 2.260746472278157837e-01
2.925847864169572321e-01, 2.326454720840724910e-01, 2.489439403096179448e-01, 2.258258011893522210e-01
2.921917327844516521e-01, 2.329088130285540958e-01, 2.493225285907422484e-01, 2.255769255962520037e-01
2.917980145070527831e-01, 2.331724962383811550e-01, 2.497014725507509247e-01, 2.253280167038151371e-01
2.914036333718875160e-01, 2.334365240158774724e-01, 2.500807718319963957e-01, 2.250790707802386992e-01
2.910085911713298779e-01, 2.337008986619443229e-01, 2.504604260599395116e-01, 2.248300841067863154e-01
2.906128897031479141e-01, 2.339656224759080194e-01, 2.508404348429848496e-01, 2.245810529779590781e-01
2.902165307706514596e-01, 2.342306977553664515e-01, 2.512207977723157071e-01, 2.243319737016664095e-01
2.898195161828399091e-01, 2.344961267960350704e-01, 2.516015144217287891e-01, 2.240828425993962592e-01
2.894218477545508761e-01, 2.347619118915916792e-01, 2.519825843474703397e-01, 2.238336560063871605e-01
2.890235273066093513e-01, 2.350280553335203637e-01, 2.523640070880706632e-01, 2.235844102717995663e-01
2.886245566659769168e-01, 2.352945594109550342e-01, 2.527457821641804214e-01, 2.233351017588875720e-01
2.882249376659015705e-01, 2.355614264105211075e-01, 2.531279090784059327e-01, 2.230857268451714448e-01
2.878246721460678281e-01, 2.358286586161774667e-01, 2.535103873151452469e-01, 2.228362819226094027e-01
2.874237619527478249e-01, 2.360962583090568112e-01, 2.538932163404244990e-01, 2.225867633977708093e-01
2.870222089389519171e-01, 2.363642277673052572e-01, 2.542763956017339289e-01, 2.223371676920090356e-01
2.866200149645800055e-01, 2.366325692659211888e-01, 2.546599245278645118e-01, 2.220874912416343216e-01
2.862171818965738024e-01, 2.369012850765934153e-01, 2.550438025287451449e-01, 2.218377304980876374e-01
2.858137116090682106e-01, 2.371703774675381904e-01, 2.554280289952795546e-01, 2.215878819281140721e-01
2.854096059835440902e-01, 2.374398487033352600e-01, 2.558126032991837051e-01, 2.213379420139369447e-01
2.850048669089809139e-01, 2.377097010447637437e-01, 2.561975247928237609e-01, 2.210879072534317480e-01
2.845994962820093677e-01, 2.379799367486363781e-01, 2.565827928090536614e-01, 2.208377741603006761e-01
2.841934960070650051e-01, 2.382505580676334833e-01, 2.569684066610541384e-01, 2.205875392642473176e-01
2.837868679965417362e-01, 2.385215672501357909e-01, 2.573543656421712900e-01, 2.203371991111512940e-01
2.833796141709447047e-01, 2.387929665400566059e-01, 2.577406690257553756e-01, 2.200867502632433137e-01
2.829717364590454420e-01, 2.390647581766730256e-01, 2.581273160650010556e-01, 2.198361892992805877e-01
2.825632367980348003e-01, 2.393369443944567132e-01, 2.585143059927866305e-01, 2.195855128147219115e-01
2.821541171336779952e-01, 2.396095274229030070e-01, 2.589016380215152791e-01, 2.193347174219036910e-01
2.817443794204687046e-01, 2.398825094863606122e-01, 2.592893113429552421e-01, 2.190837997502154133e-01
2.813340256217837232e-01, 2.401558928038589336e-01, 2.596773251280815598e-01, 2.188327564462757002e-01
2.809230577100378379e-01, 2.404296795889357963e-01, 2.600656785269178650e-01, 2.185815841741084731e-01
2.805114776668382048e-01, 2.407038720494639183e-01, 2.604543706683787874e-01, 2.183302796153191172e-01
2.800992874831396695e-01, 2.409784723874763279e-01, 2.608434006601129673e-01, 2.180788394692710352e-01
2.796864891593995872e-01, 2.412534827989920028e-01, 2.612327675883461264e-01, 2.178272604532623391e-01
2.792730847057329768e-01, 2.415289054738393171e-01, 2.616224705177256360e-01, 2.175755393027021256e-01
2.788590761420671749e-01, 2.418047425954801266e-01, 2.620125084911650304e-01, 2.173236727712875849e-01
2.784444654982975997e-01, 2.420809963408321330e-01, 2.624028805296892974e-01, 2.170716576311810808e-01
2.780292548144420728e-01, 2.423576688800907764e-01, 2.627935856322805019e-01, 2.168194906731866212e-01
2.776134461407963050e-01, 2.426347623765510164e-01, 2.631846227757248524e-01, 2.165671687069277707e-01
2.771970415380890507e-01, 2.429122789864272269e-01, 2.635759909144597124e-01, 2.163146885610241488e-01
2.767800430776363174e-01, 2.431902208586733671e-01, 2.639676889804213888e-01, 2.160620470832689821e-01
2.763624528414971304e-01, 2.434685901348018766e-01, 2.643597158828943638e-01, 2.158092411408065459e-01
2.759442729226276869e-01, 2.437473889487024592e-01, 2.647520705083602488e-01, 2.155562676203095496e-01
2.755255054250362323e-01, 2.440266194264591737e-01, 2.651447517203482929e-01, 2.153031234281562734e-01
2.751061524639372147e-01, 2.443062836861680520e-01, 2.655377583592862245e-01, 2.150498054906084811e-01
2.746862161659062718e-01, 2.445863838377531074e-01, 2.659310892423520922e-01, 2.147963107539884731e-01
2.742656986690336640e-01, 2.448669219827823151e-01, 2.663247431633270490e-01, 2.145426361848569441e-01
2.738446021230786509e-01, 2.451479002142823715e-01, 2.667187188924486918e-01, 2.142887787701902302e-01
2.734229286896230904e-01, 2.454293206165532593e-01, 2.671130151762657334e-01, 2.140347355175579447e-01
2.730006805422246496e-01, 2.457111852649821182e-01, 2.675076307374928408e-01, 2.137805034553003081e-01
2.725778598665706820e-01, 2.459934962258561175e-01, 2.679025642748674718e-01, 2.135260796327057009e-01
2.721544688606302165e-01, 2.462762555561754663e-01, 2.682978144630064343e-01, 2.132714611201878274e-01
2.717305097348072795e-01, 2.465594653034648420e-01, 2.686933799522644994e-01, 2.130166450094632957e-01
2.713059847120931622e-01, 2.468431275055851803e-01, 2.690892593685932366e-01, 2.127616284137285319e-01
2.708808960282174105e-01, 2.471272441905441597e-01, 2.694854513134011809e-01, 2.125064084678371656e-01
2.704552459318008695e-01, 2.474118173763066308e-01, 2.698819543634155549e-01, 2.122509823284768893e-01
2.700290366845055634e-01, 2.476968490706042136e-01, 2.702787670705437129e-01, 2.119953471743464546e-01
2.696022705611859638e-01, 2.479823412707443386e-01, 2.706758879617371383e-01, 2.117395002063326148e-01
2.691749498500393134e-01, 2.482682959634190945e-01, 2.710733155388553861e-01, 2.114834386476862615e-01
2.687470768527551734e-01, 2.485547151245129371e-01, 2.714710482785322454e-01, 2.112271597441995330e-01
2.683186538846652480e-01, 2.488416007189107326e-01, 2.718690846320422905e-01, 2.109706607643817844e-01
2.678896832748916546e-01, 2.491289547003044114e-01, 2.722674230251682648e-01, 2.107139389996356971e-01
2.674601673664955270e-01, 2.494167790109997618e-01, 2.726660618580712958e-01, 2.104569917644333599e-01
2.670301085166250088e-01, 2.497050755817227796e-01, 2.730649995051603884e-01, 2.101998163964918509e-01
2.665995090966618020e-01, 2.499938463314249071e-01, 2.734642343149644717e-01, 2.099424102569487638e-01
2.661683714923683275e-01, 2.502830931670887438e-01, 2.738637646100054446e-01, 2.096847707305374842e-01
2.657366981040334974e-01, 2.505728179835326475e-01, 2.742635886866717221e-01, 2.094268952257619665e-01
2.653044913466179877e-01, 2.508630226632152516e-01, 2.746637048150949445e-01, 2.091687811750718162e-01
2.648717536498987335e-01, 2.511537090760392887e-01, 2.750641112390257437e-01, 2.089104260350362063e-01
2.644384874586134249e-01, 2.514448790791555810e-01, 2.754648061757128397e-01, 2.086518272865182655e-01
2.640046952326028928e-01, 2.517365345167661417e-01, 2.758657878157821930e-01, 2.083929824348487447e-01
2.635703794469546057e-01, 2.520286772199272218e-01, 2.762670543231187104e-01, 2.081338890099995176e-01
2.631355425921435010e-01, 2.523213090063517461e-01, 2.766686038347483390e-01, 2.078745445667564695e-01
2.627001871741735939e-01, 2.526144316802116374e-01, 2.770704344607223812e-01, 2.076149466848922764e-01
2.622643157147178106e-01, 2.529080470319400864e-01, 2.774725442840031420e-01, 2.073550929693388778e-01
2.618279307512573761e-01, 2.532021568380330434e-01, 2.778749313603509075e-01, 2.070949810503587840e-01
2.613910348372201486e-01, 2.534967628608503776e-01, 2.782775937182123682e-01, 2.068346085837170223e-01
2.609536305421183977e-01, 2.537918668484177021e-01, 2.786805293586115950e-01, 2.065739732508522497e-01
2.605157204516853620e-01, 2.540874705342269224e-01, 2.790837362550412371e-01, 2.063130727590464786e-01
2.600773071680108073e-01, 2.543835756370368406e-01, 2.794872123533562180e-01, 2.060519048415961063e-01
2.596383933096763075e-01, 2.546801838606740920e-01, 2.798909555716690423e-01, 2.057904672579807248e-01
2.591989815118883600e-01, 2.549772968938329720e-01, 2.802949638002462107e-01, 2.055287577940323740e-01
2.587590744266118348e-01, 2.552749164098763734e-01, 2.806992349014075239e-01, 2.052667742621042679e-01
2.583186747227011471e-01, 2.555730440666350578e-01, 2.811037667094254955e-01, 2.050045145012382719e-01
2.578777850860315968e-01, 2.558716815062080374e-01, 2.815085570304280416e-01, 2.047419763773324353e-01
2.574364082196282100e-01, 2.561708303547619581e-01, 2.819136036423019465e-01, 2.044791577833078022e-01
2.569945468437952463e-01, 2.564704922223314809e-01, 2.823189042945987159e-01, 2.042160566392743903e-01
2.565522036962425978e-01, 2.567706687026183876e-01, 2.827244567084421512e-01, 2.039526708926969467e-01
2.561093815322127432e-01, 2.570713613727908520e-01, 2.831302585764371438e-01, 2.036889985185592056e-01
2.556660831246055920e-01, 2.573725717932841550e-01, 2.835363075625815799e-01, 2.034250375195285898e-01
2.552223112641023306e-01, 2.576743015075988463e-01, 2.839426013021791873e-01, 2.031607859261194693e-01
2.547780687592881010e-01, 2.579765520421014591e-01, 2.843491374017546036e-01, 2.028962417968558363e-01
2.543333584367731826e-01, 2.582793249058230045e-01, 2.847559134389705537e-01, 2.026314032184332870e-01
2.538881831413134504e-01, 2.585826215902595204e-01, 2.851629269625467478e-01, 2.023662683058801981e-01
2.534425457359291700e-01, 2.588864435691712873e-01, 2.855701754921811664e-01, 2.021008352027184873e-01
2.529964491020219586e-01, 2.591907922983823775e-01, 2.859776565184729002e-01, 2.018351020811227359e-01
2.525498961394915254e-01, 2.594956692155813149e-01, 2.863853675028477097e-01, 2.015690671420794777e-01
2.521028897668501911e-01, 2.598010757401201798e-01, 2.867933058774848609e-01, 2.013027286155448514e-01
2.516554329213360752e-01, 2.601070132728152129e-01, 2.872014690452466823e-01, 2.010360847606018908e-01
2.512075285590252838e-01, 2.604134831957474194e-01, 2.876098543796106188e-01, 2.007691338656167057e-01
2.507591796549421548e-01, 2.607204868720623958e-01, 2.880184592246018971e-01, 2.005018742483935801e-01
2.503103892031683375e-01, 2.610280256457716552e-01, 2.884272808947303535e-01, 2.002343042563295983e-01
2.498611602169504009e-01, 2.613361008415533981e-01, 2.888363166749283173e-01, 1.999664222665678837e-01
2.494114957288054435e-01, 2.616447137645536714e-01, 2.892455638204905477e-01, 1.996982266861502542e-01
2.489613987906258430e-01, 2.619538657001882487e-01, 2.896550195570175013e-01, 1.994297159521683238e-01
2.485108724737819519e-01, 2.622635579139439566e-01, 2.900646810803600428e-01, 1.991608885319141320e-01
2.480599198692232665e-01, 2.625737916511811654e-01, 2.904745455565662660e-01, 1.988917429230293576e-01
2.476085440875779586e-01, 2.628845681369362253e-01, 2.908846101218320324e-01, 1.986222776536537837e-01
2.471567482592510190e-01, 2.631958885757246236e-01, 2.912948718824519001e-01, 1.983524912825724296e-01
2.467045355345204860e-01, 2.635077541513437538e-01, 2.917053279147743816e-01, 1.980823823993614896e-01
2.462519090836315649e-01, 2.638201660266770165e-01, 2.921159752651580344e-01, 1.978119496245333842e-01
2.457988720968902474e-01, 2.641331253434979209e-01, 2.925268109499312708e-01, 1.975411916096806719e-01
2.453454277847535725e-01, 2.644466332222747407e-01, 2.929378319553534449e-01, 1.972701070376181587e-01
2.448915793779195271e-01, 2.647606907619756700e-01, 2.933490352375797139e-01, 1.969986946225250612e-01
2.444373301274141153e-01, 2.650752990398743125e-01, 2.937604177226271762e-01, 1.967269531100843405e-01
2.439826833046774002e-01, 2.653904591113561695e-01, 2.941719763063443405e-01, 1.964548812776220343e-01
2.435276422016469378e-01, 2.657061720097252944e-01, 2.945837078543828702e-01, 1.961824779342448977e-01
2.430722101308400718e-01, 2.660224387460115025e-01, 2.949956092021720488e-01, 1.959097419209763491e-01
2.426163904254337034e-01, 2.663392603087786914e-01, 2.954076771548956870e-01, 1.956366721108918072e-01
2.421601864393426451e-01, 2.666566376639335489e-01, 2.958199084874717499e-01, 1.953632674092521671e-01
2.417036015472955601e-01, 2.669745717545339847e-01, 2.962322999445346494e-01, 1.950895267536358890e-01
2.412466391449092917e-01, 2.672930635006005029e-01, 2.966448482404200893e-01, 1.948154491140700884e-01
2.407893026487612220e-01, 2.676121137989260768e-01, 2.970575500591530194e-01, 1.945410334931597929e-01
2.403315954964589107e-01, 2.679317235228877436e-01, 2.974704020544375327e-01, 1.942662789262158407e-01
2.398735211467091233e-01, 2.682518935222591439e-01, 2.978834008496502039e-01, 1.939911844813814734e-01
2.394150830793831675e-01, 2.685726246230232817e-01, 2.982965430378362592e-01, 1.937157492597572916e-01
2.389562847955810920e-01, 2.688939176271866738e-01, 2.987098251817075223e-01, 1.934399723955246564e-01
2.384971298176936649e-01, 2.692157733125941088e-01, 2.991232438136446348e-01, 1.931638530560675637e-01
2.380376216894621033e-01, 2.695381924327440171e-01, 2.995367954357008866e-01, 1.928873904420930763e-01
2.375777639760356108e-01, 2.698611757166053948e-01, 2.999504765196090439e-01, 1.926105837877499227e-01
2.371175602640267221e-01, 2.701847238684351171e-01, 3.003642835067925621e-01, 1.923334323607456542e-01
2.366570141615647327e-01, 2.705088375675961943e-01, 3.007782128083769102e-01, 1.920559354624621629e-01
2.361961292983465188e-01, 2.708335174683776381e-01, 3.011922608052065575e-01, 1.917780924280692578e-01
2.357349093256851935e-01, 2.711587641998147169e-01, 3.016064238478630144e-01, 1.914999026266371029e-01
2.352733579165567079e-01, 2.714845783655103206e-01, 3.020206982566869813e-01, 1.912213654612460734e-01
2.348114787656441493e-01, 2.718109605434576581e-01, 3.024350803218024408e-01, 1.909424803690956685e-01
2.343492755893793189e-01, 2.721379112858641203e-01, 3.028495663031449125e-01, 1.906632468216115650e-01
2.338867521259824500e-01, 2.724654311189759759e-01, 3.032641524304915959e-01, 1.903836643245500615e-01
2.334239121354993174e-01, 2.727935205429038446e-01, 3.036788349034951207e-01, 1.901037324181017174e-01
2.329607593998359871e-01, 2.731221800314508896e-01, 3.040936098917203512e-01, 1.898234506769927443e-01
2.324972977227915127e-01, 2.734514100319401231e-01, 3.045084735346840765e-01, 1.895428187105841489e-01
2.320335309300876059e-01, 2.737812109650448189e-01, 3.049234219418977543e-01, 1.892618361629697654e-01
2.315694628693962809e-01, 2.741115832246186490e-01, 3.053384511929136402e-01, 1.889805027130715687e-01
2.311050974103649458e-01, 2.744425271775284281e-01, 3.057535573373731941e-01, 1.886988180747334598e-01
2.306404384446392175e-01, 2.747740431634873581e-01, 3.061687363950600926e-01, 1.884167819968133872e-01
2.301754898858827669e-01, 2.751061314948898273e-01, 3.065839843559548528e-01, 1.881343942632725807e-01
2.297102556697951659e-01, 2.754387924566477075e-01, 3.069992971802935067e-01, 1.878516546932636755e-01
2.292447397541267640e-01, 2.757720263060279842e-01, 3.074146707986289417e-01, 1.875685631412162546e-01
2.287789461186914564e-01, 2.761058332724917741e-01, 3.078301011118964592e-01, 1.872851194969205046e-01
2.283128787653763148e-01, 2.764402135575345087e-01, 3.082455839914803875e-01, 1.870013236856087335e-01
2.278465417181494701e-01, 2.767751673345291152e-01, 3.086611152792866353e-01, 1.867171756680349459e-01
2.273799390230642203e-01, 2.771106947485675875e-01, 3.090766907878163550e-01, 1.864326754405517816e-01
2.269130747482619448e-01, 2.774467959163079978e-01, 3.094923063002438246e-01, 1.861478230351863439e-01
2.264459529839708274e-01, 2.777834709258201751e-01, 3.099079575704969391e-01, 1.858626185197120584e-01
2.259785778425031921e-01, 2.781207198364339939e-01, 3.103236403233423646e-01, 1.855770619977205049e-01
2.255109534582496744e-01, 2.784585426785893825e-01, 3.107393502544716912e-01, 1.852911536086891686e-01
2.250430839876705058e-01, 2.787969394536881640e-01, 3.111550830305933601e-01, 1.850048935280481366e-01
2.245749736092842730e-01, 2.791359101339466187e-01, 3.115708342895255334e-01, 1.847182819672434917e-01
2.241066265236544008e-01, 2.794754546622512659e-01, 3.119865996402945707e-01, 1.844313191737997626e-01
2.236380469533718607e-01, 2.798155729520148682e-01, 3.124023746632347831e-01, 1.841440054313784880e-01
2.231692391430360467e-01, 2.801562648870354888e-01, 3.128181549100928494e-01, 1.838563410598356984e-01
2.227002073592328490e-01, 2.804975303213561588e-01, 3.132339359041347304e-01, 1.835683264152762895e-01
2.222309558905091464e-01, 2.808393690791274877e-01, 3.136497131402569694e-01, 1.832799618901062577e-01
2.217614890473455225e-01, 2.811817809544716051e-01, 3.140654820851002116e-01, 1.829912479130826886e-01
2.212918111621253181e-01, 2.815247657113474355e-01, 3.144812381771663889e-01, 1.827021849493607741e-01
2.208219265891015193e-01, 2.818683230834193587e-01, 3.148969768269400671e-01, 1.824127735005391382e-01
2.203518397043602584e-01, 2.822124527739261479e-01, 3.153126934170117912e-01, 1.821230141047018025e-01
2.198815549057822061e-01, 2.825571544555530168e-01, 3.157283833022063169e-01, 1.818329073364585158e-01
2.194110766129999945e-01, 2.829024277703051649e-01, 3.161440418097128946e-01, 1.815424538069818627e-01
2.189404092673542246e-01, 2.832482723293836546e-01, 3.165596642392197735e-01, 1.812516541640424028e-01
2.184695573318449768e-01, 2.835946877130626764e-01, 3.169752458630517578e-01, 1.809605090920406445e-01
2.179985252910819349e-01, 2.839416734705698109e-01, 3.173907819263113161e-01, 1.806690193120369103e-01
2.175273176512304563e-01, 2.842892291199680677e-01, 3.178062676470229664e-01, 1.803771855817784264e-01
2.170559389399554784e-01, 2.846373541480393121e-01, 3.182216982162812124e-01, 1.800850086957239971e-01
2.165843937063622882e-01, 2.849860480101708560e-01, 3.186370687984016459e-01, 1.797924894850652933e-01
2.161126865209340997e-01, 2.853353101302439909e-01, 3.190523745310754333e-01, 1.794996288177465316e-01
2.156408219754668287e-01, 2.856851399005242431e-01, 3.194676105255281340e-01, 1.792064275984808497e-01
2.151688046830016465e-01, 2.860355366815542366e-01, 3.198827718666802378e-01, 1.789128867687638513e-01
2.146966392777530930e-01, 2.863864998020492769e-01, 3.202978536133126441e-01, 1.786190073068850137e-01
2.142243304150356631e-01, 2.867380285587938782e-01, 3.207128507982347498e-01, 1.783247902279357366e-01
2.137518827711867297e-01, 2.870901222165421207e-01, 3.211277584284562003e-01, 1.780302365838149770e-01
2.132793010434865799e-01, 2.874427800079193962e-01, 3.215425714853619721e-01, 1.777353474632319963e-01
2.128065899500754810e-01, 2.877960011333270396e-01, 3.219572849248908963e-01, 1.774401239917067219e-01
2.123337542298677771e-01, 2.881497847608485707e-01, 3.223718936777175137e-01, 1.771445673315662217e-01
2.118607986424632106e-01, 2.885041300261594888e-01, 3.227863926494374258e-01, 1.768486786819397361e-01
2.113877279680550225e-01, 2.888590360324386208e-01, 3.232007767207561999e-01, 1.765524592787500735e-01
2.109145470073350015e-01, 2.892145018502819687e-01, 3.236150407476811042e-01, 1.762559103947018424e-01
2.104412605813955617e-01, 2.895705265176198862e-01, 3.240291795617169512e-01, 1.759590333392675454e-01
2.099678735316292399e-01, 2.899271090396355333e-01, 3.244431879700644394e-01, 1.756618294586709261e-01
2.094943907196244737e-01, 2.902842483886866609e-01, 3.248570607558228795e-01, 1.753643001358659859e-01
2.090208170270592136e-01, 2.906419435042301713e-01, 3.252707926781956416e-01, 1.750664467905149457e-01
2.085471573555905955e-01, 2.910001932927482882e-01, 3.256843784726990432e-01, 1.747682708789619899e-01
2.080734166267424468e-01, 2.913589966276782794e-01, 3.260978128513747354e-01, 1.744697738942044551e-01
2.075995997817892957e-01, 2.917183523493444008e-01, 3.265110905030050858e-01, 1.741709573658612176e-01
2.071257117816374116e-01, 2.920782592648921150e-01, 3.269242060933326699e-01, 1.738718228601378868e-01
2.066517576067033457e-01, 2.924387161482258080e-01, 3.273371542652817601e-01, 1.735723719797890863e-01
2.061777422567885321e-01, 2.927997217399489482e-01, 3.277499296391847006e-01, 1.732726063640777914e-01
2.057036707509518891e-01, 2.931612747473059111e-01, 3.281625268130105577e-01, 1.729725276887316421e-01
2.052295481273787303e-01, 2.935233738441283546e-01, 3.285749403625968235e-01, 1.726721376658960361e-01
2.047553794432470931e-01, 2.938860176707828176e-01, 3.289871648418856709e-01, 1.723714380440844740e-01
2.042811697745905430e-01, 2.942492048341217026e-01, 3.293991947831621525e-01, 1.720704306081256296e-01
2.038069242161589523e-01, 2.946129339074370912e-01, 3.298110246972959514e-01, 1.717691171791078664e-01
2.033326478812752247e-01, 2.949772034304177226e-01, 3.302226490739872955e-01, 1.714674996143199237e-01
2.028583459016894963e-01, 2.953420119091072493e-01, 3.306340623820145375e-01, 1.711655798071886891e-01
2.023840234274308647e-01, 2.957073578158676552e-01, 3.310452590694864528e-01, 1.708633596872150551e-01
2.019096856266552609e-01, 2.960732395893438396e-01, 3.314562335640963697e-01, 1.705608412199046131e-01
2.014353376854907951e-01, 2.964396556344311429e-01, 3.318669802733807961e-01, 1.702580264066972104e-01
2.009609848078806049e-01, 2.968066043222470918e-01, 3.322774935849799327e-01, 1.699549172848922318e-01
2.004866322154217340e-01, 2.971740839901047537e-01, 3.326877678669020177e-01, 1.696515159275713558e-01
2.000122851472020125e-01, 2.975420929414893667e-01, 3.330977974677910569e-01, 1.693478244435176472e-01
1.995379488596335238e-01, 2.979106294460380777e-01, 3.335075767171964967e-01, 1.690438449771319018e-01
1.990636286262834065e-01, 2.982796917395229563e-01, 3.339170999258475048e-01, 1.687395797083462434e-01
1.985893297377015199e-01, 2.986492780238360623e-01, 3.343263613859289163e-01, 1.684350308525334738e-01
1.981150575012455284e-01, 2.990193864669787316e-01, 3.347353553713611207e-01, 1.681302006604147303e-01
1.976408172409026553e-01, 2.993900152030524731e-01, 3.351440761380822808e-01, 1.678250914179625075e-01
1.971666142971091051e-01, 2.997611623322548602e-01, 3.355525179243343814e-01, 1.675197054463016810e-01
1.966924540265662935e-01, 3.001328259208757010e-01, 3.359606749509511103e-01, 1.672140451016068674e-01
1.962183418020542747e-01, 3.005050040012991475e-01, 3.363685414216497915e-01, 1.669081127749967863e-01
1.957442830122421984e-01, 3.008776945720069151e-01, 3.367761115233254277e-01, 1.666019108924254033e-01
1.952702830614967133e-01, 3.012508955975854996e-01, 3.371833794263479622e-01, 1.662954419145698248e-01
1.947963473696863179e-01, 3.016246050087359465e-01, 3.375903392848623175e-01, 1.659887083367153349e-01
1.943224813719840738e-01, 3.019988207022873405e-01, 3.379969852370916517e-01, 1.656817126886369340e-01
1.938486905186669884e-01, 3.023735405412128485e-01, 3.384033114056420599e-01, 1.653744575344781031e-01
1.933749802749125113e-01, 3.027487623546492590e-01, 3.388093118978122709e-01, 1.650669454726259311e-01
1.929013561205930316e-01, 3.031244839379191869e-01, 3.392149808059040095e-01, 1.647591791355836610e-01
1.924278235500668510e-01, 3.035007030525574967e-01, 3.396203122075361347e-01, 1.644511611898394898e-01
1.919543880719666584e-01, 3.038774174263392802e-01, 3.400253001659612195e-01, 1.641428943357327586e-01
1.914810552089858675e-01, 3.042546247533124970e-01, 3.404299387303850177e-01, 1.638343813073166455e-01
1.910078304976617070e-01, 3.046323226938328910e-01, 3.408342219362875958e-01, 1.635256248722178618e-01
1.905347194881557016e-01, 3.050105088746022375e-01, 3.412381438057487948e-01, 1.632166278314932939e-01
1.900617277440320441e-01, 3.053891808887103654e-01, 3.416416983477744695e-01, 1.629073930194831765e-01
1.895888608420327193e-01, 3.057683362956794548e-01, 3.420448795586261692e-01, 1.625979233036616567e-01
1.891161243718506857e-01, 3.061479726215122210e-01, 3.424476814221532606e-01, 1.622882215844837772e-01
1.886435239358999483e-01, 3.065280873587430399e-01, 3.428500979101275492e-01, 1.619782907952295181e-01
1.881710651490834663e-01, 3.069086779664921272e-01, 3.432521229825795661e-01, 1.616681339018448127e-01
1.876987536385586186e-01, 3.072897418705237138e-01, 3.436537505881381294e-01, 1.613577539027795382e-01
1.872265950434997273e-01, 3.076712764633059982e-01, 3.440549746643724593e-01, 1.610471538288218707e-01
1.867545950148586098e-01, 3.080532791040759832e-01, 3.444557891381349046e-01, 1.607363367429304468e-01
1.862827592151226619e-01, 3.084357471189064781e-01, 3.448561879259083862e-01, 1.604253057400626126e-01
1.858110933180701640e-01, 3.088186778007759314e-01, 3.452561649341538419e-01, 1.601140639470001181e-01
1.853396030085237012e-01, 3.092020684096435379e-01, 3.456557140596611122e-01, 1.598026145221717043e-01
1.848682939821008619e-01, 3.095859161725248998e-01, 3.460548291899019357e-01, 1.594909606554722747e-01
1.843971719449629121e-01, 3.099702182835729625e-01, 3.464535042033844436e-01, 1.591791055680796263e-01
1.839262426135606920e-01, 3.103549719041612254e-01, 3.468517329700102625e-01, 1.588670525122677646e-01
1.834555117143791825e-01, 3.107401741629701175e-01, 3.472495093514335607e-01, 1.585548047712171671e-01
1.829849849836786557e-01, 3.111258221560774251e-01, 3.476468272014214822e-01, 1.582423656588224092e-01
1.825146681672346338e-01, 3.115119129470509951e-01, 3.480436803662179113e-01, 1.579297385194965153e-01
1.820445670200750155e-01, 3.118984435670450472e-01, 3.484400626849074034e-01, 1.576169267279724784e-01
1.815746873062156763e-01, 3.122854110149003160e-01, 3.488359679897823362e-01, 1.573039336891017270e-01
1.811050347983929332e-01, 3.126728122572459689e-01, 3.492313901067112814e-01, 1.569907628376498721e-01
1.806356152777953139e-01, 3.130606442286061886e-01, 3.496263228555091529e-01, 1.566774176380892059e-01
1.801664345337923578e-01, 3.134489038315095288e-01, 3.500207600503094096e-01, 1.563639015843887314e-01
1.796974983636611956e-01, 3.138375879366003263e-01, 3.504146954999375341e-01, 1.560502181998008886e-01
1.792288125723121850e-01, 3.142266933827558284e-01, 3.508081230082861768e-01, 1.557363710366458098e-01
1.787603829720116611e-01, 3.146162169772035999e-01, 3.512010363746924102e-01, 1.554223636760923566e-01
1.782922153821030198e-01, 3.150061554956444243e-01, 3.515934293943159261e-01, 1.551081997279365743e-01
1.778243156287264704e-01, 3.153965056823768709e-01, 3.519852958585192870e-01, 1.547938828303774272e-01
1.773566895445358449e-01, 3.157872642504261917e-01, 3.523766295552486216e-01, 1.544794166497893140e-01
1.768893429684147978e-01, 3.161784278816754945e-01, 3.527674242694170959e-01, 1.541648048804925841e-01
1.764222817451905068e-01, 3.165699932270001349e-01, 3.531576737832889945e-01, 1.538500512445203916e-01
1.759555117253455980e-01, 3.169619569064062170e-01, 3.535473718768646356e-01, 1.535351594913834938e-01
1.754890387647291550e-01, 3.173543155091708701e-01, 3.539365123282678383e-01, 1.532201333978322200e-01
1.750228687242650627e-01, 3.177470655939864663e-01, 3.543250889141330018e-01, 1.529049767676155525e-01
1.745570074696592422e-01, 3.181402036891080032e-01, 3.547130954099949052e-01, 1.525896934312378772e-01
1.740914608711055800e-01, 3.185337262925029833e-01, 3.551005255906785063e-01, 1.522742872457128749e-01
1.736262348029896929e-01, 3.189276298720051805e-01, 3.554873732306903511e-01, 1.519587620943147754e-01
1.731613351435916381e-01, 3.193219108654704597e-01, 3.558736321046105378e-01, 1.516431218863273367e-01
1.726967677747869578e-01, 3.197165656809365930e-01, 3.562592959874861798e-01, 1.513273705567901029e-01
1.722325385817466692e-01, 3.201115906967857971e-01, 3.566443586552255907e-01, 1.510115120662419153e-01
1.717686534526350062e-01, 3.205069822619099340e-01, 3.570288138849926352e-01, 1.506955504004623692e-01
1.713051182783069393e-01, 3.209027366958793204e-01, 3.574126554556033009e-01, 1.503794895702104395e-01
1.708419389520036413e-01, 3.212988502891137577e-01, 3.577958771479214373e-01, 1.500633336109610527e-01
1.703791213690468431e-01, 3.216953193030578917e-01, 3.581784727452564376e-01, 1.497470865826387443e-01
1.699166714265323008e-01, 3.220921399703574606e-01, 3.585604360337609764e-01, 1.494307525693493455e-01
1.694545950230213760e-01, 3.224893084950405386e-01, 3.589417608028289686e-01, 1.491143356791091723e-01
1.689928980582324491e-01, 3.228868210527005012e-01, 3.593224408454950281e-01, 1.487978400435721049e-01
1.685315864327305291e-01, 3.232846737906821533e-01, 3.597024699588336483e-01, 1.484812698177537249e-01
1.680706660476159742e-01, 3.236828628282708564e-01, 3.600818419443590490e-01, 1.481646291797541759e-01
1.676101428042122699e-01, 3.240813842568843750e-01, 3.604605506084253008e-01, 1.478479223304780266e-01
1.671500226037531678e-01, 3.244802341402674983e-01, 3.608385897626271155e-01, 1.475311534933522462e-01
1.666903113470681042e-01, 3.248794085146899380e-01, 3.612159532242000259e-01, 1.472143269140419874e-01
1.662310149342675902e-01, 3.252789033891463344e-01, 3.615926348164218429e-01, 1.468974468601643157e-01
1.657721392644274094e-01, 3.256787147455590947e-01, 3.619686283690140005e-01, 1.465805176209995786e-01
1.653136902352720927e-01, 3.260788385389850608e-01, 3.623439277185416807e-01, 1.462635435072011381e-01
1.648556737428573948e-01, 3.264792706978233428e-01, 3.627185267088163800e-01, 1.459465288505028546e-01
1.643980956812526595e-01, 3.268800071240267613e-01, 3.630924191912962562e-01, 1.456294780034242398e-01
1.639409619422221576e-01, 3.272810436933158429e-01, 3.634655990254875291e-01, 1.453123953389745537e-01
1.634842784149055095e-01, 3.276823762553953689e-01, 3.638380600793452713e-01, 1.449952852503538780e-01
1.630280509854986626e-01, 3.280840006341732007e-01, 3.642097962296748093e-01, 1.446781521506533552e-01
1.625722855369329256e-01, 3.284859126279824904e-01, 3.645808013625317368e-01, 1.443610004725529028e-01
1.621169879485546694e-01, 3.288881080098059462e-01, 3.649510693736222056e-01, 1.440438346680171511e-01
1.616621640958043615e-01, 3.292905825275022624e-01, 3.653205941687032721e-01, 1.437266592079900762e-01
1.612078198498944903e-01, 3.296933319040359911e-01, 3.656893696639819114e-01, 1.434094785820875517e-01
1.607539610774885719e-01, 3.300963518377090233e-01, 3.660573897865142534e-01, 1.430922972982880959e-01
1.603005936403785470e-01, 3.304996380023946800e-01, 3.664246484746042642e-01, 1.427751198826224532e-01
1.598477233951627052e-01, 3.309031860477749665e-01, 3.667911396782012612e-01, 1.424579508788610394e-01
1.593953561929232765e-01, 3.313069915995790482e-01, 3.671568573592975948e-01, 1.421407948482000527e-01
1.589434978789039388e-01, 3.317110502598250577e-01, 3.675217954923248875e-01, 1.418236563689461716e-01
1.584921542921869098e-01, 3.321153576070635105e-01, 3.678859480645498836e-01, 1.415065400361996129e-01
1.580413312653708713e-01, 3.325199091966234977e-01, 3.682493090764700217e-01, 1.411894504615355816e-01
1.575910346242476168e-01, 3.329247005608609866e-01, 3.686118725422066200e-01, 1.408723922726847766e-01
1.571412701874798923e-01, 3.333297272094091213e-01, 3.689736324898989506e-01, 1.405553701132120359e-01
1.566920437662790988e-01, 3.337349846294308531e-01, 3.693345829620961474e-01, 1.402383886421939008e-01
1.562433611640826614e-01, 3.341404682858742370e-01, 3.696947180161481716e-01, 1.399214525338948745e-01
1.557952281762321478e-01, 3.345461736217287818e-01, 3.700540317245963329e-01, 1.396045664774426542e-01
1.553476505896513871e-01, 3.349520960582847984e-01, 3.704125181755621443e-01, 1.392877351765015592e-01
1.549006341825251709e-01, 3.353582309953944129e-01, 3.707701714731349574e-01, 1.389709633489454588e-01
1.544541847239777888e-01, 3.357645738117345791e-01, 3.711269857377584303e-01, 1.386542557265292575e-01
1.540083079737526728e-01, 3.361711198650719767e-01, 3.714829551066161084e-01, 1.383376170545591866e-01
1.535630096818917933e-01, 3.365778644925309093e-01, 3.718380737340146180e-01, 1.380210520915627626e-01
1.531182955884160257e-01, 3.369848030108607562e-01, 3.721923357917665265e-01, 1.377045656089566639e-01
1.526741714230061830e-01, 3.373919307167078108e-01, 3.725457354695713708e-01, 1.373881623907146077e-01
1.522306429046838550e-01, 3.377992428868876740e-01, 3.728982669753944101e-01, 1.370718472330340887e-01
1.517877157414940226e-01, 3.382067347786592015e-01, 3.732499245358449902e-01, 1.367556249440018690e-01
1.513453956301873682e-01, 3.386144016300012272e-01, 3.736007023965522422e-01, 1.364395003432591624e-01
1.509036882559038895e-01, 3.390222386598897852e-01, 3.739505948225401721e-01, 1.361234782616660699e-01
1.504625992918572908e-01, 3.394302410685782756e-01, 3.742995960985996962e-01, 1.358075635409647652e-01
1.500221343990199574e-01, 3.398384040378779058e-01, 3.746477005296595664e-01, 1.354917610334425149e-01
1.495822992258088180e-01, 3.402467227314410203e-01, 3.749949024411560194e-01, 1.351760756015941145e-01
1.491430994077726224e-01, 3.406551922950449840e-01, 3.753411961793991503e-01, 1.348605121177832433e-01
1.487045405672796083e-01, 3.410638078568780651e-01, 3.756865761119384528e-01, 1.345450754639038737e-01
1.482666283132063889e-01, 3.414725645278267607e-01, 3.760310366279259187e-01, 1.342297705310409317e-01
1.478293682406282006e-01, 3.418814574017645103e-01, 3.763745721384770815e-01, 1.339146022191303742e-01
1.473927659305098448e-01, 3.422904815558414082e-01, 3.767171770770295636e-01, 1.335995754366191279e-01
1.469568269493982116e-01, 3.426996320507763594e-01, 3.770588458997007897e-01, 1.332846951001247504e-01
1.465215568491154974e-01, 3.431089039311487343e-01, 3.773995730856414821e-01, 1.329699661340943695e-01
1.460869611664543377e-01, 3.435182922256932447e-01, 3.777393531373885449e-01, 1.326553934704638726e-01
1.456530454228737170e-01, 3.439277919475947076e-01, 3.780781805812150620e-01, 1.323409820483165966e-01
1.452198151241964053e-01, 3.443373980947845303e-01, 3.784160499674772971e-01, 1.320267368135418229e-01
1.447872757603080596e-01, 3.447471056502379727e-01, 3.787529558709605282e-01, 1.317126627184935228e-01
1.443554328048571866e-01, 3.451569095822729638e-01, 3.790888928912211076e-01, 1.313987647216486865e-01
1.439242917149571865e-01, 3.455668048448496954e-01, 3.794238556529274664e-01, 1.310850477872655406e-01
1.434938579308897288e-01, 3.459767863778711594e-01, 3.797578388061966792e-01, 1.307715168850424048e-01
1.430641368758094056e-01, 3.463868491074842959e-01, 3.800908370269304171e-01, 1.304581769897759091e-01
1.426351339554505493e-01, 3.467969879463836391e-01, 3.804228450171460718e-01, 1.301450330810197953e-01
1.422068545578352994e-01, 3.472071977941130760e-01, 3.807538575053077690e-01, 1.298320901427437724e-01
1.417793040529835569e-01, 3.476174735373714908e-01, 3.810838692466523847e-01, 1.295193531629924566e-01
1.413524877926248813e-01, 3.480278100503166328e-01, 3.814128750235137866e-01, 1.292068271335448382e-01
1.409264111099114147e-01, 3.484382021948710939e-01, 3.817408696456437989e-01, 1.288945170495738313e-01
1.405010793191338592e-01, 3.488486448210290636e-01, 3.820678479505308367e-01, 1.285824279093062683e-01
1.400764977154384250e-01, 3.492591327671626944e-01, 3.823938048037153759e-01, 1.282705647136833660e-01
1.396526715745458613e-01, 3.496696608603303558e-01, 3.827187350991022585e-01, 1.279589324660216354e-01
1.392296061524726236e-01, 3.500802239165838325e-01, 3.830426337592695019e-01, 1.276475361716739865e-01
1.388073066852541504e-01, 3.504908167412780773e-01, 3.833654957357758297e-01, 1.273363808376919148e-01
1.383857783886697779e-01, 3.509014341293794081e-01, 3.836873160094628199e-01, 1.270254714724878831e-01
1.379650264579703745e-01, 3.513120708657757052e-01, 3.840080895907555525e-01, 1.267148130854984789e-01
1.375450560676072242e-01, 3.517227217255854410e-01, 3.843278115199592615e-01, 1.264044106868481843e-01
1.371258723709640193e-01, 3.521333814744688762e-01, 3.846464768675530443e-01, 1.260942692870140325e-01
1.367074805000904891e-01, 3.525440448689379225e-01, 3.849640807344807403e-01, 1.257843938964908759e-01
1.362898855654384456e-01, 3.529547066566670055e-01, 3.852806182524371459e-01, 1.254747895254574030e-01
1.358730926555999363e-01, 3.533653615768038159e-01, 3.855960845841527318e-01, 1.251654611834435438e-01
1.354571068370481468e-01, 3.537760043602807269e-01, 3.859104749236733078e-01, 1.248564138789979294e-01
1.350419331538801615e-01, 3.541866297301253241e-01, 3.862237844966373013e-01, 1.245476526193571437e-01
1.346275766275626118e-01, 3.545972324017723776e-01, 3.865360085605496487e-01, 1.242391824101154452e-01
1.342140422566792390e-01, 3.550078070833740385e-01, 3.868471424050509699e-01, 1.239310082548957109e-01
1.338013350166813442e-01, 3.554183484761119782e-01, 3.871571813521851868e-01, 1.236231351550214907e-01
1.333894598596406800e-01, 3.558288512745075849e-01, 3.874661207566615362e-01, 1.233155681091902683e-01
1.329784217140045077e-01, 3.562393101667334916e-01, 3.877739560061143620e-01, 1.230083121131475971e-01
1.325682254843540686e-01, 3.566497198349237174e-01, 3.880806825213593547e-01, 1.227013721593628454e-01
1.321588760511644978e-01, 3.570600749554847519e-01, 3.883862957566446839e-01, 1.223947532367059693e-01
1.317503782705685134e-01, 3.574703701994054739e-01, 3.886907911999002985e-01, 1.220884603301257004e-01
1.313427369741218820e-01, 3.578806002325668478e-01, 3.889941643729822873e-01, 1.217824984203288580e-01
1.309359569685724645e-01, 3.582907597160521762e-01, 3.892964108319139083e-01, 1.214768724834615343e-01
1.305300430356311214e-01, 3.587008433064550750e-01, 3.895975261671226764e-01, 1.211715874907910995e-01
1.301249999317459494e-01, 3.591108456561895590e-01, 3.898975060036741769e-01, 1.208666484083903564e-01
1.297208323878792091e-01, 3.595207614137970187e-01, 3.901963460015012153e-01, 1.205620601968225014e-01
1.293175451092871131e-01, 3.599305852242545289e-01, 3.904940418556300807e-01, 1.202578278108282633e-01
1.289151427753022217e-01, 3.603403117292819369e-01, 3.907905892964014805e-01, 1.199539561990143194e-01
1.285136300391190867e-01, 3.607499355676476172e-01, 3.910859840896899198e-01, 1.196504503035433903e-01
1.281130115275827264e-01, 3.611594513754750602e-01, 3.913802220371161988e-01, 1.193473150598260146e-01
1.277132918409797369e-01, 3.615688537865475172e-01, 3.916732989762585770e-01, 1.190445553962142106e-01
1.273144755528327898e-01, 3.619781374326120349e-01, 3.919652107808583863e-01, 1.187421762336966502e-01
1.269165672096981001e-01, 3.623872969436834901e-01, 3.922559533610224802e-01, 1.184401824855958740e-01
1.265195713309654468e-01, 3.627963269483465703e-01, 3.925455226634208539e-01, 1.181385790572670597e-01
1.261234924086618858e-01, 3.632052220740579762e-01, 3.928339146714810437e-01, 1.178373708457989971e-01
1.257283349072581546e-01, 3.636139769474471262e-01, 3.931211254055780868e-01, 1.175365627397166324e-01
1.253341032634782970e-01, 3.640225861946154162e-01, 3.934071509232201502e-01, 1.172361596186860672e-01
1.249408018861122710e-01, 3.644310444414359806e-01, 3.936919873192309405e-01, 1.169361663532208634e-01
1.245484351558320546e-01, 3.648393463138504544e-01, 3.939756307259266732e-01, 1.166365878043908177e-01
1.241570074250105682e-01, 3.652474864381663466e-01, 3.942580773132900451e-01, 1.163374288235330262e-01
1.237665230175439002e-01, 3.656554594413519155e-01, 3.945393232891398760e-01, 1.160386942519643638e-01
1.233769862286768770e-01, 3.660632599513308216e-01, 3.948193648992956994e-01, 1.157403889206966574e-01
1.229884013248316171e-01, 3.664708825972750605e-01, 3.950981984277395775e-01, 1.154425176501537448e-01
1.226007725434397067e-01, 3.668783220098967290e-01, 3.953758201967726427e-01, 1.151450852498909910e-01
1.222141040927772204e-01, 3.672855728217385152e-01, 3.956522265671675309e-01, 1.148480965183167196e-01
1.218284001518034343e-01, 3.676926296674629113e-01, 3.959274139383175961e-01, 1.145515562424162109e-01
1.214436648700025351e-01, 3.680994871841395955e-01, 3.962013787483801841e-01, 1.142554691974776299e-01
1.210599023672288554e-01, 3.685061400115324237e-01, 3.964741174744177976e-01, 1.139598401468209371e-01
1.206771167335554673e-01, 3.689125827923834811e-01, 3.967456266325328218e-01, 1.136646738415283270e-01
1.202953120291258282e-01, 3.693188101726968542e-01, 3.970159027779996408e-01, 1.133699750201777184e-01
1.199144922840092858e-01, 3.697248168020205727e-01, 3.972849425053916472e-01, 1.130757484085784942e-01
1.195346614980597882e-01, 3.701305973337263300e-01, 3.975527424487044215e-01, 1.127819987195095297e-01
1.191558236407776333e-01, 3.705361464252884818e-01, 3.978192992814742479e-01, 1.124887306524597341e-01
1.187779826511751458e-01, 3.709414587385606032e-01, 3.980846097168926345e-01, 1.121959488933715471e-01
1.184011424376456706e-01, 3.713465289400512681e-01, 3.983486705079167800e-01, 1.119036581143863646e-01
1.180253068778358144e-01, 3.717513517011968860e-01, 3.986114784473745454e-01, 1.116118629735928097e-01
1.176504798185212114e-01, 3.721559216986339291e-01, 3.988730303680669831e-01, 1.113205681147778625e-01
1.172766650754860224e-01, 3.725602336144687721e-01, 3.991333231428651485e-01, 1.110297781671800849e-01
1.169038664334054872e-01, 3.729642821365455885e-01, 3.993923536848029698e-01, 1.107394977452459822e-01
1.165320876457322796e-01, 3.733680619587128602e-01, 3.996501189471661220e-01, 1.104497314483888215e-01
1.161613324345862341e-01, 3.737715677810874437e-01, 3.999066159235762918e-01, 1.101604838607500442e-01
1.157916044906476122e-01, 3.741747943103169716e-01, 4.001618416480715590e-01, 1.098717595509637740e-01
1.154229074730538374e-01, 3.745777362598408100e-01, 4.004157931951816130e-01, 1.095835630719237952e-01
1.150552450092997697e-01, 3.749803883501472979e-01, 4.006684676799996958e-01, 1.092958989605532366e-01
1.146886206951416992e-01, 3.753827453090314847e-01, 4.009198622582494931e-01, 1.090087717375774062e-01
1.143230380945042951e-01, 3.757848018718483729e-01, 4.011699741263481944e-01, 1.087221859072992070e-01
1.139585007393918298e-01, 3.761865527817655486e-01, 4.014188005214651689e-01, 1.084361459573773417e-01
1.135950121298025806e-01, 3.765879927900134816e-01, 4.016663387215763104e-01, 1.081506563586076136e-01
1.132325757336464789e-01, 3.769891166561326612e-01, 4.019125860455138310e-01, 1.078657215647069595e-01
1.128711949866670200e-01, 3.773899191482201765e-01, 4.021575398530122802e-01, 1.075813460121004123e-01
1.125108732923660315e-01, 3.777903950431726332e-01, 4.024011975447502887e-01, 1.072975341197111021e-01
1.121516140219323832e-01, 3.781905391269274608e-01, 4.026435565623872059e-01, 1.070142902887529640e-01
1.117934205141741244e-01, 3.785903461947020543e-01, 4.028846143885970732e-01, 1.067316189025267065e-01
1.114362960754541748e-01, 3.789898110512304741e-01, 4.031243685470966565e-01, 1.064495243262187224e-01
1.110802439796296920e-01, 3.793889285109971476e-01, 4.033628166026705375e-01, 1.061680109067026090e-01
1.107252674679947979e-01, 3.797876933984695724e-01, 4.035999561611912090e-01, 1.058870829723444068e-01
1.103713697492269413e-01, 3.801861005483274103e-01, 4.038357848696355057e-01, 1.056067448328101982e-01
1.100185539993367434e-01, 3.805841448056897502e-01, 4.040703004160962619e-01, 1.053270007788771473e-01
1.096668233616217014e-01, 3.809818210263399840e-01, 4.043035005297908047e-01, 1.050478550822476070e-01
1.093161809466228068e-01, 3.813791240769473512e-01, 4.045353829810637847e-01, 1.047693119953660573e-01
1.089666298320855070e-01, 3.817760488352877624e-01, 4.047659455813873985e-01, 1.044913757512393737e-01
1.086181730629234565e-01, 3.821725901904599043e-01, 4.049951861833565037e-01, 1.042140505632601910e-01
1.082708136511861818e-01, 3.825687430431007896e-01, 4.052231026806797920e-01, 1.039373406250333337e-01
1.079245545760303127e-01, 3.829645023055972541e-01, 4.054496930081672446e-01, 1.036612501102050776e-01
1.075793987836942134e-01, 3.833598629022959559e-01, 4.056749551417134780e-01, 1.033857831722964360e-01
1.072353491874759174e-01, 3.837548197697099872e-01, 4.058988870982757069e-01, 1.031109439445384718e-01
1.068924086677150581e-01, 3.841493678567231007e-01, 4.061214869358501511e-01, 1.028367365397115929e-01
1.065505800717778534e-01, 3.845435021247922136e-01, 4.063427527534421158e-01, 1.025631650499878172e-01
1.062098662140457395e-01, 3.849372175481448610e-01, 4.065626826910333502e-01, 1.022902335467760909e-01
1.058702698759075161e-01, 3.853305091139769267e-01, 4.067812749295448005e-01, 1.020179460805707844e-01
1.055317938057549476e-01, 3.857233718226455443e-01, 4.069985276907958083e-01, 1.017463066808036720e-01
1.051944407189816938e-01, 3.861158006878601112e-01, 4.072144392374593691e-01, 1.014753193556989092e-01
1.048582132979859055e-01, 3.865077907368701937e-01, 4.074290078730128384e-01, 1.012049880921310901e-01
1.045231141921760809e-01, 3.868993370106512675e-01, 4.076422319416856399e-01, 1.009353168554869701e-01
1.041891460179802942e-01, 3.872904345640871826e-01, 4.078541098284024780e-01, 1.006663095895300036e-01
1.038563113588591574e-01, 3.876810784661496867e-01, 4.080646399587231077e-01, 1.003979702162681037e-01
1.035246127653217108e-01, 3.880712638000757275e-01, 4.082738207987773316e-01, 1.001303026358252024e-01
1.031940527549451286e-01, 3.884609856635414804e-01, 4.084816508551981640e-01, 9.986331072631521311e-02
1.028646338123975629e-01, 3.888502391688336557e-01, 4.086881286750487785e-01, 9.959699834371996130e-02
1.025363583894643160e-01, 3.892390194430179751e-01, 4.088932528457477344e-01, 9.933136932177001610e-02
1.022092289050775260e-01, 3.896273216281047613e-01, 4.090970219949891518e-01, 9.906642747182867192e-02
1.018832477453489455e-01, 3.900151408812115861e-01, 4.092994347906599439e-01, 9.880217658277960779e-02
1.015584172636062321e-01, 3.904024723747232528e-01, 4.095004899407531096e-01, 9.853862042091743323e-02
1.012347397804325977e-01, 3.907893112964485605e-01, 4.097001861932774713e-01, 9.827576272984142602e-02
1.009122175837092461e-01, 3.911756528497744578e-01, 4.098985223361634733e-01, 9.801360723035296152e-02
1.005908529286616698e-01, 3.915614922538167009e-01, 4.100954971971658702e-01, 9.775215762035573130e-02
1.002706480379089576e-01, 3.919468247435688446e-01, 4.102911096437628080e-01, 9.749141757475954240e-02
9.995160510151603062e-02, 3.923316455700461280e-01, 4.104853585830507412e-01, 9.723139074538708626e-02
9.963372627704962514e-02, 3.927159500004291370e-01, 4.106782429616369634e-01, 9.697208076088427442e-02
9.931701368963691268e-02, 3.930997333182021936e-01, 4.108697617655275858e-01, 9.671349122663344677e-02
9.900146943202783878e-02, 3.934829908232893581e-01, 4.110599140200126289e-01, 9.645562572467021589e-02
9.868709556465997401e-02, 3.938657178321889329e-01, 4.112486987895480062e-01, 9.619848781360326728e-02
9.837389411572700082e-02, 3.942479096781024706e-01, 4.114361151776330661e-01, 9.594208102853736542e-02
9.806186708125021190e-02, 3.946295617110631149e-01, 4.116221623266865248e-01, 9.568640888100006514e-02
9.775101642515270084e-02, 3.950106692980591694e-01, 4.118068394179172365e-01, 9.543147485887085169e-02
9.744134407933723041e-02, 3.953912278231561106e-01, 4.119901456711926313e-01, 9.517728242631422197e-02
9.713285194376646003e-02, 3.957712326876138831e-01, 4.121720803449041570e-01, 9.492383502371551374e-02
9.682554188654697580e-02, 3.961506793100035284e-01, 4.123526427358290003e-01, 9.467113606762038447e-02
9.651941574401538826e-02, 3.965295631263185960e-01, 4.125318321789892551e-01, 9.441918895067685780e-02
9.621447532082810783e-02, 3.969078795900841117e-01, 4.127096480475065388e-01, 9.416799704158121398e-02
9.591072239005397904e-02, 3.972856241724638249e-01, 4.128860897524555540e-01, 9.391756368502661434e-02
9.560815869326939886e-02, 3.976627923623626271e-01, 4.130611567427130426e-01, 9.366789220165505636e-02
9.530678594065666864e-02, 3.980393796665267492e-01, 4.132348485048039644e-01, 9.341898588801259007e-02
9.500660581110534353e-02, 3.984153816096412948e-01, 4.134071645627459546e-01, 9.317084801650743486e-02
9.470761995231609387e-02, 3.987907937344240539e-01, 4.135781044778885085e-01, 9.292348183537153805e-02
9.440982998090742540e-02, 3.991656116017165967e-01, 4.137476678487510551e-01, 9.267689056862495056e-02
9.411323748252556354e-02, 3.995398307905723700e-01, 4.139158543108584221e-01, 9.243107741604364436e-02
9.381784401195665535e-02, 3.999134468983417956e-01, 4.140826635365713604e-01, 9.218604555313014703e-02
9.352365109324188575e-02, 4.002864555407541491e-01, 4.142480952349164580e-01, 9.194179813108750710e-02
9.323066021979536933e-02, 4.006588523519962752e-01, 4.144121491514120570e-01, 9.169833827679610416e-02
9.293887285452480385e-02, 4.010306329847891371e-01, 4.145748250678921720e-01, 9.145566909279391477e-02
9.264829042995433028e-02, 4.014017931104600923e-01, 4.147361228023264124e-01, 9.121379365725929000e-02
9.235891434835057090e-02, 4.017723284190129474e-01, 4.148960422086391819e-01, 9.097271502399720267e-02
9.207074598185116532e-02, 4.021422346191951824e-01, 4.150545831765251603e-01, 9.073243622242854745e-02
9.178378667259541601e-02, 4.025115074385613445e-01, 4.152117456312611754e-01, 9.049296025758207795e-02
9.149803773285819508e-02, 4.028801426235339989e-01, 4.153675295335181872e-01, 9.025429011008961888e-02
9.121350044518572453e-02, 4.032481359394618492e-01, 4.155219348791681089e-01, 9.001642873618433127e-02
9.093017606253429863e-02, 4.036154831706742496e-01, 4.156749616990896845e-01, 8.977937906770178111e-02
9.064806580841131001e-02, 4.039821801205332186e-01, 4.158266100589715908e-01, 8.954314401208386676e-02
9.036717087701855167e-02, 4.043482226114822886e-01, 4.159768800591130411e-01, 8.930772645238606311e-02
9.008749243339819746e-02, 4.047136064850923587e-01, 4.161257718342222245e-01, 8.907312924728719161e-02
8.980903161358097520e-02, 4.050783276021048263e-01, 4.162732855532120246e-01, 8.883935523110218779e-02
8.953178952473681007e-02, 4.054423818424708892e-01, 4.164194214189941845e-01, 8.860640721379804685e-02
8.925576724532754969e-02, 4.058057651053897374e-01, 4.165641796682704179e-01, 8.837428798101223948e-02
8.898096582526235365e-02, 4.061684733093411381e-01, 4.167075605713222997e-01, 8.814300029407408366e-02
8.870738628605491505e-02, 4.065305023921179650e-01, 4.168495644317979920e-01, 8.791254689002918343e-02
8.843502962098326314e-02, 4.068918483108531770e-01, 4.169901915864972497e-01, 8.768293048166626857e-02
8.816389679525148126e-02, 4.072525070420460191e-01, 4.171294424051552041e-01, 8.745415375754729548e-02
8.789398874615379775e-02, 4.076124745815837835e-01, 4.172673172902224836e-01, 8.722621938203987957e-02
8.762530638324064758e-02, 4.079717469447616263e-01, 4.174038166766449454e-01, 8.699912999535275304e-02
8.735785058848705154e-02, 4.083303201662988879e-01, 4.175389410316401317e-01, 8.677288821357388715e-02
8.709162221646273017e-02, 4.086881903003530270e-01, 4.176726908544730055e-01, 8.654749662871129290e-02
8.682662209450456303e-02, 4.090453534205300001e-01, 4.178050666762289089e-01, 8.632295780873650015e-02
8.656285102289094924e-02, 4.094018056198930888e-01, 4.179360690595852468e-01, 8.609927429763077067e-02
8.630030977501801370e-02, 4.097575430109670624e-01, 4.180656985985808927e-01, 8.587644861543394792e-02
8.603899909757813103e-02, 4.101125617257413425e-01, 4.181939559183847077e-01, 8.565448325829588816e-02
8.577891971073986488e-02, 4.104668579156685038e-01, 4.183208416750611724e-01, 8.543338069853043115e-02
8.552007230833008622e-02, 4.108204277516622760e-01, 4.184463565553354636e-01, 8.521314338467224359e-02
8.526245755801793724e-02, 4.111732674240903829e-01, 4.185705012763559774e-01, 8.499377374153570253e-02
8.500607610150066884e-02, 4.115253731427661044e-01, 4.186932765854562977e-01, 8.477527417027691525e-02
8.475092855469097686e-02, 4.118767411369365639e-01, 4.188146832599145553e-01, 8.455764704845791790e-02
8.449701550790622573e-02, 4.122273676552684063e-01, 4.189347221067121763e-01, 8.434089473011315008e-02
8.424433752605983705e-02, 4.125772489658308673e-01, 4.190533939622901327e-01, 8.412501954581906582e-02
8.399289514885352470e-02, 4.129263813560756224e-01, 4.191706996923054707e-01, 8.391002380276542383e-02
8.374268889097188917e-02, 4.132747611328144166e-01, 4.192866401913842300e-01, 8.369590978482947807e-02
8.349371924227834418e-02, 4.136223846221941391e-01, 4.194012163828750306e-01, 8.348267975265254159e-02
8.324598666801263924e-02, 4.139692481696685133e-01, 4.195144292186001600e-01, 8.327033594371867353e-02
8.299949160899010303e-02, 4.143153481399682314e-01, 4.196262796786058291e-01, 8.305888057243590583e-02
8.275423448180220520e-02, 4.146606809170668706e-01, 4.197367687709112616e-01, 8.284831583021974588e-02
8.251021567901872800e-02, 4.150052429041463098e-01, 4.198458975312559516e-01, 8.263864388557901064e-02
8.226743556939139501e-02, 4.153490305235573166e-01, 4.199536670228475321e-01, 8.242986688420372854e-02
8.202589449805902655e-02, 4.156920402167796347e-01, 4.200600783361056467e-01, 8.222198694905580307e-02
8.178559278675394395e-02, 4.160342684443774086e-01, 4.201651325884075416e-01, 8.201500618046113356e-02
8.154653073400967844e-02, 4.163757116859540530e-01, 4.202688309238314934e-01, 8.180892665620465021e-02
8.130870861537040084e-02, 4.167163664401036804e-01, 4.203711745128988486e-01, 8.160375043162713948e-02
8.107212668360122554e-02, 4.170562292243591984e-01, 4.204721645523155082e-01, 8.139947953972426209e-02
8.083678516889999943e-02, 4.173952965751394073e-01, 4.205718022647129128e-01, 8.119611599124766654e-02
8.060268427911036759e-02, 4.177335650476933782e-01, 4.206700888983877507e-01, 8.099366177480851747e-02
8.036982419993594917e-02, 4.180710312160412778e-01, 4.207670257270401670e-01, 8.079211885698255047e-02
8.013820509515572066e-02, 4.184076916729136397e-01, 4.208626140495130286e-01, 8.059148918241752779e-02
7.990782710684062040e-02, 4.187435430296884142e-01, 4.209568551895281896e-01, 8.039177467394277576e-02
7.967869035557111068e-02, 4.190785819163249659e-01, 4.210497504954235914e-01, 8.019297723268033196e-02
7.945079494065604431e-02, 4.194128049812961279e-01, 4.211413013398893068e-01, 7.999509873815845162e-02
7.922414094035247489e-02, 4.197462088915177580e-01, 4.212315091197026407e-01, 7.979814104842694600e-02
7.899872841208629981e-02, 4.200787903322764083e-01, 4.213203752554631198e-01, 7.960210600017422755e-02
7.877455739267433255e-02, 4.204105460071536626e-01, 4.214079011913256512e-01, 7.940699540884631202e-02
7.855162789854697181e-02, 4.207414726379490322e-01, 4.214940883947357886e-01, 7.921281106876808253e-02
7.832993992597191146e-02, 4.210715669646010739e-01, 4.215789383561612813e-01, 7.901955475326577494e-02
7.810949345127876642e-02, 4.214008257451043460e-01, 4.216624525888253983e-01, 7.882722821479150321e-02
7.789028843108466993e-02, 4.217292457554264740e-01, 4.217446326284389757e-01, 7.863583318504989428e-02
7.767232480252031501e-02, 4.220568237894212205e-01, 4.218254800329325205e-01, 7.844537137512587466e-02
7.745560248345753629e-02, 4.223835566587406665e-01, 4.219049963821872584e-01, 7.825584447561467760e-02
7.724012137273678080e-02, 4.227094411927439510e-01, 4.219831832777662384e-01, 7.806725415675318247e-02
7.702588135039602213e-02, 4.230344742384051226e-01, 4.220600423426457692e-01, 7.787960206855318313e-02
7.681288227790018797e-02, 4.233586526602182154e-01, 4.221355752209453582e-01, 7.769288984093625228e-02
7.660112399837108732e-02, 4.236819733401002708e-01, 4.222097835776585373e-01, 7.750711908387010463e-02
7.639060633681814261e-02, 4.240044331772921948e-01, 4.222826690983830789e-01, 7.732229138750651432e-02
7.618132910036989891e-02, 4.243260290882585606e-01, 4.223542334890505456e-01, 7.713840832232106426e-02
7.597329207850582466e-02, 4.246467580065833580e-01, 4.224244784756568394e-01, 7.695547143925407507e-02
7.576649504328898665e-02, 4.249666168828658552e-01, 4.224934058039918061e-01, 7.677348226985337976e-02
7.556093774959904419e-02, 4.252856026846137949e-01, 4.225610172393688968e-01, 7.659244232641829186e-02
7.535661993536590941e-02, 4.256037123961333157e-01, 4.226273145663558273e-01, 7.641235310214510024e-02
7.515354132180364355e-02, 4.259209430184193179e-01, 4.226922995885028511e-01, 7.623321607127413191e-02
7.495170161364524131e-02, 4.262372915690422759e-01, 4.227559741280743077e-01, 7.605503268923811955e-02
7.475110049937745693e-02, 4.265527550820332747e-01, 4.228183400257775060e-01, 7.587780439281173461e-02
7.455173765147611598e-02, 4.268673306077677143e-01, 4.228793991404932173e-01, 7.570153260026284137e-02
7.435361272664200993e-02, 4.271810152128471261e-01, 4.229391533490060029e-01, 7.552621871150480559e-02
7.415672536603679088e-02, 4.274938059799790468e-01, 4.229976045457340961e-01, 7.535186410825009395e-02
7.396107519551937959e-02, 4.278057000078545613e-01, 4.230547546424607286e-01, 7.517847015416524725e-02
7.376666182588287324e-02, 4.281166944110254557e-01, 4.231106055680645128e-01, 7.500603819502708880e-02
7.357348485309121722e-02, 4.284267863197779302e-01, 4.231651592682509344e-01, 7.483456955888008466e-02
7.338154385851643202e-02, 4.287359728800060887e-01, 4.232184177052831231e-01, 7.466406555619456431e-02
7.319083840917620098e-02, 4.290442512530825425e-01, 4.232703828577144001e-01, 7.449452748002691194e-02
7.300136805797106943e-02, 4.293516186157286807e-01, 4.233210567201200480e-01, 7.432595660618007694e-02
7.281313234392261524e-02, 4.296580721598818875e-01, 4.233704413028299141e-01, 7.415835419336556933e-02
7.262613079241084235e-02, 4.299636090925619269e-01, 4.234185386316609567e-01, 7.399172148336641275e-02
7.244036291541242067e-02, 4.302682266357352736e-01, 4.234653507476509593e-01, 7.382605970120122152e-02
7.225582821173867631e-02, 4.305719220261793323e-01, 4.235108797067928532e-01, 7.366137005528913817e-02
7.207252616727356787e-02, 4.308746925153424390e-01, 4.235551275797677651e-01, 7.349765373761611709e-02
7.189045625521180150e-02, 4.311765353692050273e-01, 4.235980964516814495e-01, 7.333491192390169389e-02
7.170961793629698766e-02, 4.314774478681376313e-01, 4.236397884217983356e-01, 7.317314577376701767e-02
7.153001065905978395e-02, 4.317774273067576662e-01, 4.236802056032786257e-01, 7.301235643090384086e-02
7.135163386005569097e-02, 4.320764709937859882e-01, 4.237193501229141734e-01, 7.285254502324410575e-02
7.117448696410325071e-02, 4.323745762518999003e-01, 4.237572241208663049e-01, 7.269371266313057189e-02
7.099856938452177302e-02, 4.326717404175867143e-01, 4.237938297504031393e-01, 7.253586044748833173e-02
7.082388052336897888e-02, 4.329679608409949254e-01, 4.238291691776389092e-01, 7.237898945799715877e-02
7.065041977167883791e-02, 4.332632348857838878e-01, 4.238632445812729466e-01, 7.222310076126434164e-02
7.047818650969873977e-02, 4.335575599289732684e-01, 4.238960581523293913e-01, 7.206819540899864207e-02
7.030718010712680432e-02, 4.338509333607896146e-01, 4.239276120938986758e-01, 7.191427443818483589e-02
7.013739992334898365e-02, 4.341433525845134200e-01, 4.239579086208788428e-01, 7.176133887125889232e-02
6.996884530767553956e-02, 4.344348150163229727e-01, 4.239869499597175295e-01, 7.160938971628377780e-02
6.980151559957789575e-02, 4.347253180851389232e-01, 4.240147383481566723e-01, 7.145842796712653655e-02
6.963541012892457416e-02, 4.350148592324658559e-01, 4.240412760349745458e-01, 7.130845460363482990e-02
6.947052821621724217e-02, 4.353034359122346930e-01, 4.240665652797325769e-01, 7.115947059181536305e-02
6.930686917282627424e-02, 4.355910455906415457e-01, 4.240906083525202708e-01, 7.101147688401189539e-02
6.914443230122593875e-02, 4.358776857459873977e-01, 4.241134075337023024e-01, 7.086447441908436118e-02
6.898321689522919631e-02, 4.361633538685160127e-01, 4.241349651136664400e-01, 7.071846412258842030e-02
6.882322224022230372e-02, 4.364480474602501769e-01, 4.241552833925719690e-01, 7.057344690695545320e-02
6.866444761339875191e-02, 4.367317640348282182e-01, 4.241743646801000023e-01, 7.042942367167291662e-02
6.850689228399292618e-02, 4.370145011173378613e-01, 4.241922112952037360e-01, 7.028639530346558750e-02
6.835055551351310044e-02, 4.372962562441503054e-01, 4.242088255658601481e-01, 7.014436267647652934e-02
6.819543655597437581e-02, 4.375770269627529130e-01, 4.242242098288233620e-01, 7.000332665244937691e-02
6.804153465813055079e-02, 4.378568108315809559e-01, 4.242383664293782330e-01, 6.986328808091026021e-02
6.788884905970596351e-02, 4.381356054198479733e-01, 4.242512977210956548e-01, 6.972424779935038064e-02
6.773737899362665404e-02, 4.384134083073761845e-01, 4.242630060655880331e-01, 6.958620663340901735e-02
6.758712368625065248e-02, 4.386902170844250715e-01, 4.242734938322674787e-01, 6.944916539705671410e-02
6.743808235759829461e-02, 4.389660293515195710e-01, 4.242827633981033908e-01, 6.931312489277866029e-02
6.729025422158131653e-02, 4.392408427192773801e-01, 4.242908171473826484e-01, 6.917808591175872435e-02
