6.468637990771237967e-02, 7.575804300585413376e-02, 3.003770137272712692e-01, 5.591785633591620508e-01
6.470800505308098305e-02, 7.582447893889421309e-02, 3.009252354780667105e-01, 5.585422805299581350e-01
6.473075663009811298e-02, 7.589210192185094628e-02, 3.014739630207208254e-01, 5.579031784273300598e-01
6.475463505615723647e-02, 7.596091149132126741e-02, 3.020231866882089333e-01, 5.572612667643125350e-01
6.477964075412176448e-02, 7.603090718025914962e-02, 3.025728967817935544e-01, 5.566165552838254760e-01
6.480577415224086923e-02, 7.610208851786019746e-02, 3.031230835710691518e-01, 5.559690537588296566e-01
6.483303568406396933e-02, 7.617445502944551750e-02, 3.036737372940101487e-01, 5.553187719924803645e-01
6.486142578835388250e-02, 7.624800623634442331e-02, 3.042248481570196117e-01, 5.546657198182820547e-01
6.489094490899882661e-02, 7.632274165577647429e-02, 3.047764063349825969e-01, 5.540099071002420050e-01
6.492159349492283849e-02, 7.639866080073227927e-02, 3.053284019713207176e-01, 5.533513437330241924e-01
6.495337199999530464e-02, 7.647576317985391170e-02, 3.058808251780492093e-01, 5.526900396421016159e-01
6.498628088293899319e-02, 7.655404829731386751e-02, 3.064336660358372155e-01, 5.520260047839098405e-01
6.502032060723703100e-02, 7.663351565269370391e-02, 3.069869145940702371e-01, 5.513592491459989864e-01
6.505549164103839599e-02, 7.671416474086148463e-02, 3.075405608709151362e-01, 5.506897827471850526e-01
6.509179445706245182e-02, 7.679599505184869779e-02, 3.080945948533884149e-01, 5.500176156377004633e-01
6.512922953250212255e-02, 7.687900607072607750e-02, 3.086490064974259928e-01, 5.493427578993458349e-01
6.516779734892591547e-02, 7.696319727747892581e-02, 3.092037857279570923e-01, 5.486652196456379693e-01
6.520749839217876431e-02, 7.704856814688151867e-02, 3.097589224389796780e-01, 5.479850110219600667e-01
6.524833315228165120e-02, 7.713511814837074876e-02, 3.103144064936390056e-01, 5.473021422057084973e-01
6.529030212333011840e-02, 7.722284674591912979e-02, 3.108702277243092782e-01, 5.466166234064414597e-01
6.533340580339165593e-02, 7.731175339790706535e-02, 3.114263759326775238e-01, 5.459284648660237549e-01
6.537764469440172921e-02, 7.740183755699431289e-02, 3.119828408898306926e-01, 5.452376768587732236e-01
6.542301930205894622e-02, 7.749309866999104512e-02, 3.125396123363453071e-01, 5.445442696916047431e-01
6.546953013571894797e-02, 7.758553617772784294e-02, 3.130966799823802216e-01, 5.438482537041730014e-01
6.551717770828725806e-02, 7.767914951492541076e-02, 3.136540335077718233e-01, 5.431496392690154940e-01
6.556596253611086944e-02, 7.777393811006347302e-02, 3.142116625621323989e-01, 5.424484367916931893e-01
6.561588513886908169e-02, 7.786990138524915728e-02, 3.147695567649517745e-01, 5.417446567109299727e-01
6.566694603946272857e-02, 7.796703875608464174e-02, 3.153277057057010113e-01, 5.410383094987516461e-01
6.571914576390289198e-02, 7.806534963153449747e-02, 3.158860989439395972e-01, 5.403294056606230411e-01
6.577248484119817273e-02, 7.816483341379208694e-02, 3.164447260094258030e-01, 5.396179557355839096e-01
6.582696380324104535e-02, 7.826548949814575440e-02, 3.170035764022294811e-01, 5.389039702963837053e-01
6.588258318469326913e-02, 7.836731727284440563e-02, 3.175626395928479173e-01, 5.381874599496142553e-01
6.593934352287009193e-02, 7.847031611896246317e-02, 3.181219050223256795e-01, 5.374684353358417654e-01
6.599724535762337141e-02, 7.857448541026454403e-02, 3.186813621023754650e-01, 5.367469071297366057e-01
6.605628923122414120e-02, 7.867982451306934633e-02, 3.192410002155045001e-01, 5.360228860402020956e-01
6.611647568824365051e-02, 7.878633278611349433e-02, 3.198008087151422152e-01, 5.352963828105007371e-01
6.617780527543368208e-02, 7.889400958041459244e-02, 3.203607769257711402e-01, 5.345674082183805575e-01
6.624027854160598194e-02, 7.900285423913411265e-02, 3.209208941430624074e-01, 5.338359730761974564e-01
6.630389603751038474e-02, 7.911286609743958809e-02, 3.214811496340120311e-01, 5.331020882310379960e-01
6.636865831571242547e-02, 7.922404448236700092e-02, 3.220415326370825171e-01, 5.323657645648379733e-01
6.643456593046961900e-02, 7.933638871268183790e-02, 3.226020323623465247e-01, 5.316270129945021017e-01
6.650161943760711514e-02, 7.944989809874090925e-02, 3.231626379916331948e-01, 5.308858444720186975e-01
6.656981939439227114e-02, 7.956457194235302954e-02, 3.237233386786791955e-01, 5.301422699845754760e-01
6.663916635940833610e-02, 7.968040953663971249e-02, 3.242841235492817664e-01, 5.293963005546701295e-01
6.670966089242728880e-02, 7.979741016589553260e-02, 3.248449817014553154e-01, 5.286479472402219049e-01
6.678130355428166243e-02, 7.991557310544830650e-02, 3.254059022055907358e-01, 5.278972211346792953e-01
6.685409490673584199e-02, 8.003489762151874687e-02, 3.259668741046194973e-01, 5.271441333671258445e-01
6.692803551235600168e-02, 8.015538297108013022e-02, 3.265278864141792359e-01, 5.263886951023846184e-01
6.700312593437961206e-02, 8.027702840171770104e-02, 3.270889281227832845e-01, 5.256309175411194579e-01
6.707936673658389248e-02, 8.039983315148761800e-02, 3.276499881919937573e-01, 5.248708119199346767e-01
6.715675848315355578e-02, 8.052379644877637188e-02, 3.282110555565979082e-01, 5.241083895114722058e-01
6.723530173854759540e-02, 8.064891751215920446e-02, 3.287721191247867658e-01, 5.233436616245065176e-01
6.731499706736547572e-02, 8.077519555025879094e-02, 3.293331677783389311e-01, 5.225766396040366635e-01
6.739584503421229555e-02, 8.090262976160406128e-02, 3.298941903728059843e-01, 5.218073348313776449e-01
6.747784620356346574e-02, 8.103121933448827197e-02, 3.304551757377018895e-01, 5.210357587242463451e-01
6.756100113962824893e-02, 8.116096344682759145e-02, 3.310161126766961726e-01, 5.202619227368480148e-01
6.764531040621291069e-02, 8.129186126601926909e-02, 3.315769899678094879e-01, 5.194858383599583185e-01
6.773077456658292694e-02, 8.142391194879987359e-02, 3.321377963636135133e-01, 5.187075171210036029e-01
6.781739418332449754e-02, 8.155711464110329545e-02, 3.326985205914337329e-01, 5.179269705841385019e-01
6.790516981820533815e-02, 8.169146847791909638e-02, 3.332591513535552719e-01, 5.171442103503203214e-01
6.799410203203481995e-02, 8.182697258315049793e-02, 3.338196773274330620e-01, 5.163592480573815369e-01
6.808419138452338759e-02, 8.196362606947267537e-02, 3.343800871659044494e-01, 5.155720953800994044e-01
6.817543843414121396e-02, 8.210142803819089896e-02, 3.349403694974057433e-01, 5.147827640302621299e-01
6.826784373797635530e-02, 8.224037757909868906e-02, 3.355005129261919850e-01, 5.139912657567329290e-01
6.836140785159207367e-02, 8.238047377033623497e-02, 3.360605060325602134e-01, 5.131976123455114225e-01
6.845613132888370145e-02, 8.252171567824892473e-02, 3.366203373730761728e-01, 5.124018156197911456e-01
6.855201472193472867e-02, 8.266410235724559741e-02, 3.371799954808042399e-01, 5.116038874400155034e-01
6.864905858087233526e-02, 8.280763284965740600e-02, 3.377394688655409594e-01, 5.108038397039292855e-01
6.874726345372224323e-02, 8.295230618559669422e-02, 3.382987460140520763e-01, 5.100016843466290695e-01
6.884662988626309710e-02, 8.309812138281570670e-02, 3.388578153903128998e-01, 5.091974333406084074e-01
6.894715842188026134e-02, 8.324507744656592378e-02, 3.394166654357521073e-01, 5.083910986958016798e-01
6.904884960141892403e-02, 8.339317336945747949e-02, 3.399752845694989367e-01, 5.075826924596246181e-01
6.915170396303677025e-02, 8.354240813131857957e-02, 3.405336611886340403e-01, 5.067722267170104988e-01
6.925572204205601712e-02, 8.369278069905558559e-02, 3.410917836684437265e-01, 5.059597135904446707e-01
6.936090437081501858e-02, 8.384429002651277996e-02, 3.416496403626771983e-01, 5.051451652399949754e-01
6.946725147851927351e-02, 8.399693505433300511e-02, 3.422072196038081215e-01, 5.043285938633397247e-01
6.957476389109205905e-02, 8.415071470981824731e-02, 3.427645097032986365e-01, 5.035100116957911265e-01
6.968344213102437013e-02, 8.430562790679063667e-02, 3.433214989518680316e-01, 5.026894310103169339e-01
6.979328671722466459e-02, 8.446167354545368322e-02, 3.438781756197634154e-01, 5.018668641175582090e-01
6.990429816486783132e-02, 8.461885051225429000e-02, 3.444345279570353302e-01, 5.010423233658425346e-01
7.001647698524390839e-02, 8.477715767974432215e-02, 3.449905441938155293e-01, 5.002158211411962263e-01
7.012982368560637114e-02, 8.493659390644341112e-02, 3.455462125405992513e-01, 4.993873698673509387e-01
7.024433876901996221e-02, 8.509715803670180045e-02, 3.461015211885300480e-01, 4.985569820057482726e-01
7.036002273420810527e-02, 8.525884890056346921e-02, 3.466564583096887198e-01, 4.977246700555398307e-01
7.047687607539988852e-02, 8.542166531363004633e-02, 3.472110120573853598e-01, 4.968904465535847192e-01
7.059489928217668742e-02, 8.558560607692507205e-02, 3.477651705664553949e-01, 4.960543240744428317e-01
7.071409283931859302e-02, 8.575066997675843961e-02, 3.483189219535577918e-01, 4.952163152303651894e-01
7.083445722665017430e-02, 8.591685578459190564e-02, 3.488722543174782031e-01, 4.943764326712796198e-01
7.095599291888615712e-02, 8.608416225690468382e-02, 3.494251557394343344e-01, 4.935346890847748247e-01
7.107870038547675628e-02, 8.625258813505977395e-02, 3.499776142833858072e-01, 4.926910971960776209e-01
7.120258009045241088e-02, 8.642213214517080466e-02, 3.505296179963463543e-01, 4.918456697680304024e-01
7.132763249226871383e-02, 8.659279299796956986e-02, 3.510811549087001771e-01, 4.909984196010616087e-01
7.145385804365061988e-02, 8.676456938867388446e-02, 3.516322130345215791e-01, 4.901493595331539166e-01
7.158125719143666743e-02, 8.693745999685642545e-02, 3.521827803718976524e-01, 4.892985024398093241e-01
7.170983037642270075e-02, 8.711146348631393366e-02, 3.527328449032546831e-01, 4.884458612340086825e-01
7.183957803320568936e-02, 8.728657850493715120e-02, 3.532823945956881095e-01, 4.875914488661691193e-01
7.197050059002697842e-02, 8.746280368458168863e-02, 3.538314174012949231e-01, 4.867352783240964653e-01
7.210259846861546973e-02, 8.764013764093910031e-02, 3.543799012575107321e-01, 4.858773626329346840e-01
7.223587208403071946e-02, 8.781857897340904218e-02, 3.549278340874492121e-01, 4.850177148551109707e-01
7.237032184450568895e-02, 8.799812626497210966e-02, 3.554752038002452208e-01, 4.841563480902769667e-01
7.250594815128934278e-02, 8.817877808206324441e-02, 3.560219982914012427e-01, 4.832932754752461424e-01
7.264275139848931639e-02, 8.836053297444630694e-02, 3.565682054431371095e-01, 4.824285101839272394e-01
7.278073197291402840e-02, 8.854338947508892665e-02, 3.571138131247431069e-01, 4.815620654272539936e-01
7.291989025391507062e-02, 8.872734610003857325e-02, 3.576588091929361890e-01, 4.806939544531102504e-01
7.306022661322932044e-02, 8.891240134829922481e-02, 3.582031814922196911e-01, 4.798241905462517498e-01
7.320174141482091446e-02, 8.909855370170907674e-02, 3.587469178552461502e-01, 4.789527870282238586e-01
7.334443501472326377e-02, 8.928580162481884741e-02, 3.592900061031832903e-01, 4.780797572572745846e-01
7.348830776088094430e-02, 8.947414356477124964e-02, 3.598324340460837267e-01, 4.772051146282640377e-01
7.363335999299142065e-02, 8.966357795118130858e-02, 3.603741894832569459e-01, 4.763288725725702832e-01
7.377959204234703361e-02, 8.985410319601731810e-02, 3.609152602036457269e-01, 4.754510445579899769e-01
7.392700423167661294e-02, 9.004571769348303223e-02, 3.614556339862045609e-01, 4.745716440886357801e-01
7.407559687498738166e-02, 9.023841981990092520e-02, 3.619952986002819562e-01, 4.736906847048296676e-01
7.422537027740677695e-02, 9.043220793359603438e-02, 3.625342418060058525e-01, 4.728081799829912946e-01
7.437632473502420183e-02, 9.062708037478101053e-02, 3.630724513546718102e-01, 4.719241435355230885e-01
7.452846053473276278e-02, 9.082303546544240325e-02, 3.636099149891343085e-01, 4.710385890106905116e-01
7.468177795407149322e-02, 9.102007150922744594e-02, 3.641466204442021515e-01, 4.701515300924989371e-01
7.483627726106711897e-02, 9.121818679133239516e-02, 3.646825554470350395e-01, 4.692629805005654187e-01
7.499195871407615677e-02, 9.141737957839173034e-02, 3.652177077175453035e-01, 4.683729539899868510e-01
7.514882256162727647e-02, 9.161764811836838052e-02, 3.657520649688008607e-01, 4.674814643512034684e-01
7.530686904226338574e-02, 9.181899064044507508e-02, 3.662856149074324996e-01, 4.665885254098590118e-01
7.546609838438413098e-02, 9.202140535491722118e-02, 3.668183452340434414e-01, 4.656941510266551787e-01
7.562651080608857879e-02, 9.222489045308603084e-02, 3.673502436436222318e-01, 4.647983550972031308e-01
7.578810651501782791e-02, 9.242944410715379921e-02, 3.678812978259579647e-01, 4.639011515518704498e-01
7.595088570819799600e-02, 9.263506447011955747e-02, 3.684114954660593910e-01, 4.630025543556230416e-01
7.611484857188341446e-02, 9.284174967567665471e-02, 3.689408242445762487e-01, 4.621025775078637654e-01
7.627999528139987884e-02, 9.304949783811077013e-02, 3.694692718382230900e-01, 4.612012350422661777e-01
7.644632600098816289e-02, 9.325830705219972927e-02, 3.699968259202076615e-01, 4.602985410266043353e-01
7.661384088364793510e-02, 9.346817539311449985e-02, 3.705234741606597826e-01, 4.593945095625777686e-01
7.678254007098174461e-02, 9.367910091632103420e-02, 3.710492042270644997e-01, 4.584891547856327909e-01
7.695242369303946506e-02, 9.389108165748394352e-02, 3.715740037846977928e-01, 4.575824908647788680e-01
7.712349186816268298e-02, 9.410411563237114363e-02, 3.720978604970651138e-01, 4.566745320024011012e-01
7.729574470282986332e-02, 9.431820083675981903e-02, 3.726207620263419229e-01, 4.557652924340683254e-01
7.746918229150152879e-02, 9.453333524634389973e-02, 3.731426960338176113e-01, 4.548547864283369879e-01
7.764380471646571691e-02, 9.474951681664268988e-02, 3.736636501803421440e-01, 4.539430282865494770e-01
7.781961204768400586e-02, 9.496674348291088419e-02, 3.741836121267744786e-01, 4.530300323426306175e-01
7.799660434263799846e-02, 9.518501316005026358e-02, 3.747025695344347040e-01, 4.521158129628770062e-01
7.817478164617558400e-02, 9.540432374252227898e-02, 3.752205100655580661e-01, 4.512003845457440709e-01
7.835414399035840749e-02, 9.562467310426248090e-02, 3.757374213837512689e-01, 4.502837615216278011e-01
7.853469139430915846e-02, 9.584605909859615636e-02, 3.762532911544524961e-01, 4.493659583526421475e-01
7.871642386405951208e-02, 9.606847955815553397e-02, 3.767681070453919312e-01, 4.484469895323929811e-01
7.889934139239856981e-02, 9.629193229479827976e-02, 3.772818567270570522e-01, 4.475268695857462231e-01
7.908344395872168864e-02, 9.651641509952775533e-02, 3.777945278731580925e-01, 4.466056130685924774e-01
7.926873152887969898e-02, 9.674192574241434472e-02, 3.783061081610978871e-01, 4.456832345676081109e-01
7.945520405502871919e-02, 9.696846197251890453e-02, 3.788165852724422744e-01, 4.447597487000100602e-01
7.964286147548052530e-02, 9.719602151781710220e-02, 3.793259468933940504e-01, 4.438351701133083638e-01
7.983170371455339254e-02, 9.742460208512554454e-02, 3.798341807152687544e-01, 4.429095134850524751e-01
8.002173068242329768e-02, 9.765420136002966878e-02, 3.803412744349723984e-01, 4.419827935225745796e-01
8.021294227497616225e-02, 9.788481700681313236e-02, 3.808472157554821935e-01, 4.410550249627285813e-01
8.040533837365991532e-02, 9.811644666838820195e-02, 3.813519923863283312e-01, 4.401262225716235932e-01
8.059891884533799955e-02, 9.834908796622873761e-02, 3.818555920440788176e-01, 4.391964011443544313e-01
8.079368354214273851e-02, 9.858273850030403740e-02, 3.823580024528261401e-01, 4.382655755047270563e-01
8.098963230132982805e-02, 9.881739584901458318e-02, 3.828592113446758760e-01, 4.373337605049797405e-01
8.118676494513311914e-02, 9.905305756912942405e-02, 3.833592064602368565e-01, 4.364009710255005725e-01
8.138508128062041380e-02, 9.928972119572522514e-02, 3.838579755491146051e-01, 4.354672219745398531e-01
8.158458109954942750e-02, 9.952738424212684287e-02, 3.843555063704049979e-01, 4.345325282879187179e-01
8.178526417822494510e-02, 9.976604419984991257e-02, 3.848517866931914777e-01, 4.335969049287336508e-01
8.198713027735628212e-02, 1.000056985385447406e-01, 3.853468042970428220e-01, 4.326603668870560582e-01
8.219017914191577290e-02, 1.002463447059422225e-01, 3.858405469725136872e-01, 4.317229291796282897e-01
8.239441050099770292e-02, 1.004879801278012602e-01, 3.863330025216458186e-01, 4.307846068495552183e-01
8.259982406767807372e-02, 1.007306022078581775e-01, 3.868241587584723695e-01, 4.298454149659914347e-01
8.280641953887529771e-02, 1.009742083277775371e-01, 3.873140035095224420e-01, 4.289053686238247232e-01
8.301419659521139249e-02, 1.012187958471051780e-01, 3.878025246143287919e-01, 4.279644829433544850e-01
8.322315490087411893e-02, 1.014643621032225856e-01, 3.882897099259359774e-01, 4.270227730699672763e-01
8.343329410347996578e-02, 1.017109044113033295e-01, 3.887755473114101190e-01, 4.260802541738066274e-01
8.364461383393780036e-02, 1.019584200642711519e-01, 3.892600246523507668e-01, 4.251369414494401422e-01
8.385711370631344919e-02, 1.022069063327601390e-01, 3.897431298454043791e-01, 4.241928501155219911e-01
8.407079331769504171e-02, 1.024563604650762655e-01, 3.902248508027780782e-01, 4.232479954144507395e-01
8.428565224805939504e-02, 1.027067796871612287e-01, 3.907051754527558485e-01, 4.223023926120235139e-01
8.450169006013913409e-02, 1.029581612025580045e-01, 3.911840917402157336e-01, 4.213560569970871694e-01
8.471890629929057503e-02, 1.032105021923779703e-01, 3.916615876271484775e-01, 4.204090038811830188e-01
8.493730049336299659e-02, 1.034637998152703603e-01, 3.921376510931767756e-01, 4.194612485981900063e-01
8.515687215256809162e-02, 1.037180512073932748e-01, 3.926122701360764133e-01, 4.185128065039622758e-01
8.537762076935105637e-02, 1.039732534823867849e-01, 3.930854327722987374e-01, 4.175636929759634075e-01
8.559954581826223485e-02, 1.042294037313478416e-01, 3.935571270374932928e-01, 4.166139234128965474e-01
8.582264675582994273e-02, 1.044864990228071416e-01, 3.940273409870320709e-01, 4.156635132343308725e-01
8.604692302043386032e-02, 1.047445364027077136e-01, 3.944960626965350881e-01, 4.147124778803233935e-01
8.627237403218020184e-02, 1.050035128943859614e-01, 3.949632802623959660e-01, 4.137608328110379818e-01
8.649899919277695415e-02, 1.052634254985540668e-01, 3.954289818023096759e-01, 4.128085935063592338e-01
8.672679788541086399e-02, 1.055242711932846966e-01, 3.958931554558001165e-01, 4.118557754655042813e-01
8.695576947462499429e-02, 1.057860469339976517e-01, 3.963557893847489688e-01, 4.109023942066283852e-01
8.718591330619779312e-02, 1.060487496534482654e-01, 3.968168717739250506e-01, 4.099484652664289186e-01
8.741722870702268999e-02, 1.063123762617180779e-01, 3.972763908315145587e-01, 4.089940041997447429e-01
8.764971498498917712e-02, 1.065769236462073832e-01, 3.977343347896520886e-01, 4.080390265791513649e-01
8.788337142886493147e-02, 1.068423886716296650e-01, 3.981906919049519877e-01, 4.070835479945534852e-01
8.811819730817868623e-02, 1.071087681800081820e-01, 3.986454504590404846e-01, 4.061275840527725500e-01
8.835419187310476763e-02, 1.073760589906746360e-01, 3.990985987590883188e-01, 4.051711503771323053e-01
8.859135435434831174e-02, 1.076442579002695743e-01, 3.995501251383432040e-01, 4.042142626070387990e-01
8.882968396303196623e-02, 1.079133616827452485e-01, 4.000000179566639003e-01, 4.032569363975588295e-01
8.906917989058338314e-02, 1.081833670893700416e-01, 4.004482656010536767e-01, 4.022991874189928985e-01
8.930984130862423820e-02, 1.084542708487352125e-01, 4.008948564861941621e-01, 4.013410313564464982e-01
8.955166736886020773e-02, 1.087260696667639165e-01, 4.013397790549796951e-01, 4.003824839093962362e-01
8.979465720297233333e-02, 1.089987602267216832e-01, 4.017830217790523406e-01, 3.994235607912536290e-01
9.003880992250938575e-02, 1.092723391892295309e-01, 4.022245731593357965e-01, 3.984642777289253424e-01
9.028412461878150552e-02, 1.095468031922788715e-01, 4.026644217265702985e-01, 3.975046504623694910e-01
9.053060036275520361e-02, 1.098221488512483995e-01, 4.031025560418474152e-01, 3.965446947441489400e-01
9.077823620494966661e-02, 1.100983727589234934e-01, 4.035389646971450639e-01, 3.955844263389818316e-01
9.102703117533386679e-02, 1.103754714855172681e-01, 4.039736363158613619e-01, 3.946238610232874477e-01
9.127698428322555957e-02, 1.106534415786937925e-01, 4.044065595533500868e-01, 3.936630145847304640e-01
9.152809451719109979e-02, 1.109322795635936665e-01, 4.048377230974541385e-01, 3.927019028217610952e-01
9.178036084494683999e-02, 1.112119819428614570e-01, 4.052671156690400567e-01, 3.917405415431516880e-01
9.203378221326168063e-02, 1.114925451966752579e-01, 4.056947260225317597e-01, 3.907789465675313711e-01
9.228835754786092471e-02, 1.117739657827784006e-01, 4.061205429464440075e-01, 3.898171337229167088e-01
9.254408575333165909e-02, 1.120562401365135519e-01, 4.065445552639151416e-01, 3.888551188462398001e-01
9.280096571302927366e-02, 1.123393646708581994e-01, 4.069667518332398815e-01, 3.878929177828725483e-01
9.305899628898540998e-02, 1.126233357764631904e-01, 4.073871215484017316e-01, 3.869305463861497096e-01
9.331817632181725608e-02, 1.129081498216926854e-01, 4.078056533396037242e-01, 3.859680205168863898e-01
9.357850463063828450e-02, 1.131938031526663890e-01, 4.082223361737996048e-01, 3.850053560428958188e-01
9.383998001297032265e-02, 1.134802920933043191e-01, 4.086371590552241861e-01, 3.840425688385011305e-01
9.410260124465701093e-02, 1.137676129453732005e-01, 4.090501110259226469e-01, 3.830796747840470307e-01
9.436636707977874572e-02, 1.140557619885350094e-01, 4.094611811662792200e-01, 3.821166897654070249e-01
9.463127625056885761e-02, 1.143447354803983074e-01, 4.098703585955445483e-01, 3.811536296734883145e-01
9.489732746733146873e-02, 1.146345296565706162e-01, 4.102776324723633183e-01, 3.801905104037345828e-01
9.516451941836069628e-02, 1.149251407307140538e-01, 4.106829919952997843e-01, 3.792273478556255073e-01
9.543285076986111892e-02, 1.152165648946023441e-01, 4.110864264033624038e-01, 3.782641579321741609e-01
9.570232016586997792e-02, 1.155087983181802280e-01, 4.114879249765283631e-01, 3.773009565394214171e-01
9.597292622818080765e-02, 1.158018371496249976e-01, 4.118874770362656035e-01, 3.763377595859286329e-01
9.624466755626821801e-02, 1.160956775154102921e-01, 4.122850719460546820e-01, 3.753745829822667801e-01
9.651754272721477235e-02, 1.163903155203716705e-01, 4.126806991119091328e-01, 3.744114426405044660e-01
9.679155029563858703e-02, 1.166857472477747099e-01, 4.130743479828940523e-01, 3.734483544736926230e-01
9.706668879362320701e-02, 1.169819687593851437e-01, 4.134660080516441294e-01, 3.724853343953473672e-01
9.734295673064854992e-02, 1.172789760955409155e-01, 4.138556688548796769e-01, 3.715223983189309132e-01
9.762035259352330741e-02, 1.175767652752264109e-01, 4.142433199739212202e-01, 3.705595621573290477e-01
9.789887484631921988e-02, 1.178753322961493544e-01, 4.146289510352030305e-01, 3.695968418223284924e-01
9.817852193030664198e-02, 1.181746731348188723e-01, 4.150125517107845496e-01, 3.686342532240899361e-01
9.845929226389177336e-02, 1.184747837466266773e-01, 4.153941117188604260e-01, 3.676718122706210123e-01
9.874118424255530491e-02, 1.187756600659296002e-01, 4.157736208242688303e-01, 3.667095348672461674e-01
9.902419623879277211e-02, 1.190772980061346326e-01, 4.161510688389982171e-01, 3.657474369160743644e-01
9.930832660205643481e-02, 1.193796934597860376e-01, 4.165264456226914769e-01, 3.647855343154660090e-01
9.959357365869868361e-02, 1.196828422986545848e-01, 4.168997410831496997e-01, 3.638238429594971013e-01
9.987993571191709774e-02, 1.199867403738285321e-01, 4.172709451768322197e-01, 3.628623787374220533e-01
1.001674110417012098e-01, 1.202913835158075789e-01, 4.176400479093566598e-01, 3.619011575331345654e-01
1.004559979047803114e-01, 1.205967675345977763e-01, 4.180070393359948677e-01, 3.609401952246270029e-01
1.007456945345738680e-01, 1.209028882198095456e-01, 4.183719095621685757e-01, 3.599795076834479413e-01
1.010364991411424329e-01, 1.212097413407570851e-01, 4.187346487439418397e-01, 3.590191107741586007e-01
1.013284099111410180e-01, 1.215173226465602607e-01, 4.190952470885117020e-01, 3.580590203537869498e-01
1.016214250077737968e-01, 1.218256278662484260e-01, 4.194536948546963573e-01, 3.570992522712814754e-01
1.019155425707500978e-01, 1.221346527088663786e-01, 4.198099823534214847e-01, 3.561398223669621221e-01
1.022107607162426463e-01, 1.224443928635821632e-01, 4.201640999482035288e-01, 3.551807464719716756e-01
1.025070775368472076e-01, 1.227548439997972196e-01, 4.205160380556313138e-01, 3.542220404077242590e-01
1.028044911015434798e-01, 1.230660017672585843e-01, 4.208657871458447164e-01, 3.532637199853531085e-01
1.031029994556583451e-01, 1.233778617961728552e-01, 4.212133377430108960e-01, 3.523058010051580147e-01
1.034026006208301346e-01, 1.236904196973222930e-01, 4.215586804257978049e-01, 3.513482992560497675e-01
1.037032925949749884e-01, 1.240036710621833238e-01, 4.219018058278457550e-01, 3.503912305149959328e-01
1.040050733522547011e-01, 1.243176114630464013e-01, 4.222427046382353777e-01, 3.494346105464635754e-01
1.043079408430461624e-01, 1.246322364531384924e-01, 4.225813676019534171e-01, 3.484784551018618726e-01
1.046118929939126307e-01, 1.249475415667471445e-01, 4.229177855203559711e-01, 3.475227799189841149e-01
1.049169277075767265e-01, 1.252635223193470093e-01, 4.232519492516277348e-01, 3.465676007214485987e-01
1.052230428628947029e-01, 1.255801742077274352e-01, 4.235838497112398571e-01, 3.456129332181379632e-01
1.055302363148328815e-01, 1.258974927101235985e-01, 4.239134778724041874e-01, 3.446587931026393603e-01
1.058385058944457252e-01, 1.262154732863476903e-01, 4.242408247665238608e-01, 3.437051960526828487e-01
1.061478494088550911e-01, 1.265341113779236970e-01, 4.245658814836419936e-01, 3.427521577295791766e-01
1.064582646412316896e-01, 1.268534024082232370e-01, 4.248886391728868284e-01, 3.417996937776581201e-01
1.067697493507784173e-01, 1.271733417826036994e-01, 4.252090890429133241e-01, 3.408478198237044898e-01
1.070823012727144946e-01, 1.274939248885477439e-01, 4.255272223623421390e-01, 3.398965514763955809e-01
1.073959181182621569e-01, 1.278151470958059088e-01, 4.258430304601952265e-01, 3.389459043257368465e-01
1.077105975746347893e-01, 1.281370037565395248e-01, 4.261565047263273232e-01, 3.379958939424982933e-01
1.080263373050267400e-01, 1.284594902054669030e-01, 4.264676366118562156e-01, 3.370465358776500997e-01
1.083431349486044387e-01, 1.287826017600108008e-01, 4.267764176295867906e-01, 3.360978456617980115e-01
1.086609881205002487e-01, 1.291063337204474415e-01, 4.270828393544338075e-01, 3.351498388046186272e-01
1.089798944118066659e-01, 1.294306813700581982e-01, 4.273868934238404527e-01, 3.342025307942946832e-01
1.092998513895735158e-01, 1.297556399752825829e-01, 4.276885715381930630e-01, 3.332559370969508938e-01
1.096208565968059545e-01, 1.300812047858727616e-01, 4.279878654612325195e-01, 3.323100731560887366e-01
1.099429075524645111e-01, 1.304073710350509563e-01, 4.282847670204625312e-01, 3.313649543920218488e-01
1.102660017514669327e-01, 1.307341339396673741e-01, 4.285792681075533683e-01, 3.304205962013123110e-01
1.105901366646915851e-01, 1.310614887003608287e-01, 4.288713606787419863e-01, 3.294770139562056555e-01
1.109153097389823650e-01, 1.313894305017207775e-01, 4.291610367552293193e-01, 3.285342230040675937e-01
1.112415183971559446e-01, 1.317179545124511630e-01, 4.294482884235724662e-01, 3.275922386668203568e-01
1.115687600380100564e-01, 1.320470558855360299e-01, 4.297331078360743795e-01, 3.266510762403795343e-01
1.118970320363337073e-01, 1.323767297584068636e-01, 4.300154872111680571e-01, 3.257107509940914691e-01
1.122263317429192803e-01, 1.327069712531115941e-01, 4.302954188337979602e-01, 3.247712781701710960e-01
1.125566564845761619e-01, 1.330377754764853759e-01, 4.305728950557979329e-01, 3.238326729831405570e-01
1.128880035641458834e-01, 1.333691375203230334e-01, 4.308479082962629048e-01, 3.228949506192682062e-01
1.132203702605195234e-01, 1.337010524615531437e-01, 4.311204510419188729e-01, 3.219581262360083906e-01
1.135537538286561510e-01, 1.340335153624137576e-01, 4.313905158474876655e-01, 3.210222149614425091e-01
1.138881514996032684e-01, 1.343665212706299239e-01, 4.316580953360472095e-01, 3.200872318937195149e-01
1.142235604805192234e-01, 1.347000652195924630e-01, 4.319231821993889664e-01, 3.191531921004993055e-01
1.145599779546965513e-01, 1.350341422285388504e-01, 4.321857691983693184e-01, 3.182201106183952244e-01
1.148974010815878855e-01, 1.353687473027352928e-01, 4.324458491632581780e-01, 3.172880024524187270e-01
1.152358269968328797e-01, 1.357038754336603592e-01, 4.327034149940824359e-01, 3.163568825754243807e-01
1.155752528122871298e-01, 1.360395215991906381e-01, 4.329584596609655778e-01, 3.154267659275566404e-01
1.159156756160526630e-01, 1.363756807637873658e-01, 4.332109762044625834e-01, 3.144976674156974572e-01
1.162570924725100929e-01, 1.367123478786847479e-01, 4.334609577358902177e-01, 3.135696019129148859e-01
1.165995004223526060e-01, 1.370495178820800297e-01, 4.337083974376537698e-01, 3.126425842579135805e-01
1.169428964826212114e-01, 1.373871856993247875e-01, 4.339532885635678516e-01, 3.117166292544860107e-01
1.172872776467422523e-01, 1.377253462431176079e-01, 4.341956244391741437e-01, 3.107917516709660100e-01
1.176326408845658478e-01, 1.380639944136985431e-01, 4.344353984620531461e-01, 3.098679662396824908e-01
1.179789831424065127e-01, 1.384031250990446493e-01, 4.346726041021330422e-01, 3.089452876564158790e-01
1.183263013430854299e-01, 1.387427331750671899e-01, 4.349072349019920125e-01, 3.080237305798553815e-01
1.186745923859738733e-01, 1.390828135058099491e-01, 4.351392844771573842e-01, 3.071033096310586408e-01
1.190238531470387273e-01, 1.394233609436494326e-01, 4.353687465163993964e-01, 3.061840393929124438e-01
1.193740804788895604e-01, 1.397643703294955131e-01, 4.355956147820200242e-01, 3.052659344095949856e-01
1.197252712108269335e-01, 1.401058364929943512e-01, 4.358198831101378068e-01, 3.043490091860409641e-01
1.200774221488929983e-01, 1.404477542527321210e-01, 4.360415454109670685e-01, 3.034332781874078400e-01
1.204305300759229980e-01, 1.407901184164400687e-01, 4.362605956690929765e-01, 3.025187558385439290e-01
1.207845917515987383e-01, 1.411329237812010695e-01, 4.364770279437411027e-01, 3.016054565234589924e-01
1.211396039125038487e-01, 1.414761651336568504e-01, 4.366908363690428785e-01, 3.006933945847964917e-01
1.214955632721800016e-01, 1.418198372502171845e-01, 4.369020151542950536e-01, 2.997825843233077880e-01
1.218524665211852959e-01, 1.421639348972698891e-01, 4.371105585842153807e-01, 2.988730399973293372e-01
1.222103103271540564e-01, 1.425084528313919630e-01, 4.373164610191929147e-01, 2.979647758222609411e-01
1.225690913348578964e-01, 1.428533857995620826e-01, 4.375197168955326510e-01, 2.970578059700474394e-01
1.229288061662685977e-01, 1.431987285393739040e-01, 4.377203207256961659e-01, 2.961521445686612908e-01
1.232894514206229059e-01, 1.435444757792510295e-01, 4.379182670985365955e-01, 2.952478057015894275e-01
1.236510236744879088e-01, 1.438906222386625577e-01, 4.381135506795287848e-01, 2.943448034073206099e-01
1.240135194818287878e-01, 1.442371626283400210e-01, 4.383061662109943857e-01, 2.934431516788367778e-01
1.243769353740778738e-01, 1.445840916504950169e-01, 4.384961085123214586e-01, 2.925428644631056785e-01
1.247412678602048408e-01, 1.449314039990384217e-01, 4.386833724801795786e-01, 2.916439556605771588e-01
1.251065134267889678e-01, 1.452790943598002704e-01, 4.388679530887291125e-01, 2.907464391246816771e-01
1.254726685380926077e-01, 1.456271574107503020e-01, 4.390498453898259434e-01, 2.898503286613312024e-01
1.258397296361359885e-01, 1.459755878222201986e-01, 4.392290445132204790e-01, 2.889556380284232784e-01
1.262076931407738190e-01, 1.463243802571263796e-01, 4.394055456667522175e-01, 2.880623809353476394e-01
1.265765554497731149e-01, 1.466735293711934895e-01, 4.395793441365374865e-01, 2.871705710424959923e-01
1.269463129388925804e-01, 1.470230298131791069e-01, 4.397504352871541289e-01, 2.862802219607741283e-01
1.273169619619634318e-01, 1.473728762250993696e-01, 4.399188145618194157e-01, 2.853913472511176996e-01
1.276884988509716101e-01, 1.477230632424550716e-01, 4.400844774825629635e-01, 2.845039604240103270e-01
1.280609199161415468e-01, 1.480735854944591201e-01, 4.402474196503941561e-01, 2.836180749390050937e-01
1.284342214460210685e-01, 1.484244376042642144e-01, 4.404076367454655694e-01, 2.827337042042493143e-01
1.288083997075679110e-01, 1.487756141891916906e-01, 4.405651245272286798e-01, 2.818508615760116354e-01
1.291834509462378711e-01, 1.491271098609611989e-01, 4.407198788345871865e-01, 2.809695603582136880e-01
1.295593713860736795e-01, 1.494789192259206034e-01, 4.408718955860424504e-01, 2.800898138019634054e-01
1.299361572297957901e-01, 1.498310368852772134e-01, 4.410211707798343261e-01, 2.792116351050928369e-01
1.303138046588943888e-01, 1.501834574353292651e-01, 4.411677004940777747e-01, 2.783350374116986825e-01
1.306923098337226530e-01, 1.505361754676981245e-01, 4.413114808868927041e-01, 2.774600338116864906e-01
1.310716688935915086e-01, 1.508891855695615736e-01, 4.414525081965290365e-01, 2.765866373403179646e-01
1.314518779568653317e-01, 1.512424823238867622e-01, 4.415907787414857788e-01, 2.757148609777620996e-01
1.318329331210597866e-01, 1.515960603096649373e-01, 4.417262889206260978e-01, 2.748447176486492616e-01
1.322148304629397753e-01, 1.519499141021455613e-01, 4.418590352132851229e-01, 2.739762202216294851e-01
1.325975660386197463e-01, 1.523040382730720954e-01, 4.419890141793739735e-01, 2.731093815089342125e-01
1.329811358836647528e-01, 1.526584273909172285e-01, 4.421162224594771262e-01, 2.722442142659410313e-01
1.333655360131926759e-01, 1.530130760211194929e-01, 4.422406567749451178e-01, 2.713807311907427966e-01
1.337507624219781144e-01, 1.533679787263197980e-01, 4.423623139279818095e-01, 2.705189449237203059e-01
1.341368110845572448e-01, 1.537231300665985734e-01, 4.424811908017256545e-01, 2.696588680471184718e-01
1.345236779553338202e-01, 1.540785245997132735e-01, 4.425972843603261930e-01, 2.688005130846267132e-01
1.349113589686865011e-01, 1.544341568813366039e-01, 4.427105916490143289e-01, 2.679438925009626771e-01
1.352998500390775460e-01, 1.547900214652944417e-01, 4.428211097941678887e-01, 2.670890187014600681e-01
1.356891470611622796e-01, 1.551461129038048947e-01, 4.429288360033720728e-01, 2.662359040316607528e-01
1.360792459099001706e-01, 1.555024257477170546e-01, 4.430337675654726914e-01, 2.653845607769099724e-01
1.364701424406667973e-01, 1.558589545467503057e-01, 4.431359018506263459e-01, 2.645350011619566066e-01
1.368618324893668692e-01, 1.562156938497341052e-01, 4.432352363103428949e-01, 2.636872373505561584e-01
1.372543118725486344e-01, 1.565726382048474030e-01, 4.433317684775245904e-01, 2.628412814450794555e-01
1.376475763875195102e-01, 1.569297821598590048e-01, 4.434254959664981066e-01, 2.619971454861233506e-01
1.380416218124621286e-01, 1.572871202623678244e-01, 4.435164164730422409e-01, 2.611548414521279171e-01
1.384364439065522701e-01, 1.576446470600429139e-01, 4.436045277744090631e-01, 2.603143812589956418e-01
1.388320384100775462e-01, 1.580023571008643823e-01, 4.436898277293417903e-01, 2.594757767597162257e-01
1.392284010445568598e-01, 1.583602449333640361e-01, 4.437723142780840013e-01, 2.586390397439951028e-01
1.396255275128614470e-01, 1.587183051068659645e-01, 4.438519854423869093e-01, 2.578041819378858457e-01
1.400234134993364465e-01, 1.590765321717275138e-01, 4.439288393255081955e-01, 2.569712150034278442e-01
1.404220546699238570e-01, 1.594349206795802054e-01, 4.440028741122083455e-01, 2.561401505382875921e-01
1.408214466722864100e-01, 1.597934651835707653e-01, 4.440740880687388814e-01, 2.553110000754040265e-01
1.412215851359320817e-01, 1.601521602386017373e-01, 4.441424795428270955e-01, 2.544837750826390299e-01
1.416224656723401032e-01, 1.605110004015728731e-01, 4.442080469636550677e-01, 2.536584869624319283e-01
1.420240838750876644e-01, 1.608699802316215233e-01, 4.442707888418323536e-01, 2.528351470514583199e-01
1.424264353199773681e-01, 1.612290942903638058e-01, 4.443307037693651207e-01, 2.520137666202937332e-01
1.428295155651659598e-01, 1.615883371421351633e-01, 4.443877904196175677e-01, 2.511943568730812815e-01
1.432333201512938359e-01, 1.619477033542308653e-01, 4.444420475472709575e-01, 2.503769289472042581e-01
1.436378446016154664e-01, 1.623071874971466766e-01, 4.444934739882748786e-01, 2.495614939129630061e-01
1.440430844221302908e-01, 1.626667841448190266e-01, 4.445420686597941207e-01, 2.487480627732565341e-01
1.444490351017153895e-01, 1.630264878748649282e-01, 4.445878305601512204e-01, 2.479366464632685729e-01
1.448556921122579610e-01, 1.633862932688222025e-01, 4.446307587687617913e-01, 2.471272558501580729e-01
1.452630509087894095e-01, 1.637461949123888705e-01, 4.446708524460667444e-01, 2.463199017327549478e-01
1.456711069296200700e-01, 1.641061873956626005e-01, 4.447081108334574040e-01, 2.455145948412599533e-01
1.460798555964740453e-01, 1.644662653133799057e-01, 4.447425332531973474e-01, 2.447113458369488126e-01
1.464892923146260961e-01, 1.648264232651547589e-01, 4.447741191083368628e-01, 2.439101653118823376e-01
1.468994124730383100e-01, 1.651866558557170406e-01, 4.448028678826246307e-01, 2.431110637886200188e-01
1.473102114444977129e-01, 1.655469576951509869e-01, 4.448287791404123004e-01, 2.423140517199389721e-01
1.477216845857548533e-01, 1.659073233991324170e-01, 4.448518525265552359e-01, 2.415191394885575216e-01
1.481338272376631904e-01, 1.662677475891664591e-01, 4.448720877663073225e-01, 2.407263374068630835e-01
1.485466347253185659e-01, 1.666282248928241949e-01, 4.448894846652113322e-01, 2.399356557166459070e-01
1.489601023582002026e-01, 1.669887499439792200e-01, 4.449040431089841263e-01, 2.391471045888364233e-01
1.493742254303116190e-01, 1.673493173830436498e-01, 4.449157630633965854e-01, 2.383606941232482290e-01
1.497889992203227938e-01, 1.677099218572035699e-01, 4.449246445741484313e-01, 2.375764343483252328e-01
1.502044189917126626e-01, 1.680705580206539873e-01, 4.449306877667388305e-01, 2.367943352208945751e-01
1.506204799929121985e-01, 1.684312205348332259e-01, 4.449338928463313914e-01, 2.360144066259231843e-01
1.510371774574484904e-01, 1.687919040686571281e-01, 4.449342600976141093e-01, 2.352366583762804109e-01
1.514545066040886845e-01, 1.691526032987516470e-01, 4.449317898846550379e-01, 2.344611002125045751e-01
1.518724626369855890e-01, 1.695133129096864366e-01, 4.449264826507530191e-01, 2.336877418025750386e-01
1.522910407458224202e-01, 1.698740275942062228e-01, 4.449183389182827519e-01, 2.329165927416886051e-01
1.527102361059598234e-01, 1.702347420534623679e-01, 4.449073592885359751e-01, 2.321476625520417225e-01
1.531300438785816731e-01, 1.705954509972440192e-01, 4.448935444415578755e-01, 2.313809606826164045e-01
1.535504592108426214e-01, 1.709561491442074532e-01, 4.448768951359778345e-01, 2.306164965089720353e-01
1.539714772360158135e-01, 1.713168312221061418e-01, 4.448574122088362337e-01, 2.298542793330419221e-01
1.543930930736405749e-01, 1.716774919680187916e-01, 4.448350965754065967e-01, 2.290943183829339536e-01
1.548153018296715422e-01, 1.720381261285778007e-01, 4.448099492290129020e-01, 2.283366228127377828e-01
1.552380985966273774e-01, 1.723987284601955217e-01, 4.447819712408416226e-01, 2.275812017023355616e-01
1.556614784537403151e-01, 1.727592937292912190e-01, 4.447511637597506007e-01, 2.268280640572178652e-01
1.560854364671060701e-01, 1.731198167125163334e-01, 4.447175280120721497e-01, 2.260772188083055301e-01
1.565099676898341896e-01, 1.734802921969790801e-01, 4.446810653014115489e-01, 2.253286748117751259e-01
1.569350671621987658e-01, 1.738407149804682694e-01, 4.446417770084427068e-01, 2.245824408488902857e-01
1.573607299117893155e-01, 1.742010798716760456e-01, 4.445996645906969968e-01, 2.238385256258376976e-01
1.577869509536625470e-01, 1.745613816904200699e-01, 4.445547295823493172e-01, 2.230969377735680104e-01
1.582137252904938229e-01, 1.749216152678645941e-01, 4.445069735939997102e-01, 2.223576858476419560e-01
1.586410479127293438e-01, 1.752817754467403122e-01, 4.444563983124492634e-01, 2.216207783280810806e-01
1.590689137987388313e-01, 1.756418570815640456e-01, 4.444030055004735691e-01, 2.208862236192236372e-01
1.594973179149676290e-01, 1.760018550388564307e-01, 4.443467969965904096e-01, 2.201540300495854752e-01
1.599262552160905237e-01, 1.763617641973595773e-01, 4.442877747148240020e-01, 2.194242058717258692e-01
1.603557206451642347e-01, 1.767215794482529245e-01, 4.442259406444646896e-01, 2.186967592621181788e-01
1.607857091337812072e-01, 1.770812956953687067e-01, 4.441612968498244718e-01, 2.179716983210255865e-01
1.612162156022237114e-01, 1.774409078554056440e-01, 4.440938454699889237e-01, 2.172490310723817208e-01
1.616472349596171365e-01, 1.778004108581426879e-01, 4.440235887185640107e-01, 2.165287654636762205e-01
1.620787621040844784e-01, 1.781597996466500744e-01, 4.439505288834199037e-01, 2.158109093658454603e-01
1.625107919229010489e-01, 1.785190691775011551e-01, 4.438746683264301329e-01, 2.150954705731677186e-01
1.629433192926482699e-01, 1.788782144209813407e-01, 4.437960094832067437e-01, 2.143824568031636180e-01
1.633763390793689374e-01, 1.792372303612971007e-01, 4.437145548628323999e-01, 2.136718756965014787e-01
1.638098461387218485e-01, 1.795961119967833808e-01, 4.436303070475869359e-01, 2.129637348169077793e-01
1.642438353161367326e-01, 1.799548543401097711e-01, 4.435432686926718548e-01, 2.122580416510816137e-01
1.646783014469693496e-01, 1.803134524184856202e-01, 4.434534425259298307e-01, 2.115548036086151995e-01
1.651132393566567547e-01, 1.806719012738638996e-01, 4.433608313475608798e-01, 2.108540280219185215e-01
1.655486438608724797e-01, 1.810301959631438751e-01, 4.432654380298346464e-01, 2.101557221461490543e-01
1.659845097656816593e-01, 1.813883315583725009e-01, 4.431672655167993025e-01, 2.094598931591466207e-01
1.664208318676969889e-01, 1.817463031469445101e-01, 4.430663168239862282e-01, 2.087665481613721896e-01
1.668576049542335460e-01, 1.821041058318015327e-01, 4.429625950381120281e-01, 2.080756941758528655e-01
1.672948238034645818e-01, 1.824617347316293270e-01, 4.428561033167758842e-01, 2.073873381481303180e-01
1.677324831845769526e-01, 1.828191849810542335e-01, 4.427468448881538010e-01, 2.067014869462150406e-01
1.681705778579264399e-01, 1.831764517308383244e-01, 4.426348230506902404e-01, 2.060181473605448843e-01
1.686091025751934869e-01, 1.835335301480728321e-01, 4.425200411727851502e-01, 2.053373261039485587e-01
1.690480520795383246e-01, 1.838904154163703841e-01, 4.424025026924777171e-01, 2.046590298116135187e-01
1.694874211057565416e-01, 1.842471027360562952e-01, 4.422822111171278991e-01, 2.039832650410592640e-01
1.699272043804345433e-01, 1.846035873243575265e-01, 4.421591700230930733e-01, 2.033100382721148291e-01
1.703673966221044833e-01, 1.849598644155914795e-01, 4.420333830554029619e-01, 2.026393559069010475e-01
1.708079925413996669e-01, 1.853159292613524578e-01, 4.419048539274301191e-01, 2.019712242698176730e-01
1.712489868412096494e-01, 1.856717771306970188e-01, 4.417735864205581398e-01, 2.013056496075351087e-01
1.716903742168352232e-01, 1.860274033103278268e-01, 4.416395843838462065e-01, 2.006426380889907712e-01
1.721321493561430160e-01, 1.863828031047763956e-01, 4.415028517336907488e-01, 1.999821958053898396e-01
1.725743069397206730e-01, 1.867379718365836938e-01, 4.413633924534842712e-01, 1.993243287702113342e-01
1.730168416410311494e-01, 1.870929048464802236e-01, 4.412212105932709072e-01, 1.986690429192177476e-01
1.734597481265670038e-01, 1.874475974935635725e-01, 4.410763102693993076e-01, 1.980163441104701993e-01
1.739030210560050249e-01, 1.878020451554752723e-01, 4.409286956641722544e-01, 1.973662381243475317e-01
1.743466550823599415e-01, 1.881562432285759368e-01, 4.407783710254939979e-01, 1.967187306635701793e-01
1.747906448521384659e-01, 1.885101871281186503e-01, 4.406253406665145422e-01, 1.960738273532283693e-01
1.752349850054930325e-01, 1.888638722884208865e-01, 4.404696089652707092e-01, 1.954315337408153164e-01
1.756796701763749247e-01, 1.892172941630354543e-01, 4.403111803643257050e-01, 1.947918552962639716e-01
1.761246949926877081e-01, 1.895704482249189193e-01, 4.401500593704044118e-01, 1.941547974119889608e-01
1.765700540764403026e-01, 1.899233299665992747e-01, 4.399862505540278468e-01, 1.935203654029325204e-01
1.770157420438993046e-01, 1.902759349003417533e-01, 4.398197585491437356e-01, 1.928885645066152343e-01
1.774617535057416151e-01, 1.906282585583129741e-01, 4.396505880527548649e-01, 1.922593998831905460e-01
1.779080830672068458e-01, 1.909802964927434787e-01, 4.394787438245455480e-01, 1.916328766155040442e-01
1.783547253282487255e-01, 1.913320442760889917e-01, 4.393042306865052038e-01, 1.910089997091569125e-01
1.788016748836868675e-01, 1.916834975011899034e-01, 4.391270535225497706e-01, 1.903877740925734863e-01
1.792489263233580932e-01, 1.920346517814284781e-01, 4.389472172781400672e-01, 1.897692046170734170e-01
1.796964742322671449e-01, 1.923855027508859228e-01, 4.387647269598993760e-01, 1.891532960569476673e-01
1.801443131907374262e-01, 1.927360460644962359e-01, 4.385795876352273082e-01, 1.885400531095390020e-01
1.805924377745612430e-01, 1.930862773981994740e-01, 4.383918044319127794e-01, 1.879294803953264759e-01
1.810408425551496003e-01, 1.934361924490927698e-01, 4.382013825377436556e-01, 1.873215824580140576e-01
1.814895220996817216e-01, 1.937857869355799623e-01, 4.380083272001148997e-01, 1.867163637646233054e-01
1.819384709712542625e-01, 1.941350565975197562e-01, 4.378126437256354420e-01, 1.861138287055905671e-01
1.823876837290298869e-01, 1.944839971963715775e-01, 4.376143374797313856e-01, 1.855139815948670390e-01
1.828371549283858699e-01, 1.948326045153404018e-01, 4.374134138862489918e-01, 1.849168266700247643e-01
1.832868791210618131e-01, 1.951808743595194184e-01, 4.372098784270542771e-01, 1.843223680923645469e-01
1.837368508553074153e-01, 1.955288025560311949e-01, 4.370037366416323343e-01, 1.837306099470290277e-01
1.841870646760293551e-01, 1.958763849541675650e-01, 4.367949941266833225e-01, 1.831415562431197575e-01
1.846375151249379509e-01, 1.962236174255266308e-01, 4.365836565357180121e-01, 1.825552109138173784e-01
1.850881967406936557e-01, 1.965704958641493749e-01, 4.363697295786508334e-01, 1.819715778165061915e-01
1.855391040590527452e-01, 1.969170161866536650e-01, 4.361532190213913140e-01, 1.813906607329024145e-01
1.859902316130121191e-01, 1.972631743323670084e-01, 4.359341306854344622e-01, 1.808124633691864380e-01
1.864415739329550459e-01, 1.976089662634571420e-01, 4.357124704474494847e-01, 1.802369893561383274e-01
1.868931255467947694e-01, 1.979543879650614013e-01, 4.354882442388660624e-01, 1.796642422492776558e-01
1.873448809801190051e-01, 1.982994354454139796e-01, 4.352614580454605697e-01, 1.790942255290064178e-01
1.877968347563325480e-01, 1.986441047359714107e-01, 4.350321179069399635e-01, 1.785269426007561056e-01
1.882489813968009351e-01, 1.989883918915364702e-01, 4.348002299165243945e-01, 1.779623967951381169e-01
1.887013154209923882e-01, 1.993322929903804386e-01, 4.345658002205293191e-01, 1.774005913680978541e-01
1.891538313466198107e-01, 1.996758041343631163e-01, 4.343288350179450030e-01, 1.768415295010722088e-01
1.896065236897818973e-01, 2.000189214490515344e-01, 4.340893405600158572e-01, 1.762852143011507111e-01
1.900593869651043266e-01, 2.003616410838369999e-01, 4.338473231498183313e-01, 1.757316488012403422e-01
1.905124156858795936e-01, 2.007039592120497262e-01, 4.336027891418375302e-01, 1.751808359602331777e-01
1.909656043642070089e-01, 2.010458720310720759e-01, 4.333557449415427754e-01, 1.746327786631781953e-01
1.914189475111317540e-01, 2.013873757624503325e-01, 4.331061970049622789e-01, 1.740874797214556069e-01
1.918724396367833818e-01, 2.017284666520041403e-01, 4.328541518382568731e-01, 1.735449418729556326e-01
1.923260752505138726e-01, 2.020691409699345575e-01, 4.325996159972923527e-01, 1.730051677822591616e-01
1.927798488610352745e-01, 2.024093950109298878e-01, 4.323425960872117058e-01, 1.724681600408230209e-01
1.932337549765562879e-01, 2.027492250942703744e-01, 4.320830987620057351e-01, 1.719339211671676027e-01
1.936877881049186290e-01, 2.030886275639303962e-01, 4.318211307240830132e-01, 1.714024536070679339e-01
1.941419427537328379e-01, 2.034275987886793313e-01, 4.315566987238399488e-01, 1.708737597337479097e-01
1.945962134305132540e-01, 2.037661351621805617e-01, 4.312898095592286318e-01, 1.703478418480775525e-01
1.950505946428125192e-01, 2.041042331030886170e-01, 4.310204700753251794e-01, 1.698247021787736288e-01
1.955050808983554433e-01, 2.044418890551443768e-01, 4.307486871638974146e-01, 1.693043428826027652e-01
1.959596667051722307e-01, 2.047790994872687176e-01, 4.304744677629709915e-01, 1.687867660445880880e-01
1.964143465717311798e-01, 2.051158608936543004e-01, 4.301978188563960748e-01, 1.682719736782183895e-01
1.968691150070706608e-01, 2.054521697938556102e-01, 4.299187474734132430e-01, 1.677599677256605415e-01
1.973239665209305660e-01, 2.057880227328767186e-01, 4.296372606882182255e-01, 1.672507500579746009e-01
1.977788956238828721e-01, 2.061234162812582427e-01, 4.293533656195271386e-01, 1.667443224753318021e-01
1.982338968274619528e-01, 2.064583470351615824e-01, 4.290670694301413346e-01, 1.662406867072352690e-01
1.986889646442938639e-01, 2.067928116164515218e-01, 4.287783793265110277e-01, 1.657398444127437254e-01
1.991440935882252961e-01, 2.071268066727775248e-01, 4.284873025582995321e-01, 1.652417971806975361e-01
1.995992781744517497e-01, 2.074603288776530052e-01, 4.281938464179472215e-01, 1.647465465299479681e-01
2.000545129196449889e-01, 2.077933749305320432e-01, 4.278980182402344346e-01, 1.642540939095885888e-01
2.005097923420796346e-01, 2.081259415568858240e-01, 4.275998254018452682e-01, 1.637644406991892176e-01
2.009651109617599241e-01, 2.084580255082761069e-01, 4.272992753209306493e-01, 1.632775882090333197e-01
2.014204633005445833e-01, 2.087896235624268904e-01, 4.269963754566719061e-01, 1.627935376803566481e-01
2.018758438822722823e-01, 2.091207325232950776e-01, 4.266911333088431180e-01, 1.623122902855894389e-01
2.023312472328852585e-01, 2.094513492211390049e-01, 4.263835564173752979e-01, 1.618338471286003832e-01
2.027866678805532452e-01, 2.097814705125845558e-01, 4.260736523619187421e-01, 1.613582092449435124e-01
2.032421003557959571e-01, 2.101110932806904974e-01, 4.257614287614067683e-01, 1.608853776021068049e-01
2.036975391916054645e-01, 2.104402144350115411e-01, 4.254468932736190645e-01, 1.604153530997639576e-01
2.041529789235675130e-01, 2.107688309116594882e-01, 4.251300535947453163e-01, 1.599481365700275715e-01
2.046084140899823989e-01, 2.110969396733628212e-01, 4.248109174589493886e-01, 1.594837287777053636e-01
2.050638392319849013e-01, 2.114245377095246847e-01, 4.244894926379322309e-01, 1.590221304205580444e-01
2.055192488936637973e-01, 2.117516220362786195e-01, 4.241657869404978909e-01, 1.585633421295596923e-01
2.059746376221804620e-01, 2.120781896965429347e-01, 4.238398082121168642e-01, 1.581073644691597391e-01
2.064299999678868569e-01, 2.124042377600734166e-01, 4.235115643344917191e-01, 1.576541979375480074e-01
2.068853304844429641e-01, 2.127297633235135932e-01, 4.231810632251224447e-01, 1.572038429669209425e-01
2.073406237289332210e-01, 2.130547635104441395e-01, 4.228483128368726307e-01, 1.567562999237498977e-01
2.077958742619826493e-01, 2.133792354714300621e-01, 4.225133211575350933e-01, 1.563115691090521120e-01
2.082510766478716802e-01, 2.137031763840660237e-01, 4.221760962093994429e-01, 1.558696507586628532e-01
2.087062254546510065e-01, 2.140265834530201139e-01, 4.218366460488191527e-01, 1.554305450435095881e-01
2.091613152542552700e-01, 2.143494539100762042e-01, 4.214949787657798486e-01, 1.549942520698887050e-01
2.096163406226161374e-01, 2.146717850141736383e-01, 4.211511024834672101e-01, 1.545607718797429864e-01
2.100712961397746270e-01, 2.149935740514465621e-01, 4.208050253578372035e-01, 1.541301044509415796e-01
2.105261763899929361e-01, 2.153148183352601719e-01, 4.204567555771853704e-01, 1.537022496975614938e-01
2.109809759618652969e-01, 2.156355152062461311e-01, 4.201063013617175046e-01, 1.532772074701710119e-01
2.114356894484284155e-01, 2.159556620323359044e-01, 4.197536709631215501e-01, 1.528549775561141022e-01
2.118903114472707183e-01, 2.162752562087926766e-01, 4.193988726641390552e-01, 1.524355596797976053e-01
2.123448365606415422e-01, 2.165942951582410514e-01, 4.190419147781389575e-01, 1.520189535029785044e-01
2.127992593955592704e-01, 2.169127763306957779e-01, 4.186828056486908700e-01, 1.516051586250541927e-01
2.132535745639184965e-01, 2.172306972035881467e-01, 4.183215536491400321e-01, 1.511941745833533801e-01
2.137077766825971614e-01, 2.175480552817909974e-01, 4.179581671821833155e-01, 1.507860008534285812e-01
2.141618603735622461e-01, 2.178648480976423107e-01, 4.175926546794450633e-01, 1.503806368493504075e-01
2.146158202639754098e-01, 2.181810732109663586e-01, 4.172250246010555386e-01, 1.499780819240027485e-01
2.150696509862972949e-01, 2.184967282090941043e-01, 4.168552854352288728e-01, 1.495783353693797280e-01
2.155233471783919164e-01, 2.188118107068813267e-01, 4.164834456978429578e-01, 1.491813964168837436e-01
2.159769034836294954e-01, 2.191263183467255515e-01, 4.161095139320203362e-01, 1.487872642376247279e-01
2.164303145509890447e-01, 2.194402487985805117e-01, 4.157334987077094812e-01, 1.483959379427209069e-01
2.168835750351605640e-01, 2.197535997599702751e-01, 4.153554086212684071e-01, 1.480074165836008093e-01
2.173366795966455711e-01, 2.200663689560006797e-01, 4.149752522950480027e-01, 1.476216991523058020e-01
2.177896229018583263e-01, 2.203785541393692982e-01, 4.145930383769778627e-01, 1.472387845817944851e-01
2.182423996232247254e-01, 2.206901530903745412e-01, 4.142087755401527294e-01, 1.468586717462480873e-01
2.186950044392819426e-01, 2.210011636169221250e-01, 4.138224724824194900e-01, 1.464813594613764702e-01
2.191474320347767957e-01, 2.213115835545305110e-01, 4.134341379259673932e-01, 1.461068464847253556e-01
2.195996771007629744e-01, 2.216214107663349586e-01, 4.130437806169170445e-01, 1.457351315159849670e-01
2.200517343346984622e-01, 2.219306431430894400e-01, 4.126514093249129544e-01, 1.453662131972991156e-01
2.205035984405418203e-01, 2.222392786031672507e-01, 4.122570328427158093e-01, 1.450000901135750642e-01
2.209552641288475006e-01, 2.225473150925603161e-01, 4.118606599857970729e-01, 1.446367607927951382e-01
2.214067261168610468e-01, 2.228547505848763877e-01, 4.114622995919345882e-01, 1.442762237063280051e-01
2.218579791286132974e-01, 2.231615830813351853e-01, 4.110619605208098437e-01, 1.439184772692417291e-01
2.223090178950139495e-01, 2.234678106107627349e-01, 4.106596516536061836e-01, 1.435635198406171598e-01
2.227598371539445399e-01, 2.237734312295842354e-01, 4.102553818926091833e-01, 1.432113497238620414e-01
2.232104316503506769e-01, 2.240784430218154266e-01, 4.098491601608078017e-01, 1.428619651670260393e-01
2.236607961363336061e-01, 2.243828440990524309e-01, 4.094409954014978092e-01, 1.425153643631161260e-01
2.241109253712410820e-01, 2.246866326004601788e-01, 4.090308965778856054e-01, 1.421715454504130227e-01
2.245608141217576570e-01, 2.249898066927591145e-01, 4.086188726726954212e-01, 1.418305065127878628e-01
2.250104571619944149e-01, 2.252923645702104294e-01, 4.082049326877756346e-01, 1.414922455800194934e-01
2.254598492735775950e-01, 2.255943044546003251e-01, 4.077890856437093592e-01, 1.411567606281126652e-01
2.259089852457373537e-01, 2.258956245952219721e-01, 4.073713405794245346e-01, 1.408240495796161951e-01
2.263578598753949178e-01, 2.261963232688568581e-01, 4.069517065518063470e-01, 1.404941103039419048e-01
2.268064679672499584e-01, 2.264963987797538325e-01, 4.065301926353121487e-01, 1.401669406176840882e-01
2.272548043338666335e-01, 2.267958494596075958e-01, 4.061068079215866544e-01, 1.398425382849390330e-01
2.277028637957597690e-01, 2.270946736675349686e-01, 4.056815615190798585e-01, 1.395209010176254316e-01
2.281506411814794300e-01, 2.273928697900502172e-01, 4.052544625526660060e-01, 1.392020264758043469e-01
2.285981313276956584e-01, 2.276904362410387406e-01, 4.048255201632651179e-01, 1.388859122680004832e-01
2.290453290792823504e-01, 2.279873714617297042e-01, 4.043947435074650154e-01, 1.385725559515229299e-01
2.294922292894003291e-01, 2.282836739206665355e-01, 4.039621417571465645e-01, 1.382619550327865432e-01
2.299388268195799445e-01, 2.285793421136770587e-01, 4.035277240991097525e-01, 1.379541069676332998e-01
2.303851165398032030e-01, 2.288743745638410487e-01, 4.030914997347014861e-01, 1.376490091616543177e-01
2.308310933285848687e-01, 2.291687698214578128e-01, 4.026534778794459979e-01, 1.373466589705113483e-01
2.312767520730536208e-01, 2.294625264640109963e-01, 4.022136677626764745e-01, 1.370470537002589362e-01
2.317220876690317122e-01, 2.297556430961331386e-01, 4.017720786271686273e-01, 1.367501906076664941e-01
2.321670950211150442e-01, 2.300481183495683979e-01, 4.013287197287760955e-01, 1.364560669005404347e-01
2.326117690427517426e-01, 2.303399508831337483e-01, 4.008836003360682354e-01, 1.361646797380462182e-01
2.330561046563207617e-01, 2.306311393826795397e-01, 4.004367297299688544e-01, 1.358760262310307887e-01
2.335000967932096272e-01, 2.309216825610480028e-01, 3.999881172033977195e-01, 1.355901034423445672e-01
2.339437403938915694e-01, 2.312115791580310331e-01, 3.995377720609137318e-01, 1.353069083871636935e-01
2.343870304080022671e-01, 2.315008279403262259e-01, 3.990857036183594331e-01, 1.350264380333120184e-01
2.348299617944159257e-01, 2.317894277014920512e-01, 3.986319212025089542e-01, 1.347486893015830411e-01
2.352725295213207446e-01, 2.320773772619014186e-01, 3.981764341507159632e-01, 1.344736590660618181e-01
2.357147285662939684e-01, 2.323646754686942428e-01, 3.977192518105651109e-01, 1.342013441544467334e-01
2.361565539163759109e-01, 2.326513211957285943e-01, 3.972603835395248639e-01, 1.339317413483706587e-01
2.365980005681442844e-01, 2.329373133435305721e-01, 3.967998387046024478e-01, 1.336648473837226403e-01
2.370390635277873637e-01, 2.332226508392433173e-01, 3.963376266820005656e-01, 1.334006589509688090e-01
2.374797378111763169e-01, 2.335073326365742497e-01, 3.958737568567764487e-01, 1.331391726954730403e-01
2.379200184439380639e-01, 2.337913577157416378e-01, 3.954082386225026835e-01, 1.328803852178176148e-01
2.383599004615265526e-01, 2.340747250834193660e-01, 3.949410813809305920e-01, 1.326242930741235726e-01
2.387993789092938968e-01, 2.343574337726813395e-01, 3.944722945416545556e-01, 1.323708927763702081e-01
2.392384488425613187e-01, 2.346394828429438917e-01, 3.940018875217796701e-01, 1.321201807927150640e-01
2.396771053266889828e-01, 2.349208713799075809e-01, 3.935298697455906769e-01, 1.318721535478127038e-01
2.401153434371457451e-01, 2.352015984954975436e-01, 3.930562506442231707e-01, 1.316268074231335128e-01
2.405531582595780427e-01, 2.354816633278027926e-01, 3.925810396553368609e-01, 1.313841387572822206e-01
2.409905448898790603e-01, 2.357610650410144337e-01, 3.921042462227910530e-01, 1.311441438463154807e-01
2.414274984342558994e-01, 2.360398028253627434e-01, 3.916258797963217964e-01, 1.309068189440594776e-01
2.418640140092981339e-01, 2.363178758970530813e-01, 3.911459498312220284e-01, 1.306721602624267564e-01
2.423000867420444793e-01, 2.365952834982006370e-01, 3.906644657880224969e-01, 1.304401639717323869e-01
2.427357117700493228e-01, 2.368720248967642328e-01, 3.901814371321762343e-01, 1.302108262010100992e-01
2.431708842414493366e-01, 2.371480993864791276e-01, 3.896968733337439761e-01, 1.299841430383274765e-01
2.436055993150288701e-01, 2.374235062867884882e-01, 3.892107838670821884e-01, 1.297601105311004532e-01
2.440398521602850090e-01, 2.376982449427737232e-01, 3.887231782105335931e-01, 1.295387246864076192e-01
2.444736379574929397e-01, 2.379723147250843440e-01, 3.882340658461191363e-01, 1.293199814713035800e-01
2.449069518977697035e-01, 2.382457150298662452e-01, 3.877434562592321776e-01, 1.291038768131317627e-01
2.453397891831385347e-01, 2.385184452786891229e-01, 3.872513589383356769e-01, 1.288904065998366377e-01
2.457721450265918650e-01, 2.387905049184728123e-01, 3.867577833746601579e-01, 1.286795666802751648e-01
2.462040146521547734e-01, 2.390618934214128743e-01, 3.862627390619050027e-01, 1.284713528645274605e-01
2.466353932949471028e-01, 2.393326102849046566e-01, 3.857662354959412454e-01, 1.282657609242069952e-01
2.470662762012461600e-01, 2.396026550314672154e-01, 3.852682821745168629e-01, 1.280627865927698172e-01
2.474966586285476666e-01, 2.398720272086653227e-01, 3.847688885969637318e-01, 1.278624255658231956e-01
2.479265358456280988e-01, 2.401407263890310839e-01, 3.842680642639075828e-01, 1.276646735014332346e-01
2.483559031326044719e-01, 2.404087521699845020e-01, 3.837658186769790092e-01, 1.274695260204320169e-01
2.487847557809956534e-01, 2.406761041737530693e-01, 3.832621613385275849e-01, 1.272769787067236369e-01
2.492130890937822585e-01, 2.409427820472903325e-01, 3.827571017513377583e-01, 1.270870271075897062e-01
2.496408983854659647e-01, 2.412087854621936256e-01, 3.822506494183467995e-01, 1.268996667339937212e-01
2.500681789821294077e-01, 2.414741141146209413e-01, 3.817428138423649142e-01, 1.267148930608847091e-01
2.504949262214946626e-01, 2.417387677252069433e-01, 3.812336045257984085e-01, 1.265327015275001521e-01
2.509211354529821691e-01, 2.420027460389774787e-01, 3.807230309703726889e-01, 1.263530875376676910e-01
2.513468020377684353e-01, 2.422660488252645627e-01, 3.802111026768607571e-01, 1.261760464601061338e-01
2.517719213488443519e-01, 2.425286758776189766e-01, 3.796978291448110387e-01, 1.260015736287257160e-01
2.521964887710723691e-01, 2.427906270137226707e-01, 3.791832198722782654e-01, 1.258296643429267780e-01
2.526204997012434506e-01, 2.430519020753008352e-01, 3.786672843555574097e-01, 1.256603138678982490e-01
2.530439495481343060e-01, 2.433125009280322770e-01, 3.781500320889185085e-01, 1.254935174349149918e-01
2.534668337325631793e-01, 2.435724234614590755e-01, 3.776314725643441506e-01, 1.253292702416334836e-01
2.538891476874464148e-01, 2.438316695888962660e-01, 3.771116152712695735e-01, 1.251675674523876625e-01
2.543108868578538018e-01, 2.440902392473394966e-01, 3.765904696963238152e-01, 1.250084041984827754e-01
2.547320467010643630e-01, 2.443481323973729913e-01, 3.760680453230740850e-01, 1.248517755784886163e-01
2.551526226866209224e-01, 2.446053490230757355e-01, 3.755443516317715780e-01, 1.246976766585318058e-01
2.555726102963851720e-01, 2.448618891319277457e-01, 3.750193980991002318e-01, 1.245461024725869337e-01
2.559920050245921286e-01, 2.451177527547151458e-01, 3.744931941979260936e-01, 1.243970480227666320e-01
2.564108023779040901e-01, 2.453729399454342708e-01, 3.739657493970510171e-01, 1.242505082796105387e-01
2.568289978754647040e-01, 2.456274507811958552e-01, 3.734370731609663041e-01, 1.241064781823732477e-01
2.572465870489518691e-01, 2.458812853621270000e-01, 3.729071749496097876e-01, 1.239649526393112738e-01
2.576635654426317479e-01, 2.461344438112745558e-01, 3.723760642181248581e-01, 1.238259265279686994e-01
2.580799286134113357e-01, 2.463869262745054245e-01, 3.718437504166213214e-01, 1.236893946954618767e-01
2.584956721308910299e-01, 2.466387329204078604e-01, 3.713102429899381440e-01, 1.235553519587629656e-01
2.589107915774168656e-01, 2.468898639401914674e-01, 3.707755513774093070e-01, 1.234237931049824016e-01
2.593252825481330848e-01, 2.471403195475864734e-01, 3.702396850126304373e-01, 1.232947128916499768e-01
2.597391406510335954e-01, 2.473900999787424504e-01, 3.697026533232287138e-01, 1.231681060469952266e-01
2.601523615070135964e-01, 2.476392054921262020e-01, 3.691644657306339949e-01, 1.230439672702262066e-01
2.605649407499209813e-01, 2.478876363684192896e-01, 3.686251316498524999e-01, 1.229222912318074235e-01
2.609768740266069087e-01, 2.481353929104144762e-01, 3.680846604892421547e-01, 1.228030725737363077e-01
2.613881569969775942e-01, 2.483824754429121984e-01, 3.675430616502912140e-01, 1.226863059098190489e-01
2.617987853340436599e-01, 2.486288843126153447e-01, 3.670003445273967158e-01, 1.225719858259443074e-01
2.622087547239713157e-01, 2.488746198880248395e-01, 3.664565185076470999e-01, 1.224601068803567866e-01
2.626180608661318749e-01, 2.491196825593330888e-01, 3.659115929706060477e-01, 1.223506636039289885e-01
2.630266994731519925e-01, 2.493640727383182321e-01, 3.653655772880981534e-01, 1.222436505004315804e-01
2.634346662709629028e-01, 2.496077908582365890e-01, 3.648184808239971488e-01, 1.221390620468033733e-01
2.638419569988501578e-01, 2.498508373737154675e-01, 3.642703129340151835e-01, 1.220368926934191772e-01
2.642485674095023107e-01, 2.500932127606449451e-01, 3.637210829654958233e-01, 1.219371368643568099e-01
2.646544932690604868e-01, 2.503349175160690110e-01, 3.631708002572073823e-01, 1.218397889576632170e-01
2.650597303571663454e-01, 2.505759521580762650e-01, 3.626194741391388088e-01, 1.217448433456185530e-01
2.654642744670114296e-01, 2.508163172256904216e-01, 3.620671139322981791e-01, 1.216522943749999419e-01
2.658681214053847386e-01, 2.510560132787597598e-01, 3.615137289485124694e-01, 1.215621363673431016e-01
2.662712669927212450e-01, 2.512950408978460448e-01, 3.609593284902292143e-01, 1.214743636192034404e-01
2.666737070631498008e-01, 2.515334006841136172e-01, 3.604039218503209407e-01, 1.213889704024155441e-01
2.670754374645407658e-01, 2.517710932592171491e-01, 3.598475183118908238e-01, 1.213059509643513029e-01
2.674764540585536365e-01, 2.520081192651890678e-01, 3.592901271480800074e-01, 1.212252995281772050e-01
2.678767527206842303e-01, 2.522444793643274230e-01, 3.587317576218785331e-01, 1.211470102931097581e-01
2.682763293403122029e-01, 2.524801742390817005e-01, 3.581724189859358254e-01, 1.210710774346702295e-01
2.686751798207476782e-01, 2.527152045919393575e-01, 3.576121204823752286e-01, 1.209974951049377495e-01
2.690733000792782659e-01, 2.529495711453115803e-01, 3.570508713426088776e-01, 1.209262574328013040e-01
2.694706860472157461e-01, 2.531832746414184321e-01, 3.564886807871556762e-01, 1.208573585242102011e-01
2.698673336699425329e-01, 2.534163158421736672e-01, 3.559255580254602758e-01, 1.207907924624237045e-01
2.702632389069579699e-01, 2.536486955290688239e-01, 3.553615122557142736e-01, 1.207265533082588771e-01
2.706583977319245715e-01, 2.538804145030579273e-01, 3.547965526646798540e-01, 1.206646351003375223e-01
2.710528061327142080e-01, 2.541114735844401396e-01, 3.542306884275140400e-01, 1.206050318553316819e-01
2.714464601114533471e-01, 2.543418736127432966e-01, 3.536639287075957205e-01, 1.205477375682076774e-01
2.718393556845695169e-01, 2.545716154466066139e-01, 3.530962826563544543e-01, 1.204927462124693871e-01
2.722314888828367696e-01, 2.548006999636629466e-01, 3.525277594131008274e-01, 1.204400517403994980e-01
2.726228557514204232e-01, 2.550291280604206623e-01, 3.519583681048587542e-01, 1.203896480833001048e-01
2.730134523499233579e-01, 2.552569006521453465e-01, 3.513881178461996102e-01, 1.203415291517317409e-01
2.734032747524304807e-01, 2.554840186727406204e-01, 3.508170177390779743e-01, 1.202956888357509246e-01
2.737923190475538004e-01, 2.557104830746295687e-01, 3.502450768726697028e-01, 1.202521210051469419e-01
2.741805813384778356e-01, 2.559362948286344475e-01, 3.496723043232108363e-01, 1.202108195096768667e-01
2.745680577430038016e-01, 2.561614549238576122e-01, 3.490987091538392262e-01, 1.201717781792992490e-01
2.749547443935944635e-01, 2.563859643675607258e-01, 3.485243004144376044e-01, 1.201349908244071507e-01
2.753406374374188226e-01, 2.566098241850444106e-01, 3.479490871414778197e-01, 1.201004512360590165e-01
2.757257330363961922e-01, 2.568330354195274556e-01, 3.473730783578674042e-01, 1.200681531862088369e-01
2.761100273672408845e-01, 2.570555991320254696e-01, 3.467962830727985279e-01, 1.200380904279350486e-01
2.764935166215058970e-01, 2.572775164012297555e-01, 3.462187102815966755e-01, 1.200102566956676442e-01
2.768761970056274335e-01, 2.574987883233850194e-01, 3.456403689655729305e-01, 1.199846457054145610e-01
2.772580647409684795e-01, 2.577194160121679123e-01, 3.450612680918772046e-01, 1.199612511549864174e-01
2.776391160638629896e-01, 2.579394005985640725e-01, 3.444814166133528532e-01, 1.199400667242201679e-01
2.780193472256590193e-01, 2.581587432307461683e-01, 3.439008234683935683e-01, 1.199210860752012997e-01
2.783987544927632451e-01, 2.583774450739504958e-01, 3.433194975808014360e-01, 1.199043028524849619e-01
2.787773341466835975e-01, 2.585955073103540225e-01, 3.427374478596466045e-01, 1.198897106833156645e-01
2.791550824840734468e-01, 2.588129311389512632e-01, 3.421546831991294502e-01, 1.198773031778457288e-01
2.795319958167741814e-01, 2.590297177754302682e-01, 3.415712124784429093e-01, 1.198670739293526133e-01
2.799080704718590051e-01, 2.592458684520489998e-01, 3.409870445616375312e-01, 1.198590165144545333e-01
2.802833027916757369e-01, 2.594613844175109874e-01, 3.404021882974875290e-01, 1.198531244933255385e-01
2.806576891338902202e-01, 2.596762669368418153e-01, 3.398166525193593857e-01, 1.198493914099086899e-01
2.810312258715286227e-01, 2.598905172912632788e-01, 3.392304460450800141e-01, 1.198478107921281260e-01
2.814039093930210123e-01, 2.601041367780699831e-01, 3.386435776768089712e-01, 1.198483761521002139e-01
2.817757361022436013e-01, 2.603171267105034992e-01, 3.380560562009097825e-01, 1.198510809863430338e-01
2.821467024185618233e-01, 2.605294884176280190e-01, 3.374678903878253755e-01, 1.198559187759848238e-01
2.825168047768724100e-01, 2.607412232442042899e-01, 3.368790889919522358e-01, 1.198628829869710782e-01
2.828860396276463574e-01, 2.609523325505648250e-01, 3.362896607515182823e-01, 1.198719670702706325e-01
2.832544034369710029e-01, 2.611628177124877270e-01, 3.356996143884610762e-01, 1.198831644620801662e-01
2.836218926865928247e-01, 2.613726801210713990e-01, 3.351089586083080274e-01, 1.198964685840277905e-01
2.839885038739589640e-01, 2.615819211826081458e-01, 3.345177021000576012e-01, 1.199118728433752473e-01
2.843542335122601905e-01, 2.617905423184584968e-01, 3.339258535360624114e-01, 1.199293706332188736e-01
2.847190781304723139e-01, 2.619985449649245290e-01, 3.333334215719137017e-01, 1.199489553326895663e-01
2.850830342733984279e-01, 2.622059305731237466e-01, 3.327404148463265487e-01, 1.199706203071512212e-01
2.854460985017112651e-01, 2.624127006088627367e-01, 3.321468419810280071e-01, 1.199943589083981438e-01
2.858082673919939420e-01, 2.626188565525101049e-01, 3.315527115806446434e-01, 1.200201644748513652e-01
2.861695375367832028e-01, 2.628243998988701313e-01, 3.309580322325931245e-01, 1.200480303317534719e-01
2.865299055446097198e-01, 2.630293321570558174e-01, 3.303628125069718591e-01, 1.200779497913626176e-01
2.868893680400404489e-01, 2.632336548503617646e-01, 3.297670609564528066e-01, 1.201099161531450216e-01
2.872479216637200961e-01, 2.634373695161374429e-01, 3.291707861161762838e-01, 1.201439227039663993e-01
2.876055630724121404e-01, 2.636404777056596260e-01, 3.285739965036458821e-01, 1.201799627182822683e-01
2.879622889390409113e-01, 2.638429809840058260e-01, 3.279767006186258271e-01, 1.202180294583273662e-01
2.883180959527321674e-01, 2.640448809299263955e-01, 3.273789069430382837e-01, 1.202581161743030702e-01
2.886729808188547297e-01, 2.642461791357175183e-01, 3.267806239408632130e-01, 1.203002161045646501e-01
2.890269402590611714e-01, 2.644468772070934226e-01, 3.261818600580385641e-01, 1.203443224758067726e-01
2.893799710113297285e-01, 2.646469767630595382e-01, 3.255826237223627406e-01, 1.203904285032481036e-01
2.897320698300041020e-01, 2.648464794357843766e-01, 3.249829233433970677e-01, 1.204385273908145648e-01
2.900832334858353123e-01, 2.650453868704721883e-01, 3.243827673123708122e-01, 1.204886123313217566e-01
2.904334587660220568e-01, 2.652437007252354539e-01, 3.237821640020864256e-01, 1.205406765066560498e-01
2.907827424742513989e-01, 2.654414226709672642e-01, 3.231811217668266734e-01, 1.205947130879546914e-01
2.911310814307396244e-01, 2.656385543912131442e-01, 3.225796489422625424e-01, 1.206507152357846752e-01
2.914784724722727094e-01, 2.658350975820442108e-01, 3.219777538453625909e-01, 1.207086761003205305e-01
2.918249124522466764e-01, 2.660310539519286643e-01, 3.213754447743035203e-01, 1.207685888215212083e-01
2.921703982407081734e-01, 2.662264252216046678e-01, 3.207727300083814681e-01, 1.208304465293056906e-01
2.925149267243946638e-01, 2.664212131239523940e-01, 3.201696178079254662e-01, 1.208942423437275038e-01
2.928584948067746718e-01, 2.666154194038663494e-01, 3.195661164142106769e-01, 1.209599693751483851e-01
2.932010994080879174e-01, 2.668090458181275326e-01, 3.189622340493740160e-01, 1.210276207244106728e-01
2.935427374653853949e-01, 2.670020941352759802e-01, 3.183579789163299978e-01, 1.210971894830085854e-01
2.938834059325691750e-01, 2.671945661354832025e-01, 3.177533591986888561e-01, 1.211686687332587942e-01
2.942231017804325388e-01, 2.673864636104240633e-01, 3.171483830606737775e-01, 1.212420515484696898e-01
2.945618219966995022e-01, 2.675777883631497711e-01, 3.165430586470414087e-01, 1.213173309931094568e-01
2.948995635860644504e-01, 2.677685422079597033e-01, 3.159373940830023653e-01, 1.213945001229736059e-01
2.952363235702321065e-01, 2.679587269702745078e-01, 3.153313974741423498e-01, 1.214735519853511192e-01
2.955720989879563887e-01, 2.681483444865082055e-01, 3.147250769063457687e-01, 1.215544796191896371e-01
2.959068868950807119e-01, 2.683373966039409586e-01, 3.141184404457187385e-01, 1.216372760552597299e-01
2.962406843645760124e-01, 2.685258851805915614e-01, 3.135114961385143117e-01, 1.217219343163181700e-01
2.965734884865811605e-01, 2.687138120850902645e-01, 3.129042520110584258e-01, 1.218084474172700937e-01
2.969052963684413182e-01, 2.689011791965515985e-01, 3.122967160696766276e-01, 1.218968083653304696e-01
2.972361051347470751e-01, 2.690879884044470871e-01, 3.116888963006217428e-01, 1.219870101601841644e-01
2.975659119273732500e-01, 2.692742416084782375e-01, 3.110808006700030437e-01, 1.220790457941454965e-01
2.978947139055179161e-01, 2.694599407184495865e-01, 3.104724371237160274e-01, 1.221729082523164145e-01
2.982225082457408694e-01, 2.696450876541416353e-01, 3.098638135873731381e-01, 1.222685905127442879e-01
2.985492921420018764e-01, 2.698296843451845617e-01, 3.092549379662354880e-01, 1.223660855465780184e-01
2.988750628056995318e-01, 2.700137327309307667e-01, 3.086458181451457450e-01, 1.224653863182238595e-01
2.991998174657093945e-01, 2.701972347603289748e-01, 3.080364619884616295e-01, 1.225664857855001677e-01
2.995235533684219020e-01, 2.703801923917972250e-01, 3.074268773399901900e-01, 1.226693768997907663e-01
2.998462677777808394e-01, 2.705626075930969154e-01, 3.068170720229240200e-01, 1.227740526061982529e-01
3.001679579753211979e-01, 2.707444823412062940e-01, 3.062070538397769215e-01, 1.228805058436956699e-01
3.004886212602063678e-01, 2.709258186221945586e-01, 3.055968305723214540e-01, 1.229887295452775087e-01
3.008082549492666624e-01, 2.711066184310956806e-01, 3.049864099815272067e-01, 1.230987166381103115e-01
3.011268563770364004e-01, 2.712868837717827830e-01, 3.043757998074994586e-01, 1.232104600436814135e-01
3.014444228957912086e-01, 2.714666166568418526e-01, 3.037650077694192263e-01, 1.233239526779476430e-01
3.017609518755853815e-01, 2.716458191074472839e-01, 3.031540415654843112e-01, 1.234391874514831344e-01
3.020764407042890176e-01, 2.718244931532352027e-01, 3.025429088728500138e-01, 1.235561572696256966e-01
3.023908867876252127e-01, 2.720026408321791767e-01, 3.019316173475727338e-01, 1.236748550326228768e-01
3.027042875492064189e-01, 2.721802641904644826e-01, 3.013201746245519619e-01, 1.237952736357771505e-01
3.030166404305712491e-01, 2.723573652823635949e-01, 3.007085883174751006e-01, 1.239174059695899444e-01
3.033279428912213915e-01, 2.725339461701113408e-01, 3.000968660187619541e-01, 1.240412449199052858e-01
3.036381924086573036e-01, 2.727100089237798897e-01, 2.994850152995103820e-01, 1.241667833680522443e-01
3.039473864784151269e-01, 2.728855556211551292e-01, 2.988730437094427872e-01, 1.242940141909869983e-01
3.042555226141017699e-01, 2.730605883476115436e-01, 2.982609587768531578e-01, 1.244229302614335148e-01
3.045625983474319343e-01, 2.732351091959889233e-01, 2.976487680085548315e-01, 1.245535244480243386e-01
3.048686112282628646e-01, 2.734091202664680198e-01, 2.970364788898296471e-01, 1.246857896154395240e-01
3.051735588246303754e-01, 2.735826236664470890e-01, 2.964240988843768188e-01, 1.248197186245457863e-01
3.054774387227838783e-01, 2.737556215104183233e-01, 2.958116354342634202e-01, 1.249553043325343366e-01
3.057802485272219095e-01, 2.739281159198449500e-01, 2.951990959598752573e-01, 1.250925395930578277e-01
3.060819858607267130e-01, 2.741001090230376636e-01, 2.945864878598681846e-01, 1.252314172563674666e-01
3.063826483643994347e-01, 2.742716029550318901e-01, 2.939738185111205881e-01, 1.253719301694480592e-01
3.066822336976944285e-01, 2.744425998574657743e-01, 2.933610952686863671e-01, 1.255140711761535410e-01
3.069807395384534510e-01, 2.746131018784567779e-01, 2.927483254657486378e-01, 1.256578331173410779e-01
3.072781635829409108e-01, 2.747831111724804987e-01, 2.921355164135738258e-01, 1.258032088310047369e-01
3.075745035458763432e-01, 2.749526299002481577e-01, 2.915226754014673682e-01, 1.259501911524082141e-01
3.078697571604695482e-01, 2.751216602285848079e-01, 2.909098096967283609e-01, 1.260987729142173386e-01
3.081639221784533977e-01, 2.752902043303083746e-01, 2.902969265446068703e-01, 1.262489469466313852e-01
3.084569963701176420e-01, 2.754582643841079204e-01, 2.896840331682605241e-01, 1.264007060775139413e-01
3.087489775243417167e-01, 2.756258425744228524e-01, 2.890711367687121003e-01, 1.265540431325232196e-01
3.090398634486281604e-01, 2.757929410913225188e-01, 2.884582445248079496e-01, 1.267089509352413990e-01
3.093296519691347002e-01, 2.759595621303849167e-01, 2.878453635931765842e-01, 1.268654223073036325e-01
3.096183409307074474e-01, 2.761257078925775099e-01, 2.872325011081889312e-01, 1.270234500685262502e-01
3.099059281969124835e-01, 2.762913805841361592e-01, 2.866196641819170887e-01, 1.271830270370341853e-01
3.101924116500685003e-01, 2.764565824164466057e-01, 2.860068599040966886e-01, 1.273441460293882332e-01
3.104777891912779975e-01, 2.766213156059239564e-01, 2.853940953420869842e-01, 1.275067998607111175e-01
3.107620587404594237e-01, 2.767855823738942234e-01, 2.847813775408330472e-01, 1.276709813448133057e-01
3.110452182363778739e-01, 2.769493849464753632e-01, 2.841687135228287975e-01, 1.278366832943181042e-01
3.113272656366765645e-01, 2.771127255544582058e-01, 2.835561102880789774e-01, 1.280038985207862523e-01
3.116081989179075307e-01, 2.772756064331889370e-01, 2.829435748140639584e-01, 1.281726198348396850e-01
3.118880160755617692e-01, 2.774380298224503605e-01, 2.823311140557028809e-01, 1.283428400462850449e-01
3.121667151240999916e-01, 2.775999979663444917e-01, 2.817187349453191825e-01, 1.285145519642362788e-01
3.124442940969827665e-01, 2.777615131131752624e-01, 2.811064443926051815e-01, 1.286877483972369562e-01
3.127207510466989415e-01, 2.779225775153310041e-01, 2.804942492845884372e-01, 1.288624221533817005e-01
3.129960840447969517e-01, 2.780831934291678742e-01, 2.798821564855975552e-01, 1.290385660404376467e-01
3.132702911819125191e-01, 2.782433631148935604e-01, 2.792701728372296022e-01, 1.292161728659644016e-01
3.135433705677981298e-01, 2.784030888364503187e-01, 2.786583051583170767e-01, 1.293952354374345304e-01
3.138153203313515105e-01, 2.785623728613999539e-01, 2.780465602448959350e-01, 1.295757465623526838e-01
3.140861386206438288e-01, 2.787212174608076909e-01, 2.774349448701738940e-01, 1.297576990483745862e-01
3.143558236029478370e-01, 2.788796249091270441e-01, 2.768234657844995672e-01, 1.299410857034255240e-01
3.146243734647653501e-01, 2.790375974840849649e-01, 2.762121297153315447e-01, 1.301258993358181126e-01
3.148917864118547238e-01, 2.791951374665670449e-01, 2.756009433672085285e-01, 1.303121327543696473e-01
3.151580606692579445e-01, 2.793522471405034957e-01, 2.749899134217195229e-01, 1.304997787685190924e-01
3.154231944813269961e-01, 2.795089287927550736e-01, 2.743790465374747467e-01, 1.306888301884432391e-01
3.156871861117510059e-01, 2.796651847129992263e-01, 2.737683493500769338e-01, 1.308792798251728617e-01
3.159500338435816125e-01, 2.798210171936174051e-01, 2.731578284720931893e-01, 1.310711204907079042e-01
3.162117359792590010e-01, 2.799764285295816002e-01, 2.725474904930270670e-01, 1.312643449981324151e-01
3.164722908406374935e-01, 2.801314210183420417e-01, 2.719373419792915358e-01, 1.314589461617291233e-01
3.167316967690101959e-01, 2.802859969597148448e-01, 2.713273894741816683e-01, 1.316549167970932632e-01
3.169899521251343666e-01, 2.804401586557703219e-01, 2.707176394978489387e-01, 1.318522497212464006e-01
3.172470552892550644e-01, 2.805939084107213488e-01, 2.701080985472745777e-01, 1.320509377527490091e-01
3.175030046611296286e-01, 2.807472485308122323e-01, 2.694987730962444816e-01, 1.322509737118135742e-01
3.177577986600516602e-01, 2.809001813242077983e-01, 2.688896695953240101e-01, 1.324523504204166979e-01
3.180114357248732260e-01, 2.810527091008832579e-01, 2.682807944718331172e-01, 1.326550607024104544e-01
3.182639143140291726e-01, 2.812048341725140177e-01, 2.676721541298225371e-01, 1.328590973836343281e-01
3.185152329055586651e-01, 2.813565588523658234e-01, 2.670637549500498031e-01, 1.330644532920256529e-01
3.187653899971281679e-01, 2.815078854551857912e-01, 2.664556032899557114e-01, 1.332711212577304127e-01
3.190143841060523178e-01, 2.816588162970933840e-01, 2.658477054836412279e-01, 1.334790941132129594e-01
3.192622137693165163e-01, 2.818093536954716649e-01, 2.652400678418456725e-01, 1.336883646933662018e-01
3.195088775435970252e-01, 2.819594999688593284e-01, 2.646326966519234047e-01, 1.338989258356202694e-01
3.197543740052818384e-01, 2.821092574368430639e-01, 2.640255981778230621e-01, 1.341107703800519246e-01
3.199987017504916098e-01, 2.822586284199499751e-01, 2.634187786600657444e-01, 1.343238911694926985e-01
3.202418593950984160e-01, 2.824076152395405548e-01, 2.628122443157239196e-01, 1.345382810496370263e-01
3.204838455747461290e-01, 2.825562202177024362e-01, 2.622060013384012178e-01, 1.347539328691503002e-01
3.207246589448687346e-01, 2.827044456771438119e-01, 2.616000558982118362e-01, 1.349708394797755895e-01
3.209642981807095952e-01, 2.828522939410879622e-01, 2.609944141417611663e-01, 1.351889937364412764e-01
3.212027619773391574e-01, 2.829997673331678398e-01, 2.603890821921258092e-01, 1.354083884973671936e-01
3.214400490496730489e-01, 2.831468681773208762e-01, 2.597840661488350911e-01, 1.356290166241709838e-01
3.216761581324890651e-01, 2.832935987976847314e-01, 2.591793720878520779e-01, 1.358508709819741533e-01
3.219110879804445990e-01, 2.834399615184929888e-01, 2.585750060615551460e-01, 1.360739444395072661e-01
3.221448373680925181e-01, 2.835859586639715713e-01, 2.579709740987204403e-01, 1.362982298692154426e-01
3.223774050898977062e-01, 2.837315925582352127e-01, 2.573672822045039998e-01, 1.365237201473631368e-01
3.226087899602523290e-01, 2.838768655251849293e-01, 2.567639363604244385e-01, 1.367504081541383865e-01
3.228389908134910447e-01, 2.840217798884050460e-01, 2.561609425243466798e-01, 1.369782867737572296e-01
3.230680065039058246e-01, 2.841663379710618886e-01, 2.555583066304648043e-01, 1.372073488945675102e-01
3.232958359057598874e-01, 2.843105420958016438e-01, 2.549560345892861735e-01, 1.374375874091522121e-01
3.235224779133019091e-01, 2.844543945846493282e-01, 2.543541322876160526e-01, 1.376689952144327933e-01
3.237479314407785691e-01, 2.845978977589080916e-01, 2.537526055885414022e-01, 1.379015652117719926e-01
3.239721954224482614e-01, 2.847410539390589634e-01, 2.531514603314165002e-01, 1.381352903070762472e-01
3.241952688125928628e-01, 2.848838654446611551e-01, 2.525507023318478983e-01, 1.383701634108981116e-01
3.244171505855293902e-01, 2.850263345942522508e-01, 2.519503373816801006e-01, 1.386061774385381473e-01
3.246378397356224355e-01, 2.851684637052496751e-01, 2.513503712489815189e-01, 1.388433253101462317e-01
3.248573352772937128e-01, 2.853102550938519943e-01, 2.507508096780309836e-01, 1.390815999508233092e-01
3.250756362450331061e-01, 2.854517110749408837e-01, 2.501516583893040879e-01, 1.393209942907220333e-01
3.252927416934087712e-01, 2.855928339619833167e-01, 2.495529230794602538e-01, 1.395615012651476028e-01
3.255086506970762406e-01, 2.857336260669350869e-01, 2.489546094213305194e-01, 1.398031138146581531e-01
3.257233623507871934e-01, 2.858740897001431636e-01, 2.483567230639045220e-01, 1.400458248851650378e-01
3.259368757693982266e-01, 2.860142271702504346e-01, 2.477592696323190069e-01, 1.402896274280322486e-01
3.261491900878783490e-01, 2.861540407840991729e-01, 2.471622547278460869e-01, 1.405345144001764468e-01
3.263603044613164750e-01, 2.862935328466359453e-01, 2.465656839278816126e-01, 1.407804787641659117e-01
3.265702180649284192e-01, 2.864327056608172439e-01, 2.459695627859348754e-01, 1.410275134883194337e-01
3.267789300940630026e-01, 2.865715615275145067e-01, 2.453738968316170610e-01, 1.412756115468053741e-01
3.269864397642077702e-01, 2.867101027454205808e-01, 2.447786915706317568e-01, 1.415247659197398644e-01
3.271927463109946532e-01, 2.868483316109560755e-01, 2.441839524847644605e-01, 1.417749695932849496e-01
3.273978489902039657e-01, 2.869862504181765472e-01, 2.435896850318731155e-01, 1.420262155597463438e-01
3.276017470777695118e-01, 2.871238614586802962e-01, 2.429958946458787572e-01, 1.422784968176714904e-01
3.278044398697814166e-01, 2.872611670215157731e-01, 2.424025867367565201e-01, 1.425318063719462902e-01
3.280059266824896236e-01, 2.873981693930907633e-01, 2.418097666905270338e-01, 1.427861372338927737e-01
3.282062068523061149e-01, 2.875348708570805711e-01, 2.412174398692478461e-01, 1.430414824213653846e-01
3.284052797358075759e-01, 2.876712736943386473e-01, 2.406256116110058185e-01, 1.432978349588479583e-01
3.286031447097360059e-01, 2.878073801828051614e-01, 2.400342872299090491e-01, 1.435551878775497281e-01
3.287998011710000501e-01, 2.879431925974186290e-01, 2.394434720160797669e-01, 1.438135342155015817e-01
3.289952485366751667e-01, 2.880787132100261494e-01, 2.388531712356471992e-01, 1.440728670176514847e-01
3.291894862440034042e-01, 2.882139442892951986e-01, 2.382633901307409929e-01, 1.443331793359604043e-01
3.293825137503927358e-01, 2.883488881006253113e-01, 2.376741339194845537e-01, 1.445944642294973992e-01
3.295743305334152828e-01, 2.884835469060607616e-01, 2.370854077959894668e-01, 1.448567147645345721e-01
3.297649360908057048e-01, 2.886179229642031885e-01, 2.364972169303493632e-01, 1.451199240146418268e-01
3.299543299404582575e-01, 2.887520185301255538e-01, 2.359095664686347016e-01, 1.453840850607814872e-01
3.301425116204243504e-01, 2.888858358552853223e-01, 2.353224615328877722e-01, 1.456491909914025273e-01
3.303294806889078283e-01, 2.890193771874397521e-01, 2.347359072211178399e-01, 1.459152349025345241e-01
3.305152367242614186e-01, 2.891526447705601854e-01, 2.341499086072969249e-01, 1.461822098978814710e-01
3.306997793249817352e-01, 2.892856408447476713e-01, 2.335644707413554177e-01, 1.464501090889150925e-01
3.308831081097034499e-01, 2.894183676461493659e-01, 2.329795986491786930e-01, 1.467189255949685467e-01
3.310652227171934081e-01, 2.895508274068743226e-01, 2.323952973326034732e-01, 1.469886525433288516e-01
3.312461228063440233e-01, 2.896830223549108352e-01, 2.318115717694148870e-01, 1.472592830693302546e-01
3.314258080561656716e-01, 2.898149547140442817e-01, 2.312284269133435544e-01, 1.475308103164463813e-01
3.316042781657794203e-01, 2.899466267037746903e-01, 2.306458676940634500e-01, 1.478032274363825227e-01
3.317815328544075348e-01, 2.900780405392352490e-01, 2.300638990171893772e-01, 1.480765275891678112e-01
3.319575718613653748e-01, 2.902091984311117590e-01, 2.294825257642757466e-01, 1.483507039432469810e-01
3.321323949460509573e-01, 2.903401025855620876e-01, 2.289017527928149109e-01, 1.486257496755719887e-01
3.323060018879350208e-01, 2.904707552041361218e-01, 2.283215849362359440e-01, 1.489016579716929134e-01
3.324783924865498119e-01, 2.906011584836965533e-01, 2.277420270039040018e-01, 1.491784220258495774e-01
3.326495665614777053e-01, 2.907313146163400530e-01, 2.271630837811202397e-01, 1.494560350410619742e-01
3.328195239523387139e-01, 2.908612257893190001e-01, 2.265847600291213126e-01, 1.497344902292209179e-01
3.329882645187781098e-01, 2.909908941849636554e-01, 2.260070604850797915e-01, 1.500137808111784432e-01
3.331557881404524357e-01, 2.911203219806048348e-01, 2.254299898621049958e-01, 1.502939000168377892e-01
3.333220947170160153e-01, 2.912495113484973031e-01, 2.248535528492435487e-01, 1.505748410852431607e-01
3.334871841681056881e-01, 2.913784644557437242e-01, 2.242777541114810980e-01, 1.508565972646695175e-01
3.336510564333257656e-01, 2.915071834642187776e-01, 2.237025982897437038e-01, 1.511391618127116698e-01
3.338137114722322107e-01, 2.916356705304942731e-01, 2.231280900009000312e-01, 1.514225279963735404e-01
3.339751492643153741e-01, 2.917639278057644336e-01, 2.225542338377634322e-01, 1.517066890921567601e-01
3.341353698089837843e-01, 2.918919574357718427e-01, 2.219810343690948595e-01, 1.519916383861495690e-01
3.342943731255451079e-01, 2.920197615607341701e-01, 2.214084961396059203e-01, 1.522773691741148572e-01
3.344521592531886078e-01, 2.921473423152709525e-01, 2.208366236699620400e-01, 1.525638747615783719e-01
3.346087282509653815e-01, 2.922747018283314846e-01, 2.202654214567865698e-01, 1.528511484639165086e-01
3.347640801977688763e-01, 2.924018422231225989e-01, 2.196948939726645622e-01, 1.531391836064439904e-01
3.349182151923139616e-01, 2.925287656170378336e-01, 2.191250456661474055e-01, 1.534279735245008269e-01
3.350711333531165015e-01, 2.926554741215861011e-01, 2.185558809617576259e-01, 1.537175115635397438e-01
3.352228348184711493e-01, 2.927819698423218542e-01, 2.179874042599939388e-01, 1.540077910792129745e-01
3.353733197464291438e-01, 2.929082548787753648e-01, 2.174196199373370775e-01, 1.542988054374584417e-01
3.355225883147749943e-01, 2.930343313243833903e-01, 2.168525323462553445e-01, 1.545905480145863264e-01
3.356706407210031107e-01, 2.931602012664207835e-01, 2.162861458152111338e-01, 1.548830121973650553e-01
3.358174771822932114e-01, 2.932858667859324364e-01, 2.157204646486675093e-01, 1.551761913831069262e-01
3.359630979354856772e-01, 2.934113299576656675e-01, 2.151554931270950599e-01, 1.554700789797536231e-01
3.361075032370554605e-01, 2.935365928500033861e-01, 2.145912355069795607e-01, 1.557646684059616482e-01
3.362506933630857731e-01, 2.936616575248978123e-01, 2.140276960208294110e-01, 1.560599530911868371e-01
3.363926686092419405e-01, 2.937865260378046406e-01, 2.134648788771839056e-01, 1.563559264757694023e-01
3.365334292907425917e-01, 2.939112004376173148e-01, 2.129027882606218391e-01, 1.566525820110182265e-01
3.366729757423321812e-01, 2.940356827666030237e-01, 2.123414283317699713e-01, 1.569499131592947960e-01
3.368113083182517897e-01, 2.941599750603379748e-01, 2.117808032273127417e-01, 1.572479133940973828e-01
3.369484273922096484e-01, 2.942840793476441674e-01, 2.112209170600017893e-01, 1.575465762001443948e-01
3.370843333573508294e-01, 2.944079976505259988e-01, 2.106617739186655569e-01, 1.578458950734576149e-01
3.372190266262263258e-01, 2.945317319841080916e-01, 2.101033778682203368e-01, 1.581458635214453567e-01
3.373525076307614112e-01, 2.946552843565731217e-01, 2.095457329496804022e-01, 1.584464750629851204e-01
3.374847768222237199e-01, 2.947786567691005333e-01, 2.089888431801697199e-01, 1.587477232285060269e-01
3.376158346711900515e-01, 2.949018512158058103e-01, 2.084327125529332470e-01, 1.590496015600708912e-01
3.377456816675130646e-01, 2.950248696836800244e-01, 2.078773450373488096e-01, 1.593521036114582123e-01
3.378743183202868594e-01, 2.951477141525300496e-01, 2.073227445789396217e-01, 1.596552229482434693e-01
3.380017451578123389e-01, 2.952703865949198869e-01, 2.067689150993868297e-01, 1.599589531478807780e-01
3.381279627275617372e-01, 2.953928889761118226e-01, 2.062158604965430297e-01, 1.602632877997834382e-01
3.382529715961420380e-01, 2.955152232540079749e-01, 2.056635846444452853e-01, 1.605682205054047296e-01
3.383767723492587809e-01, 2.956373913790935060e-01, 2.051120913933294210e-01, 1.608737448783184310e-01
3.384993655916779809e-01, 2.957593952943792237e-01, 2.045613845696442612e-01, 1.611798545442985064e-01
3.386207519471885474e-01, 2.958812369353456817e-01, 2.040114679760665073e-01, 1.614865431413992913e-01
3.387409320585630379e-01, 2.960029182298870021e-01, 2.034623453915155034e-01, 1.617938043200344012e-01
3.388599065875183558e-01, 2.961244410982559194e-01, 2.029140205711694178e-01, 1.621016317430562792e-01
3.389776762146760603e-01, 2.962458074530087693e-01, 2.023664972464805367e-01, 1.624100190858345782e-01
3.390942416395208436e-01, 2.963670191989519198e-01, 2.018197791251923057e-01, 1.627189600363350974e-01
3.392096035803597309e-01, 2.964880782330875930e-01, 2.012738698913554836e-01, 1.630284482951973035e-01
3.393237627742798357e-01, 2.966089864445614621e-01, 2.007287732053459617e-01, 1.633384775758127405e-01
3.394367199771057275e-01, 2.967297457146100270e-01, 2.001844927038820832e-01, 1.636490416044021345e-01
3.395484759633559113e-01, 2.968503579165087114e-01, 1.996410320000426841e-01, 1.639601341200927487e-01
3.396590315261989179e-01, 2.969708249155204594e-01, 1.990983946832858564e-01, 1.642717488749948496e-01
3.397683874774087842e-01, 2.970911485688451648e-01, 1.985565843194674329e-01, 1.645838796342785904e-01
3.398765446473195340e-01, 2.972113307255696002e-01, 1.980156044508607216e-01, 1.648965201762500332e-01
3.399835038847796587e-01, 2.973313732266176235e-01, 1.974754585961760733e-01, 1.652096642924267278e-01
3.400892660571046555e-01, 2.974512779047009392e-01, 1.969361502505810879e-01, 1.655233057876133451e-01
3.401938320500308977e-01, 2.975710465842712482e-01, 1.963976828857212364e-01, 1.658374384799765622e-01
3.402972027676671729e-01, 2.976906810814715643e-01, 1.958600599497411776e-01, 1.661520562011201130e-01
3.403993791324460561e-01, 2.978101832040892516e-01, 1.953232848673057964e-01, 1.664671527961588682e-01
3.405003620850752810e-01, 2.979295547515093401e-01, 1.947873610396225752e-01, 1.667827221237928870e-01
3.406001525844874478e-01, 2.980487975146677848e-01, 1.942522918444636038e-01, 1.670987580563811636e-01
3.406987516077899514e-01, 2.981679132760062800e-01, 1.937180806361888663e-01, 1.674152544800148745e-01
3.407961601502140225e-01, 2.982869038094266845e-01, 1.931847307457690566e-01, 1.677322052945901532e-01
3.408923792250626583e-01, 2.984057708802468345e-01, 1.926522454808094753e-01, 1.680496044138809209e-01
3.409874098636587747e-01, 2.985245162451563572e-01, 1.921206281255742887e-01, 1.683674457656106904e-01
3.410812531152919158e-01, 2.986431416521728721e-01, 1.915898819410108422e-01, 1.686857232915243698e-01
3.411739100471650188e-01, 2.987616488405996917e-01, 1.910600101647751681e-01, 1.690044309474601214e-01
3.412653817443402904e-01, 2.988800395409829114e-01, 1.905310160112571038e-01, 1.693235627034195834e-01
3.413556693096840844e-01, 2.989983154750701644e-01, 1.900029026716064384e-01, 1.696431125436392851e-01
3.414447738638118346e-01, 2.991164783557686557e-01, 1.894756733137591964e-01, 1.699630744666602578e-01
3.415326965450318775e-01, 2.992345298871051940e-01, 1.889493310824648109e-01, 1.702834424853981177e-01
3.416194385092891084e-01, 2.993524717641853905e-01, 1.884238790993131019e-01, 1.706042106272123993e-01
3.417050009301074720e-01, 2.994703056731546353e-01, 1.878993204627623925e-01, 1.709253729339756389e-01
3.417893849985320087e-01, 2.995880332911586286e-01, 1.873756582481675148e-01, 1.712469234621419034e-01
3.418725919230711785e-01, 2.997056562863050777e-01, 1.868528955078087306e-01, 1.715688562828150410e-01
3.419546229296370754e-01, 2.998231763176258391e-01, 1.863310352709207640e-01, 1.718911654818163492e-01
3.420354792614859751e-01, 2.999405950350392813e-01, 1.858100805437226943e-01, 1.722138451597520492e-01
3.421151621791584385e-01, 3.000579140793135369e-01, 1.852900343094478486e-01, 1.725368894320801483e-01
3.421936729604182492e-01, 3.001751350820303643e-01, 1.847708995283744993e-01, 1.728602924291769705e-01
3.422710129001909629e-01, 3.002922596655488441e-01, 1.842526791378569784e-01, 1.731840482964032146e-01
3.423471833105021234e-01, 3.004092894429710725e-01, 1.837353760523571800e-01, 1.735081511941695687e-01
3.424221855204148679e-01, 3.005262260181065237e-01, 1.832189931634765068e-01, 1.738325952980020461e-01
3.424960208759663116e-01, 3.006430709854387429e-01, 1.827035333399885109e-01, 1.741573747986065734e-01
3.425686907401040426e-01, 3.007598259300907628e-01, 1.821889994278717839e-01, 1.744824839019333274e-01
3.426401964926223398e-01, 3.008764924277932407e-01, 1.816753942503434582e-01, 1.748079168292409058e-01
3.427105395300965585e-01, 3.009930720448510399e-01, 1.811627206078930408e-01, 1.751336678171593608e-01
3.427797212658181825e-01, 3.011095663381115339e-01, 1.806509812783169688e-01, 1.754597311177533425e-01
3.428477431297288214e-01, 3.012259768549332417e-01, 1.801401790167533046e-01, 1.757861009985846046e-01
3.429146065683535416e-01, 3.013423051331548530e-01, 1.796303165557174009e-01, 1.761127717427742323e-01
3.429803130447339754e-01, 3.014585527010646970e-01, 1.791213966051374562e-01, 1.764397376490638436e-01
3.430448640383606529e-01, 3.015747210773712106e-01, 1.786134218523910966e-01, 1.767669930318769844e-01
3.431082610451046677e-01, 3.016908117711734061e-01, 1.781063949623421516e-01, 1.770945322213797746e-01
3.431705055771493429e-01, 3.018068262819319503e-01, 1.776003185773778192e-01, 1.774223495635410541e-01
3.432315991629203977e-01, 3.019227660994410756e-01, 1.770951953174467186e-01, 1.777504394201918358e-01
3.432915433470168920e-01, 3.020386327038009910e-01, 1.765910277800970818e-01, 1.780787961690850074e-01
3.433503396901403937e-01, 3.021544275653903489e-01, 1.760878185405155560e-01, 1.784074142039536182e-01
3.434079897690243133e-01, 3.022701521448397655e-01, 1.755855701515664780e-01, 1.787362879345693323e-01
3.434644951763625720e-01, 3.023858078930055648e-01, 1.750842851438316194e-01, 1.790654117868001882e-01
3.435198575207378258e-01, 3.025013962509440213e-01, 1.745839660256505999e-01, 1.793947802026676919e-01
3.435740784265486902e-01, 3.026169186498862684e-01, 1.740846152831613258e-01, 1.797243876404036877e-01
3.436271595339375207e-01, 3.027323765112139853e-01, 1.735862353803418190e-01, 1.800542285745066473e-01
3.436791024987164156e-01, 3.028477712464349159e-01, 1.730888287590513774e-01, 1.803842974957973744e-01
3.437299089922936091e-01, 3.029631042571591659e-01, 1.725923978390730973e-01, 1.807145889114740445e-01
3.437795807015991412e-01, 3.030783769350767765e-01, 1.720969450181567273e-01, 1.810450973451673551e-01
3.438281193290097515e-01, 3.031935906619340759e-01, 1.716024726720618010e-01, 1.813758173369943438e-01
3.438755265922738280e-01, 3.033087468095128081e-01, 1.711089831546012685e-01, 1.817067434436122064e-01
3.439218042244351348e-01, 3.034238467396075944e-01, 1.706164787976858499e-01, 1.820378702382715319e-01
3.439669539737570392e-01, 3.035388918040052286e-01, 1.701249619113688882e-01, 1.823691923108688162e-01
3.440109776036452960e-01, 3.036538833444644703e-01, 1.696344347838914524e-01, 1.827007042679988091e-01
3.440538768925709978e-01, 3.037688226926951729e-01, 1.691448996817280226e-01, 1.830324007330056679e-01
3.440956536339928595e-01, 3.038837111703394656e-01, 1.686563588496330091e-01, 1.833642763460345271e-01
3.441363096362790586e-01, 3.039985500889520464e-01, 1.681688145106872145e-01, 1.836963257640816249e-01
3.441758467226283535e-01, 3.041133407499821972e-01, 1.676822688663451022e-01, 1.840285436610443193e-01
3.442142667309915360e-01, 3.042280844447552424e-01, 1.671967240964827017e-01, 1.843609247277706864e-01
3.442515715139911059e-01, 3.043427824544549520e-01, 1.667121823594458763e-01, 1.846934636721081213e-01
3.442877629388425009e-01, 3.044574360501067223e-01, 1.662286457920987004e-01, 1.850261552189520209e-01
3.443228428872725511e-01, 3.045720464925607551e-01, 1.657461165098733369e-01, 1.853589941102933014e-01
3.443568132554395977e-01, 3.046866150324756828e-01, 1.652645966068192196e-01, 1.856919751052655831e-01
3.443896759538512264e-01, 3.048011429103031911e-01, 1.647840881556535408e-01, 1.860250929801919306e-01
3.444214329072840530e-01, 3.049156313562728093e-01, 1.643045932078121829e-01, 1.863583425286310380e-01
3.444520860547002905e-01, 3.050300815903767560e-01, 1.638261137935005385e-01, 1.866917185614224983e-01
3.444816373491659811e-01, 3.051444948223562825e-01, 1.633486519217457467e-01, 1.870252159067320175e-01
3.445100887577683402e-01, 3.052588722516874631e-01, 1.628722095804486514e-01, 1.873588294100956564e-01
3.445374422615317123e-01, 3.053732150675679269e-01, 1.623967887364367035e-01, 1.876925539344637128e-01
3.445636998553349706e-01, 3.054875244489040909e-01, 1.619223913355171407e-01, 1.880263843602438534e-01
3.445888635478265849e-01, 3.056018015642986696e-01, 1.614490193025308051e-01, 1.883603155853438849e-01
3.446129353613406887e-01, 3.057160475720390735e-01, 1.609766745414065725e-01, 1.886943425252137485e-01
3.446359173318123692e-01, 3.058302636200850300e-01, 1.605053589352156418e-01, 1.890284601128870423e-01
3.446578115086920135e-01, 3.059444508460585910e-01, 1.600350743462274072e-01, 1.893626632990219327e-01
3.446786199548606544e-01, 3.060586103772331423e-01, 1.595658226159648863e-01, 1.896969470519414280e-01
3.446983447465430395e-01, 3.061727433305228563e-01, 1.590976055652609245e-01, 1.900313063576730965e-01
3.447169879732225883e-01, 3.062868508124738098e-01, 1.586304249943152889e-01, 1.903657362199882019e-01
3.447345517375540735e-01, 3.064009339192541037e-01, 1.581642826827515391e-01, 1.907002316604402836e-01
3.447510381552766900e-01, 3.065149937366453137e-01, 1.576991803896751199e-01, 1.910347877184029042e-01
3.447664493551274023e-01, 3.066290313400339973e-01, 1.572351198537314809e-01, 1.913693994511072027e-01
3.447807874787527926e-01, 3.067430477944040335e-01, 1.567721027931646693e-01, 1.917040619336785046e-01
3.447940546806217421e-01, 3.068570441543289617e-01, 1.563101309058770316e-01, 1.920387702591723478e-01
3.448062531279368348e-01, 3.069710214639646551e-01, 1.558492058694884996e-01, 1.923735195386100105e-01
3.448173850005460395e-01, 3.070849807570432688e-01, 1.553893293413971255e-01, 1.927083049010136495e-01
3.448274524908537253e-01, 3.071989230568664686e-01, 1.549305029588395610e-01, 1.930431214934401618e-01
3.448364578037321770e-01, 3.073128493763001567e-01, 1.544727283389527306e-01, 1.933779644810151299e-01
3.448444031564310008e-01, 3.074267607177682549e-01, 1.540160070788348656e-01, 1.937128290469657677e-01
3.448512907784891390e-01, 3.075406580732490402e-01, 1.535603407556084543e-01, 1.940477103926533387e-01
3.448571229116432213e-01, 3.076545424242693172e-01, 1.531057309264823862e-01, 1.943826037376049642e-01
3.448619018097385802e-01, 3.077684147419011418e-01, 1.526521791288154295e-01, 1.947175043195447375e-01
3.448656297386381020e-01, 3.078822759867576031e-01, 1.521996868801799296e-01, 1.950524073944245596e-01
3.448683089761314657e-01, 3.079961271089896591e-01, 1.517482556784255365e-01, 1.953873082364533387e-01
3.448699418118448268e-01, 3.081099690482834719e-01, 1.512978870017445687e-01, 1.957222021381271604e-01
3.448705305471486682e-01, 3.082238027338574660e-01, 1.508485823087365452e-01, 1.960570844102574040e-01
3.448700774950669290e-01, 3.083376290844603296e-01, 1.504003430384739937e-01, 1.963919503819987478e-01
3.448685849801848557e-01, 3.084514490083695160e-01, 1.499531706105687034e-01, 1.967267954008769804e-01
3.448660553385572980e-01, 3.085652634033894670e-01, 1.495070664252380055e-01, 1.970616148328150907e-01
3.448624909176167819e-01, 3.086790731568511137e-01, 1.490620318633721908e-01, 1.973964040621599969e-01
3.448578940760799738e-01, 3.087928791456107658e-01, 1.486180682866015679e-01, 1.977311584917076925e-01
3.448522671838565312e-01, 3.089066822360505005e-01, 1.481751770373649080e-01, 1.980658735427280603e-01
3.448456126219553997e-01, 3.090204832840778293e-01, 1.477333594389776683e-01, 1.984005446549891583e-01
3.448379327823917762e-01, 3.091342831351264753e-01, 1.472926167957010757e-01, 1.987351672867807284e-01
3.448292300680942946e-01, 3.092480826241572611e-01, 1.468529503928114877e-01, 1.990697369149369567e-01
3.448195068928112672e-01, 3.093618825756593305e-01, 1.464143614966702811e-01, 1.994042490348590935e-01
3.448087656810174262e-01, 3.094756838036518687e-01, 1.459768513547942403e-01, 1.997386991605365203e-01
3.447970088678195544e-01, 3.095894871116859903e-01, 1.455404211959263894e-01, 2.000730828245679549e-01
3.447842388988634488e-01, 3.097032932928473481e-01, 1.451050722301073237e-01, 2.004073955781819349e-01
3.447704582302388854e-01, 3.098171031297582978e-01, 1.446708056487467087e-01, 2.007416329912559416e-01
3.447556693283861384e-01, 3.099309173945817841e-01, 1.442376226246959714e-01, 2.010757906523359950e-01
3.447398746700011674e-01, 3.100447368490238387e-01, 1.438055243123205484e-01, 2.014098641686545010e-01
3.447230767419408037e-01, 3.101585622443379653e-01, 1.433745118475732161e-01, 2.017438491661480704e-01
3.447052780411289374e-01, 3.102723943213290259e-01, 1.429445863480676149e-01, 2.020777412894745328e-01
3.446864810744608154e-01, 3.103862338103574037e-01, 1.425157489131524124e-01, 2.024115362020295072e-01
3.446666883587085617e-01, 3.105000814313442770e-01, 1.420880006239854665e-01, 2.027452295859616394e-01
3.446459024204261978e-01, 3.106139378937765039e-01, 1.416613425436092644e-01, 2.030788171421881172e-01
3.446241257958540527e-01, 3.107278038967115630e-01, 1.412357757170258910e-01, 2.034122945904086599e-01
3.446013610308237274e-01, 3.108416801287837705e-01, 1.408113011712731066e-01, 2.037456576691193677e-01
3.445776106806630046e-01, 3.109555672682106087e-01, 1.403879199155004531e-01, 2.040789021356260446e-01
3.445528773100996478e-01, 3.110694659827981656e-01, 1.399656329410460809e-01, 2.044120237660560224e-01
3.445271634931668103e-01, 3.111833769299486852e-01, 1.395444412215139651e-01, 2.047450183553705394e-01
3.445004718131065014e-01, 3.112973007566670058e-01, 1.391243457128513161e-01, 2.050778817173751767e-01
3.444728048622743843e-01, 3.114112380995682217e-01, 1.387053473534266834e-01, 2.054106096847307383e-01
3.444441652420439093e-01, 3.115251895848848429e-01, 1.382874470641086428e-01, 2.057431981089625772e-01
3.444145555627105004e-01, 3.116391558284750674e-01, 1.378706457483442338e-01, 2.060756428604701984e-01
3.443839784433954110e-01, 3.117531374358307739e-01, 1.374549442922387288e-01, 2.064079398285350586e-01
3.443524365119501329e-01, 3.118671350020860711e-01, 1.370403435646350698e-01, 2.067400849213287539e-01
3.443199324048601961e-01, 3.119811491120259017e-01, 1.366268444171940821e-01, 2.070720740659198200e-01
3.442864687671490787e-01, 3.120951803400952573e-01, 1.362144476844753260e-01, 2.074039032082802825e-01
3.442520482522826164e-01, 3.122092292504082267e-01, 1.358031541840177547e-01, 2.077355683132914299e-01
3.442166735220720808e-01, 3.123232963967579878e-01, 1.353929647164212324e-01, 2.080670653647486434e-01
3.441803472465790881e-01, 3.124373823226262448e-01, 1.349838800654284965e-01, 2.083983903653660597e-01
3.441430721040186769e-01, 3.125514875611937193e-01, 1.345759009980072585e-01, 2.087295393367803176e-01
3.441048507806634960e-01, 3.126656126353500875e-01, 1.341690282644329435e-01, 2.090605083195533620e-01
3.440656859707478255e-01, 3.127797580577053038e-01, 1.337632625983716794e-01, 2.093912933731751358e-01
3.440255803763713760e-01, 3.128939243305997597e-01, 1.333586047169637301e-01, 2.097218905760650787e-01
3.439845367074028659e-01, 3.130081119461159411e-01, 1.329550553209074282e-01, 2.100522960255735427e-01
3.439425576813848751e-01, 3.131223213860898635e-01, 1.325526150945434412e-01, 2.103825058379819035e-01
3.438996460234362562e-01, 3.132365531221221744e-01, 1.321512847059392870e-01, 2.107125161485021714e-01
3.438558044661579882e-01, 3.133508076155907540e-01, 1.317510648069745161e-01, 2.110423231112766584e-01
3.438110357495355873e-01, 3.134650853176624841e-01, 1.313519560334260872e-01, 2.113719228993759247e-01
3.437653426208439611e-01, 3.135793866693054599e-01, 1.309539590050540769e-01, 2.117013117047964466e-01
3.437187278345516517e-01, 3.136937121013022578e-01, 1.305570743256881105e-01, 2.120304857384580910e-01
3.436711941522244129e-01, 3.138080620342616478e-01, 1.301613025833136816e-01, 2.123594412302002576e-01
3.436227443424300088e-01, 3.139224368786329711e-01, 1.297666443501592770e-01, 2.126881744287778264e-01
3.435733811806421234e-01, 3.140368370347182414e-01, 1.293731001827835292e-01, 2.130166816018560505e-01
3.435231074491448822e-01, 3.141512628926864115e-01, 1.289806706221632848e-01, 2.133449590360052828e-01
3.434719259369375943e-01, 3.142657148325867511e-01, 1.285893561937811180e-01, 2.136730030366944255e-01
3.434198394396386078e-01, 3.143801932243627251e-01, 1.281991574077142870e-01, 2.140008099282842691e-01
3.433668507593906627e-01, 3.144946984278661484e-01, 1.278100747587232189e-01, 2.143283760540200256e-01
3.433129627047650234e-01, 3.146092307928715082e-01, 1.274221087263406882e-01, 2.146556977760227802e-01
3.432581780906669988e-01, 3.147237906590905077e-01, 1.270352597749615231e-01, 2.149827714752810814e-01
3.432024997382397968e-01, 3.148383783561867211e-01, 1.266495283539322558e-01, 2.153095935516411152e-01
3.431459304747711547e-01, 3.149529942037905816e-01, 1.262649148976413560e-01, 2.156361604237969076e-01
3.430884731335968052e-01, 3.150676385115142031e-01, 1.258814198256101025e-01, 2.159624685292788615e-01
3.430301305540071066e-01, 3.151823115789668117e-01, 1.254990435425829831e-01, 2.162885143244430153e-01
3.429709055811518414e-01, 3.152970136957704561e-01, 1.251177864386192329e-01, 2.166142942844585251e-01
3.429108010659458472e-01, 3.154117451415746065e-01, 1.247376488891845936e-01, 2.169398049032950082e-01
3.428498198649747586e-01, 3.155265061860734188e-01, 1.243586312552429074e-01, 2.172650426937089707e-01
3.427879648404011381e-01, 3.156412970890203895e-01, 1.239807338833483902e-01, 2.175900041872300961e-01
3.427252388598702182e-01, 3.157561181002451201e-01, 1.236039571057384878e-01, 2.179146859341461739e-01
3.426616447964161427e-01, 3.158709694596693041e-01, 1.232283012404265521e-01, 2.182390845034880011e-01
3.425971855283683754e-01, 3.159858513973233252e-01, 1.228537665912951271e-01, 2.185631964830131724e-01
3.425318639392581077e-01, 3.161007641333627993e-01, 1.224803534481894995e-01, 2.188870184791895379e-01
3.424656829177251671e-01, 3.162157078780849506e-01, 1.221080620870115679e-01, 2.192105471171782727e-01
3.423986453574247579e-01, 3.163306828319460418e-01, 1.217368927698140590e-01, 2.195337790408151968e-01
3.423307541569344803e-01, 3.164456891855778053e-01, 1.213668457448948690e-01, 2.198567109125928731e-01
3.422620122196617931e-01, 3.165607271198049300e-01, 1.209979212468919874e-01, 2.201793394136412063e-01
3.421924224537514769e-01, 3.166757968056622685e-01, 1.206301194968786711e-01, 2.205016612437076806e-01
3.421219877719927638e-01, 3.167908984044118803e-01, 1.202634407024585766e-01, 2.208236731211367376e-01
3.420507110917282434e-01, 3.169060320675611830e-01, 1.198978850578616417e-01, 2.211453717828489596e-01
3.419785953347611041e-01, 3.170211979368798838e-01, 1.195334527440400502e-01, 2.214667539843190869e-01
3.419056434272635392e-01, 3.171363961444180757e-01, 1.191701439287644049e-01, 2.217878164995538137e-01
3.418318582996860977e-01, 3.172516268125245009e-01, 1.188079587667204146e-01, 2.221085561210690562e-01
3.417572428866653134e-01, 3.173668900538632598e-01, 1.184468973996056218e-01, 2.224289696598658883e-01
3.416818001269332772e-01, 3.174821859714334615e-01, 1.180869599562266031e-01, 2.227490539454066165e-01
3.416055329632273208e-01, 3.175975146585861553e-01, 1.177281465525963217e-01, 2.230688058255901884e-01
3.415284443421987004e-01, 3.177128761990431483e-01, 1.173704572920317157e-01, 2.233882221667262691e-01
3.414505372143230577e-01, 3.178282706669154911e-01, 1.170138922652518426e-01, 2.237072998535095392e-01
3.413718145338099363e-01, 3.179436981267213524e-01, 1.166584515504758696e-01, 2.240260357889929388e-01
3.412922792585131315e-01, 3.180591586334050591e-01, 1.163041352135216061e-01, 2.243444268945603004e-01
3.412119343498415946e-01, 3.181746522323554704e-01, 1.159509433079043000e-01, 2.246624701098987043e-01
3.411307827726700603e-01, 3.182901789594246855e-01, 1.155988758749355722e-01, 2.249801623929697791e-01
3.410488274952496734e-01, 3.184057388409471390e-01, 1.152479329438224898e-01, 2.252975007199807256e-01
3.409660714891203370e-01, 3.185213318937577531e-01, 1.148981145317673203e-01, 2.256144820853545341e-01
3.408825177290215613e-01, 3.186369581252114780e-01, 1.145494206440670765e-01, 2.259311035016998703e-01
3.407981691928045898e-01, 3.187526175332018874e-01, 1.142018512742134645e-01, 2.262473619997800445e-01
3.407130288613448577e-01, 3.188683101061803304e-01, 1.138554064039932617e-01, 2.265632546284816196e-01
3.406270997184544513e-01, 3.189840358231748607e-01, 1.135100860035885700e-01, 2.268787784547822428e-01
3.405403847507947890e-01, 3.190997946538096097e-01, 1.131658900316774435e-01, 2.271939305637180329e-01
3.404528869477902453e-01, 3.192155865583239382e-01, 1.128228184355351132e-01, 2.275087080583507171e-01
3.403646093015411100e-01, 3.193314114875911991e-01, 1.124808711511346981e-01, 2.278231080597330482e-01
3.402755548067375457e-01, 3.194472693831383880e-01, 1.121400481032488738e-01, 2.281371277068751091e-01
3.401857264605740450e-01, 3.195631601771657948e-01, 1.118003492055512360e-01, 2.284507641567090352e-01
3.400951272626633881e-01, 3.196790837925650997e-01, 1.114617743607181077e-01, 2.287640145840533767e-01
3.400037602149518223e-01, 3.197950401429403011e-01, 1.111243234605306662e-01, 2.290768761815771548e-01
3.399116283216339629e-01, 3.199110291326259237e-01, 1.107879963859769723e-01, 2.293893461597632244e-01
3.398187345890683053e-01, 3.200270506567066131e-01, 1.104527930073543329e-01, 2.297014217468706099e-01
3.397250820256932924e-01, 3.201431046010371761e-01, 1.101187131843721217e-01, 2.300131001888973403e-01
3.396306736419429928e-01, 3.202591908422611211e-01, 1.097857567662544054e-01, 2.303243787495413974e-01
3.395355124501639454e-01, 3.203753092478308084e-01, 1.094539235918429859e-01, 2.306352547101622463e-01
3.394396014645321147e-01, 3.204914596760264911e-01, 1.091232134897004435e-01, 2.309457253697409784e-01
3.393429437009697902e-01, 3.206076419759757434e-01, 1.087936262782138036e-01, 2.312557880448406766e-01
3.392455421770635415e-01, 3.207238559876733341e-01, 1.084651617656977041e-01, 2.315654400695654203e-01
3.391473999119820060e-01, 3.208401015420001556e-01, 1.081378197504985483e-01, 2.318746787955193178e-01
3.390485199263943428e-01, 3.209563784607428194e-01, 1.078116000210980058e-01, 2.321835015917647904e-01
3.389489052423888538e-01, 3.210726865566133070e-01, 1.074865023562173727e-01, 2.324919058447805220e-01
3.388485588833921036e-01, 3.211890256332679550e-01, 1.071625265249216419e-01, 2.327998889584182995e-01
3.387474838740887617e-01, 3.213053954853271055e-01, 1.068396722867240162e-01, 2.331074483538601305e-01
3.386456832403408890e-01, 3.214217958983945911e-01, 1.065179393916905609e-01, 2.334145814695740007e-01
3.385431600091086124e-01, 3.215382266490767194e-01, 1.061973275805446898e-01, 2.337212857612699923e-01
3.384399172083709662e-01, 3.216546875050017018e-01, 1.058778365847723446e-01, 2.340275587018549319e-01
3.383359578670466772e-01, 3.217711782248392494e-01, 1.055594661267268558e-01, 2.343333977813873426e-01
3.382312850149154504e-01, 3.218876985583192241e-01, 1.052422159197341500e-01, 2.346388005070312310e-01
3.381259016825407526e-01, 3.220042482462511235e-01, 1.049260856681981657e-01, 2.349437644030099859e-01
3.380198109011910423e-01, 3.221208270205435098e-01, 1.046110750677063800e-01, 2.352482870105590262e-01
3.379130157027633308e-01, 3.222374346042227167e-01, 1.042971838051352379e-01, 2.355523658878786453e-01
3.378055191197059104e-01, 3.223540707114519455e-01, 1.039844115587561374e-01, 2.358559986100860206e-01
3.376973241849420826e-01, 3.224707350475502499e-01, 1.036727579983411918e-01, 2.361591827691665868e-01
3.375884339317939964e-01, 3.225874273090117428e-01, 1.033622227852692005e-01, 2.364619159739251575e-01
3.374788513939073753e-01, 3.227041471835241371e-01, 1.030528055726319253e-01, 2.367641958499365207e-01
3.373685796051762997e-01, 3.228208943499879524e-01, 1.027445060053404219e-01, 2.370660200394954231e-01
3.372576215996681559e-01, 3.229376684785345564e-01, 1.024373237202311215e-01, 2.373673862015661107e-01
3.371459804115500281e-01, 3.230544692305457044e-01, 1.021312583461726903e-01, 2.376682920117315634e-01
3.370336590750142025e-01, 3.231712962586714144e-01, 1.018263095041724575e-01, 2.379687351621418701e-01
3.369206606242053925e-01, 3.232881492068490625e-01, 1.015224768074831641e-01, 2.382687133614623809e-01
3.368069880931474636e-01, 3.234050277103211468e-01, 1.012197598617098210e-01, 2.385682243348215548e-01
3.366926445156709358e-01, 3.235219313956543830e-01, 1.009181582649166659e-01, 2.388672658237578905e-01
3.365776329253414856e-01, 3.236388598807574124e-01, 1.006176716077342020e-01, 2.391658355861668306e-01
3.364619563553878367e-01, 3.237558127748991210e-01, 1.003182994734663075e-01, 2.394639313962467486e-01
3.363456178386305950e-01, 3.238727896787269023e-01, 1.000200414381974268e-01, 2.397615510444450482e-01
3.362286204074124152e-01, 3.239897901842843653e-01, 9.972289707090005451e-02, 2.400586923374032067e-01
3.361109670935271132e-01, 3.241068138750292649e-01, 9.942686593354187197e-02, 2.403553530979017361e-01
3.359926609281501664e-01, 3.242238603258515428e-01, 9.913194758119360517e-02, 2.406515311648047273e-01
3.358737049417696574e-01, 3.243409291030904806e-01, 9.883814156213623081e-02, 2.409472243930036450e-01
3.357541021641174406e-01, 3.244580197645527964e-01, 9.854544741796886220e-02, 2.412424306533609009e-01
3.356338556241008075e-01, 3.245751318595295754e-01, 9.825386468371641313e-02, 2.415371478326531207e-01
3.355129683497349857e-01, 3.246922649288140894e-01, 9.796339288793742828e-02, 2.418313738335135799e-01
3.353914433680754148e-01, 3.248094185047183946e-01, 9.767403155283178873e-02, 2.421251065743744157e-01
3.352692837051514663e-01, 3.249265921110909838e-01, 9.738578019434888933e-02, 2.424183439894086189e-01
3.351464923858996636e-01, 3.250437852633334956e-01, 9.709863832229546909e-02, 2.427110840284714410e-01
3.350230724340981237e-01, 3.251609974684172011e-01, 9.681260544044374694e-02, 2.430033246570409144e-01
3.348990268723012198e-01, 3.252782282249003787e-01, 9.652768104663944637e-02, 2.432950638561589551e-01
3.347743587217746342e-01, 3.253954770229441351e-01, 9.624386463291008387e-02, 2.435862996223711052e-01
3.346490710024310200e-01, 3.255127433443293916e-01, 9.596115568557313236e-02, 2.438770299676664421e-01
3.345231667327663860e-01, 3.256300266624727602e-01, 9.567955368534410143e-02, 2.441672529194167385e-01
3.343966489297965916e-01, 3.257473264424427528e-01, 9.539905810744528369e-02, 2.444569665203153719e-01
3.342695206089943416e-01, 3.258646421409758243e-01, 9.511966842171357128e-02, 2.447461688283162351e-01
3.341417847842274025e-01, 3.259819732064921372e-01, 9.484138409270929937e-02, 2.450348579165712026e-01
3.340134444676961523e-01, 3.260993190791111607e-01, 9.456420457982435412e-02, 2.453230318733682636e-01
3.338845026698729068e-01, 3.262166791906673247e-01, 9.428812933739094682e-02, 2.456106888020687939e-01
3.337549623994404691e-01, 3.263340529647253407e-01, 9.401315781478965239e-02, 2.458978268210446350e-01
3.336248266632325099e-01, 3.264514398165949127e-01, 9.373928945655841949e-02, 2.461844440636142828e-01
3.334940984661734498e-01, 3.265688391533465018e-01, 9.346652370250070618e-02, 2.464705386779793839e-01
3.333627808112192281e-01, 3.266862503738256485e-01, 9.319485998779426794e-02, 2.467561088271607583e-01
3.332308766992988502e-01, 3.268036728686679049e-01, 9.292429774309979296e-02, 2.470411526889333687e-01
3.330983891292558785e-01, 3.269211060203131569e-01, 9.265483639466923216e-02, 2.473256684557617602e-01
3.329653210977909783e-01, 3.270385492030198349e-01, 9.238647536445460107e-02, 2.476096543347346413e-01
3.328316755994045750e-01, 3.271560017828794020e-01, 9.211921407021660124e-02, 2.478931085474994356e-01
3.326974556263406213e-01, 3.272734631178300657e-01, 9.185305192563318621e-02, 2.481760293301961129e-01
3.325626641685303642e-01, 3.273909325576704332e-01, 9.158798834040815517e-02, 2.484584149333910752e-01
3.324273042135364453e-01, 3.275084094440733895e-01, 9.132402272037992708e-02, 2.487402636220102381e-01
3.322913787464983337e-01, 3.276258931105993644e-01, 9.106115446763010657e-02, 2.490215736752722786e-01
3.321548907500777581e-01, 3.277433828827093221e-01, 9.079938298059198054e-02, 2.493023433866210781e-01
3.320178432044045280e-01, 3.278608780777779175e-01, 9.053870765415934774e-02, 2.495825710636581651e-01
3.318802390870235763e-01, 3.279783780051065412e-01, 9.027912787979504305e-02, 2.498622550280747701e-01
3.317420813728417794e-01, 3.280958819659353654e-01, 9.002064304563955899e-02, 2.501413936155833517e-01
3.316033730340754437e-01, 3.282133892534560005e-01, 8.976325253661958381e-02, 2.504199851758490136e-01
3.314641170401989578e-01, 3.283308991528239851e-01, 8.950695573455663689e-02, 2.506980280724204757e-01
3.313243163578934447e-01, 3.284484109411701103e-01, 8.925175201827559301e-02, 2.509755206826608798e-01
3.311839739509958025e-01, 3.285659238876127430e-01, 8.899764076371330379e-02, 2.512524613976781507e-01
3.310430927804489110e-01, 3.286834372532689841e-01, 8.874462134402689995e-02, 2.515288486222551079e-01
3.309016758042519490e-01, 3.288009502912663251e-01, 8.849269312970255152e-02, 2.518046807747791327e-01
3.307597259774110454e-01, 3.289184622467533625e-01, 8.824185548866370077e-02, 2.520799562871720023e-01
3.306172462518910393e-01, 3.290359723569108996e-01, 8.799210778637954478e-02, 2.523546736048185024e-01
3.304742395765677410e-01, 3.291534798509627713e-01, 8.774344938597355981e-02, 2.526288311864959835e-01
3.303307088971800809e-01, 3.292709839501858360e-01, 8.749587964833160925e-02, 2.529024275043025294e-01
3.301866571562833697e-01, 3.293884838679205229e-01, 8.724939793221048179e-02, 2.531754610435856812e-01
3.300420872932034455e-01, 3.295059788095807685e-01, 8.700400359434598552e-02, 2.534479303028698838e-01
3.298970022439902117e-01, 3.296234679726633421e-01, 8.675969598956137507e-02, 2.537198337937850434e-01
3.297514049413731718e-01, 3.297409505467580604e-01, 8.651647447087533471e-02, 2.539911700409934747e-01
3.296052983147161886e-01, 3.298584257135564468e-01, 8.627433838961025281e-02, 2.542619375821171257e-01
3.294586852899739071e-01, 3.299758926468606690e-01, 8.603328709550028819e-02, 2.545321349676651912e-01
3.293115687896479571e-01, 3.300933505125930312e-01, 8.579331993679920054e-02, 2.548017607609599500e-01
3.291639517327439313e-01, 3.302107984688035791e-01, 8.555443626038866656e-02, 2.550708135380638786e-01
3.290158370347292527e-01, 3.303282356656792040e-01, 8.531663541188599931e-02, 2.553392918877054885e-01
3.288672276074913192e-01, 3.304456612455510256e-01, 8.507991673575196478e-02, 2.556071944112057182e-01
3.287181263592959257e-01, 3.305630743429024410e-01, 8.484427957539861231e-02, 2.558745197224029932e-01
3.285685361947468519e-01, 3.306804740843766743e-01, 8.460972327329721598e-02, 2.561412664475792300e-01
