6.358418884296648810e-02, 3.442415144325586263e-01, 5.314051559008130532e-01, 6.076914082366174918e-02
6.369683650438125178e-02, 3.449097477942025813e-01, 5.305468183183080777e-01, 6.084659738310813082e-02
6.381082782244704155e-02, 3.455779935687744997e-01, 5.296860971606726087e-01, 6.092508144810594023e-02
6.392616575529244671e-02, 3.462462373685798456e-01, 5.288230029039978630e-01, 6.100459397212975449e-02
6.404285326223914387e-02, 3.469144647501595236e-01, 5.279575460828098699e-01, 6.108513590479145577e-02
6.416089330352159337e-02, 3.475826612145341832e-01, 5.270897372903070588e-01, 6.116670819163720629e-02
6.428028884000425158e-02, 3.482508122074565726e-01, 5.262195871785959600e-01, 6.124931177394327825e-02
6.440104283289668774e-02, 3.489189031196704427e-01, 5.253471064589217976e-01, 6.133294758851111361e-02
6.452315824346670226e-02, 3.495869192871753350e-01, 5.244723059018967515e-01, 6.141761656746123899e-02
6.464663803275094711e-02, 3.502548459915002521e-01, 5.235951963377222240e-01, 6.150331963802655594e-02
6.477148516126376987e-02, 3.509226684599830448e-01, 5.227157886564086642e-01, 6.159005772234446563e-02
6.489770258870367070e-02, 3.515903718660571275e-01, 5.218340938079909508e-01, 6.167783173724820933e-02
6.502529327365769163e-02, 3.522579413295455764e-01, 5.209501228027393349e-01, 6.176664259405750812e-02
6.515426017330359920e-02, 3.529253619169623879e-01, 5.200638867113659414e-01, 6.185649119836808540e-02
6.528460624311022142e-02, 3.535926186418204553e-01, 5.191753966652286056e-01, 6.194737844984066905e-02
6.541633443653546709e-02, 3.542596964649475932e-01, 5.182846638565280495e-01, 6.203930524198891100e-02
6.554944770472230509e-02, 3.549265802948085580e-01, 5.173916995385023920e-01, 6.213227246196665471e-02
6.568394899619274530e-02, 3.555932549878357829e-01, 5.164965150256171089e-01, 6.222628099035438370e-02
6.581984125653972395e-02, 3.562597053487666643e-01, 5.155991216937485522e-01, 6.232133170094495550e-02
6.595712742811690732e-02, 3.569259161309877304e-01, 5.146995309803668039e-01, 6.241742546052854446e-02
6.609581044972662189e-02, 3.575918720368872483e-01, 5.137977543847092043e-01, 6.251456312867695320e-02
6.623589325630559188e-02, 3.582575577182145476e-01, 5.128938034679527691e-01, 6.261274555752704973e-02
6.637737877860883096e-02, 3.589229577764470047e-01, 5.119876898533805010e-01, 6.271197359156366335e-02
6.652026994289157724e-02, 3.595880567631640767e-01, 5.110794252265424831e-01, 6.281224806740176581e-02
6.666456967058904948e-02, 3.602528391804296626e-01, 5.101690213354131975e-01, 6.291356981356807654e-02
6.681028087799448234e-02, 3.609172894811809029e-01, 5.092564899905427378e-01, 6.301593965028179367e-02
6.695740647593523276e-02, 3.615813920696253625e-01, 5.083418430652043574e-01, 6.311935838923514452e-02
6.710594936944681843e-02, 3.622451313016454844e-01, 5.074250924955349129e-01, 6.322382683337285370e-02
6.725591245744526325e-02, 3.629084914852102606e-01, 5.065062502806729761e-01, 6.332934577667138909e-02
6.740729863239744435e-02, 3.635714568807952296e-01, 5.055853284828896177e-01, 6.343591600391758345e-02
6.756011077998955172e-02, 3.642340117018095236e-01, 5.046623392277141962e-01, 6.354353829048661750e-02
6.771435177879391032e-02, 3.648961401150306316e-01, 5.037372947040558158e-01, 6.365221340211954515e-02
6.787002449993380371e-02, 3.655578262410465462e-01, 5.028102071643191229e-01, 6.376194209470049945e-02
6.802713180674657689e-02, 3.662190541547067357e-01, 5.018810889245135520e-01, 6.387272511403313535e-02
6.818567655444500442e-02, 3.668798078855793343e-01, 5.009499523643587970e-01, 6.398456319561679484e-02
6.834566158977686823e-02, 3.675400714184168804e-01, 5.000168099273839539e-01, 6.409745706442228352e-02
6.850708975068274531e-02, 3.681998286936296605e-01, 4.990816741210203356e-01, 6.421140743466721701e-02
6.866996386595228263e-02, 3.688590636077666574e-01, 4.981445575166902340e-01, 6.432641500959081216e-02
6.883428675487854309e-02, 3.695177600140039376e-01, 4.972054727498887994e-01, 6.444248048122869221e-02
6.900006122691090815e-02, 3.701759017226417536e-01, 4.962644325202604234e-01, 6.455960453018695644e-02
6.916729008130624579e-02, 3.708334725016081967e-01, 4.953214495916694049e-01, 6.467778782541612481e-02
6.933597610677846856e-02, 3.714904560769717867e-01, 4.943765367922647869e-01, 6.479703102398493009e-02
6.950612208114648194e-02, 3.721468361334608344e-01, 4.934297070145391984e-01, 6.491733477085355475e-02
6.967773077098064760e-02, 3.728025963149909083e-01, 4.924809732153817010e-01, 6.503869969864682632e-02
6.985080493124759538e-02, 3.734577202252007955e-01, 4.915303484161244185e-01, 6.516112642742721839e-02
7.002534730495373061e-02, 3.741121914279951222e-01, 4.905778457025837813e-01, 6.528461556446746306e-02
7.020136062278699296e-02, 3.747659934480956356e-01, 4.896234782250942219e-01, 6.540916770402316338e-02
7.037884760275739393e-02, 3.754191097715999237e-01, 4.886672591985375402e-01, 6.553478342710522542e-02
7.055781094983590296e-02, 3.760715238465477395e-01, 4.877092019023642200e-01, 6.566146330125215147e-02
7.073825335559208449e-02, 3.767232190834958749e-01, 4.867493196806097489e-01, 6.578920788030227784e-02
7.092017749783037506e-02, 3.773741788560999733e-01, 4.857876259419037779e-01, 6.591801770416592932e-02
7.110358604022493090e-02, 3.780243865017043903e-01, 4.848241341594733411e-01, 6.604789329859737934e-02
7.128848163195317111e-02, 3.786738253219405492e-01, 4.838588578711392474e-01, 6.617883517496707391e-02
7.147486690732808567e-02, 3.793224785833320123e-01, 4.828918106793061993e-01, 6.631084383003374438e-02
7.166274448542914177e-02, 3.799703295179080453e-01, 4.819230062509464174e-01, 6.644391974571636772e-02
7.185211696973224649e-02, 3.806173613238245101e-01, 4.809524583175765478e-01, 6.657806338886664010e-02
7.204298694773821066e-02, 3.812635571659932499e-01, 4.799801806752276856e-01, 6.671327521104088165e-02
7.223535699060024129e-02, 3.819089001767183023e-01, 4.790061871844086827e-01, 6.684955564827277374e-02
7.242922965275021274e-02, 3.825533734563404398e-01, 4.780304917700635703e-01, 6.698690512084570781e-02
7.262460747152385543e-02, 3.831969600738895920e-01, 4.770531084215210438e-01, 6.712532403306556428e-02
7.282149296678487593e-02, 3.838396430677441518e-01, 4.760740511924373419e-01, 6.726481277303357487e-02
7.301988864054813344e-02, 3.844814054462991071e-01, 4.750933342007331306e-01, 6.740537171241964276e-02
7.321979697660153941e-02, 3.851222301886409460e-01, 4.741109716285221154e-01, 6.754700120623541304e-02
7.342122044012744375e-02, 3.857621002452307213e-01, 4.731269777220334927e-01, 6.768970159260824515e-02
7.362416147732278593e-02, 3.864009985385945534e-01, 4.721413667915275725e-01, 6.783347319255504659e-02
7.382862251501806639e-02, 3.870389079640221275e-01, 4.711541532112031305e-01, 6.797831630975667561e-02
7.403460596029622087e-02, 3.876758113902719072e-01, 4.701653514190993755e-01, 6.812423123033255201e-02
7.424211420010999596e-02, 3.883116916602851743e-01, 4.691749759169888678e-01, 6.827121822261594808e-02
7.445114960089879719e-02, 3.889465315919066191e-01, 4.681830412702652766e-01, 6.841927753692930714e-02
7.466171450820485722e-02, 3.895803139786129243e-01, 4.671895621078219207e-01, 6.856840940536032547e-02
7.487381124628852969e-02, 3.902130215902486765e-01, 4.661945531219243155e-01, 6.871861404153843667e-02
7.508744211774295851e-02, 3.908446371737703262e-01, 4.651980290680750030e-01, 6.886989164041172617e-02
7.530260940310815054e-02, 3.914751434539959218e-01, 4.642000047648711658e-01, 6.902224237802470630e-02
7.551931536048438198e-02, 3.921045231343650017e-01, 4.632004950938544696e-01, 6.917566641129609117e-02
7.573756222514520242e-02, 3.927327588977030937e-01, 4.621995149993538554e-01, 6.933016387779779299e-02
7.595735220914973107e-02, 3.933598334069952074e-01, 4.611970794883208935e-01, 6.948573489553422355e-02
7.617868750095446728e-02, 3.939857293061662102e-01, 4.601932036301571993e-01, 6.964237956272222030e-02
7.640157026502485127e-02, 3.946104292208682529e-01, 4.591879025565349659e-01, 6.980009795757197155e-02
7.662600264144628359e-02, 3.952339157592759111e-01, 4.581811914612093362e-01, 6.995889013806839973e-02
7.685198674553479770e-02, 3.958561715128879888e-01, 4.571730855998237808e-01, 7.011875614175339111e-02
7.707952466744739939e-02, 3.964771790573368704e-01, 4.561636002897069830e-01, 7.027969598550883046e-02
7.730861847179230917e-02, 3.970969209532043687e-01, 4.551527509096628399e-01, 7.044170966534044065e-02
7.753927019723870495e-02, 3.977153797468457319e-01, 4.541405528997528585e-01, 7.060479715616266305e-02
7.777148185612642317e-02, 3.983325379712194247e-01, 4.531270217610701700e-01, 7.076895841158396816e-02
7.800525543407546558e-02, 3.989483781467246803e-01, 4.521121730555059948e-01, 7.093419336369376216e-02
7.824059288959553382e-02, 3.995628827820459916e-01, 4.510960224055090007e-01, 7.110050192284954329e-02
7.847749615369536969e-02, 4.001760343750031534e-01, 4.500785854938360031e-01, 7.126788397746551540e-02
7.871596712949212316e-02, 4.007878154134102977e-01, 4.490598780632953924e-01, 7.143633939380214515e-02
7.895600769182069267e-02, 4.013982083759399244e-01, 4.480399159164827894e-01, 7.160586801575660743e-02
7.919761968684320419e-02, 4.020071957329945378e-01, 4.470187149155078754e-01, 7.177646966465441036e-02
7.944080493165878165e-02, 4.026147599475837779e-01, 4.459962909817151155e-01, 7.194814413904233874e-02
7.968556521391309544e-02, 4.032208834762101013e-01, 4.449726600953947675e-01, 7.212089121448204965e-02
7.993190229140846592e-02, 4.038255487697588464e-01, 4.439478382954872293e-01, 7.229471064334534736e-02
8.017981789171420293e-02, 4.044287382743962378e-01, 4.429218416792790602e-01, 7.246960215461052679e-02
8.042931371177687583e-02, 4.050304344324729411e-01, 4.418946864020905085e-01, 7.264556545365970230e-02
8.068039141753151344e-02, 4.056306196834346123e-01, 4.408663886769558782e-01, 7.282260022207789896e-02
8.093305264351285944e-02, 4.062292764647379428e-01, 4.398369647742962352e-01, 7.300070611745296256e-02
8.118729899246700243e-02, 4.068263872127734215e-01, 4.388064310215823438e-01, 7.317988277317728774e-02
8.144313203496392206e-02, 4.074219343637940915e-01, 4.377748038029916633e-01, 7.336012979825042024e-02
8.170055330901000723e-02, 4.080159003548501917e-01, 4.367420995590561850e-01, 7.354144677708358835e-02
8.195956431966175404e-02, 4.086082676247302370e-01, 4.357083347863027756e-01, 7.372383326930524727e-02
8.222016653863964408e-02, 4.091990186149071507e-01, 4.346735260368846943e-01, 7.390728880956858038e-02
8.248236140394303584e-02, 4.097881357704911687e-01, 4.336376899182058375e-01, 7.409181290735983305e-02
8.274615031946566668e-02, 4.103756015411878511e-01, 4.326008430925376014e-01, 7.427740504680895028e-02
8.301153465461198755e-02, 4.109613983822614225e-01, 4.315630022766252516e-01, 7.446406468650128285e-02
8.327851574391426093e-02, 4.115455087555053293e-01, 4.305241842412894648e-01, 7.465179125929100046e-02
8.354709488665074124e-02, 4.121279151302157384e-01, 4.294844058110172114e-01, 7.484058417211643388e-02
8.381727334646463246e-02, 4.127085999841730302e-01, 4.284436838635456990e-01, 7.503044280581674941e-02
8.408905235098404485e-02, 4.132875458046268990e-01, 4.274020353294386565e-01, 7.522136651495041348e-02
8.436243309144336733e-02, 4.138647350892871724e-01, 4.263594771916537907e-01, 7.541335462761565578e-02
8.463741672230512547e-02, 4.144401503473199577e-01, 4.253160264851026939e-01, 7.560640644527234777e-02
8.491400436088342163e-02, 4.150137741003485647e-01, 4.242717002962019812e-01, 7.580052124256596302e-02
8.519219708696862403e-02, 4.155855888834600331e-01, 4.232265157624179874e-01, 7.599569826715338317e-02
8.547199594245301346e-02, 4.161555772462151581e-01, 4.221804900718013620e-01, 7.619193673953043866e-02
8.575340193095806751e-02, 4.167237217536649552e-01, 4.211336404625157237e-01, 7.638923585286129525e-02
8.603641601746291057e-02, 4.172900049873705108e-01, 4.200859842223563234e-01, 7.658759477281021355e-02
8.632103912793410994e-02, 4.178544095464282737e-01, 4.190375386882627673e-01, 7.678701263737476579e-02
8.660727214895740100e-02, 4.184169180484991757e-01, 4.179883212458220809e-01, 7.698748855672141178e-02
8.689511592737013401e-02, 4.189775131308423606e-01, 4.169383493287644460e-01, 7.718902161302305942e-02
8.718457126989624661e-02, 4.195361774513534647e-01, 4.158876404184515541e-01, 7.739161086029862358e-02
8.747563894278223562e-02, 4.200928936896070609e-01, 4.148362120433560229e-01, 7.759525532425472216e-02
8.776831967143483570e-02, 4.206476445479021553e-01, 4.137840817785335412e-01, 7.779995400212955103e-02
8.806261414006091859e-02, 4.212004127523130137e-01, 4.127312672450870745e-01, 7.800570586253892380e-02
8.835852299130855791e-02, 4.217511810537433736e-01, 4.116777861096233559e-01, 7.821250984532458761e-02
8.865604682591045338e-02, 4.222999322289841539e-01, 4.106236560837007166e-01, 7.842036486140475937e-02
8.895518620232879814e-02, 4.228466490817742729e-01, 4.095688949232703102e-01, 7.862926979262664651e-02
8.925594163640288015e-02, 4.233913144438666287e-01, 4.085135204281086785e-01, 7.883922349162186816e-02
8.955831360099765492e-02, 4.239339111760958567e-01, 4.074575504412428772e-01, 7.905022478166363886e-02
8.986230252565513554e-02, 4.244744221694502495e-01, 4.064010028483678871e-01, 7.926227245652665843e-02
9.016790879624773936e-02, 4.250128303461465085e-01, 4.053438955772564189e-01, 7.947536528034933323e-02
9.047513275463363314e-02, 4.255491186607075482e-01, 4.042862465971604480e-01, 7.968950198749839842e-02
9.078397469831450683e-02, 4.260832701010433543e-01, 4.032280739182063090e-01, 7.990468128243595480e-02
9.109443488009554002e-02, 4.266152676895347828e-01, 4.021693955907805762e-01, 8.012090183958907319e-02
9.140651350774789408e-02, 4.271450944841195807e-01, 4.011102297049103926e-01, 8.033816230322203544e-02
9.172021074367305016e-02, 4.276727335793816809e-01, 4.000505943896343619e-01, 8.055646128731093480e-02
9.203552670457033902e-02, 4.281981681076422741e-01, 3.989905078123666127e-01, 8.077579737542081584e-02
9.235246146110644150e-02, 4.287213812400529345e-01, 3.979299881782546455e-01, 8.099616912058592300e-02
9.267101503758773395e-02, 4.292423561876927973e-01, 3.968690537295276322e-01, 8.121757504519182269e-02
9.299118741163503454e-02, 4.297610762026651265e-01, 3.958077227448389968e-01, 8.144001364086085604e-02
9.331297851386119446e-02, 4.302775245791977676e-01, 3.947460135386010038e-01, 8.166348336833999244e-02
9.363638822755124269e-02, 4.307916846547447665e-01, 3.936839444603124072e-01, 8.188798265739158366e-02
9.396141638834547283e-02, 4.313035398110894869e-01, 3.926215338938784383e-01, 8.211350990668647709e-02
9.428806278392530549e-02, 4.318130734754495603e-01, 3.915588002569241888e-01, 8.234006348370086215e-02
9.461632715370188462e-02, 4.323202691215828897e-01, 3.904957620001004992e-01, 8.256764172461455997e-02
9.494620918850794900e-02, 4.328251102708960407e-01, 3.894324376063826310e-01, 8.279624293421337933e-02
9.527770853029228493e-02, 4.333275804935511899e-01, 3.883688455903627768e-01, 8.302586538579373454e-02
9.561082477181745420e-02, 4.338276634095776796e-01, 3.873050044975344663e-01, 8.325650732107041374e-02
9.594555745636064448e-02, 4.343253426899810199e-01, 3.862409329035712546e-01, 8.348816695008703936e-02
9.628190607741765605e-02, 4.348206020578549436e-01, 3.851766494135976382e-01, 8.372084245112974832e-02
9.661987007840990016e-02, 4.353134252894930722e-01, 3.841121726614534215e-01, 8.395453197064370321e-02
9.695944885239492217e-02, 4.358037962155005274e-01, 3.830475213089519215e-01, 8.418923362315260117e-02
9.730064174178011671e-02, 4.362916987219074838e-01, 3.819827140451310110e-01, 8.442494549118134683e-02
9.764344803803962081e-02, 4.367771167512810582e-01, 3.809177695854976675e-01, 8.466166562518169514e-02
9.798786698143507889e-02, 4.372600343038380299e-01, 3.798527066712660272e-01, 8.489939204346094725e-02
9.833389776073919730e-02, 4.377404354385579510e-01, 3.787875440685889439e-01, 8.513812273211379678e-02
9.868153951296376736e-02, 4.382183042742951451e-01, 3.777223005677837198e-01, 8.537785564495752044e-02
9.903079132309007548e-02, 4.386936249908897079e-01, 3.766569949825502861e-01, 8.561858870346975015e-02
9.938165222380404562e-02, 4.391663818302805611e-01, 3.755916461491849989e-01, 8.586031979673029724e-02
9.973412119523424046e-02, 4.396365590976143989e-01, 3.745262729257862189e-01, 8.610304678136526668e-02
1.000881971646939150e-01, 4.401041411623559108e-01, 3.734608941914551727e-01, 8.634676748149495984e-02
1.004438790064271225e-01, 4.405691124593968944e-01, 3.723955288454908752e-01, 8.659147968868513567e-02
1.008011655413579566e-01, 4.410314574901628704e-01, 3.713301958065781672e-01, 8.683718116190096425e-02
1.011600555368442622e-01, 4.414911608237202523e-01, 3.702649140119707583e-01, 8.708386962746481053e-02
1.015205477064349271e-01, 4.419482070978800192e-01, 3.691997024166679409e-01, 8.733154277901716833e-02
1.018826407096311976e-01, 4.424025810203018882e-01, 3.681345799925861972e-01, 8.758019827748064756e-02
1.022463331516523383e-01, 4.428542673695947673e-01, 3.670695657277248114e-01, 8.782983375102801360e-02
1.026116235832046780e-01, 4.433032509964165424e-01, 3.660046786253258744e-01, 8.808044679505282193e-02
1.029785105002554851e-01, 4.437495168245713106e-01, 3.649399377030294045e-01, 8.833203497214378586e-02
1.033469923438104648e-01, 4.441930498521047266e-01, 3.638753619920220284e-01, 8.858459581206273858e-02
1.037170674996957392e-01, 4.446338351523960175e-01, 3.628109705361823312e-01, 8.883812681172584269e-02
1.040887342983438796e-01, 4.450718578752492771e-01, 3.617467823912187130e-01, 8.909262543518807476e-02
1.044619910145844766e-01, 4.455071032479797632e-01, 3.606828166238043032e-01, 8.934808911363147088e-02
1.048368358674388878e-01, 4.459395565764991964e-01, 3.596190923107049353e-01, 8.960451524535678614e-02
1.052132670199194125e-01, 4.463692032463975612e-01, 3.585556285379045138e-01, 8.986190119577852631e-02
1.055912825788326015e-01, 4.467960287240208550e-01, 3.574924443997229417e-01, 9.012024429742360176e-02
1.059708805945876881e-01, 4.472200185575468390e-01, 3.564295589979319945e-01, 9.037954184993347850e-02
1.063520590610087524e-01, 4.476411583780567360e-01, 3.553669914408645880e-01, 9.063979112006988192e-02
1.067348159151522424e-01, 4.480594339006030435e-01, 3.543047608425206052e-01, 9.090098934172409495e-02
1.071191490371282418e-01, 4.484748309252737375e-01, 3.532428863216683368e-01, 9.116313371592971171e-02
1.075050562499271639e-01, 4.488873353382530906e-01, 3.521813870009406489e-01, 9.142622141087912435e-02
1.078925353192504155e-01, 4.492969331128776611e-01, 3.511202820059285967e-01, 9.169024956194340992e-02
1.082815839533463470e-01, 4.497036103106880067e-01, 3.500595904642695433e-01, 9.195521527169622789e-02
1.086721998028507274e-01, 4.501073530824768465e-01, 3.489993315047318911e-01, 9.222111560994061819e-02
1.090643804606317574e-01, 4.505081476693318931e-01, 3.479395242562958734e-01, 9.248794761374040663e-02
1.094581234616405913e-01, 4.509059804036741337e-01, 3.468801878472310696e-01, 9.275570828745426100e-02
1.098534262827658425e-01, 4.513008377102912805e-01, 3.458213414041689804e-01, 9.302439460277402150e-02
1.102502863426936680e-01, 4.516927061073662819e-01, 3.447630040511733274e-01, 9.329400349876658394e-02
1.106487010017726258e-01, 4.520815722075007259e-01, 3.437051949088071323e-01, 9.356453188191936332e-02
1.110486675618833907e-01, 4.524674227187324149e-01, 3.426479330931948009e-01, 9.383597662618936575e-02
1.114501832663133685e-01, 4.528502444455480558e-01, 3.415912377150825407e-01, 9.410833457305607663e-02
1.118532452996368609e-01, 4.532300242898900100e-01, 3.405351278788951164e-01, 9.438160253157805435e-02
1.122578507875997972e-01, 4.536067492521571043e-01, 3.394796226817900497e-01, 9.465577727845303491e-02
1.126639967970095718e-01, 4.539804064322000010e-01, 3.384247412127082688e-01, 9.493085555808200571e-02
1.130716803356306005e-01, 4.543509830303098518e-01, 3.373705025514227573e-01, 9.520683408263672098e-02
1.134808983520842890e-01, 4.547184663482011779e-01, 3.363169257675836521e-01, 9.548370953213106138e-02
1.138916477357546087e-01, 4.550828437899873680e-01, 3.352640299197618412e-01, 9.576147855449615443e-02
1.143039253166992092e-01, 4.554441028631516231e-01, 3.342118340544899535e-01, 9.604013776565901994e-02
1.147177278655650279e-01, 4.558022311795091319e-01, 3.331603572053006834e-01, 9.631968374962518453e-02
1.151330520935096857e-01, 4.561572164561628062e-01, 3.321096183917626177e-01, 9.660011305856477937e-02
1.155498946521281850e-01, 4.565090465164535760e-01, 3.310596366185157291e-01, 9.688142221290245437e-02
1.159682521333848249e-01, 4.568577092909010817e-01, 3.300104308743029291e-01, 9.716360770141113656e-02
1.163881210695506263e-01, 4.572031928181387594e-01, 3.289620201310014536e-01, 9.744666598130924395e-02
1.168094979331457811e-01, 4.575454852458413213e-01, 3.279144233426511401e-01, 9.773059347836182686e-02
1.172323791368881235e-01, 4.578845748316436315e-01, 3.268676594444829830e-01, 9.801538658698530360e-02
1.176567610336463343e-01, 4.582204499440528100e-01, 3.258217473519446905e-01, 9.830104167035613738e-02
1.180826399163992652e-01, 4.585530990633522319e-01, 3.247767059597256867e-01, 9.858755506052278850e-02
1.185100120182002448e-01, 4.588825107824971439e-01, 3.237325541407807261e-01, 9.887492305852176033e-02
1.189388735121471169e-01, 4.592086738080023434e-01, 3.226893107453532306e-01, 9.916314193449733694e-02
1.193692205113577737e-01, 4.595315769608211975e-01, 3.216469945999962943e-01, 9.945220792782462349e-02
1.198010490689512264e-01, 4.598512091772171684e-01, 3.206056245065946886e-01, 9.974211724723686112e-02
1.202343551780340331e-01, 4.601675595096253457e-01, 3.195652192413847570e-01, 1.000328660709558920e-01
1.206691347716928042e-01, 4.604806171275059867e-01, 3.185257975539745323e-01, 1.003244505468265657e-01
1.211053837229916497e-01, 4.607903713181896732e-01, 3.174873781663637429e-01, 1.006168667924549898e-01
1.215430978449755089e-01, 4.610968114877116997e-01, 3.164499797719628194e-01, 1.009101108953499165e-01
1.219822728906796300e-01, 4.613999271616397446e-01, 3.154136210346123459e-01, 1.012041789130682656e-01
1.224229045531434745e-01, 4.616997079858899400e-01, 3.143783205876024556e-01, 1.014990668733642826e-01
1.228649884654312990e-01, 4.619961437275348359e-01, 3.133440970326921149e-01, 1.017947707743416946e-01
1.233085202006582864e-01, 4.622892242756015957e-01, 3.123109689391297406e-01, 1.020912865846105577e-01
1.237534952720214382e-01, 4.625789396418599764e-01, 3.112789548426718733e-01, 1.023886102434466150e-01
1.241999091328375160e-01, 4.628652799616015390e-01, 3.102480732446059042e-01, 1.026867376609551380e-01
1.246477571765854525e-01, 4.631482354944070345e-01, 3.092183426107698585e-01, 1.029856647182375712e-01
1.250970347369550761e-01, 4.634277966249062963e-01, 3.081897813705759548e-01, 1.032853872675626450e-01
1.255477370879014010e-01, 4.637039538635252534e-01, 3.071624079160332199e-01, 1.035859011325400425e-01
1.259998594437045372e-01, 4.639766978472247838e-01, 3.061362406007722137e-01, 1.038872021082984098e-01
1.264533969590354301e-01, 4.642460193402276891e-01, 3.051112977390702530e-01, 1.041892859616665862e-01
1.269083447290271505e-01, 4.645119092347358980e-01, 3.040875976048789675e-01, 1.044921484313581506e-01
1.273646977893518883e-01, 4.647743585516360132e-01, 3.030651584308522994e-01, 1.047957852281597990e-01
1.278224511163040533e-01, 4.650333584411959209e-01, 3.020439984073768902e-01, 1.051001920351232188e-01
1.282815996268883152e-01, 4.652889001837480776e-01, 3.010241356816039660e-01, 1.054053645077597523e-01
1.287421381789141117e-01, 4.655409751903634707e-01, 3.000055883564829440e-01, 1.057112982742395152e-01
1.292040615710954854e-01, 4.657895750035138116e-01, 2.989883744897974260e-01, 1.060179889355932631e-01
1.296673645431565547e-01, 4.660346912977225697e-01, 2.979725120932033011e-01, 1.063254320659174773e-01
1.301320417759428971e-01, 4.662763158802046837e-01, 2.969580191312686246e-01, 1.066336232125837391e-01
1.305980878915385113e-01, 4.665144406914941699e-01, 2.959449135205171055e-01, 1.069425578964503104e-01
1.310654974533884687e-01, 4.667490578060613515e-01, 2.949332131284723713e-01, 1.072522316120778779e-01
1.315342649664273389e-01, 4.669801594329172079e-01, 2.939229357727070058e-01, 1.075626398279484336e-01
1.320043848772131101e-01, 4.672077379162067889e-01, 2.929140992198930871e-01, 1.078737779866870278e-01
1.324758515740669940e-01, 4.674317857357901396e-01, 2.919067211848556664e-01, 1.081856415052873249e-01
1.329486593872185318e-01, 4.676522955078113442e-01, 2.909008193296300226e-01, 1.084982257753401153e-01
1.334228025889568625e-01, 4.678692599852563028e-01, 2.898964112625218581e-01, 1.088115261632651154e-01
1.338982753937870973e-01, 4.680826720584962963e-01, 2.888935145371708257e-01, 1.091255380105456280e-01
1.343750719585928843e-01, 4.682925247558225035e-01, 2.878921466516173311e-01, 1.094402566339672811e-01
1.348531863828036081e-01, 4.684988112439640862e-01, 2.868923250473737196e-01, 1.097556773258585583e-01
1.353326127085685282e-01, 4.687015248285978375e-01, 2.858940671084981289e-01, 1.100717953543355609e-01
1.358133449209353860e-01, 4.689006589548422865e-01, 2.848973901606730585e-01, 1.103886059635493383e-01
1.362953769480348687e-01, 4.690962072077408673e-01, 2.839023114702878825e-01, 1.107061043739363260e-01
1.367787026612710399e-01, 4.692881633127318763e-01, 2.829088482435253016e-01, 1.110242857824717960e-01
1.372633158755166838e-01, 4.694765211361053292e-01, 2.819170176254517934e-01, 1.113431453629263462e-01
1.377492103493143938e-01, 4.696612746854472165e-01, 2.809268366991132249e-01, 1.116626782661252343e-01
1.382363797850833520e-01, 4.698424181100716024e-01, 2.799383224846341833e-01, 1.119828796202108345e-01
1.387248178293312983e-01, 4.700199457014380133e-01, 2.789514919383228042e-01, 1.123037445309078980e-01
1.392145180728718012e-01, 4.701938518935573352e-01, 2.779663619517794282e-01, 1.126252680817913382e-01
1.397054740510475235e-01, 4.703641312633837224e-01, 2.769829493510113094e-01, 1.129474453345574309e-01
1.401976792439580677e-01, 4.705307785311933499e-01, 2.760012708955510430e-01, 1.132702713292973867e-01
1.406911270766940114e-01, 4.706937885609508432e-01, 2.750213432775813760e-01, 1.135937410847738804e-01
1.411858109195755495e-01, 4.708531563606602188e-01, 2.740431831210642377e-01, 1.139178495986999801e-01
1.416817240883969098e-01, 4.710088770827053350e-01, 2.730668069808763199e-01, 1.142425918480214353e-01
1.421788598446759033e-01, 4.711609460241740210e-01, 2.720922313419493754e-01, 1.145679627892007418e-01
1.426772113959086652e-01, 4.713093586271709934e-01, 2.711194726184157910e-01, 1.148939573585045781e-01
1.431767718958296964e-01, 4.714541104791157289e-01, 2.701485471527612092e-01, 1.152205704722933099e-01
1.436775344446769298e-01, 4.715951973130276809e-01, 2.691794712149821467e-01, 1.155477970273133398e-01
1.441794920894623466e-01, 4.717326150077966185e-01, 2.682122610017492192e-01, 1.158756319009918850e-01
1.446826378242470623e-01, 4.718663595884410311e-01, 2.672469326355779717e-01, 1.162040699517340042e-01
1.451869645904221851e-01, 4.719964272263513227e-01, 2.662835021640041488e-01, 1.165331060192224266e-01
1.456924652769943096e-01, 4.721228142395194616e-01, 2.653219855587667375e-01, 1.168627349247195191e-01
1.461991327208759517e-01, 4.722455170927558066e-01, 2.643623987149965049e-01, 1.171929514713715564e-01
1.467069597071813947e-01, 4.723645323978910016e-01, 2.634047574504119749e-01, 1.175237504445155179e-01
1.472159389695270604e-01, 4.724798569139639359e-01, 2.624490775045209001e-01, 1.178551266119880203e-01
1.477260631903368759e-01, 4.725914875473965493e-01, 2.614953745378299499e-01, 1.181870747244364445e-01
1.482373250011527477e-01, 4.726994213521548693e-01, 2.605436641310603929e-01, 1.185195895156321289e-01
1.487497169829492816e-01, 4.728036555298940069e-01, 2.595939617843704417e-01, 1.188526657027862837e-01
1.492632316664541103e-01, 4.729041874300927706e-01, 2.586462829165860344e-01, 1.191862979868671124e-01
1.497778615324721341e-01, 4.730010145501704621e-01, 2.577006428644375569e-01, 1.195204810529197498e-01
1.502935990122150900e-01, 4.730941345355922922e-01, 2.567570568818046683e-01, 1.198552095703879217e-01
1.508104364876351466e-01, 4.731835451799595305e-01, 2.558155401389678452e-01, 1.201904781934374361e-01
1.513283662917639105e-01, 4.732692444250859998e-01, 2.548761077218683058e-01, 1.205262815612818394e-01
1.518473807090550409e-01, 4.733512303610604155e-01, 2.539387746313747085e-01, 1.208626142985098628e-01
1.523674719757321383e-01, 4.734295012262948465e-01, 2.530035557825582870e-01, 1.211994710154147836e-01
1.528886322801409348e-01, 4.735040554075585217e-01, 2.520704660039753131e-01, 1.215368463083252720e-01
1.534108537631054536e-01, 4.735748914399982579e-01, 2.511395200369576641e-01, 1.218747347599385966e-01
1.539341285182890262e-01, 4.736420080071445660e-01, 2.502107325349116063e-01, 1.222131309396548016e-01
1.544584485925596662e-01, 4.737054039409033801e-01, 2.492841180626238773e-01, 1.225520294039130903e-01
1.549838059863590523e-01, 4.737650782215341860e-01, 2.483596910955771786e-01, 1.228914246965296664e-01
1.555101926540765622e-01, 4.738210299776136614e-01, 2.474374660192726616e-01, 1.232313113490369760e-01
1.560376005044272207e-01, 4.738732584859858266e-01, 2.465174571285620175e-01, 1.235716838810248658e-01
1.565660214008329221e-01, 4.739217631716974299e-01, 2.455996786269870058e-01, 1.239125368004825589e-01
1.570954471618093706e-01, 4.739665436079197880e-01, 2.446841446261279474e-01, 1.242538646041428524e-01
1.576258695613553529e-01, 4.740075995158567479e-01, 2.437708691449608500e-01, 1.245956617778271047e-01
1.581572803293469498e-01, 4.740449307646379951e-01, 2.428598661092234157e-01, 1.249379227967916395e-01
1.586896711519354686e-01, 4.740785373711996487e-01, 2.419511493507890687e-01, 1.252806421260759251e-01
1.592230336719490658e-01, 4.741084195001490365e-01, 2.410447326070508101e-01, 1.256238142208511988e-01
1.597573594892980342e-01, 4.741345774636175903e-01, 2.401406295203133701e-01, 1.259674335267709777e-01
1.602926401613842811e-01, 4.741570117210986979e-01, 2.392388536371948260e-01, 1.263114944803222506e-01
1.608288672035140809e-01, 4.741757228792713996e-01, 2.383394184080364075e-01, 1.266559915091780841e-01
1.613660320893145206e-01, 4.741907116918118170e-01, 2.374423371863227938e-01, 1.270009190325510351e-01
1.619041262511534129e-01, 4.742019790591885386e-01, 2.365476232281103486e-01, 1.273462714615475888e-01
1.624431410805633469e-01, 4.742095260284471259e-01, 2.356552896914656248e-01, 1.276920431995239857e-01
1.629830679286677353e-01, 4.742133537929778542e-01, 2.347653496359124736e-01, 1.280382286424419092e-01
1.635238981066120256e-01, 4.742134636922725743e-01, 2.338778160218890345e-01, 1.283848221792263378e-01
1.640656228859970478e-01, 4.742098572116656419e-01, 2.329927017102141618e-01, 1.287318181921232874e-01
1.646082334993155538e-01, 4.742025359820631891e-01, 2.321100194615629553e-01, 1.290792110570583018e-01
1.651517211403927543e-01, 4.741915017796580756e-01, 2.312297819359527551e-01, 1.294269951439963595e-01
1.656960769648294363e-01, 4.741767565256308492e-01, 2.303520016922378510e-01, 1.297751648173017802e-01
1.662412920904480229e-01, 4.741583022858388285e-01, 2.294766911876144344e-01, 1.301237144360987974e-01
1.667873575977421308e-01, 4.741361412704898082e-01, 2.286038627771351806e-01, 1.304726383546330193e-01
1.673342645303285692e-01, 4.741102758338048284e-01, 2.277335287132336017e-01, 1.308219309226330840e-01
1.678820038954024763e-01, 4.740807084736659016e-01, 2.268657011452588079e-01, 1.311715864856728975e-01
1.684305666641953136e-01, 4.740474418312515259e-01, 2.260003921190188170e-01, 1.315215993855344268e-01
1.689799437724354980e-01, 4.740104786906587098e-01, 2.251376135763353825e-01, 1.318719639605703542e-01
1.695301261208113641e-01, 4.739698219785128397e-01, 2.242773773546081206e-01, 1.322226745460676478e-01
1.700811045754377915e-01, 4.739254747635630038e-01, 2.234196951863882952e-01, 1.325737254746109373e-01
1.706328699683238859e-01, 4.738774402562662691e-01, 2.225645786989634556e-01, 1.329251110764464450e-01
1.711854130978445743e-01, 4.738257218083580802e-01, 2.217120394139516781e-01, 1.332768256798455564e-01
1.717387247292137264e-01, 4.737703229124106685e-01, 2.208620887469062433e-01, 1.336288636114694450e-01
1.722927955949596079e-01, 4.737112472013778608e-01, 2.200147380069302494e-01, 1.339812191967323096e-01
1.728476163954034417e-01, 4.736484984481286187e-01, 2.191699983963016629e-01, 1.343338867601662212e-01
1.734031777991392465e-01, 4.735820805649671450e-01, 2.183278810101086098e-01, 1.346868606257850265e-01
1.739594704435162009e-01, 4.735119976031413325e-01, 2.174883968358947428e-01, 1.350401351174476683e-01
1.745164849351232561e-01, 4.734382537523384449e-01, 2.166515567533154052e-01, 1.353937045592229216e-01
1.750742118502755240e-01, 4.733608533401688079e-01, 2.158173715338032039e-01, 1.357475632757525197e-01
1.756326417355024427e-01, 4.732798008316377314e-01, 2.149858518402452123e-01, 1.361017055926145580e-01
1.761917651080384395e-01, 4.731951008286052751e-01, 2.141570082266694985e-01, 1.364561258366868424e-01
1.767515724563147872e-01, 4.731067580692333574e-01, 2.133308511379423678e-01, 1.368108183365093766e-01
1.773120542404532929e-01, 4.730147774274229278e-01, 2.125073909094765123e-01, 1.371657774226471838e-01
1.778732008927621511e-01, 4.729191639122372615e-01, 2.116866377669487931e-01, 1.375209974280519332e-01
1.784350028182324355e-01, 4.728199226673153732e-01, 2.108686018260287065e-01, 1.378764726884235681e-01
1.789974503950373108e-01, 4.727170589702734405e-01, 2.100532930921180097e-01, 1.382321975425713501e-01
1.795605339750316332e-01, 4.726105782320942361e-01, 2.092407214600998655e-01, 1.385881663327742097e-01
1.801242438842539650e-01, 4.725004859965065140e-01, 2.084308967140988678e-01, 1.389443734051406532e-01
1.806885704234285350e-01, 4.723867879393521263e-01, 2.076238285272515860e-01, 1.393008131099676972e-01
1.812535038684701671e-01, 4.722694898679428155e-01, 2.068195264614876572e-01, 1.396574798020995267e-01
1.818190344709887385e-01, 4.721485977204054052e-01, 2.060179999673208973e-01, 1.400143678412849868e-01
1.823851524587960793e-01, 4.720241175650177201e-01, 2.052192583836515982e-01, 1.403714715925346024e-01
1.829518480364130673e-01, 4.718960555995314610e-01, 2.044233109375789559e-01, 1.407287854264764604e-01
1.835191113855780543e-01, 4.717644181504868639e-01, 2.036301667442236007e-01, 1.410863037197114256e-01
1.840869326657560423e-01, 4.716292116725152583e-01, 2.028398348065614809e-01, 1.414440208551671907e-01
1.846553020146491919e-01, 4.714904427476317994e-01, 2.020523240152673483e-01, 1.418019312224517714e-01
1.852242095487070250e-01, 4.713481180845188190e-01, 2.012676431485690420e-01, 1.421600292182051695e-01
1.857936453636385987e-01, 4.712022445177976859e-01, 2.004858008721127627e-01, 1.425183092464510637e-01
1.863635995349244567e-01, 4.710528290072916735e-01, 1.997068057388375617e-01, 1.428767657189462525e-01
1.869340621183294970e-01, 4.708998786372790013e-01, 1.989306661888615990e-01, 1.432353930555298471e-01
1.875050231504161724e-01, 4.707434006157356632e-01, 1.981573905493775600e-01, 1.435941856844705766e-01
1.880764726490582739e-01, 4.705834022735686517e-01, 1.973869870345596744e-01, 1.439531380428135110e-01
1.886484006139547975e-01, 4.704198910638407449e-01, 1.966194637454798666e-01, 1.443122445767245354e-01
1.892207970271447270e-01, 4.702528745609850236e-01, 1.958548286700353969e-01, 1.446714997418347415e-01
1.897936518535211503e-01, 4.700823604600103400e-01, 1.950930896828860783e-01, 1.450308980035824313e-01
1.903669550413462641e-01, 4.699083565756980163e-01, 1.943342545454017911e-01, 1.453904338375539285e-01
1.909406965227661013e-01, 4.697308708417896050e-01, 1.935783309056209600e-01, 1.457501017298232504e-01
1.915148662143255354e-01, 4.695499113101658795e-01, 1.928253262982183025e-01, 1.461098961772901716e-01
1.920894540174828136e-01, 4.693654861500172748e-01, 1.920752481444835125e-01, 1.464698116880163714e-01
1.926644498191245336e-01, 4.691776036470051148e-01, 1.913281037523098804e-01, 1.468298427815604434e-01
1.932398434920799546e-01, 4.689862722024160102e-01, 1.905839003161929335e-01, 1.471899839893111295e-01
1.938156248956353633e-01, 4.687915003323063212e-01, 1.898426449172394559e-01, 1.475502298548188318e-01
1.943917838760481631e-01, 4.685932966666402355e-01, 1.891043445231861686e-01, 1.479105749341254883e-01
1.949683102670602963e-01, 4.683916699484180768e-01, 1.883690059884289281e-01, 1.482710137960927821e-01
1.955451938904114451e-01, 4.681866290327986180e-01, 1.876366360540616396e-01, 1.486315410227282974e-01
1.961224245563517599e-01, 4.679781828862130677e-01, 1.869072413479249406e-01, 1.489921512095102596e-01
1.966999920641539501e-01, 4.677663405854706746e-01, 1.861808283846651535e-01, 1.493528389657102773e-01
1.972778862026245139e-01, 4.675511113168587807e-01, 1.854574035658030084e-01, 1.497135989147137247e-01
1.978560967506149126e-01, 4.673325043752338814e-01, 1.847369731798119419e-01, 1.500744256943392085e-01
1.984346134775313297e-01, 4.671105291631073020e-01, 1.840195434022063314e-01, 1.504353139571550368e-01
1.990134261438439023e-01, 4.668851951897222685e-01, 1.833051202956394454e-01, 1.507962583707943005e-01
1.995925245015950644e-01, 4.666565120701258729e-01, 1.825937098100112732e-01, 1.511572536182679283e-01
2.001718982949067249e-01, 4.664244895242328770e-01, 1.818853177825851541e-01, 1.515182943982751607e-01
2.007515372604871118e-01, 4.661891373758851320e-01, 1.811799499381151202e-01, 1.518793754255125805e-01
2.013314311281357016e-01, 4.659504655519016714e-01, 1.804776118889818426e-01, 1.522404914309808122e-01
2.019115696212472610e-01, 4.657084840811258064e-01, 1.797783091353382379e-01, 1.526016371622886669e-01
2.024919424573153603e-01, 4.654632030934643949e-01, 1.790820470652648433e-01, 1.529628073839554847e-01
2.030725393484336117e-01, 4.652146328189213920e-01, 1.783888309549338247e-01, 1.533239968777112827e-01
2.036533500017965181e-01, 4.649627835866262937e-01, 1.776986659687828096e-01, 1.536852004427944896e-01
2.042343641201983528e-01, 4.647076658238565861e-01, 1.770115571596977966e-01, 1.540464128962473755e-01
2.048155714025307328e-01, 4.644492900550551417e-01, 1.763275094692048628e-01, 1.544076290732092627e-01
2.053969615442791941e-01, 4.641876669008417888e-01, 1.756465277276714476e-01, 1.547688438272074307e-01
2.059785242380175185e-01, 4.639228070770207157e-01, 1.749686166545164623e-01, 1.551300520304452202e-01
2.065602491739008950e-01, 4.636547213935817702e-01, 1.742937808584287540e-01, 1.554912485740886086e-01
2.071421260401574982e-01, 4.633834207536979832e-01, 1.736220248375953401e-01, 1.558524283685492340e-01
2.077241445235779305e-01, 4.631089161527180975e-01, 1.729533529799379410e-01, 1.562135863437660588e-01
2.083062943100037478e-01, 4.628312186771541548e-01, 1.722877695633583117e-01, 1.565747174494838134e-01
2.088885650848130160e-01, 4.625503395036659193e-01, 1.716252787559921777e-01, 1.569358166555289702e-01
2.094709465334049781e-01, 4.622662898980396395e-01, 1.709658846164717472e-01, 1.572968789520835520e-01
2.100534283416827797e-01, 4.619790812141641445e-01, 1.703095910941968827e-01, 1.576578993499563874e-01
2.106360001965328910e-01, 4.616887248930018339e-01, 1.696564020296142949e-01, 1.580188728808508691e-01
2.112186517863050006e-01, 4.613952324615573364e-01, 1.690063211545057842e-01, 1.583797945976318511e-01
2.118013728012871633e-01, 4.610986155318411162e-01, 1.683593520922838926e-01, 1.587406595745877447e-01
2.123841529341805867e-01, 4.607988857998311372e-01, 1.677154983582964110e-01, 1.591014629076918097e-01
2.129669818805718096e-01, 4.604960550444298084e-01, 1.670747633601386006e-01, 1.594621997148598369e-01
2.135498493394024644e-01, 4.601901351264188200e-01, 1.664371503979736877e-01, 1.598228651362051389e-01
2.141327450134367927e-01, 4.598811379874109817e-01, 1.658026626648610447e-01, 1.601834543342911532e-01
2.147156586097271613e-01, 4.595690756487989526e-01, 1.651713032470926712e-01, 1.605439624943812704e-01
2.152985798400770812e-01, 4.592539602107008623e-01, 1.645430751245367806e-01, 1.609043848246854425e-01
2.158814984215014776e-01, 4.589358038509044890e-01, 1.639179811709896573e-01, 1.612647165566044871e-01
2.164644040766851019e-01, 4.586146188238084398e-01, 1.632960241545350077e-01, 1.616249529449715061e-01
2.170472865344381941e-01, 4.582904174593611657e-01, 1.626772067379103071e-01, 1.619850892682903332e-01
2.176301355301493989e-01, 4.579632121619978125e-01, 1.620615314788814987e-01, 1.623451208289712344e-01
2.182129408062365994e-01, 4.576330154095754610e-01, 1.614490008306243840e-01, 1.627050429535635834e-01
2.187956921125942256e-01, 4.572998397523065361e-01, 1.608396171421129783e-01, 1.630648509929862044e-01
2.193783792070394534e-01, 4.569636978116905501e-01, 1.602333826585161658e-01, 1.634245403227538307e-01
2.199609918557539068e-01, 4.566246022794439585e-01, 1.596302995216001552e-01, 1.637841063432020072e-01
2.205435198337239999e-01, 4.562825659164297942e-01, 1.590303697701386243e-01, 1.641435444797074705e-01
2.211259529251779488e-01, 4.559376015515846925e-01, 1.584335953403298858e-01, 1.645028501829073619e-01
2.217082809240196739e-01, 4.555897220808463599e-01, 1.578399780662200769e-01, 1.648620189289138060e-01
2.222904936342605109e-01, 4.552389404660787120e-01, 1.572495196801338979e-01, 1.652210462195268237e-01
2.228725808704476452e-01, 4.548852697339974549e-01, 1.566622218131115407e-01, 1.655799275824433592e-01
2.234545324580895220e-01, 4.545287229750943903e-01, 1.560780859953518618e-01, 1.659386585714641427e-01
2.240363382340785914e-01, 4.541693133425618312e-01, 1.554971136566628276e-01, 1.662972347666966666e-01
2.246179880471109724e-01, 4.538070540512156303e-01, 1.549193061269174276e-01, 1.666556517747560806e-01
2.251994717581027039e-01, 4.534419583764190964e-01, 1.543446646365159991e-01, 1.670139052289621173e-01
2.257807792406036351e-01, 4.530740396530071878e-01, 1.537731903168551850e-01, 1.673719907895338532e-01
2.263619003812076813e-01, 4.527033112742089305e-01, 1.532048842008023604e-01, 1.677299041437810279e-01
2.269428250799599145e-01, 4.523297866905719444e-01, 1.526397472231760810e-01, 1.680876410062919490e-01
2.275235432507609623e-01, 4.519534794088870266e-01, 1.520777802212327778e-01, 1.684451971191192610e-01
2.281040448217677985e-01, 4.515744029911117896e-01, 1.515189839351585854e-01, 1.688025682519617154e-01
2.286843197357915913e-01, 4.511925710532975198e-01, 1.509633590085673049e-01, 1.691597502023436395e-01
2.292643579506918050e-01, 4.508079972645140376e-01, 1.504109059890036959e-01, 1.695167387957905447e-01
2.298441494397677476e-01, 4.504206953457776108e-01, 1.498616253284522637e-01, 1.698735298860024057e-01
2.304236841921463164e-01, 4.500306790689789227e-01, 1.493155173838512095e-01, 1.702301193550235792e-01
2.310029522131666346e-01, 4.496379622558122069e-01, 1.487725824176120148e-01, 1.705865031134091436e-01
2.315819435247610247e-01, 4.492425587767058248e-01, 1.482328205981437719e-01, 1.709426771003892676e-01
2.321606481658329835e-01, 4.488444825497551194e-01, 1.476962320003828988e-01, 1.712986372840289706e-01
2.327390561926316048e-01, 4.484437475396546580e-01, 1.471628166063274346e-01, 1.716543796613862749e-01
2.333171576791226165e-01, 4.480403677566348053e-01, 1.466325743055764130e-01, 1.720099002586661652e-01
2.338949427173555307e-01, 4.476343572553981298e-01, 1.461055048958740943e-01, 1.723651951313722730e-01
2.344724014178281857e-01, 4.472257301340588631e-01, 1.455816080836585813e-01, 1.727202603644543422e-01
2.350495239098472355e-01, 4.468145005330838027e-01, 1.450608834846149608e-01, 1.730750920724540010e-01
2.356263003418848090e-01, 4.464006826342356016e-01, 1.445433306242332461e-01, 1.734296863996463156e-01
2.362027208819323931e-01, 4.459842906595186673e-01, 1.440289489383704269e-01, 1.737840395201785404e-01
2.367787757178509145e-01, 4.455653388701266149e-01, 1.435177377738163507e-01, 1.741381476382060367e-01
2.373544550577165457e-01, 4.451438415653938829e-01, 1.430096963888647099e-01, 1.744920069880247782e-01
2.379297491301642919e-01, 4.447198130817477391e-01, 1.425048239538871386e-01, 1.748456138342008581e-01
2.385046481847266087e-01, 4.442932677916650031e-01, 1.420031195519116940e-01, 1.751989644716967220e-01
2.390791424921692998e-01, 4.438642201026308798e-01, 1.415045821792052239e-01, 1.755520552259947353e-01
2.396532223448233079e-01, 4.434326844561006786e-01, 1.410092107458592037e-01, 1.759048824532168931e-01
2.402268780569132012e-01, 4.429986753264649746e-01, 1.405170040763793482e-01, 1.762574425402425038e-01
2.408000999648817475e-01, 4.425622072200177670e-01, 1.400279609102789147e-01, 1.766097319048215986e-01
2.413728784277107686e-01, 4.421232946739278580e-01, 1.395420799026751146e-01, 1.769617469956861477e-01
2.419452038272387473e-01, 4.416819522552142274e-01, 1.390593596248891339e-01, 1.773134842926578636e-01
2.425170665684740767e-01, 4.412381945597240729e-01, 1.385797985650492892e-01, 1.776649403067524779e-01
2.430884570799052291e-01, 4.407920362111153456e-01, 1.381033951286972650e-01, 1.780161115802820770e-01
2.436593658138066776e-01, 4.403434918598427283e-01, 1.376301476393974876e-01, 1.783669946869530787e-01
2.442297832465417373e-01, 4.398925761821467773e-01, 1.371600543393493299e-01, 1.787175862319620723e-01
2.447996998788608269e-01, 4.394393038790486705e-01, 1.366931133900023132e-01, 1.790678828520881616e-01
2.453691062361967323e-01, 4.389836896753469553e-01, 1.362293228726738636e-01, 1.794178812157823100e-01
2.459379928689558736e-01, 4.385257483186202898e-01, 1.357686807891699265e-01, 1.797675780232538822e-01
2.465063503528054922e-01, 4.380654945782329612e-01, 1.353111850624077461e-01, 1.801169700065536616e-01
2.470741692889577568e-01, 4.376029432443460099e-01, 1.348568335370415872e-01, 1.804660539296544797e-01
2.476414403044494561e-01, 4.371381091269316843e-01, 1.344056239800905106e-01, 1.808148265885283767e-01
2.482081540524181396e-01, 4.366710070547929479e-01, 1.339575540815680921e-01, 1.811632848112207927e-01
2.487743012123748154e-01, 4.362016518745878146e-01, 1.335126214551153323e-01, 1.815114254579219544e-01
2.493398724904723196e-01, 4.357300584498581264e-01, 1.330708236386344001e-01, 1.818592454210351261e-01
2.499048586197704092e-01, 4.352562416600627149e-01, 1.326321580949248458e-01, 1.822067416252420025e-01
2.504692503604966647e-01, 4.347802163996163927e-01, 1.321966222123221180e-01, 1.825539110275649357e-01
2.510330385003037290e-01, 4.343019975769326080e-01, 1.317642133053371079e-01, 1.829007506174265552e-01
2.515962138545232984e-01, 4.338216001134729272e-01, 1.313349286152978579e-01, 1.832472574167058887e-01
2.521587672664152846e-01, 4.333390389427996814e-01, 1.309087653109926586e-01, 1.835934284797923755e-01
2.527206896074141729e-01, 4.328543290096353302e-01, 1.304857204893146161e-01, 1.839392608936359363e-01
2.532819717773712731e-01, 4.323674852689257664e-01, 1.300657911759078023e-01, 1.842847517777951305e-01
2.538426047047928069e-01, 4.318785226849109482e-01, 1.296489743258145422e-01, 1.846298982844817860e-01
2.544025793470749974e-01, 4.313874562301983628e-01, 1.292352668241238400e-01, 1.849746975986028275e-01
2.549618866907345516e-01, 4.308943008848443723e-01, 1.288246654866213037e-01, 1.853191469377998002e-01
2.555205177516361448e-01, 4.303990716354400003e-01, 1.284171670604395410e-01, 1.856632435524844804e-01
2.560784635752157423e-01, 4.299017834742014932e-01, 1.280127682247100829e-01, 1.860069847258727094e-01
2.566357152367000904e-01, 4.294024513980695401e-01, 1.276114655912156115e-01, 1.863503677740147857e-01
2.571922638413227657e-01, 4.289010904078103259e-01, 1.272132557050433543e-01, 1.866933900458235263e-01
2.577481005245364498e-01, 4.283977155071260201e-01, 1.268181350452389777e-01, 1.870360489230986634e-01
2.583032164522208185e-01, 4.278923417017684305e-01, 1.264261000254610634e-01, 1.873783418205496876e-01
2.588576028208880997e-01, 4.273849839986609278e-01, 1.260371469946362233e-01, 1.877202661858147770e-01
2.594112508578831910e-01, 4.268756574050244779e-01, 1.256512722376143809e-01, 1.880618194994779779e-01
2.599641518215818348e-01, 4.263643769275108908e-01, 1.252684719758245246e-01, 1.884029992750826943e-01
2.605162970015836299e-01, 4.258511575713422315e-01, 1.248887423679307662e-01, 1.887438030591434279e-01
2.610676777189019360e-01, 4.253360143394557258e-01, 1.245120795104884548e-01, 1.890842284311538835e-01
2.616182853261505015e-01, 4.248189622316556613e-01, 1.241384794386003465e-01, 1.894242730035934075e-01
2.621681112077259845e-01, 4.243000162437713385e-01, 1.237679381265729683e-01, 1.897639344219297641e-01
2.627171467799865323e-01, 4.237791913668211286e-01, 1.234004514885723852e-01, 1.901032103646199400e-01
2.632653834914276403e-01, 4.232565025861836361e-01, 1.230360153792805916e-01, 1.904420985431081736e-01
2.638128128228533487e-01, 4.227319648807745800e-01, 1.226746255945508762e-01, 1.907805967018212923e-01
2.643594262875446632e-01, 4.222055932222308350e-01, 1.223162778720631727e-01, 1.911187026181614956e-01
2.649052154314237018e-01, 4.216774025741004683e-01, 1.219609678919792300e-01, 1.914564141024966137e-01
2.654501718332151761e-01, 4.211474078910401597e-01, 1.216086912775969087e-01, 1.917937289981477278e-01
2.659942871046029889e-01, 4.206156241180183386e-01, 1.212594435960039768e-01, 1.921306451813745986e-01
2.665375528903846103e-01, 4.200820661895259822e-01, 1.209132203587314491e-01, 1.924671605613579584e-01
2.670799608686209581e-01, 4.195467490287930201e-01, 1.205700170224062173e-01, 1.928032730801798322e-01
2.676215027507835020e-01, 4.190096875470128435e-01, 1.202298289894023348e-01, 1.931389807128012781e-01
2.681621702818970387e-01, 4.184708966425729204e-01, 1.198926516084924399e-01, 1.934742814670375455e-01
2.687019552406796352e-01, 4.179303912002918509e-01, 1.195584801754972365e-01, 1.938091733835311803e-01
2.692408494396791863e-01, 4.173881860906644703e-01, 1.192273099339343501e-01, 1.941436545357220211e-01
2.697788447254056421e-01, 4.168442961691125603e-01, 1.188991360756663923e-01, 1.944777230298153636e-01
2.703159329784610709e-01, 4.162987362752437193e-01, 1.185739537415474165e-01, 1.948113770047478488e-01
2.708521061136650032e-01, 4.157515212321164499e-01, 1.182517580220681930e-01, 1.951446146321504649e-01
2.713873560801774998e-01, 4.152026658455121311e-01, 1.179325439580005547e-01, 1.954774341163098006e-01
2.719216748616181678e-01, 4.146521849032154261e-01, 1.176163065410399250e-01, 1.958098336941264672e-01
2.724550544761819015e-01, 4.141000931742995772e-01, 1.173030407144466936e-01, 1.961418116350717722e-01
2.729874869767517365e-01, 4.135464054084207475e-01, 1.169927413736858018e-01, 1.964733662411416448e-01
2.735189644510077622e-01, 4.129911363351184139e-01, 1.166854033670652879e-01, 1.968044958468085637e-01
2.740494790215329823e-01, 4.124343006631230324e-01, 1.163810214963725276e-01, 1.971351988189714022e-01
2.745790228459163984e-01, 4.118759130796715850e-01, 1.160795905175091847e-01, 1.974654735569027764e-01
2.751075881168520976e-01, 4.113159882498291231e-01, 1.157811051411245101e-01, 1.977953184921943108e-01
2.756351670622351202e-01, 4.107545408158186362e-01, 1.154855600332462540e-01, 1.981247320886999064e-01
2.761617519452552183e-01, 4.101915853963575276e-01, 1.151929498159104392e-01, 1.984537128424767316e-01
2.766873350644858953e-01, 4.096271365860015279e-01, 1.149032690677884994e-01, 1.987822592817241885e-01
2.772119087539715032e-01, 4.090612089544953256e-01, 1.146165123248128470e-01, 1.991103699667204630e-01
2.777354653833103981e-01, 4.084938170461318019e-01, 1.143326740808001812e-01, 1.994380434897577437e-01
2.782579973577355981e-01, 4.079249753791169275e-01, 1.140517487880727404e-01, 1.997652784750747479e-01
2.787794971181919434e-01, 4.073546984449434305e-01, 1.137737308580773626e-01, 2.000920735787872218e-01
2.792999571414104265e-01, 4.067830007077702370e-01, 1.134986146620023395e-01, 2.004184274888169415e-01
2.798193699399791345e-01, 4.062098966038106829e-01, 1.132263945313917719e-01, 2.007443389248184107e-01
2.803377280624118062e-01, 4.056354005407271091e-01, 1.129570647587578164e-01, 2.010698066381033378e-01
2.808550240932126130e-01, 4.050595268970328955e-01, 1.126906195981906278e-01, 2.013948294115638360e-01
2.813712506529387758e-01, 4.044822900215025441e-01, 1.124270532659652627e-01, 2.017194060595934035e-01
2.818864003982594624e-01, 4.039037042325879234e-01, 1.121663599411469037e-01, 2.020435354280056550e-01
2.824004660220126306e-01, 4.033237838178428958e-01, 1.119085337661928359e-01, 2.023672163939517488e-01
2.829134402532579307e-01, 4.027425430333544387e-01, 1.116535688475519539e-01, 2.026904478658357878e-01
2.834253158573277753e-01, 4.021599961031818715e-01, 1.114014592562621586e-01, 2.030132287832281945e-01
2.839360856358751906e-01, 4.015761572188028539e-01, 1.111521990285442851e-01, 2.033355581167775872e-01
2.844457424269183909e-01, 4.009910405385670451e-01, 1.109057821663936433e-01, 2.036574348681209623e-01
2.849542791048831902e-01, 4.004046601871567579e-01, 1.106622026381687274e-01, 2.039788580697914355e-01
2.854616885806425253e-01, 3.998170302550551058e-01, 1.104214543791772751e-01, 2.042998267851251493e-01
2.859679638015532599e-01, 3.992281647980216452e-01, 1.101835312922588989e-01, 2.046203401081662099e-01
2.864730977514897137e-01, 3.986380778365755662e-01, 1.099484272483653990e-01, 2.049403971635693766e-01
2.869770834508758028e-01, 3.980467833554847124e-01, 1.097161360871377472e-01, 2.052599971065017792e-01
2.874799139567129069e-01, 3.974542953032640935e-01, 1.094866516174798771e-01, 2.055791391225430254e-01
2.879815823626066251e-01, 3.968606275916801707e-01, 1.092599676181302271e-01, 2.058978224275830327e-01
2.884820817987899244e-01, 3.962657940952621916e-01, 1.090360778382289259e-01, 2.062160462677188888e-01
2.889814054321441228e-01, 3.956698086508227963e-01, 1.088149759978830344e-01, 2.065338099191499632e-01
2.894795464662174300e-01, 3.950726850569831750e-01, 1.085966557887279166e-01, 2.068511126880714646e-01
2.899764981412406573e-01, 3.944744370737074401e-01, 1.083811108744855006e-01, 2.071679539105663603e-01
2.904722537341409283e-01, 3.938750784218435497e-01, 1.081683348915195297e-01, 2.074843329524960200e-01
2.909668065585521712e-01, 3.932746227826712793e-01, 1.079583214493872734e-01, 2.078002492093893039e-01
2.914601499648243332e-01, 3.926730837974574118e-01, 1.077510641313879636e-01, 2.081157021063302359e-01
2.919522773400289872e-01, 3.920704750670189753e-01, 1.075465564951079284e-01, 2.084306910978440397e-01
2.924431821079634952e-01, 3.914668101512920328e-01, 1.073447920729624638e-01, 2.087452156677820359e-01
2.929328577291521740e-01, 3.908621025689090756e-01, 1.071457643727338066e-01, 2.090592753292049855e-01
2.934212977008459622e-01, 3.902563657967825783e-01, 1.069494668781063307e-01, 2.093728696242652676e-01
2.939084955570185897e-01, 3.896496132696962711e-01, 1.067558930491976366e-01, 2.096859981240874193e-01
2.943944448683621373e-01, 3.890418583799034602e-01, 1.065650363230865871e-01, 2.099986604286477876e-01
2.948791392422785429e-01, 3.884331144767315114e-01, 1.063768901143374301e-01, 2.103108561666524601e-01
2.953625723228706645e-01, 3.878233948661947705e-01, 1.061914478155206870e-01, 2.106225849954138640e-01
2.958447377909297904e-01, 3.872127128106131466e-01, 1.060087027977300866e-01, 2.109338466007269208e-01
2.963256293639218719e-01, 3.866010815282388546e-01, 1.058286484110962655e-01, 2.112446406967430079e-01
2.968052407959715366e-01, 3.859885141928888763e-01, 1.056512779852964573e-01, 2.115549670258431991e-01
2.972835658778433809e-01, 3.853750239335857475e-01, 1.054765848300606712e-01, 2.118648253585102281e-01
2.977605984369222081e-01, 3.847606238342040075e-01, 1.053045622356742483e-01, 2.121742154931994806e-01
2.982363323371907127e-01, 3.841453269331244758e-01, 1.051352034734765739e-01, 2.124831372562083209e-01
2.987107614792050558e-01, 3.835291462228940795e-01, 1.049685017963559036e-01, 2.127915905015449194e-01
2.991838798000686639e-01, 3.829120946498946743e-01, 1.048044504392407900e-01, 2.130995751107958580e-01
2.996556812734044728e-01, 3.822941851140160274e-01, 1.046430426195875257e-01, 2.134070909929920157e-01
3.001261599093244525e-01, 3.816754304683377397e-01, 1.044842715378634102e-01, 2.137141380844745364e-01
3.005953097543979657e-01, 3.810558435188165505e-01, 1.043281303780271008e-01, 2.140207163487584108e-01
3.010631248916181835e-01, 3.804354370239811933e-01, 1.041746123080041220e-01, 2.143268257763965290e-01
3.015295994403665025e-01, 3.798142236946330241e-01, 1.040237104801589735e-01, 2.146324663848415137e-01
3.019947275563749089e-01, 3.791922161935544211e-01, 1.038754180317636305e-01, 2.149376382183070811e-01
3.024585034316875642e-01, 3.785694271352222362e-01, 1.037297280854615478e-01, 2.152423413476286240e-01
3.029209212946195606e-01, 3.779458690855299063e-01, 1.035866337497280409e-01, 2.155465758701224921e-01
3.033819754097147325e-01, 3.773215545615136168e-01, 1.034461281193270188e-01, 2.158503419094446596e-01
3.038416600777013032e-01, 3.766964960310871802e-01, 1.033082042757630797e-01, 2.161536396154484230e-01
3.042999696354465877e-01, 3.760707059127818552e-01, 1.031728552877304445e-01, 2.164564691640410155e-01
3.047568984559093641e-01, 3.754441965754937161e-01, 1.030400742115573781e-01, 2.167588307570396666e-01
3.052124409480906908e-01, 3.748169803382359055e-01, 1.029098540916466437e-01, 2.170607246220268016e-01
3.056665915569841685e-01, 3.741890694698993269e-01, 1.027821879609123468e-01, 2.173621510122042688e-01
3.061193447635233156e-01, 3.735604761890173320e-01, 1.026570688412124926e-01, 2.176631102062468737e-01
3.065706950845283885e-01, 3.729312126635387914e-01, 1.025344897437774905e-01, 2.179636025081553297e-01
3.070206370726516476e-01, 3.723012910106057172e-01, 1.024144436696347860e-01, 2.182636282471078770e-01
3.074691653163206806e-01, 3.716707232963380458e-01, 1.022969236100293999e-01, 2.185631877773119847e-01
3.079162744396806151e-01, 3.710395215356243614e-01, 1.021819225468403591e-01, 2.188622814778545256e-01
3.083619591025356099e-01, 3.704076976919186137e-01, 1.020694334529933661e-01, 2.191609097525524519e-01
3.088062140002876821e-01, 3.697752636770427204e-01, 1.019594492928689450e-01, 2.194590730298007775e-01
3.092490338638750891e-01, 3.691422313509957753e-01, 1.018519630227069372e-01, 2.197567717624222539e-01
3.096904134597097125e-01, 3.685086125217686970e-01, 1.017469675910068067e-01, 2.200540064275147423e-01
3.101303475896122763e-01, 3.678744189451652047e-01, 1.016444559389238361e-01, 2.203507775262986967e-01
3.105688310907467886e-01, 3.672396623246280689e-01, 1.015444210006612724e-01, 2.206470855839638145e-01
3.110058588355539833e-01, 3.666043543110723002e-01, 1.014468557038583629e-01, 2.209429311495153814e-01
3.114414257316833745e-01, 3.659685065027227791e-01, 1.013517529699745345e-01, 2.212383147956194229e-01
3.118755267219237570e-01, 3.653321304449591578e-01, 1.012591057146690343e-01, 2.215332371184481342e-01
3.123081567841335948e-01, 3.646952376301649812e-01, 1.011689068481771148e-01, 2.218276987375243370e-01
3.127393109311693009e-01, 3.640578394975838572e-01, 1.010811492756815699e-01, 2.221217002955651609e-01
3.131689842108129618e-01, 3.634199474331803459e-01, 1.009958258976805107e-01, 2.224152424583261123e-01
3.135971717056987851e-01, 3.627815727695067327e-01, 1.009129296103509071e-01, 2.227083259144435889e-01
3.140238685332387703e-01, 3.621427267855752974e-01, 1.008324533059083150e-01, 2.230009513752776729e-01
3.144490698455472688e-01, 3.615034207067363559e-01, 1.007543898729620080e-01, 2.232931195747543396e-01
3.148727708293645455e-01, 3.608636657045616869e-01, 1.006787321968668353e-01, 2.235848312692070572e-01
3.152949667059794514e-01, 3.602234728967325661e-01, 1.006054731600698887e-01, 2.238760872372181909e-01
3.157156527311509864e-01, 3.595828533469347943e-01, 1.005346056424543527e-01, 2.241668882794597972e-01
3.161348241950298066e-01, 3.589418180647574452e-01, 1.004661225216784692e-01, 2.244572352185344732e-01
3.165524764220770670e-01, 3.583003780055974974e-01, 1.004000166735103949e-01, 2.247471288988149851e-01
3.169686047709848742e-01, 3.576585440705706276e-01, 1.003362809721597138e-01, 2.250365701862848955e-01
3.173832046345936297e-01, 3.570163271064250021e-01, 1.002749082906041478e-01, 2.253255599683773314e-01
3.177962714398100963e-01, 3.563737379054626175e-01, 1.002158915009124657e-01, 2.256140991538146678e-01
3.182078006475243526e-01, 3.557307872054643605e-01, 1.001592234745637827e-01, 2.259021886724473793e-01
3.186177877525254165e-01, 3.550874856896199527e-01, 1.001048970827621426e-01, 2.261898294750925575e-01
3.190262282834167573e-01, 3.544438439864636692e-01, 1.000529051967473382e-01, 2.264770225333722908e-01
3.194331178025310303e-01, 3.537998726698147745e-01, 1.000032406881020408e-01, 2.267637688395520157e-01
3.198384519058445896e-01, 3.531555822587226778e-01, 9.995589642905451655e-02, 2.270500694063781466e-01
3.202422262228898364e-01, 3.525109832174168067e-01, 9.991086529277741490e-02, 2.273359252669159281e-01
3.206444364166688987e-01, 3.518660859552617537e-01, 9.986814015368267183e-02, 2.276213374743867590e-01
3.210450781835650358e-01, 3.512209008267168087e-01, 9.982771388771251309e-02, 2.279063071020056008e-01
3.214441472532553745e-01, 3.505754381313003210e-01, 9.978957937262608602e-02, 2.281908352428181075e-01
3.218416393886207039e-01, 3.499297081135589460e-01, 9.975372948828278852e-02, 2.284749230095373951e-01
3.222375503856568790e-01, 3.492837209630411111e-01, 9.972015711692097661e-02, 2.287585715343810056e-01
3.226318760733845603e-01, 3.486374868142749772e-01, 9.968885514343302223e-02, 2.290417819689073708e-01
3.230246123137589520e-01, 3.479910157467517307e-01, 9.965981645563667946e-02, 2.293245554838527211e-01
3.234157550015785421e-01, 3.473443177849123709e-01, 9.963303394454213480e-02, 2.296068932689668829e-01
3.238053000643945634e-01, 3.466974028981396616e-01, 9.960850050461540761e-02, 2.298887965328504090e-01
3.241932434624183457e-01, 3.460502810007539121e-01, 9.958620903403771207e-02, 2.301702665027900441e-01
3.245795811884300552e-01, 3.454029619520133654e-01, 9.956615243496112766e-02, 2.304513044245954656e-01
3.249643092676858247e-01, 3.447554555561188061e-01, 9.954832361376017569e-02, 2.307319115624352213e-01
3.253474237578248829e-01, 3.441077715622226640e-01, 9.953271548127984314e-02, 2.310120891986726377e-01
3.257289207487767402e-01, 3.434599196644417263e-01, 9.951932095307938764e-02, 2.312918386337021459e-01
3.261087963626675412e-01, 3.428119095018746232e-01, 9.950813294967274236e-02, 2.315711611857852181e-01
3.264870467537264731e-01, 3.421637506586225896e-01, 9.949914439676484090e-02, 2.318500581908861380e-01
3.268636681081918960e-01, 3.415154526638156107e-01, 9.949234822548418122e-02, 2.321285310025084370e-01
3.272386566442168077e-01, 3.408670249916407324e-01, 9.948773737261179528e-02, 2.324065809915306924e-01
3.276120086117748631e-01, 3.402184770613764231e-01, 9.948530478080623574e-02, 2.326842095460425752e-01
3.279837202925655060e-01, 3.395698182374284890e-01, 9.948504339882496827e-02, 2.329614180711809535e-01
3.283537879999194886e-01, 3.389210578293722076e-01, 9.948694618174204474e-02, 2.332382079889663284e-01
3.287222080787033374e-01, 3.382722050919962919e-01, 9.949100609116193206e-02, 2.335145807381385219e-01
3.290889769052248170e-01, 3.376232692253519074e-01, 9.949721609542987177e-02, 2.337905377739932788e-01
3.294540908871377849e-01, 3.369742593748049631e-01, 9.950556916983836764e-02, 2.340660805682190371e-01
3.298175464633462117e-01, 3.363251846310914561e-01, 9.951605829683014826e-02, 2.343412106087322533e-01
3.301793401039095910e-01, 3.356760540303777018e-01, 9.952867646619739661e-02, 2.346159293995152273e-01
3.305394683099472375e-01, 3.350268765543231164e-01, 9.954341667527753790e-02, 2.348902384604520388e-01
3.308979276135424197e-01, 3.343776611301469970e-01, 9.956027192914525259e-02, 2.351641393271654834e-01
3.312547145776469915e-01, 3.337284166306981326e-01, 9.957923524080089517e-02, 2.354376335508539808e-01
3.316098257959866902e-01, 3.330791518745289115e-01, 9.960029963135555442e-02, 2.357107226981288717e-01
3.319632578929642697e-01, 3.324298756259718157e-01, 9.962345813021250551e-02, 2.359834083508513258e-01
3.323150075235649648e-01, 3.317805965952199676e-01, 9.964870377524495670e-02, 2.362556921059701387e-01
3.326650713732606790e-01, 3.311313234384101745e-01, 9.967602961297046538e-02, 2.365275755753586673e-01
3.330134461579146166e-01, 3.304820647577103587e-01, 9.970542869872196790e-02, 2.367990603856532650e-01
3.333601286236858585e-01, 3.298328291014084312e-01, 9.973689409681504858e-02, 2.370701481780906339e-01
3.337051155469345498e-01, 3.291836249640067158e-01, 9.977041888071222497e-02, 2.373408406083464539e-01
3.340484037341263646e-01, 3.285344607863170951e-01, 9.980599613318331953e-02, 2.376111393463734012e-01
3.343899900217372489e-01, 3.278853449555603206e-01, 9.984361894646266722e-02, 2.378810460762395829e-01
3.347298712761597184e-01, 3.272362858054692070e-01, 9.988328042240324223e-02, 2.381505624959677769e-01
3.350680443936067676e-01, 3.265872916163926609e-01, 9.992497367262671848e-02, 2.384196903173740056e-01
3.354045063000180571e-01, 3.259383706154042049e-01, 9.996869181867096277e-02, 2.386884312659068030e-01
3.357392539509655438e-01, 3.252895309764136100e-01, 1.000144279921337809e-01, 2.389567870804870930e-01
3.360722843315592789e-01, 3.246407808202797507e-01, 1.000621753348133885e-01, 2.392247595133475957e-01
3.364035944563533165e-01, 3.239921282149279547e-01, 1.001119269988458294e-01, 2.394923503298729550e-01
3.367331813692521769e-01, 3.233435811754689637e-01, 1.001636761468389925e-01, 2.397595613084398114e-01
3.370610421434174220e-01, 3.226951476643212247e-01, 1.002174159520034524e-01, 2.400263942402578177e-01
3.373871738811742849e-01, 3.220468355913355119e-01, 1.002731395982801033e-01, 2.402928509292101833e-01
3.377115737139189111e-01, 3.213986528139218812e-01, 1.003308402804646421e-01, 2.405589331916946905e-01
3.380342388020252664e-01, 3.207506071371803991e-01, 1.003905112043288750e-01, 2.408246428564654318e-01
3.383551663347539318e-01, 3.201027063140328699e-01, 1.004521455867388585e-01, 2.410899817644743814e-01
3.386743535301582897e-01, 3.194549580453578952e-01, 1.005157366557701965e-01, 2.413549517687136048e-01
3.389917976349944850e-01, 3.188073699801282079e-01, 1.005812776508197559e-01, 2.416195547340575234e-01
3.393074959246291655e-01, 3.181599497155505052e-01, 1.006487618227147884e-01, 2.418837925371054021e-01
3.396214457029486100e-01, 3.175127047972073902e-01, 1.007181824338189424e-01, 2.421476670660250297e-01
3.399336443022678567e-01, 3.168656427192017566e-01, 1.007895327581349032e-01, 2.424111802203954280e-01
3.402440890832410525e-01, 3.162187709243035605e-01, 1.008628060814045352e-01, 2.426743339110509212e-01
3.405527774347708037e-01, 3.155720968040983121e-01, 1.009379957012057905e-01, 2.429371300599251493e-01
3.408597067739188580e-01, 3.149256276991388992e-01, 1.010150949270466891e-01, 2.431995705998953872e-01
3.411648745458175092e-01, 3.142793708990981871e-01, 1.010940970804565103e-01, 2.434616574746276685e-01
3.414682782235801128e-01, 3.136333336429243390e-01, 1.011749954950739439e-01, 2.437233926384216320e-01
3.417699153082131569e-01, 3.129875231189984119e-01, 1.012577835167324108e-01, 2.439847780560559232e-01
3.420697833285288314e-01, 3.123419464652936739e-01, 1.013424545035428170e-01, 2.442458157026347332e-01
3.423678798410566548e-01, 3.116966107695370858e-01, 1.014290018259728227e-01, 2.445065075634333951e-01
3.426642024299578204e-01, 3.110515230693725042e-01, 1.015174188669242528e-01, 2.447668556337455337e-01
3.429587487069376550e-01, 3.104066903525258270e-01, 1.016076990218068715e-01, 2.450268619187297159e-01
3.432515163111601320e-01, 3.097621195569724151e-01, 1.016998356986099500e-01, 2.452865284332575724e-01
3.435425029091624394e-01, 3.091178175711055687e-01, 1.017938223179708640e-01, 2.455458572017611141e-01
3.438317061947699371e-01, 3.084737912339076127e-01, 1.018896523132411941e-01, 2.458048502580812145e-01
3.441191238890113357e-01, 3.078300473351223143e-01, 1.019873191305499249e-01, 2.460635096453163140e-01
3.444047537400353742e-01, 3.071865926154286885e-01, 1.020868162288642578e-01, 2.463218374156716517e-01
3.446885935230267206e-01, 3.065434337666173015e-01, 1.021881370800476196e-01, 2.465798356303084971e-01
3.449706410401234824e-01, 3.059005774317674065e-01, 1.022912751689149524e-01, 2.468375063591942697e-01
3.452508941203346060e-01, 3.052580302054260786e-01, 1.023962239932859064e-01, 2.470948516809533257e-01
3.455293506194584974e-01, 3.046157986337891810e-01, 1.025029770640351334e-01, 2.473518736827171605e-01
3.458060084200010320e-01, 3.039738892148831084e-01, 1.026115279051399293e-01, 2.476085744599759719e-01
3.460808654310954524e-01, 3.033323083987485291e-01, 1.027218700537258361e-01, 2.478649561164302517e-01
3.463539195884219879e-01, 3.026910625876255145e-01, 1.028339970601092751e-01, 2.481210207638431253e-01
3.466251688541285292e-01, 3.020501581361403343e-01, 1.029479024878382776e-01, 2.483767705218928867e-01
3.468946112167511919e-01, 3.014096013514927508e-01, 1.030635799137302050e-01, 2.486322075180259494e-01
3.471622446911365456e-01, 3.007693984936457010e-01, 1.031810229279075536e-01, 2.488873338873103247e-01
3.474280673183632873e-01, 3.001295557755158105e-01, 1.033002251338312055e-01, 2.491421517722895995e-01
3.476920771656656362e-01, 2.994900793631652403e-01, 1.034211801483312931e-01, 2.493966633228378582e-01
3.479542723263562842e-01, 2.988509753759944765e-01, 1.035438816016358565e-01, 2.496508706960133550e-01
3.482146509197507345e-01, 2.982122498869368976e-01, 1.036683231373971004e-01, 2.499047760559153508e-01
3.484732110910919167e-01, 2.975739089226539513e-01, 1.037944984127153608e-01, 2.501583815735387573e-01
3.487299510114755807e-01, 2.969359584637320526e-01, 1.039224010981611851e-01, 2.504116894266311122e-01
3.489848688777760222e-01, 2.962984044448803700e-01, 1.040520248777946216e-01, 2.506647017995490834e-01
3.492379629125730300e-01, 2.956612527551287783e-01, 1.041833634491827476e-01, 2.509174208831154718e-01
3.494892313640787784e-01, 2.950245092380286982e-01, 1.043164105234147959e-01, 2.511698488744776858e-01
3.497386725060659951e-01, 2.943881796918533800e-01, 1.044511598251154638e-01, 2.514219879769651889e-01
3.499862846377962966e-01, 2.937522698697996315e-01, 1.045876050924556128e-01, 2.516738403999485008e-01
3.502320660839493560e-01, 2.931167854801908224e-01, 1.047257400771612473e-01, 2.519254083586983661e-01
3.504760151945533475e-01, 2.924817321866806652e-01, 1.048655585445204680e-01, 2.521766940742456442e-01
3.507181303449142806e-01, 2.918471156084568863e-01, 1.050070542733879814e-01, 2.524276997732407546e-01
3.509584099355485542e-01, 2.912129413204480599e-01, 1.051502210561880840e-01, 2.526784276878153435e-01
3.511968523921140117e-01, 2.905792148535283337e-01, 1.052950526989151619e-01, 2.529288800554425620e-01
3.514334561653424949e-01, 2.899459416947254287e-01, 1.054415430211327886e-01, 2.531790591187991213e-01
3.516682197309737301e-01, 2.893131272874282511e-01, 1.055896858559703805e-01, 2.534289671256275689e-01
3.519011415896884931e-01, 2.886807770315948929e-01, 1.057394750501181452e-01, 2.536786063285985104e-01
3.521322202670433832e-01, 2.880488962839623523e-01, 1.058909044638201569e-01, 2.539279789851740521e-01
3.523614543134066523e-01, 2.874174903582563667e-01, 1.060439679708654881e-01, 2.541770873574714096e-01
3.525888423038937014e-01, 2.867865645254016882e-01, 1.061986594585775656e-01, 2.544259337121271836e-01
3.528143828383037417e-01, 2.861561240137331374e-01, 1.063549728278016665e-01, 2.546745203201615237e-01
3.530380745410574006e-01, 2.855261740092079337e-01, 1.065129019928906240e-01, 2.549228494568439585e-01
3.532599160611349931e-01, 2.848967196556174142e-01, 1.066724408816887570e-01, 2.551709234015587247e-01
3.534799060720147379e-01, 2.842677660548001417e-01, 1.068335834355141345e-01, 2.554187444376710414e-01
3.536980432716125833e-01, 2.836393182668549562e-01, 1.069963236091388548e-01, 2.556663148523935503e-01
3.539143263822227548e-01, 2.830113813103551368e-01, 1.071606553707680209e-01, 2.559136369366540875e-01
3.541287541504579695e-01, 2.823839601625625639e-01, 1.073265727020167593e-01, 2.561607129849627906e-01
3.543413253471914270e-01, 2.817570597596421589e-01, 1.074940695978856137e-01, 2.564075452952808698e-01
3.545520387674994112e-01, 2.811306849968772670e-01, 1.076631400667343863e-01, 2.566541361688888800e-01
3.547608932306037244e-01, 2.805048407288852630e-01, 1.078337781302545345e-01, 2.569004879102566030e-01
3.549678875798156219e-01, 2.798795317698328788e-01, 1.080059778234394030e-01, 2.571466028269120963e-01
3.551730206824809111e-01, 2.792547628936526416e-01, 1.081797331945537483e-01, 2.573924832293126852e-01
3.553762914299241071e-01, 2.786305388342595335e-01, 1.083550383051010008e-01, 2.576381314307152892e-01
3.555776987373951981e-01, 2.780068642857672634e-01, 1.085318872297893616e-01, 2.578835497470481353e-01
3.557772415440154101e-01, 2.773837439027056484e-01, 1.087102740564965253e-01, 2.581287404967824162e-01
3.559749188127254715e-01, 2.767611823002374405e-01, 1.088901928862324869e-01, 2.583737060008046149e-01
3.561707295302328213e-01, 2.761391840543760967e-01, 1.090716378331014064e-01, 2.586184485822897172e-01
3.563646727069607056e-01, 2.755177537022032164e-01, 1.092546030242618482e-01, 2.588629705665742020e-01
3.565567473769977735e-01, 2.748968957420861448e-01, 1.094390825998855371e-01, 2.591072742810305862e-01
3.567469525980478395e-01, 2.742766146338961875e-01, 1.096250707131147667e-01, 2.593513620549411369e-01
3.569352874513813112e-01, 2.736569147992261586e-01, 1.098125615300188929e-01, 2.595952362193736374e-01
3.571217510417860619e-01, 2.730378006216089837e-01, 1.100015492295486896e-01, 2.598388991070562093e-01
3.573063424975204683e-01, 2.724192764467354144e-01, 1.101920280034901639e-01, 2.600823530522540228e-01
3.574890609702656707e-01, 2.718013465826725206e-01, 1.103839920564166494e-01, 2.603256003906452287e-01
3.576699056350801098e-01, 2.711840153000816822e-01, 1.105774356056398455e-01, 2.605686434591983902e-01
3.578488756903533408e-01, 2.705672868324369151e-01, 1.107723528811594971e-01, 2.608114845960500805e-01
3.580259703577612918e-01, 2.699511653762435293e-01, 1.109687381256121569e-01, 2.610541261403830915e-01
3.582011888822221324e-01, 2.693356550912552883e-01, 1.111665855942180342e-01, 2.612965704323046978e-01
3.583745305318526420e-01, 2.687207601006934565e-01, 1.113658895547276484e-01, 2.615388198127261421e-01
3.585459945979261875e-01, 2.681064844914647916e-01, 1.115666442873668590e-01, 2.617808766232423423e-01
3.587155803948291477e-01, 2.674928323143786479e-01, 1.117688440847801890e-01, 2.620227432060119876e-01
3.588832872600213331e-01, 2.668798075843658579e-01, 1.119724832519744945e-01, 2.622644219036384117e-01
3.590491145539936868e-01, 2.662674142806958355e-01, 1.121775561062599985e-01, 2.625059150590504653e-01
3.592130616602293713e-01, 2.656556563471942911e-01, 1.123840569771912129e-01, 2.627472250153851108e-01
3.593751279851639113e-01, 2.650445376924604468e-01, 1.125919802065067643e-01, 2.629883541158687943e-01
3.595353129581468909e-01, 2.644340621900845845e-01, 1.128013201480675964e-01, 2.632293047037008726e-01
3.596936160314035957e-01, 2.638242336788646503e-01, 1.130120711677948947e-01, 2.634700791219367622e-01
3.598500366799983197e-01, 2.632150559630231923e-01, 1.132242276436067896e-01, 2.637106797133718095e-01
3.600045744017970062e-01, 2.626065328124235765e-01, 1.134377839653537418e-01, 2.639511088204255507e-01
3.601572287174322207e-01, 2.619986679627869797e-01, 1.136527345347536494e-01, 2.641913687850270809e-01
3.603079991702671236e-01, 2.613914651159073843e-01, 1.138690737653254847e-01, 2.644314619484999240e-01
3.604568853263612760e-01, 2.607849279398680165e-01, 1.140867960823223060e-01, 2.646713906514482906e-01
3.606038867744369436e-01, 2.601790600692561739e-01, 1.143058959226634780e-01, 2.649111572336434461e-01
3.607490031258449581e-01, 2.595738651053786095e-01, 1.145263677348657139e-01, 2.651507640339105243e-01
3.608922340145333529e-01, 2.589693466164761926e-01, 1.147482059789737829e-01, 2.653902133900166715e-01
3.610335790970142789e-01, 2.583655081379379603e-01, 1.149714051264897202e-01, 2.656295076385580822e-01
3.611730380523333062e-01, 2.577623531725154460e-01, 1.151959596603021052e-01, 2.658686491148491982e-01
3.613106105820385605e-01, 2.571598851905358418e-01, 1.154218640746137448e-01, 2.661076401528117974e-01
3.614462964101510245e-01, 2.565581076301156060e-01, 1.156491128748691616e-01, 2.663464830848640830e-01
3.615800952831346726e-01, 2.559570238973729039e-01, 1.158777005776812918e-01, 2.665851802418111594e-01
3.617120069698677720e-01, 2.553566373666399381e-01, 1.161076217107569336e-01, 2.668237339527353424e-01
3.618420312616151824e-01, 2.547569513806748898e-01, 1.163388708128224036e-01, 2.670621465448876353e-01
3.619701679720003229e-01, 2.541579692508733057e-01, 1.165714424335476812e-01, 2.673004203435787041e-01
3.620964169369788044e-01, 2.535596942574788737e-01, 1.168053311334705385e-01, 2.675385576720718528e-01
3.622207780148115064e-01, 2.529621296497942540e-01, 1.170405314839196020e-01, 2.677765608514747764e-01
3.623432510860394307e-01, 2.523652786463903563e-01, 1.172770380669369561e-01, 2.680144322006332014e-01
3.624638360534584436e-01, 2.517691444353165053e-01, 1.175148454752002053e-01, 2.682521740360248041e-01
3.625825328420949067e-01, 2.511737301743086626e-01, 1.177539483119439540e-01, 2.684897886716524629e-01
3.626993413991813631e-01, 2.505790389909982041e-01, 1.179943411908805223e-01, 2.687272784189399522e-01
3.628142616941338883e-01, 2.499850739831194490e-01, 1.182360187361205378e-01, 2.689646455866261943e-01
3.629272937185288872e-01, 2.493918382187170213e-01, 1.184789755820924995e-01, 2.692018924806617863e-01
3.630384374860810559e-01, 2.487993347363524899e-01, 1.187232063734621618e-01, 2.694390214041044174e-01
3.631476930326220653e-01, 2.482075665453103153e-01, 1.189687057650515301e-01, 2.696760346570161171e-01
3.632550604160792451e-01, 2.476165366258036016e-01, 1.192154684217570787e-01, 2.699129345363601717e-01
3.633605397164553219e-01, 2.470262479291783497e-01, 1.194634890184674281e-01, 2.701497233358989836e-01
3.634641310358083244e-01, 2.464367033781183214e-01, 1.197127622399814378e-01, 2.703864033460919303e-01
3.635658344982326540e-01, 2.458479058668482931e-01, 1.199632827809247460e-01, 2.706229768539944458e-01
3.636656502498396559e-01, 2.452598582613369771e-01, 1.202150453456664880e-01, 2.708594461431569900e-01
3.637635784587400778e-01, 2.446725633994993598e-01, 1.204680446482358086e-01, 2.710958134935247954e-01
3.638596193150256397e-01, 2.440860240913984014e-01, 1.207222754122377895e-01, 2.713320811813381694e-01
3.639537730307524921e-01, 2.435002431194459860e-01, 1.209777323707686425e-01, 2.715682514790329627e-01
3.640460398399238406e-01, 2.429152232386029286e-01, 1.212344102663315132e-01, 2.718043266551418147e-01
3.641364199984743477e-01, 2.423309671765787876e-01, 1.214923038507509101e-01, 2.720403089741959546e-01
3.642249137842542561e-01, 2.417474776340306497e-01, 1.217514078850877868e-01, 2.722762006966272796e-01
3.643115214970139570e-01, 2.411647572847613608e-01, 1.220117171395535549e-01, 2.725120040786712661e-01
3.643962434583896681e-01, 2.405828087759167289e-01, 1.222732263934243474e-01, 2.727477213722692140e-01
3.644790800118891116e-01, 2.400016347281825058e-01, 1.225359304349549205e-01, 2.729833548249734898e-01
3.645600315228776367e-01, 2.394212377359801469e-01, 1.227998240612921815e-01, 2.732189066798499377e-01
3.646390983785653961e-01, 2.388416203676619332e-01, 1.230649020783886743e-01, 2.734543791753839548e-01
3.647162809879939127e-01, 2.382627851657058426e-01, 1.233311593009157048e-01, 2.736897745453845121e-01
3.647915797820243666e-01, 2.376847346469086464e-01, 1.235985905521764239e-01, 2.739250950188904521e-01
3.648649952133254937e-01, 2.371074713025793368e-01, 1.238671906640187309e-01, 2.741603428200763970e-01
3.649365277563620391e-01, 2.365309975987310021e-01, 1.241369544767478711e-01, 2.743955201681591571e-01
3.650061779073837664e-01, 2.359553159762722008e-01, 1.244078768390391304e-01, 2.746306292773048607e-01
3.650739461844154654e-01, 2.353804288511976428e-01, 1.246799526078502113e-01, 2.748656723565368609e-01
3.651398331272456832e-01, 2.348063386147777043e-01, 1.249531766483334971e-01, 2.751006516096430876e-01
3.652038392974184533e-01, 2.342330476337476930e-01, 1.252275438337486502e-01, 2.753355692350852868e-01
3.652659652782226374e-01, 2.336605582504956979e-01, 1.255030490453742931e-01, 2.755704274259074271e-01
3.653262116746839316e-01, 2.330888727832500784e-01, 1.257796871724205234e-01, 2.758052283696454388e-01
3.653845791135560406e-01, 2.325179935262658981e-01, 1.260574531119407482e-01, 2.760399742482373409e-01
3.654410682433123503e-01, 2.319479227500105822e-01, 1.263363417687438373e-01, 2.762746672379333135e-01
3.654956797341386010e-01, 2.313786627013485475e-01, 1.266163480553060272e-01, 2.765093095092067133e-01
3.655484142779253931e-01, 2.308102156037256936e-01, 1.268974668916831583e-01, 2.767439032266657550e-01
3.655992725882608041e-01, 2.302425836573518680e-01, 1.271796932054224116e-01, 2.769784505489649162e-01
3.656482554004244490e-01, 2.296757690393834983e-01, 1.274630219314744350e-01, 2.772129536287176732e-01
3.656953634713804302e-01, 2.291097739041050019e-01, 1.277474480121056633e-01, 2.774474146124089602e-01
3.657405975797720643e-01, 2.285446003831091977e-01, 1.280329663968099441e-01, 2.776818356403087384e-01
3.657839585259158866e-01, 2.279802505854770234e-01, 1.283195720422212749e-01, 2.779162188463858429e-01
3.658254471317963774e-01, 2.274167265979561980e-01, 1.286072599120257343e-01, 2.781505663582217180e-01
3.658650642410610776e-01, 2.268540304851394407e-01, 1.288960249768738575e-01, 2.783848802969255964e-01
3.659028107190160362e-01, 2.262921642896411345e-01, 1.291858622142933177e-01, 2.786191627770494561e-01
3.659386874526211475e-01, 2.257311300322737413e-01, 1.294767666086012736e-01, 2.788534159065038653e-01
3.659726953504866542e-01, 2.251709297122227171e-01, 1.297687331508171060e-01, 2.790876417864736059e-01
3.660048353428685397e-01, 2.246115653072212615e-01, 1.300617568385754041e-01, 2.793218425113349057e-01
3.660351083816659745e-01, 2.240530387737232065e-01, 1.303558326760388408e-01, 2.795560201685719504e-01
3.660635154404174862e-01, 2.234953520470762955e-01, 1.306509556738114919e-01, 2.797901768386947818e-01
3.660900575142982394e-01, 2.229385070416930181e-01, 1.309471208488518501e-01, 2.800243145951569201e-01
3.661147356201172598e-01, 2.223825056512217790e-01, 1.312443232243868663e-01, 2.802584355042740949e-01
3.661375507963150477e-01, 2.218273497487166790e-01, 1.315425578298252685e-01, 2.804925416251429771e-01
3.661585041029614684e-01, 2.212730411868062963e-01, 1.318418197006716308e-01, 2.807266350095605767e-01
3.661775966217536427e-01, 2.207195817978614416e-01, 1.321421038784407753e-01, 2.809607177019441959e-01
3.661948294560141703e-01, 2.201669733941624962e-01, 1.324434054105718406e-01, 2.811947917392514373e-01
3.662102037306899094e-01, 2.196152177680655015e-01, 1.327457193503433219e-01, 2.814288591509013226e-01
3.662237205923500882e-01, 2.190643166921670271e-01, 1.330490407567876954e-01, 2.816629219586950228e-01
3.662353812091861949e-01, 2.185142719194686778e-01, 1.333533646946069018e-01, 2.818969821767383643e-01
3.662451867710095899e-01, 2.179650851835403247e-01, 1.336586862340874704e-01, 2.821310418113625595e-01
3.662531384892521169e-01, 2.174167581986824749e-01, 1.339650004510168080e-01, 2.823651028610484337e-01
3.662592375969651037e-01, 2.168692926600876425e-01, 1.342723024265989329e-01, 2.825991673163483764e-01
3.662634853488184739e-01, 2.163226902440007759e-01, 1.345805872473708753e-01, 2.828332371598097916e-01
3.662658830211011352e-01, 2.157769526078790467e-01, 1.348898500051196880e-01, 2.830673143659000468e-01
3.662664319117208134e-01, 2.152320813905501673e-01, 1.352000857967993186e-01, 2.833014009009297007e-01
3.662651333402037190e-01, 2.146880782123702369e-01, 1.355112897244479808e-01, 2.835354987229781742e-01
3.662619886476950470e-01, 2.141449446753802832e-01, 1.358234568951063037e-01, 2.837696097818184215e-01
3.662569991969594208e-01, 2.136026823634619987e-01, 1.361365824207349529e-01, 2.840037360188435445e-01
3.662501663723810585e-01, 2.130612928424929775e-01, 1.364506614181336397e-01, 2.842378793669924075e-01
3.662414915799643289e-01, 2.125207776604999543e-01, 1.367656890088597699e-01, 2.844720417506760857e-01
3.662309762473345831e-01, 2.119811383478118483e-01, 1.370816603191478411e-01, 2.847062250857056442e-01
3.662186218237389324e-01, 2.114423764172121967e-01, 1.373985704798292851e-01, 2.849404312792195304e-01
3.662044297800468584e-01, 2.109044933640895347e-01, 1.377164146262523925e-01, 2.851746622296111866e-01
3.661884016087509908e-01, 2.103674906665877753e-01, 1.380351878982031544e-01, 2.854089198264580518e-01
3.661705388239688275e-01, 2.098313697857551452e-01, 1.383548854398260475e-01, 2.856432059504501186e-01
3.661508429614425131e-01, 2.092961321656924278e-01, 1.386755023995456526e-01, 2.858775224733193787e-01
3.661293155785413922e-01, 2.087617792337000400e-01, 1.389970339299884949e-01, 2.861118712577699896e-01
3.661059582542621760e-01, 2.082283124004243868e-01, 1.393194751879054671e-01, 2.863462541574081088e-01
3.660807725892300524e-01, 2.076957330600028018e-01, 1.396428213340945579e-01, 2.865806730166726712e-01
3.660537602057004070e-01, 2.071640425902083193e-01, 1.399670675333245240e-01, 2.868151296707667774e-01
3.660249227475599332e-01, 2.066332423525926720e-01, 1.402922089542583128e-01, 2.870496259455891375e-01
3.659942618803272985e-01, 2.061033336926288428e-01, 1.406182407693775949e-01, 2.872841636576663471e-01
3.659617792911552536e-01, 2.055743179398524523e-01, 1.409451581549076571e-01, 2.875187446140847203e-01
3.659274766888309660e-01, 2.050461964080022292e-01, 1.412729562907425185e-01, 2.877533706124243418e-01
3.658913558037778513e-01, 2.045189703951595661e-01, 1.416016303603711834e-01, 2.879880434406913436e-01
3.658534183880566282e-01, 2.039926411838873244e-01, 1.419311755508036177e-01, 2.882227648772524020e-01
3.658136662153660956e-01, 2.034672100413669193e-01, 1.422615870524980008e-01, 2.884575366907689564e-01
3.657721010810447426e-01, 2.029426782195355161e-01, 1.425928600592881179e-01, 2.886923606401317066e-01
3.657287248020714698e-01, 2.024190469552215876e-01, 1.429249897683112502e-01, 2.889272384743956645e-01
3.656835392170668664e-01, 2.018963174702796959e-01, 1.432579713799372045e-01, 2.891621719327164275e-01
3.656365461862935429e-01, 2.013744909717241349e-01, 1.435918000976970088e-01, 2.893971627442853412e-01
3.655877475916581298e-01, 2.008535686518621577e-01, 1.439264711282130793e-01, 2.896322126282666609e-01
3.655371453367109447e-01, 2.003335516884256484e-01, 1.442619796811291932e-01, 2.898673232937341582e-01
3.654847413466473238e-01, 1.998144412447023233e-01, 1.445983209690417659e-01, 2.901024964396086148e-01
3.654305375683079560e-01, 1.992962384696655431e-01, 1.449354902074311557e-01, 2.903377337545954284e-01
3.653745359701794371e-01, 1.987789444981035436e-01, 1.452734826145938019e-01, 2.905730369171231620e-01
3.653167385423949365e-01, 1.982625604507476380e-01, 1.456122934115752221e-01, 2.908084075952821479e-01
3.652571472967340305e-01, 1.977470874343994212e-01, 1.459519178221031499e-01, 2.910438474467633707e-01
3.651957642666229797e-01, 1.972325265420571960e-01, 1.462923510725215037e-01, 2.912793581187983483e-01
3.651325915071349515e-01, 1.967188788530409016e-01, 1.466335883917251615e-01, 2.915149412480989577e-01
3.650676310949896863e-01, 1.962061454331171240e-01, 1.469756250110952622e-01, 2.917505984607979275e-01
3.650008851285532763e-01, 1.956943273346221090e-01, 1.473184561644347856e-01, 2.919863313723898846e-01
3.649323557278374985e-01, 1.951834255965847198e-01, 1.476620770879055744e-01, 2.922221415876722905e-01
3.648620450344995936e-01, 1.946734412448476170e-01, 1.480064830199652737e-01, 2.924580307006875435e-01
3.647899552118409883e-01, 1.941643752921886623e-01, 1.483516692013051863e-01, 2.926940002946651354e-01
3.647160884448068519e-01, 1.936562287384400172e-01, 1.486976308747889330e-01, 2.929300519419641979e-01
3.646404469399844306e-01, 1.931490025706074087e-01, 1.490443632853916678e-01, 2.931661872040165484e-01
3.645630329256017155e-01, 1.926426977629880355e-01, 1.493918616801398758e-01, 2.934024076312702900e-01
3.644838486515266096e-01, 1.921373152772876125e-01, 1.497401213080520876e-01, 2.936387147631336902e-01
3.644028963892638751e-01, 1.916328560627364452e-01, 1.500891374200800654e-01, 2.938751101279196143e-01
3.643201784319540781e-01, 1.911293210562047540e-01, 1.504389052690507100e-01, 2.941115952427904023e-01
3.642356970943710359e-01, 1.906267111823170268e-01, 1.507894201096089126e-01, 2.943481716137029691e-01
3.641494547129194292e-01, 1.901250273535652346e-01, 1.511406771981608221e-01, 2.945848407353546250e-01
3.640614536456315276e-01, 1.896242704704214910e-01, 1.514926717928178346e-01, 2.948216040911290636e-01
3.639716962721651905e-01, 1.891244414214499348e-01, 1.518453991533415537e-01, 2.950584631530432378e-01
3.638801849937997046e-01, 1.886255410834170865e-01, 1.521988545410893068e-01, 2.952954193816939021e-01
3.637869222334327302e-01, 1.881275703214016493e-01, 1.525530332189600768e-01, 2.955324742262055437e-01
3.636919104355764154e-01, 1.876305299889038380e-01, 1.529079304513419058e-01, 2.957696291241778130e-01
3.635951520663532333e-01, 1.871344209279532655e-01, 1.532635415040593252e-01, 2.960068855016341205e-01
3.634966496134919289e-01, 1.866392439692159955e-01, 1.536198616443218423e-01, 2.962442447729701778e-01
3.633964055863221909e-01, 1.861449999321010684e-01, 1.539768861406731471e-01, 2.964817083409035381e-01
3.632944225157705986e-01, 1.856516896248658066e-01, 1.543346102629409577e-01, 2.967192775964226925e-01
3.631907029543543497e-01, 1.851593138447203690e-01, 1.546930292821877551e-01, 2.969569539187373874e-01
3.630852494761767635e-01, 1.846678733779316683e-01, 1.550521384706622929e-01, 2.971947386752293307e-01
3.629780646769200647e-01, 1.841773689999258723e-01, 1.554119331017515260e-01, 2.974326332214026203e-01
3.628691511738402764e-01, 1.836878014753906274e-01, 1.557724084499337303e-01, 2.976706389008355047e-01
3.627585116057600034e-01, 1.831991715583760338e-01, 1.561335597907321515e-01, 2.979087570451318667e-01
3.626461486330616601e-01, 1.827114799923950095e-01, 1.564953824006695415e-01, 2.981469889738737056e-01
3.625320649376803095e-01, 1.822247275105227937e-01, 1.568578715572231941e-01, 2.983853359945737305e-01
3.624162632230953918e-01, 1.817389148354951189e-01, 1.572210225387811744e-01, 2.986237994026282316e-01
3.622987462143235637e-01, 1.812540426798064097e-01, 1.575848306245990205e-01, 2.988623804812710061e-01
3.621795166579097058e-01, 1.807701117458065387e-01, 1.579492910947571660e-01, 2.991010805015267282e-01
3.620585773219181513e-01, 1.802871227257964726e-01, 1.583143992301195013e-01, 2.993399007221658192e-01
3.619359309959240267e-01, 1.798050763021241949e-01, 1.586801503122923507e-01, 2.995788423896594832e-01
3.618115804910028710e-01, 1.793239731472786314e-01, 1.590465396235845041e-01, 2.998179067381341323e-01
3.616855286397212543e-01, 1.788438139239833247e-01, 1.594135624469676382e-01, 3.000570949893276440e-01
3.615577782961264530e-01, 1.783645992852893047e-01, 1.597812140660383740e-01, 3.002964083525457295e-01
3.614283323357352362e-01, 1.778863298746669042e-01, 1.601494897649798355e-01, 3.005358480246180242e-01
3.612971936555228747e-01, 1.774090063260969352e-01, 1.605183848285251791e-01, 3.007754151898549555e-01
3.611643651739115946e-01, 1.769326292641610343e-01, 1.608878945419216222e-01, 3.010151110200057767e-01
3.610298498307582538e-01, 1.764571993041312292e-01, 1.612580141908945830e-01, 3.012549366742161006e-01
3.608936505873419631e-01, 1.759827170520586181e-01, 1.616287390616136521e-01, 3.014948932989858221e-01
3.607557704263513743e-01, 1.755091831048614104e-01, 1.620000644406587031e-01, 3.017349820281285955e-01
3.606162123518708018e-01, 1.750365980504119956e-01, 1.623719856149868634e-01, 3.019752039827304779e-01
3.604749793893665677e-01, 1.745649624676232914e-01, 1.627444978719006785e-01, 3.022155602711094624e-01
3.603320745856730123e-01, 1.740942769265343970e-01, 1.631175964990165261e-01, 3.024560519887760646e-01
3.601875010089770068e-01, 1.736245419883953034e-01, 1.634912767842344183e-01, 3.026966802183931327e-01
3.600412617488033540e-01, 1.731557582057513534e-01, 1.638655340157081641e-01, 3.029374460297371563e-01
3.598933599159983010e-01, 1.726879261225259254e-01, 1.642403634818164204e-01, 3.031783504796592976e-01
3.597437986427142187e-01, 1.722210462741032844e-01, 1.646157604711349920e-01, 3.034193946120474217e-01
3.595925810823918933e-01, 1.717551191874105432e-01, 1.649917202724092424e-01, 3.036605794577882933e-01
3.594397104097442064e-01, 1.712901453809981545e-01, 1.653682381745278651e-01, 3.039019060347297740e-01
3.592851898207377603e-01, 1.708261253651206513e-01, 1.657453094664972926e-01, 3.041433753476442403e-01
3.591290225325747265e-01, 1.703630596418160004e-01, 1.661229294374168275e-01, 3.043849883881923346e-01
3.589712117836744154e-01, 1.699009487049844835e-01, 1.665010933764548007e-01, 3.046267461348862726e-01
3.588117608336535147e-01, 1.694397930404665242e-01, 1.668797965728253674e-01, 3.048686495530545382e-01
3.586506729633069379e-01, 1.689795931261202366e-01, 1.672590343157661363e-01, 3.051106995948066891e-01
3.584879514745867857e-01, 1.685203494318980588e-01, 1.676388018945168534e-01, 3.053528971989983298e-01
3.583235996905819176e-01, 1.680620624199224700e-01, 1.680190945982984185e-01, 3.055952432911971939e-01
3.581576209554964696e-01, 1.676047325445614022e-01, 1.683999077162934843e-01, 3.058377387836487271e-01
3.579900186346276492e-01, 1.671483602525024315e-01, 1.687812365376268331e-01, 3.060803845752431140e-01
3.578207961143439197e-01, 1.666929459828267457e-01, 1.691630763513476965e-01, 3.063231815514816381e-01
3.576499568020610198e-01, 1.662384901670822535e-01, 1.695454224464120752e-01, 3.065661305844445961e-01
3.574775041262192032e-01, 1.657849932293558315e-01, 1.699282701116662520e-01, 3.068092325327588799e-01
3.573034415362582039e-01, 1.653324555863449896e-01, 1.703116146358308602e-01, 3.070524882415659462e-01
3.571277725025934213e-01, 1.648808776474290638e-01, 1.706954513074863122e-01, 3.072958985424910638e-01
3.569505005165900524e-01, 1.644302598147394934e-01, 1.710797754150583661e-01, 3.075394642536121714e-01
3.567716290905370013e-01, 1.639806024832291265e-01, 1.714645822468048864e-01, 3.077831861794289581e-01
3.565911617576210113e-01, 1.635319060407419423e-01, 1.718498670908034653e-01, 3.080270651108334978e-01
3.564091020718991865e-01, 1.630841708680805802e-01, 1.722356252349397099e-01, 3.082711018250804402e-01
3.562254536082716250e-01, 1.626373973390745908e-01, 1.726218519668963336e-01, 3.085152970857574783e-01
3.560402199624526642e-01, 1.621915858206471051e-01, 1.730085425741432481e-01, 3.087596516427570381e-01
3.558534047509425147e-01, 1.617467366728814471e-01, 1.733956923439281816e-01, 3.090041662322477456e-01
3.556650116109979498e-01, 1.613028502490867488e-01, 1.737832965632685467e-01, 3.092488415766468379e-01
3.554750442006016642e-01, 1.608599268958629536e-01, 1.741713505189434463e-01, 3.094936783845920192e-01
3.552835061984320197e-01, 1.604179669531653751e-01, 1.745598494974874015e-01, 3.097386773509152036e-01
3.550904013038318485e-01, 1.599769707543687580e-01, 1.749487887851839396e-01, 3.099838391566155371e-01
3.548957332367762008e-01, 1.595369386263300049e-01, 1.753381636680606259e-01, 3.102291644688332517e-01
3.546995057378402594e-01, 1.590978708894510985e-01, 1.757279694318847896e-01, 3.104746539408236861e-01
3.545017225681661444e-01, 1.586597678577411630e-01, 1.761182013621599429e-01, 3.107203082119328608e-01
3.543023875094284958e-01, 1.582226298388775265e-01, 1.765088547441227007e-01, 3.109661279075713325e-01
3.541015043638011672e-01, 1.577864571342667832e-01, 1.768999248627415311e-01, 3.112121136391905463e-01
3.538990769539214765e-01, 1.573512500391048563e-01, 1.772914070027148681e-01, 3.114582660042588547e-01
3.536951091228547339e-01, 1.569170088424366172e-01, 1.776832964484713617e-01, 3.117045855862373149e-01
3.534896047340578273e-01, 1.564837338272148937e-01, 1.780755884841699610e-01, 3.119510729545571515e-01
3.532825676713428065e-01, 1.560514252703591453e-01, 1.784682783937016071e-01, 3.121977286645966077e-01
3.530740018388383028e-01, 1.556200834428126678e-01, 1.788613614606904545e-01, 3.124445532576586859e-01
3.528639111609525036e-01, 1.551897086096006295e-01, 1.792548329684976183e-01, 3.126915472609491653e-01
3.526522995823335171e-01, 1.547603010298864434e-01, 1.796486882002244490e-01, 3.129387111875556182e-01
3.524391710678296818e-01, 1.543318609570279998e-01, 1.800429224387166682e-01, 3.131860455364256501e-01
3.522245296024501537e-01, 1.539043886386332605e-01, 1.804375309665699478e-01, 3.134335507923467490e-01
3.520083791913233839e-01, 1.534778843166152984e-01, 1.808325090661357104e-01, 3.136812274259257460e-01
3.517907238596557074e-01, 1.530523482272469760e-01, 1.812278520195279019e-01, 3.139290758935694425e-01
3.515715676526895983e-01, 1.526277806012148741e-01, 1.816235551086305411e-01, 3.141770966374648477e-01
3.513509146356605939e-01, 1.522041816636726663e-01, 1.820196136151061017e-01, 3.144252900855605826e-01
3.511287688937533846e-01, 1.517815516342942983e-01, 1.824160228204042833e-01, 3.146736566515479505e-01
3.509051345320583493e-01, 1.513598907273260574e-01, 1.828127780057722807e-01, 3.149221967348433404e-01
3.506800156755261466e-01, 1.509391991516389198e-01, 1.832098744522649703e-01, 3.151709107205698523e-01
3.504534164689226405e-01, 1.505194771107795648e-01, 1.836073074407565398e-01, 3.154197989795410884e-01
3.502253410767825481e-01, 1.501007248030214458e-01, 1.840050722519526727e-01, 3.156688618682432224e-01
3.499957936833624772e-01, 1.496829424214152771e-01, 1.844031641664030108e-01, 3.159180997288192905e-01
3.497647784925932424e-01, 1.492661301538387719e-01, 1.848015784645152815e-01, 3.161675128890525932e-01
3.495322997280322919e-01, 1.488502881830461866e-01, 1.852003104265693145e-01, 3.164171016623521515e-01
3.492983616328142471e-01, 1.484354166867172253e-01, 1.855993553327324463e-01, 3.166668663477361090e-01
3.490629684696012758e-01, 1.480215158375055018e-01, 1.859987084630749798e-01, 3.169168072298181871e-01
3.488261245205333538e-01, 1.476085858030864451e-01, 1.863983650975873096e-01, 3.171669245787928082e-01
3.485878340871768621e-01, 1.471966267462050670e-01, 1.867983205161968530e-01, 3.174172186504211068e-01
3.483481014904732387e-01, 1.467856388247227584e-01, 1.871985699987861462e-01, 3.176676896860178290e-01
3.481069310706862985e-01, 1.463756221916640843e-01, 1.875991088252118300e-01, 3.179183379124377318e-01
3.478643271873497200e-01, 1.459665769952629422e-01, 1.879999322753239666e-01, 3.181691635420632602e-01
3.476202942192130885e-01, 1.455585033790081639e-01, 1.884010356289865518e-01, 3.184201667727921681e-01
3.473748365641874947e-01, 1.451514014816888687e-01, 1.888024141660979704e-01, 3.186713477880255829e-01
3.471279586392906902e-01, 1.447452714374394267e-01, 1.892040631666132011e-01, 3.189227067566567375e-01
3.468796648805910210e-01, 1.443401133757836186e-01, 1.896059779105656873e-01, 3.191742438330595344e-01
3.466299597431514723e-01, 1.439359274216790163e-01, 1.900081536780909575e-01, 3.194259591570786094e-01
3.463788477009719369e-01, 1.435327136955601712e-01, 1.904105857494496346e-01, 3.196778528540182851e-01
3.461263332469319276e-01, 1.431304723133820511e-01, 1.908132694050526379e-01, 3.199299250346334111e-01
3.458724208927318466e-01, 1.427292033866628118e-01, 1.912161999254859135e-01, 3.201821757951195946e-01
3.456171151688336995e-01, 1.423289070225258190e-01, 1.916193725915362744e-01, 3.204346052171040959e-01
3.453604206244017538e-01, 1.419295833237422533e-01, 1.920227826842181851e-01, 3.206872133676378356e-01
3.451023418272410881e-01, 1.415312323887721324e-01, 1.924264254848006006e-01, 3.209400002991862344e-01
3.448428833637370849e-01, 1.411338543118057232e-01, 1.928302962748350002e-01, 3.211929660496222749e-01
3.445820498387932029e-01, 1.407374491828043139e-01, 1.932343903361838922e-01, 3.214461106422185077e-01
3.443198458757684155e-01, 1.403420170875408490e-01, 1.936387029510500679e-01, 3.216994340856405565e-01
3.440562761164138172e-01, 1.399475581076397857e-01, 1.940432294020063286e-01, 3.219529363739400685e-01
3.437913452208085641e-01, 1.395540723206168954e-01, 1.944479649720259884e-01, 3.222066174865485522e-01
3.435250578672954247e-01, 1.391615597999185383e-01, 1.948529049445139882e-01, 3.224604773882718822e-01
3.432574187524154996e-01, 1.387700206149609095e-01, 1.952580446033390094e-01, 3.227145160292845816e-01
3.429884325908413856e-01, 1.383794548311683692e-01, 1.956633792328652532e-01, 3.229687333451248255e-01
3.427181041153116725e-01, 1.379898625100121345e-01, 1.960689041179861924e-01, 3.232231292566900005e-01
3.424464380765622207e-01, 1.376012437090479157e-01, 1.964746145441576830e-01, 3.234777036702320974e-01
3.421734392432592142e-01, 1.372135984819537469e-01, 1.968805057974327144e-01, 3.237324564773543245e-01
3.418991124019296612e-01, 1.368269268785672621e-01, 1.972865731644958820e-01, 3.239873875550070559e-01
3.416234623568922824e-01, 1.364412289449227766e-01, 1.976928119326994415e-01, 3.242424967654854995e-01
3.413464939301871226e-01, 1.360565047232877856e-01, 1.980992173900988362e-01, 3.244977839564262001e-01
3.410682119615049412e-01, 1.356727542521997121e-01, 1.985057848254899726e-01, 3.247532489608053186e-01
3.407886213081158244e-01, 1.352899775665014903e-01, 1.989125095284463018e-01, 3.250088915969363002e-01
3.405077268447967986e-01, 1.349081746973777585e-01, 1.993193867893565674e-01, 3.252647116684688200e-01
3.402255334637592221e-01, 1.345273456723900807e-01, 1.997264118994637183e-01, 3.255207089643869511e-01
3.399420460745751771e-01, 1.341474905155123354e-01, 2.001335801509037116e-01, 3.257768832590088315e-01
3.396572696041033068e-01, 1.337686092471653265e-01, 2.005408868367450914e-01, 3.260332343119862197e-01
3.393712089964142642e-01, 1.333907018842519221e-01, 2.009483272510294849e-01, 3.262897618683042733e-01
3.390838692127148835e-01, 1.330137684401907772e-01, 2.013558966888121804e-01, 3.265464656582821035e-01
3.387952552312723520e-01, 1.326378089249508896e-01, 2.017635904462034835e-01, 3.268033453975731639e-01
3.385053720473373273e-01, 1.322628233450852397e-01, 2.021714038204106556e-01, 3.270604007871667496e-01
3.382142246730664437e-01, 1.318888117037642915e-01, 2.025793321097802691e-01, 3.273176315133888847e-01
3.379218181374444296e-01, 1.315157740008095211e-01, 2.029873706138412004e-01, 3.275750372479047656e-01
3.376281574862051160e-01, 1.311437102327262516e-01, 2.033955146333482900e-01, 3.278326176477204257e-01
3.373332477817520547e-01, 1.307726203927365716e-01, 2.038037594703259181e-01, 3.280903723551855666e-01
3.370370941030790268e-01, 1.304025044708118364e-01, 2.042121004281130525e-01, 3.283483009979961675e-01
3.367397015456885523e-01, 1.300333624537051980e-01, 2.046205328114079902e-01, 3.286064031891981485e-01
3.364410752215115652e-01, 1.296651943249835515e-01, 2.050290519263140987e-01, 3.288646785271908679e-01
3.361412202588245357e-01, 1.292980000650593986e-01, 2.054376530803854461e-01, 3.291231265957305641e-01
3.358401418021677576e-01, 1.289317796512227388e-01, 2.058463315826740414e-01, 3.293817469639354623e-01
3.355378450122613598e-01, 1.285665330576721554e-01, 2.062550827437764078e-01, 3.296405391862901602e-01
3.352343350659220955e-01, 1.282022602555465407e-01, 2.066639018758810176e-01, 3.298995028026504017e-01
3.349296171559789648e-01, 1.278389612129557651e-01, 2.070727842928165863e-01, 3.301586373382486284e-01
3.346236964911877831e-01, 1.274766358950116807e-01, 2.074817253101004788e-01, 3.304179423036999741e-01
3.343165782961458055e-01, 1.271152842638587632e-01, 2.078907202449875591e-01, 3.306774171950079833e-01
3.340082678112050729e-01, 1.267549062787044767e-01, 2.082997644165194007e-01, 3.309370614935710497e-01
3.336987702923863708e-01, 1.263955018958497767e-01, 2.087088531455744411e-01, 3.311968746661894114e-01
3.333880910112908547e-01, 1.260370710687190032e-01, 2.091179817549181363e-01, 3.314568561650719225e-01
3.330762352550127314e-01, 1.256796137478899400e-01, 2.095271455692536144e-01, 3.317170054278437141e-01
3.327632083260501084e-01, 1.253231298811232908e-01, 2.099363399152727183e-01, 3.319773218775540768e-01
3.324490155422156756e-01, 1.249676194133928081e-01, 2.103455601217077420e-01, 3.322378049226839547e-01
3.321336622365476665e-01, 1.246130822869140481e-01, 2.107548015193833613e-01, 3.324984539571550490e-01
3.318171537572185414e-01, 1.242595184411742631e-01, 2.111640594412689809e-01, 3.327592683603381452e-01
3.314994954674445604e-01, 1.239069278129611984e-01, 2.115733292225316642e-01, 3.330202474970626048e-01
3.311806927453939675e-01, 1.235553103363919158e-01, 2.119826062005888967e-01, 3.332813907176251922e-01
3.308607509840950645e-01, 1.232046659429420626e-01, 2.123918857151627371e-01, 3.335426973578001775e-01
3.305396755913434514e-01, 1.228549945614742095e-01, 2.128011631083331634e-01, 3.338041667388491618e-01
3.302174719896086574e-01, 1.225062961182664667e-01, 2.132104337245930292e-01, 3.340657981675317356e-01
3.298941456159406038e-01, 1.221585705370412389e-01, 2.136196929109021869e-01, 3.343275909361160259e-01
3.295697019218751245e-01, 1.218118177389929113e-01, 2.140289360167428323e-01, 3.345895443223890764e-01
3.292441463733391527e-01, 1.214660376428166322e-01, 2.144381583941749880e-01, 3.348516575896693936e-01
3.289174844505549644e-01, 1.211212301647360545e-01, 2.148473553978919037e-01, 3.351139299868170496e-01
3.285897216479451433e-01, 1.207773952185315219e-01, 2.152565223852766219e-01, 3.353763607482467823e-01
3.282608634740348252e-01, 1.204345327155675882e-01, 2.156656547164579885e-01, 3.356389490939395981e-01
3.279309154513558866e-01, 1.200926425648211754e-01, 2.160747477543676354e-01, 3.359016942294552055e-01
3.275998831163486336e-01, 1.197517246729089962e-01, 2.164837968647970179e-01, 3.361645953459452829e-01
3.272677720192643247e-01, 1.194117789441150462e-01, 2.168927974164547579e-01, 3.364276516201659128e-01
3.269345877240658615e-01, 1.190728052804183174e-01, 2.173017447810242087e-01, 3.366908622144914598e-01
3.266003358083300334e-01, 1.187348035815200264e-01, 2.177106343332218252e-01, 3.369542262769280594e-01
3.262650218631465426e-01, 1.183977737448709266e-01, 2.181194614508548957e-01, 3.372177429411274407e-01
3.259286514930191392e-01, 1.180617156656987854e-01, 2.185282215148807439e-01, 3.374814113264013593e-01
3.255912303157644794e-01, 1.177266292370349604e-01, 2.189369099094647941e-01, 3.377452305377357522e-01
3.252527639624113176e-01, 1.173925143497422385e-01, 2.193455220220403568e-01, 3.380091996658060594e-01
3.249132580770991985e-01, 1.170593708925414256e-01, 2.197540532433676363e-01, 3.382733177869917673e-01
3.245727183169764829e-01, 1.167271987520382831e-01, 2.201624989675934341e-01, 3.385375839633918971e-01
3.242311503520977078e-01, 1.163959978127506595e-01, 2.205708545923109887e-01, 3.388019972428407689e-01
3.238885598653211129e-01, 1.160657679571353712e-01, 2.209791155186200673e-01, 3.390665566589234903e-01
3.235449525522053338e-01, 1.157365090656147233e-01, 2.213872771511873616e-01, 3.393312612309924425e-01
3.232003341209055414e-01, 1.154082210166037098e-01, 2.217953348983070505e-01, 3.395961099641836012e-01
3.228547102920692469e-01, 1.150809036865364371e-01, 2.222032841719615848e-01, 3.398611018494327451e-01
3.225080867987319411e-01, 1.147545569498928525e-01, 2.226111203878822498e-01, 3.401262358634928873e-01
3.221604693862120117e-01, 1.144291806792256116e-01, 2.230188389656111436e-01, 3.403915109689511498e-01
3.218118638120052721e-01, 1.141047747451866823e-01, 2.234264353285621008e-01, 3.406569261142459726e-01
3.214622758456791574e-01, 1.137813390165536703e-01, 2.238339049040820317e-01, 3.409224802336851545e-01
3.211117112687665309e-01, 1.134588733602568539e-01, 2.242412431235132064e-01, 3.411881722474634504e-01
3.207601758746591591e-01, 1.131373776414055649e-01, 2.246484454222548721e-01, 3.414540010616805565e-01
3.204076754685004080e-01, 1.128168517233146956e-01, 2.250555072398253698e-01, 3.417199655683595405e-01
3.200542158670782733e-01, 1.124972954675314274e-01, 2.254624240199244178e-01, 3.419860646454659370e-01
3.196998028987172447e-01, 1.121787087338617789e-01, 2.258691912104956179e-01, 3.422522971569254002e-01
3.193444424031703921e-01, 1.118610913803970153e-01, 2.262758042637886824e-01, 3.425186619526437992e-01
3.189881402315108971e-01, 1.115444432635404187e-01, 2.266822586364226066e-01, 3.427851578685260359e-01
3.186309022460229179e-01, 1.112287642380338226e-01, 2.270885497894480631e-01, 3.430517837264952519e-01
3.182727343200926762e-01, 1.109140541569840627e-01, 2.274946731884104623e-01, 3.433185383345128683e-01
3.179136423380987675e-01, 1.106003128718898026e-01, 2.279006243034130685e-01, 3.435854204865984030e-01
3.175536321953025820e-01, 1.102875402326679438e-01, 2.283063986091801445e-01, 3.438524289628493436e-01
3.171927097977377263e-01, 1.099757360876803813e-01, 2.287119915851201224e-01, 3.441195625294617422e-01
3.168308810620997229e-01, 1.096649002837608300e-01, 2.291173987153890534e-01, 3.443868199387503659e-01
3.164681519156349321e-01, 1.093550326662411504e-01, 2.295226154889540293e-01, 3.446541999291699021e-01
3.161045282960300296e-01, 1.090461330789783967e-01, 2.299276373996565481e-01, 3.449217012253350534e-01
3.157400161512999293e-01, 1.087382013643815315e-01, 2.303324599462762134e-01, 3.451893225380422980e-01
3.153746214396764280e-01, 1.084312373634380433e-01, 2.307370786325945167e-01, 3.454570625642910953e-01
3.150083501294960175e-01, 1.081252409157410638e-01, 2.311414889674582029e-01, 3.457249199873047574e-01
3.146412081990878074e-01, 1.078202118595160686e-01, 2.315456864648433588e-01, 3.459928934765527653e-01
3.142732016366607817e-01, 1.075161500316479390e-01, 2.319496666439190002e-01, 3.462609816877721958e-01
3.139043364401915004e-01, 1.072130552677079268e-01, 2.323534250291109660e-01, 3.465291832629896485e-01
3.135346186173101901e-01, 1.069109274019805905e-01, 2.327569571501655610e-01, 3.467974968305436723e-01
3.131640541851883897e-01, 1.066097662674911073e-01, 2.331602585422139218e-01, 3.470659210051066923e-01
3.127926491704245415e-01, 1.063095716960322790e-01, 2.335633247458353268e-01, 3.473344543877078805e-01
3.124204096089313043e-01, 1.060103435181919684e-01, 2.339661513071214505e-01, 3.476030955657553045e-01
3.120473415458204225e-01, 1.057120815633801891e-01, 2.343687337777401458e-01, 3.478718431130592981e-01
3.116734510352894838e-01, 1.054147856598565414e-01, 2.347710677149991432e-01, 3.481406955898548317e-01
3.112987441405071221e-01, 1.051184556347578153e-01, 2.351731486819102490e-01, 3.484096515428248275e-01
3.109232269334983312e-01, 1.048230913141252746e-01, 2.355749722472528507e-01, 3.486787095051234187e-01
3.105469054950300012e-01, 1.045286925229326064e-01, 2.359765339856380317e-01, 3.489478679963993746e-01
3.101697859144958436e-01, 1.042352590851132188e-01, 2.363778294775717992e-01, 3.492171255228190274e-01
3.097918742898012612e-01, 1.039427908235883435e-01, 2.367788543095194487e-01, 3.494864805770909189e-01
3.094131767272479405e-01, 1.036512875602947498e-01, 2.371796040739688471e-01, 3.497559316384885042e-01
3.090336993414188327e-01, 1.033607491162127495e-01, 2.375800743694938821e-01, 3.500254771728744663e-01
3.086534482550621905e-01, 1.030711753113942170e-01, 2.379802608008185216e-01, 3.502951156327250293e-01
3.082724295989758279e-01, 1.027825659649909407e-01, 2.383801589788797637e-01, 3.505648454571534955e-01
3.078906495118916009e-01, 1.024949208952824625e-01, 2.387797645208912523e-01, 3.508346650719346704e-01
3.075081141403592233e-01, 1.022082399197049712e-01, 2.391790730504064488e-01, 3.511045728895292872e-01
3.071248296386300813e-01, 1.019225228548793771e-01, 2.395780801973818874e-01, 3.513745673091085986e-01
3.067408021685413821e-01, 1.016377695166400114e-01, 2.399767815982404018e-01, 3.516446467165781908e-01
3.063560378993994693e-01, 1.013539797200632975e-01, 2.403751728959337974e-01, 3.519148094846033525e-01
3.059705430078637489e-01, 1.010711532794967005e-01, 2.407732497400058014e-01, 3.521850539726337770e-01
3.055843236778300054e-01, 1.007892900085873844e-01, 2.411710077866551505e-01, 3.524553785269274875e-01
3.051973861003141608e-01, 1.005083897203114529e-01, 2.415684426987975419e-01, 3.527257814805768166e-01
3.048097364733353132e-01, 1.002284522270031064e-01, 2.419655501461287772e-01, 3.529962611535327754e-01
3.044213810017996069e-01, 9.994947734038370224e-02, 2.423623258051866014e-01, 3.532668158526300894e-01
3.040323258973828824e-01, 9.967146487159148083e-02, 2.427587653594130979e-01, 3.535374438716125667e-01
3.036425773784144910e-01, 9.939441463121094500e-02, 2.431548644992166663e-01, 3.538081434911579115e-01
3.032521416697602779e-01, 9.911832642930246129e-02, 2.435506189220338347e-01, 3.540789129789034262e-01
3.028610250027058970e-01, 9.884320007543223596e-02, 2.439460243323909316e-01, 3.543497505894709354e-01
3.024692336148398497e-01, 9.856903537870209675e-02, 2.443410764419657877e-01, 3.546206545644922659e-01
3.020767737499371330e-01, 9.829583214777973255e-02, 2.447357709696485750e-01, 3.548916231326345594e-01
3.016836516578417227e-01, 9.802359019092873882e-02, 2.451301036416035362e-01, 3.551626545096260301e-01
3.012898735943505546e-01, 9.775230931603914875e-02, 2.455240701913294077e-01, 3.554337468982808890e-01
3.008954458210963412e-01, 9.748198933065786720e-02, 2.459176663597203993e-01, 3.557048984885254894e-01
3.005003746054305536e-01, 9.721263004201922964e-02, 2.463108878951266179e-01, 3.559761074574234740e-01
3.001046662203077919e-01, 9.694423125707607447e-02, 2.467037305534145741e-01, 3.562473719692015872e-01
2.997083269441678799e-01, 9.667679278253037134e-02, 2.470961900980267745e-01, 3.565186901752749882e-01
2.993113630608201237e-01, 9.641031442486455716e-02, 2.474882623000419501e-01, 3.567900602142732858e-01
2.989137808593265166e-01, 9.614479599037278890e-02, 2.478799429382346764e-01, 3.570614802120660181e-01
2.985155866338852770e-01, 9.588023728519222411e-02, 2.482712277991344085e-01, 3.573329482817880765e-01
2.981167866837144964e-01, 9.561663811533478718e-02, 2.486621126770849066e-01, 3.576044625238657959e-01
2.977173873129358994e-01, 9.535399828671874134e-02, 2.490525933743029940e-01, 3.578760210260423791e-01
2.973173948304588254e-01, 9.509231760520071852e-02, 2.494426657009368997e-01, 3.581476218634035424e-01
2.969168155498637107e-01, 9.483159587660780487e-02, 2.498323254751250722e-01, 3.584192630984034400e-01
2.965156557892868472e-01, 9.457183290676959841e-02, 2.502215685230538833e-01, 3.586909427808897544e-01
2.961139218713036425e-01, 9.431302850155083572e-02, 2.506103906790152491e-01, 3.589626589481302865e-01
2.957116201228140451e-01, 9.405518246688387984e-02, 2.509987877854645277e-01, 3.592344096248374918e-01
2.953087568749259151e-01, 9.379829460880144409e-02, 2.513867556930774461e-01, 3.595061928231951809e-01
2.949053384628403940e-01, 9.354236473346951020e-02, 2.517742902608070543e-01, 3.597780065428831109e-01
2.945013712257362748e-01, 9.328739264722056557e-02, 2.521613873559401808e-01, 3.600498487711030204e-01
2.940968615066552050e-01, 9.303337815658660470e-02, 2.525480428541539424e-01, 3.603217174826042202e-01
2.936918156523865009e-01, 9.278032106833292159e-02, 2.529342526395715884e-01, 3.605936106397088503e-01
2.932862400133529612e-01, 9.252822118949145802e-02, 2.533200126048180678e-01, 3.608655261923375823e-01
2.928801409434954595e-01, 9.227707832739474869e-02, 2.537053186510753178e-01, 3.611374620780345435e-01
2.924735248001598120e-01, 9.202689228970989399e-02, 2.540901666881372756e-01, 3.614094162219930739e-01
2.920663979439815372e-01, 9.177766288447283816e-02, 2.544745526344648345e-01, 3.616813865370807624e-01
2.916587667387731120e-01, 9.152938992012257802e-02, 2.548584724172394678e-01, 3.619533709238648145e-01
2.912506375514092305e-01, 9.128207320553571869e-02, 2.552419219724177402e-01, 3.622253672706372551e-01
2.908420167517142274e-01, 9.103571255006144558e-02, 2.556248972447847656e-01, 3.624973734534395753e-01
2.904329107123486131e-01, 9.079030776355617727e-02, 2.560073941880070536e-01, 3.627693873360881005e-01
2.900233258086962196e-01, 9.054585865641887055e-02, 2.563894087646860220e-01, 3.630414067701990266e-01
2.896132684187511241e-01, 9.030236503962627004e-02, 2.567709369464096780e-01, 3.633134295952129000e-01
2.892027449230064051e-01, 9.005982672476836592e-02, 2.571519747138056866e-01, 3.635854536384195979e-01
2.887917617043407326e-01, 8.981824352408425416e-02, 2.575325180565920524e-01, 3.638574767149829747e-01
2.883803251479075680e-01, 8.957761525049783013e-02, 2.579125629736294112e-01, 3.641294966279652323e-01
2.879684416410230319e-01, 8.933794171765406522e-02, 2.582921054729710453e-01, 3.644015111683517882e-01
2.875561175730552144e-01, 8.909922273995521391e-02, 2.586711415719143980e-01, 3.646735181150751459e-01
2.871433593353128755e-01, 8.886145813259732629e-02, 2.590496672970503123e-01, 3.649455152350395970e-01
2.867301733209349779e-01, 8.862464771160680210e-02, 2.594276786843133786e-01, 3.652175002831448691e-01
2.863165659247806083e-01, 8.838879129387768041e-02, 2.598051717790310078e-01, 3.654894710023106064e-01
2.859025435433192319e-01, 8.815388869720815201e-02, 2.601821426359724465e-01, 3.657614251235001834e-01
2.854881125745206139e-01, 8.791993974033836257e-02, 2.605585873193968505e-01, 3.660333603657441315e-01
2.850732794177461837e-01, 8.768694424298766055e-02, 2.609345019031020785e-01, 3.663052744361640634e-01
2.846580504736398454e-01, 8.745490202589231710e-02, 2.613098824704715994e-01, 3.665771650299962658e-01
2.842424321440197299e-01, 8.722381291084345400e-02, 2.616847251145219544e-01, 3.668490298306149033e-01
2.838264308317698381e-01, 8.699367672072526314e-02, 2.620590259379496634e-01, 3.671208665095551660e-01
2.834100529407332369e-01, 8.676449327955311486e-02, 2.624327810531772442e-01, 3.673926727265364733e-01
2.829933048756031466e-01, 8.653626241251223539e-02, 2.628059865823990648e-01, 3.676644461294854560e-01
2.825761930418177470e-01, 8.630898394599642587e-02, 2.631786386576271397e-01, 3.679361843545586597e-01
2.821587238454527635e-01, 8.608265770764687852e-02, 2.635507334207353725e-01, 3.682078850261649716e-01
2.817409036931155519e-01, 8.585728352639150629e-02, 2.639222670235046309e-01, 3.684795457569882693e-01
2.813227389918395716e-01, 8.563286123248418924e-02, 2.642932356276663786e-01, 3.687511641480099023e-01
2.809042361489791917e-01, 8.540939065754429849e-02, 2.646636354049463624e-01, 3.690227377885301197e-01
2.804854015721049976e-01, 8.518687163459660872e-02, 2.650334625371076891e-01, 3.692942642561907185e-01
2.800662416688993739e-01, 8.496530399811115519e-02, 2.654027132159931801e-01, 3.695657411169963602e-01
2.796467628470525879e-01, 8.474468758404343771e-02, 2.657713836435677268e-01, 3.698371659253363308e-01
2.792269715141598163e-01, 8.452502222987495761e-02, 2.661394700319595907e-01, 3.701085362240055798e-01
2.788068740776178389e-01, 8.430630777465371317e-02, 2.665069686035019814e-01, 3.703798495442264804e-01
2.783864769445227871e-01, 8.408854405903491702e-02, 2.668738755907730797e-01, 3.706511034056692577e-01
2.779657865215682255e-01, 8.387173092532243524e-02, 2.672401872366364506e-01, 3.709222953164728609e-01
2.775448092149437884e-01, 8.365586821750956026e-02, 2.676058997942808437e-01, 3.711934227732658353e-01
2.771235514302341496e-01, 8.344095578132067204e-02, 2.679710095272586634e-01, 3.714644832611864733e-01
2.767020195723185472e-01, 8.322699346425319056e-02, 2.683355127095256032e-01, 3.717354742539027979e-01
2.762802200452710855e-01, 8.301398111561890392e-02, 2.686994056254773389e-01, 3.720063932136326579e-01
2.758581592522615367e-01, 8.280191858658646209e-02, 2.690626845699884417e-01, 3.722772375911635456e-01
2.754358435954558648e-01, 8.259080573022367644e-02, 2.694253458484484609e-01, 3.725480048258719146e-01
2.750132794759188593e-01, 8.238064240153979145e-02, 2.697873857767988937e-01, 3.728186923457423863e-01
2.745904732935153802e-01, 8.217142845752851976e-02, 2.701488006815691567e-01, 3.730892975673869572e-01
2.741674314468139362e-01, 8.196316375721077185e-02, 2.705095868999117248e-01, 3.733598178960634839e-01
2.737441603329900386e-01, 8.175584816167785762e-02, 2.708697407796374912e-01, 3.736302507256945016e-01
2.733206663477297238e-01, 8.154948153413492384e-02, 2.712292586792499627e-01, 3.739005934388853758e-01
2.728969558851342958e-01, 8.134406373994451656e-02, 2.715881369679788992e-01, 3.741708434069423439e-01
2.724730353376256797e-01, 8.113959464667024057e-02, 2.719463720258138983e-01, 3.744409979898902785e-01
2.720489110958516088e-01, 8.093607412412093249e-02, 2.723039602435372020e-01, 3.747110545364903400e-01
2.716245895485925321e-01, 8.073350204439483369e-02, 2.726608980227556711e-01, 3.749810103842569631e-01
2.712000770826681895e-01, 8.053187828192387432e-02, 2.730171817759326491e-01, 3.752508628594753426e-01
2.707753800828450741e-01, 8.033120271351844310e-02, 2.733728079264188815e-01, 3.755206092772176429e-01
2.703505049317447284e-01, 8.013147521841222642e-02, 2.737277729084832134e-01, 3.757902469413597624e-01
2.699254580097525946e-01, 7.993269567830708910e-02, 2.740820731673427879e-01, 3.760597731445975422e-01
2.695002456949270875e-01, 7.973486397741857967e-02, 2.744357051591920227e-01, 3.763291851684623102e-01
2.690748743629099438e-01, 7.953798000252118583e-02, 2.747886653512317534e-01, 3.765984802833371448e-01
2.686493503868367938e-01, 7.934204364299406176e-02, 2.751409502216976000e-01, 3.768676557484715861e-01
2.682236801372483992e-01, 7.914705479086690809e-02, 2.754925562598877775e-01, 3.771367088119969568e-01
2.677978699820028341e-01, 7.895301334086610168e-02, 2.758434799661899084e-01, 3.774056367109412391e-01
2.673719262861878332e-01, 7.875991919046085310e-02, 2.761937178521079450e-01, 3.776744366712433409e-01
2.669458554120345828e-01, 7.856777223990986381e-02, 2.765432664402882601e-01, 3.779431059077673072e-01
2.665196637188312345e-01, 7.837657239230777506e-02, 2.768921222645447933e-01, 3.782116416243162527e-01
2.660933575628378067e-01, 7.818631955363229691e-02, 2.772402818698843641e-01, 3.784800410136455184e-01
2.656669432972014744e-01, 7.799701363279121225e-02, 2.775877418125304863e-01, 3.787483012574768271e-01
2.652404272718728029e-01, 7.780865454166958906e-02, 2.779344986599475709e-01, 3.790164195265100511e-01
2.648138158335222037e-01, 7.762124219517733958e-02, 2.782805489908637409e-01, 3.792843929804367575e-01
2.643871153254577222e-01, 7.743477651129702932e-02, 2.786258893952935911e-01, 3.795522187679518100e-01
2.639603320875427706e-01, 7.724925741113142230e-02, 2.789705164745599486e-01, 3.798198940267659141e-01
2.635334724561155251e-01, 7.706468481895197009e-02, 2.793144268413156883e-01, 3.800874158836168859e-01
2.631065427639080467e-01, 7.688105866224685669e-02, 2.796576171195639393e-01, 3.803547814542810879e-01
2.626795493399671777e-01, 7.669837887176943203e-02, 2.800000839446791234e-01, 3.806219878435842530e-01
2.622524985095748273e-01, 7.651664538158702011e-02, 2.803418239634255515e-01, 3.808890321454124761e-01
2.618253965941705896e-01, 7.633585812912971336e-02, 2.806828338339775186e-01, 3.811559114427222061e-01
2.613982499112736391e-01, 7.615601705523937504e-02, 2.810231102259367897e-01, 3.814226228075502934e-01
2.609710647744062917e-01, 7.597712210421891932e-02, 2.813626498203512516e-01, 3.816891633010235374e-01
2.605438474930181769e-01, 7.579917322388171619e-02, 2.817014493097320660e-01, 3.819555299733680687e-01
