7.540939150991764206e-02, 5.810837321982904591e-01, 7.239234447242669235e-02, 2.711145318193651232e-01
7.548364486268122064e-02, 5.802994604740172591e-01, 7.245444568590157786e-02, 2.717624489773998731e-01
7.555919957037936230e-02, 5.795116747569147853e-01, 7.251783573474204769e-02, 2.724112899379637631e-01
7.563605592112099263e-02, 5.787203889170761117e-01, 7.258251518760193421e-02, 2.730610399742008920e-01
7.571421419506843553e-02, 5.779256169077510163e-01, 7.264848460746876901e-02, 2.737116842897118763e-01
7.579367466426850664e-02, 5.771273727653938312e-01, 7.271574455149328042e-02, 2.743632080188445066e-01
7.587443759248307940e-02, 5.763256706097060755e-01, 7.278429557081841916e-02, 2.750155962269924537e-01
7.595650323501892953e-02, 5.755205246436728705e-01, 7.285413821040713500e-02, 2.756688339109011343e-01
7.603987183855712151e-02, 5.747119491535922498e-01, 7.292527300886977870e-02, 2.763229059989807945e-01
7.612454364098164561e-02, 5.738999585091004718e-01, 7.299770049829035212e-02, 2.769777973516276970e-01
7.621051887120759705e-02, 5.730845671631876748e-01, 7.307142120405218932e-02, 2.776334927615525250e-01
7.629779774900886935e-02, 5.722657896522115317e-01, 7.314643564466294379e-02, 2.782899769541166135e-01
7.638638048484525100e-02, 5.714436405959006926e-01, 7.322274433157872908e-02, 2.789472345876752302e-01
7.647626727968917515e-02, 5.706181346973533408e-01, 7.330034776902771831e-02, 2.796052502539296825e-01
7.656745832485185865e-02, 5.697892867430294217e-01, 7.337924645383286926e-02, 2.802640084782857532e-01
7.665995380180916363e-02, 5.689571116027363207e-01, 7.345944087523424704e-02, 2.809234937202202964e-01
7.675375388202691773e-02, 5.681216242296061036e-01, 7.354093151471065293e-02, 2.815836903736564367e-01
7.684885872678605401e-02, 5.672828396600686496e-01, 7.362371884580057313e-02, 2.822445827673445984e-01
7.694526848700730670e-02, 5.664407730138162345e-01, 7.370780333392275285e-02, 2.829061551652536921e-01
7.704298330307546294e-02, 5.655954394937610097e-01, 7.379318543619595161e-02, 2.835683917669675203e-01
7.714200330466354505e-02, 5.647468543859869294e-01, 7.387986560125854585e-02, 2.842312767080909519e-01
7.724232861055660426e-02, 5.638950330596930183e-01, 7.396784426908728505e-02, 2.848947940606632034e-01
7.734395932847516753e-02, 5.630399909671309766e-01, 7.405712187081583964e-02, 2.855589278335781134e-01
7.744689555489882304e-02, 5.621817436435345705e-01, 7.414769882855282157e-02, 2.862236619730138543e-01
7.755113737488909809e-02, 5.613203067070424712e-01, 7.423957555519933305e-02, 2.868889803628690283e-01
7.765668486191280862e-02, 5.604556958586131010e-01, 7.433275245426633482e-02, 2.875548668252077000e-01
7.776353807766465953e-02, 5.595879268819331509e-01, 7.442722991969129287e-02, 2.882213051207108134e-01
7.787169707188992818e-02, 5.587170156433177715e-01, 7.452300833565485283e-02, 2.888882789491374337e-01
7.798116188220748091e-02, 5.578429780916033254e-01, 7.462008807639704255e-02, 2.895557719497922067e-01
7.809193253393209577e-02, 5.569658302580335896e-01, 7.471846950603307225e-02, 2.902237677020012563e-01
7.820400903989711827e-02, 5.560855882561374086e-01, 7.481815297836912071e-02, 2.908922497255962969e-01
7.831739140027711710e-02, 5.552022682815990207e-01, 7.491913883671785790e-02, 2.915612014814058517e-01
7.843207960241045662e-02, 5.543158866121209449e-01, 7.502142741371337076e-02, 2.922306063717551861e-01
7.854807362062189713e-02, 5.534264596072784315e-01, 7.512501903112656088e-02, 2.929004477409731799e-01
7.866537341604533384e-02, 5.525340037083670275e-01, 7.522991399967968174e-02, 2.935707088759080818e-01
7.878397893644664696e-02, 5.516385354382418171e-01, 7.533611261886134780e-02, 2.942413730064501465e-01
7.890389011604684311e-02, 5.507400714011491116e-01, 7.544361517674121054e-02, 2.949124233060627098e-01
7.902510687534479439e-02, 5.498386282825495908e-01, 7.555242194978424586e-02, 2.955838428923212580e-01
7.914762912094090719e-02, 5.489342228489340059e-01, 7.566253320266558280e-02, 2.962556148274595458e-01
7.927145674536037467e-02, 5.480268719476304451e-01, 7.577394918808483260e-02, 2.969277221189243754e-01
7.939658962687716481e-02, 5.471165925066043823e-01, 7.588667014658063981e-02, 2.976001477199378686e-01
7.952302762933777247e-02, 5.462034015342499549e-01, 7.600069630634513629e-02, 2.982728745300671780e-01
7.965077060198579029e-02, 5.452873161191726936e-01, 7.611602788303872824e-02, 2.989458853958028017e-01
7.977981837928635467e-02, 5.443683534299649240e-01, 7.623266507960442528e-02, 2.996191631111442821e-01
7.991017078075114688e-02, 5.434465307149731750e-01, 7.635060808608291893e-02, 3.002926904181927314e-01
8.004182761076374109e-02, 5.425218653020557058e-01, 7.646985707942724475e-02, 3.009664500077532390e-01
8.017478865840541036e-02, 5.415943745983337054e-01, 7.659041222331802734e-02, 3.016404245199427181e-01
8.030905369728109922e-02, 5.406640760899331655e-01, 7.671227366797850333e-02, 3.023145965448072459e-01
8.044462248534632598e-02, 5.397309873417179826e-01, 7.683544154999022435e-02, 3.029889486229455087e-01
8.058149476473398798e-02, 5.387951259970160667e-01, 7.695991599210855183e-02, 3.036634632461414074e-01
8.071967026158213820e-02, 5.378565097773357895e-01, 7.708569710307865142e-02, 3.043381228580034903e-01
8.085914868586201176e-02, 5.369151564820743294e-01, 7.721278497745184821e-02, 3.050129098546118245e-01
8.099992973120678785e-02, 5.359710839882180222e-01, 7.734117969540205140e-02, 3.056878065851729165e-01
8.114201307474086522e-02, 5.350243102500340520e-01, 7.747088132254274784e-02, 3.063627953526823489e-01
8.128539837690960945e-02, 5.340748532987522612e-01, 7.760188990974428713e-02, 3.070378584145938006e-01
8.143008528131008561e-02, 5.331227312422414100e-01, 7.773420549295144422e-02, 3.077129779834970047e-01
8.157607341452208227e-02, 5.321679622646735552e-01, 7.786782809300178687e-02, 3.083881362278025895e-01
8.172336238593999602e-02, 5.312105646261824354e-01, 7.800275771544383507e-02, 3.090633152724337473e-01
8.187195178760559022e-02, 5.302505566625118627e-01, 7.813899435035648322e-02, 3.097384971995261194e-01
8.202184119404107299e-02, 5.292879567846557887e-01, 7.827653797216831133e-02, 3.104136640491347299e-01
8.217303016208354904e-02, 5.283227834784903765e-01, 7.841538853947768728e-02, 3.110887978199483594e-01
8.232551823071959651e-02, 5.273550553043965250e-01, 7.855554599487341028e-02, 3.117638804700105237e-01
8.247930492092118981e-02, 5.263847908968741773e-01, 7.869701026475595107e-02, 3.124388939174486124e-01
8.263438973548216382e-02, 5.254120089641483027e-01, 7.883978125915920565e-02, 3.131138200412103001e-01
8.279077215885581598e-02, 5.244367282877659964e-01, 7.898385887157291507e-02, 3.137886406818050644e-01
8.294845165699316070e-02, 5.234589677221845871e-01, 7.912924297876595958e-02, 3.144633376420563620e-01
8.310742767718221069e-02, 5.224787461943510847e-01, 7.927593344060990255e-02, 3.151378926878568021e-01
8.326769964788828526e-02, 5.214960827032740776e-01, 7.942393009990365849e-02, 3.158122875489339787e-01
8.342926697859509577e-02, 5.205109963195856393e-01, 7.957323278219881335e-02, 3.164865039196205210e-01
8.359212905964709395e-02, 5.195235061850946856e-01, 7.972384129562547217e-02, 3.171605234596326373e-01
8.375628526209270841e-02, 5.185336315123333373e-01, 7.987575543071916140e-02, 3.178343277948548207e-01
8.392173493752862201e-02, 5.175413915840912926e-01, 8.002897496024853619e-02, 3.185078985181316602e-01
8.408847741794503450e-02, 5.165468057529456480e-01, 8.018349963904365663e-02, 3.191812171900657025e-01
8.425651201557241010e-02, 5.155498934407788392e-01, 8.033932920382562404e-02, 3.198542653398230295e-01
8.442583802272884963e-02, 5.145506741382896987e-01, 8.049646337303653643e-02, 3.205270244659448875e-01
8.459645471166904462e-02, 5.135491674044947441e-01, 8.065490184667084561e-02, 3.211994760371654212e-01
8.476836133443406418e-02, 5.125453928662218051e-01, 8.081464430610738048e-02, 3.218716014932367364e-01
8.494155712270273773e-02, 5.115393702175948798e-01, 8.097569041394248046e-02, 3.225433822457599575e-01
8.511604128764382882e-02, 5.105311192195094439e-01, 8.113803981382403108e-02, 3.232147996790226130e-01
8.529181301976979102e-02, 5.095206596991009862e-01, 8.130169213028669295e-02, 3.238858351508425160e-01
8.546887148879164786e-02, 5.085080115492029984e-01, 8.146664696858782473e-02, 3.245564699934175845e-01
8.564721584347520511e-02, 5.074931947277978583e-01, 8.163290391454490480e-02, 3.252266855141819901e-01
8.582684521149870627e-02, 5.064762292574589431e-01, 8.180046253437381343e-02, 3.258964629966685234e-01
8.600775869931163997e-02, 5.054571352247833049e-01, 8.196932237452833614e-02, 3.265657837013768994e-01
8.618995539199493516e-02, 5.044359327798171311e-01, 8.213948296154052753e-02, 3.272346288666472258e-01
8.637343435312284934e-02, 5.034126421354729874e-01, 8.231094380186286530e-02, 3.279029797095414089e-01
8.655819462462577274e-02, 5.023872835669360715e-01, 8.248370438171077901e-02, 3.285708174267273907e-01
8.674423522665496156e-02, 5.013598774110658018e-01, 8.265776416690721884e-02, 3.292381231953719345e-01
8.693155515744857564e-02, 5.003304440657864172e-01, 8.283312260272786276e-02, 3.299048781740372416e-01
8.712015339319903462e-02, 4.992990039894696364e-01, 8.300977911374786411e-02, 3.305710635035835065e-01
8.731002888792194216e-02, 4.982655777003103803e-01, 8.318773310368990370e-02, 3.312366603080777461e-01
8.750118057332685606e-02, 4.972301857756930565e-01, 8.336698395527344929e-02, 3.319016496957067353e-01
8.769360735868911294e-02, 4.961928488515492397e-01, 8.354753103006534731e-02, 3.325660127596962168e-01
8.788730813072379022e-02, 4.951535876217091903e-01, 8.372937366833201056e-02, 3.332297305792351061e-01
8.808228175346061173e-02, 4.941124228372423821e-01, 8.391251118889268834e-02, 3.338927842204043039e-01
8.827852706812122641e-02, 4.930693753057930340e-01, 8.409694288897420766e-02, 3.345551547371115597e-01
8.847604289299733360e-02, 4.920244658909048163e-01, 8.428266804406737978e-02, 3.352168231720303870e-01
8.867482802333115366e-02, 4.909777155113399516e-01, 8.446968590778464181e-02, 3.358777705575441419e-01
8.887488123119718919e-02, 4.899291451403886000e-01, 8.465799571171915561e-02, 3.365379779166950414e-01
8.907620126538579042e-02, 4.888787758051708066e-01, 8.484759666530555799e-02, 3.371974262641377895e-01
8.927878685128856628e-02, 4.878266285859315654e-01, 8.503848795568219598e-02, 3.378560966070976446e-01
8.948263669078525273e-02, 4.867727246153268350e-01, 8.523066874755470812e-02, 3.385139699463330931e-01
8.968774946213269039e-02, 4.857170850777028370e-01, 8.542413818306159035e-02, 3.391710272771027990e-01
8.989412381985532885e-02, 4.846597312083665843e-01, 8.561889538164073332e-02, 3.398272495901373813e-01
9.010175839463760439e-02, 4.836006842928497473e-01, 8.581493943989824957e-02, 3.404826178726144126e-01
9.031065179321823289e-02, 4.825399656661647496e-01, 8.601226943147841086e-02, 3.411371131091386344e-01
9.052080259828629294e-02, 4.814775967120529798e-01, 8.621088440693562560e-02, 3.417907162827250600e-01
9.073220936837909922e-02, 4.804135988622259545e-01, 8.641078339360762361e-02, 3.424434083757873504e-01
9.094487063778190772e-02, 4.793479935955990423e-01, 8.661196539549079199e-02, 3.430951703711282441e-01
9.115878491642982751e-02, 4.782808024375178602e-01, 8.681442939311698193e-02, 3.437459832529353720e-01
9.137395068981128687e-02, 4.772120469589771208e-01, 8.701817434343199487e-02, 3.443958280077796807e-01
9.159036641887373376e-02, 4.761417487758328182e-01, 8.722319917967617797e-02, 3.450446856256172423e-01
9.180803053993084883e-02, 4.750699295480071971e-01, 8.742950281126626866e-02, 3.456925371007957271e-01
9.202694146457236768e-02, 4.739966109786863391e-01, 8.763708412367934852e-02, 3.463393634330619308e-01
9.224709757957524903e-02, 4.729218148135112543e-01, 8.784594197833871243e-02, 3.469851456285747981e-01
9.246849724681727167e-02, 4.718455628397615342e-01, 8.805607521250113923e-02, 3.476298647009200549e-01
9.269113880319242160e-02, 4.707678768855331763e-01, 8.826748263914648007e-02, 3.482735016721278942e-01
9.291502056052858283e-02, 4.696887788189081925e-01, 8.848016304686888434e-02, 3.489160375736943820e-01
9.314014080550674091e-02, 4.686082905471191107e-01, 8.869411519976976022e-02, 3.495574534476043604e-01
9.336649779958289264e-02, 4.675264340157059828e-01, 8.890933783735301132e-02, 3.501977303473580716e-01
9.359408977891162107e-02, 4.664432312076673415e-01, 8.912582967442182758e-02, 3.508368493389992793e-01
9.382291495427175221e-02, 4.653587041426039406e-01, 8.934358940097757162e-02, 3.514747915021466662e-01
9.405297151099455133e-02, 4.642728748758576662e-01, 8.956261568212070534e-02, 3.521115379310270632e-01
9.428425760889343199e-02, 4.631857654976426208e-01, 8.978290715795354815e-02, 3.527470697355103990e-01
9.451677138219621854e-02, 4.620973981321710999e-01, 9.000446244348488112e-02, 3.533813680421478143e-01
9.475051093947943481e-02, 4.610077949367732963e-01, 9.022728012853700741e-02, 3.540144139952102753e-01
9.498547436360466056e-02, 4.599169781010107871e-01, 9.045135877765435317e-02, 3.546461887577301297e-01
9.522165971165733045e-02, 4.588249698457841363e-01, 9.067669693001433051e-02, 3.552766735125441611e-01
9.545906501488732321e-02, 4.577317924224353907e-01, 9.090329309934017110e-02, 3.559058494633371983e-01
9.569768827865213212e-02, 4.566374681118433587e-01, 9.113114577381592474e-02, 3.565336978356885567e-01
9.593752748236210326e-02, 4.555420192235158927e-01, 9.136025341600345628e-02, 3.571601998781186449e-01
9.617858057942757499e-02, 4.544454680946732883e-01, 9.159061446276141327e-02, 3.577853368631377373e-01
9.642084549720890407e-02, 4.533478370893295750e-01, 9.182222732516658048e-02, 3.584090900882949127e-01
9.666432013696818482e-02, 4.522491485973660352e-01, 9.205509038843708025e-02, 3.590314408772286581e-01
9.690900237382335525e-02, 4.511494250336009482e-01, 9.228920201185784877e-02, 3.596523705807178617e-01
9.715489005670477352e-02, 4.500486888368536720e-01, 9.252456052870816627e-02, 3.602718605777333050e-01
9.740198100831384820e-02, 4.489469624690040073e-01, 9.276116424619142153e-02, 3.608898922764907091e-01
9.765027302508393070e-02, 4.478442684140460095e-01, 9.299901144536706910e-02, 3.615064471155031156e-01
9.789976387714349748e-02, 4.467406291771378601e-01, 9.323810038108461262e-02, 3.621215065646338216e-01
9.815045130828216335e-02, 4.456360672836473524e-01, 9.347842928191985035e-02, 3.627350521261508143e-01
9.840233303591790215e-02, 4.445306052781902162e-01, 9.371999635011350749e-02, 3.633470653357784297e-01
9.865540675106772295e-02, 4.434242657236680540e-01, 9.396279976151167279e-02, 3.639575277637525641e-01
9.890967011831994227e-02, 4.423170712002987837e-01, 9.420683766550885796e-02, 3.645664210158724994e-01
9.916512077580902362e-02, 4.412090443046433053e-01, 9.445210818499322203e-02, 3.651737267345546156e-01
9.942175633519277633e-02, 4.401002076486294490e-01, 9.469860941629357209e-02, 3.657794265998842720e-01
9.967957438163187189e-02, 4.389905838585707043e-01, 9.494633942912943103e-02, 3.663835023306679095e-01
9.993857247377169184e-02, 4.378801955741809526e-01, 9.519529626656271504e-02, 3.669859356854847099e-01
1.001987481437264793e-01, 4.367690654475860912e-01, 9.544547794495171489e-02, 3.675867084637357007e-01
1.004600988970658360e-01, 4.356572161423316047e-01, 9.569688245390792214e-02, 3.681858025066945261e-01
1.007226222128038834e-01, 4.345446703323864734e-01, 9.594950775625438188e-02, 3.687831996985552752e-01
1.009863155433903120e-01, 4.334314507011438056e-01, 9.620335178798691822e-02, 3.693788819674789226e-01
1.012511763147040111e-01, 4.323175799404181396e-01, 9.645841245823727483e-02, 3.699728312866405466e-01
1.015172019260494468e-01, 4.312030807494394158e-01, 9.671468764923898953e-02, 3.705650296752723283e-01
1.017843897501546635e-01, 4.300879758338435610e-01, 9.697217521629497572e-02, 3.711554591997068830e-01
1.020527371331722555e-01, 4.289722879046610760e-01, 9.723087298774811538e-02, 3.717441019744185393e-01
1.023222413946824894e-01, 4.278560396773017360e-01, 9.749077876495355899e-02, 3.723309401630621185e-01
1.025928998276990772e-01, 4.267392538705370164e-01, 9.775189032225382879e-02, 3.729159559795101053e-01
1.028647096986765597e-01, 4.256219532054795751e-01, 9.801420540695589267e-02, 3.734991316888879864e-01
1.031376682475213802e-01, 4.245041604045607930e-01, 9.827772173931091648e-02, 3.740804496086069242e-01
1.034117726876040144e-01, 4.233858981905055385e-01, 9.854243701249604248e-02, 3.746598921093945433e-01
1.036870202057743190e-01, 4.222671892853046005e-01, 9.880834889259876297e-02, 3.752374416163223869e-01
1.039634079623789481e-01, 4.211480564091853451e-01, 9.907545501860341719e-02, 3.758130806098321508e-01
1.042409330912814069e-01, 4.200285222795806517e-01, 9.934375300238046380e-02, 3.763867916267575886e-01
1.045195926998840064e-01, 4.189086096100942402e-01, 9.961324042867741868e-02, 3.769585572613443625e-01
1.047993838691527596e-01, 4.177883411094669430e-01, 9.988391485511287360e-02, 3.775283601662673405e-01
1.050803036536444995e-01, 4.166677394805392565e-01, 1.001557738121724578e-01, 3.780961830536438417e-01
1.053623490815360081e-01, 4.155468274192129496e-01, 1.004288148032072281e-01, 3.786620086960439946e-01
1.056455171546559491e-01, 4.144256276134118400e-01, 1.007030353044344739e-01, 3.792258199274977093e-01
1.059298048485192711e-01, 4.133041627420409592e-01, 1.009784327649409508e-01, 3.797875996444987634e-01
1.062152091123634290e-01, 4.121824554739442203e-01, 1.012550046066884174e-01, 3.803473308070039471e-01
1.065017268691875185e-01, 4.110605284668617521e-01, 1.015327482245213381e-01, 3.809049964394294330e-01
1.067893550157935495e-01, 4.099384043663858446e-01, 1.018116609861772909e-01, 3.814605796316432595e-01
1.070780904228299801e-01, 4.088161058049170071e-01, 1.020917402322997630e-01, 3.820140635399532636e-01
1.073679299348380412e-01, 4.076936554006179159e-01, 1.023729832764528197e-01, 3.825654313880911261e-01
1.076588703702998223e-01, 4.065710757563688049e-01, 1.026553874051386039e-01, 3.831146664681928105e-01
1.079509085216889402e-01, 4.054483894587208592e-01, 1.029389498778171402e-01, 3.836617521417730048e-01
1.082440411555240650e-01, 4.043256190768504399e-01, 1.032236679269283169e-01, 3.842066718406972892e-01
1.085382650124238763e-01, 4.032027871615126435e-01, 1.035095387579162834e-01, 3.847494090681472523e-01
1.088335768071649889e-01, 4.020799162439954166e-01, 1.037965595492564286e-01, 3.852899473995832214e-01
1.091299732287419749e-01, 4.009570288350733369e-01, 1.040847274524842880e-01, 3.858282704837003307e-01
1.094274509404297852e-01, 3.998341474239624493e-01, 1.043740395922271302e-01, 3.863643620433806491e-01
1.097260065798484480e-01, 3.987112944772741030e-01, 1.046644930662379847e-01, 3.868982058766394228e-01
1.100256367590300433e-01, 3.975884924379714525e-01, 1.049560849454314049e-01, 3.874297858575670439e-01
1.103263380644879110e-01, 3.964657637243249044e-01, 1.052488122739224236e-01, 3.879590859372646916e-01
1.106281070572883302e-01, 3.953431307288690633e-01, 1.055426720690669923e-01, 3.884860901447756421e-01
1.109309402731243482e-01, 3.942206158173608421e-01, 1.058376613215054052e-01, 3.890107825880094183e-01
1.112348342223918457e-01, 3.930982413277382959e-01, 1.061337769952077348e-01, 3.895331474546622763e-01
1.115397853902678760e-01, 3.919760295690807861e-01, 1.064310160275214329e-01, 3.900531690131298634e-01
1.118457902367915036e-01, 3.908540028205709782e-01, 1.067293753292217484e-01, 3.905708316134156588e-01
1.121528451969463352e-01, 3.897321833304573935e-01, 1.070288517845638804e-01, 3.910861196880323076e-01
1.124609466807457436e-01, 3.886105933150192371e-01, 1.073294422513376423e-01, 3.915990177528973493e-01
1.127700910733202416e-01, 3.874892549575329470e-01, 1.076311435609246386e-01, 3.921095104082221172e-01
1.130802747350067444e-01, 3.863681904072406303e-01, 1.079339525183572041e-01, 3.926175823393954767e-01
1.133914940014405515e-01, 3.852474217783198318e-01, 1.082378659023801870e-01, 3.931232183178593464e-01
1.137037451836489382e-01, 3.841269711488568550e-01, 1.085428804655146073e-01, 3.936264032019795023e-01
1.140170245681472877e-01, 3.830068605598205833e-01, 1.088489929341236173e-01, 3.941271219379084423e-01
1.143313284170371785e-01, 3.818871120140402420e-01, 1.091562000084808082e-01, 3.946253595604418130e-01
1.146466529681069574e-01, 3.807677474751846036e-01, 1.094644983628406121e-01, 3.951211011938677298e-01
1.149629944349337130e-01, 3.796487888667446908e-01, 1.097738846455110912e-01, 3.956143320528104912e-01
1.152803490069883863e-01, 3.785302580710183662e-01, 1.100843554789287804e-01, 3.961050374430644672e-01
1.155987128497418942e-01, 3.774121769280983640e-01, 1.103959074597359175e-01, 3.965932027624237133e-01
1.159180821047742227e-01, 3.762945672348639858e-01, 1.107085371588595185e-01, 3.970788135015022591e-01
1.162384528898849495e-01, 3.751774507439739614e-01, 1.110222411215928962e-01, 3.975618552445482901e-01
1.165598212992063759e-01, 3.740608491628645838e-01, 1.113370158676794119e-01, 3.980423136702496700e-01
1.168821834033180185e-01, 3.729447841527508967e-01, 1.116528578913981162e-01, 3.985201745525328021e-01
1.172055352493640706e-01, 3.718292773276302143e-01, 1.119697636616517888e-01, 3.989954237613539401e-01
1.175298728611716970e-01, 3.707143502532902479e-01, 1.122877296220567284e-01, 3.994680472634813406e-01
1.178551922393722695e-01, 3.696000244463213402e-01, 1.126067521910352059e-01, 3.999380311232711982e-01
1.181814893615242001e-01, 3.684863213731314757e-01, 1.129268277619094873e-01, 4.004053615034348645e-01
1.185087601822377573e-01, 3.673732624489662313e-01, 1.132479527029982280e-01, 4.008700246657976862e-01
1.188370006333016593e-01, 3.662608690369325570e-01, 1.135701233577148944e-01, 4.013320069720507921e-01
1.191662066238121237e-01, 3.651491624470266650e-01, 1.138933360446681559e-01, 4.017912948844930554e-01
1.194963740403029301e-01, 3.640381639351661924e-01, 1.142175870577644553e-01, 4.022478749667663944e-01
1.198274987468782166e-01, 3.629278947022276380e-01, 1.145428726663124813e-01, 4.027017338845817473e-01
1.201595765853467890e-01, 3.618183758930871852e-01, 1.148691891151296385e-01, 4.031528584064363874e-01
1.204926033753580955e-01, 3.607096285956674087e-01, 1.151965326246506827e-01, 4.036012354043237438e-01
1.208265749145404633e-01, 3.596016738399877566e-01, 1.155248993910381744e-01, 4.040468518544336751e-01
1.211614869786407367e-01, 3.584945325972209718e-01, 1.158542855862948334e-01, 4.044896948378434720e-01
1.214973353216658308e-01, 3.573882257787538430e-01, 1.161846873583782108e-01, 4.049297515412020321e-01
1.218341156760261446e-01, 3.562827742352536742e-01, 1.165161008313167212e-01, 4.053670092574034878e-01
1.221718237526808470e-01, 3.551781987557391385e-01, 1.168485221053280620e-01, 4.058014553862518969e-01
1.225104552412842607e-01, 3.540745200666580161e-01, 1.171819472569393256e-01, 4.062330774351183282e-01
1.228500058103348946e-01, 3.529717588309688181e-01, 1.175163723391090542e-01, 4.066618630195872885e-01
1.231904711073252695e-01, 3.518699356472290707e-01, 1.178517933813510027e-01, 4.070877998640947126e-01
1.235318467588940455e-01, 3.507690710486892627e-01, 1.181882063898599400e-01, 4.075108758025568489e-01
1.238741283709794555e-01, 3.496691855023918993e-01, 1.185256073476392280e-01, 4.079310787789893755e-01
1.242173115289744723e-01, 3.485702994082773287e-01, 1.188639922146300931e-01, 4.083483968481181337e-01
1.245613917978834612e-01, 3.474724330982950637e-01, 1.192033569278427158e-01, 4.087628181759788148e-01
1.249063647224808310e-01, 3.463756068355215434e-01, 1.195436974014891934e-01, 4.091743310405085432e-01
1.252522258274704481e-01, 3.452798408132837782e-01, 1.198850095271183080e-01, 4.095829238321274657e-01
1.255989706176474374e-01, 3.441851551542898235e-01, 1.202272891737515698e-01, 4.099885850543111832e-01
1.259465945780610663e-01, 3.430915699097654148e-01, 1.205705321880215924e-01, 4.103913033241520236e-01
1.262950931741788352e-01, 3.419991050585970971e-01, 1.209147343943116210e-01, 4.107910673729124884e-01
1.266444618520527754e-01, 3.409077805064819611e-01, 1.212598915948971678e-01, 4.111878660465680402e-01
1.269946960384867596e-01, 3.398176160850843175e-01, 1.216059995700889684e-01, 4.115816883063398990e-01
1.273457911412048671e-01, 3.387286315511991441e-01, 1.219530540783776845e-01, 4.119725232292182904e-01
1.276977425490218587e-01, 3.376408465859223051e-01, 1.223010508565802318e-01, 4.123603600084757015e-01
1.280505456320146784e-01, 3.365542807938279313e-01, 1.226499856199875366e-01, 4.127451879541698676e-01
1.284041957416953428e-01, 3.354689537021527390e-01, 1.229998540625142356e-01, 4.131269964936378214e-01
1.287586882111848019e-01, 3.343848847599877327e-01, 1.233506518568494303e-01, 4.135057751719780073e-01
1.291140183553890486e-01, 3.333020933374771233e-01, 1.237023746546093150e-01, 4.138815136525244021e-01
1.294701814711753107e-01, 3.322205987250246295e-01, 1.240550180864912477e-01, 4.142542017173088120e-01
1.298271728375503808e-01, 3.311404201325068297e-01, 1.244085777624288486e-01, 4.146238292675138992e-01
1.301849877158399449e-01, 3.300615766884950064e-01, 1.247630492717495265e-01, 4.149903863239154944e-01
1.305436213498686604e-01, 3.289840874394834302e-01, 1.251184281833323253e-01, 4.153538630273156951e-01
1.309030689661423441e-01, 3.279079713491261372e-01, 1.254747100457678510e-01, 4.157142496389635844e-01
1.312633257740305204e-01, 3.268332472974815328e-01, 1.258318903875196293e-01, 4.160715365409682898e-01
1.316243869659499133e-01, 3.257599340802641019e-01, 1.261899647170863781e-01, 4.164257142366996067e-01
1.319862477175504090e-01, 3.246880504081048335e-01, 1.265489285231659045e-01, 4.167767733511788530e-01
1.323489031879002964e-01, 3.236176149058192508e-01, 1.269087772748203891e-01, 4.171247046314601192e-01
1.327123485196740060e-01, 3.225486461116836012e-01, 1.272695064216425864e-01, 4.174694989469998063e-01
1.330765788393400983e-01, 3.214811624767193732e-01, 1.276311113939239961e-01, 4.178111472900165602e-01
1.334415892573504181e-01, 3.204151823639856400e-01, 1.279935876028235053e-01, 4.181496407758403810e-01
1.338073748683303033e-01, 3.193507240478801190e-01, 1.283569304405375866e-01, 4.184849706432520189e-01
1.341739307512699597e-01, 3.182878057134482241e-01, 1.287211352804720210e-01, 4.188171282548098229e-01
1.345412519697161413e-01, 3.172264454557011670e-01, 1.290861974774140664e-01, 4.191461050971687641e-01
1.349093335719653564e-01, 3.161666612789411634e-01, 1.294521123677063734e-01, 4.194718927813870790e-01
1.352781705912579069e-01, 3.151084710960975199e-01, 1.298188752694220405e-01, 4.197944830432225327e-01
1.356477580459720667e-01, 3.140518927280686601e-01, 1.301864814825403061e-01, 4.201138677434189672e-01
1.360180909398201188e-01, 3.129969439030748646e-01, 1.305549262891235740e-01, 4.204300388679814149e-01
1.363891642620443656e-01, 3.119436422560188382e-01, 1.309242049534957986e-01, 4.207429885284409976e-01
1.367609729876143321e-01, 3.108920053278551032e-01, 1.312943127224213413e-01, 4.210527089621092234e-01
1.371335120774247185e-01, 3.098420505649684409e-01, 1.316652448252850771e-01, 4.213591925323216802e-01
1.375067764784937974e-01, 3.087937953185614370e-01, 1.320369964742738877e-01, 4.216624317286708501e-01
1.378807611241628095e-01, 3.077472568440500766e-01, 1.324095628645583778e-01, 4.219624191672288194e-01
1.382554609342958041e-01, 3.067024523004694969e-01, 1.327829391744758669e-01, 4.222591475907588321e-01
1.386308708154802838e-01, 3.056593987498881781e-01, 1.331571205657145762e-01, 4.225526098689168508e-01
1.390069856612284882e-01, 3.046181131568312939e-01, 1.335321021834982302e-01, 4.228427989984419599e-01
1.393838003521790103e-01, 3.035786123877128317e-01, 1.339078791567717697e-01, 4.231297081033364993e-01
1.397613097562992734e-01, 3.025409132102778731e-01, 1.342844465983878410e-01, 4.234133304350350402e-01
1.401395087290884800e-01, 3.015050322930532545e-01, 1.346617996052941191e-01, 4.236936593725641464e-01
1.405183921137809211e-01, 3.004709862048077218e-01, 1.350399332587214618e-01, 4.239706884226899231e-01
1.408979547415500355e-01, 2.994387914140216322e-01, 1.354188426243725374e-01, 4.242444112200557949e-01
1.412781914317125243e-01, 2.984084642883654270e-01, 1.357985227526115890e-01, 4.245148215273104597e-01
1.416590969919336307e-01, 2.973800210941884292e-01, 1.361789686786548381e-01, 4.247819132352231297e-01
1.420406662184318380e-01, 2.963534779960159127e-01, 1.365601754227611653e-01, 4.250456803627910563e-01
1.424228938961847879e-01, 2.953288510560568847e-01, 1.369421379904239844e-01, 4.253061170573344540e-01
1.428057747991352544e-01, 2.943061562337197512e-01, 1.373248513725634778e-01, 4.255632175945815998e-01
1.431893036903973959e-01, 2.932854093851394173e-01, 1.377083105457194145e-01, 4.258169763787437723e-01
1.435734753224633398e-01, 2.922666262627122147e-01, 1.380925104722446339e-01, 4.260673879425797006e-01
1.439582844374102943e-01, 2.912498225146414321e-01, 1.384774461004993351e-01, 4.263144469474488552e-01
1.443437257671074669e-01, 2.902350136844919493e-01, 1.388631123650452270e-01, 4.265581481833553013e-01
1.447297940334235644e-01, 2.892222152107547517e-01, 1.392495041868410111e-01, 4.267984865689807283e-01
1.451164839484343771e-01, 2.882114424264207719e-01, 1.396366164734376414e-01, 4.270354571517072650e-01
1.455037902146309459e-01, 2.872027105585648332e-01, 1.400244441191746403e-01, 4.272690551076296916e-01
1.458917075251266460e-01, 2.861960347279388639e-01, 1.404129820053764965e-01, 4.274992757415580491e-01
1.462802305638664646e-01, 2.851914299485747706e-01, 1.408022250005493414e-01, 4.277261144870094789e-01
1.466693540058341683e-01, 2.841889111273976365e-01, 1.411921679605786240e-01, 4.279495669061896268e-01
1.470590725172611635e-01, 2.831884930638476905e-01, 1.415828057289264252e-01, 4.281696286899646098e-01
1.474493807558346359e-01, 2.821901904495127678e-01, 1.419741331368297999e-01, 4.283862956578228243e-01
1.478402733709061334e-01, 2.811940178677700408e-01, 1.423661450034985898e-01, 4.285995637578252637e-01
1.482317450036996220e-01, 2.801999897934378536e-01, 1.427588361363145708e-01, 4.288094290665477870e-01
1.486237902875203465e-01, 2.792081205924371590e-01, 1.431522013310299601e-01, 4.290158877890125622e-01
1.490164038479627473e-01, 2.782184245214622820e-01, 1.435462353719666739e-01, 4.292189362586082968e-01
1.494095803031189607e-01, 2.772309157276626190e-01, 1.439409330322158065e-01, 4.294185709370027526e-01
1.498033142637870407e-01, 2.762456082483322750e-01, 1.443362890738367765e-01, 4.296147884140438800e-01
1.501976003336790155e-01, 2.752625160106116353e-01, 1.447322982480573894e-01, 4.298075854076519597e-01
1.505924331096287760e-01, 2.742816528311967650e-01, 1.451289552954737327e-01, 4.299969587637006430e-01
1.509878071818001599e-01, 2.733030324160596880e-01, 1.455262549462499611e-01, 4.301829054558902188e-01
1.513837171338942023e-01, 2.723266683601781035e-01, 1.459241919203183024e-01, 4.303654225856093363e-01
1.517801575433569139e-01, 2.713525741472749830e-01, 1.463227609275796759e-01, 4.305445073817883994e-01
1.521771229815862825e-01, 2.703807631495674380e-01, 1.467219566681034759e-01, 4.307201572007427481e-01
1.525746080141393846e-01, 2.694112486275260232e-01, 1.471217738323280511e-01, 4.308923695260066244e-01
1.529726072009388871e-01, 2.684440437296432003e-01, 1.475222071012610159e-01, 4.310611419681568690e-01
1.533711150964797432e-01, 2.674791614922119032e-01, 1.479232511466794797e-01, 4.312264722646289572e-01
1.537701262500349719e-01, 2.665166148391134304e-01, 1.483249006313300533e-01, 4.313883582795214888e-01
1.541696352058616604e-01, 2.655564165816155509e-01, 1.487271502091294662e-01, 4.315467980033933504e-01
1.545696365034062159e-01, 2.645985794181794359e-01, 1.491299945253644343e-01, 4.317017895530499416e-01
1.549701246775093966e-01, 2.636431159342771391e-01, 1.495334282168914175e-01, 4.318533311713220191e-01
1.553710942586110644e-01, 2.626900386022184564e-01, 1.499374459123370973e-01, 4.320014212268334375e-01
1.557725397729542161e-01, 2.617393597809867245e-01, 1.503420422322974404e-01, 4.321460582137617301e-01
1.561744557427886815e-01, 2.607910917160851105e-01, 1.507472117895377606e-01, 4.322872407515883642e-01
1.565768366865748495e-01, 2.598452465393922828e-01, 1.511529491891918375e-01, 4.324249675848409469e-01
1.569796771191858120e-01, 2.589018362690271302e-01, 1.515592490289613126e-01, 4.325592375828257174e-01
1.573829715521101458e-01, 2.579608728092233627e-01, 1.519661058993141689e-01, 4.326900497393523226e-01
1.577867144936535848e-01, 2.570223679502137148e-01, 1.523735143836841555e-01, 4.328174031724486004e-01
1.581909004491400261e-01, 2.560863333681233089e-01, 1.527814690586684065e-01, 4.329412971240682584e-01
1.585955239211124523e-01, 2.551527806248727326e-01, 1.531899644942260330e-01, 4.330617309597886710e-01
1.590005794095330771e-01, 2.542217211680904976e-01, 1.535989952538760195e-01, 4.331787041685003503e-01
1.594060614119823527e-01, 2.532931663310343251e-01, 1.540085558948942890e-01, 4.332922163620890332e-01
1.598119644238581716e-01, 2.523671273325225894e-01, 1.544186409685111006e-01, 4.334022672751081662e-01
1.602182829385741802e-01, 2.514436152768745325e-01, 1.548292450201078363e-01, 4.335088567644435620e-01
1.606250114477568436e-01, 2.505226411538599152e-01, 1.552403625894130390e-01, 4.336119848089702300e-01
1.610321444414428982e-01, 2.496042158386578835e-01, 1.556519882106988661e-01, 4.337116515092004909e-01
1.614396764082748348e-01, 2.486883500918250223e-01, 1.560641164129759895e-01, 4.338078570869241535e-01
1.618476018356970747e-01, 2.477750545592722897e-01, 1.564767417201891608e-01, 4.339006018848414747e-01
1.622559152101499536e-01, 2.468643397722517507e-01, 1.568898586514115845e-01, 4.339898863661867390e-01
1.626646110172642601e-01, 2.459562161473516362e-01, 1.573034617210387620e-01, 4.340757111143453417e-01
1.630736837420540541e-01, 2.450506939865006173e-01, 1.577175454389826703e-01, 4.341580768324626582e-01
1.634831278691090406e-01, 2.441477834769815725e-01, 1.581321043108642466e-01, 4.342369843430450849e-01
1.638929378827865546e-01, 2.432474946914533476e-01, 1.585471328382062617e-01, 4.343124345875537529e-01
1.643031082674019372e-01, 2.423498375879825362e-01, 1.589626255186249448e-01, 4.343844286259905263e-01
1.647136335074184388e-01, 2.414548220100829756e-01, 1.593785768460217189e-01, 4.344529676364768389e-01
1.651245080876364846e-01, 2.405624576867647080e-01, 1.597949813107737149e-01, 4.345180529148250370e-01
1.655357264933819683e-01, 2.396727542325917115e-01, 1.602118333999239808e-01, 4.345796858741022839e-01
1.659472832106931861e-01, 2.387857211477477093e-01, 1.606291275973711075e-01, 4.346378680441879139e-01
1.663591727265076869e-01, 2.379013678181116642e-01, 1.610468583840578838e-01, 4.346926010713227373e-01
1.667713895288473747e-01, 2.370197035153403797e-01, 1.614650202381597566e-01, 4.347438867176524613e-01
1.671839281070032768e-01, 2.361407373969613144e-01, 1.618836076352721809e-01, 4.347917268607631169e-01
1.675967829517193142e-01, 2.352644785064725297e-01, 1.623026150485974706e-01, 4.348361234932106578e-01
1.680099485553745720e-01, 2.343909357734515475e-01, 1.627220369491309548e-01, 4.348770787220430090e-01
1.684234194121652928e-01, 2.335201180136728116e-01, 1.631418678058463023e-01, 4.349145947683156210e-01
1.688371900182853991e-01, 2.326520339292330875e-01, 1.635621020858802066e-01, 4.349486739666013624e-01
1.692512548721061827e-01, 2.317866921086851884e-01, 1.639827342547161837e-01, 4.349793187644923620e-01
1.696656084743552728e-01, 2.309241010271800287e-01, 1.644037587763678421e-01, 4.350065317220967454e-01
1.700802453282938831e-01, 2.300642690466166707e-01, 1.648251701135609038e-01, 4.350303155115285980e-01
1.704951599398934203e-01, 2.292072044158002253e-01, 1.652469627279149755e-01, 4.350506729163913788e-01
1.709103468180113716e-01, 2.283529152706083587e-01, 1.656691310801240158e-01, 4.350676068312562261e-01
1.713258004745655816e-01, 2.275014096341652636e-01, 1.660916696301362183e-01, 4.350811202611328810e-01
1.717415154247075026e-01, 2.266526954170234309e-01, 1.665145728373332856e-01, 4.350912163209358363e-01
1.721574861869946405e-01, 2.258067804173534976e-01, 1.669378351607080924e-01, 4.350978982349436586e-01
1.725737072835618890e-01, 2.249636723211419498e-01, 1.673614510590422932e-01, 4.351011693362539234e-01
1.729901732402913117e-01, 2.241233787023957924e-01, 1.677854149910825710e-01, 4.351010330662303804e-01
1.734068785869812557e-01, 2.232859070233558785e-01, 1.682097214157160514e-01, 4.350974929739468422e-01
1.738238178575142734e-01, 2.224512646347170108e-01, 1.686343647921450251e-01, 4.350905527156237462e-01
1.742409855900235449e-01, 2.216194587758555656e-01, 1.690593395800605026e-01, 4.350802160540602759e-01
1.746583763270586065e-01, 2.207904965750650816e-01, 1.694846402398146601e-01, 4.350664868580616518e-01
1.750759846157495525e-01, 2.199643850497984277e-01, 1.699102612325929795e-01, 4.350493691018589848e-01
1.754938050079702661e-01, 2.191411311069177692e-01, 1.703361970205848619e-01, 4.350288668645270196e-01
1.759118320605004282e-01, 2.183207415429517517e-01, 1.707624420671531862e-01, 4.350049843293946616e-01
1.763300603351861395e-01, 2.175032230443591230e-01, 1.711889908370036184e-01, 4.349777257834511190e-01
1.767484843990996535e-01, 2.166885821878004881e-01, 1.716158377963520054e-01, 4.349470956167478253e-01
1.771670988246977219e-01, 2.158768254404161424e-01, 1.720429774130913525e-01, 4.349130983217947555e-01
1.775858981899786360e-01, 2.150679591601111218e-01, 1.724704041569577462e-01, 4.348757384929525238e-01
1.780048770786380186e-01, 2.142619895958471909e-01, 1.728981124996948893e-01, 4.348350208258199290e-01
1.784240300802239221e-01, 2.134589228879415490e-01, 1.733260969152179420e-01, 4.347909501166166701e-01
1.788433517902896508e-01, 2.126587650683719466e-01, 1.737543518797762532e-01, 4.347435312615622327e-01
1.792628368105464165e-01, 2.118615220610886585e-01, 1.741828718721150082e-01, 4.346927692562499446e-01
1.796824797490139403e-01, 2.110671996823334784e-01, 1.746116513736357123e-01, 4.346386691950169245e-01
1.801022752201700827e-01, 2.102758036409637932e-01, 1.750406848685555905e-01, 4.345812362703105336e-01
1.805222178450994475e-01, 2.094873395387844839e-01, 1.754699668440664051e-01, 4.345204757720496080e-01
1.809423022516400692e-01, 2.087018128708854892e-01, 1.758994917904911914e-01, 4.344563930869832502e-01
1.813625230745293804e-01, 2.079192290259853915e-01, 1.763292542014410491e-01, 4.343889936980442901e-01
1.817828749555487622e-01, 2.071395932867814704e-01, 1.767592485739696573e-01, 4.343182831837001934e-01
1.822033525436665691e-01, 2.063629108303060844e-01, 1.771894694087278177e-01, 4.342442672172995843e-01
1.826239504951800985e-01, 2.055891867282884089e-01, 1.776199112101160826e-01, 4.341669515664154377e-01
1.830446634738560063e-01, 2.048184259475224200e-01, 1.780505684864363281e-01, 4.340863420921852733e-01
1.834654861510696400e-01, 2.040506333502408176e-01, 1.784814357500426885e-01, 4.340024447486467429e-01
1.838864132059430945e-01, 2.032858136944945271e-01, 1.789125075174908264e-01, 4.339152655820714966e-01
1.843074393254814647e-01, 2.025239716345379470e-01, 1.793437783096861471e-01, 4.338248107302944412e-01
1.847285592047083758e-01, 2.017651117212196643e-01, 1.797752426520311253e-01, 4.337310864220408901e-01
1.851497675467997373e-01, 2.010092384023791923e-01, 1.802068950745711884e-01, 4.336340989762498821e-01
1.855710590632165535e-01, 2.002563560232482331e-01, 1.806387301121395728e-01, 4.335338548013956683e-01
1.859924284738357636e-01, 1.995064688268581576e-01, 1.810707423045009312e-01, 4.334303603948052586e-01
1.864138705070805258e-01, 1.987595809544525360e-01, 1.815029261964937468e-01, 4.333236223419731914e-01
1.868353799000486426e-01, 1.980156964459043600e-01, 1.819352763381717475e-01, 4.332136473158753054e-01
1.872569513986396261e-01, 1.972748192401390654e-01, 1.823677872849436832e-01, 4.331004420762775142e-01
1.876785797576806525e-01, 1.965369531755624122e-01, 1.828004535977126865e-01, 4.329840134690443043e-01
1.881002597410509902e-01, 1.958021019904929716e-01, 1.832332698430133022e-01, 4.328643684254426804e-01
1.885219861218051796e-01, 1.950702693235998320e-01, 1.836662305931487105e-01, 4.327415139614463890e-01
1.889437536822947405e-01, 1.943414587143448280e-01, 1.840993304263253139e-01, 4.326154571770352009e-01
1.893655572142884658e-01, 1.936156736034300996e-01, 1.845325639267872131e-01, 4.324862052554941938e-01
1.897873915190917415e-01, 1.928929173332493141e-01, 1.849659256849488786e-01, 4.323537654627100935e-01
1.902092514076638707e-01, 1.921731931483444122e-01, 1.853994102975269065e-01, 4.322181451464648383e-01
1.906311317007346184e-01, 1.914565041958658786e-01, 1.858330123676699974e-01, 4.320793517357294222e-01
1.910530272289190645e-01, 1.907428535260384250e-01, 1.862667265050888532e-01, 4.319373927399537405e-01
1.914749328328309852e-01, 1.900322440926298651e-01, 1.867005473261833803e-01, 4.317922757483557694e-01
1.918968433631953185e-01, 1.893246787534254016e-01, 1.871344694541698106e-01, 4.316440084292094137e-01
1.923187536809589648e-01, 1.886201602707049396e-01, 1.875684875192061007e-01, 4.314925985291300781e-01
1.927406586573998659e-01, 1.879186913117252278e-01, 1.880025961585160277e-01, 4.313380538723588509e-01
1.931625531742356405e-01, 1.872202744492056647e-01, 1.884367900165123955e-01, 4.311803823600462993e-01
1.935844321237298327e-01, 1.865249121618180184e-01, 1.888710637449186880e-01, 4.310195919695334332e-01
1.940062904087975215e-01, 1.858326068346802251e-01, 1.893054120028896392e-01, 4.308556907536327252e-01
1.944281229431091829e-01, 1.851433607598531872e-01, 1.897398294571301380e-01, 4.306886868399074642e-01
1.948499246511932459e-01, 1.844571761368425378e-01, 1.901743107820140499e-01, 4.305185884299501109e-01
1.952716904685376509e-01, 1.837740550731024880e-01, 1.906088506597003462e-01, 4.303454037986594871e-01
1.956934153416891309e-01, 1.830939995845443091e-01, 1.910434437802486229e-01, 4.301691412935178538e-01
1.961150942283524934e-01, 1.824170115960476457e-01, 1.914780848417339809e-01, 4.299898093338658245e-01
1.965367220974871543e-01, 1.817430929419753538e-01, 1.919127685503593528e-01, 4.298074164101781114e-01
1.969582939294031443e-01, 1.810722453666915588e-01, 1.923474896205679685e-01, 4.296219710833373839e-01
1.973798047158555613e-01, 1.804044705250830438e-01, 1.927822427751532952e-01, 4.294334819839079609e-01
1.978012494601378013e-01, 1.797397699830834972e-01, 1.932170227453689215e-01, 4.292419578114097800e-01
1.982226231771729574e-01, 1.790781452182007571e-01, 1.936518242710361104e-01, 4.290474073335900917e-01
1.986439208936046086e-01, 1.784195976200473877e-01, 1.940866421006511855e-01, 4.288498393856968738e-01
1.990651376478853318e-01, 1.777641284908736963e-01, 1.945214709914903917e-01, 4.286492628697505247e-01
1.994862684903650207e-01, 1.771117390461037777e-01, 1.949563057097149499e-01, 4.284456867538162794e-01
1.999073084833766778e-01, 1.764624304148741663e-01, 1.953911410304736695e-01, 4.282391200712754586e-01
2.003282527013219017e-01, 1.758162036405751805e-01, 1.958259717380049225e-01, 4.280295719200981064e-01
2.007490962307541260e-01, 1.751730596813945162e-01, 1.962607926257373958e-01, 4.278170514621140175e-01
2.011698341704613313e-01, 1.745329994108640870e-01, 1.966955984963892623e-01, 4.276015679222852639e-01
2.015904616315469244e-01, 1.738960236184083907e-01, 1.971303841620664909e-01, 4.273831305879783327e-01
2.020109737375093972e-01, 1.732621330098954859e-01, 1.975651444443596305e-01, 4.271617488082355418e-01
2.024313656243206805e-01, 1.726313282081906320e-01, 1.979998741744395108e-01, 4.269374319930491768e-01
2.028516324405035820e-01, 1.720036097537115116e-01, 1.984345681931516392e-01, 4.267101896126332394e-01
2.032717693472070042e-01, 1.713789781049859517e-01, 1.988692213511097096e-01, 4.264800311966974178e-01
2.036917715182807731e-01, 1.707574336392112535e-01, 1.993038285087870842e-01, 4.262469663337209447e-01
2.041116341403486356e-01, 1.701389766528160763e-01, 1.997383845366080268e-01, 4.260110046702271780e-01
2.045313524128803406e-01, 1.695236073620235706e-01, 2.001728843150371029e-01, 4.257721559100590136e-01
2.049509215482617774e-01, 1.689113259034167591e-01, 2.006073227346673593e-01, 4.255304298136541319e-01
2.053703367718648642e-01, 1.683021323345053055e-01, 2.010416946963076434e-01, 4.252858361973221868e-01
2.057895933221150775e-01, 1.676960266342941985e-01, 2.014759951110685343e-01, 4.250383849325221619e-01
2.062086864505582595e-01, 1.670930087038539347e-01, 2.019102189004469694e-01, 4.247880859451408364e-01
2.066276114219262883e-01, 1.664930783668920888e-01, 2.023443609964096501e-01, 4.245349492147719173e-01
2.070463635142012759e-01, 1.658962353703264669e-01, 2.027784163414757257e-01, 4.242789847739965592e-01
2.074649380186781578e-01, 1.653024793848595353e-01, 2.032123798887974786e-01, 4.240202027076647728e-01
2.078833302400269201e-01, 1.647118100055543488e-01, 2.036462466022405104e-01, 4.237586131521782207e-01
2.083015354963524135e-01, 1.641242267524112008e-01, 2.040800114564625956e-01, 4.234942262947737346e-01
2.087195491192544161e-01, 1.635397290709460771e-01, 2.045136694369907582e-01, 4.232270523728087763e-01
2.091373664538846988e-01, 1.629583163327697481e-01, 2.049472155402983220e-01, 4.229571016730472310e-01
2.095549828590043961e-01, 1.623799878361679438e-01, 2.053806447738796559e-01, 4.226843845309479764e-01
2.099723937070393232e-01, 1.618047428066826388e-01, 2.058139521563243368e-01, 4.224089113299536180e-01
2.103895943841344318e-01, 1.612325803976941141e-01, 2.062471327173902857e-01, 4.221306925007812239e-01
2.108065802902065466e-01, 1.606634996910036584e-01, 2.066801814980750163e-01, 4.218497385207146677e-01
2.112233468389970170e-01, 1.600974996974175169e-01, 2.071130935506867443e-01, 4.215660599128987496e-01
2.116398894581214829e-01, 1.595345793573307858e-01, 2.075458639389134996e-01, 4.212796672456343150e-01
2.120562035891203068e-01, 1.589747375413126662e-01, 2.079784877378913766e-01, 4.209905711316757060e-01
2.124722846875063964e-01, 1.584179730506916628e-01, 2.084109600342720359e-01, 4.206987822275299327e-01
2.128881282228125282e-01, 1.578642846181417536e-01, 2.088432759262884297e-01, 4.204043112327572329e-01
2.133037296786374493e-01, 1.573136709082686158e-01, 2.092754305238198054e-01, 4.201071688892741851e-01
2.137190845526907024e-01, 1.567661305181962672e-01, 2.097074189484554041e-01, 4.198073659806576541e-01
2.141341883568362858e-01, 1.562216619781543470e-01, 2.101392363335573554e-01, 4.195049133314519563e-01
2.145490366171354801e-01, 1.556802637520651178e-01, 2.105708778243219059e-01, 4.191998218064774684e-01
2.149636248738878430e-01, 1.551419342381309130e-01, 2.110023385778403704e-01, 4.188921023101409014e-01
2.153779486816720101e-01, 1.546066717694216386e-01, 2.114336137631579737e-01, 4.185817657857484608e-01
2.157920036093845528e-01, 1.540744746144623867e-01, 2.118646985613324152e-01, 4.182688232148205620e-01
2.162057852402783920e-01, 1.535453409778211875e-01, 2.122955881654911559e-01, 4.179532856164093202e-01
2.166192891719994351e-01, 1.530192690006959289e-01, 2.127262777808872907e-01, 4.176351640464173176e-01
2.170325110166229365e-01, 1.524962567615023024e-01, 2.131567626249547820e-01, 4.173144695969199791e-01
2.174454464006876087e-01, 1.519763022764605842e-01, 2.135870379273623609e-01, 4.169912133954894462e-01
2.178580909652302056e-01, 1.514594035001826933e-01, 2.140170989300665128e-01, 4.166654066045206162e-01
2.182704403658176640e-01, 1.509455583262585832e-01, 2.144469408873634908e-01, 4.163370604205602898e-01
2.186824902725786335e-01, 1.504347645878428563e-01, 2.148765590659398317e-01, 4.160061860736386508e-01
2.190942363702345075e-01, 1.499270200582402401e-01, 2.153059487449225096e-01, 4.156727948266027983e-01
2.195056743581284553e-01, 1.494223224514910631e-01, 2.157351052159273697e-01, 4.153368979744530010e-01
2.199167999502542603e-01, 1.489206694229560923e-01, 2.161640237831074507e-01, 4.149985068436822244e-01
2.203276088752834649e-01, 1.484220585699006500e-01, 2.165926997631989481e-01, 4.146576327916169369e-01
2.207380968765920437e-01, 1.479264874320782852e-01, 2.170211284855677325e-01, 4.143142872057620774e-01
2.211482597122856053e-01, 1.474339534923137518e-01, 2.174493052922534531e-01, 4.139684815031471898e-01
2.215580931552241783e-01, 1.469444541770849877e-01, 2.178772255380138356e-01, 4.136202271296769428e-01
2.219675929930452762e-01, 1.464579868571047883e-01, 2.183048845903668989e-01, 4.132695355594830922e-01
2.223767550281862959e-01, 1.459745488479009534e-01, 2.187322778296332260e-01, 4.129164182942794969e-01
2.227855750779064170e-01, 1.454941374103961294e-01, 2.191594006489763768e-01, 4.125608868627209103e-01
2.231940489743069189e-01, 1.450167497514865123e-01, 2.195862484544431892e-01, 4.122029528197634352e-01
2.236021725643501656e-01, 1.445423830246195251e-01, 2.200128166650020811e-01, 4.118426277460282003e-01
2.240099417098793400e-01, 1.440710343303703012e-01, 2.204391007125816593e-01, 4.114799232471688106e-01
2.244173522876350413e-01, 1.436027007170175840e-01, 2.208650960421069676e-01, 4.111148509532404627e-01
2.248244001892726052e-01, 1.431373791811177409e-01, 2.212907981115365408e-01, 4.107474225180731686e-01
2.252310813213777296e-01, 1.426750666680783042e-01, 2.217162023918964886e-01, 4.103776496186474221e-01
2.256373916054814910e-01, 1.422157600727298465e-01, 2.221413043673154952e-01, 4.100055439544731395e-01
2.260433269780740551e-01, 1.417594562398967473e-01, 2.225660995350579596e-01, 4.096311172469712103e-01
2.264488833906181664e-01, 1.413061519649665421e-01, 2.229905834055562752e-01, 4.092543812388590441e-01
2.268540568095609722e-01, 1.408558439944580243e-01, 2.234147515024422492e-01, 4.088753476935386155e-01
2.272588432163458183e-01, 1.404085290265878194e-01, 2.238385993625782999e-01, 4.084940283944880624e-01
2.276632386074222969e-01, 1.399642037118356552e-01, 2.242621225360866277e-01, 4.081104351446553924e-01
2.280672389942560441e-01, 1.395228646535078831e-01, 2.246853165863783586e-01, 4.077245797658577975e-01
2.284708404033374551e-01, 1.390845084082999450e-01, 2.251081770901816881e-01, 4.073364740981809673e-01
2.288740388761899558e-01, 1.386491314868564251e-01, 2.255306996375687767e-01, 4.069461299993848979e-01
2.292768304693764136e-01, 1.382167303543305470e-01, 2.259528798319825893e-01, 4.065535593443104778e-01
2.296792112545061049e-01, 1.377873014309411170e-01, 2.263747132902617920e-01, 4.061587740242910693e-01
2.300811773182398212e-01, 1.373608410925281909e-01, 2.267961956426657322e-01, 4.057617859465662002e-01
2.304827247622945607e-01, 1.369373456711071024e-01, 2.272173225328984747e-01, 4.053626070336996956e-01
2.308838497034474968e-01, 1.365168114554203560e-01, 2.276380896181316171e-01, 4.049612492230005856e-01
2.312845482735390867e-01, 1.360992346914879081e-01, 2.280584925690262721e-01, 4.045577244659467331e-01
2.316848166194751257e-01, 1.356846115831556732e-01, 2.284785270697551329e-01, 4.041520447276139572e-01
2.320846509032287730e-01, 1.352729382926421697e-01, 2.288981888180227908e-01, 4.037442219861062664e-01
2.324840473018409404e-01, 1.348642109410828904e-01, 2.293174735250852747e-01, 4.033342682319908667e-01
2.328830020074204310e-01, 1.344584256090731733e-01, 2.297363769157698132e-01, 4.029221954677364992e-01
2.332815112271433566e-01, 1.340555783372087695e-01, 2.301548947284929036e-01, 4.025080157071551090e-01
2.336795711832516387e-01, 1.336556651266246343e-01, 2.305730227152774647e-01, 4.020917409748463456e-01
2.340771781130508988e-01, 1.332586819395312761e-01, 2.309907566417704616e-01, 4.016733833056473357e-01
2.344743282689076558e-01, 1.328646246997496894e-01, 2.314080922872585044e-01, 4.012529547440841782e-01
2.348710179182456059e-01, 1.324734892932433461e-01, 2.318250254446831693e-01, 4.008304673438278232e-01
2.352672433435415156e-01, 1.320852715686486045e-01, 2.322415519206559864e-01, 4.004059331671537825e-01
2.356630008423204747e-01, 1.316999673378028424e-01, 2.326576675354721513e-01, 3.999793642844045038e-01
2.360582867271499574e-01, 1.313175723762702030e-01, 2.330733681231236809e-01, 3.995507727734562975e-01
2.364530973256334656e-01, 1.309380824238650931e-01, 2.334886495313122368e-01, 3.991201707191893155e-01
2.368474289804042843e-01, 1.305614931851738769e-01, 2.339035076214605602e-01, 3.986875702129611398e-01
2.372412780491174322e-01, 1.301878003300736830e-01, 2.343179382687241852e-01, 3.982529833520846996e-01
2.376346409044411134e-01, 1.298169994942489913e-01, 2.347319373620013194e-01, 3.978164222393085203e-01
2.380275139340487511e-01, 1.294490862797062491e-01, 2.351455008039432248e-01, 3.973778989823017471e-01
2.384198935406088571e-01, 1.290840562552857396e-01, 2.355586245109628774e-01, 3.969374256931425538e-01
2.388117761417751506e-01, 1.287219049571711460e-01, 2.359713044132438486e-01, 3.964950144878097715e-01
2.392031581701761778e-01, 1.283626278893967576e-01, 2.363835364547482165e-01, 3.960506774856789036e-01
2.395940360734035157e-01, 1.280062205243520379e-01, 2.367953165932234483e-01, 3.956044268090210259e-01
2.399844063140004757e-01, 1.276526783032839729e-01, 2.372066408002094229e-01, 3.951562745825061285e-01
2.403742653694492803e-01, 1.273019966367967271e-01, 2.376175050610442041e-01, 3.947062329327097885e-01
2.407636097321583513e-01, 1.269541709053486622e-01, 2.380279053748696194e-01, 3.942543139876232283e-01
2.411524359094487646e-01, 1.266091964597473585e-01, 2.384378377546359506e-01, 3.938005298761680373e-01
2.415407404235398181e-01, 1.262670686216411930e-01, 2.388472982271060141e-01, 3.933448927277130580e-01
2.419285198115348479e-01, 1.259277826840090597e-01, 2.392562828328591573e-01, 3.928874146715968796e-01
2.423157706254058796e-01, 1.255913339116472571e-01, 2.396647876262940902e-01, 3.924281078366527176e-01
2.427024894319779469e-01, 1.252577175416536848e-01, 2.400728086756312718e-01, 3.919669843507372353e-01
2.430886728129127428e-01, 1.249269287839090553e-01, 2.404803420629149924e-01, 3.915040563402631957e-01
2.434743173646922720e-01, 1.245989628215563999e-01, 2.408873838840149550e-01, 3.910393359297363869e-01
2.438594196986015317e-01, 1.242738148114767432e-01, 2.412939302486265536e-01, 3.905728352412952686e-01
2.442439764407102754e-01, 1.239514798847627386e-01, 2.416999772802718160e-01, 3.901045663942551700e-01
2.446279842318559716e-01, 1.236319531471895827e-01, 2.421055211162985721e-01, 3.896345415046558736e-01
2.450114397276240141e-01, 1.233152296796827530e-01, 2.425105579078803697e-01, 3.891627726848128632e-01
2.453943395983292641e-01, 1.230013045387834819e-01, 2.429150838200145046e-01, 3.886892720428727355e-01
2.457766805289965661e-01, 1.226901727571110545e-01, 2.433190950315208545e-01, 3.882140516823716081e-01
2.461584592193401533e-01, 1.223818293438226207e-01, 2.437225877350392700e-01, 3.877371237017980254e-01
2.465396723837437742e-01, 1.220762692850698161e-01, 2.441255581370269656e-01, 3.872585001941594163e-01
2.469203167512396546e-01, 1.217734875444532877e-01, 2.445280024577552724e-01, 3.867781932465517714e-01
2.473003890654869308e-01, 1.214734790634732636e-01, 2.449299169313060021e-01, 3.862962149397337619e-01
2.476798860847504447e-01, 1.211762387619784165e-01, 2.453312978055671167e-01, 3.858125773477040776e-01
2.480588045818782061e-01, 1.208817615386109795e-01, 2.457321413422281497e-01, 3.853272925372827062e-01
2.484371413442788834e-01, 1.205900422712497116e-01, 2.461324438167753759e-01, 3.848403725676960430e-01
2.488148931738992375e-01, 1.203010758174492545e-01, 2.465322015184859272e-01, 3.843518294901655530e-01
2.491920568872005304e-01, 1.200148570148771993e-01, 2.469314107504221312e-01, 3.838616753475002086e-01
2.495686293151348212e-01, 1.197313806817478510e-01, 2.473300678294248767e-01, 3.833699221736924234e-01
2.499446073031211524e-01, 1.194506416172532864e-01, 2.477281690861070640e-01, 3.828765819935183723e-01
2.503199877110211524e-01, 1.191726346019913452e-01, 2.481257108648462217e-01, 3.823816668221411419e-01
2.506947674131140835e-01, 1.188973543983907755e-01, 2.485226895237769573e-01, 3.818851886647182114e-01
2.510689432980716118e-01, 1.186247957511332579e-01, 2.489191014347827968e-01, 3.813871595160123751e-01
2.514425122689330494e-01, 1.183549533875728338e-01, 2.493149429834878861e-01, 3.808875913600063279e-01
2.518154712430788478e-01, 1.180878220181518085e-01, 2.497102105692483864e-01, 3.803864961695209712e-01
2.521878171522049517e-01, 1.178233963368142401e-01, 2.501049006051428991e-01, 3.798838859058378259e-01
2.525595469422963202e-01, 1.175616710214161115e-01, 2.504990095179630560e-01, 3.793797725183244984e-01
2.529306575736001150e-01, 1.173026407341324490e-01, 2.508925337482038609e-01, 3.788741679440636445e-01
2.533011460205986665e-01, 1.170463001218617349e-01, 2.512854697500530032e-01, 3.783670841074865399e-01
2.536710092719826060e-01, 1.167926438166271425e-01, 2.516778139913806167e-01, 3.778585329200096488e-01
2.540402443306225555e-01, 1.165416664359746612e-01, 2.520695629537280102e-01, 3.773485262796747453e-01
2.544088482135420382e-01, 1.162933625833684065e-01, 2.524607131322965659e-01, 3.768370760707929756e-01
2.547768179518886122e-01, 1.160477268485827634e-01, 2.528512610359360258e-01, 3.763241941635924737e-01
2.551441505909062823e-01, 1.158047538080915762e-01, 2.532412031871325575e-01, 3.758098924138695840e-01
2.555108431899059118e-01, 1.155644380254542136e-01, 2.536305361219965415e-01, 3.752941826626434163e-01
2.558768928222371342e-01, 1.153267740516987633e-01, 2.540192563902497480e-01, 3.747770767358143407e-01
2.562422965752587656e-01, 1.150917564257019354e-01, 2.544073605552129580e-01, 3.742585864438264243e-01
2.566070515503094396e-01, 1.148593796745662615e-01, 2.547948451937921410e-01, 3.737387235813321440e-01
2.569711548626782416e-01, 1.146296383139938369e-01, 2.551817068964654656e-01, 3.732174999268623727e-01
2.573346036415745663e-01, 1.144025268486574404e-01, 2.555679422672694212e-01, 3.726949272424985860e-01
2.576973950300983640e-01, 1.141780397725682406e-01, 2.559535479237846634e-01, 3.721710172735488431e-01
2.580595261852093314e-01, 1.139561715694405869e-01, 2.563385204971218023e-01, 3.716457817482282655e-01
2.584209942776970470e-01, 1.137369167130539704e-01, 2.567228566319069150e-01, 3.711192323773421231e-01
2.587817964921500513e-01, 1.135202696676115147e-01, 2.571065529862665566e-01, 3.705913808539720300e-01
2.591419300269248716e-01, 1.133062248880956219e-01, 2.574896062318126622e-01, 3.700622388531669138e-01
2.595013920941151575e-01, 1.130947768206207182e-01, 2.578720130536276134e-01, 3.695318180316365941e-01
2.598601799195200956e-01, 1.128859199027826415e-01, 2.582537701502480854e-01, 3.690001300274491358e-01
2.602182907426135450e-01, 1.126796485640051831e-01, 2.586348742336497808e-01, 3.684671864597314772e-01
2.605757218165121181e-01, 1.124759572258834106e-01, 2.590153220292309433e-01, 3.679329989283736668e-01
2.609324704079433177e-01, 1.122748403025241870e-01, 2.593951102757962590e-01, 3.673975790137362085e-01
2.612885337972139510e-01, 1.120762922008834150e-01, 2.597742357255407586e-01, 3.668609382763619031e-01
2.616439092781780440e-01, 1.118803073211001309e-01, 2.601526951440324420e-01, 3.663230882566892999e-01
2.619985941582043121e-01, 1.116868800568281139e-01, 2.605304853101961804e-01, 3.657840404747714214e-01
2.623525857581443521e-01, 1.114960047955636385e-01, 2.609076030162957305e-01, 3.652438064299962650e-01
2.627058814122998354e-01, 1.113076759189708248e-01, 2.612840450679173032e-01, 3.647023976008120782e-01
2.630584784683897559e-01, 1.111218878032036866e-01, 2.616598082839515782e-01, 3.641598254444549654e-01
2.634103742875184007e-01, 1.109386348192251404e-01, 2.620348894965761621e-01, 3.636161013966803246e-01
2.637615662441418207e-01, 1.107579113331230020e-01, 2.624092855512378253e-01, 3.630712368714972271e-01
2.641120517260353573e-01, 1.105797117064231949e-01, 2.627829933066345158e-01, 3.625252432609070152e-01
2.644618281342601684e-01, 1.104040302963991554e-01, 2.631560096346969857e-01, 3.619781319346437320e-01
2.648108928831305331e-01, 1.102308614563794892e-01, 2.635283314205706384e-01, 3.614299142399193809e-01
2.651592434001804333e-01, 1.100601995360512841e-01, 2.638999555625970439e-01, 3.608806015011712387e-01
2.655068771261301364e-01, 1.098920388817613142e-01, 2.642708789722952312e-01, 3.603302050198132767e-01
2.658537915148529440e-01, 1.097263738368139258e-01, 2.646410985743429256e-01, 3.597787360739901352e-01
2.661999840333417189e-01, 1.095631987417658715e-01, 2.650106113065574531e-01, 3.592262059183349288e-01
2.665454521616750228e-01, 1.094025079347180629e-01, 2.653794141198769219e-01, 3.586726257837299370e-01
2.668901933929839210e-01, 1.092442957516048113e-01, 2.657475039783409043e-01, 3.581180068770702940e-01
2.672342052334178986e-01, 1.090885565264795437e-01, 2.661148778590711195e-01, 3.575623603810313411e-01
2.675774852021114425e-01, 1.089352845917976459e-01, 2.664815327522520039e-01, 3.570056974538388661e-01
2.679200308311500689e-01, 1.087844742786968077e-01, 2.668474656611110052e-01, 3.564480292290422292e-01
2.682618396655361837e-01, 1.086361199172735104e-01, 2.672126736018988757e-01, 3.558893668152913747e-01
2.686029092631558868e-01, 1.084902158368575981e-01, 2.675771536038705767e-01, 3.553297212961160079e-01
2.689432371947442224e-01, 1.083467563662830757e-01, 2.679409027092640727e-01, 3.547691037297086014e-01
2.692828210438518166e-01, 1.082057358341563802e-01, 2.683039179732815693e-01, 3.542075251487101784e-01
2.696216584068104605e-01, 1.080671485691215572e-01, 2.686661964640689182e-01, 3.536449965599990364e-01
2.699597468926993593e-01, 1.079309889001226624e-01, 2.690277352626952445e-01, 3.530815289444828031e-01
2.702970841233107713e-01, 1.077972511566629432e-01, 2.693885314631329075e-01, 3.525171332568933780e-01
2.706336677331162011e-01, 1.076659296690616191e-01, 2.697485821722374610e-01, 3.519518204255848159e-01
2.709694953692319830e-01, 1.075370187687072487e-01, 2.701078845097265035e-01, 3.513856013523343202e-01
2.713045646913856968e-01, 1.074105127883083766e-01, 2.704664356081596943e-01, 3.508184869121461769e-01
2.716388733718813620e-01, 1.072864060621415566e-01, 2.708242326129183808e-01, 3.502504879530586868e-01
2.719724190955657983e-01, 1.071646929262961290e-01, 2.711812726821842268e-01, 3.496816152959537627e-01
2.723051995597944863e-01, 1.070453677189162345e-01, 2.715375529869193394e-01, 3.491118797343700786e-01
2.726372124743969283e-01, 1.069284247804401372e-01, 2.718930707108447309e-01, 3.485412920343181620e-01
2.729684555616436192e-01, 1.068138584538366187e-01, 2.722478230504202235e-01, 3.479698629340995386e-01
2.732989265562106307e-01, 1.067016630848383052e-01, 2.726018072148231886e-01, 3.473976031441278756e-01
2.736286232051464706e-01, 1.065918330221726912e-01, 2.729550204259277857e-01, 3.468245233467529554e-01
2.739575432678377220e-01, 1.064843626177898045e-01, 2.733074599182840347e-01, 3.462506341960885914e-01
2.742856845159749035e-01, 1.063792462270871930e-01, 2.736591229390965552e-01, 3.456759463178413760e-01
2.746130447335188296e-01, 1.062764782091326354e-01, 2.740100067482039714e-01, 3.451004703091445913e-01
2.749396217166659717e-01, 1.061760529268832437e-01, 2.743601086180578186e-01, 3.445242167383930076e-01
2.752654132738153736e-01, 1.060779647474023035e-01, 2.747094258337010042e-01, 3.439471961450812354e-01
2.755904172255339013e-01, 1.059822080420735474e-01, 2.750579556927472136e-01, 3.433694190396452406e-01
2.759146314045232140e-01, 1.058887771868119582e-01, 2.754056955053597044e-01, 3.427908959033051928e-01
2.762380536555849586e-01, 1.057976665622724494e-01, 2.757526425942298243e-01, 3.422116371879127539e-01
2.765606818355880181e-01, 1.057088705540557561e-01, 2.760987942945564155e-01, 3.416316533157997548e-01
2.768825138134339836e-01, 1.056223835529114113e-01, 2.764441479540242219e-01, 3.410509546796305358e-01
2.772035474700240143e-01, 1.055381999549378086e-01, 2.767887009327828496e-01, 3.404695516422553969e-01
2.775237806982249200e-01, 1.054563141617804456e-01, 2.771324506034256174e-01, 3.398874545365691002e-01
2.778432114028357436e-01, 1.053767205808263663e-01, 2.774753943509683518e-01, 3.393046736653694828e-01
2.781618375005542321e-01, 1.052994136253967428e-01, 2.778175295728284588e-01, 3.387212193012205663e-01
2.784796569199434746e-01, 1.052243877149365153e-01, 2.781588536788032751e-01, 3.381371016863168322e-01
2.787966676013984291e-01, 1.051516372752012846e-01, 2.784993640910492507e-01, 3.375523310323511050e-01
2.791128674971126156e-01, 1.050811567384418443e-01, 2.788390582440607446e-01, 3.369669175203848788e-01
2.794282545710451426e-01, 1.050129405435859115e-01, 2.791779335846488741e-01, 3.363808713007200857e-01
2.797428267988872896e-01, 1.049469831364172462e-01, 2.795159875719204212e-01, 3.357942024927749736e-01
2.800565821680297551e-01, 1.048832789697522472e-01, 2.798532176772566826e-01, 3.352069211849613151e-01
2.803695186775293502e-01, 1.048218225036139789e-01, 2.801896213842924865e-01, 3.346190374345643370e-01
2.806816343380760803e-01, 1.047626082054035485e-01, 2.805251961888949319e-01, 3.340305612676255920e-01
2.809929271719609489e-01, 1.047056305500689288e-01, 2.808599395991425163e-01, 3.334415026788275505e-01
2.813033952130425397e-01, 1.046508840202716312e-01, 2.811938491353043745e-01, 3.328518716313814130e-01
2.816130365067148200e-01, 1.045983631065499769e-01, 2.815269223298187407e-01, 3.322616780569164208e-01
2.819218491098743340e-01, 1.045480623074808019e-01, 2.818591567272725751e-01, 3.316709318553722752e-01
2.822298310908879504e-01, 1.044999761298382457e-01, 2.821905498843802484e-01, 3.310796428948936665e-01
2.825369805295604442e-01, 1.044540990887496690e-01, 2.825210993699631135e-01, 3.304878210117268567e-01
2.828432955171022445e-01, 1.044104257078500575e-01, 2.828508027649282441e-01, 3.298954760101194261e-01
2.831487741560975713e-01, 1.043689505194329847e-01, 2.831796576622480077e-01, 3.293026176622213530e-01
2.834534145604721833e-01, 1.043296680645996871e-01, 2.835076616669393035e-01, 3.287092557079889232e-01
2.837572148554611262e-01, 1.042925728934055440e-01, 2.838348123960424685e-01, 3.281153998550908057e-01
2.840601731775775907e-01, 1.042576595650043791e-01, 2.841611074786014601e-01, 3.275210597788165701e-01
2.843622876745808825e-01, 1.042249226477895835e-01, 2.844865445556425398e-01, 3.269262451219870913e-01
2.846635565054445594e-01, 1.041943567195342257e-01, 2.848111212801539560e-01, 3.263309654948673422e-01
2.849639778403255663e-01, 1.041659563675271516e-01, 2.851348353170657379e-01, 3.257352304750814609e-01
2.852635498605323727e-01, 1.041397161887081396e-01, 2.854576843432292121e-01, 3.251390496075302616e-01
2.855622707584941078e-01, 1.041156307897998234e-01, 2.857796660473963524e-01, 3.245424324043097442e-01
2.858601387377289749e-01, 1.040936947874376017e-01, 2.861007781301997954e-01, 3.239453883446337112e-01
2.861571520128136648e-01, 1.040739028082972584e-01, 2.864210183041326352e-01, 3.233479268747564417e-01
2.864533088093523805e-01, 1.040562494892202233e-01, 2.867403842935279945e-01, 3.227500574078992490e-01
2.867486073639461397e-01, 1.040407294773364189e-01, 2.870588738345395963e-01, 3.221517893241778174e-01
2.870430459241617993e-01, 1.040273374301851073e-01, 2.873764846751207247e-01, 3.215531319705323132e-01
2.873366227485021351e-01, 1.040160680158332407e-01, 2.876932145750051850e-01, 3.209540946606593281e-01
2.876293361063750886e-01, 1.040069159129915904e-01, 2.880090613056872084e-01, 3.203546866749460986e-01
2.879211842780634578e-01, 1.039998758111287530e-01, 2.883240226504013570e-01, 3.197549172604065015e-01
2.882121655546950323e-01, 1.039949424105828940e-01, 2.886380964041030395e-01, 3.191547956306188816e-01
2.885022782382127282e-01, 1.039921104226712578e-01, 2.889512803734490820e-01, 3.185543309656668209e-01
2.887915206413445568e-01, 1.039913745697974706e-01, 2.892635723767777445e-01, 3.179535324120803530e-01
2.890798910875734817e-01, 1.039927295855566786e-01, 2.895749702440892914e-01, 3.173524090827803956e-01
2.893673879111091085e-01, 1.039961702148387429e-01, 2.898854718170271183e-01, 3.167509700570250719e-01
2.896540094568567647e-01, 1.040016912139287569e-01, 2.901950749488577674e-01, 3.161492243803566971e-01
2.899397540803893558e-01, 1.040092873506061333e-01, 2.905037775044520543e-01, 3.155471810645523734e-01
2.902246201479177223e-01, 1.040189534042409714e-01, 2.908115773602659715e-01, 3.149448490875753626e-01
2.905086060362615519e-01, 1.040306841658885789e-01, 2.911184724043213157e-01, 3.143422373935285119e-01
2.907917101328210685e-01, 1.040444744383820785e-01, 2.914244605361870910e-01, 3.137393548926098452e-01
2.910739308355474453e-01, 1.040603190364224745e-01, 2.917295396669604135e-01, 3.131362104610697084e-01
2.913552665529151597e-01, 1.040782127866672901e-01, 2.920337077192475816e-01, 3.125328129411699130e-01
2.916357157038929615e-01, 1.040981505278164299e-01, 2.923369626271459243e-01, 3.119291711411446011e-01
2.919152767179159502e-01, 1.041201271106967224e-01, 2.926393023362244272e-01, 3.113252938351629417e-01
2.921939480348569873e-01, 1.041441373983439250e-01, 2.929407248035058586e-01, 3.107211897632932707e-01
2.924717281049992734e-01, 1.041701762660830338e-01, 2.932412279974480618e-01, 3.101168676314696171e-01
2.927486153890082599e-01, 1.041982386016065132e-01, 2.935408098979256364e-01, 3.095123361114595073e-01
2.930246083579039484e-01, 1.042283193050504431e-01, 2.938394684962117864e-01, 3.089076038408337666e-01
2.932997054930332470e-01, 1.042604132890689317e-01, 2.941372017949601680e-01, 3.083026794229375978e-01
2.935739052860429354e-01, 1.042945154789063772e-01, 2.944340078081869039e-01, 3.076975714268638251e-01
2.938472062388521322e-01, 1.043306208124680501e-01, 2.947298845612524310e-01, 3.070922883874273590e-01
2.941196068636254268e-01, 1.043687242403884413e-01, 2.950248300908439592e-01, 3.064868388051421588e-01
2.943911056827458461e-01, 1.044088207260979728e-01, 2.953188424449575411e-01, 3.058812311461986400e-01
2.946617012287879867e-01, 1.044509052458877929e-01, 2.956119196828807527e-01, 3.052754738424435232e-01
2.949313920444917581e-01, 1.044949727889725039e-01, 2.959040598751744855e-01, 3.046695752913612387e-01
2.952001766827355156e-01, 1.045410183575513352e-01, 2.961952611036564043e-01, 3.040635438560567727e-01
2.954680537065100809e-01, 1.045890369668672631e-01, 2.964855214613827949e-01, 3.034573878652397361e-01
2.957350216888925409e-01, 1.046390236452644507e-01, 2.967748390526320779e-01, 3.028511156132109861e-01
2.960010792130199353e-01, 1.046909734342436060e-01, 2.970632119928871551e-01, 3.022447353598494146e-01
2.962662248720638325e-01, 1.047448813885159258e-01, 2.973506384088184795e-01, 3.016382553306017900e-01
2.965304572692046281e-01, 1.048007425760550115e-01, 2.976371164382675683e-01, 3.010316837164727644e-01
2.967937750176057876e-01, 1.048585520781471769e-01, 2.979226442302296829e-01, 3.004250286740174913e-01
2.970561767403884779e-01, 1.049183049894396591e-01, 2.982072199448372318e-01, 2.998182983253345202e-01
2.973176610706069756e-01, 1.049799964179876366e-01, 2.984908417533437830e-01, 2.992115007580615771e-01
2.975782266512226326e-01, 1.050436214852990685e-01, 2.987735078381065779e-01, 2.986046440253717904e-01
2.978378721350797842e-01, 1.051091753263780348e-01, 2.990552163925709328e-01, 2.979977361459711926e-01
2.980965961848808798e-01, 1.051766530897662449e-01, 2.993359656212538078e-01, 2.973907851040991090e-01
2.983543974731614479e-01, 1.052460499375831998e-01, 2.996157537397275417e-01, 2.967837988495278800e-01
2.986112746822664477e-01, 1.053173610455641201e-01, 2.998945789746035873e-01, 2.961767852975659698e-01
2.988672265043252341e-01, 1.053905816030968196e-01, 3.001724395635171905e-01, 2.955697523290606310e-01
2.991222516412283539e-01, 1.054657068132566072e-01, 3.004493337551112364e-01, 2.949627077904037886e-01
2.993763488046027876e-01, 1.055427318928395392e-01, 3.007252598090201512e-01, 2.943556594935376469e-01
2.996295167157884687e-01, 1.056216520723941149e-01, 3.010002159958548029e-01, 2.937486152159625719e-01
2.998817541058151348e-01, 1.057024625962517256e-01, 3.012742005971871251e-01, 2.931415827007460284e-01
3.001330597153780144e-01, 1.057851587225548673e-01, 3.015472119055340738e-01, 2.925345696565329612e-01
3.003834322948154556e-01, 1.058697357232842862e-01, 3.018192482243429731e-01, 2.919275837575573407e-01
3.006328706040848897e-01, 1.059561888842844302e-01, 3.020903078679759712e-01, 2.913206326436545424e-01
3.008813734127409045e-01, 1.060445135052873467e-01, 3.023603891616953865e-01, 2.907137239202764456e-01
3.011289394999113189e-01, 1.061347048999349008e-01, 3.026294904416480525e-01, 2.901068651585056446e-01
3.013755676542754225e-01, 1.062267583957999528e-01, 3.028976100548514405e-01, 2.895000638950731564e-01
3.016212566740409384e-01, 1.063206693344054543e-01, 3.031647463591780056e-01, 2.888933276323754629e-01
3.018660053669222076e-01, 1.064164330712423640e-01, 3.034308977233413640e-01, 2.882866638384941615e-01
3.021098125501173182e-01, 1.065140449757861763e-01, 3.036960625268809721e-01, 2.876800799472155612e-01
3.023526770502867889e-01, 1.066135004315117984e-01, 3.039602391601486930e-01, 2.870735833580528307e-01
3.025945977035312540e-01, 1.067147948359070120e-01, 3.042234260242935306e-01, 2.864671814362682034e-01
3.028355733553700913e-01, 1.068179236004847543e-01, 3.044856215312482517e-01, 2.858608815128969582e-01
3.030756028607195507e-01, 1.069228821507934440e-01, 3.047468241037149528e-01, 2.852546908847721219e-01
3.033146850838717157e-01, 1.070296659264265704e-01, 3.050070321751510161e-01, 2.846486168145507256e-01
3.035528188984730202e-01, 1.071382703810303677e-01, 3.052662441897555645e-01, 2.840426665307411724e-01
3.037900031875033213e-01, 1.072486909823102685e-01, 3.055244586024554732e-01, 2.834368472277308815e-01
3.040262368432550266e-01, 1.073609232120364132e-01, 3.057816738788919908e-01, 2.828311660658166526e-01
3.042615187673120558e-01, 1.074749625660468555e-01, 3.060378884954068068e-01, 2.822256301712340876e-01
3.044958478705299121e-01, 1.075908045542503383e-01, 3.062931009390294501e-01, 2.816202466361902301e-01
3.047292230730143658e-01, 1.077084447006274870e-01, 3.065473097074629671e-01, 2.810150225188951523e-01
3.049616433041018593e-01, 1.078278785432303655e-01, 3.068005133090714320e-01, 2.804099648435963155e-01
3.051931075023390783e-01, 1.079491016341811438e-01, 3.070527102628668459e-01, 2.798050806006130431e-01
3.054236146154630793e-01, 1.080721095396692671e-01, 3.073038990984956476e-01, 2.792003767463719366e-01
3.056531636003814723e-01, 1.081968978399474729e-01, 3.075540783562266678e-01, 2.785958602034444009e-01
3.058817534231527691e-01, 1.083234621293262673e-01, 3.078032465869375844e-01, 2.779915378605834486e-01
3.061093830589665665e-01, 1.084517980161677081e-01, 3.080514023521028766e-01, 2.773874165727628904e-01
3.063360514921250055e-01, 1.085819011228772168e-01, 3.082985442237807794e-01, 2.767835031612170260e-01
3.065617577160225649e-01, 1.087137670858949329e-01, 3.085446707846013492e-01, 2.761798044134811669e-01
3.067865007331277427e-01, 1.088473915556852911e-01, 3.087897806277538071e-01, 2.755763270834332701e-01
3.070102795549637942e-01, 1.089827701967254481e-01, 3.090338723569743817e-01, 2.749730778913363483e-01
3.072330932020902461e-01, 1.091198986874930693e-01, 3.092769445865343192e-01, 2.743700635238823793e-01
3.074549407040840232e-01, 1.092587727204521880e-01, 3.095189959412277814e-01, 2.737672906342360490e-01
3.076758210995212406e-01, 1.093993880020383835e-01, 3.097600250563599111e-01, 2.731647658420804370e-01
3.078957334359588849e-01, 1.095417402526427803e-01, 3.100000305777351195e-01, 2.725624957336632015e-01
3.081146767699164402e-01, 1.096858252065947004e-01, 3.102390111616453727e-01, 2.719604868618434867e-01
3.083326501668582353e-01, 1.098316386121432897e-01, 3.104769654748586460e-01, 2.713587457461398289e-01
3.085496527011752366e-01, 1.099791762314381999e-01, 3.107138921946071553e-01, 2.707572788727792834e-01
3.087656834561678942e-01, 1.101284338405089103e-01, 3.109497900085765321e-01, 2.701560926947466079e-01
3.089807415240278798e-01, 1.102794072292431204e-01, 3.111846576148941113e-01, 2.695551936318348885e-01
3.091948260058213216e-01, 1.104320922013638517e-01, 3.114184937221176064e-01, 2.689545880706972758e-01
3.094079360114709298e-01, 1.105864845744059521e-01, 3.116512970492245627e-01, 2.683542823648984443e-01
3.096200706597396768e-01, 1.107425801796910747e-01, 3.118830663256011437e-01, 2.677542828349680493e-01
3.098312290782131440e-01, 1.109003748623017399e-01, 3.121138002910309739e-01, 2.671545957684541284e-01
3.100414104032829243e-01, 1.110598644810545238e-01, 3.123434976956848130e-01, 2.665552274199777805e-01
3.102506137801300801e-01, 1.112210449084720248e-01, 3.125721573001094544e-01, 2.659561840112884545e-01
3.104588383627083226e-01, 1.113839120307539843e-01, 3.127997778752177882e-01, 2.653574717313201270e-01
3.106660833137278588e-01, 1.115484617477473100e-01, 3.130263582022772550e-01, 2.647590967362476455e-01
3.108723478046390709e-01, 1.117146899729151155e-01, 3.132518970729006313e-01, 2.641610651495451267e-01
3.110776310156165292e-01, 1.118825926333049947e-01, 3.134763932890351490e-01, 2.635633830620432994e-01
3.112819321355426161e-01, 1.120521656695157575e-01, 3.136998456629521703e-01, 2.629660565319894561e-01
3.114852503619921498e-01, 1.122234050356641366e-01, 3.139222530172374181e-01, 2.623690915851064065e-01
3.116875849012163413e-01, 1.123963066993495796e-01, 3.141436141847807617e-01, 2.617724942146533174e-01
3.118889349681275847e-01, 1.125708666416186943e-01, 3.143639280087666132e-01, 2.611762703814870523e-01
3.120892997862838025e-01, 1.127470808569289024e-01, 3.145831933426637694e-01, 2.605804260141235673e-01
3.122886785878731253e-01, 1.129249453531105396e-01, 3.148014090502156970e-01, 2.599849670088006937e-01
3.124870706136988474e-01, 1.131044561513285529e-01, 3.150185740054314287e-01, 2.593898992295412542e-01
3.126844751131644395e-01, 1.132856092860433095e-01, 3.152346870925752942e-01, 2.587952285082169568e-01
3.128808913442585604e-01, 1.134684008049704068e-01, 3.154497472061579821e-01, 2.582009606446129535e-01
3.130763185735406240e-01, 1.136528267690395250e-01, 3.156637532509271038e-01, 2.576071014064928444e-01
3.132707560761255339e-01, 1.138388832523525157e-01, 3.158767041418577004e-01, 2.570136565296642361e-01
3.134642031356699721e-01, 1.140265663421407838e-01, 3.160885988041433059e-01, 2.564206317180459660e-01
3.136566590443575220e-01, 1.142158721387216136e-01, 3.162994361731870097e-01, 2.558280326437340491e-01
3.138481231028845686e-01, 1.144067967554536769e-01, 3.165092151945918530e-01, 2.552358649470697904e-01
3.140385946204464762e-01, 1.145993363186920827e-01, 3.167179348241527803e-01, 2.546441342367086191e-01
3.142280729147233775e-01, 1.147934869677420533e-01, 3.169255940278469796e-01, 2.540528460896876450e-01
3.144165573118661294e-01, 1.149892448548122670e-01, 3.171321917818257230e-01, 2.534620060514959361e-01
3.146040471464831012e-01, 1.151866061449671880e-01, 3.173377270724054844e-01, 2.528716196361442958e-01
3.147905417616262969e-01, 1.153855670160786884e-01, 3.175421988960593911e-01, 2.522816923262357069e-01
3.149760405087779769e-01, 1.155861236587770041e-01, 3.177456062594087860e-01, 2.516922295730362746e-01
3.151605427478374466e-01, 1.157882722764005806e-01, 3.179479481792148454e-01, 2.511032367965472800e-01
3.153440478471073449e-01, 1.159920090849456686e-01, 3.181492236823700304e-01, 2.505147193855768450e-01
3.155265551832815429e-01, 1.161973303130148794e-01, 3.183494318058904815e-01, 2.499266826978132072e-01
3.157080641414309330e-01, 1.164042322017649206e-01, 3.185485715969069154e-01, 2.493391320598971062e-01
3.158885741149919379e-01, 1.166127110048540555e-01, 3.187466421126575189e-01, 2.487520727674965848e-01
3.160680845057525779e-01, 1.168227629883881180e-01, 3.189436424204791232e-01, 2.481655100853801810e-01
3.162465947238407571e-01, 1.170343844308667086e-01, 3.191395715977998759e-01, 2.475794492474925335e-01
3.164241041877113303e-01, 1.172475716231281273e-01, 3.193344287321313590e-01, 2.469938954570292666e-01
3.166006123241338899e-01, 1.174623208682935432e-01, 3.195282129210602062e-01, 2.464088538865123190e-01
3.167761185681804426e-01, 1.176786284817110256e-01, 3.197209232722414418e-01, 2.458243296778670761e-01
3.169506223632134745e-01, 1.178964907908983950e-01, 3.199125589033900430e-01, 2.452403279424981153e-01
3.171241231608738498e-01, 1.181159041354857275e-01, 3.201031189422735013e-01, 2.446568537613669214e-01
3.172966204210688757e-01, 1.183368648671569295e-01, 3.202926025267048837e-01, 2.440739121850691862e-01
3.174681136119606450e-01, 1.185593693495911177e-01, 3.204810088045350058e-01, 2.434915082339132175e-01
3.176386022099540463e-01, 1.187834139584029447e-01, 3.206683369336452705e-01, 2.429096468979978773e-01
3.178080856996857162e-01, 1.190089950810824110e-01, 3.208545860819400630e-01, 2.423283331372919069e-01
3.179765635740122165e-01, 1.192361091169342885e-01, 3.210397554273404230e-01, 2.417475718817130859e-01
3.181440353339990978e-01, 1.194647524770166142e-01, 3.212238441577759951e-01, 2.411673680312081958e-01
3.183105004889091316e-01, 1.196949215840789338e-01, 3.214068514711789781e-01, 2.405877264558330675e-01
3.184759585561915962e-01, 1.199266128724995190e-01, 3.215887765754758543e-01, 2.400086519958329057e-01
3.186404090614714524e-01, 1.201598227882225700e-01, 3.217696186885821152e-01, 2.394301494617238069e-01
3.188038515385379079e-01, 1.203945477886942533e-01, 3.219493770383939357e-01, 2.388522236343738336e-01
3.189662855293340371e-01, 1.206307843427987525e-01, 3.221280508627825112e-01, 2.382748792650847269e-01
3.191277105839461781e-01, 1.208685289307931954e-01, 3.223056394095867305e-01, 2.376981210756740071e-01
3.192881262605928305e-01, 1.211077780442424562e-01, 3.224821419366067365e-01, 2.371219537585578518e-01
3.194475321256150524e-01, 1.213485281859535136e-01, 3.226575577115977644e-01, 2.365463819768336695e-01
3.196059277534650800e-01, 1.215907758699086016e-01, 3.228318860122628142e-01, 2.359714103643634209e-01
3.197633127266971687e-01, 1.218345176211986236e-01, 3.230051261262469886e-01, 2.353970435258573302e-01
3.199196866359563241e-01, 1.220797499759556509e-01, 3.231772773511306096e-01, 2.348232860369575126e-01
3.200750490799692538e-01, 1.223264694812848663e-01, 3.233483389944233344e-01, 2.342501424443225455e-01
3.202293996655337649e-01, 1.225746726951963683e-01, 3.235183103735576049e-01, 2.336776172657122896e-01
3.203827380075090492e-01, 1.228243561865360184e-01, 3.236871908158824307e-01, 2.331057149900724323e-01
3.205350637288063020e-01, 1.230755165349161212e-01, 3.238549796586576712e-01, 2.325344400776199749e-01
3.206863764603782863e-01, 1.233281503306454807e-01, 3.240216762490474856e-01, 2.319637969599287475e-01
3.208366758412107278e-01, 1.235822541746592063e-01, 3.241872799441145037e-01, 2.313937900400155623e-01
3.209859615183120463e-01, 1.238378246784477832e-01, 3.243517901108139423e-01, 2.308244236924261450e-01
3.211342331467046396e-01, 1.240948584639856717e-01, 3.245152061259877763e-01, 2.302557022633218431e-01
3.212814903894150032e-01, 1.243533521636598776e-01, 3.246775273763585212e-01, 2.296876300705665286e-01
3.214277329174650144e-01, 1.246133024201975942e-01, 3.248387532585239046e-01, 2.291202114038134730e-01
3.215729604098627736e-01, 1.248747058865936205e-01, 3.249988831789508703e-01, 2.285534505245928327e-01
3.217171725535932780e-01, 1.251375592260374758e-01, 3.251579165539698613e-01, 2.279873516663995514e-01
3.218603690436100395e-01, 1.254018591118397086e-01, 3.253158528097694902e-01, 2.274219190347808728e-01
3.220025495828259809e-01, 1.256676022273583992e-01, 3.254726913823904888e-01, 2.268571568074251310e-01
3.221437138821045543e-01, 1.259347852659246925e-01, 3.256284317177208232e-01, 2.262930691342497913e-01
3.222838616602518025e-01, 1.262034049307681483e-01, 3.257830732714896427e-01, 2.257296601374904899e-01
3.224229926440067007e-01, 1.264734579349416077e-01, 3.259366155092620065e-01, 2.251669339117894908e-01
3.225611065680339395e-01, 1.267449410012460587e-01, 3.260890579064339434e-01, 2.246048945242861139e-01
3.226982031749146551e-01, 1.270178508621544744e-01, 3.262403999482262895e-01, 2.240435460147046920e-01
3.228342822151385461e-01, 1.272921842597359021e-01, 3.263906411296800814e-01, 2.234828923954454982e-01
3.229693434470957136e-01, 1.275679379455788021e-01, 3.265397809556513375e-01, 2.229229376516742855e-01
3.231033866370681684e-01, 1.278451086807140813e-01, 3.266878189408052302e-01, 2.223636857414123813e-01
3.232364115592227249e-01, 1.281236932355379332e-01, 3.268347546096119771e-01, 2.218051405956274202e-01
3.233684179956016203e-01, 1.284036883897341497e-01, 3.269805874963406245e-01, 2.212473061183235223e-01
3.234994057361161302e-01, 1.286850909321961833e-01, 3.271253171450548280e-01, 2.206901861866328030e-01
3.236293745785379095e-01, 1.289678976609489047e-01, 3.272689431096074686e-01, 2.201337846509056617e-01
3.237583243284916090e-01, 1.292521053830698874e-01, 3.274114649536357669e-01, 2.195781053348028478e-01
3.238862547994467711e-01, 1.295377109146104988e-01, 3.275528822505562876e-01, 2.190231520353862760e-01
3.240131658127116121e-01, 1.298247110805166860e-01, 3.276931945835603321e-01, 2.184689285232112033e-01
3.241390571974238632e-01, 1.301131027145494001e-01, 3.278324015456089979e-01, 2.179154385424177109e-01
3.242639287905445533e-01, 1.304028826592045220e-01, 3.279705027394277383e-01, 2.173626858108230198e-01
3.243877804368505147e-01, 1.306940477656330091e-01, 3.281074977775028101e-01, 2.168106740200135829e-01
3.245106119889267227e-01, 1.309865948935601543e-01, 3.282433862820755555e-01, 2.162594068354377064e-01
3.246324233071596344e-01, 1.312805209112047622e-01, 3.283781678851380170e-01, 2.157088878964976697e-01
3.247532142597298055e-01, 1.315758226951984355e-01, 3.285118422284286077e-01, 2.151591208166431790e-01
3.248729847226052292e-01, 1.318724971305038351e-01, 3.286444089634270593e-01, 2.146101091834637098e-01
3.249917345795342305e-01, 1.321705411103334948e-01, 3.287758677513502592e-01, 2.140618565587820987e-01
3.251094637220383610e-01, 1.324699515360675539e-01, 3.289062182631470876e-01, 2.135143664787470530e-01
3.252261720494060704e-01, 1.327707253171717117e-01, 3.290354601794945877e-01, 2.129676424539276858e-01
3.253418594686858234e-01, 1.330728593711150987e-01, 3.291635931907933021e-01, 2.124216879694058313e-01
3.254565258946793271e-01, 1.333763506232872320e-01, 3.292906169971626662e-01, 2.118765064848708579e-01
3.255701712499352030e-01, 1.336811960069154426e-01, 3.294165313084364000e-01, 2.113321014347127602e-01
3.256827954647425472e-01, 1.339873924629815249e-01, 3.295413358441592888e-01, 2.107884762281165558e-01
3.257943984771241586e-01, 1.342949369401384985e-01, 3.296650303335811882e-01, 2.102456342491562380e-01
3.259049802328302659e-01, 1.346038263946268965e-01, 3.297876145156538041e-01, 2.097035788568890335e-01
3.260145406853326988e-01, 1.349140577901908333e-01, 3.299090881390262520e-01, 2.091623133854500216e-01
3.261230797958181715e-01, 1.352256280979943215e-01, 3.300294509620408379e-01, 2.086218411441465026e-01
3.262305975331823427e-01, 1.355385342965366169e-01, 3.301487027527286733e-01, 2.080821654175525337e-01
3.263370938740234872e-01, 1.358527733715677033e-01, 3.302668432888050121e-01, 2.075432894656037142e-01
3.264425688026371675e-01, 1.361683423160039708e-01, 3.303838723576664749e-01, 2.070052165236923869e-01
3.265470223110092940e-01, 1.364852381298429507e-01, 3.304997897563853870e-01, 2.064679498027622850e-01
3.266504543988110743e-01, 1.368034578200783002e-01, 3.306145952917070030e-01, 2.059314924894036503e-01
3.267528650733926288e-01, 1.371229984006144820e-01, 3.307282887800441773e-01, 2.053958477459487397e-01
3.268542543497776620e-01, 1.374438568921813875e-01, 3.308408700474742559e-01, 2.048610187105666669e-01
3.269546222506574118e-01, 1.377660303222486560e-01, 3.309523389297347462e-01, 2.043270084973592693e-01
3.270539688063851536e-01, 1.380895157249394378e-01, 3.310626952722190985e-01, 2.037938201964561991e-01
3.271522940549708158e-01, 1.384143101409449350e-01, 3.311719389299733196e-01, 2.032614568741110406e-01
3.272495980420747630e-01, 1.387404106174377483e-01, 3.312800697676911987e-01, 2.027299215727962900e-01
3.273458808210035764e-01, 1.390678142079855573e-01, 3.313870876597110327e-01, 2.021992173112998059e-01
3.274411424527032821e-01, 1.393965179724647452e-01, 3.314929924900115732e-01, 2.016693470848202607e-01
3.275353830057549653e-01, 1.397265189769736071e-01, 3.315977841522080305e-01, 2.011403138650632860e-01
3.276286025563692750e-01, 1.400578142937453363e-01, 3.317014625495481317e-01, 2.006121206003371460e-01
3.277208011883809280e-01, 1.403904010010610381e-01, 3.318040275949086237e-01, 2.000847702156494934e-01
3.278119789932436023e-01, 1.407242761831628552e-01, 3.319054792107909990e-01, 1.995582656128024879e-01
3.279021360700252186e-01, 1.410594369301662321e-01, 3.320058173293183312e-01, 1.990326096704904124e-01
3.279912725254024441e-01, 1.413958803379725404e-01, 3.321050418922306680e-01, 1.985078052443945695e-01
3.280793884736558086e-01, 1.417336035081817325e-01, 3.322031528508819220e-01, 1.979838551672804259e-01
3.281664840366650959e-01, 1.420726035480044391e-01, 3.323001501662360968e-01, 1.974607622490942849e-01
3.282525593439040712e-01, 1.424128775701738459e-01, 3.323960338088631783e-01, 1.969385292770589602e-01
3.283376145324355400e-01, 1.427544226928581794e-01, 3.324908037589356380e-01, 1.964171590157707259e-01
3.284216497469069629e-01, 1.430972360395721676e-01, 3.325844600062248801e-01, 1.958966542072961281e-01
3.285046651395454598e-01, 1.434413147390889987e-01, 3.326770025500972450e-01, 1.953770175712682133e-01
3.285866608701533687e-01, 1.437866559253520027e-01, 3.327684313995109555e-01, 1.948582518049835344e-01
3.286676371061035273e-01, 1.441332567373860007e-01, 3.328587465730117323e-01, 1.943403595834987396e-01
3.287475940223343329e-01, 1.444811143192087644e-01, 3.329479480987297402e-01, 1.938233435597272736e-01
3.288265318013457450e-01, 1.448302258197425030e-01, 3.330360360143753695e-01, 1.933072063645363547e-01
3.289044506331945117e-01, 1.451805883927248519e-01, 3.331230103672367382e-01, 1.927919506068438704e-01
3.289813507154901173e-01, 1.455321991966200545e-01, 3.332088712141748621e-01, 1.922775788737150215e-01
3.290572322533897309e-01, 1.458850553945298667e-01, 3.332936186216209351e-01, 1.917640937304594673e-01
3.291320954595946535e-01, 1.462391541541046835e-01, 3.333772526655722768e-01, 1.912514977207282196e-01
3.292059405543456552e-01, 1.465944926474542775e-01, 3.334597734315894457e-01, 1.907397933666107048e-01
3.292787677654183676e-01, 1.469510680510582590e-01, 3.335411810147916878e-01, 1.902289831687316024e-01
3.293505773281200644e-01, 1.473088775456771193e-01, 3.336214755198547155e-01, 1.897190696063481286e-01
3.294213694852846097e-01, 1.476679183162625253e-01, 3.337006570610061007e-01, 1.892100551374467921e-01
3.294911444872689610e-01, 1.480281875518678902e-01, 3.337787257620222214e-01, 1.887019421988409551e-01
3.295599025919489500e-01, 1.483896824455587515e-01, 3.338556817562249868e-01, 1.881947332062674227e-01
3.296276440647149530e-01, 1.487524001943230922e-01, 3.339315251864781176e-01, 1.876884305544837817e-01
3.296943691784687824e-01, 1.491163379989817184e-01, 3.340062562051838158e-01, 1.871830366173657390e-01
3.297600782136188013e-01, 1.494814930640981365e-01, 3.340798749742790452e-01, 1.866785537480039614e-01
3.298247714580768153e-01, 1.498478625978891254e-01, 3.341523816652326451e-01, 1.861749842788013865e-01
3.298884492072538532e-01, 1.502154438121343083e-01, 3.342237764590413329e-01, 1.856723305215703668e-01
3.299511117640567814e-01, 1.505842339220866133e-01, 3.342940595462267628e-01, 1.851705947676299535e-01
3.300127594388839181e-01, 1.509542301463817071e-01, 3.343632311268315838e-01, 1.846697792879028466e-01
3.300733925496220356e-01, 1.513254297069484278e-01, 3.344312914104167200e-01, 1.841698863330127611e-01
3.301330114216425304e-01, 1.516978298289181348e-01, 3.344982406160575406e-01, 1.836709181333817109e-01
3.301916163877977595e-01, 1.520714277405347259e-01, 3.345640789723404729e-01, 1.831728768993269585e-01
3.302492077884173205e-01, 1.524462206730644309e-01, 3.346288067173599501e-01, 1.826757648211583540e-01
3.303057859713047772e-01, 1.528222058607051348e-01, 3.346924240987144694e-01, 1.821795840692753965e-01
3.303613512917344952e-01, 1.531993805404966436e-01, 3.347549313735040943e-01, 1.816843367942647114e-01
3.304159041124473117e-01, 1.535777419522294795e-01, 3.348163288083262912e-01, 1.811900251269968343e-01
3.304694448036482046e-01, 1.539572873383550922e-01, 3.348766166792732646e-01, 1.806966511787236052e-01
3.305219737430020177e-01, 1.543380139438950416e-01, 3.349357952719276277e-01, 1.802042170411752298e-01
3.305734913156310184e-01, 1.547199190163505989e-01, 3.349938648813606812e-01, 1.797127247866577571e-01
3.306239979141109564e-01, 1.551029998056121517e-01, 3.350508258121273619e-01, 1.792221764681495577e-01
3.306734939384681771e-01, 1.554872535638685549e-01, 3.351066783782640779e-01, 1.787325741193991624e-01
3.307219797961764018e-01, 1.558726775455166746e-01, 3.351614229032851555e-01, 1.782439197550217402e-01
3.307694559021535086e-01, 1.562592690070706003e-01, 3.352150597201792315e-01, 1.777562153705965764e-01
3.308159226787585894e-01, 1.566470252070710778e-01, 3.352675891714062550e-01, 1.772694629427641611e-01
3.308613805557886201e-01, 1.570359434059946102e-01, 3.353190116088939354e-01, 1.767836644293229176e-01
3.309058299704756290e-01, 1.574260208661630855e-01, 3.353693273940349107e-01, 1.762988217693264859e-01
3.309492713674838105e-01, 1.578172548516526552e-01, 3.354185368976829729e-01, 1.758149368831807002e-01
3.309917051989061942e-01, 1.582096426282033064e-01, 3.354666405001500706e-01, 1.753320116727404288e-01
3.310331319242622583e-01, 1.586031814631279346e-01, 3.355136385912029784e-01, 1.748500480214066899e-01
3.310735520104946539e-01, 1.589978686252215556e-01, 3.355595315700602432e-01, 1.743690477942235473e-01
3.311129659319663743e-01, 1.593937013846704054e-01, 3.356043198453882992e-01, 1.738890128379748379e-01
3.311513741704583680e-01, 1.597906770129614018e-01, 3.356480038352988582e-01, 1.734099449812813720e-01
3.311887772151662079e-01, 1.601887927827910785e-01, 3.356905839673453573e-01, 1.729318460346973008e-01
3.312251755626978711e-01, 1.605880459679747962e-01, 3.357320606785199057e-01, 1.724547177908074269e-01
3.312605697170705743e-01, 1.609884338433559270e-01, 3.357724344152497320e-01, 1.719785620243236279e-01
3.312949601897087759e-01, 1.613899536847150928e-01, 3.358117056333942418e-01, 1.715033804921818061e-01
3.313283474994407340e-01, 1.617926027686791557e-01, 3.358498747982415766e-01, 1.710291749336383949e-01
3.313607321724967858e-01, 1.621963783726303732e-01, 3.358869423845055602e-01, 1.705559470703671976e-01
3.313921147425060720e-01, 1.626012777746157212e-01, 3.359229088763223126e-01, 1.700836986065559497e-01
3.314224957504943725e-01, 1.630072982532558001e-01, 3.359577747672470860e-01, 1.696124312290028524e-01
3.314518757448816633e-01, 1.634144370876540464e-01, 3.359915405602509342e-01, 1.691421466072132174e-01
3.314802552814798964e-01, 1.638226915573061104e-01, 3.360242067677179367e-01, 1.686728463934960842e-01
3.315076349234898911e-01, 1.642320589420085686e-01, 3.360557739114412024e-01, 1.682045322230603657e-01
3.315340152414995578e-01, 1.646425365217683012e-01, 3.360862425226204264e-01, 1.677372057141115758e-01
3.315593968134817882e-01, 1.650541215767118708e-01, 3.361156131418581716e-01, 1.672708684679481139e-01
3.315837802247911803e-01, 1.654668113869942059e-01, 3.361438863191570370e-01, 1.668055220690575491e-01
3.316071660681629285e-01, 1.658806032327080904e-01, 3.361710626139159941e-01, 1.663411680852130425e-01
3.316295549437096590e-01, 1.662954943937932639e-01, 3.361971425949276115e-01, 1.658778080675694655e-01
3.316509474589200979e-01, 1.667114821499455779e-01, 3.362221268403747798e-01, 1.654154435507596277e-01
3.316713442286559621e-01, 1.671285637805261792e-01, 3.362460159378272140e-01, 1.649540760529906447e-01
3.316907458751508497e-01, 1.675467365644708051e-01, 3.362688104842386783e-01, 1.644937070761396947e-01
3.317091530280072975e-01, 1.679659977801989112e-01, 3.362905110859434887e-01, 1.640343381058503303e-01
3.317265663241952822e-01, 1.683863447055227724e-01, 3.363111183586535158e-01, 1.635759706116283740e-01
3.317429864080500002e-01, 1.688077746175571103e-01, 3.363306329274549089e-01, 1.631186060469380084e-01
3.317584139312697022e-01, 1.692302847926279163e-01, 3.363490554268049881e-01, 1.626622458492973655e-01
3.317728495529143617e-01, 1.696538725061819963e-01, 3.363663865005289133e-01, 1.622068914403749229e-01
3.317862939394027877e-01, 1.700785350326960155e-01, 3.363826268018165200e-01, 1.617525442260846213e-01
3.317987477645119587e-01, 1.705042696455862095e-01, 3.363977769932197104e-01, 1.612992055966822602e-01
3.318102117093738590e-01, 1.709310736171172629e-01, 3.364118377466481791e-01, 1.608468769268606435e-01
3.318206864624748120e-01, 1.713589442183118539e-01, 3.364248097433676921e-01, 1.603955595758458086e-01
3.318301727196530382e-01, 1.717878787188599210e-01, 3.364366936739952574e-01, 1.599452548874918112e-01
3.318386711840971559e-01, 1.722178743870282080e-01, 3.364474902384974597e-01, 1.594959641903770653e-01
3.318461825663445164e-01, 1.726489284895695309e-01, 3.364572001461866857e-01, 1.590476887978993781e-01
3.318527075842790386e-01, 1.730810382916320445e-01, 3.364658241157176266e-01, 1.586004300083712071e-01
3.318582469631305987e-01, 1.735142010566690096e-01, 3.364733628750848915e-01, 1.581541891051155835e-01
3.318628014354722544e-01, 1.739484140463478934e-01, 3.364798171616192879e-01, 1.577089673565607031e-01
3.318663717412194680e-01, 1.743836745204600525e-01, 3.364851877219847687e-01, 1.572647660163356831e-01
3.318689586276283854e-01, 1.748199797368303332e-01, 3.364894753121758231e-01, 1.568215863233655971e-01
3.318705628492940596e-01, 1.752573269512261722e-01, 3.364926806975134244e-01, 1.563794295019663161e-01
3.318711851681493963e-01, 1.756957134172676127e-01, 3.364948046526429204e-01, 1.559382967619401539e-01
3.318708263534634328e-01, 1.761351363863364605e-01, 3.364958479615301479e-01, 1.554981892986701253e-01
3.318694871818398950e-01, 1.765755931074861340e-01, 3.364958114174585457e-01, 1.550591082932153419e-01
3.318671684372164199e-01, 1.770170808273512641e-01, 3.364946958230264351e-01, 1.546210549124059086e-01
3.318638709108622797e-01, 1.774595967900569893e-01, 3.364925019901433001e-01, 1.541840303089374864e-01
3.318595954013778271e-01, 1.779031382371290826e-01, 3.364892307400271232e-01, 1.537480356214660226e-01
3.318543427146929403e-01, 1.783477024074032746e-01, 3.364848829032011657e-01, 1.533130719747026471e-01
3.318481136640659135e-01, 1.787932865369350477e-01, 3.364794593194906924e-01, 1.528791404795082354e-01
3.318409090700822905e-01, 1.792398878589094302e-01, 3.364729608380205295e-01, 1.524462422329876943e-01
3.318327297606534776e-01, 1.796875036035506523e-01, 3.364653883172111781e-01, 1.520143783185847197e-01
3.318235765710157992e-01, 1.801361309980318570e-01, 3.364567426247760951e-01, 1.515835498061761655e-01
3.318134503437296101e-01, 1.805857672663850888e-01, 3.364470246377190277e-01, 1.511537577521662179e-01
3.318023519286778522e-01, 1.810364096294107827e-01, 3.364362352423302949e-01, 1.507250031995810424e-01
3.317902821830652216e-01, 1.814880553045879752e-01, 3.364243753341842891e-01, 1.502972871781624586e-01
3.317772419714173915e-01, 1.819407015059839039e-01, 3.364114458181359235e-01, 1.498706107044626978e-01
3.317632321655797911e-01, 1.823943454441639411e-01, 3.363974476083183562e-01, 1.494449747819379115e-01
3.317482536447167729e-01, 1.828489843261014713e-01, 3.363823816281391044e-01, 1.490203804010426514e-01
3.317323072953108354e-01, 1.833046153550879354e-01, 3.363662488102775461e-01, 1.485968285393235722e-01
3.317153940111619015e-01, 1.837612357306426802e-01, 3.363490500966820340e-01, 1.481743201615133843e-01
3.316975146933860419e-01, 1.842188426484227814e-01, 3.363307864385665091e-01, 1.477528562196245288e-01
3.316786702504153084e-01, 1.846774333001334201e-01, 3.363114587964078361e-01, 1.473324376530432966e-01
3.316588615979967902e-01, 1.851370048734374829e-01, 3.362910681399426949e-01, 1.469130653886229765e-01
3.316380896591917260e-01, 1.855975545518658842e-01, 3.362696154481645827e-01, 1.464947403407778626e-01
3.316163553643751705e-01, 1.860590795147273602e-01, 3.362471017093207060e-01, 1.460774634115767079e-01
3.315936596512351620e-01, 1.865215769370188459e-01, 3.362235279209098704e-01, 1.456612354908360663e-01
3.315700034647726113e-01, 1.869850439893352978e-01, 3.361988950896784845e-01, 1.452460574562137452e-01
3.315453877572998032e-01, 1.874494778377799320e-01, 3.361732042316178393e-01, 1.448319301733022868e-01
3.315198134884412839e-01, 1.879148756438744072e-01, 3.361464563719622767e-01, 1.444188544957220877e-01
3.314932816251319747e-01, 1.883812345644687303e-01, 3.361186525451847484e-01, 1.440068312652144356e-01
3.314657931416179482e-01, 1.888485517516518553e-01, 3.360897937949950953e-01, 1.435958613117350735e-01
3.314373490194553185e-01, 1.893168243526613115e-01, 3.360598811743366610e-01, 1.431859454535467646e-01
3.314079502475102412e-01, 1.897860495097939137e-01, 3.360289157453832942e-01, 1.427770844973126341e-01
3.313775978219585805e-01, 1.902562243603156122e-01, 3.359968985795371843e-01, 1.423692792381887617e-01
3.313462927462854646e-01, 1.907273460363719808e-01, 3.359638307574252525e-01, 1.419625304599173854e-01
3.313140360312852861e-01, 1.911994116648983166e-01, 3.359297133688969872e-01, 1.415568389349193823e-01
3.312808286950616465e-01, 1.916724183675300730e-01, 3.358945475130212244e-01, 1.411522054243870283e-01
3.312466717630270230e-01, 1.921463632605127647e-01, 3.358583342980833719e-01, 1.407486306783767849e-01
3.312115662679024908e-01, 1.926212434546127061e-01, 3.358210748415830782e-01, 1.403461154359016694e-01
3.311755132497181120e-01, 1.930970560550269999e-01, 3.357827702702311234e-01, 1.399446604250237647e-01
3.311385137558127134e-01, 1.935737981612939418e-01, 3.357434217199464777e-01, 1.395442663629467006e-01
3.311005688408339975e-01, 1.940514668672036480e-01, 3.357030303358543577e-01, 1.391449339561079968e-01
3.310616795667385426e-01, 1.945300592607076273e-01, 3.356615972722825081e-01, 1.387466639002714053e-01
3.310218470027918025e-01, 1.950095724238299078e-01, 3.356191236927595356e-01, 1.383494568806188374e-01
3.309810722255687732e-01, 1.954900034325770253e-01, 3.355756107700114677e-01, 1.379533135718427617e-01
3.309393563189536591e-01, 1.959713493568484288e-01, 3.355310596859597538e-01, 1.375582346382382970e-01
3.308967003741403179e-01, 1.964536072603468020e-01, 3.354854716317177687e-01, 1.371642207337949726e-01
3.308531054896329815e-01, 1.969367742004886346e-01, 3.354388478075895352e-01, 1.367712725022888209e-01
3.308085727712456459e-01, 1.974208472283142113e-01, 3.353911894230658941e-01, 1.363793905773741655e-01
3.307631033321036806e-01, 1.979058233883984608e-01, 3.353424976968223947e-01, 1.359885755826753528e-01
3.307166982926431631e-01, 1.983916997187610276e-01, 3.352927738567171856e-01, 1.355988281318786515e-01
3.306693587806119328e-01, 1.988784732507765107e-01, 3.352420191397877947e-01, 1.352101488288236508e-01
3.306210859310703687e-01, 1.993661410090854791e-01, 3.351902347922490755e-01, 1.348225382675949935e-01
3.305718808863912783e-01, 1.998547000115041550e-01, 3.351374220694908757e-01, 1.344359970326137743e-01
3.305217447962610078e-01, 2.003441472689351244e-01, 3.350835822360749838e-01, 1.340505256987289395e-01
3.304706788176801080e-01, 2.008344797852777419e-01, 3.350287165657332977e-01, 1.336661248313088524e-01
3.304186841149638343e-01, 2.013256945573384804e-01, 3.349728263413653817e-01, 1.332827949863322481e-01
3.303657618597432566e-01, 2.018177885747411138e-01, 3.349159128550358022e-01, 1.329005367104798829e-01
3.303119132309655370e-01, 2.023107588198373719e-01, 3.348579774079720184e-01, 1.325193505412250727e-01
3.302571394148954287e-01, 2.028046022676171511e-01, 3.347990213105619395e-01, 1.321392370069254807e-01
3.302014416051158863e-01, 2.032993158856188087e-01, 3.347390458823518156e-01, 1.317601966269134617e-01
3.301448210025290098e-01, 2.037948966338395951e-01, 3.346780524520439615e-01, 1.313822299115874337e-01
3.300872788153573212e-01, 2.042913414646460313e-01, 3.346160423574941478e-01, 1.310053373625026107e-01
3.300288162591442642e-01, 2.047886473226840365e-01, 3.345530169457101022e-01, 1.306295194724616804e-01
3.299694345567560916e-01, 2.052868111447894439e-01, 3.344889775728487891e-01, 1.302547767256056754e-01
3.299091349383827532e-01, 2.057858298598981561e-01, 3.344239256042144115e-01, 1.298811095975046237e-01
3.298479186415388398e-01, 2.062857003889565777e-01, 3.343578624142565237e-01, 1.295085185552480589e-01
3.297857869110652485e-01, 2.067864196448315206e-01, 3.342907893865676994e-01, 1.291370040575355871e-01
3.297227409991304037e-01, 2.072879845322208592e-01, 3.342227079138814783e-01, 1.287665665547671756e-01
3.296587821652317563e-01, 2.077903919475636019e-01, 3.341536193980708669e-01, 1.283972064891338860e-01
3.295939116761968379e-01, 2.082936387789498245e-01, 3.340835252501454522e-01, 1.280289242947078021e-01
3.295281308061855374e-01, 2.087977219060314360e-01, 3.340124268902505689e-01, 1.276617203975326242e-01
3.294614408366907110e-01, 2.093026381999315566e-01, 3.339403257476644682e-01, 1.272955952157132919e-01
3.293938430565408471e-01, 2.098083845231553946e-01, 3.338672232607969859e-01, 1.269305491595068003e-01
3.293253387619008432e-01, 2.103149577294998462e-01, 3.337931208771875990e-01, 1.265665826314117393e-01
3.292559292562744488e-01, 2.108223546639637069e-01, 3.337180200535035390e-01, 1.262036960262582774e-01
3.291856158505053753e-01, 2.113305721626578260e-01, 3.336419222555383479e-01, 1.258418897312984508e-01
3.291143998627799605e-01, 2.118396070527148456e-01, 3.335648289582096027e-01, 1.254811641262955080e-01
3.290422826186286120e-01, 2.123494561521995783e-01, 3.334867416455580824e-01, 1.251215195836138661e-01
3.289692654509274172e-01, 2.128601162700183846e-01, 3.334076618107452150e-01, 1.247629564683089970e-01
3.288953496999012516e-01, 2.133715842058297729e-01, 3.333275909560522998e-01, 1.244054751382168006e-01
3.288205367131247780e-01, 2.138838567499536381e-01, 3.332465305928782873e-01, 1.240490759440431717e-01
3.287448278455257777e-01, 2.143969306832814448e-01, 3.331644822417391127e-01, 1.236937592294536925e-01
3.286682244593858715e-01, 2.149108027771858553e-01, 3.330814474322653096e-01, 1.233395253311629219e-01
3.285907279243444612e-01, 2.154254697934305240e-01, 3.329974277032014540e-01, 1.229863745790236579e-01
3.285123396173996180e-01, 2.159409284840798915e-01, 3.329124246024040557e-01, 1.226343072961165320e-01
3.284330609229118014e-01, 2.164571755914085627e-01, 3.328264396868407804e-01, 1.222833237988388555e-01
3.283528932326054695e-01, 2.169742078478113234e-01, 3.327394745225891737e-01, 1.219334243969941306e-01
3.282718379455720203e-01, 2.174920219757121853e-01, 3.326515306848348841e-01, 1.215846093938809241e-01
3.281898964682721798e-01, 2.180106146874744022e-01, 3.325626097578713858e-01, 1.212368790863820045e-01
3.281070702145391649e-01, 2.185299826853095428e-01, 3.324727133350979802e-01, 1.208902337650532149e-01
3.280233606055809603e-01, 2.190501226611871188e-01, 3.323818430190193518e-01, 1.205446737142125135e-01
3.279387690699833713e-01, 2.195710312967436850e-01, 3.322900004212443470e-01, 1.202001992120286661e-01
3.278532970437128546e-01, 2.200927052631923841e-01, 3.321971871624847528e-01, 1.198568105306099668e-01
3.277669459701196275e-01, 2.206151412212320750e-01, 3.321034048725549637e-01, 1.195145079360932783e-01
3.276797172999408869e-01, 2.211383358209563499e-01, 3.320086551903706495e-01, 1.191732916887323079e-01
3.275916124913030858e-01, 2.216622857017627179e-01, 3.319129397639480894e-01, 1.188331620429861762e-01
3.275026330097262073e-01, 2.221869874922618171e-01, 3.318162602504035052e-01, 1.184941192476083871e-01
3.274127803281265958e-01, 2.227124378101862368e-01, 3.317186183159525070e-01, 1.181561635457346188e-01
3.273220559268200103e-01, 2.232386332622991743e-01, 3.316200156359090379e-01, 1.178192951749717776e-01
3.272304612935256207e-01, 2.237655704443035909e-01, 3.315204538946852075e-01, 1.174835143674856641e-01
3.271379979233687840e-01, 2.242932459407508961e-01, 3.314199347857906264e-01, 1.171488213500896658e-01
3.270446673188854847e-01, 2.248216563249495759e-01, 3.313184600118320167e-01, 1.168152163443329228e-01
3.269504709900252215e-01, 2.253507981588737386e-01, 3.312160312845127130e-01, 1.164826995665882853e-01
3.268554104541552263e-01, 2.258806679930716876e-01, 3.311126503246326069e-01, 1.161512712281403820e-01
3.267594872360640168e-01, 2.264112623665744117e-01, 3.310083188620877026e-01, 1.158209315352738689e-01
3.266627028679653932e-01, 2.269425778068038246e-01, 3.309030386358697284e-01, 1.154916806893610121e-01
3.265650588895024908e-01, 2.274746108294811997e-01, 3.307968113940665256e-01, 1.151635188869498810e-01
3.264665568477515545e-01, 2.280073579385351323e-01, 3.306896388938612708e-01, 1.148364463198520286e-01
3.263671982972263796e-01, 2.285408156260098633e-01, 3.305815229015335310e-01, 1.145104631752301150e-01
3.262669847998825867e-01, 2.290749803719731581e-01, 3.304724651924583756e-01, 1.141855696356858935e-01
3.261659179251213958e-01, 2.296098486444242692e-01, 3.303624675511066533e-01, 1.138617658793476123e-01
3.260639992497946227e-01, 2.301454168992017324e-01, 3.302515317710461029e-01, 1.135390520799576392e-01
3.259612303582088977e-01, 2.306816815798910514e-01, 3.301396596549401319e-01, 1.132174284069599329e-01
3.258576128421301621e-01, 2.312186391177324385e-01, 3.300268530145497592e-01, 1.128968950255876263e-01
3.257531483007884421e-01, 2.317562859315282775e-01, 3.299131136707330603e-01, 1.125774520969501924e-01
3.256478383408826227e-01, 2.322946184275506143e-01, 3.297984434534458886e-01, 1.122590997781209715e-01
3.255416845765849998e-01, 2.328336329994481202e-01, 3.296828442017425420e-01, 1.119418382222243102e-01
3.254346886295466090e-01, 2.333733260281539157e-01, 3.295663177637765950e-01, 1.116256675785227276e-01
3.253268521289021109e-01, 2.339136938817923395e-01, 3.294488659968013988e-01, 1.113105879925042063e-01
3.252181767112745092e-01, 2.344547329155856064e-01, 3.293304907671707471e-01, 1.109965996059690541e-01
3.251086640207809797e-01, 2.349964394717615201e-01, 3.292111939503404305e-01, 1.106837025571171806e-01
3.249983157090375885e-01, 2.355388098794594653e-01, 3.290909774308682922e-01, 1.103718969806347233e-01
3.248871334351651208e-01, 2.360818404546373706e-01, 3.289698431024163372e-01, 1.100611830077812825e-01
3.247751188657942434e-01, 2.366255274999782832e-01, 3.288477928677510098e-01, 1.097515607664765053e-01
3.246622736750712779e-01, 2.371698673047966666e-01, 3.287248286387450258e-01, 1.094430303813869049e-01
3.245485995446640293e-01, 2.377148561449449471e-01, 3.286009523363783158e-01, 1.091355919740127633e-01
3.244340981637668375e-01, 2.382604902827191728e-01, 3.284761658907395798e-01, 1.088292456627744376e-01
3.243187712291074609e-01, 2.388067659667654774e-01, 3.283504712410277859e-01, 1.085239915630992480e-01
3.242026204449524052e-01, 2.393536794319859329e-01, 3.282238703355538911e-01, 1.082198297875079096e-01
3.240856475231129186e-01, 2.399012268994441255e-01, 3.280963651317421736e-01, 1.079167604457008101e-01
3.239678541829518754e-01, 2.404494045762710086e-01, 3.279679575961323978e-01, 1.076147836446448153e-01
3.238492421513890496e-01, 2.409982086555702563e-01, 3.278386497043813685e-01, 1.073138994886592701e-01
3.237298131629085529e-01, 2.415476353163238388e-01, 3.277084434412652625e-01, 1.070141080795024291e-01
3.236095689595644420e-01, 2.420976807232968486e-01, 3.275773408006810716e-01, 1.067154095164576377e-01
3.234885112909879346e-01, 2.426483410269431318e-01, 3.274453437856493232e-01, 1.064178038964195550e-01
3.233666419143939041e-01, 2.431996123633097806e-01, 3.273124544083161891e-01, 1.061212913139801400e-01
3.232439625945874306e-01, 2.437514908539421543e-01, 3.271786746899555953e-01, 1.058258718615148475e-01
3.231204751039710721e-01, 2.443039726057883720e-01, 3.270440066609718865e-01, 1.055315456292685306e-01
3.229961812225520257e-01, 2.448570537111041945e-01, 3.269084523609024351e-01, 1.052383127054413309e-01
3.228710827379487336e-01, 2.454107302473567120e-01, 3.267720138384199724e-01, 1.049461731762745820e-01
3.227451814453986545e-01, 2.459649982771291710e-01, 3.266346931513356422e-01, 1.046551271261365879e-01
3.226184791477653135e-01, 2.465198538480246337e-01, 3.264964923666016650e-01, 1.043651746376083600e-01
3.224909776555460184e-01, 2.470752929925700836e-01, 3.263574135603145021e-01, 1.040763157915693682e-01
3.223626787868794086e-01, 2.476313117281199183e-01, 3.262174588177175760e-01, 1.037885506672830138e-01
3.222335843675530609e-01, 2.481879060567596662e-01, 3.260766302332050448e-01, 1.035018793424822975e-01
3.221036962310112051e-01, 2.487450719652091746e-01, 3.259349299103242448e-01, 1.032163018934552506e-01
3.219730162183633837e-01, 2.493028054247264091e-01, 3.257923599617799648e-01, 1.029318183951303534e-01
3.218415461783913356e-01, 2.498611023910095319e-01, 3.256489225094371109e-01, 1.026484289211619938e-01
3.217092879675584882e-01, 2.504199588041006730e-01, 3.255046196843252027e-01, 1.023661335440156916e-01
3.215762434500173406e-01, 2.509793705882881198e-01, 3.253594536266412596e-01, 1.020849323350532661e-01
3.214424144976182895e-01, 2.515393336520092560e-01, 3.252134264857542423e-01, 1.018048253646182122e-01
3.213078029899181232e-01, 2.520998438877523617e-01, 3.250665404202088826e-01, 1.015258127021206741e-01
3.211724108141889023e-01, 2.526608971719593866e-01, 3.249187975977293474e-01, 1.012478944161224192e-01
3.210362398654262872e-01, 2.532224893649274722e-01, 3.247702001952241790e-01, 1.009710705744220477e-01
3.208992920463590304e-01, 2.537846163107110864e-01, 3.246207503987900700e-01, 1.006953412441397716e-01
3.207615692674578578e-01, 2.543472738370235464e-01, 3.244704504037164705e-01, 1.004207064918022224e-01
3.206230734469442401e-01, 2.549104577551382089e-01, 3.243193024144900849e-01, 1.001471663834273690e-01
3.204838065108005507e-01, 2.554741638597902709e-01, 3.241673086447998675e-01, 9.987472098460922765e-02
3.203437703927790592e-01, 2.560383879290772935e-01, 3.240144713175412972e-01, 9.960337036060236404e-02
3.202029670344112011e-01, 2.566031257243603370e-01, 3.238607926648217616e-01, 9.933311457640670028e-02
3.200613983850180144e-01, 2.571683729901645399e-01, 3.237062749279655538e-01, 9.906395369685194741e-02
3.199190664017195207e-01, 2.577341254540796434e-01, 3.235509203575188675e-01, 9.879588778668196847e-02
3.197759730494448838e-01, 2.583003788266602929e-01, 3.233947312132553487e-01, 9.852891691063944690e-02
3.196321203009425127e-01, 2.588671288013260630e-01, 3.232377097641815911e-01, 9.826304113354990266e-02
3.194875101367904424e-01, 2.594343710542612036e-01, 3.230798582885422432e-01, 9.799826052040604141e-02
3.193421445454066032e-01, 2.600021012443146651e-01, 3.229211790738266141e-01, 9.773457513645214534e-02
3.191960255230593124e-01, 2.605703150128990675e-01, 3.227616744167736695e-01, 9.747198504726789503e-02
3.190491550738783766e-01, 2.611390079838905032e-01, 3.226013466233786930e-01, 9.721049031885255209e-02
3.189015352098653611e-01, 2.617081757635270067e-01, 3.224401980088987263e-01, 9.695009101770903082e-02
3.187531679509049143e-01, 2.622778139403078024e-01, 3.222782308978595633e-01, 9.669078721092755346e-02
3.186040553247763141e-01, 2.628479180848918850e-01, 3.221154476240620790e-01, 9.643257896626973580e-02
3.184541993671635152e-01, 2.634184837499961573e-01, 3.219518505305880574e-01, 9.617546635225231177e-02
3.183036021216678613e-01, 2.639895064702938998e-01, 3.217874419698077415e-01, 9.591944943823053904e-02
3.181522656398190207e-01, 2.645609817623125193e-01, 3.216222243033863837e-01, 9.566452829448217343e-02
3.180001919810865885e-01, 2.651329051243315194e-01, 3.214561999022910732e-01, 9.541070299229086060e-02
3.178473832128925203e-01, 2.657052720362798048e-01, 3.212893711467981195e-01, 9.515797360402947214e-02
3.176938414106227904e-01, 2.662780779596331526e-01, 3.211217404265003794e-01, 9.490634020324378861e-02
3.175395686576392151e-01, 2.668513183373110720e-01, 3.209533101403143074e-01, 9.465580286473537774e-02
3.173845670452926093e-01, 2.674249885935741644e-01, 3.207840826964880043e-01, 9.440636166464531909e-02
3.172288386729344989e-01, 2.679990841339197627e-01, 3.206140605126088228e-01, 9.415801668053691564e-02
3.170723856479302771e-01, 2.685736003449796239e-01, 3.204432460156110829e-01, 9.391076799147900223e-02
3.169152100856717502e-01, 2.691485325944149021e-01, 3.202716416417844547e-01, 9.366461567812893463e-02
3.167573141095901268e-01, 2.697238762308128424e-01, 3.200992498367816741e-01, 9.341955982281532900e-02
3.165986998511692296e-01, 2.702996265835821421e-01, 3.199260730556277021e-01, 9.317560050962106488e-02
3.164393694499584853e-01, 2.708757789628483681e-01, 3.197521137627272192e-01, 9.293273782446588582e-02
3.162793250535870238e-01, 2.714523286593495954e-01, 3.195773744318742837e-01, 9.269097185518916648e-02
3.161185688177762798e-01, 2.720292709443307144e-01, 3.194018575462606035e-01, 9.245030269163242997e-02
3.159571029063547032e-01, 2.726066010694388475e-01, 3.192255655984847507e-01, 9.221073042572168477e-02
3.157949294912710814e-01, 2.731843142666174340e-01, 3.190485010905613206e-01, 9.197225515155006692e-02
3.156320507526090835e-01, 2.737624057480006479e-01, 3.188706665339301471e-01, 9.173487696546001047e-02
3.154684688786011937e-01, 2.743408707058073714e-01, 3.186920644494660171e-01, 9.149859596612536228e-02
3.153041860656429773e-01, 2.749197043122351691e-01, 3.185126973674882178e-01, 9.126341225463371898e-02
3.151392045183081803e-01, 2.754989017193532619e-01, 3.183325678277702520e-01, 9.102932593456819488e-02
3.149735264493636056e-01, 2.760784580589966675e-01, 3.181516783795503289e-01, 9.079633711208950908e-02
3.148071540797828249e-01, 2.766583684426583978e-01, 3.179700315815409684e-01, 9.056444589601780892e-02
3.146400896387631652e-01, 2.772386279613829330e-01, 3.177876300019395472e-01, 9.033365239791435464e-02
3.144723353637394192e-01, 2.778192316856582522e-01, 3.176044762184391801e-01, 9.010395673216306522e-02
3.143038935004001111e-01, 2.784001746653085863e-01, 3.174205728182391550e-01, 8.987535901605228639e-02
3.141347663027028170e-01, 2.789814519293858930e-01, 3.172359223980553700e-01, 8.964785936985597559e-02
3.139649560328903743e-01, 2.795630584860622214e-01, 3.170505275641322673e-01, 8.942145791691508139e-02
3.137944649615064252e-01, 2.801449893225211873e-01, 3.168643909322534924e-01, 8.919615478371893669e-02
3.136232953674116808e-01, 2.807272394048486719e-01, 3.166775151277535505e-01, 8.897195009998606907e-02
3.134514495378006860e-01, 2.813098036779246303e-01, 3.164899027855291869e-01, 8.874884399874544139e-02
3.132789297682178065e-01, 2.818926770653135128e-01, 3.163015565500514326e-01, 8.852683661641724822e-02
3.131057383625743817e-01, 2.824758544691546858e-01, 3.161124790753773173e-01, 8.830592809289362910e-02
3.129318776331652674e-01, 2.830593307700530192e-01, 3.159226730251621373e-01, 8.808611857161953440e-02
3.127573499006861546e-01, 2.836431008269687526e-01, 3.157321410726721123e-01, 8.786740819967295280e-02
3.125821574942510006e-01, 2.842271594771070276e-01, 3.155408859007963196e-01, 8.764979712784561061e-02
3.124063027514090152e-01, 2.848115015358081981e-01, 3.153489102020596291e-01, 8.743328551072319932e-02
3.122297880181627017e-01, 2.853961217964358643e-01, 3.151562166786359698e-01, 8.721787350676545036e-02
3.120526156489856762e-01, 2.859810150302670717e-01, 3.149628080423608201e-01, 8.700356127838641818e-02
3.118747880068404865e-01, 2.865661759863805669e-01, 3.147686870147449745e-01, 8.679034899203401376e-02
3.116963074631968200e-01, 2.871515993915449982e-01, 3.145738563269879218e-01, 8.657823681827030160e-02
3.115171763980504327e-01, 2.877372799501076717e-01, 3.143783187199911122e-01, 8.636722493185079730e-02
3.113373971999409129e-01, 2.883232123438823624e-01, 3.141820769443725569e-01, 8.615731351180418163e-02
3.111569722659711656e-01, 2.889093912320370716e-01, 3.139851337604801507e-01, 8.594850274151166758e-02
3.109759040018261200e-01, 2.894958112509812276e-01, 3.137874919384064376e-01, 8.574079280878620091e-02
3.107941948217920469e-01, 2.900824670142534978e-01, 3.135891542580028779e-01, 8.553418390595153575e-02
3.106118471487757660e-01, 2.906693531124083796e-01, 3.133901235088945025e-01, 8.532867622992151846e-02
3.104288634143241299e-01, 2.912564641129026244e-01, 3.131904024904946793e-01, 8.512426998227848318e-02
3.102452460586444527e-01, 2.918437945599827721e-01, 3.129899940120204893e-01, 8.492096536935231366e-02
3.100609975306235500e-01, 2.924313389745700764e-01, 3.127889008925076042e-01, 8.471876260229872779e-02
3.098761202878487220e-01, 2.930190918541474288e-01, 3.125871259608259400e-01, 8.451766189717779820e-02
3.096906167966277379e-01, 2.936070476726448386e-01, 3.123846720556954226e-01, 8.431766347503201475e-02
3.095044895320092082e-01, 2.941952008803246366e-01, 3.121815420257015861e-01, 8.411876756196456917e-02
3.093177409778040676e-01, 2.947835459036670103e-01, 3.119777387293117266e-01, 8.392097438921702901e-02
3.091303736266057811e-01, 2.953720771452550964e-01, 3.117732650348916668e-01, 8.372428419324734472e-02
3.089423899798122153e-01, 2.959607889836594619e-01, 3.115681238207213544e-01, 8.352869721580713502e-02
3.087537925476463441e-01, 2.965496757733224187e-01, 3.113623179750121261e-01, 8.333421370401915274e-02
3.085645838491783977e-01, 2.971387318444431158e-01, 3.111558503959238053e-01, 8.314083391045468119e-02
3.083747664123475674e-01, 2.977279515028606882e-01, 3.109487239915813550e-01, 8.294855809321036166e-02
3.081843427739838215e-01, 2.983173290299385716e-01, 3.107409416800922530e-01, 8.275738651598518736e-02
3.079933154798303874e-01, 2.989068586824479290e-01, 3.105325063895645887e-01, 8.256731944815719204e-02
3.078016870845656228e-01, 2.994965346924506333e-01, 3.103234210581239383e-01, 8.237835716485977788e-02
3.076094601518266636e-01, 3.000863512671830824e-01, 3.101136886339320720e-01, 8.219049994705819595e-02
3.074166372542312398e-01, 3.006763025889384600e-01, 3.099033120752046622e-01, 8.200374808162554097e-02
3.072232209734014341e-01, 3.012663828149497180e-01, 3.096922943502301573e-01, 8.181810186141873220e-02
3.070292138999864417e-01, 3.018565860772716158e-01, 3.094806384373877672e-01, 8.163356158535420293e-02
3.068346186336864956e-01, 3.024469064826632581e-01, 3.092683473251667814e-01, 8.145012755848338171e-02
3.066394377832765139e-01, 3.030373381124701337e-01, 3.090554240121854979e-01, 8.126780009206793776e-02
3.064436739666294707e-01, 3.036278750225053780e-01, 3.088418715072102638e-01, 8.108657950365487366e-02
3.062473298107411535e-01, 3.042185112429320881e-01, 3.086276928291751820e-01, 8.090646611715153480e-02
3.060504079517543108e-01, 3.048092407781437529e-01, 3.084128910072018726e-01, 8.072746026290002208e-02
3.058529110349830771e-01, 3.054000576066462358e-01, 3.081974690806190686e-01, 8.054956227775174338e-02
3.056548417149377306e-01, 3.059909556809379261e-01, 3.079814300989828779e-01, 8.037277250514156257e-02
3.054562026553497844e-01, 3.065819289273911674e-01, 3.077647771220972661e-01, 8.019709129516175428e-02
3.052569965291973553e-01, 3.071729712461322981e-01, 3.075475132200347628e-01, 8.002251900463559775e-02
3.050572260187300877e-01, 3.077640765109221910e-01, 3.073296414731566673e-01, 7.984905599719110958e-02
3.048568938154951891e-01, 3.083552385690365161e-01, 3.071111649721343650e-01, 7.967670264333399921e-02
3.046560026203630756e-01, 3.089464512411452257e-01, 3.068920868179708661e-01, 7.950545932052073550e-02
3.044545551435536290e-01, 3.095377083211929281e-01, 3.066724101220221210e-01, 7.933532641323133572e-02
