7.177033411078194425e-02, 2.685123834636032325e-01, 3.508907337597081399e-01, 3.088265486659066972e-01
7.199035887407562173e-02, 2.681003091867030785e-01, 3.508541301091318010e-01, 3.090552018300895543e-01
7.221163860976759219e-02, 2.676879606913421528e-01, 3.508170451099711928e-01, 3.092833555889191177e-01
7.243417486876112255e-02, 2.672753411700533044e-01, 3.507794780015309200e-01, 3.095110059596545282e-01
7.265796920189462882e-02, 2.668624538219208087e-01, 3.507414280190070954e-01, 3.097381489571776059e-01
7.288302315979103274e-02, 2.664493018526471468e-01, 3.507028943935222021e-01, 3.099647805940395351e-01
7.310933829270703510e-02, 2.660358884746209518e-01, 3.506638763521620628e-01, 3.101908968805099365e-01
7.333691615038115397e-02, 2.656222169069827888e-01, 3.506243731180113121e-01, 3.104164938246247174e-01
7.356575828188213761e-02, 2.652082903756915466e-01, 3.505843839101898118e-01, 3.106415674322364207e-01
7.379586623545650315e-02, 2.647941121135898856e-01, 3.505439079438895655e-01, 3.108661137070641844e-01
7.402724155837561715e-02, 2.643796853604685748e-01, 3.505029444304110231e-01, 3.110901286507448127e-01
7.425988579678276247e-02, 2.639650133631317175e-01, 3.504614925772004397e-01, 3.113136082628851220e-01
7.449380049553940009e-02, 2.635500993754598675e-01, 3.504195515878867906e-01, 3.115365485411139002e-01
7.472898719807102852e-02, 2.631349466584738117e-01, 3.503771206623192414e-01, 3.117589454811359739e-01
7.496544744621286283e-02, 2.627195584803968531e-01, 3.503341989966042846e-01, 3.119807950767858329e-01
7.520318278005508339e-02, 2.623039381167175943e-01, 3.502907857831445426e-01, 3.122020933200828074e-01
7.544219473778729368e-02, 2.618880888502509996e-01, 3.502468802106752377e-01, 3.124228362012865245e-01
7.568248485554303351e-02, 2.614720139712000124e-01, 3.502024814643034945e-01, 3.126430197089535290e-01
7.592405466724376495e-02, 2.610557167772157294e-01, 3.501575887255459207e-01, 3.128626398299944600e-01
7.616690570444230313e-02, 2.606392005734579076e-01, 3.501122011723680205e-01, 3.130816925497317826e-01
7.641103949616595559e-02, 2.602224686726538616e-01, 3.500663179792218305e-01, 3.133001738519582968e-01
7.665645756875935635e-02, 2.598055243951581383e-01, 3.500199383170855549e-01, 3.135180797189970336e-01
7.690316144572673096e-02, 2.593883710690098043e-01, 3.499730613535025348e-01, 3.137354061317608189e-01
7.715115264757396729e-02, 2.589710120299916207e-01, 3.499256862526206047e-01, 3.139521490698137796e-01
7.740043269165007567e-02, 2.585534506216860540e-01, 3.498778121752312287e-01, 3.141683045114324613e-01
7.765100309198867679e-02, 2.581356901955328964e-01, 3.498294382788098567e-01, 3.143838684336685008e-01
7.790286535914844879e-02, 2.577177341108848885e-01, 3.497805637175551152e-01, 3.145988368124115198e-01
7.815602100005393515e-02, 2.572995857350635074e-01, 3.497311876424294419e-01, 3.148132056224530184e-01
7.841047151783550606e-02, 2.568812484434140342e-01, 3.496813092011989976e-01, 3.150269708375515454e-01
7.866621841166904217e-02, 2.564627256193598992e-01, 3.496309275384743565e-01, 3.152401284304967577e-01
7.892326317661549351e-02, 2.560440206544565833e-01, 3.495800417957511397e-01, 3.154526743731767002e-01
7.918160730345974452e-02, 2.556251369484452418e-01, 3.495286511114508721e-01, 3.156646046366442526e-01
7.944125227854929860e-02, 2.552060779093049403e-01, 3.494767546209618381e-01, 3.158759151911840757e-01
7.970219958363258805e-02, 2.547868469533053903e-01, 3.494243514566807707e-01, 3.160866020063813342e-01
7.996445069569704800e-02, 2.543674475050582418e-01, 3.493714407480537076e-01, 3.162966610511910304e-01
8.022800708680669080e-02, 2.539478829975683749e-01, 3.493180216216182354e-01, 3.165060882940067821e-01
8.049287022393930568e-02, 2.535281568722840273e-01, 3.492640932010447896e-01, 3.167148797027319329e-01
8.075904156882350582e-02, 2.531082725791471422e-01, 3.492096546071788987e-01, 3.169230312448504949e-01
8.102652257777538669e-02, 2.526882335766424958e-01, 3.491547049580834838e-01, 3.171305388874986475e-01
8.129531470153474049e-02, 2.522680433318463811e-01, 3.490992433690809915e-01, 3.173373985975379008e-01
8.156541938510111778e-02, 2.518477053204748461e-01, 3.490432689527960819e-01, 3.175436063416279264e-01
8.183683806756934798e-02, 2.514272230269314345e-01, 3.489867808191985943e-01, 3.177491580863005538e-01
8.210957218196512919e-02, 2.510065999443540363e-01, 3.489297780756462908e-01, 3.179540497980344882e-01
8.238362315507978539e-02, 2.505858395746614620e-01, 3.488722598269276554e-01, 3.181582774433310834e-01
8.265899240730521791e-02, 2.501649454285991281e-01, 3.488142251753061363e-01, 3.183618369887895039e-01
8.293568135246830175e-02, 2.497439210257843267e-01, 3.487556732205628895e-01, 3.185647244011845514e-01
8.321369139766486567e-02, 2.493227698947513005e-01, 3.486966030600405775e-01, 3.187669356475433813e-01
8.349302394309369990e-02, 2.489014955729948464e-01, 3.486370137886874998e-01, 3.189684666952239400e-01
8.377368038189017541e-02, 2.484801016070140589e-01, 3.485769044991017251e-01, 3.191693135119940683e-01
8.405566209995932181e-02, 2.480585915523553231e-01, 3.485162742815748338e-01, 3.193694720661104935e-01
8.433897047580890538e-02, 2.476369689736545032e-01, 3.484551222241371038e-01, 3.195689383263994876e-01
8.462360688038231271e-02, 2.472152374446787704e-01, 3.483934474126013092e-01, 3.197677082623375244e-01
8.490957267689074051e-02, 2.467934005483676252e-01, 3.483312489306082393e-01, 3.199657778441334366e-01
8.519686922064564905e-02, 2.463714618768735876e-01, 3.482685258596712186e-01, 3.201631430428094616e-01
8.548549785889057728e-02, 2.459494250316022479e-01, 3.482052772792216255e-01, 3.203597998302856187e-01
8.577545993063277752e-02, 2.455272936232512915e-01, 3.481415022666537462e-01, 3.205557441794620877e-01
8.606675676647479456e-02, 2.451050712718496616e-01, 3.480771998973710146e-01, 3.207509720643045292e-01
8.635938968844558694e-02, 2.446827616067955014e-01, 3.480123692448309214e-01, 3.209454794599280736e-01
8.665336000983146769e-02, 2.442603682668936238e-01, 3.479470093805914210e-01, 3.211392623426835291e-01
8.694866903500694799e-02, 2.438378949003928986e-01, 3.478811193743570618e-01, 3.213323166902431471e-01
8.724531805926508121e-02, 2.434153451650221955e-01, 3.478146982940244492e-01, 3.215246384816882741e-01
8.754330836864779308e-02, 2.429927227280263280e-01, 3.477477452057299301e-01, 3.217162236975959488e-01
8.784264123977610084e-02, 2.425700312662011915e-01, 3.476802591738950010e-01, 3.219070683201276650e-01
8.814331793967973561e-02, 2.421472744659284859e-01, 3.476122392612734924e-01, 3.220971683331181890e-01
8.844533972562693136e-02, 2.417244560232094386e-01, 3.475436845289989196e-01, 3.222865197221647660e-01
8.874870784495383913e-02, 2.413015796436982496e-01, 3.474745940366307795e-01, 3.224751184747171595e-01
8.905342353489380247e-02, 2.408786490427347882e-01, 3.474049668422024006e-01, 3.226629605801689116e-01
8.935948802240638311e-02, 2.404556679453770662e-01, 3.473348020022683502e-01, 3.228500420299481588e-01
8.966690252400628947e-02, 2.400326400864321863e-01, 3.472640985719517293e-01, 3.230363588176098366e-01
8.997566824559208309e-02, 2.396095692104877328e-01, 3.471928556049921899e-01, 3.232219069389279942e-01
9.028578638227462150e-02, 2.391864590719419703e-01, 3.471210721537940636e-01, 3.234066823919893863e-01
9.059725811820570907e-02, 2.387633134350334030e-01, 3.470487472694739339e-01, 3.235906811772870095e-01
9.091008462640590149e-02, 2.383401360738701125e-01, 3.469758800019093758e-01, 3.237738992978145824e-01
9.122426706859290690e-02, 2.379169307724580129e-01, 3.469024693997873610e-01, 3.239563327591616915e-01
9.153980659500936257e-02, 2.374937013247289119e-01, 3.468285145106525524e-01, 3.241379775696090482e-01
9.185670434425061148e-02, 2.370704515345676278e-01, 3.467540143809564879e-01, 3.243188297402252451e-01
9.217496144309240969e-02, 2.366471852158386902e-01, 3.466789680561062625e-01, 3.244988852849627903e-01
9.249457900631830043e-02, 2.362239061924123196e-01, 3.466033745805132682e-01, 3.246781402207560840e-01
9.281555813654719655e-02, 2.358006182981899346e-01, 3.465272329976434307e-01, 3.248565905676193966e-01
9.313789992406057427e-02, 2.353773253771290486e-01, 3.464505423500656711e-01, 3.250342323487446783e-01
9.346160544662951430e-02, 2.349540312832670841e-01, 3.463733016795018105e-01, 3.252110615906015911e-01
9.378667576934202055e-02, 2.345307398807453814e-01, 3.462955100268762521e-01, 3.253870743230364293e-01
9.411311194442972816e-02, 2.341074550438316249e-01, 3.462171664323660525e-01, 3.255622665793725945e-01
9.444091501109508346e-02, 2.336841806569429081e-01, 3.461382699354505488e-01, 3.257366343965115152e-01
9.477008599533780220e-02, 2.332609206146667169e-01, 3.460588195749618734e-01, 3.259101738150336214e-01
9.510062590978189678e-02, 2.328376788217824678e-01, 3.459788143891349699e-01, 3.260828808793007072e-01
9.543253575350214846e-02, 2.324144591932819082e-01, 3.458982534156584410e-01, 3.262547516375574053e-01
9.576581651185075983e-02, 2.319912656543889062e-01, 3.458171356917248973e-01, 3.264257821420353811e-01
9.610046915628391029e-02, 2.315681021405786300e-01, 3.457354602540817501e-01, 3.265959684490556403e-01
9.643649464418831141e-02, 2.311449725975963654e-01, 3.456532261390820593e-01, 3.267653066191333888e-01
9.677389391870740154e-02, 2.307218809814752525e-01, 3.455704323827356594e-01, 3.269337927170817282e-01
9.711266790856808162e-02, 2.302988312585541320e-01, 3.454870780207605629e-01, 3.271014228121172929e-01
9.745281752790697916e-02, 2.298758274054936157e-01, 3.454031620886338083e-01, 3.272681929779656107e-01
9.779434367609673995e-02, 2.294528734092928790e-01, 3.453186836216434741e-01, 3.274340992929669070e-01
9.813724723757248636e-02, 2.290299732673047872e-01, 3.452336416549397491e-01, 3.275991378401830190e-01
9.848152908165816455e-02, 2.286071309872509394e-01, 3.451480352235870019e-01, 3.277633047075039219e-01
9.882719006239279458e-02, 2.281843505872357958e-01, 3.450618633626158505e-01, 3.279265959877554759e-01
9.917423101835710908e-02, 2.277616360957607222e-01, 3.449751251070743985e-01, 3.280890077788076176e-01
9.952265277249958131e-02, 2.273389915517365356e-01, 3.448878194920814155e-01, 3.282505361836825508e-01
9.987245613196300831e-02, 2.269164210044961050e-01, 3.447999455528776847e-01, 3.284111773106632159e-01
1.002236418879110663e-01, 2.264939285138061476e-01, 3.447115023248788490e-01, 3.285709272734038677e-01
1.005762108153546303e-01, 2.260715181498786919e-01, 3.446224888437279255e-01, 3.287297821910387108e-01
1.009301636729782736e-01, 2.256491939933809865e-01, 3.445329041453479846e-01, 3.288877381882927553e-01
1.012855012029670737e-01, 2.252269601354457973e-01, 3.444427472659945533e-01, 3.290447913955925618e-01
1.016422241308329588e-01, 2.248048206776809832e-01, 3.443520172423089609e-01, 3.292009379491770416e-01
1.020003331652416662e-01, 2.243827797321776563e-01, 3.442607131113710750e-01, 3.293561739912096442e-01
1.023598289978394915e-01, 2.239608414215183974e-01, 3.441688339107524253e-01, 3.295104956698896026e-01
1.027207123030800806e-01, 2.235390098787849167e-01, 3.440763786785698275e-01, 3.296638991395652307e-01
1.030829837380514147e-01, 2.231172892475646041e-01, 3.439833464535379526e-01, 3.298163805608460009e-01
1.034466439423030876e-01, 2.226956836819569130e-01, 3.438897362750237274e-01, 3.299679361007164524e-01
1.038116935376732358e-01, 2.222741973465786058e-01, 3.437955471830989596e-01, 3.301185619326491016e-01
1.041781331281159961e-01, 2.218528344165693889e-01, 3.437007782185949045e-01, 3.302682542367195717e-01
1.045459632995289906e-01, 2.214315990775954091e-01, 3.436054284231556677e-01, 3.304170091997198910e-01
1.049151846195806731e-01, 2.210104955258535564e-01, 3.435094968392917725e-01, 3.305648230152741229e-01
1.052857976375382865e-01, 2.205895279680741838e-01, 3.434129825104346723e-01, 3.307116918839527742e-01
1.056578028840956945e-01, 2.201687006215240494e-01, 3.433158844809905408e-01, 3.308576120133895904e-01
1.060312008712012422e-01, 2.197480177140076485e-01, 3.432182017963949505e-01, 3.310025796183961866e-01
1.064059920918861424e-01, 2.193274834838687959e-01, 3.431199335031661635e-01, 3.311465909210789538e-01
1.067821770200927528e-01, 2.189071021799910699e-01, 3.430210786489605868e-01, 3.312896421509557432e-01
1.071597561105030322e-01, 2.184868780617979511e-01, 3.429216362826267850e-01, 3.314317295450723289e-01
1.075387297983676771e-01, 2.180668153992520175e-01, 3.428216054542598257e-01, 3.315728493481204242e-01
1.079190984993345925e-01, 2.176469184728541117e-01, 3.427209852152565128e-01, 3.317129978125546996e-01
1.083008626092783061e-01, 2.172271915736409542e-01, 3.426197746183697879e-01, 3.318521711987110212e-01
1.086840225041294100e-01, 2.168076390031829781e-01, 3.425179727177631306e-01, 3.319903657749245229e-01
1.090685785397040308e-01, 2.163882650735814150e-01, 3.424155785690664588e-01, 3.321275778176481785e-01
1.094545310515336323e-01, 2.159690741074641596e-01, 3.423125912294303075e-01, 3.322638036115718729e-01
1.098418803546954148e-01, 2.155500704379820498e-01, 3.422090097575812284e-01, 3.323990394497413070e-01
1.102306267436422849e-01, 2.151312584088033719e-01, 3.421048332138768577e-01, 3.325332816336775132e-01
1.106207704920336710e-01, 2.147126423741087253e-01, 3.420000606603613158e-01, 3.326665264734962046e-01
1.110123118525664782e-01, 2.142942266985846944e-01, 3.418946911608201633e-01, 3.327987702880286780e-01
1.114052510568059595e-01, 2.138760157574172704e-01, 3.417887237808359679e-01, 3.329300094049407743e-01
1.117995883150174896e-01, 2.134580139362843576e-01, 3.416821575878437600e-01, 3.330602401608542817e-01
1.121953238159982130e-01, 2.130402256313478349e-01, 3.415749916511864881e-01, 3.331894589014674501e-01
1.125924577269089150e-01, 2.126226552492451183e-01, 3.414672250421704192e-01, 3.333176619816755060e-01
1.129909901931067245e-01, 2.122053072070797519e-01, 3.413588568341211493e-01, 3.334448457656923326e-01
1.133909213379774988e-01, 2.117881859324118599e-01, 3.412498861024386154e-01, 3.335710066271719287e-01
1.137922512627690813e-01, 2.113712958632477379e-01, 3.411403119246536053e-01, 3.336961409493295339e-01
1.141949800464246156e-01, 2.109546414480287513e-01, 3.410301333804830470e-01, 3.338202451250636971e-01
1.145991077454162343e-01, 2.105382271456196497e-01, 3.409193495518855754e-01, 3.339433155570786793e-01
1.150046343935791221e-01, 2.101220574252968820e-01, 3.408079595231182091e-01, 3.340653486580058007e-01
1.154115600019461896e-01, 2.097061367667352461e-01, 3.406959623807918613e-01, 3.341863408505267863e-01
1.158198845585825809e-01, 2.092904696599947600e-01, 3.405833572139269072e-01, 3.343062885674957796e-01
1.162296080284212219e-01, 2.088750606055067294e-01, 3.404701431140098045e-01, 3.344251882520620778e-01
1.166407303530983541e-01, 2.084599141140592304e-01, 3.403563191750491046e-01, 3.345430363577933663e-01
1.170532514507894167e-01, 2.080450347067816230e-01, 3.402418844936306863e-01, 3.346598293487981768e-01
1.174671712160457182e-01, 2.076304269151291182e-01, 3.401268381689752096e-01, 3.347755636998500095e-01
1.178824895196312061e-01, 2.072160952808662082e-01, 3.400111793029931273e-01, 3.348902358965093473e-01
1.182992062083598750e-01, 2.068020443560500410e-01, 3.398949070003415840e-01, 3.350038424352485555e-01
1.187173211049333543e-01, 2.063882787030125454e-01, 3.397780203684798717e-01, 3.351163798235742286e-01
1.191368340077793853e-01, 2.059748028943423903e-01, 3.396605185177267172e-01, 3.352278445801515905e-01
1.195577446908902552e-01, 2.055616215128666380e-01, 3.395424005613153495e-01, 3.353382332349277850e-01
1.199800529036621488e-01, 2.051487391516308156e-01, 3.394236656154506204e-01, 3.354475423292563319e-01
1.204037583707347481e-01, 2.047361604138797642e-01, 3.393043127993649599e-01, 3.355557684160205278e-01
1.208288607918311108e-01, 2.043238899130366826e-01, 3.391843412353745535e-01, 3.356629080597576809e-01
1.212553598415987283e-01, 2.039119322726822836e-01, 3.390637500489358525e-01, 3.357689578367830663e-01
1.216832551694504161e-01, 2.035002921265332831e-01, 3.389425383687019733e-01, 3.358739143353144940e-01
1.221125463994060106e-01, 2.030889741184200015e-01, 3.388207053265781532e-01, 3.359777741555958763e-01
1.225432331299344813e-01, 2.026779829022638535e-01, 3.386982500577795929e-01, 3.360805339100221278e-01
1.229753149337969864e-01, 2.022673231420539508e-01, 3.385751717008863015e-01, 3.361821902232628445e-01
1.234087913578897078e-01, 2.018569995118231208e-01, 3.384514693979002731e-01, 3.362827397323869261e-01
1.238436619230881136e-01, 2.014470166956234820e-01, 3.383271422943014972e-01, 3.363821790869869210e-01
1.242799261240910697e-01, 2.010373793875017412e-01, 3.382021895391040256e-01, 3.364805049493032052e-01
1.247175834292659352e-01, 2.006280922914729092e-01, 3.380766102849127597e-01, 3.365777139943482155e-01
1.251566332804942283e-01, 2.002191601214950156e-01, 3.379504036879795725e-01, 3.366738029100311835e-01
1.255970750930177071e-01, 1.998105876014416027e-01, 3.378235689082589310e-01, 3.367687683972817592e-01
1.260389082552851037e-01, 1.994023794650749970e-01, 3.376961051094649613e-01, 3.368626071701748548e-01
1.264821321287996070e-01, 1.989945404560184428e-01, 3.375680114591272929e-01, 3.369553159560546018e-01
1.269267460479669429e-01, 1.985870753277273471e-01, 3.374392871286472917e-01, 3.370468914956585849e-01
1.273727493199437732e-01, 1.981799888434607193e-01, 3.373099312933539040e-01, 3.371373305432416312e-01
1.278201412244873436e-01, 1.977732857762516949e-01, 3.371799431325602225e-01, 3.372266298667007667e-01
1.282689210138052704e-01, 1.973669709088772262e-01, 3.370493218296194415e-01, 3.373147862476981174e-01
1.287190879124060217e-01, 1.969610490338278563e-01, 3.369180665719807011e-01, 3.374017964817854209e-01
1.291706411169505353e-01, 1.965555249532764115e-01, 3.367861765512452643e-01, 3.374876573785278167e-01
1.296235797961039216e-01, 1.961504034790463868e-01, 3.366536509632224727e-01, 3.375723657616273576e-01
1.300779030903881361e-01, 1.957456894325796670e-01, 3.365204890079854239e-01, 3.376559184690466342e-01
1.305336101120356807e-01, 1.953413876449041353e-01, 3.363866898899275371e-01, 3.377383123531325637e-01
1.309906999448433029e-01, 1.949375029566000339e-01, 3.362522528178173431e-01, 3.378195442807393478e-01
1.314491716440268354e-01, 1.945340402177662964e-01, 3.361171770048550500e-01, 3.378996111333517627e-01
1.319090242360771714e-01, 1.941310042879864639e-01, 3.359814616687277766e-01, 3.379785098072086158e-01
1.323702567186159362e-01, 1.937284000362933800e-01, 3.358451060316656189e-01, 3.380562372134251481e-01
1.328328680602528511e-01, 1.933262323411343020e-01, 3.357081093204967170e-01, 3.381327902781160466e-01
1.332968572004436247e-01, 1.929245060903349018e-01, 3.355704707667032105e-01, 3.382081659425182352e-01
1.337622230493481224e-01, 1.925232261810625456e-01, 3.354321896064765829e-01, 3.382823611631128879e-01
1.342289644876899779e-01, 1.921223975197897116e-01, 3.352932650807725623e-01, 3.383553729117476649e-01
1.346970803666167893e-01, 1.917220250222566313e-01, 3.351536964353671877e-01, 3.384271981757592807e-01
1.351665695075608131e-01, 1.913221136134329314e-01, 3.350134829209115428e-01, 3.384978339580946849e-01
1.356374307021007142e-01, 1.909226682274795805e-01, 3.348726237929868232e-01, 3.385672772774327988e-01
1.361096627118243141e-01, 1.905236938077098374e-01, 3.347311183121596811e-01, 3.386355251683063061e-01
1.365832642681916176e-01, 1.901251953065496159e-01, 3.345889657440368481e-01, 3.387025746812219462e-01
1.370582340723993930e-01, 1.897271776854978498e-01, 3.344461653593204242e-01, 3.387684228827822497e-01
1.375345707952459751e-01, 1.893296459150857480e-01, 3.343027164338623347e-01, 3.388330668558058312e-01
1.380122730769971773e-01, 1.889326049748361602e-01, 3.341586182487190637e-01, 3.388965036994476265e-01
1.384913395272530101e-01, 1.885360598532217768e-01, 3.340138700902062219e-01, 3.389587305293189079e-01
1.389717687248156475e-01, 1.881400155476235792e-01, 3.338684712499532248e-01, 3.390197444776076319e-01
1.394535592175573657e-01, 1.877444770642880956e-01, 3.337224210249570833e-01, 3.390795426931973999e-01
1.399367095222905644e-01, 1.873494494182848802e-01, 3.335757187176376926e-01, 3.391381223417868074e-01
1.404212181246375368e-01, 1.869549376334628532e-01, 3.334283636358909564e-01, 3.391954806060086813e-01
1.409070834789020177e-01, 1.865609467424065859e-01, 3.332803550931431880e-01, 3.392516146855480974e-01
1.413943040079412017e-01, 1.861674817863920861e-01, 3.331316924084054554e-01, 3.393065217972612846e-01
1.418828781030387620e-01, 1.857745478153417784e-01, 3.329823749063265392e-01, 3.393601991752929758e-01
1.423728041237789232e-01, 1.853821498877794849e-01, 3.328324019172472781e-01, 3.394126440711943138e-01
1.428640803979213947e-01, 1.849902930707846282e-01, 3.326817727772538591e-01, 3.394638537540400902e-01
1.433567052212771364e-01, 1.845989824399460744e-01, 3.325304868282313864e-01, 3.395138255105454861e-01
1.438506768575853190e-01, 1.842082230793154751e-01, 3.323785434179167830e-01, 3.395625566451825339e-01
1.443459935383912540e-01, 1.838180200813603338e-01, 3.322259418999522484e-01, 3.396100444802960805e-01
1.448426534629248807e-01, 1.834283785469162653e-01, 3.320726816339384935e-01, 3.396562863562203050e-01
1.453406547979809449e-01, 1.830393035851392014e-01, 3.319187619854869209e-01, 3.397012796313929051e-01
1.458399956777995388e-01, 1.826508003134569014e-01, 3.317641823262730827e-01, 3.397450216824705049e-01
1.463406742039478903e-01, 1.822628738575200746e-01, 3.316089420340885829e-01, 3.397875099044435077e-01
1.468426884452034009e-01, 1.818755293511531701e-01, 3.314530404928938134e-01, 3.398287417107495600e-01
1.473460364374373222e-01, 1.814887719363045548e-01, 3.312964770928706892e-01, 3.398687145333875170e-01
1.478507161834995698e-01, 1.811026067629964431e-01, 3.311392512304737745e-01, 3.399074258230302958e-01
1.483567256531048428e-01, 1.807170389892742979e-01, 3.309813623084827405e-01, 3.399448730491380632e-01
1.488640627827194640e-01, 1.803320737811557606e-01, 3.308228097360546571e-01, 3.399810537000702015e-01
1.493727254754493861e-01, 1.799477163125793033e-01, 3.306635929287743414e-01, 3.400159652831969970e-01
1.498827116009293636e-01, 1.795639717653522704e-01, 3.305037113087074263e-01, 3.400496053250111061e-01
1.503940189952130413e-01, 1.791808453290988090e-01, 3.303431643044497101e-01, 3.400819713712383563e-01
1.509066454606643182e-01, 1.787983422012072443e-01, 3.301819513511802806e-01, 3.401130609869481569e-01
1.514205887658496563e-01, 1.784164675867765393e-01, 3.300200718907108643e-01, 3.401428717566628013e-01
1.519358466454314716e-01, 1.780352266985635035e-01, 3.298575253715375077e-01, 3.401714012844676005e-01
1.524524168000626623e-01, 1.776546247569283088e-01, 3.296943112488903149e-01, 3.401986471941187418e-01
1.529702968962824983e-01, 1.772746669897807270e-01, 3.295304289847847956e-01, 3.402246071291521456e-01
1.534894845664131202e-01, 1.768953586325250626e-01, 3.293658780480709924e-01, 3.402492787529907137e-01
1.540099774084577600e-01, 1.765167049280055023e-01, 3.292006579144845513e-01, 3.402726597490522420e-01
1.545317729859995992e-01, 1.761387111264502425e-01, 3.290347680666954044e-01, 3.402947478208546150e-01
1.550548688281021825e-01, 1.757613824854162288e-01, 3.288682079943583969e-01, 3.403155406921232751e-01
1.555792624292105242e-01, 1.753847242697323672e-01, 3.287009771941615255e-01, 3.403350361068956387e-01
1.561049512490540747e-01, 1.750087417514434029e-01, 3.285330751698762874e-01, 3.403532318296262349e-01
1.566319327125499372e-01, 1.746334402097529104e-01, 3.283645014324059752e-01, 3.403701256452911217e-01
1.571602042097081930e-01, 1.742588249309659221e-01, 3.281952554998344707e-01, 3.403857153594914697e-01
1.576897630955378660e-01, 1.738849012084312251e-01, 3.280253368974748174e-01, 3.403999987985560360e-01
1.582206066899539409e-01, 1.735116743424835462e-01, 3.278547451579177929e-01, 3.404129738096446367e-01
1.587527322776863259e-01, 1.731391496403850427e-01, 3.276834798210798150e-01, 3.404246382608488442e-01
1.592861371081891741e-01, 1.727673324162665447e-01, 3.275115404342507364e-01, 3.404349900412935170e-01
1.598208183955520112e-01, 1.723962279910685458e-01, 3.273389265521416402e-01, 3.404440270612378305e-01
1.603567733184116384e-01, 1.720258416924820288e-01, 3.271656377369323576e-01, 3.404517472521740862e-01
1.608939990198658410e-01, 1.716561788548882361e-01, 3.269916735583182632e-01, 3.404581485669277430e-01
1.614324926073877065e-01, 1.712872448192989394e-01, 3.268170335935578485e-01, 3.404632289797554501e-01
1.619722511527416919e-01, 1.709190449332961548e-01, 3.266417174275191293e-01, 3.404669864864430795e-01
1.625132716919006348e-01, 1.705515845509708583e-01, 3.264657246527256640e-01, 3.404694191044029261e-01
1.630555512249640404e-01, 1.701848690328624514e-01, 3.262890548694037385e-01, 3.404705248727696865e-01
1.635990867160780626e-01, 1.698189037458971429e-01, 3.261117076855278851e-01, 3.404703018524969926e-01
1.641438750933559287e-01, 1.694536940633262490e-01, 3.259336827168662909e-01, 3.404687481264514481e-01
1.646899132488006678e-01, 1.690892453646643812e-01, 3.257549795870269826e-01, 3.404658617995081071e-01
1.652371980382281169e-01, 1.687255630356266634e-01, 3.255755979275025136e-01, 3.404616409986427894e-01
1.657857262811920362e-01, 1.683626524680666703e-01, 3.253955373777153159e-01, 3.404560838730261163e-01
1.663354947609100576e-01, 1.680005190599130060e-01, 3.252147975850622208e-01, 3.404491885941146045e-01
1.668865002241912421e-01, 1.676391682151065765e-01, 3.250333782049591447e-01, 3.404409533557430367e-01
1.674387393813644431e-01, 1.672786053435366405e-01, 3.248512789008849988e-01, 3.404313763742140009e-01
1.679922089062085289e-01, 1.669188358609770273e-01, 3.246684993444258205e-01, 3.404204558883886511e-01
1.685469054358840202e-01, 1.665598651890224102e-01, 3.244850392153185159e-01, 3.404081901597750814e-01
1.691028255708652561e-01, 1.662016987550236635e-01, 3.243008982014941033e-01, 3.403945774726170881e-01
1.696599658748746964e-01, 1.658443419920231088e-01, 3.241160759991207896e-01, 3.403796161339814330e-01
1.702183228748183619e-01, 1.654878003386899277e-01, 3.239305723126471026e-01, 3.403633044738446634e-01
1.707778930607224688e-01, 1.651320792392545200e-01, 3.237443868548441350e-01, 3.403456408451788762e-01
1.713386728856713115e-01, 1.647771841434435558e-01, 3.235575193468480659e-01, 3.403266236240369835e-01
1.719006587657470886e-01, 1.644231205064138890e-01, 3.233699695182020162e-01, 3.403062512096370340e-01
1.724638470799703949e-01, 1.640698937886865827e-01, 3.231817371068978484e-01, 3.402845220244452573e-01
1.730282341702425453e-01, 1.637175094560808786e-01, 3.229928218594174671e-01, 3.402614345142591645e-01
1.735938163412891755e-01, 1.633659729796475557e-01, 3.228032235307742304e-01, 3.402369871482891495e-01
1.741605898606049807e-01, 1.630152898356021507e-01, 3.226129418845534169e-01, 3.402111784192394239e-01
1.747285509584002861e-01, 1.626654655052584275e-01, 3.224219766929530273e-01, 3.401840068433883424e-01
1.752976958275486996e-01, 1.623165054749602931e-01, 3.222303277368239183e-01, 3.401554709606670612e-01
1.758680206235361254e-01, 1.619684152360152674e-01, 3.220379948057099373e-01, 3.401255693347387532e-01
1.764395214644114696e-01, 1.616212002846262041e-01, 3.218449776978871135e-01, 3.400943005530753238e-01
1.770121944307385120e-01, 1.612748661218236235e-01, 3.216512762204033482e-01, 3.400616632270345163e-01
1.775860355655492218e-01, 1.609294182533974882e-01, 3.214568901891176611e-01, 3.400276559919356290e-01
1.781610408742985430e-01, 1.605848621898290085e-01, 3.212618194287382156e-01, 3.399922775071341219e-01
1.787372063248208465e-01, 1.602412034462218082e-01, 3.210660637728613431e-01, 3.399555264560959467e-01
1.793145278472870474e-01, 1.598984475422334517e-01, 3.208696230640092906e-01, 3.399174015464702658e-01
1.798930013341642209e-01, 1.595566000020061381e-01, 3.206724971536680791e-01, 3.398779015101616729e-01
1.804726226401756894e-01, 1.592156663540977568e-01, 3.204746859023248629e-01, 3.398370251034016909e-01
1.810533875822632754e-01, 1.588756521314124426e-01, 3.202761891795053995e-01, 3.397947711068188270e-01
1.816352919395505805e-01, 1.585365628711308816e-01, 3.200770068638104093e-01, 3.397511383255081285e-01
1.822183314533077636e-01, 1.581984041146405895e-01, 3.198771388429522688e-01, 3.397061255890994058e-01
1.828025018269177904e-01, 1.578611814074659114e-01, 3.196765850137910925e-01, 3.396597317518252335e-01
1.833877987258445141e-01, 1.575249002991979674e-01, 3.194753452823707041e-01, 3.396119556925868421e-01
1.839742177776014509e-01, 1.571895663434241253e-01, 3.192734195639538863e-01, 3.395627963150203987e-01
1.845617545717228858e-01, 1.568551850976576678e-01, 3.190708077830577416e-01, 3.395122525475616215e-01
1.851504046597358122e-01, 1.565217621232669609e-01, 3.188675098734883862e-01, 3.394603233435087852e-01
1.857401635551335362e-01, 1.561893029854045933e-01, 3.186635257783753117e-01, 3.394070076810864478e-01
1.863310267333508075e-01, 1.558578132529363780e-01, 3.184588554502061353e-01, 3.393523045635067348e-01
1.869229896317405326e-01, 1.555272984983701867e-01, 3.182534988508592400e-01, 3.392962130190300130e-01
1.875160476495517370e-01, 1.551977642977845351e-01, 3.180474559516384137e-01, 3.392387321010252310e-01
1.881101961479091644e-01, 1.548692162307569731e-01, 3.178407267333055453e-01, 3.391798608880282617e-01
1.887054304497944035e-01, 1.545416598802926422e-01, 3.176333111861129876e-01, 3.391195984838000221e-01
1.893017458400281516e-01, 1.542151008327522221e-01, 3.174252093098364202e-01, 3.390579440173832615e-01
1.898991375652545610e-01, 1.538895446777799880e-01, 3.172164211138068790e-01, 3.389948966431585720e-01
1.904976008339267224e-01, 1.535649970082319793e-01, 3.170069466169422312e-01, 3.389304555408990671e-01
1.910971308162935922e-01, 1.532414634201032244e-01, 3.167967858477788723e-01, 3.388646199158241168e-01
1.916977226443887516e-01, 1.529189495124559095e-01, 3.165859388445024236e-01, 3.387973889986528597e-01
1.922993714120201092e-01, 1.525974608873464644e-01, 3.163744056549784855e-01, 3.387287620456549964e-01
1.929020721747617406e-01, 1.522770031497529264e-01, 3.161621863367830021e-01, 3.386587383387023587e-01
1.935058199499469778e-01, 1.519575819075024425e-01, 3.159492809572319594e-01, 3.385873171853185926e-01
1.941106097166629130e-01, 1.516392027711981061e-01, 3.157356895934113616e-01, 3.385144979187275638e-01
1.947164364157464023e-01, 1.513218713541460148e-01, 3.155214123322059860e-01, 3.384402798979014859e-01
1.953232949497820115e-01, 1.510055932722820515e-01, 3.153064492703286925e-01, 3.383646625076072723e-01
1.959311801831006838e-01, 1.506903741440987765e-01, 3.150908005143483459e-01, 3.382876451584521105e-01
1.965400869417809337e-01, 1.503762195905720134e-01, 3.148744661807183487e-01, 3.382092272869288707e-01
1.971500100136505951e-01, 1.500631352350871028e-01, 3.146574463958041190e-01, 3.381294083554581276e-01
1.977609441482908459e-01, 1.497511267033659332e-01, 3.144397412959107907e-01, 3.380481878524324024e-01
1.983728840570412877e-01, 1.494401996233926111e-01, 3.142213510273099142e-01, 3.379655652922562425e-01
1.989858244130067455e-01, 1.491303596253399366e-01, 3.140022757462661018e-01, 3.378815402153870773e-01
1.995997598510656779e-01, 1.488216123414957404e-01, 3.137825156190635623e-01, 3.377961121883749640e-01
2.002146849678798080e-01, 1.485139634061886094e-01, 3.135620708220315245e-01, 3.377092808039000582e-01
2.008305943219057810e-01, 1.482074184557139185e-01, 3.133409415415701060e-01, 3.376210456808101945e-01
2.014474824334077097e-01, 1.479019831282598341e-01, 3.131191279741752376e-01, 3.375314064641571909e-01
2.020653437844719402e-01, 1.475976630638328735e-01, 3.128966303264637538e-01, 3.374403628252315990e-01
2.026841728190226510e-01, 1.472944639041836867e-01, 3.126734488151970970e-01, 3.373479144615965652e-01
2.033039639428400602e-01, 1.469923912927326992e-01, 3.124495836673060745e-01, 3.372540610971213049e-01
2.039247115235784669e-01, 1.466914508744956158e-01, 3.122250351199140073e-01, 3.371588024820119656e-01
2.045464098907877060e-01, 1.463916482960090359e-01, 3.119998034203598780e-01, 3.370621383928434356e-01
2.051690533359348256e-01, 1.460929892052554024e-01, 3.117738888262216457e-01, 3.369640686325880430e-01
2.057926361124279291e-01, 1.457954792515891163e-01, 3.115472916053381169e-01, 3.368645930306448655e-01
2.064171524356410437e-01, 1.454991240856607915e-01, 3.113200120358317613e-01, 3.367637114428664313e-01
2.070425964829415155e-01, 1.452039293593433700e-01, 3.110920504061293612e-01, 3.366614237515857533e-01
2.076689623937175988e-01, 1.449099007256566540e-01, 3.108634070149844941e-01, 3.365577298656412530e-01
2.082962442694086258e-01, 1.446170438386928936e-01, 3.106340821714975164e-01, 3.364526297204010197e-01
2.089244361735363154e-01, 1.443253643535412911e-01, 3.104040761951365468e-01, 3.363461232777859022e-01
2.095535321317377186e-01, 1.440348679262132003e-01, 3.101733894157576721e-01, 3.362382105262913812e-01
2.101835261317994419e-01, 1.437455602135673527e-01, 3.099420221736244874e-01, 3.361288914810088846e-01
2.108144121236938395e-01, 1.434574468732341124e-01, 3.097099748194271363e-01, 3.360181661836448286e-01
2.114461840196165121e-01, 1.431705335635409804e-01, 3.094772477143025724e-01, 3.359060347025400461e-01
2.120788356940250807e-01, 1.428848259434368217e-01, 3.092438412298512684e-01, 3.357924971326867736e-01
2.127123609836802931e-01, 1.426003296724169533e-01, 3.090097557481571444e-01, 3.356775535957456924e-01
2.133467536876876014e-01, 1.423170504104476208e-01, 3.087749916618041657e-01, 3.355612042400605843e-01
2.139820075675410715e-01, 1.420349938178910032e-01, 3.085395493738944395e-01, 3.354434492406734303e-01
2.146181163471686248e-01, 1.417541655554294400e-01, 3.083034292980650903e-01, 3.353242887993367893e-01
2.152550737129787228e-01, 1.414745712839902414e-01, 3.080666318585046359e-01, 3.352037231445263443e-01
2.158928733139086065e-01, 1.411962166646703043e-01, 3.078291574899694738e-01, 3.350817525314516709e-01
2.165315087614738676e-01, 1.409191073586604226e-01, 3.075910066377997576e-01, 3.349583772420659522e-01
2.171709736298202686e-01, 1.406432490271701807e-01, 3.073521797579345516e-01, 3.348335975850749713e-01
2.178112614557761728e-01, 1.403686473313519312e-01, 3.071126773169273738e-01, 3.347074138959444944e-01
2.184523657389069451e-01, 1.400953079322256600e-01, 3.068724997919603514e-01, 3.345798265369069879e-01
2.190942799415712128e-01, 1.398232364906032976e-01, 3.066316476708589311e-01, 3.344508358969665585e-01
2.197369974889778199e-01, 1.395524386670130845e-01, 3.063901214521052574e-01, 3.343204423919039492e-01
2.203805117692450855e-01, 1.392829201216238266e-01, 3.061479216448521612e-01, 3.341886464642789267e-01
2.210248161334611994e-01, 1.390146865141696220e-01, 3.059050487689361497e-01, 3.340554485834330012e-01
2.216699038957461732e-01, 1.387477435038739493e-01, 3.056615033548898408e-01, 3.339208492454901478e-01
2.223157683333153167e-01, 1.384820967493739785e-01, 3.054172859439543974e-01, 3.337848489733564183e-01
2.229624026865444364e-01, 1.382177519086450757e-01, 3.051723970880915182e-01, 3.336474483167189975e-01
2.236098001590361151e-01, 1.379547146389250301e-01, 3.049268373499950391e-01, 3.335086478520438713e-01
2.242579539176879910e-01, 1.376929905966381706e-01, 3.046806073031017581e-01, 3.333684481825719970e-01
2.249068570927622301e-01, 1.374325854373200373e-01, 3.044337075316026486e-01, 3.332268499383151950e-01
2.255565027779563581e-01, 1.371735048155411363e-01, 3.041861386304524073e-01, 3.330838537760499873e-01
2.262068840304763684e-01, 1.369157543848317227e-01, 3.039379012053803897e-01, 3.329394603793114915e-01
2.268579938711102195e-01, 1.366593397976057778e-01, 3.036889958728993255e-01, 3.327936704583847050e-01
2.275098252843035795e-01, 1.364042667050851809e-01, 3.034394232603150887e-01, 3.326464847502960676e-01
2.281623712182372088e-01, 1.361505407572242143e-01, 3.031891840057351351e-01, 3.324979040188034696e-01
2.288156245849049253e-01, 1.358981676026334851e-01, 3.029382787580768843e-01, 3.323479290543846498e-01
2.294695782601942069e-01, 1.356471528885044575e-01, 3.026867081770760470e-01, 3.321965606742253718e-01
2.301242250839673487e-01, 1.353975022605333478e-01, 3.024344729332935633e-01, 3.320437997222057125e-01
2.307795578601446740e-01, 1.351492213628457117e-01, 3.021815737081238185e-01, 3.318896470688858513e-01
2.314355693567889394e-01, 1.349023158379202836e-01, 3.019280111938003608e-01, 3.317341036114903052e-01
2.320922523061914322e-01, 1.346567913265134808e-01, 3.016737860934033399e-01, 3.315771702738917193e-01
2.327495994049591788e-01, 1.344126534675834650e-01, 3.014188991208647805e-01, 3.314188480065926035e-01
2.334076033141040396e-01, 1.341699078982142301e-01, 3.011633510009746328e-01, 3.312591377867069586e-01
2.340662566591333038e-01, 1.339285602535401909e-01, 3.009071424693862129e-01, 3.310980406179404034e-01
2.347255520301410325e-01, 1.336886161666698825e-01, 3.006502742726203659e-01, 3.309355575305686359e-01
2.353854819819018174e-01, 1.334500812686104931e-01, 3.003927471680712391e-01, 3.307716895814163949e-01
2.360460390339655379e-01, 1.332129611881920361e-01, 3.001345619240090024e-01, 3.306064378538335347e-01
2.367072156707530628e-01, 1.329772615519912993e-01, 2.998757193195843995e-01, 3.304398034576711551e-01
2.373690043416548656e-01, 1.327429879842562388e-01, 2.996162201448324125e-01, 3.302717875292565664e-01
2.380313974611291961e-01, 1.325101461068302067e-01, 2.993560652006740930e-01, 3.301023912313665321e-01
2.386943874088033324e-01, 1.322787415390759558e-01, 2.990952552989202817e-01, 3.299316157532005134e-01
2.393579665295752779e-01, 1.320487798977998672e-01, 2.988337912622732739e-01, 3.297594623103514699e-01
2.400221271337172890e-01, 1.318202667971762609e-01, 2.985716739243290396e-01, 3.295859321447774937e-01
2.406868614969807640e-01, 1.315932078486713452e-01, 2.983089041295781674e-01, 3.294110265247697789e-01
2.413521618607024077e-01, 1.313676086609674998e-01, 2.980454827334071966e-01, 3.292347467449228127e-01
2.420180204319123396e-01, 1.311434748398875583e-01, 2.977814106020997831e-01, 3.290570941261002913e-01
2.426844293834428123e-01, 1.309208119883185917e-01, 2.975166886128362553e-01, 3.288780700154022574e-01
2.433513808540389844e-01, 1.306996257061365518e-01, 2.972513176536941693e-01, 3.286976757861303500e-01
2.440188669484711081e-01, 1.304799215901299436e-01, 2.969852986236475867e-01, 3.285159128377514448e-01
2.446868797376473004e-01, 1.302617052339242187e-01, 2.967186324325664648e-01, 3.283327825958619606e-01
2.453554112587290614e-01, 1.300449822279059198e-01, 2.964513200012157124e-01, 3.281482865121493342e-01
2.460244535152469048e-01, 1.298297581591466576e-01, 2.961833622612530803e-01, 3.279624260643533851e-01
2.466939984772183458e-01, 1.296160386113272001e-01, 2.959147601552278850e-01, 3.277752027562265691e-01
2.473640380812664741e-01, 1.294038291646617544e-01, 2.956455146365784548e-01, 3.275866181174932890e-01
2.480345642307406062e-01, 1.291931353958218065e-01, 2.953756266696297428e-01, 3.273966737038077612e-01
2.487055687958379946e-01, 1.289839628778604030e-01, 2.951050972295902186e-01, 3.272053710967114393e-01
2.493770436137265623e-01, 1.287763171801360462e-01, 2.948339273025484819e-01, 3.270127119035889374e-01
2.500489804886700251e-01, 1.285702038682366710e-01, 2.945621178854696542e-01, 3.268186977576235663e-01
2.507213711921531529e-01, 1.283656285039039557e-01, 2.942896699861914933e-01, 3.266233303177512592e-01
2.513942074630093337e-01, 1.281625966449569110e-01, 2.940165846234198965e-01, 3.264266112686138865e-01
2.520674810075487771e-01, 1.279611138452161623e-01, 2.937428628267239050e-01, 3.262285423205111834e-01
2.527411834996888262e-01, 1.277611856544277336e-01, 2.934685056365308742e-01, 3.260291252093524550e-01
2.534153065810851313e-01, 1.275628176181870244e-01, 2.931935141041210890e-01, 3.258283616966066165e-01
2.540898418612638210e-01, 1.273660152778627597e-01, 2.929178892916218246e-01, 3.256262535692516225e-01
2.547647809177558398e-01, 1.271707841705207176e-01, 2.926416322720010177e-01, 3.254228026397223972e-01
2.554401152962322841e-01, 1.269771298288476236e-01, 2.923647441290611604e-01, 3.252180107458589320e-01
2.561158365106406820e-01, 1.267850577810750445e-01, 2.920872259574319729e-01, 3.250118797508522173e-01
2.567919360433430498e-01, 1.265945735509030334e-01, 2.918090788625637977e-01, 3.248044115431899526e-01
2.574684053452551691e-01, 1.264056826574240233e-01, 2.915303039607196611e-01, 3.245956080366010355e-01
2.581452358359869748e-01, 1.262183906150462775e-01, 2.912509023789675577e-01, 3.243854711699991622e-01
2.588224189039843304e-01, 1.260327029334177840e-01, 2.909708752551720123e-01, 3.241740029074259288e-01
2.594999459066726355e-01, 1.258486251173495940e-01, 2.906902237379859755e-01, 3.239612052379917673e-01
2.601778081706006551e-01, 1.256661626667398002e-01, 2.904089489868416085e-01, 3.237470801758179917e-01
2.608559969915865140e-01, 1.254853210764965699e-01, 2.901270521719412909e-01, 3.235316297599756807e-01
2.615345036348648011e-01, 1.253061058364620950e-01, 2.898445344742477392e-01, 3.233148560544253369e-01
2.622133193352346181e-01, 1.251285224313356259e-01, 2.895613970854746810e-01, 3.230967611479549917e-01
2.628924352972093481e-01, 1.249525763405968798e-01, 2.892776412080763082e-01, 3.228773471541174778e-01
2.635718426951671467e-01, 1.247782730384296018e-01, 2.889932680552367295e-01, 3.226566162111664804e-01
2.642515326735035419e-01, 1.246056179936445574e-01, 2.887082788508593678e-01, 3.224345704819925329e-01
2.649314963467842565e-01, 1.244346166696027045e-01, 2.884226748295555254e-01, 3.222112121540574026e-01
2.656117247999001396e-01, 1.242652745241385748e-01, 2.881364572366334476e-01, 3.219865434393278658e-01
2.662922090882227089e-01, 1.240975970094828768e-01, 2.878496273280857221e-01, 3.217605665742087617e-01
2.669729402377615246e-01, 1.239315895721858490e-01, 2.875621863705778991e-01, 3.215332838194747689e-01
2.676539092453221191e-01, 1.237672576530399610e-01, 2.872741356414357794e-01, 3.213046974602020156e-01
2.683351070786662018e-01, 1.236046066870027382e-01, 2.869854764286327575e-01, 3.210748098056983579e-01
2.690165246766714757e-01, 1.234436421031195608e-01, 2.866962100307766659e-01, 3.208436231894323809e-01
2.696981529494942298e-01, 1.232843693244461969e-01, 2.864063377570966185e-01, 3.206111399689628438e-01
2.703799827787327081e-01, 1.231267937679715041e-01, 2.861158609274292997e-01, 3.203773625258664048e-01
2.710620050175908125e-01, 1.229709208445397411e-01, 2.858247808722051420e-01, 3.201422932656643461e-01
2.717442104910440803e-01, 1.228167559587729357e-01, 2.855330989324337820e-01, 3.199059346177491880e-01
2.724265899960066073e-01, 1.226643045089934186e-01, 2.852408164596898499e-01, 3.196682890353100825e-01
2.731091343014988015e-01, 1.225135718871455809e-01, 2.849479348160982584e-01, 3.194293589952574286e-01
2.737918341488165264e-01, 1.223645634787181857e-01, 2.846544553743184380e-01, 3.191891469981468221e-01
2.744746802517015194e-01, 1.222172846626662923e-01, 2.843603795175297377e-01, 3.189476555681023950e-01
2.751576632965129776e-01, 1.220717408113330960e-01, 2.840657086394152708e-01, 3.187048872527386556e-01
2.758407739423998084e-01, 1.219279372903715047e-01, 2.837704441441458725e-01, 3.184608446230826617e-01
2.765240028214751566e-01, 1.217858794586658966e-01, 2.834745874463644455e-01, 3.182155302734944735e-01
2.772073405389906542e-01, 1.216455726682535154e-01, 2.831781399711686409e-01, 3.179689468215873283e-01
2.778907776735130009e-01, 1.215070222642457981e-01, 2.828811031540943155e-01, 3.177210969081468717e-01
2.785743047771010450e-01, 1.213702335847495900e-01, 2.825834784410989897e-01, 3.174719831970503892e-01
2.792579123754845294e-01, 1.212352119607883055e-01, 2.822852672885435843e-01, 3.172216083751835947e-01
2.799415909682429482e-01, 1.211019627162226581e-01, 2.819864711631754894e-01, 3.169699751523588627e-01
2.806253310289869574e-01, 1.209704911676715428e-01, 2.816870915421103572e-01, 3.167170862612310178e-01
2.813091230055395631e-01, 1.208408026244328359e-01, 2.813871299128141157e-01, 3.164629444572133465e-01
2.819929573201195305e-01, 1.207129023884034730e-01, 2.810865877730842621e-01, 3.162075525183926095e-01
2.826768243695249039e-01, 1.205867957540001367e-01, 2.807854666310315994e-01, 3.159509132454432767e-01
2.833607145253184134e-01, 1.204624880080792104e-01, 2.804837680050606963e-01, 3.156930294615415966e-01
2.840446181340137155e-01, 1.203399844298567584e-01, 2.801814934238515131e-01, 3.154339040122779436e-01
2.847285255172624652e-01, 1.202192902908285344e-01, 2.798786444263390294e-01, 3.151735397655700543e-01
2.854124269720427209e-01, 1.201004108546892685e-01, 2.795752225616943143e-01, 3.149119396115735992e-01
2.860963127708487930e-01, 1.199833513772524396e-01, 2.792712293893042097e-01, 3.146491064625946410e-01
2.867801731618810912e-01, 1.198681171063694095e-01, 2.789666664787510686e-01, 3.143850432529983752e-01
2.874639983692384160e-01, 1.197547132818483767e-01, 2.786615354097927155e-01, 3.141197529391204779e-01
2.881477785931100821e-01, 1.196431451353735242e-01, 2.783558377723412969e-01, 3.138532384991750135e-01
2.888315040099700970e-01, 1.195334178904234046e-01, 2.780495751664426307e-01, 3.135855029331638399e-01
2.895151647727715050e-01, 1.194255367621896852e-01, 2.777427492022551125e-01, 3.133165492627836834e-01
2.901987510111424529e-01, 1.193195069574950890e-01, 2.774353615000281215e-01, 3.130463805313343784e-01
2.908822528315829770e-01, 1.192153336747116821e-01, 2.771274136900806484e-01, 3.127749998036247203e-01
2.915656603176631223e-01, 1.191130221036786757e-01, 2.768189074127792582e-01, 3.125024101658790410e-01
2.922489635302210620e-01, 1.190125774256198532e-01, 2.765098443185161070e-01, 3.122286147256429500e-01
2.929321525075642141e-01, 1.189140048130611776e-01, 2.762002260676868493e-01, 3.119536166116876896e-01
2.936152172656694703e-01, 1.188173094297476085e-01, 2.758900543306677666e-01, 3.116774189739150991e-01
2.942981477983850347e-01, 1.187224964305603481e-01, 2.755793307877933418e-01, 3.114000249832612477e-01
2.949809340776338717e-01, 1.186295709614331312e-01, 2.752680571293332767e-01, 3.111214378315996787e-01
2.956635660536174881e-01, 1.185385381592688470e-01, 2.749562350554691781e-01, 3.108416607316444868e-01
2.963460336550206575e-01, 1.184494031518555784e-01, 2.746438662762715199e-01, 3.105606969168522302e-01
2.970283267892178669e-01, 1.183621710577825170e-01, 2.743309525116756631e-01, 3.102785496413238975e-01
2.977104353424800398e-01, 1.182768469863555022e-01, 2.740174954914586514e-01, 3.099952221797058760e-01
2.983923491801820371e-01, 1.181934360375122561e-01, 2.737034969552146202e-01, 3.097107178270910310e-01
2.990740581470123782e-01, 1.181119433017377568e-01, 2.733889586523311488e-01, 3.094250398989186190e-01
2.997555520671824625e-01, 1.180323738599786121e-01, 2.730738823419647798e-01, 3.091381917308740901e-01
3.004368207446376227e-01, 1.179547327835577530e-01, 2.727582697930161504e-01, 3.088501766787883906e-01
3.011178539632690110e-01, 1.178790251340886275e-01, 2.724421227841057336e-01, 3.085609981185367112e-01
3.017986414871259848e-01, 1.178052559633888802e-01, 2.721254431035484145e-01, 3.082706594459367344e-01
3.024791730606303242e-01, 1.177334303133940746e-01, 2.718082325493289542e-01, 3.079791640766466054e-01
3.031594384087903937e-01, 1.176635532160709569e-01, 2.714904929290762881e-01, 3.076865154460623475e-01
3.038394272374169702e-01, 1.175956296933303724e-01, 2.711722260600379353e-01, 3.073927170092147776e-01
3.045191292333396249e-01, 1.175296647569397529e-01, 2.708534337690547966e-01, 3.070977722406658672e-01
3.051985340646240497e-01, 1.174656634084355888e-01, 2.705341178925350643e-01, 3.068016846344053250e-01
3.058776313807908820e-01, 1.174036306390352780e-01, 2.702142802764281870e-01, 3.065044577037457918e-01
3.065564108130341414e-01, 1.173435714295486404e-01, 2.698939227761986692e-01, 3.062060949812184796e-01
3.072348619744424414e-01, 1.172854907502894617e-01, 2.695730472568000358e-01, 3.059066000184681444e-01
3.079129744602188690e-01, 1.172293935609860505e-01, 2.692516555926479649e-01, 3.056059763861472267e-01
3.085907378479040286e-01, 1.171752848106920319e-01, 2.689297496675938648e-01, 3.053042276738101579e-01
3.092681416975984199e-01, 1.171231694376964200e-01, 2.686073313748978952e-01, 3.050013574898072788e-01
3.099451755521861473e-01, 1.170730523694335223e-01, 2.682844026172020446e-01, 3.046973694611783134e-01
3.106218289375597408e-01, 1.170249385223921523e-01, 2.679609653065030961e-01, 3.043922672335449553e-01
3.112980913628458080e-01, 1.169788328020250623e-01, 2.676370213641253160e-01, 3.040860544710038971e-01
3.119739523206309650e-01, 1.169347401026571559e-01, 2.673125727206926983e-01, 3.037787348560190837e-01
3.126494012871897654e-01, 1.168926653073942001e-01, 2.669876213161019862e-01, 3.034703120893140205e-01
3.133244277227122954e-01, 1.168526132880303575e-01, 2.666621690994943616e-01, 3.031607898897630271e-01
3.139990210715334351e-01, 1.168145889049557462e-01, 2.663362180292278558e-01, 3.028501719942828241e-01
3.146731707623628971e-01, 1.167785970070636947e-01, 2.660097700728495385e-01, 3.025384621577238420e-01
3.153468662085155971e-01, 1.167446424316570530e-01, 2.656828272070667074e-01, 3.022256641527605869e-01
3.160200968081434691e-01, 1.167127300043546145e-01, 2.653553914177195217e-01, 3.019117817697823947e-01
3.166928519444677237e-01, 1.166828645389967473e-01, 2.650274646997518579e-01, 3.015968188167836295e-01
3.173651209860122724e-01, 1.166550508375510109e-01, 2.646990490571830557e-01, 3.012807791192535500e-01
3.180368932868377629e-01, 1.166292936900167193e-01, 2.643701465030794395e-01, 3.009636665200659533e-01
3.187081581867764468e-01, 1.166055978743295723e-01, 2.640407590595250098e-01, 3.006454848793688184e-01
3.193789050116678796e-01, 1.165839681562656494e-01, 2.637108887575931315e-01, 3.003262380744732285e-01
3.200491230735957315e-01, 1.165644092893448752e-01, 2.633805376373171692e-01, 3.000059299997422380e-01
3.207188016711248202e-01, 1.165469260147342784e-01, 2.630497077476612322e-01, 2.996845645664796831e-01
3.213879300895398083e-01, 1.165315230611502634e-01, 2.627184011464911428e-01, 2.993621457028187716e-01
3.220564976010835689e-01, 1.165182051447610362e-01, 2.623866199005451261e-01, 2.990386773536102272e-01
3.227244934651976038e-01, 1.165069769690881274e-01, 2.620543660854042223e-01, 2.987141634803101575e-01
3.233919069287623516e-01, 1.164978432249074436e-01, 2.617216417854623667e-01, 2.983886080608679214e-01
3.240587272263384389e-01, 1.164908085901500967e-01, 2.613884490938972460e-01, 2.980620150896141074e-01
3.247249435804097084e-01, 1.164858777298024423e-01, 2.610547901126403225e-01, 2.977343885771476240e-01
3.253905452016248034e-01, 1.164830552958056736e-01, 2.607206669523464693e-01, 2.974057325502229565e-01
3.260555212890424714e-01, 1.164823459269550970e-01, 2.603860817323648824e-01, 2.970760510516376462e-01
3.267198610303748696e-01, 1.164837542487985184e-01, 2.600510365807079394e-01, 2.967453481401186588e-01
3.273835536022338122e-01, 1.164872848735345884e-01, 2.597155336340220000e-01, 2.964136278902096966e-01
3.280465881703761855e-01, 1.164929423999100516e-01, 2.593795750375563203e-01, 2.960808943921573455e-01
3.287089538899515828e-01, 1.165007314131170368e-01, 2.590431629451332984e-01, 2.957471517517981652e-01
3.293706399057489409e-01, 1.165106564846892095e-01, 2.587062995191173331e-01, 2.954124040904444470e-01
3.300316353524460067e-01, 1.165227221723980910e-01, 2.583689869303851805e-01, 2.950766555447708051e-01
3.306919293548576388e-01, 1.165369330201479342e-01, 2.580312273582943683e-01, 2.947399102666998782e-01
3.313515110281864406e-01, 1.165532935578708906e-01, 2.576930229906532754e-01, 2.944021724232893100e-01
3.320103694782726711e-01, 1.165718083014210815e-01, 2.573543760236900457e-01, 2.940634461966161739e-01
3.326684938018463766e-01, 1.165924817524682661e-01, 2.570152886620213351e-01, 2.937237357836641194e-01
3.333258730867788566e-01, 1.166153183983908020e-01, 2.566757631186220578e-01, 2.933830453962081863e-01
3.339824964123364048e-01, 1.166403227121684955e-01, 2.563358016147940788e-01, 2.930413792607011736e-01
3.346383528494328297e-01, 1.166674991522739652e-01, 2.559954063801348489e-01, 2.926987416181581758e-01
3.352934314608850830e-01, 1.166968521625644656e-01, 2.556545796525068193e-01, 2.923551367240436183e-01
3.359477213016672237e-01, 1.167283861721722105e-01, 2.553133236780056881e-01, 2.920105688481549611e-01
3.366012114191668236e-01, 1.167621055953945441e-01, 2.549716407109294258e-01, 2.916650422745092341e-01
3.372538908534413182e-01, 1.167980148315836270e-01, 2.546295330137470225e-01, 2.913185613012281294e-01
3.379057486374755781e-01, 1.168361182650350522e-01, 2.542870028570666241e-01, 2.909711302404228150e-01
3.385567737974392588e-01, 1.168764202648760880e-01, 2.539440525196046128e-01, 2.906227534180799710e-01
3.392069553529460935e-01, 1.169189251849534761e-01, 2.536006842881537993e-01, 2.902734351739466034e-01
3.398562823173128522e-01, 1.169636373637202853e-01, 2.532569004575518368e-01, 2.899231798614149147e-01
3.405047436978198561e-01, 1.170105611241221283e-01, 2.529127033306495798e-01, 2.895719918474083943e-01
3.411523284959712687e-01, 1.170597007734829470e-01, 2.525680952182797201e-01, 2.892198755122662446e-01
3.417990257077569427e-01, 1.171110606033901602e-01, 2.522230784392243685e-01, 2.888668352496286396e-01
3.424448243239144318e-01, 1.171646448895788256e-01, 2.518776553201841351e-01, 2.885128754663227602e-01
3.430897133301920032e-01, 1.172204578918154272e-01, 2.515318281957456548e-01, 2.881580005822467205e-01
3.437336817076125928e-01, 1.172785038537811075e-01, 2.511855994083502241e-01, 2.878022150302562698e-01
3.443767184327367059e-01, 1.173387870029535540e-01, 2.508389713082610495e-01, 2.874455232560486073e-01
3.450188124779292043e-01, 1.174013115504893012e-01, 2.504919462535324937e-01, 2.870879297180489176e-01
3.456599528116236497e-01, 1.174660816911043543e-01, 2.501445266099769360e-01, 2.867294388872950184e-01
3.463001283985887579e-01, 1.175331016029546038e-01, 2.497967147511336305e-01, 2.863700552473230632e-01
3.469393282001960177e-01, 1.176023754475154226e-01, 2.494485130582359822e-01, 2.860097832940526885e-01
3.475775411746865884e-01, 1.176739073694606924e-01, 2.490999239201797666e-01, 2.856486275356729942e-01
3.482147562774400851e-01, 1.177477014965410407e-01, 2.487509497334911279e-01, 2.852865924925278018e-01
3.488509624612435300e-01, 1.178237619394612301e-01, 2.484015929022939106e-01, 2.849236826970013015e-01
3.494861486765606928e-01, 1.179020927917571460e-01, 2.480518558382780459e-01, 2.845599026934040876e-01
3.501203038718027072e-01, 1.179826981296718397e-01, 2.477017409606668830e-01, 2.841952570378585841e-01
3.507534169935988544e-01, 1.180655820120307953e-01, 2.473512506961851320e-01, 2.838297502981850795e-01
3.513854769870685124e-01, 1.181507484801168212e-01, 2.470003874790267506e-01, 2.834633870537880407e-01
3.520164727960928275e-01, 1.182382015575437484e-01, 2.466491537508219423e-01, 2.830961718955415374e-01
3.526463933635880510e-01, 1.183279452501297263e-01, 2.462975519606058761e-01, 2.827281094256763883e-01
3.532752276317793760e-01, 1.184199835457697830e-01, 2.459455845647854078e-01, 2.823592042576654748e-01
3.539029645424744408e-01, 1.185143204143072754e-01, 2.455932540271071329e-01, 2.819894610161110537e-01
3.545295930373389970e-01, 1.186109598074052279e-01, 2.452405628186250519e-01, 2.816188843366307926e-01
3.551551020581714679e-01, 1.187099056584162288e-01, 2.448875134176679569e-01, 2.812474788657444713e-01
3.557794805471797828e-01, 1.188111618822519366e-01, 2.445341083098069579e-01, 2.808752492607612394e-01
3.564027174472583770e-01, 1.189147323752521440e-01, 2.441803499878233141e-01, 2.805022001896662065e-01
3.570248017022644715e-01, 1.190206210150522026e-01, 2.438262409516757379e-01, 2.801283363310074770e-01
3.576457222572974048e-01, 1.191288316604505737e-01, 2.434717837084680314e-01, 2.797536623737839623e-01
3.582654680589762441e-01, 1.192393681512752407e-01, 2.431169807724164744e-01, 2.793781830173320824e-01
3.588840280557196727e-01, 1.193522343082489418e-01, 2.427618346648174608e-01, 2.790019029712139109e-01
3.595013911980257659e-01, 1.194674339328546664e-01, 2.424063479140148303e-01, 2.786248269551046541e-01
3.601175464387524339e-01, 1.195849708071993478e-01, 2.420505230553675613e-01, 2.782469596986807958e-01
3.607324827333983630e-01, 1.197048486938771389e-01, 2.416943626312170468e-01, 2.778683059415075207e-01
3.613461890403852350e-01, 1.198270713358321055e-01, 2.413378691908546481e-01, 2.774888704329281364e-01
3.619586543213396124e-01, 1.199516424562199618e-01, 2.409810452904890266e-01, 2.771086579319514409e-01
3.625698675413763228e-01, 1.200785657582688626e-01, 2.406238934932138085e-01, 2.767276732071410339e-01
3.631798176693816771e-01, 1.202078449251397368e-01, 2.402664163689748056e-01, 2.763459210365038499e-01
3.637884936782976308e-01, 1.203394836197854978e-01, 2.399086164945375965e-01, 2.759634062073793026e-01
3.643958845454071116e-01, 1.204734854848096004e-01, 2.395504964534547754e-01, 2.755801335163285404e-01
3.650019792526186246e-01, 1.206098541423238912e-01, 2.391920588360336719e-01, 2.751961077690238677e-01
3.656067667867526905e-01, 1.207485931938055701e-01, 2.388333062393034889e-01, 2.748113337801383338e-01
3.662102361398283934e-01, 1.208897062199530970e-01, 2.384742412669828004e-01, 2.744258163732358202e-01
3.668123763093502632e-01, 1.210331967805418074e-01, 2.381148665294471611e-01, 2.740395603806609071e-01
3.674131762985963223e-01, 1.211790684142783486e-01, 2.377551846436961880e-01, 2.736525706434291272e-01
3.680126251169064111e-01, 1.213273246386541854e-01, 2.373951982333212807e-01, 2.732648520111181645e-01
3.686107117799707344e-01, 1.214779689497988147e-01, 2.370349099284729255e-01, 2.728764093417574976e-01
3.692074253101197412e-01, 1.216310048223315926e-01, 2.366743223658280271e-01, 2.724872475017206530e-01
3.698027547366138923e-01, 1.217864357092130478e-01, 2.363134381885575175e-01, 2.720973713656155701e-01
3.703966890959347058e-01, 1.219442650415955287e-01, 2.359522600462935216e-01, 2.717067858161762994e-01
3.709892174320754687e-01, 1.221044962286723379e-01, 2.355907905950970771e-01, 2.713154957441551440e-01
3.715803287968334478e-01, 1.222671326575270057e-01, 2.352290324974253832e-01, 2.709235060482141910e-01
3.721700122501019337e-01, 1.224321776929810229e-01, 2.348669884220991877e-01, 2.705308216348176198e-01
3.727582568601637836e-01, 1.225996346774410883e-01, 2.345046610442704793e-01, 2.701374474181246765e-01
3.733450517039836880e-01, 1.227695069307451342e-01, 2.341420530453894311e-01, 2.697433883198817051e-01
3.739303858675035452e-01, 1.229417977500082554e-01, 2.337791671131724813e-01, 2.693486492693157874e-01
3.745142484459362819e-01, 1.231165104094669588e-01, 2.334160059415691935e-01, 2.689532352030277185e-01
3.750966285440609504e-01, 1.232936481603232742e-01, 2.330525722307300596e-01, 2.685571510648857574e-01
3.756775152765191028e-01, 1.234732142305877273e-01, 2.326888686869738876e-01, 2.681604018059193795e-01
3.762568977681104987e-01, 1.236552118249211324e-01, 2.323248980227551885e-01, 2.677629923842131943e-01
3.768347651540899235e-01, 1.238396441244765250e-01, 2.319606629566316192e-01, 2.673649277648018630e-01
3.774111065804647835e-01, 1.240265142867392478e-01, 2.315961662132315635e-01, 2.669662129195643496e-01
3.779859112042927016e-01, 1.242158254453667177e-01, 2.312314105232214922e-01, 2.665668528271190052e-01
3.785591681939802777e-01, 1.244075807100274295e-01, 2.308663986232735166e-01, 2.661668524727188179e-01
3.791308667295816281e-01, 1.246017831662386555e-01, 2.305011332560328585e-01, 2.657662168481468301e-01
3.797009960030983677e-01, 1.247984358752039780e-01, 2.301356171700851549e-01, 2.653649509516124438e-01
3.802695452187793146e-01, 1.249975418736495175e-01, 2.297698531199243721e-01, 2.649630597876468929e-01
3.808365035934208054e-01, 1.251991041736593424e-01, 2.294038438659196932e-01, 2.645605483670001590e-01
3.814018603566683985e-01, 1.254031257625102536e-01, 2.290375921742836829e-01, 2.641574217065376096e-01
3.819656047513180219e-01, 1.256096096025058895e-01, 2.286711008170393133e-01, 2.637536848291368030e-01
3.825277260336179541e-01, 1.258185586308094295e-01, 2.283043725719875738e-01, 2.633493427635850703e-01
3.830882134735718592e-01, 1.260299757592759640e-01, 2.279374102226750520e-01, 2.629444005444771526e-01
3.836470563552416002e-01, 1.262438638742839625e-01, 2.275702165583615988e-01, 2.625388632121128385e-01
3.842042439770509410e-01, 1.264602258365657983e-01, 2.272027943739873546e-01, 2.621327358123958784e-01
3.847597656520897469e-01, 1.266790644810375510e-01, 2.268351464701408582e-01, 2.617260233967318439e-01
3.853136107084185746e-01, 1.269003826166279492e-01, 2.264672756530262121e-01, 2.613187310219272641e-01
3.858657684893737061e-01, 1.271241830261064243e-01, 2.260991847344305250e-01, 2.609108637500892613e-01
3.864162283538730147e-01, 1.273504684659105546e-01, 2.257308765316918542e-01, 2.605024266485244655e-01
3.869649796767217209e-01, 1.275792416659725093e-01, 2.253623538676664817e-01, 2.600934247896391494e-01
3.875120118489195908e-01, 1.278105053295447990e-01, 2.249936195706962183e-01, 2.596838632508395306e-01
3.880573142779668583e-01, 1.280442621330250830e-01, 2.246246764745762903e-01, 2.592737471144317962e-01
3.886008763881733108e-01, 1.282805147257803924e-01, 2.242555274185228376e-01, 2.588630814675234593e-01
3.891426876209653218e-01, 1.285192657299703001e-01, 2.238861752471402178e-01, 2.584518714019242713e-01
3.896827374351942708e-01, 1.287605177403695067e-01, 2.235166228103887265e-01, 2.580401220140474128e-01
3.902210153074462951e-01, 1.290042733241895945e-01, 2.231468729635521786e-01, 2.576278384048120706e-01
3.907575107323508212e-01, 1.292505350208996706e-01, 2.227769285672050181e-01, 2.572150256795445733e-01
3.912922132228912053e-01, 1.294993053420468720e-01, 2.224067924871804547e-01, 2.568016889478815235e-01
3.918251123107144296e-01, 1.297505867710754268e-01, 2.220364675945375454e-01, 2.563878333236724871e-01
3.923561975464426310e-01, 1.300043817631454379e-01, 2.216659567655288876e-01, 2.559734639248829602e-01
3.928854584999837418e-01, 1.302606927449504182e-01, 2.212952628815680056e-01, 2.555585858734978899e-01
3.934128847608430735e-01, 1.305195221145345197e-01, 2.209243888291970714e-01, 2.551432042954253632e-01
3.939384659384360665e-01, 1.307808722411086810e-01, 2.205533375000540142e-01, 2.547273243204011828e-01
3.944621916624005409e-01, 1.310447454648662746e-01, 2.201821117908406289e-01, 2.543109510818926111e-01
3.949840515829092791e-01, 1.313111440967976717e-01, 2.198107146032892423e-01, 2.538940897170037236e-01
3.955040353709841638e-01, 1.315800704185041969e-01, 2.194391488441311266e-01, 2.534767453663804848e-01
3.960221327188093721e-01, 1.318515266820115273e-01, 2.190674174250631656e-01, 2.530589231741159351e-01
3.965383333400459565e-01, 1.321255151095821478e-01, 2.186955232627156298e-01, 2.526406282876561549e-01
3.970526269701462607e-01, 1.324020378935271136e-01, 2.183234692786197584e-01, 2.522218658577067840e-01
3.975650033666693894e-01, 1.326810971960168950e-01, 2.179512583991750074e-01, 2.518026410381388192e-01
3.980754523095959563e-01, 1.329626951488918907e-01, 2.175788935556162706e-01, 2.513829589858957991e-01
3.985839636016446086e-01, 1.332468338534720520e-01, 2.172063776839820992e-01, 2.509628248609012124e-01
3.990905270685877748e-01, 1.335335153803655361e-01, 2.168337137250808122e-01, 2.505422438259657936e-01
3.995951325595687997e-01, 1.338227417692770260e-01, 2.164609046244590496e-01, 2.501212210466950414e-01
4.000977699474183025e-01, 1.341145150288151344e-01, 2.160879533323684654e-01, 2.496997616913980422e-01
4.005984291289717558e-01, 1.344088371362993362e-01, 2.157148628037332816e-01, 2.492778709309954877e-01
4.010971000253877872e-01, 1.347057100375657068e-01, 2.153416359981176476e-01, 2.488555539389289140e-01
4.015937725824650917e-01, 1.350051356467726615e-01, 2.149682758796926663e-01, 2.484328158910695528e-01
4.020884367709620655e-01, 1.353071158462055279e-01, 2.145947854172040870e-01, 2.480096619656282919e-01
4.025810825869149401e-01, 1.356116524860807582e-01, 2.142211675839392482e-01, 2.475860973430651368e-01
4.030717000519570270e-01, 1.359187473843489757e-01, 2.138474253576943540e-01, 2.471621272059996988e-01
4.035602792136381844e-01, 1.362284023264981880e-01, 2.134735617207418334e-01, 2.467377567391217386e-01
4.040468101457447281e-01, 1.365406190653557783e-01, 2.130995796597972836e-01, 2.463129911291022933e-01
4.045312829486192863e-01, 1.368553993208896369e-01, 2.127254821659868012e-01, 2.458878355645042202e-01
4.050136877494818211e-01, 1.371727447800095978e-01, 2.123512722348142312e-01, 2.454622952356945165e-01
4.054940147027492614e-01, 1.374926570963671546e-01, 2.119769528661276659e-01, 2.450363753347558626e-01
4.059722539903580785e-01, 1.378151378901553425e-01, 2.116025270640874145e-01, 2.446100810553992200e-01
4.064483958220843074e-01, 1.381401887479079826e-01, 2.112279978371320865e-01, 2.441834175928758177e-01
4.069224304358656230e-01, 1.384678112222974544e-01, 2.108533681979462837e-01, 2.437563901438905833e-01
4.073943480981239151e-01, 1.387980068319333848e-01, 2.104786411634273213e-01, 2.433290039065153509e-01
4.078641391040862541e-01, 1.391307770611593941e-01, 2.101038197546520880e-01, 2.429012640801022638e-01
4.083317937781082985e-01, 1.394661233598498140e-01, 2.097289069968439890e-01, 2.424731758651978986e-01
4.087973024739966488e-01, 1.398040471432062115e-01, 2.093539059193398055e-01, 2.420447444634572509e-01
4.092606555753321440e-01, 1.401445497915527472e-01, 2.089788195555564720e-01, 2.416159750775587201e-01
4.097218434957923261e-01, 1.404876326501312001e-01, 2.086036509429579355e-01, 2.411868729111186771e-01
4.101808566794757915e-01, 1.408332970288958819e-01, 2.082284031230216270e-01, 2.407574431686067828e-01
4.106376856012254328e-01, 1.411815442023073297e-01, 2.078530791412054879e-01, 2.403276910552617773e-01
4.110923207669524015e-01, 1.415323754091259989e-01, 2.074776820469143856e-01, 2.398976217770072139e-01
4.115447527139600714e-01, 1.418857918522055395e-01, 2.071022148934666962e-01, 2.394672405403676652e-01
4.119949720112688341e-01, 1.422417946982849346e-01, 2.067266807380609139e-01, 2.390365525523852341e-01
4.124429692599400066e-01, 1.426003850777811111e-01, 2.063510826417420674e-01, 2.386055630205367040e-01
4.128887350934011269e-01, 1.429615640845802449e-01, 2.059754236693682738e-01, 2.381742771526504099e-01
4.133322601777701388e-01, 1.433253327758290119e-01, 2.055997068895769608e-01, 2.377427001568238329e-01
4.137735352121815202e-01, 1.436916921717255879e-01, 2.052239353747512818e-01, 2.373108372413416933e-01
4.142125509291101904e-01, 1.440606432553097893e-01, 2.048481122009862543e-01, 2.368786936145935995e-01
4.146492980946981377e-01, 1.444321869722532126e-01, 2.044722404480554256e-01, 2.364462744849932241e-01
4.150837675090789380e-01, 1.448063242306485698e-01, 2.040963231993762617e-01, 2.360135850608962027e-01
4.155159500067039380e-01, 1.451830559007989963e-01, 2.037203635419768954e-01, 2.355806305505201426e-01
4.159458364566678834e-01, 1.455623828150068022e-01, 2.033443645664619048e-01, 2.351474161618634096e-01
4.163734177630348809e-01, 1.459443057673619482e-01, 2.029683293669782562e-01, 2.347139471026250257e-01
4.167986848651640819e-01, 1.463288255135300753e-01, 2.025922610411811930e-01, 2.342802285801245943e-01
4.172216287380364208e-01, 1.467159427705402586e-01, 2.022161626902002074e-01, 2.338462658012230577e-01
4.176422403925798554e-01, 1.471056582165725657e-01, 2.018400374186046786e-01, 2.334120639722427892e-01
4.180605108759966049e-01, 1.474979724907450607e-01, 2.014638883343695674e-01, 2.329776282988888225e-01
4.184764312720882784e-01, 1.478928861929005578e-01, 2.010877185488411656e-01, 2.325429639861700259e-01
4.188899927015834468e-01, 1.482903998833935144e-01, 2.007115311767023458e-01, 2.321080762383207208e-01
4.193011863224632707e-01, 1.486905140828760075e-01, 2.003353293359384779e-01, 2.316729702587223549e-01
4.197100033302879063e-01, 1.490932292720837382e-01, 1.999591161478024848e-01, 2.312376512498257874e-01
4.201164349585235769e-01, 1.494985458916222032e-01, 1.995828947367803141e-01, 2.308021244130738225e-01
4.205204724788683679e-01, 1.499064643417520881e-01, 1.992066682305559389e-01, 2.303663949488235219e-01
4.209221072015787990e-01, 1.503169849821744120e-01, 1.988304397599771345e-01, 2.299304680562697101e-01
4.213213304757961741e-01, 1.507301081318161984e-01, 1.984542124590197298e-01, 2.294943489333679532e-01
4.217181336898737087e-01, 1.511458340686150648e-01, 1.980779894647531347e-01, 2.290580427767580640e-01
4.221125082717019916e-01, 1.515641630293042830e-01, 1.977017739173052568e-01, 2.286215547816884686e-01
4.225044456890354461e-01, 1.519850952091976182e-01, 1.973255689598270579e-01, 2.281848901419399611e-01
4.228939374498190684e-01, 1.524086307619735847e-01, 1.969493777384573874e-01, 2.277480540497500705e-01
4.232809751025142231e-01, 1.528347697994602017e-01, 1.965732034022877883e-01, 2.273110516957379812e-01
4.236655502364244930e-01, 1.532635123914192210e-01, 1.961970491033267483e-01, 2.268738882688294267e-01
4.240476544820224181e-01, 1.536948585653306887e-01, 1.958209179964645885e-01, 2.264365689561822770e-01
4.244272795112746799e-01, 1.541288083061766179e-01, 1.954448132394372706e-01, 2.259990989431113761e-01
4.248044170379678963e-01, 1.545653615562259386e-01, 1.950687379927911747e-01, 2.255614834130149904e-01
4.251790588180345831e-01, 1.550045182148178935e-01, 1.946926954198468784e-01, 2.251237275473005894e-01
4.255511966498785603e-01, 1.554462781381467928e-01, 1.943166886866634635e-01, 2.246858365253112111e-01
4.259208223746996369e-01, 1.558906411390457158e-01, 1.939407209620025163e-01, 2.242478155242521587e-01
4.262879278768194058e-01, 1.563376069867711826e-01, 1.935647954172917129e-01, 2.238096697191178097e-01
4.266525050840059285e-01, 1.567871754067867718e-01, 1.931889152265887921e-01, 2.233714042826185631e-01
4.270145459677983646e-01, 1.572393460805477094e-01, 1.928130835665453069e-01, 2.229330243851085636e-01
4.273740425438314339e-01, 1.576941186452854304e-01, 1.924373036163699313e-01, 2.224945351945131489e-01
4.277309868721597685e-01, 1.581514926937916121e-01, 1.920615785577919621e-01, 2.220559418762565740e-01
4.280853710575818760e-01, 1.586114677742029022e-01, 1.916859115750247922e-01, 2.216172495931904018e-01
4.284371872499636025e-01, 1.590740433897854522e-01, 1.913103058547290236e-01, 2.211784635055218662e-01
4.287864276445621514e-01, 1.595392189987201448e-01, 1.909347645859755527e-01, 2.207395887707422899e-01
4.291330844823484369e-01, 1.600069940138870717e-01, 1.905592909602084883e-01, 2.203006305435560586e-01
4.294771500503307138e-01, 1.604773678026510941e-01, 1.901838881712082097e-01, 2.198615939758100379e-01
4.298186166818767084e-01, 1.609503396866469038e-01, 1.898085594150540345e-01, 2.194224842164223255e-01
4.301574767570357505e-01, 1.614259089415650272e-01, 1.894333078900869993e-01, 2.189833064113123340e-01
4.304937227028605151e-01, 1.619040747969372473e-01, 1.890581367968718618e-01, 2.185440657033302647e-01
4.308273469937289324e-01, 1.623848364359230523e-01, 1.886830493381602691e-01, 2.181047672321877462e-01
4.311583421516645420e-01, 1.628681929950957785e-01, 1.883080487188523722e-01, 2.176654161343872240e-01
4.314867007466578475e-01, 1.633541435642295037e-01, 1.879331381459593553e-01, 2.172260175431532103e-01
4.318124153969860601e-01, 1.638426871860859113e-01, 1.875583208285653003e-01, 2.167865765883626727e-01
4.321354787695331212e-01, 1.643338228562017667e-01, 1.871835999777891058e-01, 2.163470983964760341e-01
4.324558835801086687e-01, 1.648275495226764198e-01, 1.868089788067462953e-01, 2.159075880904686717e-01
4.327736225937676151e-01, 1.653238660859601972e-01, 1.864344605305105484e-01, 2.154680507897615283e-01
4.330886886251278378e-01, 1.658227713986428209e-01, 1.860600483660755367e-01, 2.150284916101536659e-01
4.334010745386885910e-01, 1.663242642652421055e-01, 1.856857455323157879e-01, 2.145889156637534601e-01
4.337107732491472523e-01, 1.668283434419935984e-01, 1.853115552499482732e-01, 2.141493280589107928e-01
4.340177777217167909e-01, 1.673350076366403594e-01, 1.849374807414934929e-01, 2.137097339001494400e-01
4.343220809724413489e-01, 1.678442555082230170e-01, 1.845635252312363417e-01, 2.132701382880992369e-01
4.346236760685128209e-01, 1.683560856668711303e-01, 1.841896919451870562e-01, 2.128305463194291036e-01
4.349225561285848807e-01, 1.688704966735938839e-01, 1.838159841110417747e-01, 2.123909630867794052e-01
4.352187143230883959e-01, 1.693874870400726429e-01, 1.834424049581432070e-01, 2.119513936786957542e-01
4.355121438745447326e-01, 1.699070552284529523e-01, 1.830689577174410554e-01, 2.115118431795612874e-01
4.358028380578791716e-01, 1.704291996511377305e-01, 1.826956456214522129e-01, 2.110723166695309128e-01
4.360907902007331582e-01, 1.709539186705811287e-01, 1.823224719042209896e-01, 2.106328192244647513e-01
4.363759936837767750e-01, 1.714812105990825009e-01, 1.819494398012789782e-01, 2.101933559158616904e-01
4.366584419410192153e-01, 1.720110736985818456e-01, 1.815765525496050858e-01, 2.097539318107937423e-01
4.369381284601198678e-01, 1.725435061804550252e-01, 1.812038133875850665e-01, 2.093145519718401237e-01
4.372150467826972919e-01, 1.730785062053103451e-01, 1.808312255549710812e-01, 2.088752214570214205e-01
4.374891905046385254e-01, 1.736160718827855498e-01, 1.804587922928412858e-01, 2.084359453197346945e-01
4.377605532764075602e-01, 1.741562012713457896e-01, 1.800865168435588914e-01, 2.079967286086877865e-01
4.380291288033520969e-01, 1.746988923780821157e-01, 1.797144024507314752e-01, 2.075575763678343122e-01
4.382949108460106324e-01, 1.752441431585108345e-01, 1.793424523591695685e-01, 2.071184936363089923e-01
4.385578932204174940e-01, 1.757919515163737512e-01, 1.789706698148459674e-01, 2.066794854483627319e-01
4.388180697984084833e-01, 1.763423153034393842e-01, 1.785990580648539883e-01, 2.062405568332981720e-01
4.390754345079240228e-01, 1.768952323193045684e-01, 1.782276203573663065e-01, 2.058017128154051856e-01
4.393299813333129689e-01, 1.774507003111973902e-01, 1.778563599415928509e-01, 2.053629584138968456e-01
4.395817043156341475e-01, 1.780087169737810393e-01, 1.774852800677395592e-01, 2.049242986428452817e-01
4.398305975529578915e-01, 1.785692799489581595e-01, 1.771143839869659953e-01, 2.044857385111179537e-01
4.400766552006663557e-01, 1.791323868256766982e-01, 1.767436749513434657e-01, 2.040472830223135359e-01
4.403198714717523332e-01, 1.796980351397361730e-01, 1.763731562138125541e-01, 2.036089371746989674e-01
4.405602406371179613e-01, 1.802662223735955471e-01, 1.760028310281410435e-01, 2.031707059611453647e-01
4.407977570258721500e-01, 1.808369459561815218e-01, 1.756327026488808951e-01, 2.027325943690655441e-01
4.410324150256254572e-01, 1.814102032626984939e-01, 1.752627743313258102e-01, 2.022946073803502109e-01
4.412642090827872399e-01, 1.819859916144387912e-01, 1.748930493314684587e-01, 2.018567499713054547e-01
4.414931337028580871e-01, 1.825643082785950444e-01, 1.745235309059568474e-01, 2.014190271125899934e-01
4.417191834507234738e-01, 1.831451504680725595e-01, 1.741542223120517707e-01, 2.009814437691523070e-01
4.419423529509450277e-01, 1.837285153413037442e-01, 1.737851268075831512e-01, 2.005440049001680769e-01
4.421626368880519076e-01, 1.843144000020631446e-01, 1.734162476509063799e-01, 2.001067154589784847e-01
4.423800300068299052e-01, 1.849028014992840085e-01, 1.730475881008589345e-01, 1.996695803930272350e-01
4.425945271126093261e-01, 1.854937168268755987e-01, 1.726791514167161368e-01, 1.992326046437987996e-01
4.428061230715528152e-01, 1.860871429235426144e-01, 1.723109408581476598e-01, 1.987957931467567996e-01
4.430148128109404060e-01, 1.866830766726047808e-01, 1.719429596851728970e-01, 1.983591508312817775e-01
4.432205913194547930e-01, 1.872815149018184355e-01, 1.715752111581167472e-01, 1.979226826206098855e-01
4.434234536474639388e-01, 1.878824543831994209e-01, 1.712076985375654004e-01, 1.974863934317712955e-01
4.436233949073033478e-01, 1.884858918328467803e-01, 1.708404250843212069e-01, 1.970502881755286928e-01
4.438204102735567869e-01, 1.890918239107686749e-01, 1.704733940593583241e-01, 1.966143717563162141e-01
4.440144949833352284e-01, 1.897002472207088841e-01, 1.701066087237773916e-01, 1.961786490721784404e-01
4.442056443365551832e-01, 1.903111583099748039e-01, 1.697400723387607058e-01, 1.957431250147092239e-01
4.443938536962147579e-01, 1.909245536692674994e-01, 1.693737881655266730e-01, 1.953078044689909865e-01
4.445791184886689895e-01, 1.915404297325126459e-01, 1.690077594652844850e-01, 1.948726923135339351e-01
4.447614342039029056e-01, 1.921587828766931350e-01, 1.686419894991884050e-01, 1.944377934202155267e-01
4.449407963958049717e-01, 1.927796094216828460e-01, 1.682764815282921100e-01, 1.940031126542201279e-01
4.451172006824359317e-01, 1.934029056300828053e-01, 1.679112388135027278e-01, 1.935686548739784241e-01
4.452906427462998695e-01, 1.940286677070579835e-01, 1.675462646155346236e-01, 1.931344249311074679e-01
4.454611183346101067e-01, 1.946568918001759796e-01, 1.671815621948633812e-01, 1.927004276703505048e-01
4.456286232595560448e-01, 1.952875739992476767e-01, 1.668171348116790909e-01, 1.922666679295171321e-01
4.457931533985678985e-01, 1.959207103361689517e-01, 1.664529857258400525e-01, 1.918331505394231251e-01
4.459547046945787074e-01, 1.965562967847644393e-01, 1.660891181968257579e-01, 1.913998803238311508e-01
4.461132731562861276e-01, 1.971943292606326559e-01, 1.657255354836903172e-01, 1.909668620993908716e-01
4.462688548584117787e-01, 1.978348036209931771e-01, 1.653622408450152736e-01, 1.905341006755797428e-01
4.464214459419590386e-01, 1.984777156645353147e-01, 1.649992375388623367e-01, 1.901016008546432823e-01
4.465710426144692824e-01, 1.991230611312684584e-01, 1.646365288227260026e-01, 1.896693674315361733e-01
4.467176411502762901e-01, 1.997708357023744719e-01, 1.642741179534863705e-01, 1.892374051938628954e-01
4.468612378907584337e-01, 2.004210350000616980e-01, 1.639120081873607915e-01, 1.888057189218189935e-01
4.470018292445904762e-01, 2.010736545874206582e-01, 1.635502027798569624e-01, 1.883743133881318754e-01
4.471394116879917613e-01, 2.017286899682818879e-01, 1.631887049857241867e-01, 1.879431933580020808e-01
4.472739817649736827e-01, 2.023861365870756601e-01, 1.628275180589056348e-01, 1.875123635890449947e-01
4.474055360875854870e-01, 2.030459898286929299e-01, 1.624666452524899107e-01, 1.870818288312317279e-01
4.475340713361570244e-01, 2.037082450183493598e-01, 1.621060898186625632e-01, 1.866515938268310248e-01
4.476595842595408881e-01, 2.043728974214501504e-01, 1.617458550086579294e-01, 1.862216633103510599e-01
4.477820716753518893e-01, 2.050399422434575070e-01, 1.613859440727098971e-01, 1.857920420084806790e-01
4.479015304702048117e-01, 2.057093746297599113e-01, 1.610263602600033039e-01, 1.853627346400319176e-01
4.480179575999500563e-01, 2.063811896655433631e-01, 1.606671068186248108e-01, 1.849337459158816865e-01
4.481313500899075652e-01, 2.070553823756647038e-01, 1.603081869955138294e-01, 1.845050805389139292e-01
4.482417050350981369e-01, 2.077319477245268831e-01, 1.599496040364132288e-01, 1.840767432039617513e-01
4.483490196004733530e-01, 2.084108806159568339e-01, 1.595913611858197079e-01, 1.836487385977500497e-01
4.484532910211433965e-01, 2.090921758930842644e-01, 1.592334616869345298e-01, 1.832210713988377260e-01
4.485545166026019825e-01, 2.097758283382241129e-01, 1.588759087816134785e-01, 1.827937462775604538e-01
4.486526937209498467e-01, 2.104618326727599742e-01, 1.585187057103170927e-01, 1.823667678959731142e-01
4.487478198231164561e-01, 2.111501835570301078e-01, 1.581618557120607060e-01, 1.819401409077926746e-01
4.488398924270783907e-01, 2.118408755902159712e-01, 1.578053620243644040e-01, 1.815138699583413451e-01
4.489289091220761696e-01, 2.125339033102322528e-01, 1.574492278832025638e-01, 1.810879596844891248e-01
4.490148675688294677e-01, 2.132292611936197624e-01, 1.570934565229535618e-01, 1.806624147145973747e-01
4.490977654997487800e-01, 2.139269436554401826e-01, 1.567380511763491191e-01, 1.802372396684618627e-01
4.491776007191461417e-01, 2.146269450491738451e-01, 1.563830150744239811e-01, 1.798124391572560044e-01
4.492543711034422405e-01, 2.153292596666185332e-01, 1.560283514464645971e-01, 1.793880177834747125e-01
4.493280746013720850e-01, 2.160338817377918108e-01, 1.556740635199586886e-01, 1.789639801408774433e-01
4.493987092341885092e-01, 2.167408054308350707e-01, 1.553201545205439849e-01, 1.785403308144323520e-01
4.494662730958624564e-01, 2.174500248519203871e-01, 1.549666276719571800e-01, 1.781170743802599765e-01
4.495307643532813202e-01, 2.181615340451591722e-01, 1.546134861959824747e-01, 1.776942154055769774e-01
4.495921812464451772e-01, 2.188753269925139688e-01, 1.542607333124003943e-01, 1.772717584486405706e-01
4.496505220886597987e-01, 2.195913976137118806e-01, 1.539083722389361364e-01, 1.768497080586921566e-01
4.497057852667282196e-01, 2.203097397661614443e-01, 1.535564061912080003e-01, 1.764280687759023081e-01
4.497579692411386998e-01, 2.210303472448709727e-01, 1.532048383826758176e-01, 1.760068451313144822e-01
4.498070725462509634e-01, 2.217532137823701177e-01, 1.528536720245888270e-01, 1.755860416467899809e-01
4.498530937904796634e-01, 2.224783330486338473e-01, 1.525029103259339103e-01, 1.751656628349525513e-01
4.498960316564750150e-01, 2.232056986510085328e-01, 1.521525564933835784e-01, 1.747457131991328738e-01
4.499358849013014305e-01, 2.239353041341410333e-01, 1.518026137312436796e-01, 1.743261972333138288e-01
4.499726523566129899e-01, 2.246671429799104724e-01, 1.514530852414011641e-01, 1.739071194220754013e-01
4.500063329288262470e-01, 2.254012086073620968e-01, 1.511039742232720695e-01, 1.734884842405395311e-01
4.500369255992912043e-01, 2.261374943726443820e-01, 1.507552838737485357e-01, 1.730702961543158502e-01
4.500644294244581234e-01, 2.268759935689481089e-01, 1.504070173871468463e-01, 1.726525596194468382e-01
4.500888435360433371e-01, 2.276166994264490206e-01, 1.500591779551543048e-01, 1.722352790823533375e-01
4.501101671411908423e-01, 2.283596051122518955e-01, 1.497117687667768593e-01, 1.718184589797803197e-01
4.501283995226323387e-01, 2.291047037303387823e-01, 1.493647930082862563e-01, 1.714021037387426782e-01
4.501435400388431041e-01, 2.298519883215189297e-01, 1.490182538631671383e-01, 1.709862177764709112e-01
4.501555881241966484e-01, 2.306014518633815735e-01, 1.486721545120639754e-01, 1.705708055003577472e-01
4.501645432891157594e-01, 2.313530872702521668e-01, 1.483264981327284682e-01, 1.701558713079036611e-01
4.501704051202196633e-01, 2.321068873931505239e-01, 1.479812878999659242e-01, 1.697414195866638331e-01
4.501731732804710173e-01, 2.328628450197522126e-01, 1.476365269855823559e-01, 1.693274547141943309e-01
4.501728475093167425e-01, 2.336209528743531660e-01, 1.472922185583314669e-01, 1.689139810579987078e-01
4.501694276228284108e-01, 2.343812036178357094e-01, 1.469483657838609458e-01, 1.685010029754749061e-01
4.501629135138388027e-01, 2.351435898476395558e-01, 1.466049718246593969e-01, 1.680885248138621613e-01
4.501533051520753004e-01, 2.359081040977337174e-01, 1.462620398400028832e-01, 1.676765509101881269e-01
4.501406025842902836e-01, 2.366747388385923023e-01, 1.459195729859014690e-01, 1.672650855912160006e-01
4.501248059343890273e-01, 2.374434864771734210e-01, 1.455775744150456241e-01, 1.668541331733919553e-01
4.501059154035544907e-01, 2.382143393569000067e-01, 1.452360472767528499e-01, 1.664436979627925417e-01
4.500839312703684980e-01, 2.389872897576446054e-01, 1.448949947169139441e-01, 1.660337842550728416e-01
4.500588538909298664e-01, 2.397623298957168303e-01, 1.445544198779394884e-01, 1.656243963354138149e-01
4.500306836989706460e-01, 2.405394519238528983e-01, 1.442143258987059751e-01, 1.652155384784703973e-01
4.499994212059676424e-01, 2.413186479312100507e-01, 1.438747159145023213e-01, 1.648072149483200410e-01
4.499650670012515508e-01, 2.420999099433618351e-01, 1.435355930569759686e-01, 1.643994299984106178e-01
4.499276217521133159e-01, 2.428832299222981050e-01, 1.431969604540794250e-01, 1.639921878715093206e-01
4.498870862039062168e-01, 2.436685997664267689e-01, 1.428588212300158644e-01, 1.635854927996511221e-01
4.498434611801463978e-01, 2.444560113105798405e-01, 1.425211785051861968e-01, 1.631793490040876482e-01
4.497967475826079031e-01, 2.452454563260213494e-01, 1.421840353961344172e-01, 1.627737606952364136e-01
4.497469463914170462e-01, 2.460369265204588318e-01, 1.418473950154943153e-01, 1.623687320726298899e-01
4.496940586651411165e-01, 2.468304135380585407e-01, 1.415112604719354905e-01, 1.619642673248648801e-01
4.496380855408758093e-01, 2.476259089594624041e-01, 1.411756348701094788e-01, 1.615603706295523356e-01
4.495790282343277711e-01, 2.484234043018092308e-01, 1.408405213105959342e-01, 1.611570461532669807e-01
4.495168880398951461e-01, 2.492228910187586632e-01, 1.405059228898488943e-01, 1.607542980514972131e-01
4.494516663307435711e-01, 2.500243605005181835e-01, 1.401718427001427680e-01, 1.603521304685954496e-01
4.493833645588794501e-01, 2.508278040738733394e-01, 1.398382838295186836e-01, 1.599505475377285546e-01
4.493119842552203425e-01, 2.516332130022209679e-01, 1.395052493617306988e-01, 1.595495533808280186e-01
4.492375270296607437e-01, 2.524405784856059709e-01, 1.391727423761919824e-01, 1.591491521085412475e-01
4.491599945711354791e-01, 2.532498916607612283e-01, 1.388407659479211076e-01, 1.587493478201822406e-01
4.490793886476790453e-01, 2.540611436011500079e-01, 1.385093231474881503e-01, 1.583501446036828797e-01
4.489957111064820094e-01, 2.548743253170125955e-01, 1.381784170409613710e-01, 1.579515465355441073e-01
4.489089638739433008e-01, 2.556894277554153661e-01, 1.378480506898532298e-01, 1.575535576807880755e-01
4.488191489557199487e-01, 2.565064418003036306e-01, 1.375182271510669296e-01, 1.571561820929094078e-01
4.487262684367721022e-01, 2.573253582725572031e-01, 1.371889494768430140e-01, 1.567594238138277363e-01
4.486303244814053848e-01, 2.581461679300494638e-01, 1.368602207147054661e-01, 1.563632868738395743e-01
4.485313193333103077e-01, 2.589688614677100320e-01, 1.365320439074086123e-01, 1.559677752915712146e-01
4.484292553155956318e-01, 2.597934295175897135e-01, 1.362044220928835259e-01, 1.555728930739311011e-01
4.483241348308215080e-01, 2.606198626489300563e-01, 1.358773583041849031e-01, 1.551786442160633661e-01
4.482159603610266774e-01, 2.614481513682350156e-01, 1.355508555694377448e-01, 1.547850327013005622e-01
4.481047344677525079e-01, 2.622782861193463932e-01, 1.352249169117838712e-01, 1.543920625011173109e-01
4.479904597920640330e-01, 2.631102572835226638e-01, 1.348995453493292140e-01, 1.539997375750840614e-01
4.478731390545673818e-01, 2.639440551795209089e-01, 1.345747438950907204e-01, 1.536080618708210999e-01
4.477527750554221031e-01, 2.647796700636820266e-01, 1.342505155569431730e-01, 1.532170393239527251e-01
4.476293706743521006e-01, 2.656170921300196053e-01, 1.339268633375666206e-01, 1.528266738580617012e-01
4.475029288706510178e-01, 2.664563115103115165e-01, 1.336037902343934491e-01, 1.524369693846440443e-01
4.473734526831845693e-01, 2.672973182741953391e-01, 1.332812992395558116e-01, 1.520479298030643078e-01
4.472409452303895416e-01, 2.681401024292667801e-01, 1.329593933398331984e-01, 1.516595590005103134e-01
4.471054097102689640e-01, 2.689846539211819820e-01, 1.326380755165997849e-01, 1.512718608519492691e-01
4.469668494003825598e-01, 2.698309626337619949e-01, 1.323173487457721675e-01, 1.508848392200833333e-01
4.468252676578349236e-01, 2.706790183891020218e-01, 1.319972159977572668e-01, 1.504984979553057323e-01
4.466806679192590335e-01, 2.715288109476831080e-01, 1.316776802374004240e-01, 1.501128408956573790e-01
4.465330537007964340e-01, 2.723803300084871593e-01, 1.313587444239329716e-01, 1.497278718667833797e-01
4.463824285980731443e-01, 2.732335652091159583e-01, 1.310404115109208290e-01, 1.493435946818900406e-01
4.462287962861722912e-01, 2.740885061259126787e-01, 1.307226844462127391e-01, 1.489600131417023743e-01
4.460721605196023010e-01, 2.749451422740874507e-01, 1.304055661718887538e-01, 1.485771310344214113e-01
4.459125251322628714e-01, 2.758034631078459253e-01, 1.300890596242088859e-01, 1.481949521356824007e-01
4.457498940374043372e-01, 2.766634580205211136e-01, 1.297731677335617895e-01, 1.478134802085126764e-01
4.455842712275862039e-01, 2.775251163447089442e-01, 1.294578934244138835e-01, 1.474327190032907742e-01
4.454156607746300178e-01, 2.783884273524069863e-01, 1.291432396152583650e-01, 1.470526722577045475e-01
4.452440668295684634e-01, 2.792533802551561695e-01, 1.288292092185644999e-01, 1.466733436967108950e-01
4.450694936225915166e-01, 2.801199642041864446e-01, 1.285158051407270241e-01, 1.462947370324949870e-01
4.448919454629881587e-01, 2.809881682905654432e-01, 1.282030302820160450e-01, 1.459168559644302976e-01
4.447114267390841480e-01, 2.818579815453506332e-01, 1.278908875365264985e-01, 1.455397041790387758e-01
4.445279419181757952e-01, 2.827293929397446393e-01, 1.275793797921285222e-01, 1.451632853499510711e-01
4.443414955464606853e-01, 2.836023913852542266e-01, 1.272685099304174672e-01, 1.447876031378677042e-01
4.441520922489634593e-01, 2.844769657338520608e-01, 1.269582808266643270e-01, 1.444126611905201807e-01
4.439597367294583208e-01, 2.853531047781425745e-01, 1.266486953497663881e-01, 1.440384631426326056e-01
4.437644337703876563e-01, 2.862307972515305554e-01, 1.263397563621983244e-01, 1.436650126158834362e-01
4.435661882327759931e-01, 2.871100318283931752e-01, 1.260314667199627092e-01, 1.432923132188680670e-01
4.433650050561412925e-01, 2.879907971242556819e-01, 1.257238292725418316e-01, 1.429203685470611107e-01
4.431608892584011916e-01, 2.888730816959700909e-01, 1.254168468628490130e-01, 1.425491821827798433e-01
4.429538459357759139e-01, 2.897568740418968725e-01, 1.251105223271800904e-01, 1.421787576951472620e-01
4.427438802626870173e-01, 2.906421626020911919e-01, 1.248048584951658296e-01, 1.418090986400559472e-01
4.425309974916525890e-01, 2.915289357584908703e-01, 1.244998581897240608e-01, 1.414402085601325076e-01
4.423152029531778884e-01, 2.924171818351085084e-01, 1.241955242270117582e-01, 1.410720909847017479e-01
4.420965020556423819e-01, 2.933068890982272747e-01, 1.238918594163783971e-01, 1.407047494297518631e-01
4.418749002851829477e-01, 2.941980457565986917e-01, 1.235888665603184361e-01, 1.403381873978997718e-01
4.416504032055731388e-01, 2.950906399616451958e-01, 1.232865484544247853e-01, 1.399724083783568662e-01
4.414230164580978388e-01, 2.959846598076648627e-01, 1.229849078873422874e-01, 1.396074158468950110e-01
4.411927457614253090e-01, 2.968800933320396851e-01, 1.226839476407216717e-01, 1.392432132658134036e-01
4.409595969114735170e-01, 2.977769285154476253e-01, 1.223836704891733823e-01, 1.388798040839054337e-01
4.407235757812746346e-01, 2.986751532820773325e-01, 1.220840792002221981e-01, 1.385171917364260152e-01
4.404846883208330399e-01, 2.995747554998456907e-01, 1.217851765342617132e-01, 1.381553796450595839e-01
4.402429405569819876e-01, 3.004757229806200858e-01, 1.214869652445094150e-01, 1.377943712178884006e-01
4.399983385932346169e-01, 3.013780434804422259e-01, 1.211894480769619836e-01, 1.374341698493610764e-01
4.397508886096313518e-01, 3.022817046997560153e-01, 1.208926277703507302e-01, 1.370747789202619027e-01
4.395005968625835258e-01, 3.031866942836385914e-01, 1.205965070560975488e-01, 1.367162017976803756e-01
4.392474696847133431e-01, 3.040929998220343045e-01, 1.203010886582712297e-01, 1.363584418349811644e-01
4.389915134846894551e-01, 3.050006088499921386e-01, 1.200063752935438127e-01, 1.360015023717747740e-01
4.387327347470582617e-01, 3.059095088479056312e-01, 1.197123696711476504e-01, 1.356453867338885400e-01
4.384711400320724373e-01, 3.068196872417572330e-01, 1.194190744928324555e-01, 1.352900982333378188e-01
4.382067359755148495e-01, 3.077311314033641665e-01, 1.191264924528228492e-01, 1.349356401682980933e-01
4.379395292885179258e-01, 3.086438286506284490e-01, 1.188346262377764223e-01, 1.345820158230771890e-01
4.376695267573799675e-01, 3.095577662477901337e-01, 1.185434785267417690e-01, 1.342292284680882408e-01
4.373967352433774103e-01, 3.104729314056824951e-01, 1.182530519911170613e-01, 1.338772813598229916e-01
4.371211616825732005e-01, 3.113893112819920428e-01, 1.179633492946092904e-01, 1.335261777408255079e-01
4.368428130856207847e-01, 3.123068929815192574e-01, 1.176743730931933962e-01, 1.331759208396666172e-01
4.365616965375645475e-01, 3.132256635564449887e-01, 1.173861260350718139e-01, 1.328265138709187054e-01
4.362778191976366959e-01, 3.141456100065979085e-01, 1.170986107606349080e-01, 1.324779600351307374e-01
4.359911882990492593e-01, 3.150667192797252936e-01, 1.168118299024210743e-01, 1.321302625188044144e-01
4.357018111487837575e-01, 3.159889782717680839e-01, 1.165257860850778537e-01, 1.317834244943703603e-01
4.354096951273754290e-01, 3.169123738271368285e-01, 1.162404819253230193e-01, 1.314374491201648343e-01
4.351148476886940730e-01, 3.178368927389924048e-01, 1.159559200319063010e-01, 1.310923395404071656e-01
4.348172763597219492e-01, 3.187625217495288488e-01, 1.156721030055714028e-01, 1.307480988851777437e-01
4.345169887403266262e-01, 3.196892475502589037e-01, 1.153890334390183930e-01, 1.304047302703960076e-01
4.342139925030308878e-01, 3.206170567823026785e-01, 1.151067139168666653e-01, 1.300622367977998239e-01
4.339082953927774766e-01, 3.215459360366799135e-01, 1.148251470156180370e-01, 1.297206215549246699e-01
4.335999052266921172e-01, 3.224758718546034686e-01, 1.145443353036208201e-01, 1.293798876150835941e-01
4.332888298938409877e-01, 3.234068507277773619e-01, 1.142642813410336272e-01, 1.290400380373480094e-01
4.329750773549850273e-01, 3.243388590986964748e-01, 1.139849876797900674e-01, 1.287010758665285415e-01
4.326586556423304697e-01, 3.252718833609493099e-01, 1.137064568635636347e-01, 1.283630041331566274e-01
4.323395728592758225e-01, 3.262059098595238016e-01, 1.134286914277334440e-01, 1.280258258534669458e-01
4.320178371801543515e-01, 3.271409248911157919e-01, 1.131516938993498561e-01, 1.276895440293800144e-01
4.316934568499737335e-01, 3.280769147044398371e-01, 1.128754667971009762e-01, 1.273541616484853978e-01
4.313664401841516005e-01, 3.290138655005431234e-01, 1.126000126312793892e-01, 1.270196816840258591e-01
4.310367955682469221e-01, 3.299517634331218252e-01, 1.123253339037496162e-01, 1.266861070948816503e-01
4.307045314576886663e-01, 3.308905946088404049e-01, 1.120514331079156267e-01, 1.263534408255553854e-01
4.303696563774997985e-01, 3.318303450876531335e-01, 1.117783127286890860e-01, 1.260216858061579681e-01
4.300321789220182822e-01, 3.327710008831285537e-01, 1.115059752424583522e-01, 1.256908449523947424e-01
4.296921077546143608e-01, 3.337125479627762736e-01, 1.112344231170573072e-01, 1.253609211655520028e-01
4.293494516074036205e-01, 3.346549722483766476e-01, 1.109636588117351719e-01, 1.250319173324846711e-01
4.290042192809568333e-01, 3.355982596163122889e-01, 1.106936847771267107e-01, 1.247038363256039867e-01
4.286564196440073027e-01, 3.365423958979034125e-01, 1.104245034552228527e-01, 1.243766810028665432e-01
4.283060616331518244e-01, 3.374873668797436221e-01, 1.101561172793417004e-01, 1.240504542077629085e-01
4.279531542525514820e-01, 3.384331583040403602e-01, 1.098885286741005107e-01, 1.237251587693077443e-01
4.275977065736260019e-01, 3.393797558689562455e-01, 1.096217400553875926e-01, 1.234007975020301601e-01
4.272397277347466660e-01, 3.403271452289535204e-01, 1.093557538303351062e-01, 1.230773732059647074e-01
4.268792269409244500e-01, 3.412753119951403291e-01, 1.090905723972923347e-01, 1.227548886666429417e-01
4.265162134634950530e-01, 3.422242417356198829e-01, 1.088261981457992467e-01, 1.224333466550857757e-01
4.261506966398009855e-01, 3.431739199758417347e-01, 1.085626334565608780e-01, 1.221127499277962630e-01
4.257826858728692154e-01, 3.441243321989554405e-01, 1.082998807014221437e-01, 1.217931012267532143e-01
4.254121906310860957e-01, 3.450754638461656643e-01, 1.080379422433430936e-01, 1.214744032794051604e-01
4.250392204478688485e-01, 3.460273003170910022e-01, 1.077768204363747095e-01, 1.211566587986653981e-01
4.246637849213334981e-01, 3.469798269701239168e-01, 1.075165176256355354e-01, 1.208398704829070636e-01
4.242858937139593056e-01, 3.479330291227926697e-01, 1.072570361472884592e-01, 1.205240410159594822e-01
4.239055565522502067e-01, 3.488868920521268069e-01, 1.069983783285181761e-01, 1.202091730671047826e-01
4.235227832263928072e-01, 3.498414009950224779e-01, 1.067405464875095383e-01, 1.198952692910750378e-01
4.231375835899112148e-01, 3.507965411486123619e-01, 1.064835429334258093e-01, 1.195823323280506972e-01
4.227499675593178186e-01, 3.517522976706355387e-01, 1.062273699663879994e-01, 1.192703648036587405e-01
4.223599451137621807e-01, 3.527086556798105788e-01, 1.059720298774548541e-01, 1.189593693289723031e-01
4.219675262946760430e-01, 3.536656002562103551e-01, 1.057175249486028423e-01, 1.186493485005107040e-01
4.215727212054144468e-01, 3.546231164416385195e-01, 1.054638574527071437e-01, 1.183403049002398483e-01
4.211755400108949110e-01, 3.555811892400081442e-01, 1.052110296535233580e-01, 1.180322410955735729e-01
4.207759929372327234e-01, 3.565398036177223062e-01, 1.049590438056691166e-01, 1.177251596393759231e-01
4.203740902713733463e-01, 3.574989445040561709e-01, 1.047079021546072353e-01, 1.174190630699631782e-01
4.199698423607217679e-01, 3.584585967915416838e-01, 1.044576069366285886e-01, 1.171139539111078071e-01
4.195632596127689684e-01, 3.594187453363527629e-01, 1.042081603788360539e-01, 1.168098346720422148e-01
4.191543524947142219e-01, 3.603793749586936546e-01, 1.039595646991289257e-01, 1.165067078474632117e-01
4.187431315330865100e-01, 3.613404704431878445e-01, 1.037118221061880813e-01, 1.162045759175376058e-01
4.183296073133610515e-01, 3.623020165392695224e-01, 1.034649347994612140e-01, 1.159034413479082815e-01
4.179137904795736103e-01, 3.632639979615763237e-01, 1.032189049691494692e-01, 1.156033065897005829e-01
4.174956917339321394e-01, 3.642263993903435138e-01, 1.029737347961941496e-01, 1.153041740795301834e-01
4.170753218364253168e-01, 3.651892054717999492e-01, 1.027294264522639472e-01, 1.150060462395108007e-01
4.166526916044278606e-01, 3.661524008185656487e-01, 1.024859820997433280e-01, 1.147089254772631906e-01
4.162278119123034581e-01, 3.671159700100509182e-01, 1.022434038917209853e-01, 1.144128141859245135e-01
4.158006936910050855e-01, 3.680798975928570305e-01, 1.020016939719791405e-01, 1.141177147441587436e-01
4.153713479276717746e-01, 3.690441680811775704e-01, 1.017608544749836058e-01, 1.138236295161670908e-01
4.149397856652234928e-01, 3.700087659572022791e-01, 1.015208875258741400e-01, 1.135305608517000742e-01
4.145060180019530804e-01, 3.709736756715216188e-01, 1.012817952404557464e-01, 1.132385110860696098e-01
4.140700560911147465e-01, 3.719388816435331147e-01, 1.010435797251903467e-01, 1.129474825401617644e-01
4.136319111405114546e-01, 3.729043682618483624e-01, 1.008062430771893003e-01, 1.126574775204508966e-01
4.131915944120782558e-01, 3.738701198847017015e-01, 1.005697873842063966e-01, 1.123684983190135489e-01
4.127491172214637905e-01, 3.748361208403605538e-01, 1.003342147246316512e-01, 1.120805472135439768e-01
4.123044909376090139e-01, 3.758023554275359279e-01, 1.000995271674854081e-01, 1.117936264673696223e-01
4.118577269823237019e-01, 3.767688079157949232e-01, 9.986572677241357943e-02, 1.115077383294678509e-01
4.114088368298598475e-01, 3.777354625459741211e-01, 9.963281558968309359e-02, 1.112228850344830905e-01
4.109578320064835588e-01, 3.787023035305936425e-01, 9.940079566017810675e-02, 1.109390688027446781e-01
4.105047240900439043e-01, 3.796693150542733153e-01, 9.916966901539711610e-02, 1.106562918402857060e-01
4.100495247095390927e-01, 3.806364812741484527e-01, 9.893943767745026763e-02, 1.103745563388621176e-01
4.095922455446810995e-01, 3.816037863202880742e-01, 9.871010365905771855e-02, 1.100938644759731772e-01
4.091328983254577945e-01, 3.825712142961121831e-01, 9.848166896354831890e-02, 1.098142184148817035e-01
4.086714948316922391e-01, 3.835387492788122632e-01, 9.825413558485938947e-02, 1.095356203046361360e-01
4.082080468926006511e-01, 3.845063753197706102e-01, 9.802750550753644432e-02, 1.092580722800924053e-01
4.077425663863469274e-01, 3.854740764449818835e-01, 9.780178070673445356e-02, 1.089815764619368604e-01
4.072750652395963900e-01, 3.864418366554743245e-01, 9.757696314821899530e-02, 1.087061349567101792e-01
4.068055554270672003e-01, 3.874096399277329184e-01, 9.735305478836850379e-02, 1.084317498568315025e-01
4.063340489710777770e-01, 3.883774702141217783e-01, 9.713005757417693398e-02, 1.081584232406235246e-01
4.058605579410952124e-01, 3.893453114433088613e-01, 9.690797344325739748e-02, 1.078861571723384732e-01
4.053850944532794709e-01, 3.903131475206899070e-01, 9.668680432384600676e-02, 1.076149537021845320e-01
4.049076706700261430e-01, 3.912809623288140970e-01, 9.646655213480687108e-02, 1.073448148663528612e-01
4.044282987995074796e-01, 3.922487397278093257e-01, 9.624721878563731459e-02, 1.070757426870458939e-01
4.039469910952118714e-01, 3.932164635558083599e-01, 9.602880617647401029e-02, 1.068077391725058417e-01
4.034637598554803306e-01, 3.941841176293758853e-01, 9.581131619809980793e-02, 1.065408063170439623e-01
4.029786174230424733e-01, 3.951516857439354991e-01, 9.559475073195113082e-02, 1.062749461010709939e-01
4.024915761845496154e-01, 3.961191516741969232e-01, 9.537911165012576131e-02, 1.060101604911274781e-01
4.020026485701072572e-01, 3.970864991745848838e-01, 9.516440081539209728e-02, 1.057464514399157618e-01
4.015118470528042938e-01, 3.980537119796658252e-01, 9.495062008119793673e-02, 1.054838208863318888e-01
4.010191841482423358e-01, 3.990207738045777330e-01, 9.473777129168106659e-02, 1.052222707554987674e-01
4.005246724140621439e-01, 3.999876683454584581e-01, 9.452585628167960163e-02, 1.049618029587996854e-01
4.000283244494688417e-01, 4.009543792798747619e-01, 9.431487687674361409e-02, 1.047024193939127823e-01
3.995301528947557412e-01, 4.019208902672510852e-01, 9.410483489314699912e-02, 1.044441219448461050e-01
3.990301704308263919e-01, 4.028871849492999258e-01, 9.389573213790032569e-02, 1.041869124819732317e-01
3.985283897787157414e-01, 4.038532469504499955e-01, 9.368757040876414532e-02, 1.039307928620701316e-01
3.980248236991085764e-01, 4.048190598782764882e-01, 9.348035149426293933e-02, 1.036757649283518989e-01
3.975194849918582962e-01, 4.057846073239305684e-01, 9.327407717370003737e-02, 1.034218305105111396e-01
3.970123864955029114e-01, 4.067498728625681959e-01, 9.306874921717270266e-02, 1.031689914247561207e-01
3.965035410867803756e-01, 4.077148400537808914e-01, 9.286436938558839671e-02, 1.029172494738504057e-01
3.959929616801426411e-01, 4.086794924420234509e-01, 9.266093943068123839e-02, 1.026666064471526141e-01
3.954806612272687150e-01, 4.096438135570444339e-01, 9.245846109502946220e-02, 1.024170641206573196e-01
3.949666527165752172e-01, 4.106077869143150427e-01, 9.225693611207336220e-02, 1.021686242570363640e-01
3.944509491727279382e-01, 4.115713960154572804e-01, 9.205636620613402710e-02, 1.019212886056808098e-01
3.939335636561502874e-01, 4.125346243486734399e-01, 9.185675309243240827e-02, 1.016750589027439339e-01
3.934145092625319640e-01, 4.134974553891740956e-01, 9.165809847710949809e-02, 1.014299368711844701e-01
3.928937991223361292e-01, 4.144598725996060939e-01, 9.146040405724692457e-02, 1.011859242208109494e-01
3.923714464003053570e-01, 4.154218594304803225e-01, 9.126367152088796231e-02, 1.009430226483264137e-01
3.918474642949669740e-01, 4.163833993205994233e-01, 9.106790254705973697e-02, 1.007012338373738242e-01
3.913218660381378444e-01, 4.173444756974839520e-01, 9.087309880579559629e-02, 1.004605594585824685e-01
3.907946648944274348e-01, 4.183050719777995918e-01, 9.067926195815827206e-02, 1.002210011696146735e-01
3.902658741607403781e-01, 4.192651715677823687e-01, 9.048639365626388875e-02, 9.998256061521333671e-02
3.897355071657790382e-01, 4.202247578636646996e-01, 9.029449554330623573e-02, 9.974523942724999870e-02
3.892035772695440765e-01, 4.211838142520998862e-01, 9.010356925358196933e-02, 9.950903922477409569e-02
3.886700978628349623e-01, 4.221423241105866087e-01, 8.991361641251639780e-02, 9.927396161406194797e-02
3.881350823667505390e-01, 4.231002708078923091e-01, 8.972463863668977968e-02, 9.904000818866741385e-02
3.875985442321870922e-01, 4.240576377044762424e-01, 8.953663753386441326e-02, 9.880718052947226604e-02
3.870604969393378614e-01, 4.250144081529117490e-01, 8.934961470301222564e-02, 9.857548020473808070e-02
3.865209539971911079e-01, 4.259705654983077516e-01, 8.916357173434298622e-02, 9.834490877015812649e-02
3.859799289430270730e-01, 4.269260930787293074e-01, 8.897851020933332522e-02, 9.811546776891021115e-02
3.854374353419159904e-01, 4.278809742256177717e-01, 8.879443170075615455e-02, 9.788715873170998616e-02
3.848934867862143783e-01, 4.288351922642096858e-01, 8.861133777271076872e-02, 9.765998317686519492e-02
3.843480968950613863e-01, 4.297887305139548308e-01, 8.842922998065370910e-02, 9.743394261033010151e-02
3.838012793138754208e-01, 4.307415722889336718e-01, 8.824810987142987784e-02, 9.720903852576100179e-02
3.832530477138494929e-01, 4.316937008982736912e-01, 8.806797898330476215e-02, 9.698527240457201215e-02
3.827034157914466772e-01, 4.326450996465647791e-01, 8.788883884599683893e-02, 9.676264571599166309e-02
3.821523972678961267e-01, 4.335957518342730688e-01, 8.771069098071070103e-02, 9.654115991711999245e-02
3.816000058886878099e-01, 4.345456407581547165e-01, 8.753353690017104394e-02, 9.632081645298648520e-02
3.810462554230674148e-01, 4.354947497116679056e-01, 8.735737810865654152e-02, 9.610161675660815195e-02
3.804911596635320858e-01, 4.364430619853839066e-01, 8.718221610203537308e-02, 9.588356224904875935e-02
3.799347324253248837e-01, 4.373905608673965828e-01, 8.700805236780027874e-02, 9.566665433947825481e-02
3.793769875459298002e-01, 4.383372296437322846e-01, 8.683488838510498853e-02, 9.545089442523294054e-02
3.788179388845672180e-01, 4.392830515987561357e-01, 8.666272562480059616e-02, 9.523628389187621668e-02
3.782576003216885918e-01, 4.402280100155784859e-01, 8.649156554947309838e-02, 9.502282411325981004e-02
3.776959857584721303e-01, 4.411720881764609747e-01, 8.632140961348094832e-02, 9.481051645158597441e-02
3.771331091163178661e-01, 4.421152693632190434e-01, 8.615225926299370507e-02, 9.459936225746928828e-02
3.765689843363437816e-01, 4.430575368576250006e-01, 8.598411593603075276e-02, 9.438936287000047887e-02
3.760036253788811011e-01, 4.439988739418085917e-01, 8.581698106250093550e-02, 9.418051961680938555e-02
3.754370462229711380e-01, 4.449392638986570114e-01, 8.565085606424253928e-02, 9.397283381412931125e-02
3.748692608658614200e-01, 4.458786900122129193e-01, 8.548574235506391228e-02, 9.376630676686167898e-02
3.743002833225028692e-01, 4.468171355680712331e-01, 8.532164134078454309e-02, 9.356093976864132689e-02
3.737301276250469817e-01, 4.477545838537743683e-01, 8.515855441927680514e-02, 9.335673410190188648e-02
3.731588078223433413e-01, 4.486910181592060343e-01, 8.499648298050807571e-02, 9.315369103794253480e-02
3.725863379794385755e-01, 4.496264217769834759e-01, 8.483542840658352124e-02, 9.295181183699441352e-02
3.720127321770745898e-01, 4.505607780028480502e-01, 8.467539207178929883e-02, 9.275109774828813047e-02
3.714380045111878581e-01, 4.514940701360544706e-01, 8.451637534263628515e-02, 9.255155001012140004e-02
3.708621690924099878e-01, 4.524262814797580523e-01, 8.435837957790437436e-02, 9.235316984992754386e-02
3.702852400455680648e-01, 4.533573953414006819e-01, 8.420140612868716457e-02, 9.215595848434403325e-02
3.697072315091856631e-01, 4.542873950330949540e-01, 8.404545633843739372e-02, 9.195991711928204471e-02
3.691281576349848548e-01, 4.552162638720067545e-01, 8.389053154301241710e-02, 9.176504694999601530e-02
3.685480325873901619e-01, 4.561439851807352341e-01, 8.373663307072067019e-02, 9.157134916115397538e-02
3.679668705430303999e-01, 4.570705422876931712e-01, 8.358376224236822860e-02, 9.137882492690824199e-02
3.673846856902445168e-01, 4.579959185274828370e-01, 8.343192037130603422e-02, 9.118747541096666742e-02
3.668014922285863233e-01, 4.589200972412720847e-01, 8.328110876347756542e-02, 9.099730176666395720e-02
3.662173043683307760e-01, 4.598430617771681050e-01, 8.313132871746696517e-02, 9.080830513703404272e-02
3.656321363299811500e-01, 4.607647954905887966e-01, 8.298258152454746073e-02, 9.062048665488252330e-02
3.650460023437774315e-01, 4.616852817446326362e-01, 8.283486846873053255e-02, 9.043384744285941357e-02
3.644589166492051557e-01, 4.626045039104470513e-01, 8.268819082681509725e-02, 9.024838861353266795e-02
3.638708934945060758e-01, 4.635224453675944600e-01, 8.254254986843775899e-02, 9.006411126946174683e-02
3.632819471361891650e-01, 4.644390895044160916e-01, 8.239794685612276959e-02, 8.988101650327200154e-02
3.626920918385434511e-01, 4.653544197183946407e-01, 8.225438304533289058e-02, 8.969910539772904534e-02
3.621013418731512390e-01, 4.662684194165144236e-01, 8.211185968452054673e-02, 8.951837902581386008e-02
3.615097115184035537e-01, 4.671810720156194252e-01, 8.197037801517920164e-02, 8.933883845079790276e-02
3.609172150590155836e-01, 4.680923609427699028e-01, 8.182993927189544103e-02, 8.916048472631905863e-02
3.603238667855448440e-01, 4.690022696355966025e-01, 8.169054468240118105e-02, 8.898331889645745563e-02
3.597296809939091178e-01, 4.699107815426523671e-01, 8.155219546762647320e-02, 8.880734199581212518e-02
3.591346719849068947e-01, 4.708178801237633548e-01, 8.141489284175239260e-02, 8.863255504957746889e-02
3.585388540637389210e-01, 4.717235488503757068e-01, 8.127863801226464791e-02, 8.845895907362072430e-02
3.579422415395305257e-01, 4.726277712059029912e-01, 8.114343218000734381e-02, 8.828655507455905604e-02
3.573448487248565009e-01, 4.735305306860690400e-01, 8.100927653923691019e-02, 8.811534404983754898e-02
3.567466899352662590e-01, 4.744318107992497313e-01, 8.087617227767689154e-02, 8.794532698780703484e-02
3.561477794888117665e-01, 4.753315950668129397e-01, 8.074412057657259778e-02, 8.777650486780268213e-02
3.555481317055754764e-01, 4.762298670234558218e-01, 8.061312261074625451e-02, 8.760887866022258608e-02
3.549477609072015927e-01, 4.771266102175394930e-01, 8.048317954865237545e-02, 8.744244932660653891e-02
3.543466814164276113e-01, 4.780218082114230382e-01, 8.035429255243381474e-02, 8.727721781971550796e-02
3.537449075566177492e-01, 4.789154445817938588e-01, 8.022646277797744474e-02, 8.711318508361103052e-02
3.531424536512989820e-01, 4.798075029199956876e-01, 8.009969137497080505e-02, 8.695035205373460863e-02
3.525393340236972484e-01, 4.806979668323559385e-01, 7.997397948695861292e-02, 8.678871965698829738e-02
3.519355629962763743e-01, 4.815868199405094474e-01, 7.984932825139975932e-02, 8.662828881181441898e-02
3.513311548902792181e-01, 4.824740458817202149e-01, 7.972573879972444377e-02, 8.646906042827624816e-02
3.507261240252688150e-01, 4.833596283092013168e-01, 7.960321225739139250e-02, 8.631103540813850339e-02
3.501204847186734637e-01, 4.842435508924320953e-01, 7.948174974394596470e-02, 8.615421464494844861e-02
3.495142512853322558e-01, 4.851257973174734062e-01, 7.936135237307785639e-02, 8.599859902411655099e-02
3.489074380370430495e-01, 4.860063512872798697e-01, 7.924202125267906793e-02, 8.584418942299819333e-02
3.483000592821117181e-01, 4.868851965220110656e-01, 7.912375748490253768e-02, 8.569098671097466480e-02
3.476921293249048972e-01, 4.877623167593393982e-01, 7.900656216622066463e-02, 8.553899174953509543e-02
3.470836624654022318e-01, 4.886376957547559630e-01, 7.889043638748384490e-02, 8.538820539235790485e-02
3.464746729987533969e-01, 4.895113172818740255e-01, 7.877538123397985481e-02, 8.523862848539277837e-02
3.458651752148345082e-01, 4.903831651327303365e-01, 7.866139778549255390e-02, 8.509026186694274019e-02
3.452551833978084739e-01, 4.912532231180837816e-01, 7.854848711636146230e-02, 8.494310636774619894e-02
3.446447118256870668e-01, 4.921214750677124772e-01, 7.843665029554124091e-02, 8.479716281105929843e-02
3.440337747698936632e-01, 4.929879048307072575e-01, 7.832588838666115771e-02, 8.465243201273799090e-02
3.434223864948302563e-01, 4.938524962757639414e-01, 7.821620244808487332e-02, 8.450891478132085965e-02
3.428105612574450789e-01, 4.947152332914730999e-01, 7.810759353297053176e-02, 8.436661191811123395e-02
3.421983133068031147e-01, 4.955760997866063278e-01, 7.800006268933055986e-02, 8.422552421726006711e-02
3.415856568836580509e-01, 4.964350796904017926e-01, 7.789361096009182750e-02, 8.408565246584838448e-02
3.409726062200276187e-01, 4.972921569528464536e-01, 7.778823938315591879e-02, 8.394699744397003671e-02
3.403591755387700424e-01, 4.981473155449560597e-01, 7.768394899145945887e-02, 8.380955992481436967e-02
3.397453790531634876e-01, 4.990005394590532606e-01, 7.758074081303434344e-02, 8.367334067474897774e-02
3.391312309664873959e-01, 4.998518127090419427e-01, 7.747861587106831538e-02, 8.353834045340235992e-02
3.385167454716060398e-01, 5.007011193306816210e-01, 7.737757518396555512e-02, 8.340456001374675632e-02
3.379019367505552429e-01, 5.015484433818568899e-01, 7.727761976540697964e-02, 8.327200010218088755e-02
3.372868189741300426e-01, 5.023937689428462638e-01, 7.717875062441106881e-02, 8.314066145861249979e-02
3.366714063014760172e-01, 5.032370801165886309e-01, 7.708096876539424769e-02, 8.301054481654114581e-02
3.360557128796821669e-01, 5.040783610289454320e-01, 7.698427518823169891e-02, 8.288165090314074390e-02
3.354397528433769593e-01, 5.049175958289631172e-01, 7.688867088831785601e-02, 8.275398043934208137e-02
3.348235403143255962e-01, 5.057547686891318284e-01, 7.679415685662703550e-02, 8.262753413991533180e-02
3.342070894010313875e-01, 5.065898638056417491e-01, 7.670073407977408275e-02, 8.250231271355255858e-02
3.335904141983381255e-01, 5.074228653986374571e-01, 7.660840354007480979e-02, 8.237831686294971867e-02
3.329735287870351224e-01, 5.082537577124692785e-01, 7.651716621560646081e-02, 8.225554728488906897e-02
3.323564472334663011e-01, 5.090825250159443094e-01, 7.642702308026835811e-02, 8.213400467032107299e-02
3.317391835891392859e-01, 5.099091516025723303e-01, 7.633797510384196516e-02, 8.201368970444632145e-02
3.311217518903393775e-01, 5.107336217908114984e-01, 7.625002325205160192e-02, 8.189460306679756385e-02
3.305041661577444168e-01, 5.115559199243107091e-01, 7.616316848662409156e-02, 8.177674543132079643e-02
3.298864403960432568e-01, 5.123760303721501819e-01, 7.607741176534940641e-02, 8.166011746645719660e-02
3.292685885935559553e-01, 5.131939375290798244e-01, 7.599275404214009266e-02, 8.154471983522407208e-02
3.286506247218575205e-01, 5.140096258157549336e-01, 7.590919626709159707e-02, 8.143055319529586555e-02
3.280325627354032103e-01, 5.148230796789697861e-01, 7.582673938654163615e-02, 8.131761819908520095e-02
3.274144165711576071e-01, 5.156342835918892309e-01, 7.574538434312987067e-02, 8.120591549382331908e-02
3.267962001482248580e-01, 5.164432220542772844e-01, 7.566513207585730261e-02, 8.109544572164054110e-02
3.261779273674834112e-01, 5.172498795927251702e-01, 7.558598352014531119e-02, 8.098620951964609349e-02
3.255596121112214747e-01, 5.180542407608752509e-01, 7.550793960789484172e-02, 8.087820752000847435e-02
3.249412682427768040e-01, 5.188562901396438498e-01, 7.543100126754501145e-02, 8.077144035003433475e-02
3.243229096061777672e-01, 5.196560123374418527e-01, 7.535516942413193753e-02, 8.066590863224841479e-02
3.237045500257884623e-01, 5.204533919903926442e-01, 7.528044499934678779e-02, 8.056161298447195307e-02
3.230862033059552774e-01, 5.212484137625487124e-01, 7.520682891159413686e-02, 8.045855401990174849e-02
3.224678832306568377e-01, 5.220410623461054778e-01, 7.513432207604955892e-02, 8.035673234718818114e-02
3.218496035631567276e-01, 5.228313224616125687e-01, 7.506292540471740105e-02, 8.025614857051320550e-02
3.212313780456588774e-01, 5.236191788581849860e-01, 7.499263980648800121e-02, 8.015680328966806600e-02
3.206132203989650598e-01, 5.244046163137096039e-01, 7.492346618719468443e-02, 8.005869710013044371e-02
3.199951443221362157e-01, 5.251876196350520054e-01, 7.485540544967050902e-02, 7.996183059314132535e-02
3.193771634921555580e-01, 5.259681736582588751e-01, 7.478845849380437449e-02, 7.986620435578128951e-02
3.187592915635948376e-01, 5.267462632487610596e-01, 7.472262621659736537e-02, 7.977181897104670960e-02
3.181415421682839972e-01, 5.275218733015726302e-01, 7.465790951221824845e-02, 7.967867501792513796e-02
3.175239289149821564e-01, 5.282949887414883916e-01, 7.459430927205874806e-02, 7.958677307147063451e-02
3.169064653890524275e-01, 5.290655945232805024e-01, 7.453182638478866862e-02, 7.949611370287830436e-02
3.162891651521396175e-01, 5.298336756318916541e-01, 7.447046173641018452e-02, 7.940669747955848845e-02
3.156720417418498181e-01, 5.305992170826275833e-01, 7.441021621031215783e-02, 7.931852496521056561e-02
3.150551086714337701e-01, 5.313622039213464765e-01, 7.435109068732367876e-02, 7.923159671989603303e-02
3.144383794294723922e-01, 5.321226212246487064e-01, 7.429308604576755071e-02, 7.914591330011128134e-02
3.138218674795653640e-01, 5.328804541000619066e-01, 7.423620316151299803e-02, 7.906147525885974525e-02
3.132055862600219842e-01, 5.336356876862266008e-01, 7.418044290802801310e-02, 7.897828314572342967e-02
3.125895491835561923e-01, 5.343883071530782791e-01, 7.412580615643131476e-02, 7.889633750693404723e-02
3.119737696369825342e-01, 5.351382977020301412e-01, 7.407229377554380712e-02, 7.881563888544344809e-02
3.113582609809162349e-01, 5.358856445661509538e-01, 7.401990663193926123e-02, 7.873618782099353619e-02
3.107430365494757707e-01, 5.366303330103439073e-01, 7.396864558999498296e-02, 7.865798485018535291e-02
3.101281096499881595e-01, 5.373723483315223648e-01, 7.391851151194142600e-02, 7.858103050654802191e-02
3.095134935626965844e-01, 5.381116758587851656e-01, 7.386950525791168010e-02, 7.850532532060655599e-02
3.088992015404721792e-01, 5.388483009535885992e-01, 7.382162768599002944e-02, 7.843086981994926155e-02
3.082852468085267028e-01, 5.395822090099183788e-01, 7.377487965226034450e-02, 7.835766452929443515e-02
3.076716425641298214e-01, 5.403133854544603931e-01, 7.372926201085337750e-02, 7.828570997055649128e-02
3.070584019763279437e-01, 5.410418157467671296e-01, 7.368477561399400244e-02, 7.821500666291099357e-02
3.064455381856662219e-01, 5.417674853794268719e-01, 7.364142131204734487e-02, 7.814555512285957517e-02
3.058330643039138264e-01, 5.424903798782279019e-01, 7.359919995356466182e-02, 7.807735586429369323e-02
3.052209934137910530e-01, 5.432104848023229238e-01, 7.355811238532823648e-02, 7.801040939855764800e-02
3.046093385687000388e-01, 5.439277857443928221e-01, 7.351815945239598138e-02, 7.794471623451119935e-02
3.039981127924576421e-01, 5.446422683308064228e-01, 7.347934199814490364e-02, 7.788027687859096215e-02
3.033873290790320421e-01, 5.453539182217824743e-01, 7.344166086431433427e-02, 7.781709183487128811e-02
3.027770003922801711e-01, 5.460627211115474111e-01, 7.340511689104810278e-02, 7.775516160512431496e-02
3.021671396656904207e-01, 5.467686627284941148e-01, 7.336971091693626768e-02, 7.769448668887915521e-02
3.015577598021265127e-01, 5.474717288353374567e-01, 7.333544377905579226e-02, 7.763506758348019676e-02
3.009488736735733694e-01, 5.481719052292712835e-01, 7.330231631301065143e-02, 7.757690478414466795e-02
3.003404941208883683e-01, 5.488691777421211837e-01, 7.327032935297124461e-02, 7.751999878401914790e-02
2.997326339535527628e-01, 5.495635322404988088e-01, 7.323948373171286497e-02, 7.746435007423554953e-02
2.991253059494266009e-01, 5.502549546259541957e-01, 7.320978028065341925e-02, 7.740995914396574251e-02
2.985185228545071401e-01, 5.509434308351269793e-01, 7.318121982989032881e-02, 7.735682648047562116e-02
2.979122973826888732e-01, 5.516289468398963836e-01, 7.315380320823658411e-02, 7.730495256917810365e-02
2.973066422155267174e-01, 5.523114886475319896e-01, 7.312753124325595266e-02, 7.725433789368521542e-02
2.967015700020024238e-01, 5.529910423008412845e-01, 7.310240476129747922e-02, 7.720498293585900673e-02
2.960970933582916520e-01, 5.536675938783177653e-01, 7.307842458752865367e-02, 7.715688817586195680e-02
2.954932248675368744e-01, 5.543411294942889311e-01, 7.305559154596835691e-02, 7.711005409220585138e-02
2.948899770796198361e-01, 5.550116352990619450e-01, 7.303390645951822469e-02, 7.706448116180014685e-02
2.942873625109382885e-01, 5.556790974790692950e-01, 7.301337014999353947e-02, 7.702016985999879384e-02
2.936853936441853330e-01, 5.563435022570151212e-01, 7.299398343815295676e-02, 7.697712066064653358e-02
2.930840829281307625e-01, 5.570048358920182130e-01, 7.297574714372731530e-02, 7.693533403612359822e-02
2.924834427774049561e-01, 5.576630846797574481e-01, 7.295866208544767029e-02, 7.689481045738993936e-02
2.918834855722858279e-01, 5.583182349526144561e-01, 7.294272908107181375e-02, 7.685555039402783284e-02
2.912842236584886058e-01, 5.589702730798171704e-01, 7.292794894741053136e-02, 7.681755431428366476e-02
2.906856693469567765e-01, 5.596191854675828248e-01, 7.291432250035204121e-02, 7.678082268510851016e-02
2.900878349136569723e-01, 5.602649585592595072e-01, 7.290185055488601629e-02, 7.674535597219757366e-02
2.894907325993757996e-01, 5.609075788354693781e-01, 7.289053392512630236e-02, 7.671115464002845052e-02
2.888943746095191112e-01, 5.615470328142501133e-01, 7.288037342433252574e-02, 7.667821915189831916e-02
2.882987731139136089e-01, 5.621833070511960129e-01, 7.287136986493061852e-02, 7.664654996995981517e-02
2.877039402466114448e-01, 5.628163881396006651e-01, 7.286352405853231684e-02, 7.661614755525565645e-02
2.871098881056966534e-01, 5.634462627105973898e-01, 7.285683681595352124e-02, 7.658701236775240784e-02
2.865166287530944711e-01, 5.640729174333016793e-01, 7.285130894723149120e-02, 7.655914486637237226e-02
2.859241742143825982e-01, 5.646963390149516426e-01, 7.284694126164087402e-02, 7.653254550902488518e-02
2.853325364786054030e-01, 5.653165142010502242e-01, 7.284373456770854016e-02, 7.650721475263590199e-02
2.847417274980897361e-01, 5.659334297755064247e-01, 7.284168967322732224e-02, 7.648315305317646140e-02
2.841517591882638527e-01, 5.665470725607776314e-01, 7.284080738526853283e-02, 7.646036086568981649e-02
2.835626434274782781e-01, 5.671574294180113940e-01, 7.284108851019306663e-02, 7.643883864431727515e-02
2.829743920568288940e-01, 5.677644872471868664e-01, 7.284253385366162847e-02, 7.641858684232248622e-02
2.823870168799822999e-01, 5.683682329872593586e-01, 7.284514422064329586e-02, 7.639960591211489294e-02
2.818005296630037293e-01, 5.689686536163020003e-01, 7.284892041542319341e-02, 7.638189630527110474e-02
2.812149421341869626e-01, 5.695657361516489603e-01, 7.285386324160864069e-02, 7.636545847255550579e-02
2.806302659838863511e-01, 5.701594676500405523e-01, 7.285997350213398172e-02, 7.635029286393904546e-02
2.800465128643512824e-01, 5.707498352077674530e-01, 7.286725199926426255e-02, 7.633639992861691870e-02
2.794636943895628667e-01, 5.713368259608151423e-01, 7.287569953459743788e-02, 7.632378011502437276e-02
2.788818221350718995e-01, 5.719204270850112293e-01, 7.288531690906532856e-02, 7.631243387085162588e-02
2.783009076378404334e-01, 5.725006257961697820e-01, 7.289610492293309429e-02, 7.630236164305678748e-02
2.777209623960839036e-01, 5.730774093502410960e-01, 7.290806437579726296e-02, 7.629356387787768201e-02
2.771419978691167518e-01, 5.736507650434585770e-01, 7.292119606658271913e-02, 7.628604102084192429e-02
