7.427709391583242615e-02, 3.849404814216453863e-01, 4.732753572054287372e-01, 6.750706745709353362e-02
7.440246656320868845e-02, 3.851522889270687089e-01, 4.728265300391261694e-01, 6.761871447059643325e-02
7.452893854277317653e-02, 3.853628656137054187e-01, 4.723766625046941781e-01, 6.773153333882717120e-02
7.465650899884708480e-02, 3.855722055810935078e-01, 4.719257613668729201e-01, 6.784552405318659829e-02
7.478517706998627501e-02, 3.857803029392982697e-01, 4.714738333886634436e-01, 6.796068660205199785e-02
7.491494188884975647e-02, 3.859871518091460563e-01, 4.710208853313849753e-01, 6.807702097061917035e-02
7.504580258206762500e-02, 3.861927463224565926e-01, 4.705669239547320970e-01, 6.819452714074374089e-02
7.517775827010990397e-02, 3.863970806222786769e-01, 4.701119560168290912e-01, 6.831320509078241121e-02
7.531080806715438614e-02, 3.866001488631273242e-01, 4.696559882742846748e-01, 6.843305479543371206e-02
7.544495108095530811e-02, 3.868019452112220757e-01, 4.691990274822445128e-01, 6.855407622557802005e-02
7.558018641271187221e-02, 3.870024638447273624e-01, 4.687410803944428439e-01, 6.867626934811796313e-02
7.571651315693662954e-02, 3.872016989539936449e-01, 4.682821537632521625e-01, 6.879963412581763249e-02
7.585393040132404341e-02, 3.873996447418012190e-01, 4.678222543397325683e-01, 6.892417051714211373e-02
7.599243722661971900e-02, 3.875962954236047420e-01, 4.673613888736791178e-01, 6.904987847609639351e-02
7.613203270648867538e-02, 3.877916452277791470e-01, 4.668995641136679531e-01, 6.917675795206411349e-02
7.627271590738485263e-02, 3.879856883958681113e-01, 4.664367868071012113e-01, 6.930480888964576924e-02
7.641448588842011946e-02, 3.881784191828326902e-01, 4.659730637002501008e-01, 6.943403122849710341e-02
7.655734170123365545e-02, 3.883698318573019503e-01, 4.655084015382975338e-01, 6.956442490316674943e-02
7.670128238986176350e-02, 3.885599207018256562e-01, 4.650428070653782608e-01, 6.969598984293415289e-02
7.684630699060743253e-02, 3.887486800131276232e-01, 4.645762870246181730e-01, 6.982872597164684059e-02
7.699241453191058016e-02, 3.889361041023596810e-01, 4.641088481581720493e-01, 6.996263320755777282e-02
7.713960403421821210e-02, 3.891221872953594674e-01, 4.636404972072599162e-01, 7.009771146316240431e-02
7.728787450985516450e-02, 3.893069239329075559e-01, 4.631712409122017426e-01, 7.023396064503557856e-02
7.743722496289487389e-02, 3.894903083709858049e-01, 4.627010860124509684e-01, 7.037138065366829731e-02
7.758765438903063305e-02, 3.896723349810384818e-01, 4.622300392466263674e-01, 7.050997138330444836e-02
7.773916177544711037e-02, 3.898529981502339425e-01, 4.617581073525416357e-01, 7.064973272177733910e-02
7.789174610069199423e-02, 3.900322922817265892e-01, 4.612852970672352004e-01, 7.079066455034609129e-02
7.804540633454853937e-02, 3.902102117949221016e-01, 4.608116151269971983e-01, 7.093276674353206357e-02
7.820014143790783578e-02, 3.903867511257423928e-01, 4.603370682673946224e-01, 7.107603916895513518e-02
7.835595036264195179e-02, 3.905619047268919508e-01, 4.598616632232960799e-01, 7.122048168717003136e-02
7.851283205147732702e-02, 3.907356670681258470e-01, 4.593854067288941634e-01, 7.136609415150260705e-02
7.867078543786860945e-02, 3.909080326365190761e-01, 4.589083055177262671e-01, 7.151287640788604738e-02
7.882980944587268668e-02, 3.910789959367357849e-01, 4.584303663226942938e-01, 7.166082829469724857e-02
7.898990299002373039e-02, 3.912485514913011664e-01, 4.579515958760821404e-01, 7.180994964259294899e-02
7.915106497520817130e-02, 3.914166938408736862e-01, 4.574720009095720186e-01, 7.196024027434620718e-02
7.931329429654053464e-02, 3.915834175445179199e-01, 4.569915881542587210e-01, 7.211170000468283825e-02
7.947658983923963638e-02, 3.917487171799795553e-01, 4.565103643406628886e-01, 7.226432864011782253e-02
7.964095047850523745e-02, 3.919125873439606722e-01, 4.560283361987420014e-01, 7.241812597879206115e-02
7.980637507939539188e-02, 3.920750226523959103e-01, 4.555455104578997050e-01, 7.257309181030896506e-02
7.997286249670436387e-02, 3.922360177407300252e-01, 4.550618938469942476e-01, 7.272922591557130778e-02
8.014041157484107225e-02, 3.923955672641963321e-01, 4.545774930943440872e-01, 7.288652806661848060e-02
8.030902114770797906e-02, 3.925536658980957605e-01, 4.540923149277329429e-01, 7.304499802646340079e-02
8.047869003858100501e-02, 3.927103083380770743e-01, 4.536063660744119042e-01, 7.320463554893003044e-02
8.064941705998963928e-02, 3.928654893004179804e-01, 4.531196532611014294e-01, 7.336544037849107580e-02
8.082120101359789588e-02, 3.930192035223065150e-01, 4.526321832139899026e-01, 7.352741225010567261e-02
8.099404069008611651e-02, 3.931714457621245939e-01, 4.521439626587318017e-01, 7.369055088905751560e-02
8.116793486903303712e-02, 3.933222107997303429e-01, 4.516549983204434238e-01, 7.385485601079315454e-02
8.134288231879890918e-02, 3.934714934367431471e-01, 4.511652969236970567e-01, 7.402032732076076205e-02
8.151888179640935650e-02, 3.936192884968280903e-01, 4.506748651925135407e-01, 7.418696451424897087e-02
8.169593204743957893e-02, 3.937655908259818927e-01, 4.501837098503525536e-01, 7.435476727622603033e-02
8.187403180589972185e-02, 3.939103952928184604e-01, 4.496918376201022860e-01, 7.452373528117955948e-02
8.205317979412088403e-02, 3.940536967888572661e-01, 4.491992552240656189e-01, 7.469386819295636970e-02
8.223337472264184711e-02, 3.941954902288090645e-01, 4.487059693839461350e-01, 7.486516566460287014e-02
8.241461529009663778e-02, 3.943357705508657163e-01, 4.482119868208320757e-01, 7.503762733820573683e-02
8.259690018310306137e-02, 3.944745327169870697e-01, 4.477173142551767460e-01, 7.521125284473303974e-02
8.278022807615174894e-02, 3.946117717131922276e-01, 4.472219584067800846e-01, 7.538604180387582787e-02
8.296459763149638400e-02, 3.947474825498474282e-01, 4.467259259947662375e-01, 7.556199382389007513e-02
8.315000749904453980e-02, 3.948816602619567018e-01, 4.462292237375595216e-01, 7.573910850143918128e-02
8.333645631624973793e-02, 3.950142999094535257e-01, 4.457318583528599443e-01, 7.591738542143693091e-02
8.352394270800403420e-02, 3.951453965774898158e-01, 4.452338365576152257e-01, 7.609682415689099366e-02
8.371246528653168706e-02, 3.952749453767291921e-01, 4.447351650679923218e-01, 7.627742426874688231e-02
8.390202265128390846e-02, 3.954029414436373013e-01, 4.442358505993463935e-01, 7.645918530573241056e-02
8.409261338883430859e-02, 3.955293799407746946e-01, 4.437358998661882215e-01, 7.664210680420294186e-02
8.428423607277539531e-02, 3.956542560570882605e-01, 4.432353195821495673e-01, 7.682618828798677690e-02
8.447688926361628103e-02, 3.957775650082046015e-01, 4.427341164599472578e-01, 7.701142926823177637e-02
8.467057150868104176e-02, 3.958993020367220783e-01, 4.422322972113447714e-01, 7.719782924325199747e-02
8.486528134200817253e-02, 3.960194624125040752e-01, 4.417298685471124919e-01, 7.738538769837526032e-02
8.506101728425145836e-02, 3.961380414329715438e-01, 4.412268371769856867e-01, 7.757410410579132498e-02
8.525777784258120606e-02, 3.962550344233968791e-01, 4.407232098096212081e-01, 7.776397792440072065e-02
8.545556151058734951e-02, 3.963704367371965187e-01, 4.402189931525519184e-01, 7.795500859966422724e-02
8.565436676818288797e-02, 3.964842437562243749e-01, 4.397141939121395615e-01, 7.814719556345327278e-02
8.585419208150872616e-02, 3.965964508910653219e-01, 4.392088187935253019e-01, 7.834053823390070559e-02
8.605503590283999915e-02, 3.967070535813279619e-01, 4.387028745005793207e-01, 7.853503601525262112e-02
8.625689667049281362e-02, 3.968160472959383900e-01, 4.381963677358478026e-01, 7.873068829772079946e-02
8.645977280873258508e-02, 3.969234275334329598e-01, 4.376893052004984797e-01, 7.892749445733596159e-02
8.666366272768363799e-02, 3.970291898222509941e-01, 4.371816935942636762e-01, 7.912545385580174728e-02
8.686856482323931927e-02, 3.971333297210281055e-01, 4.366735396153826332e-01, 7.932456584034976166e-02
8.707447747697434626e-02, 3.972358428188885737e-01, 4.361648499605417229e-01, 7.952482974359524615e-02
8.728139905605732107e-02, 3.973367247357378340e-01, 4.356556313248113876e-01, 7.972624488339349891e-02
8.748932791316504920e-02, 3.974359711225539660e-01, 4.351458904015836349e-01, 7.992881056269743323e-02
8.769826238639795435e-02, 3.975335776616804040e-01, 4.346356338825057009e-01, 8.013252606941595468e-02
8.790820079919688113e-02, 3.976295400671168156e-01, 4.341248684574131045e-01, 8.033739067627315711e-02
8.811914146026077199e-02, 3.977238540848105353e-01, 4.336136008142603138e-01, 8.054340364066847613e-02
8.833108266346594017e-02, 3.978165154929465541e-01, 4.331018376390493585e-01, 8.075056420453795292e-02
8.854402268778681362e-02, 3.979075201022390651e-01, 4.325895856157580543e-01, 8.095887159421621959e-02
8.875795979721719242e-02, 3.979968637562193989e-01, 4.320768514262638971e-01, 8.116832502029937280e-02
8.897289224069403202e-02, 3.980845423315270692e-01, 4.315636417502693445e-01, 8.137892367750955425e-02
8.918881825202133740e-02, 3.981705517381969872e-01, 4.310499632652219915e-01, 8.159066674455965618e-02
8.940573604979623612e-02, 3.982548879199486191e-01, 4.305358226462355775e-01, 8.180355338401949783e-02
8.962364383733613382e-02, 3.983375468544726461e-01, 4.300212265660079414e-01, 8.201758274218330647e-02
8.984253980260702155e-02, 3.984185245537181785e-01, 4.295061816947371991e-01, 8.223275394893757306e-02
9.006242211815376764e-02, 3.984978170641788053e-01, 4.289906947000367010e-01, 8.244906611763073989e-02
9.028328894103107571e-02, 3.985754204671776435e-01, 4.284747722468478237e-01, 8.266651834494352646e-02
9.050513841273649662e-02, 3.986513308791521659e-01, 4.279584209973507636e-01, 8.288510971076060163e-02
9.072796865914431463e-02, 3.987255444519381964e-01, 4.274416476108743312e-01, 8.310483927804317161e-02
9.095177779044150146e-02, 3.987980573730517952e-01, 4.269244587438033589e-01, 8.332570609270317785e-02
9.117656390106448905e-02, 3.988688658659725328e-01, 4.264068610494847755e-01, 8.354770918347814712e-02
9.140232506963769099e-02, 3.989379661904238206e-01, 4.258888611781309064e-01, 8.377084756180745717e-02
9.162905935891382803e-02, 3.990053546426529651e-01, 4.253704657767231057e-01, 8.399512022171003178e-02
9.185676481571504459e-02, 3.990710275557107223e-01, 4.248516814889112259e-01, 8.422052613966291013e-02
9.208543947087603765e-02, 3.991349812997289082e-01, 4.243325149549136976e-01, 8.444706427448130104e-02
9.231508133918869818e-02, 3.991972122821976776e-01, 4.238129728114137795e-01, 8.467473356719983080e-02
9.254568841934804335e-02, 3.992577169482413035e-01, 4.232930616914556410e-01, 8.490353294095503989e-02
9.277725869389964741e-02, 3.993164917808928460e-01, 4.227727882243384472e-01, 8.513346130086918429e-02
9.300979012918912658e-02, 3.993735333013677113e-01, 4.222521590355077792e-01, 8.536451753393545228e-02
9.324328067531251207e-02, 3.994288380693358786e-01, 4.217311807464471096e-01, 8.559670050890448578e-02
9.347772826606866314e-02, 3.994824026831931829e-01, 4.212098599745661143e-01, 8.583000907617209518e-02
9.371313081891310959e-02, 3.995342237803304886e-01, 4.206882033330879844e-01, 8.606444206766845906e-02
9.394948623491346240e-02, 3.995842980374025299e-01, 4.201662174309352404e-01, 8.629999829674885048e-02
9.418679239870640651e-02, 3.996326221705950310e-01, 4.196439088726132138e-01, 8.653667655808537640e-02
9.442504717845658091e-02, 3.996791929358894935e-01, 4.191212842580931963e-01, 8.677447562756064603e-02
9.466424842581663834e-02, 3.997240071293281516e-01, 4.185983501826926467e-01, 8.701339426216242456e-02
9.490439397588927573e-02, 3.997670615872761513e-01, 4.180751132369547318e-01, 8.725343119987981344e-02
9.514548164719086043e-02, 3.998083531866826745e-01, 4.175515800065251470e-01, 8.749458515960127636e-02
9.538750924161652767e-02, 3.998478788453402877e-01, 4.170277570720294369e-01, 8.773685484101360899e-02
9.563047454440723461e-02, 3.998856355221433456e-01, 4.165036510089465960e-01, 8.798023892450267114e-02
9.587437532411829944e-02, 3.999216202173436208e-01, 4.159792683874821706e-01, 8.822473607105571491e-02
9.611920933258955024e-02, 3.999558299728053212e-01, 4.154546157724400834e-01, 8.847034492216496182e-02
9.636497430491737515e-02, 3.999882618722574446e-01, 4.149296997230921269e-01, 8.871706409973301177e-02
9.661166795942841001e-02, 4.000189130415454652e-01, 4.144045267930464571e-01, 8.896489220597969538e-02
9.685928799765484987e-02, 4.000477806488798027e-01, 4.138791035301150889e-01, 8.921382782335023076e-02
9.710783210431160606e-02, 4.000748619050840671e-01, 4.133534364761786706e-01, 8.946386951442554525e-02
9.735729794727501774e-02, 4.001001540638401965e-01, 4.128275321670511477e-01, 8.971501582183362411e-02
9.760768317756345069e-02, 4.001236544219319846e-01, 4.123013971323419846e-01, 8.996726526816270497e-02
9.785898542931960320e-02, 4.001453603194868869e-01, 4.117750378953173862e-01, 9.022061635587615147e-02
9.811120231979467143e-02, 4.001652691402161066e-01, 4.112484609727602436e-01, 9.047506756722906163e-02
9.836433144933387496e-02, 4.001833783116514054e-01, 4.107216728748287471e-01, 9.073061736418600032e-02
9.861837040136435528e-02, 4.001996853053816361e-01, 4.101946801049127789e-01, 9.098726418834114649e-02
9.887331674238428181e-02, 4.002141876372856677e-01, 4.096674891594904167e-01, 9.124500646083961997e-02
9.912916802195397004e-02, 4.002268828677640888e-01, 4.091401065279814953e-01, 9.150384258230043200e-02
9.938592177268905370e-02, 4.002377686019680803e-01, 4.086125386926011127e-01, 9.176377093274175334e-02
9.964357551025494752e-02, 4.002468424900267330e-01, 4.080847921282112489e-01, 9.202478987150711220e-02
9.990212673336325289e-02, 4.002541022272718685e-01, 4.075568733021709411e-01, 9.228689773719392364e-02
1.001615729237704949e-01, 4.002595455544599723e-01, 4.070287886741860706e-01, 9.255009284758343446e-02
1.004219115462777756e-01, 4.002631702579927953e-01, 4.065005446961566515e-01, 9.281437349957265270e-02
1.006831400487328831e-01, 4.002649741701358455e-01, 4.059721478120236204e-01, 9.307973796910776199e-02
1.009452558620340945e-01, 4.002649551692317176e-01, 4.054436044576146259e-01, 9.334618451111967308e-02
1.012082564001355739e-01, 4.002631111799153651e-01, 4.049149210604879312e-01, 9.361371135946099098e-02
1.014721390600551165e-01, 4.002594401733237106e-01, 4.043861040397760953e-01, 9.388231672684517470e-02
1.017369012218829333e-01, 4.002539401673033126e-01, 4.038571598060267109e-01, 9.415199880478711258e-02
1.020025402487929056e-01, 4.002466092266163122e-01, 4.033280947610448086e-01, 9.442275576354593192e-02
1.022690534870556583e-01, 4.002374454631436040e-01, 4.027989152977314857e-01, 9.469458575206921025e-02
1.025364382660532148e-01, 4.002264470360847870e-01, 4.022696277999225356e-01, 9.496748689793951814e-02
1.028046918982952890e-01, 4.002136121521560064e-01, 4.017402386422263549e-01, 9.524145730732236359e-02
1.030738116794383263e-01, 4.001989390657850199e-01, 4.012107541898603524e-01, 9.551649506491632913e-02
1.033437948883053348e-01, 4.001824260793037102e-01, 4.006811807984860807e-01, 9.579259823390488815e-02
1.036146387869081031e-01, 4.001640715431376005e-01, 4.001515248140441461e-01, 9.606976485591027515e-02
1.038863406204715567e-01, 4.001438738559925379e-01, 3.996217925725867315e-01, 9.634799295094903515e-02
1.041588976174592368e-01, 4.001218314650394903e-01, 3.990919904001113960e-01, 9.662728051739000179e-02
1.044323069896011813e-01, 4.000979428660945136e-01, 3.985621246123912109e-01, 9.690762553191316353e-02
1.047065659319236924e-01, 4.000722066037983859e-01, 3.980322015148061721e-01, 9.718902594947161078e-02
1.049816716227806174e-01, 4.000446212717917449e-01, 3.975022274021728919e-01, 9.747147970325488464e-02
1.052576212238866826e-01, 4.000151855128869505e-01, 3.969722085585725702e-01, 9.775498470465392165e-02
1.055344118803528686e-01, 3.999838980192386706e-01, 3.964421512571797979e-01, 9.803953884322873236e-02
1.058120407207233105e-01, 3.999507575325098041e-01, 3.959120617600893621e-01, 9.832513998667746780e-02
1.060905048570142950e-01, 3.999157628440357937e-01, 3.953819463181423854e-01, 9.861178598080752589e-02
1.063698013847551443e-01, 3.998789127949843314e-01, 3.948518111707518541e-01, 9.889947464950879508e-02
1.066499273830307237e-01, 3.998402062765131215e-01, 3.943216625457272584e-01, 9.918820379472884086e-02
1.069308799145261557e-01, 3.997996422299249231e-01, 3.937915066590988444e-01, 9.947797119644993802e-02
1.072126560255731720e-01, 3.997572196468177630e-01, 3.932613497149407000e-01, 9.976877461266843439e-02
1.074952527461982554e-01, 3.997129375692335396e-01, 3.927311979051927304e-01, 1.000606117793755023e-01
1.077786670901729749e-01, 3.996667950898029065e-01, 3.922010574094834667e-01, 1.003534804105405825e-01
1.080628960550659018e-01, 3.996187913518868262e-01, 3.916709343949508759e-01, 1.006473781980965071e-01
1.083479366222963869e-01, 3.995689255497146819e-01, 3.911408350160624492e-01, 1.009423028119264543e-01
1.086337857571903626e-01, 3.995171969285201685e-01, 3.906107654144361785e-01, 1.012382518998533876e-01
1.089204404090378803e-01, 3.994636047846720217e-01, 3.900807317186588685e-01, 1.015352230876312434e-01
1.092078975111525491e-01, 3.994081484658034142e-01, 3.895507400441058921e-01, 1.018332139789380197e-01
1.094961539809328477e-01, 3.993508273709369116e-01, 3.890207964927591133e-01, 1.021322221553712384e-01
1.097852067199250464e-01, 3.992916409506055420e-01, 3.884909071530242008e-01, 1.024322451764452246e-01
1.100750526138883356e-01, 3.992305887069719228e-01, 3.879610780995492170e-01, 1.027332805795904830e-01
1.103656885328616888e-01, 3.991676701939427252e-01, 3.874313153930404319e-01, 1.030353258801551264e-01
1.106571113312322524e-01, 3.991028850172803066e-01, 3.869016250800789702e-01, 1.033383785714084985e-01
1.109493178478058173e-01, 3.990362328347105692e-01, 3.863720131929371249e-01, 1.036424361245464748e-01
1.112423049058795937e-01, 3.989677133560274314e-01, 3.858424857493938376e-01, 1.039474959886992622e-01
1.115360693133154724e-01, 3.988973263431933591e-01, 3.853130487525502357e-01, 1.042535555909409606e-01
1.118306078626166850e-01, 3.988250716104377869e-01, 3.847837081906441692e-01, 1.045606123363014422e-01
1.121259173310051316e-01, 3.987509490243495436e-01, 3.842544700368654143e-01, 1.048686636077798690e-01
1.124219944805009974e-01, 3.986749585039680022e-01, 3.837253402491699328e-01, 1.051777067663609982e-01
1.127188360580040766e-01, 3.985971000208694548e-01, 3.831963247700937991e-01, 1.054877391510326140e-01
1.130164387953769695e-01, 3.985173735992497135e-01, 3.826674295265675152e-01, 1.057987580788058712e-01
1.133147994095298206e-01, 3.984357793160036021e-01, 3.821386604297292711e-01, 1.061107608447372924e-01
1.136139146025070545e-01, 3.983523173008008400e-01, 3.816100233747392600e-01, 1.064237447219528454e-01
1.139137810615759999e-01, 3.982669877361573185e-01, 3.810815242405923287e-01, 1.067377069616742696e-01
1.142143954593167338e-01, 3.981797908575039346e-01, 3.805531688899320142e-01, 1.070526447932474562e-01
1.145157544537143413e-01, 3.980907269532502624e-01, 3.800249631688631391e-01, 1.073685554241723128e-01
1.148178546882525214e-01, 3.979997963648461146e-01, 3.794969129067653490e-01, 1.076854360401360150e-01
1.151206927920090384e-01, 3.979069994868379423e-01, 3.789690239161063179e-01, 1.080032838050467570e-01
1.154242653797528523e-01, 3.978123367669219035e-01, 3.784413019922546195e-01, 1.083220958610707496e-01
1.157285690520430538e-01, 3.977158087059934344e-01, 3.779137529132928219e-01, 1.086418693286707593e-01
1.160336003953295475e-01, 3.976174158581925466e-01, 3.773863824398311917e-01, 1.089626013066467836e-01
1.163393559820550954e-01, 3.975171588309456827e-01, 3.768591963148203439e-01, 1.092842888721788086e-01
1.166458323707597888e-01, 3.974150382850035745e-01, 3.763322002633648355e-01, 1.096069290808718844e-01
1.169530261061861032e-01, 3.973110549344746611e-01, 3.758053999925367039e-01, 1.099305189668025040e-01
1.172609337193868395e-01, 3.972052095468560640e-01, 3.752788011911888932e-01, 1.102550555425680784e-01
1.175695517278338847e-01, 3.970975029430587888e-01, 3.747524095297696256e-01, 1.105805357993377563e-01
1.178788766355286510e-01, 3.969879359974308186e-01, 3.742262306601352728e-01, 1.109069567069052298e-01
1.181889049331149855e-01, 3.968765096377747659e-01, 3.737002702153660039e-01, 1.112343152137441893e-01
1.184996330979924406e-01, 3.967632248453630828e-01, 3.731745338095792119e-01, 1.115626082470652231e-01
1.188110575944323205e-01, 3.966480826549478866e-01, 3.726490270377447178e-01, 1.118918327128751028e-01
1.191231748736945456e-01, 3.965310841547676768e-01, 3.721237554754998622e-01, 1.122219854960378876e-01
1.194359813741465992e-01, 3.964122304865502211e-01, 3.715987246789650422e-01, 1.125530634603382485e-01
1.197494735213836953e-01, 3.962915228455105576e-01, 3.710739401845591923e-01, 1.128850634485465548e-01
1.200636477283508752e-01, 3.961689624803464427e-01, 3.705494075088163752e-01, 1.132179822824862792e-01
1.203785003954663674e-01, 3.960445506932282478e-01, 3.700251321482020961e-01, 1.135518167631033443e-01
1.206940279107464181e-01, 3.959182888397861366e-01, 3.695011195789305591e-01, 1.138865636705369694e-01
1.210102266499322177e-01, 3.957901783290923570e-01, 3.689773752567819809e-01, 1.142222197641935139e-01
1.213270929766175482e-01, 3.956602206236400909e-01, 3.684539046169210685e-01, 1.145587817828212229e-01
1.216446232423786522e-01, 3.955284172393183084e-01, 3.679307130737151654e-01, 1.148962464445878462e-01
1.219628137869051138e-01, 3.953947697453819576e-01, 3.674078060205533958e-01, 1.152346104471595190e-01
1.222816609381323777e-01, 3.952592797644185474e-01, 3.668851888296668085e-01, 1.155738704677821693e-01
1.226011610123757256e-01, 3.951219489723115652e-01, 3.663628668519481324e-01, 1.159140231633645074e-01
1.229213103144657926e-01, 3.949827790981977338e-01, 3.658408454167731971e-01, 1.162550651705633181e-01
1.232421051378852772e-01, 3.948417719244226576e-01, 3.653191298318220204e-01, 1.165969931058700726e-01
1.235635417649073448e-01, 3.946989292864906407e-01, 3.647977253829016719e-01, 1.169398035657003149e-01
1.238856164667352794e-01, 3.945542530730113961e-01, 3.642766373337690267e-01, 1.172834931264842701e-01
1.242083255036433576e-01, 3.944077452256425920e-01, 3.637558709259542389e-01, 1.176280583447597144e-01
1.245316651251194978e-01, 3.942594077390279561e-01, 3.632354313785859379e-01, 1.179734957572666776e-01
1.248556315700089098e-01, 3.941092426607314958e-01, 3.627153238882155906e-01, 1.183198018810440316e-01
1.251802210666591586e-01, 3.939572520911684417e-01, 3.621955536286445843e-01, 1.186669732135278710e-01
1.255054298330668394e-01, 3.938034381835308073e-01, 3.616761257507504768e-01, 1.190150062326519043e-01
1.258312540770249732e-01, 3.936478031437100622e-01, 3.611570453823153004e-01, 1.193638973969496780e-01
1.261576899962722209e-01, 3.934903492302152528e-01, 3.606383176278539215e-01, 1.197136431456586880e-01
1.264847337786431936e-01, 3.933310787540870712e-01, 3.601199475684438434e-01, 1.200642398988259474e-01
1.268123816022198036e-01, 3.931699940788082048e-01, 3.596019402615557858e-01, 1.204156840574161502e-01
1.271406296354842536e-01, 3.930070976202092448e-01, 3.590843007408854870e-01, 1.207679720034208759e-01
1.274694740374729962e-01, 3.928423918463712083e-01, 3.585670340161858372e-01, 1.211211000999700277e-01
1.277989109579316385e-01, 3.926758792775231210e-01, 3.580501450731004009e-01, 1.214750646914447701e-01
1.281289365374717049e-01, 3.925075624859367118e-01, 3.575336388729987158e-01, 1.218298621035928953e-01
1.284595469077279284e-01, 3.923374440958161125e-01, 3.570175203528111463e-01, 1.221854886436448129e-01
1.287907381915169847e-01, 3.921655267831842817e-01, 3.565017944248661252e-01, 1.225419406004326084e-01
1.291225065029971975e-01, 3.919918132757650442e-01, 3.559864659767281170e-01, 1.228992142445096553e-01
1.294548479478297154e-01, 3.918163063528614098e-01, 3.554715398710361351e-01, 1.232573058282727535e-01
1.297877586233401603e-01, 3.916390088452295082e-01, 3.549570209453447589e-01, 1.236162115860857114e-01
1.301212346186818580e-01, 3.914599236349493028e-01, 3.544429140119644828e-01, 1.239759277344043564e-01
1.304552720150000400e-01, 3.912790536552907539e-01, 3.539292238578052863e-01, 1.243364504719039337e-01
1.307898668855966284e-01, 3.910964018905762063e-01, 3.534159552442200369e-01, 1.246977759796071977e-01
1.311250152960968807e-01, 3.909119713760387804e-01, 3.529031129068494477e-01, 1.250599004210149467e-01
1.314607133046161724e-01, 3.907257651976773771e-01, 3.523907015554684219e-01, 1.254228199422379175e-01
1.317969569619281689e-01, 3.905377864921071307e-01, 3.518787258738344526e-01, 1.257865306721302756e-01
1.321337423116338283e-01, 3.903480384464061426e-01, 3.513671905195355771e-01, 1.261510287224244520e-01
1.324710653903317104e-01, 3.901565242979585513e-01, 3.508561001238413302e-01, 1.265163101878683805e-01
1.328089222277883119e-01, 3.899632473342938832e-01, 3.503454592915546395e-01, 1.268823711463631099e-01
1.331473088471104294e-01, 3.897682108929219624e-01, 3.498352726008644442e-01, 1.272492076591031640e-01
1.334862212649174096e-01, 3.895714183611647119e-01, 3.493255446032003109e-01, 1.276168157707175677e-01
1.338256554915147889e-01, 3.893728731759836803e-01, 3.488162798230887707e-01, 1.279851915094128156e-01
1.341656075310685980e-01, 3.891725788238036832e-01, 3.483074827580105448e-01, 1.283543308871170907e-01
1.345060733817805831e-01, 3.889705388403336683e-01, 3.477991578782591575e-01, 1.287242298996265910e-01
1.348470490360638985e-01, 3.887667568103823079e-01, 3.472913096268017696e-01, 1.290948845267521350e-01
1.351885304807199928e-01, 3.885612363676707592e-01, 3.467839424191409003e-01, 1.294662907324683754e-01
1.355305136971159397e-01, 3.883539811946423170e-01, 3.462770606431777587e-01, 1.298384444650640124e-01
1.358729946613625172e-01, 3.881449950222666256e-01, 3.457706686590776290e-01, 1.302113416572931448e-01
1.362159693444932873e-01, 3.879342816298421703e-01, 3.452647707991360337e-01, 1.305849782265285086e-01
1.365594337126436741e-01, 3.877218448447934396e-01, 3.447593713676472271e-01, 1.309593500749156592e-01
1.369033837272314591e-01, 3.875076885424658668e-01, 3.442544746407738554e-01, 1.313344530895287354e-01
1.372478153451376914e-01, 3.872918166459161649e-01, 3.437500848664185038e-01, 1.317102831425276399e-01
1.375927245188875991e-01, 3.870742331256993296e-01, 3.432462062640968536e-01, 1.320868360913163286e-01
1.379381071968329708e-01, 3.868549419996524241e-01, 3.427428430248121716e-01, 1.324641077787024057e-01
1.382839593233348152e-01, 3.866339473326749210e-01, 3.422399993109321858e-01, 1.328420940330581335e-01
1.386302768389460760e-01, 3.864112532365043817e-01, 3.417376792560668508e-01, 1.332207906684827747e-01
1.389770556805955126e-01, 3.861868638694900269e-01, 3.412358869649486648e-01, 1.336001934849657957e-01
1.393242917817718862e-01, 3.859607834363623091e-01, 3.407346265133140983e-01, 1.339802982685517063e-01
1.396719810727083400e-01, 3.857330161879988228e-01, 3.402339019477870208e-01, 1.343611007915058719e-01
1.400201194805676119e-01, 3.855035664211871049e-01, 3.397337172857638476e-01, 1.347425968124814633e-01
1.403687029296276367e-01, 3.852724384783838829e-01, 3.392340765153007420e-01, 1.351247820766877938e-01
1.407177273414670915e-01, 3.850396367474712145e-01, 3.387349835950020926e-01, 1.355076523160595181e-01
1.410671886351521076e-01, 3.848051656615090188e-01, 3.382364424539117675e-01, 1.358912032494271893e-01
1.414170827274225661e-01, 3.845690296984843326e-01, 3.377384569914044232e-01, 1.362754305826885670e-01
1.417674055328794203e-01, 3.843312333810576242e-01, 3.372410310770813657e-01, 1.366603300089816175e-01
1.421181529641717123e-01, 3.840917812763052774e-01, 3.367441685506653015e-01, 1.370458972088576810e-01
1.424693209321843679e-01, 3.838506779954595216e-01, 3.362478732218994737e-01, 1.374321278504566368e-01
1.428209053462259626e-01, 3.836079281936446983e-01, 3.357521488704472423e-01, 1.378190175896821246e-01
1.431729021142171820e-01, 3.833635365696105857e-01, 3.352569992457937742e-01, 1.382065620703785136e-01
1.435253071428785887e-01, 3.831175078654624477e-01, 3.347624280671503416e-01, 1.385947569245085664e-01
1.438781163379197203e-01, 3.828698468663884746e-01, 3.342684390233598424e-01, 1.389835977723319071e-01
1.442313256042277447e-01, 3.826205584003833371e-01, 3.337750357728045958e-01, 1.393730802225844057e-01
1.445849308460560589e-01, 3.823696473379691874e-01, 3.332822219433159150e-01, 1.397631998726588110e-01
1.449389279672136654e-01, 3.821171185919143842e-01, 3.327900011320860663e-01, 1.401539523087858841e-01
1.452933128712543265e-01, 3.818629771169473885e-01, 3.322983769055817826e-01, 1.405453331062165023e-01
1.456480814616656627e-01, 3.816072279094697151e-01, 3.318073527994598870e-01, 1.409373378294047352e-01
1.460032296420584186e-01, 3.813498760072649429e-01, 3.313169323184851911e-01, 1.413299620321914196e-01
1.463587533163561438e-01, 3.810909264892048953e-01, 3.308271189364500042e-01, 1.417232012579888734e-01
1.467146483889843200e-01, 3.808303844749533762e-01, 3.303379160960961403e-01, 1.421170510399661358e-01
1.470709107650596814e-01, 3.805682551246668543e-01, 3.298493272090386452e-01, 1.425115069012348745e-01
1.474275363505799519e-01, 3.803045436386924272e-01, 3.293613556556912458e-01, 1.429065643550363474e-01
1.477845210526128605e-01, 3.800392552572630089e-01, 3.288740047851952952e-01, 1.433022189049287798e-01
1.481418607794853515e-01, 3.797723952601903541e-01, 3.283872779153487742e-01, 1.436984660449755202e-01
1.484995514409730155e-01, 3.795039689665544724e-01, 3.279011783325389007e-01, 1.440953012599336391e-01
1.488575889484889947e-01, 3.792339817343911568e-01, 3.274157092916764045e-01, 1.444927200254435273e-01
1.492159692152728312e-01, 3.789624389603770127e-01, 3.269308740161314675e-01, 1.448907178082187719e-01
1.495746881565793995e-01, 3.786893460795114352e-01, 3.264466756976724948e-01, 1.452892900662366982e-01
1.499337416898673114e-01, 3.784147085647964759e-01, 3.259631174964066069e-01, 1.456884322489296613e-01
1.502931257349874039e-01, 3.781385319269138789e-01, 3.254802025407222410e-01, 1.460881397973764206e-01
1.506528362143709221e-01, 3.778608217139006187e-01, 3.249979339272338064e-01, 1.464884081444946251e-01
1.510128690532172302e-01, 3.775815835108207175e-01, 3.245163147207287824e-01, 1.468892327152332145e-01
1.513732201796818555e-01, 3.773008229394356206e-01, 3.240353479541170922e-01, 1.472906089267654872e-01
1.517338855250632834e-01, 3.770185456578721284e-01, 3.235550366283816981e-01, 1.476925321886829179e-01
1.520948610239903631e-01, 3.767347573602882194e-01, 3.230753837125325822e-01, 1.480949979031887798e-01
1.524561426146091025e-01, 3.764494637765359863e-01, 3.225963921435621717e-01, 1.484980014652927394e-01
1.528177262387685753e-01, 3.761626706718230739e-01, 3.221180648264029278e-01, 1.489015382630053952e-01
1.531796078422073826e-01, 3.758743838463718401e-01, 3.216404046338873779e-01, 1.493056036775335105e-01
1.535417833747388661e-01, 3.755846091350759086e-01, 3.211634144067100904e-01, 1.497101930834749961e-01
1.539042487904364598e-01, 3.752933524071558335e-01, 3.206870969533923699e-01, 1.501153018490152813e-01
1.542670000478182923e-01, 3.750006195658110997e-01, 3.202114550502480617e-01, 1.505209253361224631e-01
1.546300331100315117e-01, 3.747064165478719566e-01, 3.197364914413526327e-01, 1.509270589007438990e-01
1.549933439450360273e-01, 3.744107493234474227e-01, 3.192622088385139167e-01, 1.513336978930027443e-01
1.553569285257875299e-01, 3.741136238955728999e-01, 3.187886099212452473e-01, 1.517408376573942674e-01
1.557207828304207897e-01, 3.738150462998561241e-01, 3.183156973367403664e-01, 1.521484735329827198e-01
1.560849028424313167e-01, 3.735150226041188404e-01, 3.178434736998513310e-01, 1.525566008535985396e-01
1.564492845508570484e-01, 3.732135589080401439e-01, 3.173719415930677523e-01, 1.529652149480350554e-01
1.568139239504597882e-01, 3.729106613427956018e-01, 3.169011035664988096e-01, 1.533743111402458559e-01
1.571788170419049779e-01, 3.726063360706957650e-01, 3.164309621378570969e-01, 1.537838847495421879e-01
1.575439598319421652e-01, 3.723005892848225140e-01, 3.159615197924453001e-01, 1.541939310907899929e-01
1.579093483335836656e-01, 3.719934272086645732e-01, 3.154927789831439289e-01, 1.546044454746078323e-01
1.582749785662832809e-01, 3.716848560957505265e-01, 3.150247421304026019e-01, 1.550154232075634797e-01
1.586408465561140457e-01, 3.713748822292811114e-01, 3.145574116222328298e-01, 1.554268595923720409e-01
1.590069483359453084e-01, 3.710635119217594591e-01, 3.140907898142021870e-01, 1.558387499280929345e-01
1.593732799456190619e-01, 3.707507515146204469e-01, 3.136248790294330901e-01, 1.562510895103273734e-01
1.597398374321256365e-01, 3.704366073778583290e-01, 3.131596815586005778e-01, 1.566638736314154012e-01
1.601066168497785047e-01, 3.701210859096527583e-01, 3.126951996599353634e-01, 1.570770975806332903e-01
1.604736142603883642e-01, 3.698041935359946408e-01, 3.122314355592265001e-01, 1.574907566443904672e-01
1.608408257334364155e-01, 3.694859367103091596e-01, 3.117683914498283748e-01, 1.579048461064260778e-01
1.612082473462467802e-01, 3.691663219130789098e-01, 3.113060694926682026e-01, 1.583193612480062185e-01
1.615758751841580854e-01, 3.688453556514649789e-01, 3.108444718162566844e-01, 1.587342973481201958e-01
1.619437053406944382e-01, 3.685230444589280840e-01, 3.103836005167007195e-01, 1.591496496836767860e-01
1.623117339177349294e-01, 3.681993948948468764e-01, 3.099234576577177824e-01, 1.595654135297004395e-01
1.626799570256829697e-01, 3.678744135441367469e-01, 3.094640452706531875e-01, 1.599815841595271237e-01
1.630483707836341556e-01, 3.675481070168670206e-01, 3.090053653544991841e-01, 1.603981568449996120e-01
1.634169713195434692e-01, 3.672204819478774862e-01, 3.085474198759158293e-01, 1.608151268566632430e-01
1.637857547703915617e-01, 3.668915449963934816e-01, 3.080902107692546910e-01, 1.612324894639603767e-01
1.641547172823498713e-01, 3.665613028456404243e-01, 3.076337399365845493e-01, 1.616502399354252106e-01
1.645238550109449083e-01, 3.662297622024583976e-01, 3.071780092477185420e-01, 1.620683735388780966e-01
1.648931641212216803e-01, 3.658969297969140722e-01, 3.067230205402449172e-01, 1.624868855416192470e-01
1.652626407879056458e-01, 3.655628123819140152e-01, 3.062687756195581201e-01, 1.629057712106221911e-01
1.656322811955643071e-01, 3.652274167328153354e-01, 3.058152762588933204e-01, 1.633250258127269261e-01
1.660020815387671655e-01, 3.648907496470377709e-01, 3.053625241993627726e-01, 1.637446446148324852e-01
1.663720380222445117e-01, 3.645528179436728355e-01, 3.049105211499937851e-01, 1.641646228840887289e-01
1.667421468610464086e-01, 3.642136284630951848e-01, 3.044592687877697434e-01, 1.645849558880886632e-01
1.671124042806987064e-01, 3.638731880665707630e-01, 3.040087687576717990e-01, 1.650056388950587871e-01
1.674828065173593339e-01, 3.635315036358660046e-01, 3.035590226727244989e-01, 1.654266671740501349e-01
1.678533498179729244e-01, 3.631885820728569803e-01, 3.031100321140417497e-01, 1.658480359951283456e-01
1.682240304404244713e-01, 3.628444302991365999e-01, 3.026617986308761110e-01, 1.662697406295629288e-01
1.685948446536917333e-01, 3.624990552556229262e-01, 3.022143237406691441e-01, 1.666917763500161687e-01
1.689657887379964751e-01, 3.621524639021668768e-01, 3.017676089291049801e-01, 1.671141384307317235e-01
1.693368589849544303e-01, 3.618046632171591503e-01, 3.013216556501647769e-01, 1.675368221477217812e-01
1.697080516977245712e-01, 3.614556601971373184e-01, 3.008764653261836730e-01, 1.679598227789545206e-01
1.700793631911565185e-01, 3.611054618563929730e-01, 3.004320393479102957e-01, 1.683831356045402960e-01
1.704507897919369241e-01, 3.607540752265787076e-01, 2.999883790745673240e-01, 1.688067559069170442e-01
1.708223278387350774e-01, 3.604015073563144322e-01, 2.995454858339147153e-01, 1.692306789710358306e-01
1.711939736823465119e-01, 3.600477653107942988e-01, 2.991033609223148759e-01, 1.696549000845444799e-01
1.715657236858360024e-01, 3.596928561713935157e-01, 2.986620056047989413e-01, 1.700794145379713462e-01
1.719375742246789240e-01, 3.593367870352755511e-01, 2.982214211151371641e-01, 1.705042176249082775e-01
1.723095216869013901e-01, 3.589795650149980588e-01, 2.977816086559084696e-01, 1.709293046421920537e-01
1.726815624732191967e-01, 3.586211972381209701e-01, 2.973425693985737861e-01, 1.713546708900860194e-01
1.730536929971754068e-01, 3.582616908468130856e-01, 2.969043044835512624e-01, 1.717803116724602175e-01
1.734259096852764914e-01, 3.579010529974598342e-01, 2.964668150202926511e-01, 1.722062222969710510e-01
1.737982089771274441e-01, 3.575392908602711417e-01, 2.960301020873615796e-01, 1.726323980752398068e-01
1.741705873255652015e-01, 3.571764116188890781e-01, 2.955941667325150957e-01, 1.730588343230305970e-01
1.745430411967908713e-01, 3.568124224699965596e-01, 2.951590099727852134e-01, 1.734855263604272724e-01
1.749155670705007382e-01, 3.564473306229262173e-01, 2.947246327945634570e-01, 1.739124695120095321e-01
1.752881614400156607e-01, 3.560811432992694314e-01, 2.942910361536870689e-01, 1.743396591070279222e-01
1.756608208124090520e-01, 3.557138677324858667e-01, 2.938582209755271624e-01, 1.747670904795781133e-01
1.760335417086338061e-01, 3.553455111675140055e-01, 2.934261881550780937e-01, 1.751947589687740947e-01
1.764063206636476422e-01, 3.549760808603821260e-01, 2.929949385570493892e-01, 1.756226599189207871e-01
1.767791542265367000e-01, 3.546055840778190582e-01, 2.925644730159593920e-01, 1.760507886796848498e-01
1.771520389606382473e-01, 3.542340280968663269e-01, 2.921347923362300758e-01, 1.764791406062653500e-01
1.775249714436617776e-01, 3.538614202044912393e-01, 2.917058972922839666e-01, 1.769077110595630165e-01
1.778979482678083590e-01, 3.534877676971996396e-01, 2.912777886286434526e-01, 1.773364954063485766e-01
1.782709660398890394e-01, 3.531130778806502724e-01, 2.908504670600307040e-01, 1.777654890194298731e-01
1.786440213814415034e-01, 3.527373580692700350e-01, 2.904239332714701471e-01, 1.781946872778182867e-01
1.790171109288451468e-01, 3.523606155858690081e-01, 2.899981879183921585e-01, 1.786240855668937699e-01
1.793902313334350129e-01, 3.519828577612574283e-01, 2.895732316267388695e-01, 1.790536792785687725e-01
1.797633792616140369e-01, 3.516040919338630499e-01, 2.891490649930715251e-01, 1.794834638114515268e-01
1.801365513949637620e-01, 3.512243254493496170e-01, 2.887256885846788412e-01, 1.799134345710077520e-01
1.805097444303539467e-01, 3.508435656602362784e-01, 2.883031029396885270e-01, 1.803435869697212479e-01
1.808829550800498398e-01, 3.504618199255177258e-01, 2.878813085671786398e-01, 1.807739164272539056e-01
1.812561800718189842e-01, 3.500790956102854956e-01, 2.874603059472917166e-01, 1.812044183706037481e-01
1.816294161490358272e-01, 3.496954000853513822e-01, 2.870400955313503477e-01, 1.816350882342624706e-01
1.820026600707848607e-01, 3.493107407268696285e-01, 2.866206777419739726e-01, 1.820659214603715381e-01
1.823759086119626782e-01, 3.489251249159628365e-01, 2.862020529731972296e-01, 1.824969134988773389e-01
1.827491585633778115e-01, 3.485385600383473226e-01, 2.857842215905904704e-01, 1.829280598076843400e-01
1.831224067318497906e-01, 3.481510534839604709e-01, 2.853671839313812186e-01, 1.833593558528085199e-01
1.834956499403058716e-01, 3.477626126465891421e-01, 2.849509403045770717e-01, 1.837907971085279424e-01
1.838688850278772935e-01, 3.473732449234991360e-01, 2.845354909910903785e-01, 1.842223790575332476e-01
1.842421088499924808e-01, 3.469829577150665423e-01, 2.841208362438644719e-01, 1.846540971910764217e-01
1.846153182784701918e-01, 3.465917584244099237e-01, 2.837069762880014001e-01, 1.850859470091183456e-01
1.849885102016103899e-01, 3.461996544570240530e-01, 2.832939113208901571e-01, 1.855179240204754554e-01
1.853616815242832838e-01, 3.458066532204147614e-01, 2.828816415123376893e-01, 1.859500237429642655e-01
1.857348291680173680e-01, 3.454127621237362833e-01, 2.824701670047005120e-01, 1.863822417035457812e-01
1.861079500710858536e-01, 3.450179885774287136e-01, 2.820594879130178256e-01, 1.868145734384675793e-01
1.864810411885909625e-01, 3.446223399928577402e-01, 2.816496043251461301e-01, 1.872470144934051395e-01
1.868540994925473042e-01, 3.442258237819560418e-01, 2.812405163018947829e-01, 1.876795604236018711e-01
1.872271219719635615e-01, 3.438284473568654631e-01, 2.808322238771636670e-01, 1.881122067940073916e-01
1.876001056329218430e-01, 3.434302181295817435e-01, 2.804247270580813578e-01, 1.885449491794150834e-01
1.879730474986567867e-01, 3.430311435116005780e-01, 2.800180258251448451e-01, 1.889777831645979012e-01
1.883459446096318601e-01, 3.426312309135646217e-01, 2.796121201323606975e-01, 1.894107043444428207e-01
1.887187940236147721e-01, 3.422304877449134919e-01, 2.792070099073875045e-01, 1.898437083240841483e-01
1.890915928157512749e-01, 3.418289214135339371e-01, 2.788026950516792613e-01, 1.902767907190355268e-01
1.894643380786366071e-01, 3.414265393254134473e-01, 2.783991754406298647e-01, 1.907099471553199976e-01
1.898370269223866313e-01, 3.410233488842942529e-01, 2.779964509237194958e-01, 1.911431732695995644e-01
1.902096564747063345e-01, 3.406193574913297106e-01, 2.775945213246612253e-01, 1.915764647093026185e-01
1.905822238809573577e-01, 3.402145725447425773e-01, 2.771933864415497273e-01, 1.920098171327504211e-01
1.909547263042231657e-01, 3.398090014394846703e-01, 2.767930460470103271e-01, 1.924432262092818646e-01
1.913271609253738570e-01, 3.394026515668993604e-01, 2.763934998883494920e-01, 1.928766876193773461e-01
1.916995249431281967e-01, 3.389955303143847298e-01, 2.759947476877065986e-01, 1.933101970547804194e-01
1.920718155741147626e-01, 3.385876450650596170e-01, 2.755967891422065885e-01, 1.937437502186190041e-01
1.924440300529311476e-01, 3.381790031974313271e-01, 2.751996239241134568e-01, 1.941773428255241796e-01
1.928161656322018025e-01, 3.377696120850647854e-01, 2.748032516809850168e-01, 1.946109706017484509e-01
1.931882195826343240e-01, 3.373594790962548551e-01, 2.744076720358290533e-01, 1.950446292852819064e-01
1.935601891930738006e-01, 3.369486115936994319e-01, 2.740128845872593089e-01, 1.954783146259673754e-01
1.939320717705559916e-01, 3.365370169341758144e-01, 2.736188889096541899e-01, 1.959120223856139487e-01
1.943038646403588143e-01, 3.361247024682177398e-01, 2.732256845533145295e-01, 1.963457483381089996e-01
1.946755651460518322e-01, 3.357116755397954733e-01, 2.728332710446237375e-01, 1.967794882695288183e-01
1.950471706495451873e-01, 3.352979434859985064e-01, 2.724416478862081159e-01, 1.972132379782481071e-01
1.954186785311356200e-01, 3.348835136367186438e-01, 2.720508145570984526e-01, 1.976469932750472835e-01
1.957900861895520150e-01, 3.344683933143368648e-01, 2.716607705128921135e-01, 1.980807499832190621e-01
1.961613910419988116e-01, 3.340525898334118504e-01, 2.712715151859160234e-01, 1.985145039386732313e-01
1.965325905241982196e-01, 3.336361105003705085e-01, 2.708830479853914230e-01, 1.989482509900399321e-01
1.969036820904301599e-01, 3.332189626132005533e-01, 2.704953682975977935e-01, 1.993819869987715210e-01
1.972746632135717049e-01, 3.328011534611463040e-01, 2.701084754860389459e-01, 1.998157078392431008e-01
1.976455313851341877e-01, 3.323826903244054276e-01, 2.697223688916091100e-01, 2.002494093988512747e-01
1.980162841152988129e-01, 3.319635804738289009e-01, 2.693370478327603013e-01, 2.006830875781119017e-01
1.983869189329510174e-01, 3.315438311706231378e-01, 2.689525116056702414e-01, 2.011167382907556589e-01
1.987574333857133890e-01, 3.311234496660535043e-01, 2.685687594844105019e-01, 2.015503574638226880e-01
1.991278250399763083e-01, 3.307024432011517745e-01, 2.681857907211160352e-01, 2.019839410377559097e-01
1.994980914809279249e-01, 3.302808190064245308e-01, 2.678036045461554271e-01, 2.024174849664921449e-01
1.998682303125821902e-01, 3.298585843015645613e-01, 2.674222001683009831e-01, 2.028509852175522099e-01
2.002382391578053089e-01, 3.294357462951645887e-01, 2.670415767749003133e-01, 2.032844377721296780e-01
2.006081156583407743e-01, 3.290123121844332199e-01, 2.666617335320481397e-01, 2.037178386251778939e-01
2.009778574748330993e-01, 3.285882891549133933e-01, 2.662826695847583247e-01, 2.041511837854952660e-01
2.013474622868494657e-01, 3.281636843802031578e-01, 2.659043840571376771e-01, 2.045844692758097272e-01
2.017169277929005133e-01, 3.277385050216794493e-01, 2.655268760525588689e-01, 2.050176911328610296e-01
2.020862517104594080e-01, 3.273127582282232551e-01, 2.651501446538350737e-01, 2.054508454074822632e-01
2.024554317759789390e-01, 3.268864511359478309e-01, 2.647741889233940493e-01, 2.058839281646790698e-01
2.028244657449079780e-01, 3.264595908679301939e-01, 2.643990079034539420e-01, 2.063169354837078862e-01
2.031933513917058565e-01, 3.260321845339431701e-01, 2.640246006161982018e-01, 2.067498634581526884e-01
2.035620865098555499e-01, 3.256042392301918276e-01, 2.636509660639524411e-01, 2.071827081960002925e-01
2.039306689118748905e-01, 3.251757620390511860e-01, 2.632781032293603496e-01, 2.076154658197136293e-01
2.042990964293272260e-01, 3.247467600288075351e-01, 2.629060110755607749e-01, 2.080481324663044640e-01
2.046673669128299955e-01, 3.243172402534009735e-01, 2.625346885463653579e-01, 2.084807042874037286e-01
2.050354782320617242e-01, 3.238872097521716120e-01, 2.621641345664360023e-01, 2.089131774493308003e-01
2.054034282757679908e-01, 3.234566755496075530e-01, 2.617943480414630097e-01, 2.093455481331615020e-01
2.057712149517658407e-01, 3.230256446550961447e-01, 2.614253278583436035e-01, 2.097778125347943834e-01
2.061388361869467001e-01, 3.225941240626772899e-01, 2.610570728853608968e-01, 2.102099668650151965e-01
2.065062899272778751e-01, 3.221621207507990303e-01, 2.606895819723624164e-01, 2.106420073495605672e-01
2.068735741378027182e-01, 3.217296416820771832e-01, 2.603228539509401251e-01, 2.110739302291800290e-01
2.072406868026391846e-01, 3.212966938030553110e-01, 2.599568876346096680e-01, 2.115057317596956976e-01
2.076076259249776401e-01, 3.208632840439695766e-01, 2.595916818189904496e-01, 2.119374082120623892e-01
2.079743895270759757e-01, 3.204294193185143191e-01, 2.592272352819856018e-01, 2.123689558724240478e-01
2.083409756502551669e-01, 3.199951065236117387e-01, 2.588635467839626170e-01, 2.128003710421704497e-01
2.087073823548915019e-01, 3.195603525391832456e-01, 2.585006150679337034e-01, 2.132316500379915492e-01
2.090736077204091159e-01, 3.191251642279236966e-01, 2.581384388597364743e-01, 2.136627891919307409e-01
2.094396498452701927e-01, 3.186895484350784069e-01, 2.577770168682150809e-01, 2.140937848514364583e-01
2.098055068469640017e-01, 3.182535119882225483e-01, 2.574163477854010118e-01, 2.145246333794125493e-01
2.101711768619948517e-01, 3.178170616970436568e-01, 2.570564302866943929e-01, 2.149553311542670153e-01
2.105366580458685188e-01, 3.173802043531261941e-01, 2.566972630310453973e-01, 2.153858745699597788e-01
2.109019485730775356e-01, 3.169429467297391056e-01, 2.563388446611352123e-01, 2.158162600360481187e-01
2.112670466370846212e-01, 3.165052955816257674e-01, 2.559811738035579487e-01, 2.162464839777314962e-01
2.116319504503057780e-01, 3.160672576447972615e-01, 2.556242490690019409e-01, 2.166765428358949086e-01
2.119966582440911962e-01, 3.156288396363273741e-01, 2.552680690524312124e-01, 2.171064330671503284e-01
2.123611682687051305e-01, 3.151900482541507009e-01, 2.549126323332669974e-01, 2.175361511438772266e-01
2.127254787933050006e-01, 3.147508901768639178e-01, 2.545579374755697621e-01, 2.179656935542614027e-01
2.130895881059185482e-01, 3.143113720635286046e-01, 2.542039830282202262e-01, 2.183950568023326488e-01
2.134534945134201056e-01, 3.138715005534777891e-01, 2.538507675251013285e-01, 2.188242374080006380e-01
2.138171963415055332e-01, 3.134312822661248776e-01, 2.534982894852794155e-01, 2.192532319070903957e-01
2.141806919346657956e-01, 3.129907238007739179e-01, 2.531465474131856519e-01, 2.196820368513745514e-01
2.145439796561599832e-01, 3.125498317364356349e-01, 2.527955397987977637e-01, 2.201106488086065627e-01
2.149070578879858917e-01, 3.121086126316425235e-01, 2.524452651178209495e-01, 2.205390643625506353e-01
2.152699250308504064e-01, 3.116670730242691034e-01, 2.520957218318691240e-01, 2.209672801130113662e-01
2.156325795041386661e-01, 3.112252194313537834e-01, 2.517469083886461623e-01, 2.213952926758613327e-01
2.159950197458813392e-01, 3.107830583489240572e-01, 2.513988232221261998e-01, 2.218230986830683205e-01
2.163572442127214002e-01, 3.103405962518231975e-01, 2.510514647527352095e-01, 2.222506947827201096e-01
2.167192513798794629e-01, 3.098978395935411134e-01, 2.507048313875310241e-01, 2.226780776390484828e-01
2.170810397411178649e-01, 3.094547948060464848e-01, 2.503589215203836371e-01, 2.231052439324520409e-01
2.174426078087041136e-01, 3.090114682996227269e-01, 2.500137335321556686e-01, 2.235321903595174076e-01
2.178039541133723611e-01, 3.085678664627057866e-01, 2.496692657908824720e-01, 2.239589136330393249e-01
2.181650772042848518e-01, 3.081239956617247144e-01, 2.493255166519512955e-01, 2.243854104820390827e-01
2.185259756489907612e-01, 3.076798622409455675e-01, 2.489824844582812502e-01, 2.248116776517824211e-01
2.188866480333858944e-01, 3.072354725223166994e-01, 2.486401675405024436e-01, 2.252377119037950182e-01
2.192470929616693598e-01, 3.067908328053179923e-01, 2.482985642171346985e-01, 2.256635100158779217e-01
2.196073090563006036e-01, 3.063459493668120870e-01, 2.479576727947666037e-01, 2.260890687821207889e-01
2.199672949579544456e-01, 3.059008284608978889e-01, 2.476174915682334277e-01, 2.265143850129142933e-01
2.203270493254756435e-01, 3.054554763187676825e-01, 2.472780188207954200e-01, 2.269394555349612819e-01
2.206865708358321243e-01, 3.050098991485658551e-01, 2.469392528243156693e-01, 2.273642771912863236e-01
2.210458581840674397e-01, 3.045641031352509520e-01, 2.466011918394370450e-01, 2.277888468412445910e-01
2.214049100832516104e-01, 3.041180944404598407e-01, 2.462638341157594168e-01, 2.282131613605289933e-01
2.217637252644319157e-01, 3.036718792023750391e-01, 2.459271778920165408e-01, 2.286372176411763935e-01
2.221223024765817400e-01, 3.032254635355938199e-01, 2.455912213962518909e-01, 2.290610125915726325e-01
2.224806404865488640e-01, 3.027788535310008133e-01, 2.452559628459944074e-01, 2.294845431364559707e-01
2.228387380790031180e-01, 3.023320552556424956e-01, 2.449214004484346896e-01, 2.299078062169196413e-01
2.231965940563822581e-01, 3.018850747526048983e-01, 2.445875324005991336e-01, 2.303307987904136267e-01
2.235542072388377044e-01, 3.014379180408930381e-01, 2.442543568895250983e-01, 2.307535178307442147e-01
2.239115764641785578e-01, 3.009905911153135660e-01, 2.439218720924346273e-01, 2.311759603280732767e-01
2.242687005878155893e-01, 3.005430999463598041e-01, 2.435900761769085043e-01, 2.315981232889161023e-01
2.246255784827034252e-01, 3.000954504800995570e-01, 2.432589673010590314e-01, 2.320200037361380141e-01
2.249822090392824825e-01, 2.996476486380645343e-01, 2.429285436137030019e-01, 2.324415987089499536e-01
2.253385911654195439e-01, 2.991997003171436575e-01, 2.425988032545340622e-01, 2.328629052629027085e-01
2.256947237863478339e-01, 2.987516113894778669e-01, 2.422697443542937423e-01, 2.332839204698805569e-01
2.260506058446059285e-01, 2.983033877023575919e-01, 2.419413650349435951e-01, 2.337046414180928566e-01
2.264062362999758882e-01, 2.978550350781232758e-01, 2.416136634098349500e-01, 2.341250652120658859e-01
2.267616141294205856e-01, 2.974065593140677310e-01, 2.412866375838795541e-01, 2.345451889726321293e-01
2.271167383270202844e-01, 2.969579661823414374e-01, 2.409602856537190474e-01, 2.349650098369193141e-01
2.274716079039081629e-01, 2.965092614298596163e-01, 2.406346057078935785e-01, 2.353845249583386423e-01
2.278262218882051438e-01, 2.960604507782131356e-01, 2.403095958270108912e-01, 2.358037315065709405e-01
2.281805793249538639e-01, 2.956115399235798580e-01, 2.399852540839134130e-01, 2.362226266675526987e-01
2.285346792760521439e-01, 2.951625345366407638e-01, 2.396615785438461765e-01, 2.366412076434608047e-01
2.288885208201851540e-01, 2.947134402624962402e-01, 2.393385672646228535e-01, 2.370594716526958079e-01
2.292421030527570514e-01, 2.942642627205862005e-01, 2.390162182967920101e-01, 2.374774159298647103e-01
2.295954250858221468e-01, 2.938150075046126464e-01, 2.386945296838025310e-01, 2.378950377257626481e-01
2.299484860480150161e-01, 2.933656801824633953e-01, 2.383734994621685699e-01, 2.383123343073531297e-01
2.303012850844796955e-01, 2.929162862961395830e-01, 2.380531256616328917e-01, 2.387293029577478853e-01
2.306538213567986828e-01, 2.924668313616847204e-01, 2.377334063053312962e-01, 2.391459409761853283e-01
2.310060940429206344e-01, 2.920173208691164146e-01, 2.374143394099546833e-01, 2.395622456780082399e-01
2.313581023370879231e-01, 2.915677602823602554e-01, 2.370959229859114503e-01, 2.399782143946403157e-01
2.317098454497630855e-01, 2.911181550391861439e-01, 2.367781550374890298e-01, 2.403938444735619073e-01
2.320613226075546043e-01, 2.906685105511466749e-01, 2.364610335630141502e-01, 2.408091332782845984e-01
2.324125330531426337e-01, 2.902188322035186285e-01, 2.361445565550134851e-01, 2.412240781883252527e-01
2.327634760452028939e-01, 2.897691253552455715e-01, 2.358287220003726370e-01, 2.416386765991789254e-01
2.331141508583312594e-01, 2.893193953388835671e-01, 2.355135278804947330e-01, 2.420529259222903851e-01
2.334645567829667090e-01, 2.888696474605489950e-01, 2.351989721714585480e-01, 2.424668235850258036e-01
2.338146931253139715e-01, 2.884198869998684800e-01, 2.348850528441753516e-01, 2.428803670306422802e-01
2.341645592072657822e-01, 2.879701192099309859e-01, 2.345717678645455051e-01, 2.432935537182576435e-01
2.345141543663245287e-01, 2.875203493172424074e-01, 2.342591151936144478e-01, 2.437063811228187271e-01
2.348634779555224539e-01, 2.870705825216822160e-01, 2.339470927877267958e-01, 2.441188467350685065e-01
2.352125293433427744e-01, 2.866208239964623261e-01, 2.336356985986814405e-01, 2.445309480615135422e-01
2.355613079136387733e-01, 2.861710788880879042e-01, 2.333249305738842039e-01, 2.449426826243890631e-01
2.359098130655534198e-01, 2.857213523163208424e-01, 2.330147866565010217e-01, 2.453540479616246883e-01
2.362580442134376291e-01, 2.852716493741449533e-01, 2.327052647856094336e-01, 2.457650416268079563e-01
2.366060007867687998e-01, 2.848219751277333844e-01, 2.323963628963495454e-01, 2.461756611891482149e-01
2.369536822300678247e-01, 2.843723346164184207e-01, 2.320880789200747696e-01, 2.465859042334390405e-01
2.373010880028165737e-01, 2.839227328526628402e-01, 2.317804107845005124e-01, 2.469957683600199905e-01
2.376482175793745710e-01, 2.834731748220340464e-01, 2.314733564138538591e-01, 2.474052511847375790e-01
2.379950704488942581e-01, 2.830236654831797538e-01, 2.311669137290202625e-01, 2.478143503389057256e-01
2.383416461152376709e-01, 2.825742097678058395e-01, 2.308610806476915078e-01, 2.482230634692650928e-01
2.386879440968905364e-01, 2.821248125806565810e-01, 2.305558550845111243e-01, 2.486313882379417306e-01
2.390339639268777572e-01, 2.816754787994963372e-01, 2.302512349512204348e-01, 2.490393223224054431e-01
2.393797051526771191e-01, 2.812262132750937282e-01, 2.299472181568026075e-01, 2.494468634154266007e-01
2.397251673361331104e-01, 2.807770208312075355e-01, 2.296438026076263184e-01, 2.498540092250329525e-01
2.400703500533702683e-01, 2.803279062645749331e-01, 2.293409862075890815e-01, 2.502607574744656338e-01
2.404152528947063883e-01, 2.798788743449009964e-01, 2.290387668582586911e-01, 2.506671059021338688e-01
2.407598754645644268e-01, 2.794299298148510413e-01, 2.287371424590145252e-01, 2.510730522615698956e-01
2.411042173813853218e-01, 2.789810773900443519e-01, 2.284361109071878504e-01, 2.514785943213824204e-01
2.414482782775391467e-01, 2.785323217590495726e-01, 2.281356700982012653e-01, 2.518837298652099599e-01
2.417920577992366260e-01, 2.780836675833829874e-01, 2.278358179257070348e-01, 2.522884566916733240e-01
2.421355556064404002e-01, 2.776351194975074654e-01, 2.275365522817250352e-01, 2.526927726143270991e-01
2.424787713727751259e-01, 2.771866821088341815e-01, 2.272378710567793392e-01, 2.530966754616113534e-01
2.428217047854381583e-01, 2.767383599977259467e-01, 2.269397721400340517e-01, 2.535001630768018432e-01
2.431643555451094008e-01, 2.762901577175020940e-01, 2.266422534194285077e-01, 2.539032333179599421e-01
2.435067233658608499e-01, 2.758420797944455272e-01, 2.263453127818113308e-01, 2.543058840578823476e-01
2.438488079750657511e-01, 2.753941307278113260e-01, 2.260489481130736056e-01, 2.547081131840494006e-01
2.441906091133079215e-01, 2.749463149898374037e-01, 2.257531572982811874e-01, 2.551099185985735707e-01
2.445321265342901840e-01, 2.744986370257566644e-01, 2.254579382218063199e-01, 2.555112982181467207e-01
2.448733600047429126e-01, 2.740511012538112134e-01, 2.251632887674580585e-01, 2.559122499739877044e-01
2.452143093043321065e-01, 2.736037120652679011e-01, 2.248692068186117221e-01, 2.563127718117882425e-01
2.455549742255669354e-01, 2.731564738244358637e-01, 2.245756902583381232e-01, 2.567128616916590778e-01
2.458953545737079527e-01, 2.727093908686859525e-01, 2.242827369695306328e-01, 2.571125175880754066e-01
2.462354501666740025e-01, 2.722624675084712176e-01, 2.239903448350328563e-01, 2.575117374898219791e-01
2.465752608349492947e-01, 2.718157080273498338e-01, 2.236985117377640053e-01, 2.579105193999369217e-01
2.469147864214905341e-01, 2.713691166820091372e-01, 2.234072355608443528e-01, 2.583088613356559482e-01
2.472540267816334125e-01, 2.709226977022914373e-01, 2.231165141877192171e-01, 2.587067613283559608e-01
2.475929817829991553e-01, 2.704764552912214959e-01, 2.228263455022821415e-01, 2.591042174234973183e-01
2.479316513054004023e-01, 2.700303936250357251e-01, 2.225367273889972686e-01, 2.595012276805666041e-01
2.482700352407478106e-01, 2.695845168532126634e-01, 2.222476577330209091e-01, 2.598977901730186724e-01
2.486081334929552966e-01, 2.691388290985051723e-01, 2.219591344203214467e-01, 2.602939029882179733e-01
2.489459459778463613e-01, 2.686933344569746862e-01, 2.216711553377996302e-01, 2.606895642273794889e-01
2.492834726230587772e-01, 2.682480369980254076e-01, 2.213837183734062852e-01, 2.610847720055094467e-01
2.496207133679509138e-01, 2.678029407644426652e-01, 2.210968214162607748e-01, 2.614795244513456463e-01
2.499576681635059805e-01, 2.673580497724298288e-01, 2.208104623567672120e-01, 2.618738197072968954e-01
2.502943369722377964e-01, 2.669133680116491103e-01, 2.205246390867305062e-01, 2.622676559293826148e-01
2.506307197680950893e-01, 2.664688994452621973e-01, 2.202393494994710488e-01, 2.626610312871716646e-01
2.509668165363668768e-01, 2.660246480099734412e-01, 2.199545914899388444e-01, 2.630539439637209487e-01
2.513026272735865985e-01, 2.655806176160735443e-01, 2.196703629548262537e-01, 2.634463921555136312e-01
2.516381519874371642e-01, 2.651368121474858008e-01, 2.193866617926802098e-01, 2.638383740723967974e-01
2.519733906966551418e-01, 2.646932354618122818e-01, 2.191034859040134064e-01, 2.642298879375191145e-01
2.523083434309349449e-01, 2.642498913903830182e-01, 2.188208331914142379e-01, 2.646209319872677712e-01
2.526430102308335202e-01, 2.638067837383049619e-01, 2.185387015596562121e-01, 2.650115044712053614e-01
2.529773911476742576e-01, 2.633639162845134996e-01, 2.182570889158062799e-01, 2.654016036520059907e-01
2.533114862434510117e-01, 2.629212927818250223e-01, 2.179759931693320829e-01, 2.657912278053918831e-01
2.536452955907328444e-01, 2.624789169569900493e-01, 2.176954122322084517e-01, 2.661803752200686546e-01
2.539788192725670468e-01, 2.620367925107488505e-01, 2.174153440190228492e-01, 2.665690441976611980e-01
2.543120573823838826e-01, 2.615949231178875678e-01, 2.171357864470800092e-01, 2.669572330526486237e-01
2.546450100239000536e-01, 2.611533124272955031e-01, 2.168567374365054923e-01, 2.673449401122989233e-01
2.549776773110230543e-01, 2.607119640620244039e-01, 2.165781949103484927e-01, 2.677321637166040214e-01
2.553100593677544161e-01, 2.602708816193483599e-01, 2.163001567946832571e-01, 2.681189022182139947e-01
2.556421563280942832e-01, 2.598300686708247542e-01, 2.160226210187103368e-01, 2.685051539823707922e-01
2.559739683359443241e-01, 2.593895287623570467e-01, 2.157455855148561197e-01, 2.688909173868423985e-01
2.563054955450129180e-01, 2.589492654142586670e-01, 2.154690482188720002e-01, 2.692761908218564426e-01
2.566367381187174557e-01, 2.585092821213173520e-01, 2.151930070699323572e-01, 2.696609726900328630e-01
2.569676962300893042e-01, 2.580695823528611488e-01, 2.149174600107314481e-01, 2.700452614063180157e-01
2.572983700616772729e-01, 2.576301695528260272e-01, 2.146424049875797491e-01, 2.704290553979168399e-01
2.576287598054515793e-01, 2.571910471398236586e-01, 2.143678399504993781e-01, 2.708123531042255228e-01
2.579588656627075371e-01, 2.567522185072108054e-01, 2.140937628533176595e-01, 2.711951529767640534e-01
2.582886878439699663e-01, 2.563136870231596531e-01, 2.138201716537616037e-01, 2.715774534791087769e-01
2.586182265688969917e-01, 2.558754560307298087e-01, 2.135470643135492785e-01, 2.719592530868240599e-01
2.589474820661837873e-01, 2.554375288479399653e-01, 2.132744387984820411e-01, 2.723405502873941231e-01
2.592764545734674297e-01, 2.549999087678425091e-01, 2.130022930785350210e-01, 2.727213435801550956e-01
2.596051443372301426e-01, 2.545625990585970166e-01, 2.127306251279464655e-01, 2.731016314762264030e-01
2.599335516127044832e-01, 2.541256029635468039e-01, 2.124594329253069180e-01, 2.734814124984418227e-01
2.602616766637769752e-01, 2.536889237012949216e-01, 2.121887144536469538e-01, 2.738606851812812604e-01
2.605895197628928517e-01, 2.532525644657818709e-01, 2.119184677005239992e-01, 2.742394480708012505e-01
2.609170811909605203e-01, 2.528165284263644286e-01, 2.116486906581085403e-01, 2.746176997245665663e-01
2.612443612372560287e-01, 2.523808187278945847e-01, 2.113793813232691665e-01, 2.749954387115802756e-01
2.615713601993279736e-01, 2.519454384908002553e-01, 2.111105376976567527e-01, 2.753726636122150739e-01
2.618980783829020220e-01, 2.515103908111665509e-01, 2.108421577877878927e-01, 2.757493730181434510e-01
2.622245161017861537e-01, 2.510756787608180440e-01, 2.105742396051273890e-01, 2.761255655322684688e-01
2.625506736777753480e-01, 2.506413053874016472e-01, 2.103067811661693265e-01, 2.765012397686537060e-01
2.628765514405571047e-01, 2.502072737144705461e-01, 2.100397804925182299e-01, 2.768763943524542026e-01
2.632021497276161304e-01, 2.497735867415694921e-01, 2.097732356109684448e-01, 2.772510279198458494e-01
2.635274688841406920e-01, 2.493402474443197347e-01, 2.095071445535834076e-01, 2.776251391179562766e-01
2.638525092629270818e-01, 2.489072587745058962e-01, 2.092415053577728057e-01, 2.779987266047942995e-01
2.641772712242861920e-01, 2.484746236601632075e-01, 2.089763160663705710e-01, 2.783717890491800295e-01
2.645017551359488683e-01, 2.480423450056654378e-01, 2.087115747277104305e-01, 2.787443251306753744e-01
2.648259613729720408e-01, 2.476104256918137125e-01, 2.084472793957013459e-01, 2.791163335395129841e-01
2.651498903176449651e-01, 2.471788685759263027e-01, 2.081834281299021483e-01, 2.794878129765266395e-01
2.654735423593954091e-01, 2.467476764919286913e-01, 2.079200189955948963e-01, 2.798587621530809755e-01
2.657969178946962274e-01, 2.463168522504448621e-01, 2.076570500638575956e-01, 2.802291797910012039e-01
2.661200173269721581e-01, 2.458863986388889200e-01, 2.073945194116360580e-01, 2.805990646225028917e-01
2.664428410665062308e-01, 2.454563184215577398e-01, 2.071324251218148171e-01, 2.809684153901212955e-01
2.667653895303471190e-01, 2.450266143397238361e-01, 2.068707652832872945e-01, 2.813372308466416949e-01
2.670876631422165470e-01, 2.445972891117296766e-01, 2.066095379910249108e-01, 2.817055097550287268e-01
2.674096623324161981e-01, 2.441683454330818570e-01, 2.063487413461457254e-01, 2.820732508883561085e-01
2.677313875377358432e-01, 2.437397859765463859e-01, 2.060883734559816882e-01, 2.824404530297360827e-01
2.680528392013604710e-01, 2.433116133922444135e-01, 2.058284324341453919e-01, 2.828071149722497513e-01
2.683740177727790832e-01, 2.428838303077486549e-01, 2.055689164005960745e-01, 2.831732355188761874e-01
2.686949237076921571e-01, 2.424564393281805064e-01, 2.053098234817045398e-01, 2.835388134824226580e-01
2.690155574679208850e-01, 2.420294430363076343e-01, 2.050511518103174669e-01, 2.839038476854541249e-01
2.693359195213149149e-01, 2.416028439926418692e-01, 2.047928995258202767e-01, 2.842683369602228560e-01
2.696560103416620890e-01, 2.411766447355385701e-01, 2.045350647742003314e-01, 2.846322801485990928e-01
2.699758304085966287e-01, 2.407508477812953518e-01, 2.042776457081081909e-01, 2.849956761019998286e-01
2.702953802075094281e-01, 2.403254556242522266e-01, 2.040206404869185364e-01, 2.853585236813198645e-01
2.706146602294566827e-01, 2.399004707368919409e-01, 2.037640472767903999e-01, 2.857208217568608655e-01
2.709336709710705171e-01, 2.394758955699407554e-01, 2.035078642507263669e-01, 2.860825692082624161e-01
2.712524129344682233e-01, 2.390517325524700309e-01, 2.032520895886308077e-01, 2.864437649244310213e-01
2.715708866271631661e-01, 2.386279840919977580e-01, 2.029967214773677475e-01, 2.868044078034713840e-01
2.718890925619749099e-01, 2.382046525745914189e-01, 2.027417581108176825e-01, 2.871644967526160719e-01
2.722070312569401795e-01, 2.377817403649702399e-01, 2.024871976899334236e-01, 2.875240306881560737e-01
2.725247032352237642e-01, 2.373592498066089129e-01, 2.022330384227958300e-01, 2.878830085353714097e-01
2.728421090250298664e-01, 2.369371832218410134e-01, 2.019792785246677103e-01, 2.882414292284613544e-01
2.731592491595135619e-01, 2.365155429119631947e-01, 2.017259162180478071e-01, 2.885992917104754918e-01
2.734761241766926476e-01, 2.360943311573397152e-01, 2.014729497327236718e-01, 2.889565949332441042e-01
2.737927346193596012e-01, 2.356735502175073549e-01, 2.012203773058237888e-01, 2.893133378573092274e-01
2.741090810349942064e-01, 2.352532023312809972e-01, 2.009681971818690349e-01, 2.896695194518558725e-01
2.744251639756756234e-01, 2.348332897168587674e-01, 2.007164076128231112e-01, 2.900251386946424703e-01
2.747409839979958468e-01, 2.344138145719287247e-01, 2.004650068581425304e-01, 2.903801945719329813e-01
2.750565416629725535e-01, 2.339947790737745836e-01, 2.002139931848255228e-01, 2.907346860784273401e-01
2.753718375359623383e-01, 2.335761853793834331e-01, 1.999633648674606357e-01, 2.910886122171936208e-01
2.756868721865747829e-01, 2.331580356255516795e-01, 1.997131201882741680e-01, 2.914419719995993141e-01
2.760016461885864136e-01, 2.327403319289934602e-01, 1.994632574371770217e-01, 2.917947644452430489e-01
2.763161601198546591e-01, 2.323230763864477244e-01, 1.992137749118108314e-01, 2.921469885818868129e-01
2.766304145622327515e-01, 2.319062710747863965e-01, 1.989646709175933448e-01, 2.924986434453875073e-01
2.769444101014844617e-01, 2.314899180511229282e-01, 1.987159437677629981e-01, 2.928497280796296676e-01
2.772581473271991670e-01, 2.310740193529203512e-01, 1.984675917834230474e-01, 2.932002415364574621e-01
2.775716268327074188e-01, 2.306585769981008283e-01, 1.982196132935846178e-01, 2.935501828756070797e-01
2.778848492149968985e-01, 2.302435929851539831e-01, 1.979720066352091412e-01, 2.938995511646400050e-01
2.781978150746278189e-01, 2.298290692932467016e-01, 1.977247701532504065e-01, 2.942483454788751285e-01
2.785105250156499346e-01, 2.294150078823324612e-01, 1.974779022006952767e-01, 2.945965649013223553e-01
2.788229796455188869e-01, 2.290014106932613813e-01, 1.972314011386043231e-01, 2.949442085226153809e-01
2.791351795750132148e-01, 2.285882796478899692e-01, 1.969852653361515715e-01, 2.952912754409451335e-01
2.794471254181516429e-01, 2.281756166491913373e-01, 1.967394931706632488e-01, 2.956377647619937710e-01
2.797588177921105923e-01, 2.277634235813656705e-01, 1.964940830276562522e-01, 2.959836755988675683e-01
2.800702573171421350e-01, 2.273517023099506928e-01, 1.962490333008757859e-01, 2.963290070720314695e-01
2.803814446164920593e-01, 2.269404546819325796e-01, 1.960043423923322203e-01, 2.966737583092430852e-01
2.806923803163187126e-01, 2.265296825258565905e-01, 1.957600087123376464e-01, 2.970179284454870783e-01
2.810030650456115109e-01, 2.261193876519383417e-01, 1.955160306795410696e-01, 2.973615166229091611e-01
2.813134994361100039e-01, 2.257095718521748839e-01, 1.952724067209636594e-01, 2.977045219907514806e-01
2.816236841222238274e-01, 2.253002369004560301e-01, 1.950291352720331384e-01, 2.980469437052870041e-01
2.819336197409519906e-01, 2.248913845526758493e-01, 1.947862147766171448e-01, 2.983887809297550708e-01
2.822433069318032728e-01, 2.244830165468441052e-01, 1.945436436870564278e-01, 2.987300328342962774e-01
2.825527463367163428e-01, 2.240751346031980840e-01, 1.943014204641971832e-01, 2.990706985958884179e-01
2.828619385999810998e-01, 2.236677404243141709e-01, 1.940595435774228050e-01, 2.994107773982819798e-01
2.831708843681590149e-01, 2.232608356952198170e-01, 1.938180115046849172e-01, 2.997502684319361954e-01
2.834795842900052487e-01, 2.228544220835055600e-01, 1.935768227325339874e-01, 3.000891708939552593e-01
2.837880390163896038e-01, 2.224485012394366579e-01, 1.933359757561490255e-01, 3.004274839880248238e-01
2.840962492002194195e-01, 2.220430747960655260e-01, 1.930954690793667550e-01, 3.007652069243482718e-01
2.844042154963613012e-01, 2.216381443693435649e-01, 1.928553012147107004e-01, 3.011023389195844890e-01
2.847119385615642928e-01, 2.212337115582334035e-01, 1.926154706834185548e-01, 3.014388791967838044e-01
2.850194190543824946e-01, 2.208297779448212539e-01, 1.923759760154701570e-01, 3.017748269853260390e-01
2.853266576350989570e-01, 2.204263450944288771e-01, 1.921368157496139428e-01, 3.021101815208583341e-01
2.856336549656487978e-01, 2.200234145557257437e-01, 1.918979884333934238e-01, 3.024449420452320902e-01
2.859404117095438180e-01, 2.196209878608416655e-01, 1.916594926231727225e-01, 3.027791078064418495e-01
2.862469285317965073e-01, 2.192190665254785953e-01, 1.914213268841616078e-01, 3.031126780585632341e-01
2.865532060988449925e-01, 2.188176520490231758e-01, 1.911834897904400865e-01, 3.034456520616917730e-01
2.868592450784777093e-01, 2.184167459146588441e-01, 1.909459799249823009e-01, 3.037780290818811180e-01
2.871650461397594611e-01, 2.180163495894779924e-01, 1.907087958796798155e-01, 3.041098083910827587e-01
2.874706099529563130e-01, 2.176164645245942109e-01, 1.904719362553645434e-01, 3.044409892670850160e-01
2.877759371894622609e-01, 2.172170921552544487e-01, 1.902353996618308674e-01, 3.047715709934525341e-01
2.880810285217252908e-01, 2.168182339009509241e-01, 1.899991847178573445e-01, 3.051015528594663850e-01
2.883858846231744932e-01, 2.164198911655336177e-01, 1.897632900512279952e-01, 3.054309341600638938e-01
2.886905061681466766e-01, 2.160220653373217947e-01, 1.895277142987526198e-01, 3.057597141957789089e-01
2.889948938318138705e-01, 2.156247577892161094e-01, 1.892924561062873101e-01, 3.060878922726826268e-01
2.892990482901112714e-01, 2.152279698788106821e-01, 1.890575141287535177e-01, 3.064154677023244733e-01
2.896029702196651900e-01, 2.148317029485044272e-01, 1.888228870301574547e-01, 3.067424398016729281e-01
2.899066602977213858e-01, 2.144359583256132407e-01, 1.885885734836082461e-01, 3.070688078930571829e-01
2.902101192020740683e-01, 2.140407373224812171e-01, 1.883545721713362486e-01, 3.073945713041085770e-01
2.905133476109944546e-01, 2.136460412365924766e-01, 1.881208817847102310e-01, 3.077197293677027545e-01
2.908163462031609914e-01, 2.132518713506824370e-01, 1.878875010242546939e-01, 3.080442814219019332e-01
2.911191156575884120e-01, 2.128582289328490029e-01, 1.876544285996658012e-01, 3.083682268098967838e-01
2.914216566535579589e-01, 2.124651152366640317e-01, 1.874216632298279506e-01, 3.086915648799498646e-01
2.917239698705483275e-01, 2.120725315012842449e-01, 1.871892036428289829e-01, 3.090142949853384446e-01
2.920260559881657780e-01, 2.116804789515620011e-01, 1.869570485759748935e-01, 3.093364164842973274e-01
2.923279156860754679e-01, 2.112889587981564010e-01, 1.867251967758049025e-01, 3.096579287399632285e-01
2.926295496439331179e-01, 2.108979722376439214e-01, 1.864936469981051392e-01, 3.099788311203177660e-01
2.929309585413165107e-01, 2.105075204526286603e-01, 1.862623980079223251e-01, 3.102991229981325039e-01
2.932321430576577126e-01, 2.101176046118530816e-01, 1.860314485795768191e-01, 3.106188037509123312e-01
2.935331038721756269e-01, 2.097282258703078162e-01, 1.858007974966754128e-01, 3.109378727608411164e-01
2.938338416638084372e-01, 2.093393853693423234e-01, 1.855704435521233209e-01, 3.112563294147259740e-01
2.941343571111470490e-01, 2.089510842367740262e-01, 1.853403855481360329e-01, 3.115741731039429752e-01
2.944346508923684214e-01, 2.085633235869986113e-01, 1.851106222962506931e-01, 3.118914032243821910e-01
2.947347236851693975e-01, 2.081761045210995253e-01, 1.848811526173368691e-01, 3.122080191763942913e-01
2.950345761667006461e-01, 2.077894281269567767e-01, 1.846519753416068776e-01, 3.125240203647355886e-01
2.953342090135014919e-01, 2.074032954793569306e-01, 1.844230893086259704e-01, 3.128394061985155794e-01
2.956336229014340233e-01, 2.070177076401014671e-01, 1.841944933673218265e-01, 3.131541760911425998e-01
2.959328185056188665e-01, 2.066326656581158328e-01, 1.839661863759936289e-01, 3.134683294602716441e-01
2.962317965003702924e-01, 2.062481705695579648e-01, 1.837381672023208901e-01, 3.137818657277508527e-01
2.965305575591320464e-01, 2.058642233979266212e-01, 1.835104347233717792e-01, 3.140947843195696643e-01
2.968291023544132323e-01, 2.054808251541696273e-01, 1.832829878256108380e-01, 3.144070846658063023e-01
2.971274315577252523e-01, 2.050979768367919009e-01, 1.830558254049068356e-01, 3.147187662005760389e-01
2.974255458395178575e-01, 2.047156794319629491e-01, 1.828289463665396242e-01, 3.150298283619795692e-01
2.977234458691167540e-01, 2.043339339136245325e-01, 1.826023496252069667e-01, 3.153402705920517746e-01
2.980211323146608748e-01, 2.039527412435979403e-01, 1.823760341050308376e-01, 3.156500923367104861e-01
2.983186058430394860e-01, 2.035721023716910716e-01, 1.821499987395633624e-01, 3.159592930457060245e-01
2.986158671198316794e-01, 2.031920182358051552e-01, 1.819242424717924522e-01, 3.162678721725707409e-01
2.989129168092428679e-01, 2.028124897620413591e-01, 1.816987642541470216e-01, 3.165758291745687791e-01
2.992097555740449444e-01, 2.024335178648071498e-01, 1.814735630485017626e-01, 3.168831635126462265e-01
2.995063840755143869e-01, 2.020551034469223461e-01, 1.812486378261815856e-01, 3.171898746513815981e-01
2.998028029733721955e-01, 2.016772473997250070e-01, 1.810239875679659494e-01, 3.174959620589367648e-01
3.000990129257230521e-01, 2.012999506031769303e-01, 1.807996112640923858e-01, 3.178014252070076595e-01
3.003950145889952017e-01, 2.009232139259689298e-01, 1.805755079142599973e-01, 3.181062635707757602e-01
3.006908086178814998e-01, 2.005470382256261397e-01, 1.803516765276325096e-01, 3.184104766288597399e-01
3.009863956652788497e-01, 2.001714243486125144e-01, 1.801281161228412142e-01, 3.187140638632675049e-01
3.012817763822299155e-01, 1.997963731304354396e-01, 1.799048257279868002e-01, 3.190170247593477892e-01
3.015769514178640032e-01, 1.994218853957501481e-01, 1.796818043806422682e-01, 3.193193588057435806e-01
3.018719214193384959e-01, 1.990479619584634430e-01, 1.794590511278537914e-01, 3.196210654943441587e-01
3.021666870317809561e-01, 1.986746036218376976e-01, 1.792365650261428245e-01, 3.199221443202384663e-01
3.024612488982308944e-01, 1.983018111785939119e-01, 1.790143451415067422e-01, 3.202225947816685347e-01
3.027556076595822598e-01, 1.979295854110150743e-01, 1.787923905494198384e-01, 3.205224163799828552e-01
3.030497639545264299e-01, 1.975579270910491070e-01, 1.785707003348338262e-01, 3.208216086195906924e-01
3.033437184194949232e-01, 1.971868369804111731e-01, 1.783492735921778927e-01, 3.211201710079159000e-01
3.036374716886028891e-01, 1.968163158306862059e-01, 1.781281094253586994e-01, 3.214181030553522889e-01
3.039310243935924860e-01, 1.964463643834305218e-01, 1.779072069477598550e-01, 3.217154042752172205e-01
3.042243771637772598e-01, 1.960769833702739051e-01, 1.776865652822411934e-01, 3.220120741837075862e-01
3.045175306259859105e-01, 1.957081735130207778e-01, 1.774661835611380800e-01, 3.223081122998552317e-01
3.048104854045070033e-01, 1.953399355237512292e-01, 1.772460609262596909e-01, 3.226035181454819933e-01
3.051032421210338463e-01, 1.949722701049220464e-01, 1.770261965288876804e-01, 3.228982912451563991e-01
3.053958013946093675e-01, 1.946051779494667733e-01, 1.768065895297745160e-01, 3.231924311261493155e-01
3.056881638415715474e-01, 1.942386597408961302e-01, 1.765872390991410912e-01, 3.234859373183912035e-01
3.059803300754993516e-01, 1.938727161533980170e-01, 1.763681444166744772e-01, 3.237788093544281542e-01
3.062723007071583292e-01, 1.935073478519366008e-01, 1.761493046715254807e-01, 3.240710467693797003e-01
3.065640763444471006e-01, 1.931425554923519028e-01, 1.759307190623054795e-01, 3.243626491008955726e-01
3.068556575923437335e-01, 1.927783397214586358e-01, 1.757123867970835085e-01, 3.246536158891142332e-01
3.071470450528525631e-01, 1.924147011771446536e-01, 1.754943070933828175e-01, 3.249439466766199103e-01
3.074382393249515677e-01, 1.920516404884693162e-01, 1.752764791781773468e-01, 3.252336410084018525e-01
3.077292410045391891e-01, 1.916891582757614121e-01, 1.750589022878877021e-01, 3.255226984318118078e-01
3.080200506843823183e-01, 1.913272551507167463e-01, 1.748415756683772415e-01, 3.258111184965236107e-01
3.083106689540644485e-01, 1.909659317164956183e-01, 1.746244985749476897e-01, 3.260989007544923268e-01
3.086010963999331058e-01, 1.906051885678194113e-01, 1.744076702723345862e-01, 3.263860447599128412e-01
3.088913336050491121e-01, 1.902450262910676260e-01, 1.741910900347024838e-01, 3.266725500691806672e-01
3.091813811491349040e-01, 1.898854454643739142e-01, 1.739747571456403408e-01, 3.269584162408508687e-01
3.094712396085234074e-01, 1.895264466577221696e-01, 1.737586708981555261e-01, 3.272436428355989246e-01
3.097609095561075776e-01, 1.891680304330422280e-01, 1.735428305946692951e-01, 3.275282294161808716e-01
3.100503915612897732e-01, 1.888101973443050974e-01, 1.733272355470107384e-01, 3.278121755473943910e-01
3.103396861899317960e-01, 1.884529479376178263e-01, 1.731118850764109540e-01, 3.280954807960395070e-01
3.106287940043041540e-01, 1.880962827513184554e-01, 1.728967785134971069e-01, 3.283781447308802282e-01
3.109177155630375444e-01, 1.877402023160699984e-01, 1.726819151982863509e-01, 3.286601669226060785e-01
3.112064514210721722e-01, 1.873847071549546439e-01, 1.724672944801793062e-01, 3.289415469437937944e-01
3.114950021296095661e-01, 1.870297977835671532e-01, 1.722529157179535086e-01, 3.292222843688696887e-01
3.117833682360630632e-01, 1.866754747101084244e-01, 1.720387782797566933e-01, 3.295023787740718468e-01
3.120715502840090694e-01, 1.863217384354782513e-01, 1.718248815430996890e-01, 3.297818297374129903e-01
3.123595488131390430e-01, 1.859685894533678607e-01, 1.716112248948497565e-01, 3.300606368386434508e-01
3.126473643592106999e-01, 1.856160282503525050e-01, 1.713978077312226789e-01, 3.303387996592140885e-01
3.129349974540009960e-01, 1.852640553059829720e-01, 1.711846294577759331e-01, 3.306163177822402099e-01
3.132224486252570550e-01, 1.849126710928774564e-01, 1.709716894894006411e-01, 3.308931907924648752e-01
3.135097183966499834e-01, 1.845618760768127919e-01, 1.707589872503139650e-01, 3.311694182762233152e-01
3.137968072877267423e-01, 1.842116707168149903e-01, 1.705465221740513626e-01, 3.314449998214069049e-01
3.140837158138636287e-01, 1.838620554652504180e-01, 1.703342937034581506e-01, 3.317199350174278583e-01
3.143704444862193692e-01, 1.835130307679152528e-01, 1.701223012906815657e-01, 3.319942234551838678e-01
3.146569938116882681e-01, 1.831645970641259946e-01, 1.699105443971623830e-01, 3.322678647270234653e-01
3.149433642928542998e-01, 1.828167547868086440e-01, 1.696990224936262559e-01, 3.325408584267108836e-01
3.152295564279449791e-01, 1.824695043625877700e-01, 1.694877350600752786e-01, 3.328132041493919169e-01
3.155155707107852869e-01, 1.821228462118757441e-01, 1.692766815857791318e-01, 3.330849014915598927e-01
3.158014076307519846e-01, 1.817767807489607812e-01, 1.690658615692660349e-01, 3.333559500510212548e-01
3.160870676727284834e-01, 1.814313083820951744e-01, 1.688552745183140580e-01, 3.336263494268623675e-01
3.163725513170592696e-01, 1.810864295135833635e-01, 1.686449199499416296e-01, 3.338960992194157096e-01
3.166578590395053294e-01, 1.807421445398688931e-01, 1.684347973903985440e-01, 3.341651990302271225e-01
3.169429913111990738e-01, 1.803984538516219538e-01, 1.682249063751564411e-01, 3.344336484620225591e-01
3.172279485985995406e-01, 1.800553578338258687e-01, 1.680152464488992026e-01, 3.347014471186754436e-01
3.175127313634487081e-01, 1.797128568658634407e-01, 1.678058171655137654e-01, 3.349685946051741969e-01
3.177973400627264744e-01, 1.793709513216031615e-01, 1.675966180880799627e-01, 3.352350905275903736e-01
3.180817751486077483e-01, 1.790296415694848930e-01, 1.673876487888610043e-01, 3.355009344930463544e-01
3.183660370684175955e-01, 1.786889279726051882e-01, 1.671789088492933728e-01, 3.357661261096838157e-01
3.186501262645884958e-01, 1.783488108888021673e-01, 1.669703978599771654e-01, 3.360306649866321438e-01
3.189340431746165438e-01, 1.780092906707405054e-01, 1.667621154206656298e-01, 3.362945507339772933e-01
3.192177882310185955e-01, 1.776703676659954489e-01, 1.665540611402552273e-01, 3.365577829627308115e-01
3.195013618612888018e-01, 1.773320422171369148e-01, 1.663462346367752531e-01, 3.368203612847989747e-01
3.197847644878565321e-01, 1.769943146618132013e-01, 1.661386355373776769e-01, 3.370822853129524788e-01
3.200679965280432415e-01, 1.766571853328341712e-01, 1.659312634783265961e-01, 3.373435546607958524e-01
3.203510583940203382e-01, 1.763206545582541862e-01, 1.657241181049877443e-01, 3.376041689427377035e-01
3.206339504927666062e-01, 1.759847226614548732e-01, 1.655171990718179442e-01, 3.378641277739606319e-01
3.209166732260265720e-01, 1.756493899612271425e-01, 1.653105060423545603e-01, 3.381234307703918085e-01
3.211992269902684827e-01, 1.753146567718533444e-01, 1.651040386892048406e-01, 3.383820775486733323e-01
3.214816121766427282e-01, 1.749805234031887036e-01, 1.648977966940349815e-01, 3.386400677261335312e-01
3.217638291709400411e-01, 1.746469901607427544e-01, 1.646917797475595524e-01, 3.388974009207575966e-01
3.220458783535502523e-01, 1.743140573457600540e-01, 1.644859875495304213e-01, 3.391540767511593280e-01
3.223277600994213787e-01, 1.739817252553007287e-01, 1.642804198087260414e-01, 3.394100948365517678e-01
3.226094747780183236e-01, 1.736499941823209936e-01, 1.640750762429404319e-01, 3.396654547967202231e-01
3.228910227532822974e-01, 1.733188644157526437e-01, 1.638699565789721313e-01, 3.399201562519930664e-01
3.231724043835894622e-01, 1.729883362405829905e-01, 1.636650605526130953e-01, 3.401741988232144798e-01
3.234536200217114632e-01, 1.726584099379339099e-01, 1.634603879086377609e-01, 3.404275821317167550e-01
3.237346700147744616e-01, 1.723290857851407232e-01, 1.632559384007920000e-01, 3.406803057992928707e-01
3.240155547042185558e-01, 1.720003640558308844e-01, 1.630517117917816838e-01, 3.409323694481690148e-01
3.242962744257584795e-01, 1.716722450200019179e-01, 1.628477078532615807e-01, 3.411837727009778831e-01
3.245768295093434119e-01, 1.713447289440998555e-01, 1.626439263658245316e-01, 3.414345151807322565e-01
3.248572202791168984e-01, 1.710178160910962863e-01, 1.624403671189895981e-01, 3.416845965107972449e-01
3.251374470533776040e-01, 1.706915067205657666e-01, 1.622370299111913217e-01, 3.419340163148653078e-01
3.254175101445396234e-01, 1.703658010887629248e-01, 1.620339145497682598e-01, 3.421827742169291087e-01
3.256974098590934008e-01, 1.700406994486989565e-01, 1.618310208509516068e-01, 3.424308698412559249e-01
3.259771464975663724e-01, 1.697162020502175905e-01, 1.616283486398541747e-01, 3.426783028123618347e-01
3.262567203544836647e-01, 1.693923091400715841e-01, 1.614258977504588188e-01, 3.429250727549859601e-01
3.265361317183296808e-01, 1.690690209619979678e-01, 1.612236680256071142e-01, 3.431711792940653205e-01
3.268153808715086317e-01, 1.687463377567933742e-01, 1.610216593169884192e-01, 3.434166220547095749e-01
3.270944680903066781e-01, 1.684242597623891724e-01, 1.608198714851281075e-01, 3.436614006621759310e-01
3.273733936448526838e-01, 1.681027872139262136e-01, 1.606183043993765769e-01, 3.439055147418444980e-01
3.276521577990800793e-01, 1.677819203438288276e-01, 1.604169579378978694e-01, 3.441489639191933625e-01
3.279307608106884486e-01, 1.674616593818790689e-01, 1.602158319876580694e-01, 3.443917478197743853e-01
3.282092029311055592e-01, 1.671420045552907407e-01, 1.600149264444146180e-01, 3.446338660691890543e-01
3.284874844054490595e-01, 1.668229560887822260e-01, 1.598142412127044887e-01, 3.448753182930642813e-01
3.287656054724886201e-01, 1.665045142046499560e-01, 1.596137762058332243e-01, 3.451161041170281440e-01
3.290435663646079645e-01, 1.661866791228412965e-01, 1.594135313458635850e-01, 3.453562231666870708e-01
3.293213673077673986e-01, 1.658694510610267958e-01, 1.592135065636045288e-01, 3.455956750676014155e-01
3.295990085214655640e-01, 1.655528302346723213e-01, 1.590137017985996104e-01, 3.458344594452624210e-01
3.298764902187029113e-01, 1.652368168571113072e-01, 1.588141169991162671e-01, 3.460725759250694034e-01
3.301538126059432310e-01, 1.649214111396160587e-01, 1.586147521221344669e-01, 3.463100241323063266e-01
3.304309758830768495e-01, 1.646066132914688340e-01, 1.584156071333355786e-01, 3.465468036921187656e-01
3.307079802433833815e-01, 1.642924235200332872e-01, 1.582166820070914082e-01, 3.467829142294919786e-01
3.309848258734942039e-01, 1.639788420308249672e-01, 1.580179767264531243e-01, 3.470183553692277600e-01
3.312615129533559299e-01, 1.636658690275814843e-01, 1.578194912831402674e-01, 3.472531267359223461e-01
3.315380416561932164e-01, 1.633535047123327866e-01, 1.576212256775297582e-01, 3.474872279539442110e-01
3.318144121484714604e-01, 1.630417492854712158e-01, 1.574231799186451008e-01, 3.477206586474121397e-01
3.320906245898607723e-01, 1.627306029458204517e-01, 1.572253540241455028e-01, 3.479534184401733565e-01
3.323666791331982839e-01, 1.624200658907050399e-01, 1.570277480203149389e-01, 3.481855069557816540e-01
3.326425759244526770e-01, 1.621101383160195308e-01, 1.568303619420516881e-01, 3.484169238174761318e-01
3.329183151026863796e-01, 1.618008204162968144e-01, 1.566331958328572305e-01, 3.486476686481596587e-01
3.331938968000198731e-01, 1.614921123847765094e-01, 1.564362497448260059e-01, 3.488777410703775561e-01
3.334693211415950542e-01, 1.611840144134731867e-01, 1.562395237386346447e-01, 3.491071407062971699e-01
3.337445882455385981e-01, 1.608765266932441484e-01, 1.560430178835314208e-01, 3.493358671776857771e-01
3.340196982229263201e-01, 1.605696494138567909e-01, 1.558467322573258984e-01, 3.495639201058909351e-01
3.342946511777458718e-01, 1.602633827640562725e-01, 1.556506669463785519e-01, 3.497912991118192205e-01
3.345694472068616587e-01, 1.599577269316319883e-01, 1.554548220455903018e-01, 3.500180038159160789e-01
3.348440863999779249e-01, 1.596526821034844335e-01, 1.552591976583924949e-01, 3.502440338381452301e-01
3.351185688396029483e-01, 1.593482484656918718e-01, 1.550637938967365514e-01, 3.504693887979684619e-01
3.353928946010134582e-01, 1.590444262035763390e-01, 1.548686108810840567e-01, 3.506940683143261461e-01
3.356670637522176648e-01, 1.587412155017694781e-01, 1.546736487403964910e-01, 3.509180720056164215e-01
3.359410763539201206e-01, 1.584386165442782379e-01, 1.544789076121256266e-01, 3.511413994896759871e-01
3.362149324594857491e-01, 1.581366295145503753e-01, 1.542843876422033134e-01, 3.513640503837605067e-01
3.364886321149037074e-01, 1.578352545955394037e-01, 1.540900889850321531e-01, 3.515860243045247358e-01
3.367621753587516364e-01, 1.575344919697695967e-01, 1.538960118034754243e-01, 3.518073208680033148e-01
3.370355622221603009e-01, 1.572343418194002973e-01, 1.537021562688477283e-01, 3.520279396895916180e-01
3.373087927287773402e-01, 1.569348043262908388e-01, 1.535085225609053583e-01, 3.522478803840266015e-01
3.375818668947315748e-01, 1.566358796720640212e-01, 1.533151108678371399e-01, 3.524671425653672641e-01
3.378547847285978678e-01, 1.563375680381704214e-01, 1.531219213862548556e-01, 3.526857258469768830e-01
3.381275462313608760e-01, 1.560398696059517865e-01, 1.529289543211842239e-01, 3.529036298415031969e-01
3.384001513963797447e-01, 1.557427845567044278e-01, 1.527362098860557404e-01, 3.531208541608600870e-01
3.386726002093524701e-01, 1.554463130717423369e-01, 1.525436883026956847e-01, 3.533373984162094250e-01
3.389448926482802049e-01, 1.551504553324601909e-01, 1.523513898013172385e-01, 3.535532622179424211e-01
3.392170286834315651e-01, 1.548552115203957746e-01, 1.521593146205117708e-01, 3.537684451756608617e-01
3.394890082773076023e-01, 1.545605818172925416e-01, 1.519674630072400112e-01, 3.539829468981597893e-01
3.397608313846054995e-01, 1.542665664051617314e-01, 1.517758352168236680e-01, 3.541967669934090734e-01
3.400324979521837099e-01, 1.539731654663443472e-01, 1.515844315129367958e-01, 3.544099050685350361e-01
3.403040079190260414e-01, 1.536803791835728850e-01, 1.513932521675977749e-01, 3.546223607298033542e-01
3.405753612162059629e-01, 1.533882077400325616e-01, 1.512022974611606507e-01, 3.548341335826007970e-01
3.408465577668518542e-01, 1.530966513194230993e-01, 1.510115676823073905e-01, 3.550452232314177947e-01
3.411175974861102023e-01, 1.528057101060191492e-01, 1.508210631280398895e-01, 3.552556292798307869e-01
3.413884802811112396e-01, 1.525153842847316310e-01, 1.506307841036719497e-01, 3.554653513304851242e-01
3.416592060509329731e-01, 1.522256740411679632e-01, 1.504407309228216194e-01, 3.556743889850773610e-01
3.419297746865653242e-01, 1.519365795616927084e-01, 1.502509039074038932e-01, 3.558827418443381019e-01
3.422001860708748788e-01, 1.516481010334873314e-01, 1.500613033876226909e-01, 3.560904095080150711e-01
3.424704400785693048e-01, 1.513602386446108450e-01, 1.498719297019639463e-01, 3.562973915748559595e-01
3.427405365761614919e-01, 1.510729925840588184e-01, 1.496827831971883627e-01, 3.565036876425912715e-01
3.430104754219343577e-01, 1.507863630418233014e-01, 1.494938642283243080e-01, 3.567092973079179496e-01
3.432802564659047095e-01, 1.505003502089521661e-01, 1.493051731586607644e-01, 3.569142201664822767e-01
3.435498795497878288e-01, 1.502149542776082813e-01, 1.491167103597407229e-01, 3.571184558128631115e-01
3.438193445069617216e-01, 1.499301754411280774e-01, 1.489284762113544935e-01, 3.573220038405556798e-01
3.440886511624314803e-01, 1.496460138940807205e-01, 1.487404711015331560e-01, 3.575248638419547542e-01
3.443577993327930908e-01, 1.493624698323263167e-01, 1.485526954265422306e-01, 3.577270354083382231e-01
3.446267888261985157e-01, 1.490795434530746144e-01, 1.483651495908756557e-01, 3.579285181298512142e-01
3.448956194423187238e-01, 1.487972349549428197e-01, 1.481778340072492373e-01, 3.581293115954891637e-01
3.451642909723087183e-01, 1.485155445380136885e-01, 1.479907490965953476e-01, 3.583294153930822734e-01
3.454328031987710101e-01, 1.482344724038933692e-01, 1.478038952880567636e-01, 3.585288291092789681e-01
3.457011558957200359e-01, 1.479540187557688569e-01, 1.476172730189811433e-01, 3.587275523295299084e-01
3.459693488285459084e-01, 1.476741837984656136e-01, 1.474308827349157525e-01, 3.589255846380726145e-01
3.462373817539785570e-01, 1.473949677385046619e-01, 1.472447248896020522e-01, 3.591229256179148122e-01
3.465052544200513118e-01, 1.471163707841595392e-01, 1.470587999449703143e-01, 3.593195748508189458e-01
3.467729665660646554e-01, 1.468383931455134739e-01, 1.468731083711353469e-01, 3.595155319172866348e-01
3.470405179225505843e-01, 1.465610350345158408e-01, 1.466876506463907492e-01, 3.597107963965427979e-01
3.473079082112357496e-01, 1.462842966650388377e-01, 1.465024272572052200e-01, 3.599053678665202760e-01
3.475751371450052085e-01, 1.460081782529338290e-01, 1.463174386982174224e-01, 3.600992459038436233e-01
3.478422044278658420e-01, 1.457326800160874958e-01, 1.461326854722319046e-01, 3.602924300838147298e-01
3.481091097549103286e-01, 1.454578021744780125e-01, 1.459481680902149914e-01, 3.604849199803967230e-01
3.483758528122800069e-01, 1.451835449502308084e-01, 1.457638870712907875e-01, 3.606767151661983695e-01
3.486424332771287382e-01, 1.449099085676743282e-01, 1.455798429427373752e-01, 3.608678152124595861e-01
3.489088508175856029e-01, 1.446368932533957097e-01, 1.453960362399832618e-01, 3.610582196890355089e-01
3.491751050927185407e-01, 1.443644992362960178e-01, 1.452124675066036874e-01, 3.612479281643815598e-01
3.494411957524974910e-01, 1.440927267476457274e-01, 1.450291372943178503e-01, 3.614369402055388480e-01
3.497071224377570342e-01, 1.438215760211397354e-01, 1.448460461629852147e-01, 3.616252553781180712e-01
3.499728847801593656e-01, 1.435510472929521775e-01, 1.446631946806031521e-01, 3.618128732462851382e-01
3.502384824021579357e-01, 1.432811408017916899e-01, 1.444805834233039155e-01, 3.619997933727465700e-01
3.505039149169589252e-01, 1.430118567889554770e-01, 1.442982129753520026e-01, 3.621860153187334563e-01
3.507691819284852186e-01, 1.427431954983846008e-01, 1.441160839291423246e-01, 3.623715386439879116e-01
3.510342830313377127e-01, 1.424751571767177705e-01, 1.439341968851973186e-01, 3.625563629067473093e-01
3.512992178107586794e-01, 1.422077420733459108e-01, 1.437525524521655329e-01, 3.627404876637298492e-01
3.515639858425941289e-01, 1.419409504404662847e-01, 1.435711512468196560e-01, 3.629239124701199026e-01
3.518285866932554518e-01, 1.416747825331365340e-01, 1.433899938940548235e-01, 3.631066368795533017e-01
3.520930199196818933e-01, 1.414092386093284137e-01, 1.432090810268872860e-01, 3.632886604441024070e-01
3.523572850693030278e-01, 1.411443189299817491e-01, 1.430284132864533542e-01, 3.634699827142618411e-01
3.526213816799998457e-01, 1.408800237590580595e-01, 1.428479913220080666e-01, 3.636506032389339449e-01
3.528853092800673941e-01, 1.406163533635939322e-01, 1.426678157909246347e-01, 3.638305215654140112e-01
3.531490673881758080e-01, 1.403533080137545075e-01, 1.424878873586937766e-01, 3.640097372393758524e-01
3.534126555133325631e-01, 1.400908879828868803e-01, 1.423082066989231620e-01, 3.641882498048574224e-01
3.536760731548430625e-01, 1.398290935475730579e-01, 1.421287744933373287e-01, 3.643660588042464954e-01
3.539393198022730003e-01, 1.395679249876833061e-01, 1.419495914317777663e-01, 3.645431637782660106e-01
3.542023949354087820e-01, 1.393073825864286908e-01, 1.417706582122026659e-01, 3.647195642659598058e-01
3.544652980242189999e-01, 1.390474666304143958e-01, 1.415919755406879754e-01, 3.648952598046786844e-01
3.547280285288152424e-01, 1.387881774096921816e-01, 1.414135441314273434e-01, 3.650702499300652049e-01
3.549905858994130137e-01, 1.385295152178130929e-01, 1.412353647067334517e-01, 3.652445341760404696e-01
3.552529695762922102e-01, 1.382714803518799163e-01, 1.410574379970386816e-01, 3.654181120747890810e-01
3.555151789897580961e-01, 1.380140731125999165e-01, 1.408797647408965847e-01, 3.655909831567455415e-01
3.557772135601010022e-01, 1.377572938043367945e-01, 1.407023456849829934e-01, 3.657631469505792099e-01
3.560390726975575237e-01, 1.375011427351631177e-01, 1.405251815840981577e-01, 3.659346029831812563e-01
3.563007558022696086e-01, 1.372456202169127226e-01, 1.403482732011682166e-01, 3.661053507796494522e-01
3.565622622642454220e-01, 1.369907265652323958e-01, 1.401716213072474182e-01, 3.662753898632749028e-01
3.568235914633185457e-01, 1.367364620996339986e-01, 1.399952266815204238e-01, 3.664447197555270597e-01
3.570847427691080656e-01, 1.364828271435465923e-01, 1.398190901113048334e-01, 3.666133399760406197e-01
3.573457155409777708e-01, 1.362298220243678970e-01, 1.396432123920538504e-01, 3.667812500426005373e-01
3.576065091279956865e-01, 1.359774470735163887e-01, 1.394675943273594176e-01, 3.669484494711284794e-01
3.578671228688931616e-01, 1.357257026264827027e-01, 1.392922367289551600e-01, 3.671149377756688925e-01
3.581275560920240131e-01, 1.354745890228813698e-01, 1.391171404167199643e-01, 3.672807144683746805e-01
3.583878081153232253e-01, 1.352241066065022757e-01, 1.389423062186814495e-01, 3.674457790594931050e-01
3.586478782462658721e-01, 1.349742557253621744e-01, 1.387677349710200458e-01, 3.676101310573518521e-01
3.589077657818254830e-01, 1.347250367317560094e-01, 1.385934275180727981e-01, 3.677737699683457095e-01
3.591674700084324656e-01, 1.344764499823081216e-01, 1.384193847123378340e-01, 3.679366952969215232e-01
3.594269902019321949e-01, 1.342284958380238480e-01, 1.382456074144789715e-01, 3.680989065455649301e-01
3.596863256275432130e-01, 1.339811746643402857e-01, 1.380720964933302986e-01, 3.682604032147862028e-01
3.599454755398147077e-01, 1.337344868311775847e-01, 1.378988528259010860e-01, 3.684211848031065384e-01
3.602044391825848235e-01, 1.334884327129903514e-01, 1.377258772973814493e-01, 3.685812508070433480e-01
3.604632157889372523e-01, 1.332430126888179134e-01, 1.375531708011472620e-01, 3.687406007210975445e-01
3.607218045811593776e-01, 1.329982271423359175e-01, 1.373807342387662334e-01, 3.688992340377384438e-01
3.609802047706986428e-01, 1.327540764619070945e-01, 1.372085685200035710e-01, 3.690571502473906640e-01
3.612384155581200296e-01, 1.325105610406318579e-01, 1.370366745628283089e-01, 3.692143488384197481e-01
3.614964361330623155e-01, 1.322676812763995124e-01, 1.368650532934196917e-01, 3.693708292971185636e-01
3.617542656741949414e-01, 1.320254375719386031e-01, 1.366937056461736133e-01, 3.695265911076928145e-01
3.620119033491743243e-01, 1.317838303348678464e-01, 1.365226325637097504e-01, 3.696816337522481066e-01
3.622693483145994486e-01, 1.315428599777468954e-01, 1.363518349968784460e-01, 3.698359567107751822e-01
3.625265997159687337e-01, 1.313025269181266608e-01, 1.361813139047681753e-01, 3.699895594611363192e-01
3.627836566876349589e-01, 1.310628315786003528e-01, 1.360110702547130956e-01, 3.701424414790516759e-01
3.630405183527609658e-01, 1.308237743868534975e-01, 1.358411050223009009e-01, 3.702946022380847468e-01
3.632971838232752493e-01, 1.305853557757149785e-01, 1.356714191913807599e-01, 3.704460412096290955e-01
3.635536521998268267e-01, 1.303475761832071089e-01, 1.355020137540718372e-01, 3.705967578628942549e-01
3.638099225717402185e-01, 1.301104360525964787e-01, 1.353328897107716478e-01, 3.707467516648916273e-01
3.640659940169702069e-01, 1.298739358324439153e-01, 1.351640480701649660e-01, 3.708960220804209396e-01
3.643218656020558166e-01, 1.296380759766554147e-01, 1.349954898492329025e-01, 3.710445685720558662e-01
3.645775363820754067e-01, 1.294028569445321297e-01, 1.348272160732620906e-01, 3.711923906001303175e-01
3.648330054006001522e-01, 1.291682792008207459e-01, 1.346592277758542067e-01, 3.713394876227249508e-01
3.650882716896475810e-01, 1.289343432157641078e-01, 1.344915259989358514e-01, 3.714858590956525153e-01
3.653433342696358888e-01, 1.287010494651513182e-01, 1.343241117927686523e-01, 3.716315044724442518e-01
3.655981921493368647e-01, 1.284683984303678361e-01, 1.341569862159591453e-01, 3.717764232043361816e-01
3.658528443258290963e-01, 1.282363905984462427e-01, 1.339901503354699597e-01, 3.719206147402547291e-01
3.661072897844508400e-01, 1.280050264621161171e-01, 1.338236052266298659e-01, 3.720640785268031769e-01
3.663615274987527815e-01, 1.277743065198543582e-01, 1.336573519731453497e-01, 3.722068140082474552e-01
3.666155564304504622e-01, 1.275442312759355046e-01, 1.334913916671116862e-01, 3.723488206265023193e-01
3.668693755293765957e-01, 1.273148012404819451e-01, 1.333257254090243760e-01, 3.724900978211171942e-01
3.671229837334324397e-01, 1.270860169295140174e-01, 1.331603543077911345e-01, 3.726306450292624639e-01
3.673763799685405562e-01, 1.268578788650004674e-01, 1.329952794807437721e-01, 3.727704616857152042e-01
3.676295631485955173e-01, 1.266303875749083541e-01, 1.328305020536504899e-01, 3.729095472228455832e-01
3.678825321754154998e-01, 1.264035435932534812e-01, 1.326660231607285634e-01, 3.730479010706024834e-01
3.681352859386928245e-01, 1.261773474601504963e-01, 1.325018439446568885e-01, 3.731855226564997352e-01
3.683878233159456617e-01, 1.259517997218630725e-01, 1.323379655565893043e-01, 3.733224114056019061e-01
3.686401431724675160e-01, 1.257269009308542018e-01, 1.321743891561676654e-01, 3.734585667405106446e-01
3.688922443612782098e-01, 1.255026516458363217e-01, 1.320111159115354982e-01, 3.735939880813499703e-01
3.691441257230735906e-01, 1.252790524318214971e-01, 1.318481469993517952e-01, 3.737286748457531727e-01
3.693957860861752374e-01, 1.250561038601717134e-01, 1.316854836048051147e-01, 3.738626264488479345e-01
3.696472242664803898e-01, 1.248338065086490589e-01, 1.315231269216279308e-01, 3.739958423032426760e-01
3.698984390674104339e-01, 1.246121609614659065e-01, 1.313610781521110382e-01, 3.741283218190126769e-01
3.701494292798608310e-01, 1.243911678093351236e-01, 1.311993385071185125e-01, 3.742600644036855329e-01
3.704001936821491037e-01, 1.241708276495205598e-01, 1.310379092061029760e-01, 3.743910694622273327e-01
3.706507310399638766e-01, 1.239511410858868679e-01, 1.308767914771204743e-01, 3.745213363970287257e-01
3.709010401063125295e-01, 1.237321087289501853e-01, 1.307159865568467139e-01, 3.746508646078905436e-01
3.711511196214696828e-01, 1.235137311959282058e-01, 1.305554956905922437e-01, 3.747796534920099232e-01
3.714009683129245731e-01, 1.232960091107904166e-01, 1.303953201323189981e-01, 3.749077024439659844e-01
3.716505848953286506e-01, 1.230789431043085441e-01, 1.302354611446568111e-01, 3.750350108557060080e-01
3.718999680704425659e-01, 1.228625338141069445e-01, 1.300759199989194592e-01, 3.751615781165310581e-01
3.721491165270830459e-01, 1.226467818847126467e-01, 1.299166979751221473e-01, 3.752874036130821045e-01
3.723980289410699362e-01, 1.224316879676060343e-01, 1.297577963619983288e-01, 3.754124867293256451e-01
3.726467039751719668e-01, 1.222172527212710968e-01, 1.295992164570172189e-01, 3.755368268465396064e-01
3.728951402790533498e-01, 1.220034768112457507e-01, 1.294409595664013646e-01, 3.756604233432995765e-01
3.731433364892188242e-01, 1.217903609101724377e-01, 1.292830270051447128e-01, 3.757832755954639836e-01
3.733912912289603092e-01, 1.215779056978484457e-01, 1.291254200970305410e-01, 3.759053829761606624e-01
3.736390031083011154e-01, 1.213661118612763823e-01, 1.289681401746502198e-01, 3.760267448557722547e-01
3.738864707239412666e-01, 1.211549800947148564e-01, 1.288111885794216704e-01, 3.761473606019222204e-01
3.741336926592026546e-01, 1.209445110997286743e-01, 1.286545666616081829e-01, 3.762672295794605160e-01
3.743806674839726956e-01, 1.207347055852395906e-01, 1.284982757803379283e-01, 3.763863511504498272e-01
3.746273937546489297e-01, 1.205255642675769900e-01, 1.283423173036233322e-01, 3.765047246741506926e-01
3.748738700140827329e-01, 1.203170878705282359e-01, 1.281866926083804759e-01, 3.766223495070084581e-01
3.751200947915230843e-01, 1.201092771253894076e-01, 1.280314030804494962e-01, 3.767392250026380673e-01
3.753660666025592230e-01, 1.199021327710160095e-01, 1.278764501146145982e-01, 3.768553505118101832e-01
3.756117839490646926e-01, 1.196956555538735423e-01, 1.277218351146242881e-01, 3.769707253824375326e-01
3.758572453191389440e-01, 1.194898462280883505e-01, 1.275675594932126622e-01, 3.770853489595600849e-01
3.761024491870507136e-01, 1.192847055554982494e-01, 1.274136246721197241e-01, 3.771992205853312852e-01
3.763473940131793483e-01, 1.190802343057033724e-01, 1.272600320821132558e-01, 3.773123395990040096e-01
3.765920782439574066e-01, 1.188764332561168258e-01, 1.271067831630098288e-01, 3.774247053369160221e-01
3.768365003118113177e-01, 1.186733031920158415e-01, 1.269538793636965368e-01, 3.775363171324762068e-01
3.770806586351039269e-01, 1.184708449065923208e-01, 1.268013221421534775e-01, 3.776471743161503025e-01
3.773245516180741554e-01, 1.182690592010038066e-01, 1.266491129654753744e-01, 3.777572762154467467e-01
3.775681776507783804e-01, 1.180679468844245544e-01, 1.264972533098943364e-01, 3.778666221549026871e-01
3.778115351090311491e-01, 1.178675087740962829e-01, 1.263457446608027279e-01, 3.779752114560699372e-01
3.780546223543443385e-01, 1.176677456953793693e-01, 1.261945885127758182e-01, 3.780830434375004878e-01
3.782974377338678695e-01, 1.174686584818037116e-01, 1.260437863695951788e-01, 3.781901174147331846e-01
3.785399795803289225e-01, 1.172702479751199234e-01, 1.258933397442723034e-01, 3.782964327002789062e-01
3.787822462119707634e-01, 1.170725150253501406e-01, 1.257432501590720342e-01, 3.784019886036071312e-01
3.790242359324924037e-01, 1.168754604908395778e-01, 1.255935191455365696e-01, 3.785067844311313934e-01
3.792659470309870384e-01, 1.166790852383072230e-01, 1.254441482445098621e-01, 3.786108194861959042e-01
3.795073777818798177e-01, 1.164833901428974083e-01, 1.252951390061619041e-01, 3.787140930690608420e-01
3.797485264448666742e-01, 1.162883760882306161e-01, 1.251464929900133194e-01, 3.788166044768893070e-01
3.799893912648518723e-01, 1.160940439664551321e-01, 1.249982117649605790e-01, 3.789183530037323888e-01
3.802299704718850593e-01, 1.159003946782980188e-01, 1.248502969093008425e-01, 3.790193379405161211e-01
3.804702622810991475e-01, 1.157074291331165183e-01, 1.247027500107574516e-01, 3.791195585750269381e-01
3.807102648926466992e-01, 1.155151482489492759e-01, 1.245555726665056595e-01, 3.792190141918982960e-01
3.809499764916365883e-01, 1.153235529525680342e-01, 1.244087664831984436e-01, 3.793177040725969063e-01
3.811893952480707171e-01, 1.151326441795285233e-01, 1.242623330769924705e-01, 3.794156274954083030e-01
3.814285193167791799e-01, 1.149424228742222109e-01, 1.241162740735746312e-01, 3.795127837354239086e-01
3.816673468373571465e-01, 1.147528899899277061e-01, 1.239705911081883938e-01, 3.796091720645267675e-01
3.819058759340990816e-01, 1.145640464888620230e-01, 1.238252858256607275e-01, 3.797047917513781123e-01
3.821441047159349069e-01, 1.143758933422323598e-01, 1.236803598804291360e-01, 3.797996420614036528e-01
3.823820312763640539e-01, 1.141884315302873626e-01, 1.235358149365686359e-01, 3.798937222567799199e-01
3.826196536933907932e-01, 1.140016620423687094e-01, 1.233916526678194708e-01, 3.799870315964210543e-01
3.828569700294575107e-01, 1.138155858769628465e-01, 1.232478747576148809e-01, 3.800795693359647065e-01
3.830939783313798142e-01, 1.136302040417523224e-01, 1.231044828991085249e-01, 3.801713347277592137e-01
3.833306766302795876e-01, 1.134455175536674965e-01, 1.229614787952031107e-01, 3.802623270208497774e-01
3.835670629415180444e-01, 1.132615274389381504e-01, 1.228188641585784696e-01, 3.803525454609654188e-01
3.838031352646298355e-01, 1.130782347331450999e-01, 1.226766407117200197e-01, 3.804419892905049894e-01
3.840388915832549932e-01, 1.128956404812719305e-01, 1.225348101869477152e-01, 3.805306577485254027e-01
3.842743298650719286e-01, 1.127137457377564295e-01, 1.223933743264448842e-01, 3.806185500707267022e-01
3.845094480617297084e-01, 1.125325515665426268e-01, 1.222523348822875250e-01, 3.807056654894400705e-01
3.847442441087799425e-01, 1.123520590411320186e-01, 1.221116936164734212e-01, 3.807920032336146177e-01
3.849787159256083391e-01, 1.121722692446356640e-01, 1.219714523009519519e-01, 3.808775625288041145e-01
3.852128614153664254e-01, 1.119931832698256857e-01, 1.218316127176537478e-01, 3.809623425971541688e-01
3.854466784649023814e-01, 1.118148022191869373e-01, 1.216921766585206538e-01, 3.810463426573899581e-01
3.856801649446924274e-01, 1.116371272049690028e-01, 1.215531459255361629e-01, 3.811295619248023514e-01
3.859133187087708805e-01, 1.114601593492374476e-01, 1.214145223307551980e-01, 3.812119996112365294e-01
3.861461375946607100e-01, 1.112838997839259436e-01, 1.212763076963351144e-01, 3.812936549250781626e-01
3.863786194233038152e-01, 1.111083496508878388e-01, 1.211385038545664539e-01, 3.813745270712418645e-01
3.866107619989904709e-01, 1.109335101019476716e-01, 1.210011126479034471e-01, 3.814546152511584798e-01
3.868425631092889949e-01, 1.107593822989532545e-01, 1.208641359289956141e-01, 3.815339186627622059e-01
3.870740205249749710e-01, 1.105859674138270354e-01, 1.207275755607185863e-01, 3.816124365004793795e-01
3.873051319999606390e-01, 1.104132666286178621e-01, 1.205914334162058593e-01, 3.816901679552156534e-01
3.875358952712230076e-01, 1.102412811355527877e-01, 1.204557113788802675e-01, 3.817671122143440621e-01
3.877663080587325228e-01, 1.100700121370885576e-01, 1.203204113424857780e-01, 3.818432684616930861e-01
3.879963680653821800e-01, 1.098994608459632760e-01, 1.201855352111194930e-01, 3.819186358775351064e-01
3.882260729769138052e-01, 1.097296284852480319e-01, 1.200510848992636520e-01, 3.819932136385744692e-01
3.884554204618475004e-01, 1.095605162883985656e-01, 1.199170623318180917e-01, 3.820670009179358284e-01
3.886844081714079802e-01, 1.093921254993065473e-01, 1.197834694441323733e-01, 3.821399968851530993e-01
3.889130337394522963e-01, 1.092244573723514384e-01, 1.196503081820387282e-01, 3.822122007061574678e-01
3.891412947823971180e-01, 1.090575131724518254e-01, 1.195175805018844073e-01, 3.822836115432666770e-01
3.893691888991447914e-01, 1.088912941751168095e-01, 1.193852883705647377e-01, 3.823542285551738140e-01
3.895967136710101753e-01, 1.087258016664973820e-01, 1.192534337655561522e-01, 3.824240508969362629e-01
3.898238666616475889e-01, 1.085610369434382161e-01, 1.191220186749492316e-01, 3.824930777199651022e-01
3.900506454169757053e-01, 1.083970013135282240e-01, 1.189910450974819428e-01, 3.825613081720141695e-01
3.902770474651043875e-01, 1.082336960951525567e-01, 1.188605150425732782e-01, 3.826287413971696805e-01
3.905030703162600814e-01, 1.080711226175434941e-01, 1.187304305303564095e-01, 3.826953765358400150e-01
3.907287114627108759e-01, 1.079092822208313762e-01, 1.186007935917125500e-01, 3.827612127247451146e-01
3.909539683786921738e-01, 1.077481762560962009e-01, 1.184716062683047882e-01, 3.828262490969068232e-01
3.911788385203313623e-01, 1.075878060854182222e-01, 1.183428706126115892e-01, 3.828904847816388957e-01
3.914033193255728738e-01, 1.074281730819290487e-01, 1.182145886879611557e-01, 3.829539189045368941e-01
3.916274082141026902e-01, 1.072692786298625883e-01, 1.180867625685653316e-01, 3.830165505874694731e-01
3.918511025872727371e-01, 1.071111241246056611e-01, 1.179593943395536304e-01, 3.830783789485678881e-01
3.920743998280251663e-01, 1.069537109727489166e-01, 1.178324860970076660e-01, 3.831394031022181679e-01
3.922972973008162501e-01, 1.067970405921373767e-01, 1.177060399479955416e-01, 3.831996221590507345e-01
3.925197923515404419e-01, 1.066411144119207982e-01, 1.175800580106060311e-01, 3.832590352259327426e-01
3.927418823074538268e-01, 1.064859338726043270e-01, 1.174545424139831346e-01, 3.833176414059587533e-01
3.929635644770979597e-01, 1.063315004260987628e-01, 1.173294952983609252e-01, 3.833754397984424078e-01
3.931848361502227607e-01, 1.061778155357706310e-01, 1.172049188150976889e-01, 3.834324294989088777e-01
3.934056945977102426e-01, 1.060248806764926138e-01, 1.170808151267110492e-01, 3.834886095990860944e-01
3.936261370714970176e-01, 1.058726973346930667e-01, 1.169571864069124389e-01, 3.835439791868973103e-01
3.938461608044979689e-01, 1.057212670084063111e-01, 1.168340348406419760e-01, 3.835985373464538273e-01
3.940657630105276477e-01, 1.055705912073219566e-01, 1.167113626241032820e-01, 3.836522831580470583e-01
3.942849408842244996e-01, 1.054206714528350131e-01, 1.165891719647983160e-01, 3.837052156981421991e-01
3.945036916009720951e-01, 1.052715092780947409e-01, 1.164674650815623463e-01, 3.837573340393708454e-01
3.947220123168221906e-01, 1.051231062280543888e-01, 1.163462442045987144e-01, 3.838086372505247201e-01
3.949399001684166244e-01, 1.049754638595202516e-01, 1.162255115755138624e-01, 3.838591243965492339e-01
3.951573522729098786e-01, 1.048285837412004234e-01, 1.161052694473523467e-01, 3.839087945385373235e-01
3.953743657278903645e-01, 1.046824674537539801e-01, 1.159855200846316298e-01, 3.839576467337240673e-01
3.955909376113032616e-01, 1.045371165898392601e-01, 1.158662657633769966e-01, 3.840056800354803568e-01
3.958070649813717479e-01, 1.043925327541626452e-01, 1.157475087711567069e-01, 3.840528934933089000e-01
3.960227448765187841e-01, 1.042487175635266605e-01, 1.156292514071167871e-01, 3.840992861528377822e-01
3.962379743152893985e-01, 1.041056726468781585e-01, 1.155114959820156412e-01, 3.841448570558168019e-01
3.964527502962715277e-01, 1.039633996453559750e-01, 1.153942448182595226e-01, 3.841896052401129191e-01
3.966670697980181903e-01, 1.038219002123391549e-01, 1.152775002499367291e-01, 3.842335297397059257e-01
3.968809297789687718e-01, 1.036811760134936367e-01, 1.151612646228526993e-01, 3.842766295846848368e-01
3.970943271773705319e-01, 1.035412287268201448e-01, 1.150455402945646938e-01, 3.843189038012446712e-01
3.973072589111998343e-01, 1.034020600427010134e-01, 1.149303296344164477e-01, 3.843603514116827324e-01
3.975197218780842645e-01, 1.032636716639467739e-01, 1.148156350235726292e-01, 3.844009714343963324e-01
3.977317129552233599e-01, 1.031260653058428400e-01, 1.147014588550534647e-01, 3.844407628838804047e-01
3.979432289993100058e-01, 1.029892426961959845e-01, 1.145878035337692669e-01, 3.844797247707246735e-01
3.981542668464525536e-01, 1.028532055753798719e-01, 1.144746714765544210e-01, 3.845178561016131535e-01
3.983648233120954951e-01, 1.027179556963811885e-01, 1.143620651122019410e-01, 3.845551558793213753e-01
3.985748951909412474e-01, 1.025834948248450923e-01, 1.142499868814974701e-01, 3.845916231027161625e-01
3.987844792568717156e-01, 1.024498247391200656e-01, 1.141384392372531559e-01, 3.846272567667550768e-01
3.989935722628694115e-01, 1.023169472303031707e-01, 1.140274246443416933e-01, 3.846620558624857522e-01
3.992021709409397379e-01, 1.021848641022845144e-01, 1.139169455797298808e-01, 3.846960193770458947e-01
3.994102720020319408e-01, 1.020535771717912960e-01, 1.138070045325123431e-01, 3.847291462936644479e-01
3.996178721359608943e-01, 1.019230882684320494e-01, 1.136976040039448105e-01, 3.847614355916621487e-01
3.998249680113297178e-01, 1.017933992347401506e-01, 1.135887465074774394e-01, 3.847928862464527477e-01
4.000315562754502841e-01, 1.016645119262168245e-01, 1.134804345687879523e-01, 3.848234972295448975e-01
4.002376335542666697e-01, 1.015364282113744715e-01, 1.133726707258143895e-01, 3.848532675085444832e-01
4.004431964522763288e-01, 1.014091499717788974e-01, 1.132654575287877913e-01, 3.848821960471569548e-01
4.006482415524525442e-01, 1.012826791020915579e-01, 1.131587975402648105e-01, 3.849102818051911012e-01
4.008527654161670450e-01, 1.011570175101114272e-01, 1.130526933351598956e-01, 3.849375237385616044e-01
4.010567645831125683e-01, 1.010321671168163404e-01, 1.129471475007773479e-01, 3.849639207992938683e-01
4.012602355712251989e-01, 1.009081298564038220e-01, 1.128421626368430047e-01, 3.849894719355280714e-01
4.014631748766075425e-01, 1.007849076763319418e-01, 1.127377413555360197e-01, 3.850141760915244404e-01
4.016655789734521753e-01, 1.006625025373591997e-01, 1.126338862815199349e-01, 3.850380322076687456e-01
4.018674443139643171e-01, 1.005409164135843553e-01, 1.125306000519736838e-01, 3.850610392204776300e-01
4.020687673282856145e-01, 1.004201512924857154e-01, 1.124278853166226222e-01, 3.850831960626060479e-01
4.022695444244182572e-01, 1.003002091749597008e-01, 1.123257447377685042e-01, 3.851045016628534823e-01
4.024697719881484281e-01, 1.001810920753593848e-01, 1.122241809903199300e-01, 3.851249549461722155e-01
4.026694463829710302e-01, 1.000628020215322683e-01, 1.121231967618221970e-01, 3.851445548336745461e-01
4.028685639500140248e-01, 9.994534105485748665e-02, 1.120227947524864015e-01, 3.851633002426421148e-01
4.030671210079631583e-01, 9.982871123028272398e-02, 1.119229776752189431e-01, 3.851811900865350635e-01
4.032651138529876889e-01, 9.971291461636055953e-02, 1.118237482556501822e-01, 3.851982232750014723e-01
4.034625387586653900e-01, 9.959795329528406405e-02, 1.117251092321627781e-01, 3.852143987138877401e-01
4.036593919759083327e-01, 9.948382936292209100e-02, 1.116270633559196812e-01, 3.852297153052497980e-01
4.038556697328894995e-01, 9.937054492885394330e-02, 1.115296133908919851e-01, 3.852441719473644888e-01
4.040513682349691771e-01, 9.925810211640327674e-02, 1.114327621138857805e-01, 3.852577675347418351e-01
4.042464836646213477e-01, 9.914650306267179525e-02, 1.113365123145693830e-01, 3.852705009581375295e-01
4.044410121813621362e-01, 9.903574991857190535e-02, 1.112408667954992020e-01, 3.852823711045667565e-01
4.046349499216768675e-01, 9.892584484885912077e-02, 1.111458283721460522e-01, 3.852933768573179596e-01
4.048282929989482359e-01, 9.881679003216359281e-02, 1.110513998729204671e-01, 3.853035170959677735e-01
4.050210375033854726e-01, 9.870858766102094672e-02, 1.109575841391974849e-01, 3.853127906963960680e-01
4.052131795019532357e-01, 9.860123994190281294e-02, 1.108643840253413920e-01, 3.853211965308026010e-01
4.054047150383010001e-01, 9.849474909524635891e-02, 1.107718023987294964e-01, 3.853287334677232834e-01
4.055956401326938354e-01, 9.838911735548305781e-02, 1.106798421397754834e-01, 3.853354003720474985e-01
4.057859507819429612e-01, 9.828434697106706863e-02, 1.105885061419526194e-01, 3.853411961050372536e-01
4.059756429593365801e-01, 9.818044020450274190e-02, 1.104977973118158874e-01, 3.853461195243448878e-01
4.061647126145719877e-01, 9.807739933237120955e-02, 1.104077185690234969e-01, 3.853501694840332226e-01
4.063531556736885708e-01, 9.797522664535641967e-02, 1.103182728463586310e-01, 3.853533448345962675e-01
4.065409680389995839e-01, 9.787392444827053284e-02, 1.102294630897496935e-01, 3.853556444229800926e-01
4.067281455890274788e-01, 9.777349506007804170e-02, 1.101412922582900994e-01, 3.853570670926044772e-01
4.069146841784366808e-01, 9.767394081391955751e-02, 1.100537633242578972e-01, 3.853576116833859477e-01
4.071005796379695840e-01, 9.757526405713454198e-02, 1.099668792731344213e-01, 3.853572770317613694e-01
4.072858277743821587e-01, 9.747746715128340067e-02, 1.098806431036220138e-01, 3.853560619707124268e-01
4.074704243703801132e-01, 9.738055247216820254e-02, 1.097950578276616490e-01, 3.853539653297899936e-01
4.076543651845561667e-01, 9.728452240985327459e-02, 1.097101264704493651e-01, 3.853509859351411104e-01
4.078376459513284868e-01, 9.718937936868432548e-02, 1.096258520704521261e-01, 3.853471226095351310e-01
4.080202623808785178e-01, 9.709512576730666700e-02, 1.095422376794230601e-01, 3.853423741723917550e-01
4.082022101590915275e-01, 9.700176403868306096e-02, 1.094592863624158502e-01, 3.853367394398097279e-01
4.083834849474962114e-01, 9.690929663010984518e-02, 1.093770011977981821e-01, 3.853302172245958168e-01
4.085640823832066837e-01, 9.681772600323262923e-02, 1.092953852772647061e-01, 3.853228063362960643e-01
4.087439980788641347e-01, 9.672705463406083837e-02, 1.092144417058488609e-01, 3.853145055812262076e-01
4.089232276225801543e-01, 9.663728501298114726e-02, 1.091341736019342534e-01, 3.853053137625045421e-01
4.091017665778805545e-01, 9.654841964477001159e-02, 1.090545840972648312e-01, 3.852952296800847276e-01
4.092796104836504134e-01, 9.646046104860511727e-02, 1.089756763369541526e-01, 3.852842521307903167e-01
4.094567548540805069e-01, 9.637341175807576099e-02, 1.088974534794941579e-01, 3.852723799083495049e-01
4.096331951786134629e-01, 9.628727432119196794e-02, 1.088199186967627602e-01, 3.852596118034318784e-01
4.098089269218923580e-01, 9.620205130039287400e-02, 1.087430751740302709e-01, 3.852459466036844971e-01
4.099839455237099806e-01, 9.611774527255347034e-02, 1.086669261099653533e-01, 3.852313830937711958e-01
4.101582463989582594e-01, 9.603435882899072351e-02, 1.085914747166397548e-01, 3.852159200554112206e-01
4.103318249375808580e-01, 9.595189457546805800e-02, 1.085167242195318460e-01, 3.851995562674192519e-01
4.105046765045242130e-01, 9.587035513219888117e-02, 1.084426778575295902e-01, 3.851822905057472601e-01
4.106767964396924597e-01, 9.578974313384887307e-02, 1.083693388829320980e-01, 3.851641215435264720e-01
4.108481800579016907e-01, 9.571006122953697182e-02, 1.082967105614501685e-01, 3.851450481511113355e-01
4.110188226488362129e-01, 9.563131208283486007e-02, 1.082247961722057616e-01, 3.851250690961232626e-01
4.111887194770061371e-01, 9.555349837176586869e-02, 1.081535990077307496e-01, 3.851041831434972584e-01
4.113578657817061335e-01, 9.547662278880165998e-02, 1.080831223739638219e-01, 3.850823890555284401e-01
4.115262567769749635e-01, 9.540068804085818921e-02, 1.080133695902467383e-01, 3.850596855919201644e-01
4.116938876515578438e-01, 9.532569684929012577e-02, 1.079443439893192636e-01, 3.850360715098327113e-01
4.118607535688688093e-01, 9.525165194988362283e-02, 1.078760489173128112e-01, 3.850115455639346873e-01
4.120268496669548530e-01, 9.517855609284832374e-02, 1.078084877337431718e-01, 3.849861065064536514e-01
4.121921710584618981e-01, 9.510641204280714800e-02, 1.077416638115014508e-01, 3.849597530872295170e-01
4.123567128306021567e-01, 9.503522257878506407e-02, 1.076755805368442009e-01, 3.849324840537685088e-01
4.125204700451228224e-01, 9.496499049419650229e-02, 1.076102413093821403e-01, 3.849042981512986183e-01
4.126834377382763708e-01, 9.489571859683067212e-02, 1.075456495420673425e-01, 3.848751941228255591e-01
4.128456109207929714e-01, 9.482740970883594966e-02, 1.074818086611792622e-01, 3.848451707091918306e-01
4.130069845778532311e-01, 9.476006666670237777e-02, 1.074187221063094139e-01, 3.848142266491349495e-01
4.131675536690646022e-01, 9.469369232124258406e-02, 1.073563933303444129e-01, 3.847823606793484008e-01
4.133273131284377344e-01, 9.462828953757122796e-02, 1.072948257994478516e-01, 3.847495715345431999e-01
4.134862578643651587e-01, 9.456386119508233823e-02, 1.072340229930405370e-01, 3.847158579475119522e-01
4.136443827596023581e-01, 9.450041018742587340e-02, 1.071739884037793272e-01, 3.846812186491925245e-01
4.138016826712497820e-01, 9.443793942248152051e-02, 1.071147255375343582e-01, 3.846456523687343809e-01
4.139581524307371918e-01, 9.437645182233155017e-02, 1.070562379133649239e-01, 3.846091578335662509e-01
4.141137868438100056e-01, 9.431595032323145111e-02, 1.069985290634935388e-01, 3.845717337694649074e-01
4.142685806905170853e-01, 9.425643787557909381e-02, 1.069416025332784875e-01, 3.845333789006253888e-01
4.144225287252008560e-01, 9.419791744388149313e-02, 1.068854618811849455e-01, 3.844940919497326082e-01
4.145756256764899228e-01, 9.414039200672076613e-02, 1.068301106787541005e-01, 3.844538716380352383e-01
4.147278662472924649e-01, 9.408386455671698123e-02, 1.067755525105708592e-01, 3.844127166854197086e-01
4.148792451147931271e-01, 9.402833810049003593e-02, 1.067217909742297632e-01, 3.843706258104870321e-01
4.150297569304511880e-01, 9.397381565861914754e-02, 1.066688296802990321e-01, 3.843275977306306879e-01
4.151793963200012261e-01, 9.392030026560038714e-02, 1.066166722522829818e-01, 3.842836311621154466e-01
4.153281578834556176e-01, 9.386779496980227067e-02, 1.065653223265827509e-01, 3.842387248201592498e-01
4.154760361951106984e-01, 9.381630283341951815e-02, 1.065147835524548198e-01, 3.841928774190149776e-01
4.156230258035528702e-01, 9.376582693242421773e-02, 1.064650595919678505e-01, 3.841460876720551032e-01
4.157691212316690366e-01, 9.371637035651557424e-02, 1.064161541199580285e-01, 3.840983542918573468e-01
4.159143169766592596e-01, 9.366793620906695150e-02, 1.063680708239816419e-01, 3.840496759902921609e-01
