3.320624765475141960e-01, 2.555896966103517465e-01, 3.166161162851391930e-01, 9.573171055699492005e-02
3.321470891551733251e-01, 2.560230630050702727e-01, 3.159123756959208995e-01, 9.591747214383541942e-02
3.322310055730906542e-01, 2.564564396580313321e-01, 3.152087176521273237e-01, 9.610383711675078711e-02
3.323142260823051530e-01, 2.568898206336840406e-01, 3.145051500216199392e-01, 9.629080326239096432e-02
3.323967509800836440e-01, 2.573231999984680884e-01, 3.138016806551022220e-01, 9.647836836634604563e-02
3.324785805798767258e-01, 2.577565718209150480e-01, 3.130983173860563684e-01, 9.666653021315177452e-02
3.325597152112739208e-01, 2.581899301717491824e-01, 3.123950680306815664e-01, 9.685528658629531662e-02
3.326401552199578227e-01, 2.586232691239893633e-01, 3.116919403878308792e-01, 9.704463526822182384e-02
3.327199009676590213e-01, 2.590565827530508791e-01, 3.109889422389490177e-01, 9.723457404034109575e-02
3.327989528321080859e-01, 2.594898651368474640e-01, 3.102860813480092239e-01, 9.742510068303511517e-02
3.328773112069895457e-01, 2.599231103558938827e-01, 3.095833654614508212e-01, 9.761621297566580591e-02
3.329549765018928187e-01, 2.603563124934081818e-01, 3.088808023081157095e-01, 9.780790869658323450e-02
3.330319491422644163e-01, 2.607894656354151630e-01, 3.081783995991858593e-01, 9.800018562313451975e-02
3.331082295693582052e-01, 2.612225638708488007e-01, 3.074761650281199188e-01, 9.819304153167306148e-02
3.331838182401853921e-01, 2.616556012916562701e-01, 3.067741062705904298e-01, 9.838647419756806067e-02
3.332587156274641749e-01, 2.620885719929007540e-01, 3.060722309844201017e-01, 9.858048139521501108e-02
3.333329222195687280e-01, 2.625214700728658035e-01, 3.053705468095194719e-01, 9.877506089804609368e-02
3.334064385204768000e-01, 2.629542896331589774e-01, 3.046690613678227910e-01, 9.897021047854145936e-02
3.334792650497175326e-01, 2.633870247788159813e-01, 3.039677822632256832e-01, 9.916592790824083070e-02
3.335514023423183927e-01, 2.638196696184048617e-01, 3.032667170815211977e-01, 9.936221095775547851e-02
3.336228509487509375e-01, 2.642522182641308670e-01, 3.025658733903373032e-01, 9.955905739678087840e-02
3.336936114348768023e-01, 2.646846648319404749e-01, 3.018652587390731612e-01, 9.975646499410965873e-02
3.337636843818921895e-01, 2.651170034416264754e-01, 3.011648806588362870e-01, 9.995443151764502043e-02
3.338330703862723570e-01, 2.655492282169329976e-01, 3.004647466623797114e-01, 1.001529547344148924e-01
3.339017700597153304e-01, 2.659813332856600931e-01, 2.997648642440385869e-01, 1.003520324105860728e-01
3.339697840290841158e-01, 2.664133127797690959e-01, 2.990652408796674044e-01, 1.005516623114794117e-01
3.340371129363500224e-01, 2.668451608354881488e-01, 2.983658840265770995e-01, 1.007518422015847154e-01
3.341037574385333220e-01, 2.672768715934167316e-01, 2.976668011234727129e-01, 1.009525698445772057e-01
3.341697182076447947e-01, 2.677084391986321865e-01, 2.969679995903899417e-01, 1.011538430033330493e-01
3.342349959306259444e-01, 2.681398578007941902e-01, 2.962694868286332439e-01, 1.013556594399466493e-01
3.342995913092884352e-01, 2.685711215542507246e-01, 2.955712702207133891e-01, 1.015580169157475066e-01
3.343635050602533632e-01, 2.690022246181437704e-01, 2.948733571302847856e-01, 1.017609131913181086e-01
3.344267379148896935e-01, 2.694331611565149442e-01, 2.941757549020836970e-01, 1.019643460265116930e-01
3.344892906192514226e-01, 2.698639253384109149e-01, 2.934784708618662363e-01, 1.021683131804713152e-01
3.345511639340155163e-01, 2.702945113379897069e-01, 2.927815123163465261e-01, 1.023728124116483340e-01
3.346123586344176282e-01, 2.707249133346253944e-01, 2.920848865531349703e-01, 1.025778414778220488e-01
3.346728755101880393e-01, 2.711551255130151272e-01, 2.913886008406770256e-01, 1.027833981361198495e-01
3.347327153654869880e-01, 2.715851420632839908e-01, 2.906926624281918059e-01, 1.029894801430372847e-01
3.347918790188389448e-01, 2.720149571810908662e-01, 2.899970785456112421e-01, 1.031960852544589191e-01
3.348503673030666095e-01, 2.724445650677344011e-01, 2.893018564035192419e-01, 1.034032112256798031e-01
3.349081810652238533e-01, 2.728739599302583696e-01, 2.886070031930909052e-01, 1.036108558114268441e-01
3.349653211665282737e-01, 2.733031359815575878e-01, 2.879125260860327939e-01, 1.038190167658812335e-01
3.350217884822937475e-01, 2.737320874404831628e-01, 2.872184322345222585e-01, 1.040276918427008451e-01
3.350775839018605429e-01, 2.741608085319480748e-01, 2.865247287711480406e-01, 1.042368787950433695e-01
3.351327083285268182e-01, 2.745892934870328150e-01, 2.858314228088505438e-01, 1.044465753755897258e-01
3.351871626794785120e-01, 2.750175365430906349e-01, 2.851385214408631019e-01, 1.046567793365678900e-01
3.352409478857181213e-01, 2.754455319438522953e-01, 2.844460317406523053e-01, 1.048674884297773474e-01
3.352940648919939814e-01, 2.758732739395319822e-01, 2.837539607618601578e-01, 1.050787004066138230e-01
3.353465146567281008e-01, 2.763007567869318892e-01, 2.830623155382455680e-01, 1.052904130180944003e-01
3.353982981519436080e-01, 2.767279747495471898e-01, 2.823711030836261182e-01, 1.055026240148831257e-01
3.354494163631914216e-01, 2.771549220976705641e-01, 2.816803303918207213e-01, 1.057153311473171819e-01
3.354998702894766982e-01, 2.775815931084972266e-01, 2.809900044365927219e-01, 1.059285321654332424e-01
3.355496609431841692e-01, 2.780079820662291201e-01, 2.803001321715924421e-01, 1.061422248189943240e-01
3.355987893500027575e-01, 2.784340832621790551e-01, 2.796107205303009491e-01, 1.063564068575172522e-01
3.356472565488505810e-01, 2.788598909948752369e-01, 2.789217764259740440e-01, 1.065710760303001103e-01
3.356950635917979597e-01, 2.792853995701647385e-01, 2.782333067515866398e-01, 1.067862300864506897e-01
3.357422115439906429e-01, 2.797106033013175286e-01, 2.775453183797771395e-01, 1.070018667749148278e-01
3.357887014835722050e-01, 2.801354965091297222e-01, 2.768578181627928680e-01, 1.072179838445053157e-01
3.358345345016059968e-01, 2.805600735220271091e-01, 2.761708129324353944e-01, 1.074345790439314580e-01
3.358797117019959866e-01, 2.809843286761680714e-01, 2.754843095000071851e-01, 1.076516501218287986e-01
3.359242342014074900e-01, 2.814082563155465011e-01, 2.747983146562570367e-01, 1.078691948267890693e-01
3.359681031291872344e-01, 2.818318507920940519e-01, 2.741128351713277289e-01, 1.080872109073909432e-01
3.360113196272825342e-01, 2.822551064657829456e-01, 2.734278777947033445e-01, 1.083056961122311618e-01
3.360538848501598008e-01, 2.826780177047277798e-01, 2.727434492551570333e-01, 1.085246481899554000e-01
3.360957999647229411e-01, 2.831005788852871130e-01, 2.720595562606993867e-01, 1.087440648892905870e-01
3.361370661502309787e-01, 2.835227843921650503e-01, 2.713762054985273675e-01, 1.089639439590766590e-01
3.361776845982144546e-01, 2.839446286185126622e-01, 2.706934036349736283e-01, 1.091842831482991855e-01
3.362176565123922711e-01, 2.843661059660285151e-01, 2.700111573154567735e-01, 1.094050802061224542e-01
3.362569831085869265e-01, 2.847872108450592021e-01, 2.693294731644312878e-01, 1.096263328819225141e-01
3.362956656146399714e-01, 2.852079376747000405e-01, 2.686483577853390758e-01, 1.098480389253209816e-01
3.363337052703261887e-01, 2.856282808828941588e-01, 2.679678177605606115e-01, 1.100701960862190826e-01
3.363711033272679396e-01, 2.860482349065325836e-01, 2.672878596513673655e-01, 1.102928021148320559e-01
3.364078610488482335e-01, 2.864677941915533266e-01, 2.666084899978745093e-01, 1.105158547617239723e-01
3.364439797101231311e-01, 2.868869531930399730e-01, 2.659297153189937868e-01, 1.107393517778429703e-01
3.364794605977349806e-01, 2.873057063753202134e-01, 2.652515421123883277e-01, 1.109632909145565477e-01
3.365143050098226007e-01, 2.877240482120637655e-01, 2.645739768544259074e-01, 1.111876699236876848e-01
3.365485142559332954e-01, 2.881419731863802403e-01, 2.638970260001353707e-01, 1.114124865575510243e-01
3.365820896569332032e-01, 2.885594757909158981e-01, 2.632206959831613347e-01, 1.116377385689894669e-01
3.366150325449164815e-01, 2.889765505279509594e-01, 2.625449932157213340e-01, 1.118634237114111973e-01
3.366473442631155444e-01, 2.893931919094954175e-01, 2.618699240885623003e-01, 1.120895397388268350e-01
3.366790261658089145e-01, 2.898093944573854053e-01, 2.611954949709184848e-01, 1.123160844058872093e-01
3.367100796182300182e-01, 2.902251527033783418e-01, 2.605217122104701022e-01, 1.125430554679214407e-01
3.367405059964747593e-01, 2.906404611892482448e-01, 2.598485821333018086e-01, 1.127704506809752150e-01
3.367703066874079831e-01, 2.910553144668798775e-01, 2.591761110438629001e-01, 1.129982678018492115e-01
3.367994830885708835e-01, 2.914697070983631733e-01, 2.585043052249273443e-01, 1.132265045881386545e-01
3.368280366080859123e-01, 2.918836336560864941e-01, 2.578331709375553116e-01, 1.134551587982722681e-01
3.368559686645634654e-01, 2.922970887228298897e-01, 2.571627144210546501e-01, 1.136842281915520086e-01
3.368832806870053487e-01, 2.927100668918578563e-01, 2.564929418929435823e-01, 1.139137105281932127e-01
3.369099741147104643e-01, 2.931225627670107081e-01, 2.558238595489140121e-01, 1.141436035693647738e-01
3.369360503971773890e-01, 2.935345709627969479e-01, 2.551554735627956094e-01, 1.143739050772300120e-01
3.369615109940086173e-01, 2.939460861044835283e-01, 2.544877900865203935e-01, 1.146046128149873777e-01
3.369863573748127505e-01, 2.943571028281868340e-01, 2.538208152500885384e-01, 1.148357245469118493e-01
3.370105910191068532e-01, 2.947676157809621666e-01, 2.531545551615344558e-01, 1.150672380383965798e-01
3.370342134162179759e-01, 2.951776196208933944e-01, 2.524890159068937101e-01, 1.152991510559948224e-01
3.370572260651850116e-01, 2.955871090171814375e-01, 2.518242035501717102e-01, 1.155314613674619378e-01
3.370796304746581651e-01, 2.959960786502325858e-01, 2.511601241333112355e-01, 1.157641667417980968e-01
3.371014281628003095e-01, 2.964045232117459849e-01, 2.504967836761626820e-01, 1.159972649492910374e-01
3.371226206571859563e-01, 2.968124374048006775e-01, 2.498341881764541417e-01, 1.162307537615591135e-01
3.371432094947004465e-01, 2.972198159439422560e-01, 2.491723436097625088e-01, 1.164646309515947054e-01
3.371631962214389211e-01, 2.976266535552679060e-01, 2.485112559294852530e-01, 1.166988942938079615e-01
3.371825823926039578e-01, 2.980329449765121708e-01, 2.478509310668132737e-01, 1.169335415640706116e-01
3.372013695724038751e-01, 2.984386849571312172e-01, 2.471913749307046715e-01, 1.171685705397603333e-01
3.372195593339493702e-01, 2.988438682583864914e-01, 2.465325934078589076e-01, 1.174039789998053279e-01
3.372371532591502130e-01, 2.992484896534285399e-01, 2.458745923626923513e-01, 1.176397647247288542e-01
3.372541529386121617e-01, 2.996525439273788338e-01, 2.452173776373144654e-01, 1.178759254966945808e-01
3.372705599715317137e-01, 3.000560258774117584e-01, 2.445609550515046859e-01, 1.181124590995518281e-01
3.372863759655921334e-01, 3.004589303128364364e-01, 2.439053304026904678e-01, 1.183493633188810318e-01
3.373016025368578141e-01, 3.008612520551762759e-01, 2.432505094659262457e-01, 1.185866359420397198e-01
3.373162413096688073e-01, 3.012629859382494613e-01, 2.425964979938729504e-01, 1.188242747582087394e-01
3.373302939165348513e-01, 3.016641268082478899e-01, 2.419433017167790245e-01, 1.190622775584384146e-01
3.373437619980283464e-01, 3.020646695238153323e-01, 2.412909263424612982e-01, 1.193006421356951063e-01
3.373566472026776619e-01, 3.024646089561254247e-01, 2.406393775562883641e-01, 1.195393662849085492e-01
3.373689511868598889e-01, 3.028639399889583861e-01, 2.399886610211633686e-01, 1.197784478030183980e-01
3.373806756146924268e-01, 3.032626575187773454e-01, 2.393387823775084688e-01, 1.200178844890218005e-01
3.373918221579248478e-01, 3.036607564548036153e-01, 2.386897472432503442e-01, 1.202576741440212066e-01
3.374023924958302612e-01, 3.040582317190916872e-01, 2.380415612138061798e-01, 1.204978145712717469e-01
3.374123883150959569e-01, 3.044550782466030614e-01, 2.373942298620712044e-01, 1.207383035762297635e-01
3.374218113097139371e-01, 3.048512909852790220e-01, 2.367477587384063664e-01, 1.209791389666006467e-01
3.374306631808704493e-01, 3.052468648961139674e-01, 2.361021533706280373e-01, 1.212203185523875876e-01
3.374389456368361850e-01, 3.056417949532259648e-01, 2.354574192639976027e-01, 1.214618401459403307e-01
3.374466603928548136e-01, 3.060360761439281929e-01, 2.348135619012130804e-01, 1.217037015620039825e-01
3.374538091710319598e-01, 3.064297034687990529e-01, 2.341705867424008491e-01, 1.219459006177680688e-01
3.374603937002236265e-01, 3.068226719417511128e-01, 2.335284992251089042e-01, 1.221884351329163149e-01
3.374664157159240063e-01, 3.072149765900994978e-01, 2.328873047643007788e-01, 1.224313029296757172e-01
3.374718769601529611e-01, 3.076066124546296132e-01, 2.322470087523509086e-01, 1.226745018328664893e-01
3.374767791813431117e-01, 3.079975745896639805e-01, 2.316076165590406910e-01, 1.229180296699521752e-01
3.374811241342269841e-01, 3.083878580631280175e-01, 2.309691335315554594e-01, 1.231618842710896777e-01
3.374849135797227673e-01, 3.087774579566148758e-01, 2.303315649944828736e-01, 1.234060634691794833e-01
3.374881492848209597e-01, 3.091663693654505551e-01, 2.296949162498119479e-01, 1.236505650999165096e-01
3.374908330224696273e-01, 3.095545873987562424e-01, 2.290591925769334680e-01, 1.238953870018406067e-01
3.374929665714599958e-01, 3.099421071795114280e-01, 2.284243992326412953e-01, 1.241405270163874058e-01
3.374945517163105979e-01, 3.103289238446154119e-01, 2.277905414511343651e-01, 1.243859829879396806e-01
3.374955902471530877e-01, 3.107150325449480333e-01, 2.271576244440206005e-01, 1.246317527638782924e-01
3.374960839596152784e-01, 3.111004284454296775e-01, 2.265256534003211308e-01, 1.248778341946338577e-01
3.374960346547058454e-01, 3.114851067250801187e-01, 2.258946334864756489e-01, 1.251242251337383038e-01
3.374954441386972537e-01, 3.118690625770769165e-01, 2.252645698463494051e-01, 1.253709234378763970e-01
3.374943142230092952e-01, 3.122522912088120939e-01, 2.246354676012406459e-01, 1.256179269669379928e-01
3.374926467240919048e-01, 3.126347878419488135e-01, 2.240073318498892463e-01, 1.258652335840699521e-01
3.374904434633075878e-01, 3.130165477124771112e-01, 2.233801676684870341e-01, 1.261128411557282392e-01
3.374877062668136807e-01, 3.133975660707674082e-01, 2.227539801106881434e-01, 1.263607475517307122e-01
3.374844369654443899e-01, 3.137778381816248019e-01, 2.221287742076214766e-01, 1.266089506453091651e-01
3.374806373945922755e-01, 3.141573593243415785e-01, 2.215045549679038606e-01, 1.268574483131622854e-01
3.374763093940891245e-01, 3.145361247927485060e-01, 2.208813273776537855e-01, 1.271062384355085007e-01
3.374714548080878229e-01, 3.149141298952659596e-01, 2.202590964005074481e-01, 1.273553188961386862e-01
3.374660754849422850e-01, 3.152913699549534376e-01, 2.196378669776348491e-01, 1.276046875824695115e-01
3.374601732770878271e-01, 3.156678403095585228e-01, 2.190176440277572800e-01, 1.278543423855964256e-01
3.374537500409218738e-01, 3.160435363115647323e-01, 2.183984324471663074e-01, 1.281042812003471421e-01
3.374468076366832769e-01, 3.164184533282381473e-01, 2.177802371097435352e-01, 1.283545019253350961e-01
3.374393479283320230e-01, 3.167925867416736541e-01, 2.171630628669814211e-01, 1.286050024630128741e-01
3.374313727834282739e-01, 3.171659319488400186e-01, 2.165469145480054813e-01, 1.288557807197261984e-01
3.374228840730119083e-01, 3.175384843616232966e-01, 2.159317969595976050e-01, 1.291068346057673288e-01
3.374138836714802858e-01, 3.179102394068700765e-01, 2.153177148862203127e-01, 1.293581620354293249e-01
3.374043734564680097e-01, 3.182811925264296127e-01, 2.147046730900423750e-01, 1.296097609270600026e-01
3.373943553087239700e-01, 3.186513391771949588e-01, 2.140926763109653186e-01, 1.298616292031157804e-01
3.373838311119899402e-01, 3.190206748311421037e-01, 2.134817292666515154e-01, 1.301137647902164685e-01
3.373728027528782314e-01, 3.193891949753701609e-01, 2.128718366525528261e-01, 1.303661656191988649e-01
3.373612721207488452e-01, 3.197568951121382286e-01, 2.122630031419410479e-01, 1.306188296251717951e-01
3.373492411075875164e-01, 3.201237707589030812e-01, 2.116552333859390289e-01, 1.308717547475703458e-01
3.373367116078817007e-01, 3.204898174483548634e-01, 2.110485320135531417e-01, 1.311249389302103496e-01
3.373236855184980065e-01, 3.208550307284517844e-01, 2.104429036317068957e-01, 1.313783801213433133e-01
3.373101647385586266e-01, 3.212194061624545904e-01, 2.098383528252757979e-01, 1.316320762737110683e-01
3.372961511693179371e-01, 3.215829393289586502e-01, 2.092348841571231299e-01, 1.318860253446003106e-01
3.372816467140380969e-01, 3.219456258219263733e-01, 2.086325021681374459e-01, 1.321402252958980839e-01
3.372666532778657023e-01, 3.223074612507177417e-01, 2.080312113772703753e-01, 1.323946740941461531e-01
3.372511727677068860e-01, 3.226684412401201185e-01, 2.074310162815765357e-01, 1.326493697105965153e-01
3.372352070921030287e-01, 3.230285614303767816e-01, 2.068319213562539727e-01, 1.329043101212661615e-01
3.372187581611066909e-01, 3.233878174772147895e-01, 2.062339310546859872e-01, 1.331594933069924769e-01
3.372018278861560470e-01, 3.237462050518714052e-01, 2.056370498084843790e-01, 1.334149172534881689e-01
3.371844181799499851e-01, 3.241037198411197418e-01, 2.050412820275331893e-01, 1.336705799513969450e-01
3.371665309563235402e-01, 3.244603575472932433e-01, 2.044466321000348030e-01, 1.339264793963483857e-01
3.371481681301218281e-01, 3.248161138883086663e-01, 2.038531043925557729e-01, 1.341826135890137606e-01
3.371293316170748122e-01, 3.251709845976890056e-01, 2.032607032500752253e-01, 1.344389805351610401e-01
3.371100233336715712e-01, 3.255249654245844226e-01, 2.026694329960332941e-01, 1.346955782457106288e-01
3.370902451970348990e-01, 3.258780521337925618e-01, 2.020792979323817462e-01, 1.349524047367906543e-01
3.370699991247943506e-01, 3.262302405057777577e-01, 2.014903023396350523e-01, 1.352094580297928395e-01
3.370492870349611203e-01, 3.265815263366884658e-01, 2.009024504769228447e-01, 1.354667361514275414e-01
3.370281108458010322e-01, 3.269319054383753032e-01, 2.003157465820439853e-01, 1.357242371337798459e-01
3.370064724757083630e-01, 3.272813736384058148e-01, 1.997301948715211328e-01, 1.359819590143647727e-01
3.369843738430796654e-01, 3.276299267800799053e-01, 1.991457995406571424e-01, 1.362398998361833147e-01
3.369618168661864255e-01, 3.279775607224434952e-01, 1.985625647635922697e-01, 1.364980576477778373e-01
3.369388034630487194e-01, 3.283242713403007884e-01, 1.979804946933627630e-01, 1.367564305032877292e-01
3.369153355513080927e-01, 3.286700545242261517e-01, 1.973995934619604820e-01, 1.370150164625052736e-01
3.368914150481005509e-01, 3.290149061805744402e-01, 1.968198651803937937e-01, 1.372738135909312152e-01
3.368670438699294944e-01, 3.293588222314899339e-01, 1.962413139387499394e-01, 1.375328199598306322e-01
3.368422239325383760e-01, 3.297017986149152202e-01, 1.956639438062579839e-01, 1.377920336462884476e-01
3.368169571507831916e-01, 3.300438312845979105e-01, 1.950877588313536526e-01, 1.380514527332652452e-01
3.367912454385054155e-01, 3.303849162100964132e-01, 1.945127630417449183e-01, 1.383110753096531143e-01
3.367650907084042688e-01, 3.307250493767857624e-01, 1.939389604444788362e-01, 1.385708994703311880e-01
3.367384948719087112e-01, 3.310642267858602827e-01, 1.933663550260096842e-01, 1.388309233162213219e-01
3.367114598390505975e-01, 3.314024444543369197e-01, 1.927949507522683792e-01, 1.390911449543441314e-01
3.366839875183357256e-01, 3.317396984150569605e-01, 1.922247515687330044e-01, 1.393515624978743372e-01
3.366560798166171042e-01, 3.320759847166862566e-01, 1.916557614005001686e-01, 1.396121740661965815e-01
3.366277386389662230e-01, 3.324112994237144458e-01, 1.910879841523582812e-01, 1.398729777849611333e-01
3.365989658885453761e-01, 3.327456386164535651e-01, 1.905214237088616314e-01, 1.401339717861393996e-01
3.365697634664797100e-01, 3.330789983910350527e-01, 1.899560839344052732e-01, 1.403951542080798531e-01
3.365401332717288807e-01, 3.334113748594059179e-01, 1.893919686733020746e-01, 1.406565231955632100e-01
3.365100772009587682e-01, 3.337427641493232455e-01, 1.888290817498597396e-01, 1.409180768998582467e-01
3.364795971484135784e-01, 3.340731624043485892e-01, 1.882674269684603552e-01, 1.411798134787775050e-01
3.364486950057876125e-01, 3.344025657838400889e-01, 1.877070081136399116e-01, 1.414417310967324704e-01
3.364173726620964255e-01, 3.347309704629447547e-01, 1.871478289501697367e-01, 1.417038279247891386e-01
3.363856320035492620e-01, 3.350583726325881417e-01, 1.865898932231390139e-01, 1.419661021407237489e-01
3.363534749134198809e-01, 3.353847684994642475e-01, 1.860332046580381038e-01, 1.422285519290776845e-01
3.363209032719191582e-01, 3.357101542860237431e-01, 1.854777669608437263e-01, 1.424911754812133446e-01
3.362879189560655790e-01, 3.360345262304607061e-01, 1.849235838181047253e-01, 1.427539709953690727e-01
3.362545238395573954e-01, 3.363578805866991317e-01, 1.843706588970289439e-01, 1.430169366767145567e-01
3.362207197926445068e-01, 3.366802136243773891e-01, 1.838189958455720419e-01, 1.432800707374061455e-01
3.361865086819991189e-01, 3.370015216288321236e-01, 1.832685982925268131e-01, 1.435433713966420000e-01
3.361518923705881789e-01, 3.373218009010811591e-01, 1.827194698476138079e-01, 1.438068368807168818e-01
3.361168727175441462e-01, 3.376410477578048464e-01, 1.821716141015732315e-01, 1.440704654230776649e-01
3.360814515780375378e-01, 3.379592585313266340e-01, 1.816250346262577864e-01, 1.443342552643781251e-01
3.360456308031471995e-01, 3.382764295695917522e-01, 1.810797349747272356e-01, 1.445982046525337572e-01
3.360094122397330185e-01, 3.385925572361467295e-01, 1.805357186813435211e-01, 1.448623118427768419e-01
3.359727977303065827e-01, 3.389076379101153003e-01, 1.799929892618669647e-01, 1.451265750977111801e-01
3.359357891129037266e-01, 3.392216679861748685e-01, 1.794515502135547447e-01, 1.453909926873667990e-01
3.358983882209552463e-01, 3.395346438745314721e-01, 1.789114050152587621e-01, 1.456555628892546028e-01
3.358605968831591126e-01, 3.398465620008934152e-01, 1.783725571275262545e-01, 1.459202839884211345e-01
3.358224169233520184e-01, 3.401574188064441229e-01, 1.778350099927010763e-01, 1.461851542775028656e-01
3.357838501603809811e-01, 3.404672107478132759e-01, 1.772987670350250067e-01, 1.464501720567806531e-01
3.357448984079752230e-01, 3.407759342970479444e-01, 1.767638316607422211e-01, 1.467153356342344173e-01
3.357055634746182182e-01, 3.410835859415814464e-01, 1.762302072582033752e-01, 1.469806433255970712e-01
3.356658471634185181e-01, 3.413901621842015954e-01, 1.756978971979711313e-01, 1.472460934544086997e-01
3.356257512719831304e-01, 3.416956595430183929e-01, 1.751669048329273226e-01, 1.475116843520710430e-01
3.355852775922884002e-01, 3.420000745514296669e-01, 1.746372334983808949e-01, 1.477774143579011767e-01
3.355444279105521121e-01, 3.423034037580858224e-01, 1.741088865121765694e-01, 1.480432818191855793e-01
3.355032040071062038e-01, 3.426056437268545363e-01, 1.735818671748054209e-01, 1.483092850912338945e-01
3.354616076562680349e-01, 3.429067910367828431e-01, 1.730561787695161780e-01, 1.485754225374328608e-01
3.354196406262134889e-01, 3.432068422820591103e-01, 1.725318245624276325e-01, 1.488416925292997683e-01
3.353773046788482426e-01, 3.435057940719736802e-01, 1.720088078026418832e-01, 1.491080934465362773e-01
3.353346015696809235e-01, 3.438036430308783475e-01, 1.714871317223593816e-01, 1.493746236770813474e-01
3.352915330476952671e-01, 3.441003857981449476e-01, 1.709667995369944793e-01, 1.496412816171652505e-01
3.352481008552226083e-01, 3.443960190281226130e-01, 1.704478144452923338e-01, 1.499080656713624726e-01
3.352043067278142052e-01, 3.446905393900941417e-01, 1.699301796294467592e-01, 1.501749742526448106e-01
3.351601523941145633e-01, 3.449839435682314215e-01, 1.694138982552193806e-01, 1.504420057824346624e-01
3.351156395757335926e-01, 3.452762282615490230e-01, 1.688989734720596769e-01, 1.507091586906576242e-01
3.350707699871198209e-01, 3.455673901838582918e-01, 1.683854084132261619e-01, 1.509764314157956977e-01
3.350255453354332169e-01, 3.458574260637183873e-01, 1.678732061959087030e-01, 1.512438224049397206e-01
3.349799673204183481e-01, 3.461463326443879329e-01, 1.673623699213516725e-01, 1.515113301138421298e-01
3.349340376342774261e-01, 3.464341066837746119e-01, 1.668529026749786814e-01, 1.517789530069692805e-01
3.348877579615438527e-01, 3.467207449543843190e-01, 1.663448075265177017e-01, 1.520466895575539601e-01
3.348411299789555984e-01, 3.470062442432689798e-01, 1.658380875301278812e-01, 1.523145382476475962e-01
3.347941553553280269e-01, 3.472906013519728718e-01, 1.653327457245267751e-01, 1.525824975681722429e-01
3.347468357514287729e-01, 3.475738130964790562e-01, 1.648287851331192433e-01, 1.528505660189730386e-01
3.346991728198503990e-01, 3.478558763071534221e-01, 1.643262087641269575e-01, 1.531187421088693601e-01
3.346511682048848302e-01, 3.481367878286888984e-01, 1.638250196107191581e-01, 1.533870243557071411e-01
3.346028235423971764e-01, 3.484165445200481104e-01, 1.633252206511442428e-01, 1.536554112864104149e-01
3.345541404597001667e-01, 3.486951432544043161e-01, 1.628268148488625222e-01, 1.539239014370327452e-01
3.345051205754280832e-01, 3.489725809190831751e-01, 1.623298051526803343e-01, 1.541924933528084629e-01
3.344557654994111395e-01, 3.492488544155008534e-01, 1.618341944968840485e-01, 1.544611855882040974e-01
3.344060768325502475e-01, 3.495239606591038495e-01, 1.613399858013764843e-01, 1.547299767069694465e-01
3.343560561666918396e-01, 3.497978965793060446e-01, 1.608471819718135798e-01, 1.549988652821884250e-01
3.343057050845025802e-01, 3.500706591194254202e-01, 1.603557858997418095e-01, 1.552678498963301068e-01
3.342550251593441879e-01, 3.503422452366193318e-01, 1.598658004627372120e-01, 1.555369291412993515e-01
3.342040179551485912e-01, 3.506126519018190613e-01, 1.593772285245451392e-01, 1.558061016184871250e-01
3.341526850262936943e-01, 3.508818760996641473e-01, 1.588900729352208108e-01, 1.560753659388212922e-01
3.341010279174783104e-01, 3.511499148284339955e-01, 1.584043365312710616e-01, 1.563447207228167157e-01
3.340490481635978171e-01, 3.514167650999800441e-01, 1.579200221357968947e-01, 1.566141646006252441e-01
3.339967472896205325e-01, 3.516824239396561524e-01, 1.574371325586371995e-01, 1.568836962120860878e-01
3.339441268104629823e-01, 3.519468883862486019e-01, 1.569556705965131915e-01, 1.571533142067752520e-01
3.338911882308661094e-01, 3.522101554919044863e-01, 1.564756390331739078e-01, 1.574230172440556352e-01
3.338379330452719840e-01, 3.524722223220593254e-01, 1.559970406395426168e-01, 1.576928039931260184e-01
3.337843627377002353e-01, 3.527330859553644005e-01, 1.555198781738642289e-01, 1.579626731330711908e-01
3.337304787816237073e-01, 3.529927434836122035e-01, 1.550441543818533996e-01, 1.582326233529105786e-01
3.336762826398469439e-01, 3.532511920116614412e-01, 1.545698719968439938e-01, 1.585026533516477043e-01
3.336217757643815673e-01, 3.535084286573605961e-01, 1.540970337399388268e-01, 1.587727618383190098e-01
3.335669595963247080e-01, 3.537644505514718762e-01, 1.536256423201607935e-01, 1.590429475320426500e-01
3.335118355657357148e-01, 3.540192548375922788e-01, 1.531557004346049133e-01, 1.593132091620671209e-01
3.334564050915135303e-01, 3.542728386720758182e-01, 1.526872107685909030e-01, 1.595835454678196930e-01
3.334006695812753440e-01, 3.545251992239528138e-01, 1.522201759958168310e-01, 1.598539551989550667e-01
3.333446304312336350e-01, 3.547763336748496754e-01, 1.517545987785137995e-01, 1.601244371154029456e-01
3.332882890260747133e-01, 3.550262392189076910e-01, 1.512904817676010150e-01, 1.603949899874165530e-01
3.332316467388371506e-01, 3.552749130627002039e-01, 1.508278276028423848e-01, 1.606656125956202608e-01
3.331747049307900999e-01, 3.555223524251494016e-01, 1.503666389130033920e-01, 1.609363037310573286e-01
3.331174649513120034e-01, 3.557685545374417724e-01, 1.499069183160089969e-01, 1.612070621952371718e-01
3.330599281377700227e-01, 3.560135166429439502e-01, 1.494486684191027037e-01, 1.614778868001833512e-01
3.330020958153988020e-01, 3.562572359971157288e-01, 1.489918918190054897e-01, 1.617487763684798685e-01
3.329439692971797315e-01, 3.564997098674241860e-01, 1.485365911020770369e-01, 1.620197297333190456e-01
3.328855498837210436e-01, 3.567409355332550325e-01, 1.480827688444762702e-01, 1.622907457385477925e-01
3.328268388631368535e-01, 3.569809102858249039e-01, 1.476304276123237280e-01, 1.625618232387145146e-01
3.327678375109281994e-01, 3.572196314280917662e-01, 1.471795699618642927e-01, 1.628329610991156029e-01
3.327085470898625830e-01, 3.574570962746649871e-01, 1.467301984396305881e-01, 1.631041581958418973e-01
3.326489688498542319e-01, 3.576933021517134104e-01, 1.462823155826076804e-01, 1.633754134158245663e-01
3.325891040278457500e-01, 3.579282463968748162e-01, 1.458359239183979472e-01, 1.636467256568814310e-01
3.325289538476881024e-01, 3.581619263591623858e-01, 1.453910259653869996e-01, 1.639180938277625954e-01
3.324685195200221544e-01, 3.583943393988713311e-01, 1.449476242329104381e-01, 1.641895168481960487e-01
3.324078022421600997e-01, 3.586254828874853584e-01, 1.445057212214210518e-01, 1.644609936489334068e-01
3.323468031979671666e-01, 3.588553542075806346e-01, 1.440653194226571565e-01, 1.647325231717950700e-01
3.322855235577429345e-01, 3.590839507527308627e-01, 1.436264213198112649e-01, 1.650041043697150767e-01
3.322239644781040391e-01, 3.593112699274099708e-01, 1.431890293876994513e-01, 1.652757362067865388e-01
3.321621271018662669e-01, 3.595373091468954119e-01, 1.427531460929321594e-01, 1.655474176583060786e-01
3.321000125579272599e-01, 3.597620658371695201e-01, 1.423187738940846492e-01, 1.658191477108185707e-01
3.320376219611488877e-01, 3.599855374348210901e-01, 1.418859152418687486e-01, 1.660909253621613013e-01
3.319749564122407848e-01, 3.602077213869453454e-01, 1.414545725793052988e-01, 1.663627496215085988e-01
3.319120169976438328e-01, 3.604286151510439073e-01, 1.410247483418969605e-01, 1.666346195094154103e-01
3.318488047894126436e-01, 3.606482161949237653e-01, 1.405964449578019637e-01, 1.669065340578615719e-01
3.317853208451011504e-01, 3.608665219965952464e-01, 1.401696648480084684e-01, 1.671784923102951625e-01
3.317215662076447025e-01, 3.610835300441696538e-01, 1.397444104265092579e-01, 1.674504933216762748e-01
3.316575419052461560e-01, 3.612992378357563483e-01, 1.393206841004775154e-01, 1.677225361585200081e-01
3.315932489512591341e-01, 3.615136428793582768e-01, 1.388984882704427937e-01, 1.679946198989398232e-01
3.315286883440736188e-01, 3.617267426927679441e-01, 1.384778253304680684e-01, 1.682667436326902854e-01
3.314638610670009866e-01, 3.619385348034621086e-01, 1.380586976683269296e-01, 1.685389064612099752e-01
3.313987680881591014e-01, 3.621490167484954781e-01, 1.376411076656815780e-01, 1.688111074976639259e-01
3.313334103603580716e-01, 3.623581860743945171e-01, 1.372250576982614045e-01, 1.690833458669858680e-01
3.312677888209865085e-01, 3.625660403370505880e-01, 1.368105501360421528e-01, 1.693556207059208896e-01
3.312019043918970618e-01, 3.627725771016109269e-01, 1.363975873434255248e-01, 1.696279311630664866e-01
3.311357579792935657e-01, 3.629777939423716182e-01, 1.359861716794195097e-01, 1.699002763989152787e-01
3.310693504736173520e-01, 3.631816884426675163e-01, 1.355763054978190718e-01, 1.701726555858961154e-01
3.310026827494342294e-01, 3.633842581947629991e-01, 1.351679911473874507e-01, 1.704450679084154319e-01
3.309357556653221288e-01, 3.635855007997412236e-01, 1.347612309720380985e-01, 1.707175125628986045e-01
3.308685700637583049e-01, 3.637854138673940474e-01, 1.343560273110167846e-01, 1.709899887578308908e-01
3.308011267710077030e-01, 3.639839950161095072e-01, 1.339523824990845879e-01, 1.712624957137981463e-01
3.307334265970103271e-01, 3.641812418727608525e-01, 1.335502988667012225e-01, 1.715350326635276534e-01
3.306654703352703839e-01, 3.643771520725929691e-01, 1.331497787402085575e-01, 1.718075988519281727e-01
3.305972587627446502e-01, 3.645717232591098034e-01, 1.327508244420152195e-01, 1.720801935361301882e-01
3.305287926397317277e-01, 3.647649530839608412e-01, 1.323534382907810558e-01, 1.723528159855264863e-01
3.304600727097610213e-01, 3.649568392068259781e-01, 1.319576226016021259e-01, 1.726254654818108747e-01
3.303910996994827709e-01, 3.651473792953018882e-01, 1.315633796861966076e-01, 1.728981413190187888e-01
3.303218743185575290e-01, 3.653365710247858944e-01, 1.311707118530905658e-01, 1.731708428035660940e-01
3.302523972595468038e-01, 3.655244120783606165e-01, 1.307796214078042751e-01, 1.734435692542883600e-01
3.301826691978029804e-01, 3.657109001466776754e-01, 1.303901106530391263e-01, 1.737163200024800513e-01
3.301126907913610742e-01, 3.658960329278412305e-01, 1.300021818888647818e-01, 1.739890943919329136e-01
3.300424626808287076e-01, 3.660798081272896853e-01, 1.296158374129064983e-01, 1.742618917789749422e-01
3.299719854892786963e-01, 3.662622234576797253e-01, 1.292310795205332818e-01, 1.745347115325082410e-01
3.299012598221398029e-01, 3.664432766387666351e-01, 1.288479105050459039e-01, 1.748075530340476580e-01
3.298302862670893232e-01, 3.666229653972866709e-01, 1.284663326578655840e-01, 1.750804156777583109e-01
3.297590653939457273e-01, 3.668012874668379886e-01, 1.280863482687228105e-01, 1.753532988704935569e-01
3.296875977545604686e-01, 3.669782405877607401e-01, 1.277079596258465233e-01, 1.756262020318322681e-01
3.296158838827120130e-01, 3.671538225070179462e-01, 1.273311690161536558e-01, 1.758991245941163295e-01
3.295439242939987023e-01, 3.673280309780748154e-01, 1.269559787254389283e-01, 1.761720660024874707e-01
3.294717194857322284e-01, 3.675008637607787287e-01, 1.265823910385648066e-01, 1.764450257149243195e-01
3.293992699368319399e-01, 3.676723186212373373e-01, 1.262104082396517113e-01, 1.767180032022788727e-01
3.293265761077192599e-01, 3.678423933316987693e-01, 1.258400326122689483e-01, 1.769909979483130502e-01
3.292536384402120486e-01, 3.680110856704282840e-01, 1.254712664396249733e-01, 1.772640094497346108e-01
3.291804573574199089e-01, 3.681783934215876464e-01, 1.251041120047589328e-01, 1.775370372162335675e-01
3.291070332636391038e-01, 3.683443143751121140e-01, 1.247385715907313175e-01, 1.778100807705174646e-01
3.290333665442490285e-01, 3.685088463265882019e-01, 1.243746474808158226e-01, 1.780831396483470996e-01
3.289594575656070718e-01, 3.686719870771302809e-01, 1.240123419586906806e-01, 1.783562133985718834e-01
3.288853066749463094e-01, 3.688337344332583423e-01, 1.236516573086304804e-01, 1.786293015831648678e-01
3.288109142002711982e-01, 3.689940862067732641e-01, 1.232925958156980834e-01, 1.789024037772574127e-01
3.287362804502550473e-01, 3.691530402146342982e-01, 1.229351597659365941e-01, 1.791755195691740743e-01
3.286614057141376000e-01, 3.693105942788340590e-01, 1.225793514465616796e-01, 1.794486485604667447e-01
3.285862902616226155e-01, 3.694667462262750113e-01, 1.222251731461535540e-01, 1.797217903659488192e-01
3.285109343427760620e-01, 3.696214938886448476e-01, 1.218726271548496581e-01, 1.799949446137293352e-01
3.284353381879246969e-01, 3.697748351022918101e-01, 1.215217157645370333e-01, 1.802681109452465291e-01
3.283595020075547599e-01, 3.699267677080996797e-01, 1.211724412690446812e-01, 1.805412890153009764e-01
3.282834259922116082e-01, 3.700772895513628202e-01, 1.208248059643363265e-01, 1.808144784920892867e-01
3.282071103123989642e-01, 3.702263984816613895e-01, 1.204788121487030267e-01, 1.810876790572367445e-01
3.281305551184790503e-01, 3.703740923527351070e-01, 1.201344621229556292e-01, 1.813608904058302829e-01
3.280537605405730583e-01, 3.705203690223586865e-01, 1.197917581906177142e-01, 1.816341122464505409e-01
3.279767266884618948e-01, 3.706652263522154378e-01, 1.194507026581180520e-01, 1.819073443012046432e-01
3.278994536514871494e-01, 3.708086622077719219e-01, 1.191112978349831431e-01, 1.821805863057577579e-01
3.278219414984528957e-01, 3.709506744581518300e-01, 1.187735460340301336e-01, 1.824538380093650158e-01
3.277441902775274918e-01, 3.710912609760102510e-01, 1.184374495715590919e-01, 1.827270991749031237e-01
3.276662000161458255e-01, 3.712304196374073273e-01, 1.181030107675454660e-01, 1.830003695789012841e-01
3.275879707209122804e-01, 3.713681483216823564e-01, 1.177702319458328178e-01, 1.832736490115725592e-01
3.275095023775036474e-01, 3.715044449113273917e-01, 1.174391154343246840e-01, 1.835469372768442908e-01
3.274307949505726456e-01, 3.716393072918613982e-01, 1.171096635651770607e-01, 1.838202341923889371e-01
3.273518483836522219e-01, 3.717727333517036326e-01, 1.167818786749903748e-01, 1.840935395896537985e-01
3.272726625990594052e-01, 3.719047209820476318e-01, 1.164557631050014280e-01, 1.843668533138914656e-01
3.271932374978006042e-01, 3.720352680767349263e-01, 1.161313192012751044e-01, 1.846401752241894068e-01
3.271135729594762398e-01, 3.721643725321285290e-01, 1.158085493148960504e-01, 1.849135051934990559e-01
3.270336688421872084e-01, 3.722920322469874255e-01, 1.154874558021599246e-01, 1.851868431086656219e-01
3.269535249824396805e-01, 3.724182451223396195e-01, 1.151680410247646197e-01, 1.854601888704561774e-01
3.268731411950530075e-01, 3.725430090613564560e-01, 1.148503073500013183e-01, 1.857335423935891627e-01
3.267925172730657968e-01, 3.726663219692269990e-01, 1.145342571509450624e-01, 1.860069036067621695e-01
3.267116529876432640e-01, 3.727881817530311337e-01, 1.142198928066453095e-01, 1.862802724526801956e-01
3.266305480879855838e-01, 3.729085863216148322e-01, 1.139072167023160304e-01, 1.865536488880835120e-01
3.265492023012356859e-01, 3.730275335854635888e-01, 1.135962312295255433e-01, 1.868270328837750294e-01
3.264676153323882168e-01, 3.731450214565777412e-01, 1.132869387863861821e-01, 1.871004244246479153e-01
3.263857868641985016e-01, 3.732610478483459060e-01, 1.129793417777434639e-01, 1.873738235097120175e-01
3.263037165570927267e-01, 3.733756106754212989e-01, 1.126734426153650354e-01, 1.876472301521210084e-01
3.262214040490774014e-01, 3.734887078535950033e-01, 1.123692437181290221e-01, 1.879206443791986703e-01
3.261388489556503179e-01, 3.736003372996724581e-01, 1.120667475122123780e-01, 1.881940662324647628e-01
3.260560508697118443e-01, 3.737104969313485014e-01, 1.117659564312784293e-01, 1.884674957676612528e-01
3.259730093614758295e-01, 3.738191846670824159e-01, 1.114668729166643640e-01, 1.887409330547774045e-01
3.258897239783823951e-01, 3.739263984259744156e-01, 1.111694994175679158e-01, 1.890143781780752041e-01
3.258061942450101167e-01, 3.740321361276415235e-01, 1.108738383912338948e-01, 1.892878312361144233e-01
3.257224196629889823e-01, 3.741363956920941702e-01, 1.105798923031400954e-01, 1.895612923417768492e-01
3.256383997109142947e-01, 3.742391750396121819e-01, 1.102876636271826888e-01, 1.898347616222908485e-01
3.255541338442604071e-01, 3.743404720906230998e-01, 1.099971548458612280e-01, 1.901082392192554038e-01
3.254696214952954580e-01, 3.744402847655780575e-01, 1.097083684504629869e-01, 1.903817252886634559e-01
3.253848620729967722e-01, 3.745386109848306555e-01, 1.094213069412467709e-01, 1.906552200009257458e-01
3.252998549629658176e-01, 3.746354486685144480e-01, 1.091359728276262570e-01, 1.909287235408935746e-01
3.252145995273450496e-01, 3.747307957364210407e-01, 1.088523686283525693e-01, 1.912022361078813404e-01
3.251290951047343114e-01, 3.748246501078800197e-01, 1.085704968716963148e-01, 1.914757579156893819e-01
3.250433410101081222e-01, 3.749170097016368275e-01, 1.082903600956292151e-01, 1.917492891926257104e-01
3.249573365347338538e-01, 3.750078724357337467e-01, 1.080119608480046012e-01, 1.920228301815277983e-01
3.248710809460892968e-01, 3.750972362273889971e-01, 1.077353016867375612e-01, 1.922963811397840894e-01
3.247845734877826129e-01, 3.751850989928779967e-01, 1.074603851799845189e-01, 1.925699423393548715e-01
3.246978133794709565e-01, 3.752714586474140135e-01, 1.071872139063217017e-01, 1.928435140667932313e-01
3.246107998167815367e-01, 3.753563131050302593e-01, 1.069157904549231097e-01, 1.931170966232652053e-01
3.245235319712310718e-01, 3.754396602784612624e-01, 1.066461174257378186e-01, 1.933906903245698194e-01
3.244360089901485167e-01, 3.755214980790262946e-01, 1.063781974296662547e-01, 1.936642955011588507e-01
3.243482299965957938e-01, 3.756018244165121867e-01, 1.061120330887357494e-01, 1.939379124981562008e-01
3.242601940892907431e-01, 3.756806371990571436e-01, 1.058476270362755378e-01, 1.942115416753766310e-01
3.241719003425301837e-01, 3.757579343330349486e-01, 1.055849819170904119e-01, 1.944851834073443031e-01
3.240833478061140305e-01, 3.758337137229406655e-01, 1.053241003876339010e-01, 1.947588380833114308e-01
3.239945355052689102e-01, 3.759079732712752309e-01, 1.050649851161804260e-01, 1.950325061072754329e-01
3.239054624405737770e-01, 3.759807108784324892e-01, 1.048076387829965511e-01, 1.953061878979970856e-01
3.238161275878854717e-01, 3.760519244425861718e-01, 1.045520640805112644e-01, 1.955798838890171198e-01
3.237265298982646700e-01, 3.761216118595769875e-01, 1.042982637134853702e-01, 1.958535945286729862e-01
3.236366682979033293e-01, 3.761897710228014891e-01, 1.040462403991797846e-01, 1.961273202801154247e-01
3.235465416880521916e-01, 3.762563998231009399e-01, 1.037959968675229716e-01, 1.964010616213239802e-01
3.234561489449488958e-01, 3.763214961486510690e-01, 1.035475358612772678e-01, 1.966748190451228506e-01
3.233654889197473681e-01, 3.763850578848529915e-01, 1.033008601362039591e-01, 1.969485930591956258e-01
3.232745604384472116e-01, 3.764470829142244068e-01, 1.030559724612279127e-01, 1.972223841861004690e-01
3.231833623018244284e-01, 3.765075691162915739e-01, 1.028128756186002107e-01, 1.974961929632839119e-01
3.230918932853621972e-01, 3.765665143674827298e-01, 1.025715724040602156e-01, 1.977700199430948158e-01
3.230001521391832053e-01, 3.766239165410220080e-01, 1.023320656269966766e-01, 1.980438656927980823e-01
3.229081375879817029e-01, 3.766797735068237452e-01, 1.020943581106070613e-01, 1.983177307945874213e-01
3.228158483309576665e-01, 3.767340831313884530e-01, 1.018584526920559841e-01, 1.985916158455979241e-01
3.227232830417498533e-01, 3.767868432776992904e-01, 1.016243522226325940e-01, 1.988655214579183039e-01
3.226304403683714628e-01, 3.768380518051197559e-01, 1.013920595679064229e-01, 1.991394482586023584e-01
3.225373189331456891e-01, 3.768877065692917694e-01, 1.011615776078819556e-01, 1.994133968896805720e-01
3.224439173326417163e-01, 3.769358054220355858e-01, 1.009329092371522019e-01, 1.996873680081705515e-01
3.223502341376125457e-01, 3.769823462112494306e-01, 1.007060573650505331e-01, 1.999613622860874906e-01
3.222562678929324353e-01, 3.770273267808118556e-01, 1.004810249158014507e-01, 2.002353804104542168e-01
3.221620171175362812e-01, 3.770707449704837622e-01, 1.002578148286699111e-01, 2.005094230833101010e-01
3.220674803043588885e-01, 3.771125986158117005e-01, 1.000364300581090271e-01, 2.007834910217204394e-01
3.219726559202756855e-01, 3.771528855480330567e-01, 9.981687357390672810e-02, 2.010575849577845575e-01
3.218775424060441592e-01, 3.771916035939813505e-01, 9.959914836133049176e-02, 2.013317056386439707e-01
3.217821381762459576e-01, 3.772287505759933102e-01, 9.938325742127106233e-02, 2.016058538264897393e-01
3.216864416192298792e-01, 3.772643243118167788e-01, 9.916920377038412893e-02, 2.018800302985691852e-01
3.215904510970562513e-01, 3.772983226145198987e-01, 9.895699044123099086e-02, 2.021542358471928036e-01
3.214941649454413630e-01, 3.773307432924018490e-01, 9.874662048241715506e-02, 2.024284712797396746e-01
3.213975814737036196e-01, 3.773615841489036948e-01, 9.853809695872965679e-02, 2.027027374186630704e-01
3.213006989647099743e-01, 3.773908429825220678e-01, 9.833142295127260402e-02, 2.029770351014954233e-01
3.212035156748239140e-01, 3.774185175867226238e-01, 9.812660155760102865e-02, 2.032513651808524890e-01
3.211060298338536678e-01, 3.774446057498559992e-01, 9.792363589185326678e-02, 2.035257285244372327e-01
3.210082396450020248e-01, 3.774691052550737669e-01, 9.772252908488122947e-02, 2.038001260150429650e-01
3.209101432848169844e-01, 3.774920138802476122e-01, 9.752328428437924412e-02, 2.040745585505560622e-01
3.208117389031429623e-01, 3.775133293978877869e-01, 9.732590465501096688e-02, 2.043490270439583811e-01
3.207130246230732729e-01, 3.775330495750640059e-01, 9.713039337853453248e-02, 2.046235324233281194e-01
3.206139985409043880e-01, 3.775511721733282866e-01, 9.693675365392580290e-02, 2.048980756318416196e-01
3.205146587260891411e-01, 3.775676949486378442e-01, 9.674498869749978414e-02, 2.051726576277731751e-01
3.204150032211940391e-01, 3.775826156512807619e-01, 9.655510174303012783e-02, 2.054472793844951406e-01
3.203150300418543539e-01, 3.775959320258020502e-01, 9.636709604186663447e-02, 2.057219418904768782e-01
3.202147371767330997e-01, 3.776076418109324262e-01, 9.618097486305092481e-02, 2.059966461492836465e-01
3.201141225874786223e-01, 3.776177427395170372e-01, 9.599674149342990459e-02, 2.062713931795744360e-01
3.200131842086859080e-01, 3.776262325384475704e-01, 9.581439923776739753e-02, 2.065461840150992490e-01
3.199119199478562270e-01, 3.776331089285941411e-01, 9.563395141885351614e-02, 2.068210197046960186e-01
3.198103276853605514e-01, 3.776383696247403998e-01, 9.545540137761235333e-02, 2.070959013122867232e-01
3.197084052744020299e-01, 3.776420123355189729e-01, 9.527875247320659324e-02, 2.073708299168724456e-01
3.196061505409806269e-01, 3.776440347633494565e-01, 9.510400808314115051e-02, 2.076458066125285995e-01
3.195035612838591499e-01, 3.776444346043779099e-01, 9.493117160336389526e-02, 2.079208325083991005e-01
3.194006352745296096e-01, 3.776432095484171247e-01, 9.476024644836410216e-02, 2.081959087286892884e-01
3.192973702571813566e-01, 3.776403572788902263e-01, 9.459123605126906753e-02, 2.084710364126592941e-01
3.191937639486711054e-01, 3.776358754727751066e-01, 9.442414386393793713e-02, 2.087462167146158509e-01
3.190898140384923476e-01, 3.776297618005502454e-01, 9.425897335705366031e-02, 2.090214508039037744e-01
3.189855181887477631e-01, 3.776220139261436959e-01, 9.409572802021212712e-02, 2.092967398648965249e-01
3.188808740341222969e-01, 3.776126295068820693e-01, 9.393441136200927910e-02, 2.095720850969863269e-01
3.187758791818575688e-01, 3.776016061934434620e-01, 9.377502691012554181e-02, 2.098474877145734274e-01
3.186705312117271705e-01, 3.775889416298103818e-01, 9.361757821140791191e-02, 2.101229489470544387e-01
3.185648276760142950e-01, 3.775746334532261717e-01, 9.346206883194929649e-02, 2.103984700388103202e-01
3.184587660994894209e-01, 3.775586792941518222e-01, 9.330850235716565966e-02, 2.106740522491931944e-01
3.183523439793906618e-01, 3.775410767762261144e-01, 9.315688239187037978e-02, 2.109496968525128302e-01
3.182455587854045032e-01, 3.775218235162278169e-01, 9.300721256034587270e-02, 2.112254051380219044e-01
3.181384079596485948e-01, 3.775009171240378825e-01, 9.285949650641278641e-02, 2.115011784099008196e-01
3.180308889166553743e-01, 3.774783552026065303e-01, 9.271373789349643402e-02, 2.117770179872416891e-01
3.179229990433579678e-01, 3.774541353479204941e-01, 9.256994040469031237e-02, 2.120529252040312951e-01
3.178147356990766448e-01, 3.774282551489728799e-01, 9.242810774281705333e-02, 2.123289014091334082e-01
3.177060962155072166e-01, 3.774007121877356874e-01, 9.228824363048666879e-02, 2.126049479662704966e-01
3.175970778967112662e-01, 3.773715040391334985e-01, 9.215035181015139576e-02, 2.128810662540039089e-01
3.174876780191069336e-01, 3.773406282710203286e-01, 9.201443604415844579e-02, 2.131572576657141671e-01
3.173778938314625875e-01, 3.773080824441586434e-01, 9.188050011479924339e-02, 2.134335236095796506e-01
3.172677225548904967e-01, 3.772738641121992642e-01, 9.174854782435569456e-02, 2.137098655085545862e-01
3.171571613828436109e-01, 3.772379708216658800e-01, 9.161858299514401283e-02, 2.139862848003465934e-01
3.170462074811128406e-01, 3.772004001119396155e-01, 9.149060946955481222e-02, 2.142627829373925930e-01
3.169348579878266681e-01, 3.771611495152479288e-01, 9.136463111009060500e-02, 2.145393613868346594e-01
3.168231100134519251e-01, 3.771202165566539533e-01, 9.124065179939985781e-02, 2.148160216304941805e-01
3.167109606407964573e-01, 3.770775987540497809e-01, 9.111867544030816113e-02, 2.150927651648456562e-01
3.165984069250133981e-01, 3.770332936181514105e-01, 9.099870595584594324e-02, 2.153695935009891649e-01
3.164854458936076642e-01, 3.769872986524968050e-01, 9.088074728927315882e-02, 2.156465081646224968e-01
3.163720745464431161e-01, 3.769396113534451698e-01, 9.076480340410041092e-02, 2.159235106960112616e-01
3.162582898557527722e-01, 3.768902292101806162e-01, 9.065087828410722803e-02, 2.162006026499593836e-01
3.161440887661495780e-01, 3.768391497047165473e-01, 9.053897593335631655e-02, 2.164777855957774888e-01
3.160294681946399509e-01, 3.767863703119041507e-01, 9.042910037620499608e-02, 2.167550611172509856e-01
3.159144250306386570e-01, 3.767318884994420025e-01, 9.032125565731277672e-02, 2.170324308126065638e-01
3.157989561359857977e-01, 3.766757017278899999e-01, 9.021544584164577218e-02, 2.173098962944784163e-01
3.156830583449652394e-01, 3.766178074506845719e-01, 9.011167501447722716e-02, 2.175874591898728505e-01
3.155667284643255410e-01, 3.765582031141574970e-01, 9.000994728138483891e-02, 2.178651211401319288e-01
3.154499632733026027e-01, 3.764968861575568870e-01, 8.991026676824408204e-02, 2.181428838008964699e-01
3.153327595236437020e-01, 3.764338540130710564e-01, 8.981263762121804994e-02, 2.184207488420672194e-01
3.152151139396346391e-01, 3.763691041058556119e-01, 8.971706400674374360e-02, 2.186987179477660470e-01
3.150970232181277142e-01, 3.763026338540632065e-01, 8.962355011151430795e-02, 2.189767928162948407e-01
3.149784840285727028e-01, 3.762344406688753473e-01, 8.953210014245761850e-02, 2.192549751600942065e-01
3.148594930130493297e-01, 3.761645219545386998e-01, 8.944271832671114864e-02, 2.195332667057006970e-01
3.147400467863017415e-01, 3.760928751084027244e-01, 8.935540891159270138e-02, 2.198116691937028466e-01
3.146201419357752549e-01, 3.760194975209613100e-01, 8.927017616456722759e-02, 2.200901843786962353e-01
3.144997750216558807e-01, 3.759443865758969605e-01, 8.918702437321000820e-02, 2.203688140292372477e-01
3.143789425769108470e-01, 3.758675396501278687e-01, 8.910595784516540940e-02, 2.206475599277958055e-01
3.142576411073320641e-01, 3.757889541138590972e-01, 8.902698090810189091e-02, 2.209264238707069061e-01
3.141358670915815887e-01, 3.757086273306348145e-01, 8.895009790966262875e-02, 2.212054076681209125e-01
3.140136169812393629e-01, 3.756265566573959713e-01, 8.887531321741216905e-02, 2.214845131439523718e-01
3.138908872008532858e-01, 3.755427394445393641e-01, 8.880263121877880750e-02, 2.217637421358283623e-01
3.137676741479914488e-01, 3.754571730359810844e-01, 8.873205632099276374e-02, 2.220430964950346753e-01
3.136439741932967595e-01, 3.753698547692218002e-01, 8.866359295102006766e-02, 2.223225780864614143e-01
3.135197836805439509e-01, 3.752807819754171437e-01, 8.859724555549194913e-02, 2.226021887885469286e-01
3.133950989266989784e-01, 3.751899519794496540e-01, 8.853301860063021722e-02, 2.228819304932210532e-01
3.132699162219808597e-01, 3.750973621000052161e-01, 8.847091657216776817e-02, 2.231618051058462393e-01
3.131442318299255123e-01, 3.750030096496518306e-01, 8.841094397526477744e-02, 2.234418145451578241e-01
3.130180419874530329e-01, 3.749068919349231588e-01, 8.835310533442064518e-02, 2.237219607432033019e-01
3.128913429049362538e-01, 3.748090062564035652e-01, 8.829740519338080684e-02, 2.240022456452793187e-01
3.127641307662732406e-01, 3.747093499088186008e-01, 8.824384811503964421e-02, 2.242826712098685560e-01
3.126364017289606223e-01, 3.746079201811274850e-01, 8.819243868133790076e-02, 2.245632394085740891e-01
3.125081519241711958e-01, 3.745047143566197501e-01, 8.814318149315608641e-02, 2.248439522260530510e-01
3.123793774568328074e-01, 3.743997297130156054e-01, 8.809608117020281681e-02, 2.251248116599488536e-01
3.122500744057112310e-01, 3.742929635225689666e-01, 8.805114235089835095e-02, 2.254058197208214653e-01
3.121202388234940450e-01, 3.741844130521753686e-01, 8.800836969225328543e-02, 2.256869784320773287e-01
3.119898667368788958e-01, 3.740740755634822667e-01, 8.796776786974240536e-02, 2.259682898298964460e-01
3.118589541466630921e-01, 3.739619483130040556e-01, 8.792934157717351151e-02, 2.262497559631592992e-01
3.117274970278373636e-01, 3.738480285522400304e-01, 8.789309552655126534e-02, 2.265313788933713823e-01
3.115954913296808959e-01, 3.737323135277962338e-01, 8.785903444793606576e-02, 2.268131606945868461e-01
3.114629329758604737e-01, 3.736148004815116885e-01, 8.782716308929772175e-02, 2.270951034533301993e-01
3.113298178645317327e-01, 3.734954866505874049e-01, 8.779748621636396244e-02, 2.273772092685169277e-01
3.111961418684436875e-01, 3.733743692677201076e-01, 8.777000861246403440e-02, 2.276594802513721982e-01
3.110619008350461456e-01, 3.732514455612390147e-01, 8.774473507836660913e-02, 2.279419185253482860e-01
3.109270905865994528e-01, 3.731267127552476692e-01, 8.772167043211273607e-02, 2.282245262260400864e-01
3.107917069202886795e-01, 3.730001680697681565e-01, 8.770081950884346667e-02, 2.285073055010997112e-01
3.106557456083389734e-01, 3.728718087208907073e-01, 8.768218716062183005e-02, 2.287902585101486141e-01
3.105192023981353522e-01, 3.727416319209261863e-01, 8.766577825624964626e-02, 2.290733874246887736e-01
3.103820730123453275e-01, 3.726096348785636336e-01, 8.765159768107873284e-02, 2.293566944280123754e-01
3.102443531490438056e-01, 3.724758147990307466e-01, 8.763965033681667127e-02, 2.296401817151088320e-01
3.101060384818427051e-01, 3.723401688842592483e-01, 8.762994114132674484e-02, 2.299238514925713017e-01
3.099671246600218533e-01, 3.722026943330541959e-01, 8.762247502842271385e-02, 2.302077059785011259e-01
3.098276073086648208e-01, 3.720633883412672871e-01, 8.761725694765749861e-02, 2.304917474024103519e-01
3.096874820287969787e-01, 3.719222481019742732e-01, 8.761429186410620018e-02, 2.307759780051226728e-01
3.095467443975270516e-01, 3.717792708056564255e-01, 8.761358475814370883e-02, 2.310604000386727586e-01
3.094053899681922792e-01, 3.716344536403875520e-01, 8.761514062521601198e-02, 2.313450157662040318e-01
3.092634142705067424e-01, 3.714877937920231243e-01, 8.761896447560595103e-02, 2.316298274618641961e-01
3.091208128107126307e-01, 3.713392884443951214e-01, 8.762506133419305232e-02, 2.319148374106991817e-01
3.089775810717357851e-01, 3.711889347795111482e-01, 8.763343624020721034e-02, 2.322000479085458147e-01
3.088337145133442929e-01, 3.710367299777574956e-01, 8.764409424697644502e-02, 2.324854612619218219e-01
3.086892085723098589e-01, 3.708826712181064189e-01, 8.765704042166896914e-02, 2.327710797879147253e-01
3.085440586625743942e-01, 3.707267556783285789e-01, 8.767227984502845572e-02, 2.330569058140685434e-01
3.083982601754181041e-01, 3.705689805352093691e-01, 8.768981761110371254e-02, 2.333429416782686616e-01
3.082518084796329050e-01, 3.704093429647694613e-01, 8.770965882697215332e-02, 2.336291897286254249e-01
3.081046989216983389e-01, 3.702478401424907362e-01, 8.773180861245648277e-02, 2.339156523233544838e-01
3.079569268259615966e-01, 3.700844692435455441e-01, 8.775627209983587196e-02, 2.342023318306570845e-01
3.078084874948212590e-01, 3.699192274430317950e-01, 8.778305443355026438e-02, 2.344892306285966399e-01
3.076593762089147588e-01, 3.697521119162117675e-01, 8.781216076989846464e-02, 2.347763511049749674e-01
3.075095882273091719e-01, 3.695831198387556915e-01, 8.784359627672976012e-02, 2.350636956572052794e-01
3.073591187876963948e-01, 3.694122483869900497e-01, 8.787736613312936707e-02, 2.353512666921842300e-01
3.072079631065917082e-01, 3.692394947381505976e-01, 8.791347552909666019e-02, 2.356390666261610756e-01
3.070561163795366144e-01, 3.690648560706399350e-01, 8.795192966521778177e-02, 2.359270978846057243e-01
3.069035737813048947e-01, 3.688883295642898519e-01, 8.799273375233102046e-02, 2.362153629020743439e-01
3.067503304661133856e-01, 3.687099124006285034e-01, 8.803589301118543153e-02, 2.365038641220726379e-01
3.065963815678361959e-01, 3.685296017631521925e-01, 8.808141267209358694e-02, 2.367926039969179830e-01
3.064417222002230323e-01, 3.683473948376018714e-01, 8.812929797457660919e-02, 2.370815849875984038e-01
3.062863474571214661e-01, 3.681632888122446934e-01, 8.817955416700302973e-02, 2.373708095636306303e-01
3.061302524127036961e-01, 3.679772808781604509e-01, 8.823218650622074999e-02, 2.376602802029151029e-01
3.059734321216964203e-01, 3.677893682295323430e-01, 8.828720025718191089e-02, 2.379499993915893397e-01
3.058158816196161478e-01, 3.675995480639431823e-01, 8.834460069256128145e-02, 2.382399696238792219e-01
3.056575959230076744e-01, 3.674078175826767101e-01, 8.840439309236727827e-02, 2.385301934019483372e-01
3.054985700296869999e-01, 3.672141739910224634e-01, 8.846658274354621265e-02, 2.388206732357443518e-01
3.053387989189886853e-01, 3.670186144985875254e-01, 8.853117493957955719e-02, 2.391114116428442737e-01
3.051782775520170965e-01, 3.668211363196118291e-01, 8.859817498007416248e-02, 2.394024111482969397e-01
3.050170008719025327e-01, 3.666217366732889560e-01, 8.866758817034510465e-02, 2.396936742844635315e-01
3.048549638040606302e-01, 3.664204127840918757e-01, 8.873941982099184389e-02, 2.399852035908557335e-01
3.046921612564574833e-01, 3.662171618821038477e-01, 8.881367524746683340e-02, 2.402770016139716691e-01
3.045285881198783184e-01, 3.660119812033542641e-01, 8.889035976963716168e-02, 2.405690709071302835e-01
3.043642392681998876e-01, 3.658048679901592659e-01, 8.896947871133875640e-02, 2.408614140303021456e-01
3.041991095586691896e-01, 3.655958194914678550e-01, 8.905103739992346890e-02, 2.411540335499395005e-01
3.040331938321851335e-01, 3.653848329632132241e-01, 8.913504116579880343e-02, 2.414469320388027973e-01
3.038664869135851987e-01, 3.651719056686688614e-01, 8.922149534196019416e-02, 2.417401120757858290e-01
3.036989836119364239e-01, 3.649570348788093166e-01, 8.931040526351609332e-02, 2.420335762457382911e-01
3.035306787208314483e-01, 3.647402178726773525e-01, 8.940177626720538506e-02, 2.423273271392856476e-01
3.033615670186891600e-01, 3.645214519377556472e-01, 8.949561369090772156e-02, 2.426213673526475267e-01
3.031916432690586194e-01, 3.643007343703427714e-01, 8.959192287314586556e-02, 2.429156994874526743e-01
3.030209022209299219e-01, 3.640780624759359929e-01, 8.969070915258112175e-02, 2.432103261505529912e-01
3.028493386090476691e-01, 3.638534335696182453e-01, 8.979197786750060806e-02, 2.435052499538334636e-01
3.026769471542304912e-01, 3.636268449764502586e-01, 8.989573435529761569e-02, 2.438004735140216206e-01
3.025037225636946214e-01, 3.633982940318685739e-01, 9.000198395194372591e-02, 2.440959994524929400e-01
3.023296595313827440e-01, 3.631677780820882773e-01, 9.011073199145382129e-02, 2.443918303950752269e-01
3.021547527382966725e-01, 3.629352944845107287e-01, 9.022198380534314499e-02, 2.446879689718493567e-01
3.019789968528365787e-01, 3.627008406081378422e-01, 9.033574472207678285e-02, 2.449844178169488518e-01
3.018023865311431075e-01, 3.624644138339895294e-01, 9.045202006651147097e-02, 2.452811795683558505e-01
3.016249164174460984e-01, 3.622260115555285820e-01, 9.057081515932968729e-02, 2.455782568676956878e-01
3.014465811444168031e-01, 3.619856311790889958e-01, 9.069213531646588833e-02, 2.458756523600283961e-01
3.012673753335258775e-01, 3.617432701243111781e-01, 9.081598584852514089e-02, 2.461733686936377619e-01
3.010872935954065910e-01, 3.614989258245809856e-01, 9.094237206019391284e-02, 2.464714085198184690e-01
3.009063305302218105e-01, 3.612525957274751454e-01, 9.107129924964291190e-02, 2.467697744926600212e-01
3.007244807280372023e-01, 3.610042772952113399e-01, 9.120277270792244428e-02, 2.470684692688289164e-01
3.005417387691991515e-01, 3.607539680051036757e-01, 9.133679771834955774e-02, 2.473674955073476844e-01
3.003580992247170678e-01, 3.605016653500235368e-01, 9.147337955588748237e-02, 2.476668558693718714e-01
3.001735566566515745e-01, 3.602473668388661565e-01, 9.161252348651752198e-02, 2.479665530179646638e-01
2.999881056185078609e-01, 3.599910699970213512e-01, 9.175423476660242439e-02, 2.482665896178682108e-01
2.998017406556333087e-01, 3.597327723668506949e-01, 9.189851864224236888e-02, 2.485669683352735582e-01
2.996144563056210575e-01, 3.594724715081691335e-01, 9.204538034862300155e-02, 2.488676918375868075e-01
2.994262470987180125e-01, 3.592101649987325396e-01, 9.219482510935521347e-02, 2.491687627931942206e-01
2.992371075582394568e-01, 3.589458504347300405e-01, 9.234685813580742475e-02, 2.494701838712231057e-01
2.990470322009864956e-01, 3.586795254312818426e-01, 9.250148462642980574e-02, 2.497719577413017589e-01
2.988560155376714378e-01, 3.584111876229421623e-01, 9.265870976607042120e-02, 2.500740870733159649e-01
2.986640520733461757e-01, 3.581408346642076523e-01, 9.281853872528349203e-02, 2.503765745371627771e-01
2.984711363078369484e-01, 3.578684642300306029e-01, 9.298097665963006575e-02, 2.506794228025024385e-01
2.982772627361844342e-01, 3.575940740163378595e-01, 9.314602870897019382e-02, 2.509826345385076096e-01
2.980824258490882839e-01, 3.573176617405547373e-01, 9.331369999674761495e-02, 2.512862124136093223e-01
2.978866201333582042e-01, 3.570392251421341534e-01, 9.348399562926637540e-02, 2.515901590952413502e-01
2.976898400723688165e-01, 3.567587619830904777e-01, 9.365692069495933081e-02, 2.518944772495813611e-01
2.974920801465215647e-01, 3.564762700485396008e-01, 9.383248026364912620e-02, 2.521991695412897916e-01
2.972933348337101767e-01, 3.561917471472431096e-01, 9.401067938580098815e-02, 2.525042386332457811e-01
2.970935986097930637e-01, 3.559051911121581258e-01, 9.419152309176748172e-02, 2.528096871862813844e-01
2.968928659490700506e-01, 3.556165998009919171e-01, 9.437501639102584272e-02, 2.531155178589121757e-01
2.966911313247647675e-01, 3.553259710967620610e-01, 9.456116427140706659e-02, 2.534217333070661882e-01
2.964883892095124818e-01, 3.550333029083611591e-01, 9.474997169831701760e-02, 2.537283361838092444e-01
2.962846340758535368e-01, 3.547385931711271034e-01, 9.494144361395037701e-02, 2.540353291390690105e-01
2.960798603967313425e-01, 3.544418398474172283e-01, 9.513558493649566794e-02, 2.543427148193556642e-01
2.958740626459969159e-01, 3.541430409271896784e-01, 9.533240055933360491e-02, 2.546504958674798424e-01
2.956672352989176966e-01, 3.538421944285867760e-01, 9.553189535022695023e-02, 2.549586749222685911e-01
2.954593728326928570e-01, 3.535392983985258808e-01, 9.573407415050269598e-02, 2.552672546182786495e-01
2.952504697269729417e-01, 3.532343509132935266e-01, 9.593894177422672420e-02, 2.555762375855067936e-01
2.950405204643856694e-01, 3.529273500791453855e-01, 9.614650300737077881e-02, 2.558856264490982357e-01
2.948295195310668415e-01, 3.526182940329103399e-01, 9.635676260697124962e-02, 2.561954238290516384e-01
2.946174614171967465e-01, 3.523071809425997181e-01, 9.656972530028105905e-02, 2.565056323399225735e-01
2.944043406175417266e-01, 3.519940090080211359e-01, 9.678539578391343046e-02, 2.568162545905237626e-01
2.941901516320016841e-01, 3.516787764613971135e-01, 9.700377872297813453e-02, 2.571272931836231512e-01
2.939748889661621400e-01, 3.513614815679885206e-01, 9.722487875021022796e-02, 2.574387507156392085e-01
2.937585471318524544e-01, 3.510421226267221306e-01, 9.744870046509158945e-02, 2.577506297763337839e-01
2.935411206477093193e-01, 3.507206979708232808e-01, 9.767524843296451764e-02, 2.580629329485029100e-01
2.933226040397449719e-01, 3.503972059684527518e-01, 9.790452718413815425e-02, 2.583756628076640527e-01
2.931029918419214564e-01, 3.500716450233483656e-01, 9.813654121298767685e-02, 2.586888219217425844e-01
2.928822785967300502e-01, 3.497440135754706358e-01, 9.837129497704581726e-02, 2.590024128507535939e-01
2.926604588557759623e-01, 3.494143101016530251e-01, 9.860879289608742715e-02, 2.593164381464835855e-01
2.924375271803684173e-01, 3.490825331162569212e-01, 9.884903935120686880e-02, 2.596309003521677927e-01
2.922134781421157901e-01, 3.487486811718302215e-01, 9.909203868388784253e-02, 2.599458020021661597e-01
2.919883063235265142e-01, 3.484127528597703027e-01, 9.933779519506655276e-02, 2.602611456216368246e-01
2.917620063186145973e-01, 3.480747468109912646e-01, 9.958631314418762981e-02, 2.605769337262064944e-01
2.915345727335116321e-01, 3.477346616965957260e-01, 9.983759674825321007e-02, 2.608931688216394873e-01
2.913060001870821925e-01, 3.473924962285494522e-01, 1.000916501808647580e-01, 2.612098534035035557e-01
2.910762833115460024e-01, 3.470482491603614217e-01, 1.003484775712586846e-01, 2.615269899568338774e-01
2.908454167531049905e-01, 3.467019192877663913e-01, 1.006080830033344725e-01, 2.618445809557941040e-01
2.906133951725744513e-01, 3.463535054494125687e-01, 1.008704705146767910e-01, 2.621626288633363555e-01
2.903802132460209240e-01, 3.460030065275518929e-01, 1.011356440955703262e-01, 2.624811361308568847e-01
2.901458656654042345e-01, 3.456504214487349791e-01, 1.014036076880086568e-01, 2.628001051978520186e-01
2.899103471392245335e-01, 3.452957491845095039e-01, 1.016743651846964414e-01, 2.631195384915696045e-01
2.896736523931749407e-01, 3.449389887521210896e-01, 1.019479204280448886e-01, 2.634394384266591782e-01
2.894357761707986865e-01, 3.445801392152190723e-01, 1.022242772091617041e-01, 2.637598074048204677e-01
2.891967132341518032e-01, 3.442191996845654911e-01, 1.025034392668341815e-01, 2.640806478144485103e-01
2.889564583644698703e-01, 3.438561693187459634e-01, 1.027854102865063401e-01, 2.644019620302777707e-01
2.887150063628410313e-01, 3.434910473248855567e-01, 1.030701938992502481e-01, 2.647237524130231501e-01
2.884723520508822858e-01, 3.431238329593668257e-01, 1.033577936807312248e-01, 2.650460213090195527e-01
2.882284902714217223e-01, 3.427545255285512349e-01, 1.036482131501674370e-01, 2.653687710498594532e-01
2.879834158891854679e-01, 3.423831243895033016e-01, 1.039414557692834723e-01, 2.656920039520276888e-01
2.877371237914884139e-01, 3.420096289507180143e-01, 1.042375249412586941e-01, 2.660157223165349194e-01
2.874896088889311030e-01, 3.416340386728504708e-01, 1.045364240096696568e-01, 2.663399284285488111e-01
2.872408661161000576e-01, 3.412563530694487923e-01, 1.048381562574275949e-01, 2.666646245570234441e-01
2.869908904322735488e-01, 3.408765717076894797e-01, 1.051427249057103469e-01, 2.669898129543266663e-01
2.867396768221305847e-01, 3.404946942091147122e-01, 1.054501331128892272e-01, 2.673154958558653926e-01
2.864872202964666159e-01, 3.401107202503731441e-01, 1.057603839734508056e-01, 2.676416754797095177e-01
2.862335158929112944e-01, 3.397246495639614783e-01, 1.060734805169138845e-01, 2.679683540262133845e-01
2.859785586766522281e-01, 3.393364819389699805e-01, 1.063894257067416194e-01, 2.682955336776361999e-01
2.857223437411622879e-01, 3.389462172218288272e-01, 1.067082224392489065e-01, 2.686232165977598951e-01
2.854648662089317446e-01, 3.385538553170566178e-01, 1.070298735425055520e-01, 2.689514049315062105e-01
2.852061212322035133e-01, 3.381593961880109966e-01, 1.073543817752345836e-01, 2.692801008045509481e-01
2.849461039937140616e-01, 3.377628398576411617e-01, 1.076817498257068434e-01, 2.696093063229378917e-01
2.846848097074373696e-01, 3.373641864092415399e-01, 1.080119803106311255e-01, 2.699390235726900622e-01
2.844222336193325540e-01, 3.369634359872074603e-01, 1.083450757740403586e-01, 2.702692546194197520e-01
2.841583710080965997e-01, 3.365605887977916044e-01, 1.086810386861740835e-01, 2.706000015079377263e-01
2.838932171859201992e-01, 3.361556451098625664e-01, 1.090198714423574605e-01, 2.709312662618598155e-01
2.836267674992470900e-01, 3.357486052556636902e-01, 1.093615763618762948e-01, 2.712630508832129528e-01
2.833590173295378878e-01, 3.353394696315736279e-01, 1.097061556868490911e-01, 2.715953573520392683e-01
2.830899620940369732e-01, 3.349282386988676752e-01, 1.100536115810957644e-01, 2.719281876259996844e-01
2.828195972465425978e-01, 3.345149129844789959e-01, 1.104039461290034357e-01, 2.722615436399750677e-01
2.825479182781817644e-01, 3.340994930817619002e-01, 1.107571613343891898e-01, 2.725954273056671595e-01
2.822749207181869946e-01, 3.336819796512547898e-01, 1.111132591193602914e-01, 2.729298405111978409e-01
2.820006001346772595e-01, 3.332623734214433808e-01, 1.114722413231718362e-01, 2.732647851207074541e-01
2.817249521354415198e-01, 3.328406751895244264e-01, 1.118341097010820129e-01, 2.736002629739520131e-01
2.814479723687260959e-01, 3.324168858221696610e-01, 1.121988659232052432e-01, 2.739362758858989166e-01
2.811696565240245915e-01, 3.319910062562891340e-01, 1.125665115733632954e-01, 2.742728256463229375e-01
2.808900003328703154e-01, 3.315630374997952101e-01, 1.129370481479347321e-01, 2.746099140193997701e-01
2.806089995696324779e-01, 3.311329806323652925e-01, 1.133104770547024298e-01, 2.749475427432999108e-01
2.803266500523143856e-01, 3.307008368062044901e-01, 1.136867996117001400e-01, 2.752857135297809843e-01
2.800429476433547449e-01, 3.302666072468080083e-01, 1.140660170460573580e-01, 2.756244280637799027e-01
2.797578882504307418e-01, 3.298302932537218179e-01, 1.144481304928435389e-01, 2.759636880030039707e-01
2.794714678272641750e-01, 3.293918962013033247e-01, 1.148331409939110509e-01, 2.763034949775213245e-01
2.791836823744300866e-01, 3.289514175394805395e-01, 1.152210494967381565e-01, 2.766438505893513145e-01
2.788945279401663924e-01, 3.285088587945093064e-01, 1.156118568532706892e-01, 2.769847564120536676e-01
2.786040006211871756e-01, 3.280642215697306963e-01, 1.160055638187644234e-01, 2.773262139903178158e-01
2.783120965634964805e-01, 3.276175075463250708e-01, 1.164021710506267931e-01, 2.776682248395516694e-01
2.780188119632051036e-01, 3.271687184840658680e-01, 1.168016791072590960e-01, 2.780107904454699463e-01
2.777241430673482725e-01, 3.267178562220700577e-01, 1.172040884468991406e-01, 2.783539122636824459e-01
2.774280861747056015e-01, 3.262649226795478197e-01, 1.176093994264643672e-01, 2.786975917192821561e-01
2.771306376366216573e-01, 3.258099198565493348e-01, 1.180176123003961186e-01, 2.790418302064329725e-01
2.768317938578288007e-01, 3.253528498347086906e-01, 1.184287272195047175e-01, 2.793866290879579162e-01
2.765315512972708056e-01, 3.248937147779861756e-01, 1.188427442298162495e-01, 2.797319896949267970e-01
2.762299064689276440e-01, 3.244325169334073000e-01, 1.192596632714203603e-01, 2.800779133262447651e-01
2.759268559426409917e-01, 3.239692586317987066e-01, 1.196794841773204804e-01, 2.804244012482398629e-01
2.756223963449408454e-01, 3.235039422885211957e-01, 1.201022066722856052e-01, 2.807714546942522982e-01
2.753165243598732492e-01, 3.230365704041991970e-01, 1.205278303717047111e-01, 2.811190748642228288e-01
2.750092367298271334e-01, 3.225671455654471886e-01, 1.209563547804435174e-01, 2.814672629242820912e-01
2.747005302563634843e-01, 3.220956704455920638e-01, 1.213877792917037457e-01, 2.818160200063408172e-01
2.743904018010431822e-01, 3.216221478053916116e-01, 1.218221031858860159e-01, 2.821653472076791069e-01
2.740788482862561715e-01, 3.211465804937490565e-01, 1.222593256294557118e-01, 2.825152455905390880e-01
2.737658666960493536e-01, 3.206689714484237674e-01, 1.226994456738120937e-01, 2.828657161817149102e-01
2.734514540769556468e-01, 3.201893236967365830e-01, 1.231424622541616581e-01, 2.832167599721460149e-01
2.731356075388220450e-01, 3.197076403562715829e-01, 1.235883741883953696e-01, 2.835683779165110718e-01
2.728183242556367349e-01, 3.192239246355720872e-01, 1.240371801759699993e-01, 2.839205709328211369e-01
2.724996014663567112e-01, 3.187381798348328243e-01, 1.244888787967943916e-01, 2.842733399020161422e-01
2.721794364757336715e-01, 3.182504093465850503e-01, 1.249434685101203507e-01, 2.846266856675608858e-01
2.718578266551397449e-01, 3.177606166563786139e-01, 1.254009476534385936e-01, 2.849806090350429644e-01
2.715347694433910553e-01, 3.172688053434567501e-01, 1.258613144413802953e-01, 2.853351107717718160e-01
2.712102623475712848e-01, 3.167749790814251565e-01, 1.263245669646241576e-01, 2.856901916063793734e-01
2.708843029438527394e-01, 3.162791416389162391e-01, 1.267907031888093616e-01, 2.860458522284216598e-01
2.705568888783166370e-01, 3.157812968802456988e-01, 1.272597209534546414e-01, 2.864020932879828285e-01
2.702280178677713418e-01, 3.152814487660642873e-01, 1.277316179708845034e-01, 2.867589153952798675e-01
2.698976877005681008e-01, 3.147796013540009041e-01, 1.282063918251610812e-01, 2.871163191202697473e-01
2.695658962374157808e-01, 3.142757587993014745e-01, 1.286840399710242056e-01, 2.874743049922586224e-01
2.692326414121924971e-01, 3.137699253554583900e-01, 1.291645597328377748e-01, 2.878328734995114213e-01
2.688979212327549662e-01, 3.132621053748341211e-01, 1.296479483035448965e-01, 2.881920250888659329e-01
2.685617337817458039e-01, 3.127523033092776683e-01, 1.301342027436298565e-01, 2.885517601653467268e-01
2.682240772173968280e-01, 3.122405237107316323e-01, 1.306233199800888867e-01, 2.889120790917827364e-01
2.678849497743309716e-01, 3.117267712318335660e-01, 1.311152968054094536e-01, 2.892729821884260089e-01
2.675443497643592572e-01, 3.112110506265081677e-01, 1.316101298765581240e-01, 2.896344697325744511e-01
2.672022755772761049e-01, 3.106933667505509811e-01, 1.321078157139777554e-01, 2.899965419581951864e-01
2.668587256816501441e-01, 3.101737245622044337e-01, 1.326083507005937079e-01, 2.903591990555517421e-01
2.665136986256111395e-01, 3.096521291227247175e-01, 1.331117310808303533e-01, 2.907224411708337342e-01
2.661671930376340867e-01, 3.091285855969398422e-01, 1.336179529596369375e-01, 2.910862684057891614e-01
2.658192076273180882e-01, 3.086030992537984186e-01, 1.341270123015242122e-01, 2.914506808173591978e-01
2.654697411861614564e-01, 3.080756754669098374e-01, 1.346389049296115581e-01, 2.918156784173172036e-01
2.651187925883323193e-01, 3.075463197150739014e-01, 1.351536265246846835e-01, 2.921812611719090680e-01
2.647663607914348405e-01, 3.070150375828016309e-01, 1.356711726242649796e-01, 2.925474290014984380e-01
2.644124448372699998e-01, 3.064818347608255222e-01, 1.361915386216904500e-01, 2.929141817802140002e-01
2.640570438525915997e-01, 3.059467170466002028e-01, 1.367147197652076318e-01, 2.932815193356006489e-01
2.637001570498571090e-01, 3.054096903447917621e-01, 1.372407111570767835e-01, 2.936494414482743731e-01
2.633417837279731777e-01, 3.048707606677578674e-01, 1.377695077526887857e-01, 2.940179478515801414e-01
2.629819232730353229e-01, 3.043299341360161114e-01, 1.383011043596948930e-01, 2.943870382312536171e-01
2.626205751590614534e-01, 3.037872169787014798e-01, 1.388354956371496696e-01, 2.947567122250873139e-01
2.622577389487201760e-01, 3.032426155340128826e-01, 1.393726760946672749e-01, 2.951269694225996942e-01
2.618934142940520515e-01, 3.026961362496479735e-01, 1.399126400915912949e-01, 2.954978093647087078e-01
2.615276009371849120e-01, 3.021477856832268105e-01, 1.404553818361786721e-01, 2.958692315434096609e-01
2.611602987110424601e-01, 3.015975705027030274e-01, 1.410008953847978752e-01, 2.962412354014565818e-01
2.607915075400457638e-01, 3.010454974867637357e-01, 1.415491746411416951e-01, 2.966138203320487499e-01
2.604212274408079786e-01, 3.004915735252162157e-01, 1.421002133554549185e-01, 2.969869856785208873e-01
2.600494585228216859e-01, 2.999358056193628941e-01, 1.426540051237771833e-01, 2.973607307340382921e-01
2.596762009891390166e-01, 2.993782008823634988e-01, 1.432105433872013778e-01, 2.977350547412960791e-01
2.593014551370435017e-01, 2.988187665395842796e-01, 1.437698214311481371e-01, 2.981099568922239706e-01
2.589252213587150409e-01, 2.982575099289340170e-01, 1.443318323846557727e-01, 2.984854363276951972e-01
2.585475001418857666e-01, 2.976944385011868199e-01, 1.448965692196874377e-01, 2.988614921372400035e-01
2.581682920704880813e-01, 2.971295598202918775e-01, 1.454640247504546402e-01, 2.992381233587653178e-01
2.577875978252947564e-01, 2.965628815636685012e-01, 1.460341916327578815e-01, 2.996153289782788054e-01
2.574054181845492617e-01, 2.959944115224887318e-01, 1.466070623633443648e-01, 2.999931079296177527e-01
2.570217540245878229e-01, 2.954241576019442928e-01, 1.471826292792840496e-01, 3.003714590941838902e-01
2.566366063204526538e-01, 2.948521278215007202e-01, 1.477608845573628871e-01, 3.007503813006837667e-01
2.562499761464953618e-01, 2.942783303151358387e-01, 1.483418202134948460e-01, 3.011298733248740089e-01
2.558618646769705851e-01, 2.937027733315645817e-01, 1.489254281021522297e-01, 3.015099338893126868e-01
2.554722731866209684e-01, 2.931254652344479905e-01, 1.495116999158149218e-01, 3.018905616631160083e-01
2.550812030512514816e-01, 2.925464145025882257e-01, 1.501006271844387563e-01, 3.022717552617215642e-01
2.546886557482931357e-01, 2.919656297301072012e-01, 1.506922012749433437e-01, 3.026535132466562361e-01
2.542946328573578163e-01, 2.913831196266107870e-01, 1.512864133907195763e-01, 3.030358341253117649e-01
2.538991360607809056e-01, 2.907988930173371900e-01, 1.518832545711571169e-01, 3.034187163507248153e-01
2.535021671441542446e-01, 2.902129588432889040e-01, 1.524827156911923998e-01, 3.038021583213645349e-01
2.531037279968482157e-01, 2.896253261613495611e-01, 1.530847874608767534e-01, 3.041861583809254421e-01
2.527038206125218900e-01, 2.890360041443845729e-01, 1.536894604249660068e-01, 3.045707148181275858e-01
2.523024470896221838e-01, 2.884450020813246196e-01, 1.542967249625305515e-01, 3.049558258665225896e-01
2.518996096318722455e-01, 2.878523293772338731e-01, 1.549065712865874134e-01, 3.053414897043064680e-01
2.514953105487464091e-01, 2.872579955533605678e-01, 1.555189894437535580e-01, 3.057277044541394373e-01
2.510895522559350446e-01, 2.866620102471715836e-01, 1.561339693139214002e-01, 3.061144681829719993e-01
2.506823372757960300e-01, 2.860643832123694330e-01, 1.567515006099563790e-01, 3.065017789018781302e-01
2.502736682377942334e-01, 2.854651243188924825e-01, 1.573715728774171818e-01, 3.068896345658960745e-01
2.498635478789286712e-01, 2.848642435528980221e-01, 1.579941754942985332e-01, 3.072780330738748567e-01
2.494519790441467877e-01, 2.842617510167271822e-01, 1.586192976707969660e-01, 3.076669722683291197e-01
2.490389646867456064e-01, 2.836576569288535299e-01, 1.592469284491000725e-01, 3.080564499353007912e-01
2.486245078687601140e-01, 2.830519716238127370e-01, 1.598770567031988221e-01, 3.084464638042282991e-01
2.482086117613385157e-01, 2.824447055521148719e-01, 1.605096711387240804e-01, 3.088370115478224487e-01
2.477912796451031407e-01, 2.818358692801392062e-01, 1.611447602928067768e-01, 3.092280907819509594e-01
2.473725149104983867e-01, 2.812254734900096476e-01, 1.617823125339622747e-01, 3.096196990655296633e-01
2.469523210581254236e-01, 2.806135289794534082e-01, 1.624223160619993611e-01, 3.100118339004218626e-01
2.465307016990609668e-01, 2.800000466616398009e-01, 1.630647589079537718e-01, 3.104044927313455160e-01
2.461076605551638652e-01, 2.793850375650019924e-01, 1.637096289340466138e-01, 3.107976729457875287e-01
2.456832014593664792e-01, 2.787685128330388284e-01, 1.643569138336679336e-01, 3.111913718739268697e-01
2.452573283559506268e-01, 2.781504837240985628e-01, 1.650066011313854608e-01, 3.115855867885652941e-01
2.448300453008108446e-01, 2.775309616111439892e-01, 1.656586781829788857e-01, 3.119803149050662805e-01
2.444013564617006640e-01, 2.769099579814978118e-01, 1.663131321755001724e-01, 3.123755533813013519e-01
2.439712661184652021e-01, 2.762874844365695859e-01, 1.669699501273592124e-01, 3.127712993176060552e-01
2.435397786632578776e-01, 2.756635526915631185e-01, 1.676291188884360683e-01, 3.131675497567429911e-01
2.431068986007420274e-01, 2.750381745751652174e-01, 1.682906251402192799e-01, 3.135643016838735031e-01
2.426726305482766466e-01, 2.744113620292141231e-01, 1.689544553959707318e-01, 3.139615520265385262e-01
2.422369792360871410e-01, 2.737831271083494555e-01, 1.696205960009168900e-01, 3.143592976546465967e-01
2.417999495074190375e-01, 2.731534819796418434e-01, 1.702890331324673212e-01, 3.147575353804718534e-01
2.413615463186772059e-01, 2.725224389222036248e-01, 1.709597528004596634e-01, 3.151562619586595337e-01
2.409217747395473175e-01, 2.718900103267795632e-01, 1.716327408474322691e-01, 3.155554740862407392e-01
2.404806399531023708e-01, 2.712562086953180240e-01, 1.723079829489236048e-01, 3.159551684026560836e-01
2.400381472558921758e-01, 2.706210466405215009e-01, 1.729854646137991003e-01, 3.163553414897872784e-01
2.395943020580158789e-01, 2.699845368853791561e-01, 1.736651711846061152e-01, 3.167559898719987665e-01
2.391491098831788897e-01, 2.693466922626774340e-01, 1.743470878379560218e-01, 3.171571100161875711e-01
2.387025763687316005e-01, 2.687075257144921903e-01, 1.750311995849341551e-01, 3.175586983318421375e-01
2.382547072656925891e-01, 2.680670502916596698e-01, 1.757174912715380177e-01, 3.179607511711097789e-01
2.378055084387533658e-01, 2.674252791532287232e-01, 1.764059475791429910e-01, 3.183632648288747813e-01
2.373549858662669099e-01, 2.667822255658924280e-01, 1.770965530249967723e-01, 3.187662355428438898e-01
2.369031456402186098e-01, 2.661379029033987820e-01, 1.777892919627415691e-01, 3.191696594936411779e-01
2.364499939661794115e-01, 2.654923246459425790e-01, 1.784841485829647412e-01, 3.195735328049132407e-01
2.359955371632420362e-01, 2.648455043795370778e-01, 1.791811069137780321e-01, 3.199778515434427706e-01
2.355397816639392128e-01, 2.641974557953646330e-01, 1.798801508214251388e-01, 3.203826117192710154e-01
2.350827340141439237e-01, 2.635481926891081184e-01, 1.805812640109172584e-01, 3.207878092858305608e-01
2.346244008729526653e-01, 2.628977289602617007e-01, 1.812844300266987507e-01, 3.211934401400867722e-01
2.341647890125498899e-01, 2.622460786114219622e-01, 1.819896322533393895e-01, 3.215995001226888972e-01
2.337039053180547943e-01, 2.615932557475584841e-01, 1.826968539162570071e-01, 3.220059850181296590e-01
2.332417567873502628e-01, 2.609392745752650566e-01, 1.834060780824681158e-01, 3.224128905549165092e-01
2.327783505308934631e-01, 2.602841494019900170e-01, 1.841172876613673126e-01, 3.228202124057493183e-01
2.323136937715076511e-01, 2.596278946352472139e-01, 1.848304654055353546e-01, 3.232279461877098359e-01
2.318477938441571018e-01, 2.589705247818067102e-01, 1.855455939115764619e-01, 3.236360874624597539e-01
2.313806581957018882e-01, 2.583120544468659463e-01, 1.862626556209839579e-01, 3.240446317364481521e-01
2.309122943846355913e-01, 2.576524983332006413e-01, 1.869816328210349154e-01, 3.244535744611288797e-01
2.304427100808041085e-01, 2.569918712402959327e-01, 1.877025076457132791e-01, 3.248629110331868741e-01
2.299719130651056709e-01, 2.563301880634579200e-01, 1.884252620766621866e-01, 3.252726367947743058e-01
2.294999112291726262e-01, 2.556674637929058358e-01, 1.891498779441646294e-01, 3.256827470337568253e-01
2.290267125750347632e-01, 2.550037135128441768e-01, 1.898763369281531166e-01, 3.260932369839680267e-01
2.285523252147630413e-01, 2.543389524005151281e-01, 1.906046205592473453e-01, 3.265041018254742911e-01
2.280767573700963891e-01, 2.536731957252327252e-01, 1.913347102198212357e-01, 3.269153366848496223e-01
2.276000173720477693e-01, 2.530064588473957543e-01, 1.920665871450978890e-01, 3.273269366354585874e-01
2.271221136604931190e-01, 2.523387572174836668e-01, 1.928002324242732435e-01, 3.277388966977499707e-01
2.266430547837409992e-01, 2.516701063750316769e-01, 1.935356270016679592e-01, 3.281512118395594202e-01
2.261628493980832044e-01, 2.510005219475872629e-01, 1.942727516779076680e-01, 3.285638769764217537e-01
2.256815062673273864e-01, 2.503300196496490160e-01, 1.950115871111315347e-01, 3.289768869718921462e-01
2.251990342623098329e-01, 2.496586152815841453e-01, 1.957521138182282405e-01, 3.293902366378778090e-01
2.247154423603910656e-01, 2.489863247285303560e-01, 1.964943121761005274e-01, 3.298039207349780511e-01
2.242307396449310652e-01, 2.483131639592767725e-01, 1.972381624229577468e-01, 3.302179339728344432e-01
2.237449353047471778e-01, 2.476391490251281524e-01, 1.979836446596349164e-01, 3.306322710104897533e-01
2.232580386335525080e-01, 2.469642960587499769e-01, 1.987307388509409189e-01, 3.310469264567565961e-01
2.227700590293760219e-01, 2.462886212729958890e-01, 1.994794248270327641e-01, 3.314618948705952417e-01
2.222810059939639427e-01, 2.456121409597172844e-01, 2.002296822848177726e-01, 3.318771707615010280e-01
2.217908891321627718e-01, 2.449348714885547507e-01, 2.009814907893825164e-01, 3.322927485898999334e-01
2.212997181512835476e-01, 2.442568293057127971e-01, 2.017348297754490150e-01, 3.327086227675546959e-01
2.208075028604477297e-01, 2.435780309327164050e-01, 2.024896785488568829e-01, 3.331247876579789269e-01
2.203142531699149587e-01, 2.428984929651508140e-01, 2.032460162880730115e-01, 3.335412375768611049e-01
2.198199790903919426e-01, 2.422182320713844594e-01, 2.040038220457264240e-01, 3.339579667924971185e-01
2.193246907323235517e-01, 2.415372649912745917e-01, 2.047630747501703596e-01, 3.343749695262314692e-01
2.188283983051655390e-01, 2.408556085348571296e-01, 2.055237532070690043e-01, 3.347922399529084103e-01
2.183311121166389424e-01, 2.401732795810194998e-01, 2.062858361010108943e-01, 3.352097722013306358e-01
2.178328425719670836e-01, 2.394902950761573224e-01, 2.070493019971472726e-01, 3.356275603547284048e-01
2.173336001730939160e-01, 2.388066720328158865e-01, 2.078141293428551473e-01, 3.360455984512349947e-01
2.168333955178848582e-01, 2.381224275283152225e-01, 2.085802964694264405e-01, 3.364638804843734787e-01
2.163322392993100030e-01, 2.374375787033596863e-01, 2.093477815937801745e-01, 3.368824004035501085e-01
2.158301423046095069e-01, 2.367521427606331108e-01, 2.101165628202004698e-01, 3.373011521145568570e-01
2.153271154144416333e-01, 2.360661369633781370e-01, 2.108866181420977481e-01, 3.377201294800825093e-01
2.148231696020131143e-01, 2.353795786339608898e-01, 2.116579254437939150e-01, 3.381393263202321364e-01
2.143183159321926656e-01, 2.346924851524221645e-01, 2.124304625023308857e-01, 3.385587364130542287e-01
2.138125655606071263e-01, 2.340048739550130152e-01, 2.132042069893029523e-01, 3.389783534950768784e-01
2.133059297327204451e-01, 2.333167625327174366e-01, 2.139791364727109679e-01, 3.393981712618512336e-01
2.127984197828960700e-01, 2.326281684297607233e-01, 2.147552284188399274e-01, 3.398181833685032238e-01
2.122900471334428774e-01, 2.319391092421052014e-01, 2.155324601941583929e-01, 3.402383834302935561e-01
2.117808232936436719e-01, 2.312496026159316653e-01, 2.163108090672396788e-01, 3.406587650231849840e-01
2.112707598587682811e-01, 2.305596662461094903e-01, 2.170902522107048260e-01, 3.410793216844173470e-01
2.107598685090695811e-01, 2.298693178746528953e-01, 2.178707667031870299e-01, 3.415000469130906047e-01
2.102481610087642561e-01, 2.291785752891654926e-01, 2.186523295313155535e-01, 3.419209341707546979e-01
2.097356492049971544e-01, 2.284874563212734577e-01, 2.194349175917219841e-01, 3.423419768820075149e-01
2.092223450267896856e-01, 2.277959788450457657e-01, 2.202185076930650576e-01, 3.427631684350994079e-01
2.087082604839737010e-01, 2.271041607754045177e-01, 2.210030765580759671e-01, 3.431845021825457587e-01
2.081934076661088318e-01, 2.264120200665234450e-01, 2.217886008256224339e-01, 3.436059714417452615e-01
2.076777987413854776e-01, 2.257195747102155037e-01, 2.225750570527921524e-01, 3.440275694956068109e-01
2.071614459555127241e-01, 2.250268427343112554e-01, 2.233624217169945525e-01, 3.444492895931814402e-01
2.066443616305911890e-01, 2.243338422010258959e-01, 2.241506712180804661e-01, 3.448711249503025322e-01
2.061265581639717126e-01, 2.236405912053173461e-01, 2.249397818804797222e-01, 3.452930687502311358e-01
2.056080480270999211e-01, 2.229471078732350731e-01, 2.257297299553558123e-01, 3.457151141443092213e-01
2.050888437643457185e-01, 2.222534103602592237e-01, 2.265204916227773202e-01, 3.461372542526178209e-01
2.045689579918201495e-01, 2.215595168496316825e-01, 2.273120429939061160e-01, 3.465594821646421075e-01
2.040484033961779686e-01, 2.208654455506785796e-01, 2.281043601132009824e-01, 3.469817909399423583e-01
2.035271927334068864e-01, 2.201712146971248341e-01, 2.288974189606370613e-01, 3.474041736088311350e-01
2.030053388276034931e-01, 2.194768425454011462e-01, 2.296911954539400391e-01, 3.478266231730552938e-01
2.024828545697368587e-01, 2.187823473729434420e-01, 2.304856654508350422e-01, 3.482491326064846571e-01
2.019597529163985883e-01, 2.180877474764856550e-01, 2.312808047513100762e-01, 3.486716948558056250e-01
2.014360468885413591e-01, 2.173930611703460136e-01, 2.320765890998924552e-01, 3.490943028412201721e-01
2.009117495702047174e-01, 2.166983067847071120e-01, 2.328729941879381926e-01, 3.495169494571499502e-01
2.003868741072289406e-01, 2.160035026638896516e-01, 2.336699956559353530e-01, 3.499396275729459993e-01
1.998614337059577972e-01, 2.153086671646217143e-01, 2.344675690958180903e-01, 3.503623300336025093e-01
1.993354416319293165e-01, 2.146138186543020687e-01, 2.352656900532931472e-01, 3.507850496604755230e-01
1.988089112085557608e-01, 2.139189755092592571e-01, 2.360643340301777915e-01, 3.512077792520072461e-01
1.982818558157930788e-01, 2.132241561130060470e-01, 2.368634764867478537e-01, 3.516305115844530760e-01
1.977542888887989514e-01, 2.125293788544906082e-01, 2.376630928440962576e-01, 3.520532394126141829e-01
1.972262239165815667e-01, 2.118346621263429985e-01, 2.384631584865013199e-01, 3.524759554705740316e-01
1.966976744406378486e-01, 2.111400243231197627e-01, 2.392636487638041543e-01, 3.528986524724382345e-01
1.961686540535820256e-01, 2.104454838395445893e-01, 2.400645389937947072e-01, 3.533213231130787335e-01
1.956391763977648746e-01, 2.097510590687475251e-01, 2.408658044646059537e-01, 3.537439600688816466e-01
1.951092551638844985e-01, 2.090567684005011917e-01, 2.416674204371160872e-01, 3.541665559984983891e-01
1.945789040895865851e-01, 2.083626302194565016e-01, 2.424693621473570093e-01, 3.545891035435997929e-01
1.940481369580586424e-01, 2.076686629033762943e-01, 2.432716048089304806e-01, 3.550115953296346105e-01
1.935169675966138259e-01, 2.069748848213681103e-01, 2.440741236154290172e-01, 3.554340239665889634e-01
1.929854098752679936e-01, 2.062813143321173825e-01, 2.448768937428640602e-01, 3.558563820497506192e-01
1.924534777053092394e-01, 2.055879697821192675e-01, 2.456798903520968913e-01, 3.562786621604746573e-01
1.919211850378597373e-01, 2.048948695039119750e-01, 2.464830885912764058e-01, 3.567008568669518542e-01
1.913885458624308422e-01, 2.042020318143101809e-01, 2.472864635982790493e-01, 3.571229587249800108e-01
1.908555742054716675e-01, 2.035094750126395513e-01, 2.480899905031526687e-01, 3.575449602787361125e-01
1.903222841289111955e-01, 2.028172173789735133e-01, 2.488936444305634432e-01, 3.579668540615518757e-01
1.897886897286945040e-01, 2.021252771723703601e-01, 2.496974005022450649e-01, 3.583886325966900155e-01
1.892548051333134973e-01, 2.014336726291144353e-01, 2.505012338394492222e-01, 3.588102883981228453e-01
1.887206445023317525e-01, 2.007424219609589833e-01, 2.513051195653978054e-01, 3.592318139713113756e-01
1.881862220249052586e-01, 2.000515433533721077e-01, 2.521090328077356668e-01, 3.596532018139869114e-01
1.876515519182974934e-01, 1.993610549637863660e-01, 2.529129487009831867e-01, 3.600744444169329816e-01
1.871166484263912522e-01, 1.986709749198524166e-01, 2.537168423889887836e-01, 3.604955342647675476e-01
1.865815258181950098e-01, 1.979813213176966347e-01, 2.545206890273804534e-01, 3.609164638367278743e-01
1.860461983863474777e-01, 1.972921122201831690e-01, 2.553244637860156985e-01, 3.613372256074536826e-01
1.855106804456170821e-01, 1.966033656551815778e-01, 2.561281418514290142e-01, 3.617578120477723536e-01
1.849749863313993326e-01, 1.959150996138393497e-01, 2.569316984292776551e-01, 3.621782156254836904e-01
1.844391303982117480e-01, 1.952273320488604191e-01, 2.577351087467834589e-01, 3.625984288061444016e-01
1.839031270181854805e-01, 1.945400808727900943e-01, 2.585383480551713409e-01, 3.630184440538531399e-01
1.833669905795557997e-01, 1.938533639563056743e-01, 2.593413916321038459e-01, 3.634382538320346523e-01
1.828307354851509414e-01, 1.931671991265150046e-01, 2.601442147841100949e-01, 3.638578506042239868e-01
1.822943761508787341e-01, 1.924816041652618881e-01, 2.609467928490104560e-01, 3.642772268348489773e-01
1.817579270042133655e-01, 1.917965968074388239e-01, 2.617491011983344995e-01, 3.646963749900134499e-01
1.812214024826806769e-01, 1.911121947393083498e-01, 2.625511152397333459e-01, 3.651152875382775997e-01
1.806848170323437086e-01, 1.904284155968325731e-01, 2.633528104193849084e-01, 3.655339569514388653e-01
1.801481851062877171e-01, 1.897452769640110004e-01, 2.641541622243909759e-01, 3.659523757053102511e-01
1.796115211631063302e-01, 1.890627963712284976e-01, 2.649551461851675227e-01, 3.663705362804976495e-01
1.790748396653873420e-01, 1.883809912936117714e-01, 2.657557378778258039e-01, 3.667884311631750549e-01
1.785381550782007831e-01, 1.876998791493959540e-01, 2.665559129265448468e-01, 3.672060528458584439e-01
1.780014818675873522e-01, 1.870194772983019282e-01, 2.673556470059337276e-01, 3.676233938281769364e-01
1.774648344990489568e-01, 1.863398030399232852e-01, 2.681549158433852997e-01, 3.680404466176424583e-01
1.769282274360414464e-01, 1.856608736121248548e-01, 2.689536952214176546e-01, 3.684572037304160719e-01
1.763916751384695947e-01, 1.849827061894522562e-01, 2.697519609800055895e-01, 3.688736576920726429e-01
1.758551920611843844e-01, 1.843053178815526882e-01, 2.705496890189006964e-01, 3.692898010383622309e-01
1.753187926524842899e-01, 1.836287257316082944e-01, 2.713468552999386274e-01, 3.697056263159688716e-01
1.747824913526188906e-01, 1.829529467147809618e-01, 2.721434358493345917e-01, 3.701211260832655836e-01
1.742463025922966202e-01, 1.822779977366704163e-01, 2.729394067599653639e-01, 3.705362929110675996e-01
1.737102407911969570e-01, 1.816038956317845288e-01, 2.737347441936383019e-01, 3.709511193833801568e-01
1.731743203564860001e-01, 1.809306571620233339e-01, 2.745294243833455994e-01, 3.713655980981450111e-01
1.726385556813376798e-01, 1.802582990151760378e-01, 2.753234236355050490e-01, 3.717797216679812888e-01
1.721029611434593543e-01, 1.795868378034322643e-01, 2.761167183321853735e-01, 3.721934827209230634e-01
1.715675511036226786e-01, 1.789162900619075125e-01, 2.769092849333161244e-01, 3.726068739011537678e-01
1.710323399042004977e-01, 1.782466722471819920e-01, 2.777010999788819823e-01, 3.730198878697354448e-01
1.704973418677096508e-01, 1.775780007358558343e-01, 2.784921400911009592e-01, 3.734325173053335001e-01
1.699625712953592160e-01, 1.769102918231177102e-01, 2.792823819765851701e-01, 3.738447549049380148e-01
1.694280424656062212e-01, 1.762435617213294892e-01, 2.800718024284852836e-01, 3.742565933845791171e-01
1.688937696327181270e-01, 1.755778265586264153e-01, 2.808603783286168776e-01, 3.746680254800385801e-01
1.683597670253416390e-01, 1.749131023775331861e-01, 2.816480866495691404e-01, 3.750790439475559790e-01
1.678260488450799559e-01, 1.742494051335954919e-01, 2.824349044567944778e-01, 3.754896415645299634e-01
1.672926292650771529e-01, 1.735867506940286242e-01, 2.832208089106801330e-01, 3.758998111302140344e-01
1.667595224286107236e-01, 1.729251548363823499e-01, 2.840057772686000459e-01, 3.763095454664069361e-01
1.662267424476924771e-01, 1.722646332472225483e-01, 2.847897868869468940e-01, 3.767188374181381083e-01
1.656943034016784833e-01, 1.716052015208303361e-01, 2.855728152231444827e-01, 3.771276798543466424e-01
1.651622193358868451e-01, 1.709468751579180101e-01, 2.863548398376399295e-01, 3.775360656685552430e-01
1.646305042602256574e-01, 1.702896695643628944e-01, 2.871358383958738103e-01, 3.779439877795376934e-01
1.640991721478300691e-01, 1.696336000499589214e-01, 2.879157886702308211e-01, 3.783514391319802161e-01
1.635682369337090047e-01, 1.689786818271861446e-01, 2.886946685419676251e-01, 3.787584126971372811e-01
1.630377125134016281e-01, 1.683249300099986245e-01, 2.894724560031191052e-01, 3.791649014734806422e-01
1.625076127416448246e-01, 1.676723596126305227e-01, 2.902491291583828570e-01, 3.795708984873417124e-01
1.619779514310503155e-01, 1.670209855484210415e-01, 2.910246662269804219e-01, 3.799763967935481657e-01
1.614487423507929009e-01, 1.663708226286582104e-01, 2.917990455444959830e-01, 3.803813894760528780e-01
1.609199992253101674e-01, 1.657218855614414621e-01, 2.925722455646915243e-01, 3.807858696485567629e-01
1.603917357330126026e-01, 1.650741889505637217e-01, 2.933442448612988973e-01, 3.811898304551248340e-01
1.598639655050057284e-01, 1.644277472944126184e-01, 2.941150221297875733e-01, 3.815932650707941076e-01
1.593367021238240588e-01, 1.637825749848916546e-01, 2.948845561891083045e-01, 3.819961667021760099e-01
1.588099591221766860e-01, 1.631386863063603865e-01, 2.956528259834125261e-01, 3.823985285880504015e-01
1.582837499817055515e-01, 1.624960954345952835e-01, 2.964198105837466124e-01, 3.828003439999524971e-01
1.577580881317555139e-01, 1.618548164357703212e-01, 2.971854891897219297e-01, 3.832016062427522907e-01
1.572329869481575992e-01, 1.612148632654572256e-01, 2.979498411311579664e-01, 3.836023086552270978e-01
1.567084597520251865e-01, 1.605762497676472556e-01, 2.987128458697022593e-01, 3.840024446106253264e-01
1.561845198085625996e-01, 1.599389896737919980e-01, 2.994744830004221203e-01, 3.844020075172232542e-01
1.556611803258877991e-01, 1.593030966018661176e-01, 3.002347322533719387e-01, 3.848009908188742001e-01
1.551384544538679244e-01, 1.586685840554494242e-01, 3.009935734951337261e-01, 3.851993879955489253e-01
1.546163552829691312e-01, 1.580354654228312838e-01, 3.017509867303309612e-01, 3.855971925638687070e-01
1.540948958431198057e-01, 1.574037539761344029e-01, 3.025069521031157338e-01, 3.859943980776300854e-01
1.535740891025878518e-01, 1.567734628704609279e-01, 3.032614498986294649e-01, 3.863909981283216721e-01
1.530539479668728831e-01, 1.561446051430589455e-01, 3.040144605444359827e-01, 3.867869863456321333e-01
1.525344852776117921e-01, 1.555171937125100767e-01, 3.047659646119272869e-01, 3.871823563979508998e-01
1.520157138115000584e-01, 1.548912413779390818e-01, 3.055159428177021130e-01, 3.875771019928587191e-01
1.514976462792267664e-01, 1.542667608182440864e-01, 3.062643760249170732e-01, 3.879712168776121572e-01
1.509802953244252788e-01, 1.536437645913485139e-01, 3.070112452446088214e-01, 3.883646948396173859e-01
1.504636735226389799e-01, 1.530222651334747774e-01, 3.077565316369899051e-01, 3.887575297068963653e-01
1.499477933803014529e-01, 1.524022747584387882e-01, 3.085002165127150864e-01, 3.891497153485446447e-01
1.494326673337333378e-01, 1.517838056569670024e-01, 3.092422813341200727e-01, 3.895412456751796704e-01
1.489183077481532613e-01, 1.511668698960342838e-01, 3.099827077164316602e-01, 3.899321146393807114e-01
1.484047269167058092e-01, 1.505514794182237770e-01, 3.107214774289498993e-01, 3.903223162361205145e-01
1.478919370595041527e-01, 1.499376460411085688e-01, 3.114585723962006170e-01, 3.907118445031866338e-01
1.473799503226895513e-01, 1.493253814566548321e-01, 3.121939746990601838e-01, 3.911006935215954328e-01
1.468687787775057318e-01, 1.487146972306469250e-01, 3.129276665758510267e-01, 3.914888574159962609e-01
1.463584344193909481e-01, 1.481056048021340277e-01, 3.136596304234083310e-01, 3.918763303550665267e-01
1.458489291670846955e-01, 1.474981154828986785e-01, 3.143898487981179324e-01, 3.922631065518986659e-01
1.453402748617519114e-01, 1.468922404569469597e-01, 3.151183044169247327e-01, 3.926491802643762852e-01
1.448324832661233574e-01, 1.462879907800205825e-01, 3.158449801583128047e-01, 3.930345457955431998e-01
1.443255660636520721e-01, 1.456853773791302320e-01, 3.165698590632555764e-01, 3.934191974939621472e-01
1.438195348576871702e-01, 1.450844110521113950e-01, 3.172929243361374274e-01, 3.938031297540640630e-01
1.433144011706639909e-01, 1.444851024672010598e-01, 3.180141593456456417e-01, 3.941863370164893632e-01
1.428101764433109822e-01, 1.438874621626366201e-01, 3.187335476256334399e-01, 3.945688137684189023e-01
1.423068720338736826e-01, 1.432915005462760683e-01, 3.194510728759539231e-01, 3.949505545438962706e-01
1.418044992173555785e-01, 1.426972278952398920e-01, 3.201667189632642074e-01, 3.953315539241402665e-01
1.413030691847757259e-01, 1.421046543555743169e-01, 3.208804699218008039e-01, 3.957118065378491534e-01
1.408025930424437744e-01, 1.415137899419362522e-01, 3.215923099541255215e-01, 3.960913070614944798e-01
1.403030818112519784e-01, 1.409246445372994427e-01, 3.223022234318425605e-01, 3.964700502196060183e-01
1.398045464259841386e-01, 1.403372278926819372e-01, 3.230101948962859071e-01, 3.968480307850479893e-01
1.393069977346422517e-01, 1.397515496268948998e-01, 3.237162090591777508e-01, 3.972252435792850700e-01
1.388104464977896746e-01, 1.391676192263126555e-01, 3.244202508032579813e-01, 3.976016834726396887e-01
1.383149033879122747e-01, 1.385854460446633574e-01, 3.251223051828845967e-01, 3.979773453845397713e-01
1.378203789887963715e-01, 1.380050393028413591e-01, 3.258223574246049137e-01, 3.983522242837574945e-01
1.373268837949241095e-01, 1.374264080887400985e-01, 3.265203929276979111e-01, 3.987263151886379364e-01
1.368344282108863996e-01, 1.368495613571055758e-01, 3.272163972646878749e-01, 3.990996131673201774e-01
1.363430225508127647e-01, 1.362745079294110928e-01, 3.279103561818294543e-01, 3.994721133379467437e-01
1.358526770378188919e-01, 1.357012564937521426e-01, 3.286022555995631866e-01, 3.998438108688659454e-01
1.353634018034712283e-01, 1.351298156047616439e-01, 3.292920816129434880e-01, 4.002147009788237231e-01
1.348752068872692000e-01, 1.345601936835463253e-01, 3.299798204920376121e-01, 4.005847789371469458e-01
1.343881022361445576e-01, 1.339923990176424828e-01, 3.306654586822962427e-01, 4.009540400639167723e-01
1.339020977039780402e-01, 1.334264397609920272e-01, 3.313489828048959973e-01, 4.013224797301337965e-01
1.334172030511336093e-01, 1.328623239339391526e-01, 3.320303796570536758e-01, 4.016900933578734234e-01
1.329334279440093358e-01, 1.323000594232458249e-01, 3.327096362123125872e-01, 4.020568764204323076e-01
1.324507819546061616e-01, 1.317396539821276413e-01, 3.333867396208008982e-01, 4.024228244424653544e-01
1.319692745601137862e-01, 1.311811152303092587e-01, 3.340616772094625042e-01, 4.027879330001144509e-01
1.314889151425131519e-01, 1.306244506540989725e-01, 3.347344364822602558e-01, 4.031521977211275920e-01
1.310097129881968303e-01, 1.300696676064823087e-01, 3.354050051203516514e-01, 4.035156142849692373e-01
1.305316772876059794e-01, 1.295167733072353500e-01, 3.360733709822371074e-01, 4.038781784229216187e-01
1.300548171348845372e-01, 1.289657748430565465e-01, 3.367395221038819719e-01, 4.042398859181768889e-01
1.295791415275503455e-01, 1.284166791677172070e-01, 3.374034466988107273e-01, 4.046007326059218312e-01
1.291046593661833164e-01, 1.278694931022308634e-01, 3.380651331581746577e-01, 4.049607143734111347e-01
1.286313794541300570e-01, 1.273242233350410368e-01, 3.387245700507938162e-01, 4.053198271600350622e-01
1.281593104972260366e-01, 1.267808764222268791e-01, 3.393817461231714572e-01, 4.056780669573757381e-01
1.276884611035336015e-01, 1.262394587877274099e-01, 3.400366502994830453e-01, 4.060354298092560543e-01
1.272188397830972262e-01, 1.256999767235829069e-01, 3.406892716815393962e-01, 4.063919118117804707e-01
1.267504549477153075e-01, 1.251624363901949755e-01, 3.413395995487236156e-01, 4.067475091133659904e-01
1.262833149107281394e-01, 1.246268438166031056e-01, 3.419876233579032809e-01, 4.071022179147655295e-01
1.258174278868224860e-01, 1.240932049007791582e-01, 3.426333327433161435e-01, 4.074560344690821290e-01
1.253528019918524750e-01, 1.235615254099388244e-01, 3.432767175164324058e-01, 4.078089550817764475e-01
1.248894452426766860e-01, 1.230318109808697796e-01, 3.439177676657904081e-01, 4.081609761106632095e-01
1.244273655570112547e-01, 1.225040671202768938e-01, 3.445564733568092231e-01, 4.085120939659026562e-01
1.239665707532993655e-01, 1.219782992051436921e-01, 3.451928249315759922e-01, 4.088623051099810612e-01
1.235070685505960525e-01, 1.214545124831101358e-01, 3.458268129086092824e-01, 4.092116060576845293e-01
1.230488665684693478e-01, 1.209327120728666410e-01, 3.464584279825992374e-01, 4.095599933760648015e-01
1.225919723269169453e-01, 1.204129029645638754e-01, 3.470876610241225846e-01, 4.099074636843965114e-01
1.221363932462983110e-01, 1.198950900202380987e-01, 3.477145030793365454e-01, 4.102540136541269478e-01
1.216821366472825711e-01, 1.193792779742520738e-01, 3.483389453696473792e-01, 4.105996400088179343e-01
1.212292097508113758e-01, 1.188654714337513407e-01, 3.489609792913573316e-01, 4.109443395240798824e-01
1.207776196780773470e-01, 1.183536748791352983e-01, 3.495805964152889911e-01, 4.112881090274983498e-01
1.203273734505174025e-01, 1.178438926645430235e-01, 3.501977884863867740e-01, 4.116309453985527722e-01
1.198784779898212638e-01, 1.173361290183539130e-01, 3.508125474232971497e-01, 4.119728455685277013e-01
1.194309401179542846e-01, 1.168303880437023823e-01, 3.514248653179261050e-01, 4.123138065204171587e-01
1.189847665571958507e-01, 1.163266737190069011e-01, 3.520347344349762375e-01, 4.126538252888209413e-01
1.185399639301915747e-01, 1.158249898985128229e-01, 3.526421472114616984e-01, 4.129928989598339872e-01
1.180965387600202143e-01, 1.153253403128487176e-01, 3.532470962562028749e-01, 4.133310246709280822e-01
1.176544974702751767e-01, 1.148277285695965266e-01, 3.538495743493000889e-01, 4.136681996108281800e-01
1.172138463851595397e-01, 1.143321581538744025e-01, 3.544495744415873673e-01, 4.140044210193787877e-01
1.167745917295956032e-01, 1.138386324289329399e-01, 3.550470896540652288e-01, 4.143396861874061865e-01
1.163367396293481792e-01, 1.133471546367637445e-01, 3.556421132773153193e-01, 4.146739924565726598e-01
1.159002961111614410e-01, 1.128577278987211857e-01, 3.562346387708938966e-01, 4.150073372192235044e-01
1.154652671029093580e-01, 1.123703552161551822e-01, 3.568246597627073857e-01, 4.153397179182281018e-01
1.150316584337597176e-01, 1.118850394710574209e-01, 3.574121700483683939e-01, 4.156711320468143844e-01
1.145994758343513165e-01, 1.114017834267183038e-01, 3.579971635905334626e-01, 4.160015771483969171e-01
1.141687249369839480e-01, 1.109205897283958853e-01, 3.585796345182227229e-01, 4.163310508163974299e-01
1.137394112758217252e-01, 1.104414609039961193e-01, 3.591595771261211767e-01, 4.166595506940609095e-01
1.133115402871091026e-01, 1.099643993647640705e-01, 3.597369858738629911e-01, 4.169870744742639190e-01
1.128851173093990828e-01, 1.094894074059859224e-01, 3.603118553852973083e-01, 4.173136198993177559e-01
1.124601475837944953e-01, 1.090164872077016844e-01, 3.608841804477386783e-01, 4.176391847607652252e-01
1.120366362542011135e-01, 1.085456408354281699e-01, 3.614539560111994509e-01, 4.179637668991711408e-01
1.116145883675928735e-01, 1.080768702408922283e-01, 3.620211771876065687e-01, 4.182873642039083295e-01
1.111940088742895127e-01, 1.076101772627735403e-01, 3.625858392500012628e-01, 4.186099746129355870e-01
1.107749026282451310e-01, 1.071455636274575296e-01, 3.631479376317246488e-01, 4.189315961125726906e-01
1.103572743873492551e-01, 1.066830309497970170e-01, 3.637074679255861698e-01, 4.192522267372676414e-01
1.099411288137386866e-01, 1.062225807338837286e-01, 3.642644258830176618e-01, 4.195718645693599091e-01
1.095264704741209516e-01, 1.057642143738282831e-01, 3.648188074132133751e-01, 4.198905077388374596e-01
1.091133038401086580e-01, 1.053079331545488800e-01, 3.653706085822534533e-01, 4.202081544230888976e-01
1.087016332885649139e-01, 1.048537382525686762e-01, 3.659198256122155879e-01, 4.205248028466508914e-01
1.082914631019590568e-01, 1.044016307368212382e-01, 3.664664548802706312e-01, 4.208404512809491016e-01
1.078827974687337210e-01, 1.039516115694637116e-01, 3.670104929177663844e-01, 4.211550980440361691e-01
1.074756404836814949e-01, 1.035036816066983584e-01, 3.675519364092971197e-01, 4.214687415003229298e-01
1.070699961483321666e-01, 1.030578415996008385e-01, 3.680907821917606126e-01, 4.217813800603064656e-01
1.066658683713499894e-01, 1.026140921949562912e-01, 3.686270272534017955e-01, 4.220930121802918822e-01
1.062632609689408564e-01, 1.021724339361024386e-01, 3.691606687328454761e-01, 4.224036363621113677e-01
1.058621776652685087e-01, 1.017328672637791004e-01, 3.696917039181158438e-01, 4.227132511528365333e-01
1.054626220928815278e-01, 1.012953925169847863e-01, 3.702201302456445964e-01, 4.230218551444891451e-01
1.050645977931482095e-01, 1.008600099338391176e-01, 3.707459452992680760e-01, 4.233294469737446386e-01
1.046681082167014304e-01, 1.004267196524518818e-01, 3.712691468092127467e-01, 4.236360253216339689e-01
1.042731567238923129e-01, 9.999552171179769411e-02, 3.717897326510707923e-01, 4.239415889132392978e-01
1.038797465852524943e-01, 9.956641605259625161e-02, 3.723077008447637781e-01, 4.242461365173874066e-01
1.034878809819651108e-01, 9.913940251819829130e-02, 3.728230495534979871e-01, 4.245496669463384998e-01
1.030975630063442339e-01, 9.871448085547658569e-02, 3.733357770827086530e-01, 4.248521790554706801e-01
1.027087956623223830e-01, 9.829165071572183721e-02, 3.738458818789945903e-01, 4.251536717429612033e-01
1.023215818659461845e-01, 9.787091165554373529e-02, 3.743533625290448308e-01, 4.254541439494652355e-01
1.019359244458800384e-01, 9.745226313777625993e-02, 3.748582177585551567e-01, 4.257535946577886699e-01
1.015518261439170844e-01, 9.703570453238723192e-02, 3.753604464311360300e-01, 4.260520228925596120e-01
1.011692896154982590e-01, 9.662123511739238724e-02, 3.758600475472131941e-01, 4.263494277198960902e-01
1.007883174302382084e-01, 9.620885407977301795e-02, 3.763570202429192824e-01, 4.266458082470694912e-01
1.004089120724584727e-01, 9.579856051639745740e-02, 3.768513637889775447e-01, 4.269411636221665529e-01
1.000310759417278317e-01, 9.539035343494617347e-02, 3.773430775895794120e-01, 4.272354930337464718e-01
9.965481135340939489e-02, 9.498423175483967917e-02, 3.778321611812536229e-01, 4.275287957104972891e-01
9.928012053921406177e-02, 9.458019430817032891e-02, 3.783186142317289113e-01, 4.278210709208867812e-01
9.890700564776086501e-02, 9.417823984063618259e-02, 3.788024365387899772e-01, 4.281123179728130723e-01
9.853546874514329534e-02, 9.377836701247800610e-02, 3.792836280291277395e-01, 4.284025362132509174e-01
9.816551181550178806e-02, 9.338057439941864490e-02, 3.797621887571832056e-01, 4.286917250278963754e-01
9.779713676160224634e-02, 9.298486049360471517e-02, 3.802381189039849563e-01, 4.289798838408080961e-01
9.743034540542029609e-02, 9.259122370455001583e-02, 3.807114187759824686e-01, 4.292670121140472195e-01
9.706513948873086994e-02, 9.219966236008159122e-02, 3.811820888038731647e-01, 4.295531093473143325e-01
9.670152067370374471e-02, 9.181017470728668195e-02, 3.816501295414251871e-01, 4.298381750775842614e-01
9.633949054350389452e-02, 9.142275891346166028e-02, 3.821155416642954550e-01, 4.301222088787389208e-01
9.597905060289693702e-02, 9.103741306706206182e-02, 3.825783259688428917e-01, 4.304052103611980540e-01
9.562020227885989487e-02, 9.065413517865397730e-02, 3.830384833709382097e-01, 4.306871791715478626e-01
9.526294692119610663e-02, 9.027292318186599940e-02, 3.834960149047696998e-01, 4.309681149921681387e-01
9.490728580315531404e-02, 8.989377493434250188e-02, 3.839509217216450221e-01, 4.312480175408571204e-01
9.455322012205778781e-02, 8.951668821869693260e-02, 3.844032050887901675e-01, 4.315268865704552370e-01
9.420075099992276935e-02, 8.914166074346591140e-02, 3.848528663881450318e-01, 4.318047218684663568e-01
9.384987948410111747e-02, 8.876869014406332803e-02, 3.852999071151566590e-01, 4.320815232566789232e-01
9.350060654791186865e-02, 8.839777398373475925e-02, 3.857443288775695978e-01, 4.323572905907837050e-01
9.315293309128251653e-02, 8.802890975451148348e-02, 3.861861333942137597e-01, 4.326320237599921570e-01
9.280685994139274697e-02, 8.766209487816438439e-02, 3.866253224937905020e-01, 4.329057226866524499e-01
9.246238785332214216e-02, 8.729732670715756315e-02, 3.870618981136567660e-01, 4.331783873258635009e-01
9.211951751070052152e-02, 8.693460252560103463e-02, 3.874958622986082735e-01, 4.334500176650901704e-01
9.177824952636200184e-02, 8.657391955020293794e-02, 3.879272171996601681e-01, 4.337206137237749615e-01
9.143858444300165256e-02, 8.621527493122066454e-02, 3.883559650728273249e-01, 4.339901755529504412e-01
9.110052273383531518e-02, 8.585866575341090379e-02, 3.887821082779041593e-01, 4.342587032348496634e-01
9.076406480326180970e-02, 8.550408903697885588e-02, 3.892056492772427712e-01, 4.345261968825167020e-01
9.042921098752795817e-02, 8.515154173852543251e-02, 3.896265906345310892e-01, 4.347926566394155756e-01
9.009596155539591200e-02, 8.480102075199337508e-02, 3.900449350135715698e-01, 4.350580826790392264e-01
8.976431670881251934e-02, 8.445252290961169361e-02, 3.904606851770585085e-01, 4.353224752045171675e-01
8.943427658358127363e-02, 8.410604498283805186e-02, 3.908738439853571278e-01, 4.355858344482234634e-01
8.910584125003577494e-02, 8.376158368329954251e-02, 3.912844143952811660e-01, 4.358481606713834333e-01
8.877901071371524511e-02, 8.341913566373104771e-02, 3.916923994588733526e-01, 4.361094541636804656e-01
8.845378491604174997e-02, 8.307869751891162891e-02, 3.920978023221847741e-01, 4.363697152428619441e-01
8.813016373499880929e-02, 8.274026578659834930e-02, 3.925006262240567922e-01, 4.366289442543460630e-01
8.780814698581160260e-02, 8.240383694845794527e-02, 3.929008744949032406e-01, 4.368871415708273087e-01
8.748773442162841030e-02, 8.206940743099537527e-02, 3.932985505554942307e-01, 4.371443075918819421e-01
8.716892573420312318e-02, 8.173697360648021770e-02, 3.936936579157421789e-01, 4.374004427435745357e-01
8.685172055457876517e-02, 8.140653179386980742e-02, 3.940862001734888875e-01, 4.376555474780625121e-01
8.653611845377215395e-02, 8.107807825972943028e-02, 3.944761810132954571e-01, 4.379096222732029586e-01
8.622211894345892247e-02, 8.075160921914963097e-02, 3.948636042052330875e-01, 4.381626676321584424e-01
8.590972147665952574e-02, 8.042712083666016254e-02, 3.952484736036781521e-01, 4.384146840830022707e-01
8.559892544842556683e-02, 8.010460922714043863e-02, 3.956307931461081617e-01, 4.386656721783259161e-01
8.528973019652658083e-02, 7.978407045672707143e-02, 3.960105668519013355e-01, 4.389156324948449428e-01
8.498213500213716576e-02, 7.946550054371738503e-02, 3.963877988211386705e-01, 4.391645656330067649e-01
8.467613909052401633e-02, 7.914889545946923732e-02, 3.967624932334094523e-01, 4.394124722165974051e-01
8.437174163173315200e-02, 7.883425112929753897e-02, 3.971346543466195977e-01, 4.396593528923496974e-01
8.406894174127726993e-02, 7.852156343336669231e-02, 3.975042864958038269e-01, 4.399052083295522109e-01
8.376773848082250118e-02, 7.821082820757871423e-02, 3.978713940919407777e-01, 4.401500392196580069e-01
8.346813085887511141e-02, 7.790204124445809786e-02, 3.982359816207726722e-01, 4.403938462758940631e-01
8.317011783146775750e-02, 7.759519829403174751e-02, 3.985980536416279252e-01, 4.406366302328725282e-01
8.287369830284505023e-02, 7.729029506470513899e-02, 3.989576147862485822e-01, 4.408783918462011453e-01
8.257887112614882563e-02, 7.698732722413410834e-02, 3.993146697576211435e-01, 4.411191318920958393e-01
8.228563510410237536e-02, 7.668629040009199149e-02, 3.996692233288123841e-01, 4.413588511669932490e-01
8.199398898969378902e-02, 7.638718018133261456e-02, 4.000212803418089491e-01, 4.415975504871645918e-01
8.170393148685881068e-02, 7.608999211844851007e-02, 4.003708457063623882e-01, 4.418352306883303049e-01
8.141546125116207178e-02, 7.579472172472440095e-02, 4.007179243988376882e-01, 4.420718926252757419e-01
8.112857689047761611e-02, 7.550136447698622966e-02, 4.010625214610679667e-01, 4.423075371714682014e-01
8.084327696566792620e-02, 7.520991581644510815e-02, 4.014046419992125525e-01, 4.425421652186743993e-01
8.055955999126185318e-02, 7.492037114953647992e-02, 4.017442911826221708e-01, 4.427757776765794961e-01
8.027742443613092305e-02, 7.463272584875446647e-02, 4.020814742427072930e-01, 4.430083754724073453e-01
7.999686872416406080e-02, 7.434697525348106517e-02, 4.024161964718130369e-01, 4.432399595505419065e-01
7.971789123494121831e-02, 7.406311467081017064e-02, 4.027484632220992844e-01, 4.434705308721493267e-01
7.944049030440468451e-02, 7.378113937636673891e-02, 4.030782799044260734e-01, 4.437000904148025171e-01
7.916466422552892457e-02, 7.350104461512038667e-02, 4.034056519872446511e-01, 4.439286391721059544e-01
7.889041124898867052e-02, 7.322282560219403602e-02, 4.037305849954948567e-01, 4.441561781533225339e-01
7.861772958382477750e-02, 7.294647752366703597e-02, 4.040530845095072210e-01, 4.443827083830008684e-01
7.834661739810819259e-02, 7.267199553737313522e-02, 4.043731561639126726e-01, 4.446082309006059163e-01
7.807707281960214740e-02, 7.239937477369248753e-02, 4.046908056465565728e-01, 4.448327467601488339e-01
7.780909393642151950e-02, 7.212861033633896635e-02, 4.050060386974196902e-01, 4.450562570298197684e-01
7.754267879769054239e-02, 7.185969730314126225e-02, 4.053188611075460579e-01, 4.452787627916222624e-01
7.727782541419780937e-02, 7.159263072681859574e-02, 4.056292787179756609e-01, 4.455002651410078784e-01
7.701453175904923731e-02, 7.132740563575117043e-02, 4.059372974186853944e-01, 4.457207651865143228e-01
7.675279576831803285e-02, 7.106401703474432563e-02, 4.062429231475342406e-01, 4.459402640494034009e-01
7.649261534169278509e-02, 7.080245990578747095e-02, 4.065461618892172724e-01, 4.461587628633025826e-01
7.623398834312240802e-02, 7.054272920880699793e-02, 4.068470196742248191e-01, 4.463762627738457334e-01
7.597691260145873760e-02, 7.028481988241357115e-02, 4.071455025778091819e-01, 4.465927649383184539e-01
7.572138591109625616e-02, 7.002872684464346575e-02, 4.074416167189574001e-01, 4.468082705253028086e-01
7.546740603260908287e-02, 6.977444499369417352e-02, 4.077353682593718442e-01, 4.470227807143249965e-01
7.521497069338506369e-02, 6.952196920865394425e-02, 4.080267634024564716e-01, 4.472362966955044650e-01
7.496407758825700263e-02, 6.927129435022560955e-02, 4.083158083923116854e-01, 4.474488196692057440e-01
7.471472438013097850e-02, 6.902241526144428652e-02, 4.086025095127344686e-01, 4.476603508456902802e-01
7.446690870061145606e-02, 6.877532676838915560e-02, 4.088868730862272316e-01, 4.478708914447721567e-01
7.422062815062357988e-02, 6.853002368088931262e-02, 4.091689054730130448e-01, 4.480804426954741460e-01
7.397588030103195711e-02, 6.828650079322351463e-02, 4.094486130700576987e-01, 4.482890058356868712e-01
7.373266269325673417e-02, 6.804475288481391659e-02, 4.097260023101003679e-01, 4.484965821118289675e-01
7.349097283988620388e-02, 6.780477472091364644e-02, 4.100010796606901597e-01, 4.487031727785101287e-01
7.325080822528595714e-02, 6.756656105328852358e-02, 4.102738516232305455e-01, 4.489087790981949877e-01
7.301216630620503689e-02, 6.733010662089231047e-02, 4.105443247320323397e-01, 4.491134023408703269e-01
7.277504451237863659e-02, 6.709540615053630197e-02, 4.108125055533718983e-01, 4.493170437837131215e-01
7.253944024712709326e-02, 6.686245435755237831e-02, 4.110784006845590310e-01, 4.495197047107615806e-01
7.230535088795198018e-02, 6.663124594645015997e-02, 4.113420167530107419e-01, 4.497213864125871874e-01
7.207277378712811933e-02, 6.640177561156793140e-02, 4.116033604153339631e-01, 4.499220901859699584e-01
7.184170627229262418e-02, 6.617403803771731985e-02, 4.118624383564148950e-01, 4.501218173335750361e-01
7.161214564702975127e-02, 6.594802790082199273e-02, 4.121192572885164496e-01, 4.503205691636317787e-01
7.138408919145282361e-02, 6.572373986854999905e-02, 4.123738239503829117e-01, 4.505183469896142379e-01
7.115753416278176868e-02, 6.550116860094012949e-02, 4.126261451063534258e-01, 4.507151521299246899e-01
7.093247779591772828e-02, 6.528030875102175390e-02, 4.128762275454814779e-01, 4.509109859075791094e-01
7.070891730401344943e-02, 6.506115496542885790e-02, 4.131240780806637036e-01, 4.511058496498939197e-01
7.048684987904013655e-02, 6.484370188500768184e-02, 4.133697035477758575e-01, 4.512997446881764074e-01
7.026627269235043161e-02, 6.462794414541817023e-02, 4.136131108048160532e-01, 4.514926723574154144e-01
7.004718289523777230e-02, 6.441387637772928720e-02, 4.138543067310566648e-01, 4.516846339959763035e-01
6.982957761949151743e-02, 6.420149320900825352e-02, 4.140932982262038875e-01, 4.518756309452963693e-01
6.961345397794893586e-02, 6.399078926290327485e-02, 4.143300922095643490e-01, 4.520656645495833570e-01
6.939880906504261593e-02, 6.378175916022048308e-02, 4.145646956192207688e-01, 4.522547361555161460e-01
6.918563995734428040e-02, 6.357439751949449380e-02, 4.147971154112145009e-01, 4.524428471119467665e-01
6.897394371410470182e-02, 6.336869895755284365e-02, 4.150273585587362923e-01, 4.526299987696063010e-01
6.876371737778964877e-02, 6.316465809007427989e-02, 4.152554320513250352e-01, 4.528161924808109529e-01
6.855495797461175211e-02, 6.296226953214104083e-02, 4.154813428940744569e-01, 4.530014295991727780e-01
6.834766251505855483e-02, 6.276152789878466920e-02, 4.157050981068470819e-01, 4.531857114793095831e-01
6.814182799441650951e-02, 6.256242780552619120e-02, 4.159267047234970205e-01, 4.533690394765603204e-01
6.793745139329084026e-02, 6.236496386890961335e-02, 4.161461697910994739e-01, 4.535514149467000378e-01
6.773452967812165770e-02, 6.216913070703002087e-02, 4.163635003691893988e-01, 4.537328392456589365e-01
6.753305980169553580e-02, 6.197492294005496616e-02, 4.165787035290071660e-01, 4.539133137292423181e-01
6.733303870365364707e-02, 6.178233519074016050e-02, 4.167917863527522138e-01, 4.540928397528540827e-01
6.713446331099535980e-02, 6.159136208493899006e-02, 4.170027559328446931e-01, 4.542714186712210056e-01
6.693733053857793547e-02, 6.140199825210617551e-02, 4.172116193711953303e-01, 4.544490518381205102e-01
6.674163728961207687e-02, 6.121423832579515889e-02, 4.174183837784824491e-01, 4.546257406061103845e-01
6.654738045615343767e-02, 6.102807694414972423e-02, 4.176230562734370433e-01, 4.548014863262598850e-01
6.635455691958991320e-02, 6.084350875038965073e-02, 4.178256439821360635e-01, 4.549762903478843934e-01
6.616316355112496217e-02, 6.066052839329019036e-02, 4.180261540373031437e-01, 4.551501540182817385e-01
6.597319721225673728e-02, 6.047913052765601510e-02, 4.182245935776169876e-01, 4.553230786824702947e-01
6.578465475525287209e-02, 6.029930981478896779e-02, 4.184209697470282485e-01, 4.554950656829298561e-01
6.559753302362161809e-02, 6.012106092294989407e-02, 4.186152896940831258e-01, 4.556661163593453412e-01
6.541182885257834645e-02, 5.994437852781502041e-02, 4.188075605712555105e-01, 4.558362320483511088e-01
6.522753906950812253e-02, 5.976925731292607319e-02, 4.189977895342867908e-01, 4.560054140832789926e-01
6.504466049442421405e-02, 5.959569197013479119e-02, 4.191859837415328749e-01, 4.561736637939080574e-01
6.486318994042240826e-02, 5.942367720004181758e-02, 4.193721503533193173e-01, 4.563409825062164638e-01
6.468312421413087432e-02, 5.925320771242943013e-02, 4.195562965313039960e-01, 4.565073715421355538e-01
6.450446011615654229e-02, 5.908427822668910201e-02, 4.197384294378475045e-01, 4.566728322193067124e-01
6.432719444152663890e-02, 5.891688347224297712e-02, 4.199185562353908718e-01, 4.568373658508393942e-01
6.415132398012640680e-02, 5.875101818895973882e-02, 4.200966840858411655e-01, 4.570009737450727583e-01
6.397684551713281320e-02, 5.858667712756505941e-02, 4.202728201499644212e-01, 4.571636572053378034e-01
