1.018055172447281942e-01, 2.772855765835435249e-01, 3.356807789495998562e-01, 2.852281272221284247e-01
1.019463390158729943e-01, 2.776113397237158220e-01, 3.349522424863662917e-01, 2.854900787740449197e-01
1.020876965776065098e-01, 2.779367835484695681e-01, 3.342238840458988114e-01, 2.857516358280250413e-01
1.022295876356382888e-01, 2.782619039726887400e-01, 3.334957127306987790e-01, 2.860127956609742061e-01
1.023720099039701487e-01, 2.785866969276732386e-01, 3.327677376019189115e-01, 2.862735555664376874e-01
1.025149611048973147e-01, 2.789111583611320611e-01, 3.320399676794068000e-01, 2.865339128545639213e-01
1.026584389690096133e-01, 2.792352842371761956e-01, 3.313124119417464875e-01, 2.867938648520675926e-01
1.028024412351925682e-01, 2.795590705363105166e-01, 3.305850793263034326e-01, 2.870534089021934410e-01
1.029469656506284414e-01, 2.798825132554252915e-01, 3.298579787292683085e-01, 2.873125423646779031e-01
1.030920099707971493e-01, 2.802056084077880205e-01, 3.291311190057031877e-01, 2.875712626157116425e-01
1.032375719594774283e-01, 2.805283520230333894e-01, 3.284045089695881159e-01, 2.878295670479011359e-01
1.033836493887474589e-01, 2.808507401471543874e-01, 3.276781573938677417e-01, 2.880874530702303704e-01
1.035302400389859212e-01, 2.811727688424919269e-01, 3.269520730105007766e-01, 2.883449181080214863e-01
1.036773416988729241e-01, 2.814944341877237410e-01, 3.262262645105081793e-01, 2.886019596028952527e-01
1.038249521653905050e-01, 2.818157322778542251e-01, 3.255007405440235035e-01, 2.888585750127317664e-01
1.039730692438236709e-01, 2.821366592242027238e-01, 3.247755097203440244e-01, 2.891147618116295392e-01
1.041216907477610920e-01, 2.824572111543909858e-01, 3.240505806079824191e-01, 2.893705174898656418e-01
1.042708144990956431e-01, 2.827773842123313952e-01, 3.233259617347188919e-01, 2.896258395538540698e-01
1.044204383280253057e-01, 2.830971745582142596e-01, 3.226016615876555194e-01, 2.898807255261047766e-01
1.045705600730538892e-01, 2.834165783684938766e-01, 3.218776886132702075e-01, 2.901351729451819850e-01
1.047211775809912676e-01, 2.837355918358756557e-01, 3.211540512174716477e-01, 2.903891793656615539e-01
1.048722887069545862e-01, 2.840542111693008520e-01, 3.204307577656556605e-01, 2.906427423580888458e-01
1.050238913143684422e-01, 2.843724325939332442e-01, 3.197078165827623164e-01, 2.908958595089360388e-01
1.051759832749655788e-01, 2.846902523511428140e-01, 3.189852359533332238e-01, 2.911485284205584390e-01
1.053285624687877869e-01, 2.850076666984911467e-01, 3.182630241215704814e-01, 2.914007467111506822e-01
1.054816267841860444e-01, 2.853246719097147222e-01, 3.175411892913958534e-01, 2.916525120147033245e-01
1.056351741178214038e-01, 2.856412642747091502e-01, 3.168197396265114429e-01, 2.919038219809579893e-01
1.057892023746654503e-01, 2.859574400995117394e-01, 3.160986832504603661e-01, 2.921546742753625137e-01
1.059437094680008434e-01, 2.862731957062844002e-01, 3.153780282466887019e-01, 2.924050665790259851e-01
1.060986933194219828e-01, 2.865885274332959365e-01, 3.146577826586088311e-01, 2.926549965886732219e-01
1.062541518588355632e-01, 2.869034316349037272e-01, 3.139379544896623297e-01, 2.929044620165985324e-01
1.064100830244610330e-01, 2.872179046815346304e-01, 3.132185517033845845e-01, 2.931534605906196411e-01
1.065664847628312595e-01, 2.875319429596669418e-01, 3.124995822234704068e-01, 2.934019900540313364e-01
1.067233550287933069e-01, 2.878455428718093567e-01, 3.117810539338394804e-01, 2.936500481655577310e-01
1.068806917855085331e-01, 2.881587008364822067e-01, 3.110629746787037520e-01, 2.938976326993054111e-01
1.070384930044536304e-01, 2.884714132881961990e-01, 3.103453522626346550e-01, 2.941447414447153630e-01
1.071967566654211529e-01, 2.887836766774317110e-01, 3.096281944506319994e-01, 2.943913722065151783e-01
1.073554807565199609e-01, 2.890954874706175848e-01, 3.089115089681927495e-01, 2.946375228046697048e-01
1.075146632741759700e-01, 2.894068421501089783e-01, 3.081953035013817455e-01, 2.948831910743333617e-01
1.076743022231329144e-01, 2.897177372141651053e-01, 3.074795856969020358e-01, 2.951283748657997918e-01
1.078343956164528883e-01, 2.900281691769269754e-01, 3.067643631621670419e-01, 2.953730720444530111e-01
1.079949414755169007e-01, 2.903381345683936354e-01, 3.060496434653723896e-01, 2.956172804907170049e-01
1.081559378300259305e-01, 2.906476299343985770e-01, 3.053354341355700718e-01, 2.958609981000053790e-01
1.083173827180012733e-01, 2.909566518365861998e-01, 3.046217426627416125e-01, 2.961042227826708451e-01
1.084792741857855403e-01, 2.912651968523866652e-01, 3.039085764978736726e-01, 2.963469524639540387e-01
1.086416102880434220e-01, 2.915732615749911383e-01, 3.031959430530332122e-01, 2.965891850839322275e-01
1.088043890877623127e-01, 2.918808426133265299e-01, 3.024838497014440963e-01, 2.968309185974671305e-01
1.089676086562532675e-01, 2.921879365920292404e-01, 3.017723037775641992e-01, 2.970721509741531818e-01
1.091312670731518497e-01, 2.924945401514193466e-01, 3.010613125771637866e-01, 2.973128801982649061e-01
1.092953624264189905e-01, 2.928006499474734015e-01, 3.003508833574037862e-01, 2.975531042687039052e-01
1.094598928123417803e-01, 2.931062626517972336e-01, 2.996410233369155018e-01, 2.977928211989455676e-01
1.096248563355345235e-01, 2.934113749515983582e-01, 2.989317396958811046e-01, 2.980320290169859998e-01
1.097902511089398070e-01, 2.937159835496582772e-01, 2.982230395761145680e-01, 2.982707257652873478e-01
1.099560752538292496e-01, 2.940200851643031132e-01, 2.975149300811433806e-01, 2.985089095007242843e-01
1.101223268998046956e-01, 2.943236765293750778e-01, 2.968074182762915347e-01, 2.987465782945285531e-01
1.102890041847992275e-01, 2.946267543942030498e-01, 2.961005111887629049e-01, 2.989837302322347345e-01
1.104561052550783601e-01, 2.949293155235725439e-01, 2.953942158077247915e-01, 2.992203634136242352e-01
1.106236282652410391e-01, 2.952313566976952353e-01, 2.946885390843936858e-01, 2.994564759526701647e-01
1.107915713782207795e-01, 2.955328747121782618e-01, 2.939834879321201466e-01, 2.996920659774808260e-01
1.109599327652871920e-01, 2.958338663779931932e-01, 2.932790692264760635e-01, 2.999271316302435375e-01
1.111287106060468571e-01, 2.961343285214438903e-01, 2.925752898053410878e-01, 3.001616710671680677e-01
1.112979030884448661e-01, 2.964342579841348635e-01, 2.918721564689911174e-01, 3.003956824584291807e-01
1.114675084087660001e-01, 2.967336516229381327e-01, 2.911696759801863932e-01, 3.006291639881093491e-01
1.116375247716362012e-01, 2.970325063099608087e-01, 2.904678550642618151e-01, 3.008621138541411888e-01
1.118079503900239469e-01, 2.973308189325110096e-01, 2.897667004092162601e-01, 3.010945302682488944e-01
1.119787834852417063e-01, 2.976285863930644426e-01, 2.890662186658037869e-01, 3.013264114558901752e-01
1.121500222869474817e-01, 2.979258056092295437e-01, 2.883664164476257841e-01, 3.015577556561973016e-01
1.123216650331462368e-01, 2.982224735137132265e-01, 2.876673003312225640e-01, 3.017885611219180975e-01
1.124937099701916604e-01, 2.985185870542852449e-01, 2.869688768561672321e-01, 3.020188261193559875e-01
1.126661553527876503e-01, 2.988141431937424985e-01, 2.862711525251590561e-01, 3.022485489283108229e-01
1.128389994439900901e-01, 2.991091389098730624e-01, 2.855741338041184463e-01, 3.024777278420183180e-01
1.130122405152085147e-01, 2.994035711954196044e-01, 2.848778271222820457e-01, 3.027063611670898213e-01
1.131858768462079279e-01, 2.996974370580420266e-01, 2.841822388722990977e-01, 3.029344472234509200e-01
1.133599067251105513e-01, 2.999907335202806058e-01, 2.834873754103277022e-01, 3.031619843442809881e-01
1.135343284483978782e-01, 3.002834576195173022e-01, 2.827932430561333477e-01, 3.033889708759515691e-01
1.137091403209123247e-01, 3.005756064079381784e-01, 2.820998480931858343e-01, 3.036154051779637597e-01
1.138843406558594090e-01, 3.008671769524940975e-01, 2.814071967687594711e-01, 3.038412856228870917e-01
1.140599277748096385e-01, 3.011581663348615878e-01, 2.807152952940321633e-01, 3.040666105962965826e-01
1.142359000077007719e-01, 3.014485716514034852e-01, 2.800241498441857768e-01, 3.042913784967098412e-01
1.144122556928398315e-01, 3.017383900131284102e-01, 2.793337665585076124e-01, 3.045155877355241181e-01
1.145889931769050185e-01, 3.020276185456502449e-01, 2.786441515404921576e-01, 3.047392367369526345e-01
1.147661108149483911e-01, 3.023162543891475540e-01, 2.779553108579431719e-01, 3.049623239379608552e-01
1.149436069703978769e-01, 3.026042946983217297e-01, 2.772672505430778811e-01, 3.051848477882025401e-01
1.151214800150596601e-01, 3.028917366423552471e-01, 2.765799765926298948e-01, 3.054068067499551287e-01
1.152997283291204988e-01, 3.031785774048696425e-01, 2.758934949679547888e-01, 3.056281992980550144e-01
1.154783503011503204e-01, 3.034648141838822699e-01, 2.752078115951349102e-01, 3.058490239198323746e-01
1.156573443281045249e-01, 3.037504441917636688e-01, 2.745229323650857922e-01, 3.060692791150459446e-01
1.158367088153266639e-01, 3.040354646551934326e-01, 2.738388631336627355e-01, 3.062889633958172930e-01
1.160164421765509518e-01, 3.043198728151165211e-01, 2.731556097217682777e-01, 3.065080752865641522e-01
1.161965428339050560e-01, 3.046036659266989077e-01, 2.724731779154606626e-01, 3.067266133239354153e-01
1.163770092179125110e-01, 3.048868412592822819e-01, 2.717915734660621974e-01, 3.069445760567429682e-01
1.165578397674959937e-01, 3.051693960963388630e-01, 2.711108020902693871e-01, 3.071619620458956867e-01
1.167390329299795165e-01, 3.054513277354258816e-01, 2.704308694702628468e-01, 3.073787698643317690e-01
1.169205871610917574e-01, 3.057326334881390051e-01, 2.697517812538181015e-01, 3.075949980969510666e-01
1.171025009249689192e-01, 3.060133106800658198e-01, 2.690735430544176632e-01, 3.078106453405474729e-01
1.172847726941575880e-01, 3.062933566507392569e-01, 2.683961604513628307e-01, 3.080257102037403660e-01
1.174674009496178284e-01, 3.065727687535891310e-01, 2.677196389898868767e-01, 3.082401913069061639e-01
1.176503841807263334e-01, 3.068515443558951228e-01, 2.670439841812690118e-01, 3.084540872821095459e-01
1.178337208852795887e-01, 3.071296808387379840e-01, 2.663692015029480720e-01, 3.086673967730343415e-01
1.180174095694970365e-01, 3.074071755969510211e-01, 2.656952963986380367e-01, 3.088801184349138085e-01
1.182014487480243514e-01, 3.076840260390706350e-01, 2.650222742784436036e-01, 3.090922509344613545e-01
1.183858369439368813e-01, 3.079602295872869711e-01, 2.643501405189762621e-01, 3.093037929497998717e-01
1.185705726887428535e-01, 3.082357836773936821e-01, 2.636789004634715328e-01, 3.095147431703919594e-01
1.187556545223870386e-01, 3.085106857587374685e-01, 2.630085594219067624e-01, 3.097251002969687028e-01
1.189410809932540669e-01, 3.087849332941673963e-01, 2.623391226711192514e-01, 3.099348630414592853e-01
1.191268506581722036e-01, 3.090585237599834945e-01, 2.616705954549251589e-01, 3.101440301269192679e-01
1.193129620824166792e-01, 3.093314546458847403e-01, 2.610029829842392957e-01, 3.103526002874592016e-01
1.194994138397137695e-01, 3.096037234549177120e-01, 2.603362904371955833e-01, 3.105605722681729630e-01
1.196862045122441681e-01, 3.098753277034229647e-01, 2.596705229592676800e-01, 3.107679448250652565e-01
1.198733326906470248e-01, 3.101462649209828504e-01, 2.590056856633907723e-01, 3.109747167249793942e-01
1.200607969740236647e-01, 3.104165326503678379e-01, 2.583417836300838655e-01, 3.111808867455246319e-01
1.202485959699416546e-01, 3.106861284474826124e-01, 2.576788219075725195e-01, 3.113864536750032275e-01
1.204367282944387163e-01, 3.109550498813120623e-01, 2.570168055119125827e-01, 3.115914163123365554e-01
1.206251925720266821e-01, 3.112232945338668788e-01, 2.563557394271142043e-01, 3.117957734669922210e-01
1.208139874356957827e-01, 3.114908600001274896e-01, 2.556956286052667338e-01, 3.119995239589099523e-01
1.210031115269186580e-01, 3.117577438879897689e-01, 2.550364779666641768e-01, 3.122026666184273824e-01
1.211925634956545900e-01, 3.120239438182088043e-01, 2.543782923999312051e-01, 3.124052002862054422e-01
1.213823420003539155e-01, 3.122894574243420540e-01, 2.537210767621499441e-01, 3.126071238131541419e-01
1.215724457079621901e-01, 3.125542823526935021e-01, 2.530648358789874819e-01, 3.128084360603569092e-01
1.217628732939246700e-01, 3.128184162622560383e-01, 2.524095745448232675e-01, 3.130091358989959271e-01
1.219536234421909615e-01, 3.130818568246542255e-01, 2.517552975228785628e-01, 3.132092222102763057e-01
1.221446948452190873e-01, 3.133446017240860137e-01, 2.511020095453448953e-01, 3.134086938853499760e-01
1.223360862039805930e-01, 3.136066486572650081e-01, 2.504497153135142318e-01, 3.136075498252401395e-01
1.225277962279647526e-01, 3.138679953333613493e-01, 2.497984194979093187e-01, 3.138057889407645518e-01
1.227198236351835364e-01, 3.141286394739427057e-01, 2.491481267384149378e-01, 3.140034101524588617e-01
1.229121671521764131e-01, 3.143885788129146541e-01, 2.484988416444094406e-01, 3.142004123904993951e-01
1.231048255140148734e-01, 3.146478110964612829e-01, 2.478505687948967529e-01, 3.143967945946270492e-01
1.232977974643075375e-01, 3.149063340829841295e-01, 2.472033127386398799e-01, 3.145925557140684670e-01
1.234910817552051510e-01, 3.151641455430419514e-01, 2.465570779942936608e-01, 3.147876947074591536e-01
1.236846771474054835e-01, 3.154212432592898852e-01, 2.459118690505394667e-01, 3.149822105427652619e-01
1.238785824101582972e-01, 3.156776250264170525e-01, 2.452676903662196206e-01, 3.151761021972050991e-01
1.240727963212707036e-01, 3.159332886510857197e-01, 2.446245463704724843e-01, 3.153693686571711341e-01
1.242673176671121732e-01, 3.161882319518684037e-01, 2.439824414628687099e-01, 3.155620089181506716e-01
1.244621452426198788e-01, 3.164424527591855330e-01, 2.433413800135474647e-01, 3.157540219846471374e-01
1.246572778513039131e-01, 3.166959489152419427e-01, 2.427013663633534601e-01, 3.159454068701006979e-01
1.248527143052527572e-01, 3.169487182739639253e-01, 2.420624048239746195e-01, 3.161361625968086564e-01
1.250484534251384838e-01, 3.172007587009355589e-01, 2.414244996780803565e-01, 3.163262881958455175e-01
1.252444940402227258e-01, 3.174520680733337596e-01, 2.407876551794600750e-01, 3.165157827069834395e-01
1.254408349883615881e-01, 3.177026442798642769e-01, 2.401518755531631688e-01, 3.167046451786110217e-01
1.256374751160116432e-01, 3.179524852206968011e-01, 2.395171649956378823e-01, 3.168928746676536456e-01
1.258344132782357738e-01, 3.182015888073991272e-01, 2.388835276748730863e-01, 3.170804702394920405e-01
1.260316483387082520e-01, 3.184499529628718184e-01, 2.382509677305382767e-01, 3.172674309678816806e-01
1.262291791697212062e-01, 3.186975756212822031e-01, 2.376194892741257947e-01, 3.174537559348707405e-01
1.264270046521900615e-01, 3.189444547279976505e-01, 2.369890963890928792e-01, 3.176394442307194366e-01
1.266251236756595899e-01, 3.191905882395185134e-01, 2.363597931310041922e-01, 3.178244949538175934e-01
1.268235351383099341e-01, 3.194359741234117922e-01, 2.357315835276756200e-01, 3.180089072106027093e-01
1.270222379469623242e-01, 3.196806103582422454e-01, 2.351044715793174922e-01, 3.181926801154779660e-01
1.272212310170855731e-01, 3.199244949335056654e-01, 2.344784612586796324e-01, 3.183758127907290736e-01
1.274205132728019607e-01, 3.201676258495600447e-01, 2.338535565111957981e-01, 3.185583043664422243e-01
1.276200836468934785e-01, 3.204100011175565199e-01, 2.332297612551293420e-01, 3.187401539804205486e-01
1.278199410808081582e-01, 3.206516187593710376e-01, 2.326070793817195392e-01, 3.189213607781012372e-01
1.280200845246663166e-01, 3.208924768075344658e-01, 2.319855147553276653e-01, 3.191019239124714968e-01
1.282205129372669394e-01, 3.211325733051628717e-01, 2.313650712135844334e-01, 3.192818425439858387e-01
1.284212252860940928e-01, 3.213719063058874670e-01, 2.307457525675375154e-01, 3.194611158404808693e-01
1.286222205473236124e-01, 3.216104738737843305e-01, 2.301275626017998954e-01, 3.196397429770920784e-01
1.288234977058294317e-01, 3.218482740833031874e-01, 2.295105050746981956e-01, 3.198177231361692407e-01
1.290250557551901600e-01, 3.220853050191960776e-01, 2.288945837184223064e-01, 3.199950555071914837e-01
1.292268936976960492e-01, 3.223215647764466896e-01, 2.282798022391748227e-01, 3.201717392866824663e-01
1.294290105443554051e-01, 3.225570514601973637e-01, 2.276661643173214233e-01, 3.203477736781257246e-01
1.296314053149015266e-01, 3.227917631856774827e-01, 2.270536736075417783e-01, 3.205231578918791846e-01
1.298340770377996722e-01, 3.230256980781306408e-01, 2.264423337389805113e-01, 3.206978911450890646e-01
1.300370247502535548e-01, 3.232588542727419800e-01, 2.258321483153993836e-01, 3.208719726616051093e-01
1.302402474982127245e-01, 3.234912299145644154e-01, 2.252231209153289504e-01, 3.210454016718938264e-01
1.304437443363794524e-01, 3.237228231584455274e-01, 2.246152550922222990e-01, 3.212181774129527767e-01
1.306475143282156692e-01, 3.239536321689529541e-01, 2.240085543746074548e-01, 3.213902991282239219e-01
1.308515565459502927e-01, 3.241836551203008954e-01, 2.234030222662417020e-01, 3.215617660675071932e-01
1.310558700705862778e-01, 3.244128901962747280e-01, 2.227986622462655164e-01, 3.217325774868734500e-01
1.312604539919079161e-01, 3.246413355901563991e-01, 2.221954777693578575e-01, 3.219027326485778273e-01
1.314653074084881912e-01, 3.248689895046489862e-01, 2.215934722658907119e-01, 3.220722308209721385e-01
1.316704294276959120e-01, 3.250958501518013133e-01, 2.209926491420853845e-01, 3.222410712784173903e-01
1.318758191657035117e-01, 3.253219157529313454e-01, 2.203930117801685684e-01, 3.224092533011966299e-01
1.320814757474940981e-01, 3.255471845385505825e-01, 2.197945635385288865e-01, 3.225767761754264051e-01
1.322873983068693082e-01, 3.257716547482868985e-01, 2.191973077518743207e-01, 3.227436391929693338e-01
1.324935859864566912e-01, 3.259953246308082697e-01, 2.186012477313896973e-01, 3.229098416513453973e-01
1.327000379377174244e-01, 3.262181924437442815e-01, 2.180063867648946441e-01, 3.230753828536435668e-01
1.329067533209539465e-01, 3.264402564536100781e-01, 2.174127281170025183e-01, 3.232402621084333183e-01
1.331137313053178672e-01, 3.266615149357272041e-01, 2.168202750292792247e-01, 3.234044787296757040e-01
1.333209710688174898e-01, 3.268819661741457216e-01, 2.162290307204025319e-01, 3.235680320366342011e-01
1.335284717983259428e-01, 3.271016084615662733e-01, 2.156389983863225002e-01, 3.237309213537852837e-01
1.337362326895888687e-01, 3.273204400992602014e-01, 2.150501812004213253e-01, 3.238931460107296045e-01
1.339442529472326116e-01, 3.275384593969912217e-01, 2.144625823136745990e-01, 3.240547053421015677e-01
1.341525317847720722e-01, 3.277556646729354317e-01, 2.138762048548122630e-01, 3.242155986874802331e-01
1.343610684246187570e-01, 3.279720542536018191e-01, 2.132910519304806463e-01, 3.243758253912988332e-01
1.345698620980889104e-01, 3.281876264737521032e-01, 2.127071266254044468e-01, 3.245353848027545673e-01
1.347789120454119804e-01, 3.284023796763201886e-01, 2.121244320025492680e-01, 3.246942762757185075e-01
1.349882175157384179e-01, 3.286163122123317293e-01, 2.115429711032848770e-01, 3.248524991686450036e-01
1.351977777671481973e-01, 3.288294224408228605e-01, 2.109627469475482686e-01, 3.250100528444804793e-01
1.354075920666591437e-01, 3.290417087287593190e-01, 2.103837625340081730e-01, 3.251669366705731701e-01
1.356176596902352316e-01, 3.292531694509545082e-01, 2.098060208402286742e-01, 3.253231500185814751e-01
1.358279799227951612e-01, 3.294638029899876197e-01, 2.092295248228344118e-01, 3.254786922643828628e-01
1.360385520582205743e-01, 3.296736077361216988e-01, 2.086542774176753101e-01, 3.256335627879825001e-01
1.362493753993649914e-01, 3.298825820872210435e-01, 2.080802815399926120e-01, 3.257877609734213809e-01
1.364604492580621109e-01, 3.300907244486686043e-01, 2.075075400845843576e-01, 3.259412862086848439e-01
1.366717729551345517e-01, 3.302980332332830504e-01, 2.069360559259721122e-01, 3.260941378856103690e-01
1.368833458204024855e-01, 3.305045068612348924e-01, 2.063658319185674161e-01, 3.262463153997953724e-01
1.370951671926923521e-01, 3.307101437599635485e-01, 2.057968708968390958e-01, 3.263978181505048926e-01
1.373072364198459627e-01, 3.309149423640936338e-01, 2.052291756754809349e-01, 3.265486455405795518e-01
1.375195528587288274e-01, 3.311189011153498618e-01, 2.046627490495792623e-01, 3.266987969763420763e-01
1.377321158752393970e-01, 3.313220184624737219e-01, 2.040975937947816510e-01, 3.268482718675052023e-01
1.379449248443179454e-01, 3.315242928611382145e-01, 2.035337126674653663e-01, 3.269970696270784738e-01
1.381579791499555621e-01, 3.317257227738630854e-01, 2.029711084049065917e-01, 3.271451896712748164e-01
1.383712781852029505e-01, 3.319263066699295606e-01, 2.024097837254497934e-01, 3.272926314194176678e-01
1.385848213521798933e-01, 3.321260430252950258e-01, 2.018497413286776121e-01, 3.274393942938474411e-01
1.387986080620841334e-01, 3.323249303225071505e-01, 2.012909838955812547e-01, 3.275854777198276002e-01
1.390126377352005060e-01, 3.325229670506179014e-01, 2.007335140887305247e-01, 3.277308811254511234e-01
1.392269098009103478e-01, 3.327201517050974999e-01, 2.001773345524454351e-01, 3.278756039415466894e-01
1.394414236977006838e-01, 3.329164827877478250e-01, 1.996224479129671547e-01, 3.280196456015843642e-01
1.396561788731733589e-01, 3.331119588066155379e-01, 1.990688567786294272e-01, 3.281630055415817315e-01
1.398711747840546415e-01, 3.333065782759051521e-01, 1.985165637400312100e-01, 3.283056832000089686e-01
1.400864108962045496e-01, 3.335003397158920468e-01, 1.979655713702084818e-01, 3.284476780176948663e-01
1.403018866846262314e-01, 3.336932416528346490e-01, 1.974158822248070211e-01, 3.285889894377321263e-01
1.405176016334754585e-01, 3.338852826188868916e-01, 1.968674988422557115e-01, 3.287296169053820494e-01
1.407335552360702013e-01, 3.340764611520100624e-01, 1.963204237439395428e-01, 3.288695598679802212e-01
1.409497469949001769e-01, 3.342667757958850960e-01, 1.957746594343738600e-01, 3.290088177748410336e-01
1.411661764216364801e-01, 3.344562250998233122e-01, 1.952302084013776140e-01, 3.291473900771625383e-01
1.413828430371411871e-01, 3.346448076186786524e-01, 1.946870731162486934e-01, 3.292852762279314671e-01
1.415997463714770699e-01, 3.348325219127579744e-01, 1.941452560339377020e-01, 3.294224756818270317e-01
1.418168859639173662e-01, 3.350193665477329552e-01, 1.936047595932236798e-01, 3.295589878951260543e-01
1.420342613629554940e-01, 3.352053400945491646e-01, 1.930655862168888515e-01, 3.296948123256064900e-01
1.422518721263149322e-01, 3.353904411293381349e-01, 1.925277383118947083e-01, 3.298299484324523356e-01
1.424697178209589077e-01, 3.355746682333266562e-01, 1.919912182695578673e-01, 3.299643956761566521e-01
1.426877980231006648e-01, 3.357580199927469033e-01, 1.914560284657261247e-01, 3.300981535184263072e-01
1.429061123182128745e-01, 3.359404949987465083e-01, 1.909221712609551758e-01, 3.302312214220854969e-01
1.431246603010379592e-01, 3.361220918472975216e-01, 1.903896490006854736e-01, 3.303635988509789900e-01
1.433434415755980296e-01, 3.363028091391067620e-01, 1.898584640154193925e-01, 3.304952852698757604e-01
1.435624557552048763e-01, 3.364826454795237787e-01, 1.893286186208985589e-01, 3.306262801443727306e-01
1.437817024624699624e-01, 3.366615994784507016e-01, 1.888001151182816251e-01, 3.307565829407976832e-01
1.440011813293146925e-01, 3.368396697502507031e-01, 1.882729557943223497e-01, 3.308861931261123934e-01
1.442208919969803216e-01, 3.370168549136562386e-01, 1.877471429215477328e-01, 3.310151101678157071e-01
1.444408341160384746e-01, 3.371931535916780631e-01, 1.872226787584369556e-01, 3.311433335338465622e-01
1.446610073464010549e-01, 3.373685644115126947e-01, 1.866995655495995721e-01, 3.312708626924866229e-01
1.448814113573305140e-01, 3.375430860044509318e-01, 1.861778055259552256e-01, 3.313976971122633008e-01
1.451020458274501490e-01, 3.377167170057853718e-01, 1.856574009049127283e-01, 3.315238362618517232e-01
1.453229104447545661e-01, 3.378894560547178738e-01, 1.851383538905496673e-01, 3.316492796099778095e-01
1.455440049066197283e-01, 3.380613017942673548e-01, 1.846206666737925384e-01, 3.317740266253204617e-01
1.457653289198133639e-01, 3.382322528711766418e-01, 1.841043414325964633e-01, 3.318980767764134754e-01
1.459868822005055966e-01, 3.384023079358198793e-01, 1.835893803321260731e-01, 3.320214295315484510e-01
1.462086644742789654e-01, 3.385714656421091040e-01, 1.830757855249356691e-01, 3.321440843586762059e-01
1.464306754761392215e-01, 3.387397246474011525e-01, 1.825635591511504396e-01, 3.322660407253090753e-01
1.466529149505255425e-01, 3.389070836124044028e-01, 1.820527033386475091e-01, 3.323872980984225456e-01
1.468753826513210237e-01, 3.390735412010845717e-01, 1.815432202032370435e-01, 3.325078559443574444e-01
1.470980783418633364e-01, 3.392390960805712896e-01, 1.810351118488441047e-01, 3.326277137287212415e-01
1.473210017949551920e-01, 3.394037469210645086e-01, 1.805283803676903109e-01, 3.327468709162899607e-01
1.475441527928747498e-01, 3.395674923957397451e-01, 1.800230278404760242e-01, 3.328653269709094809e-01
1.477675311273863590e-01, 3.397303311806543769e-01, 1.795190563365621772e-01, 3.329830813553970037e-01
1.479911365997510775e-01, 3.398922619546529411e-01, 1.790164679141532933e-01, 3.331001335314427436e-01
1.482149690207372750e-01, 3.400532833992725990e-01, 1.785152646204796190e-01, 3.332164829595105626e-01
1.484390282106313463e-01, 3.402133941986485444e-01, 1.780154484919803659e-01, 3.333321290987397156e-01
1.486633139992481201e-01, 3.403725930394194132e-01, 1.775170215544865371e-01, 3.334470714068458741e-01
1.488878262259417939e-01, 3.405308786106318042e-01, 1.770199858234044743e-01, 3.335613093400219276e-01
1.491125647396163434e-01, 3.406882496036456320e-01, 1.765243433038988230e-01, 3.336748423528391183e-01
1.493375293987366514e-01, 3.408447047120386486e-01, 1.760300959910767182e-01, 3.337876698981479540e-01
1.495627200713384730e-01, 3.410002426315112412e-01, 1.755372458701713323e-01, 3.338997914269790090e-01
1.497881366350398147e-01, 3.411548620597907311e-01, 1.750457949167258109e-01, 3.340112063884436155e-01
1.500137789770514263e-01, 3.413085616965360058e-01, 1.745557450967777091e-01, 3.341219142296347200e-01
1.502396469941873758e-01, 3.414613402432418732e-01, 1.740670983670433158e-01, 3.342319143955273519e-01
1.504657405928760128e-01, 3.416131964031428603e-01, 1.735798566751018124e-01, 3.343412063288794811e-01
1.506920596891705710e-01, 3.417641288811172906e-01, 1.730940219595803742e-01, 3.344497894701317642e-01
1.509186042087599933e-01, 3.419141363835920822e-01, 1.726095961503389398e-01, 3.345576632573091236e-01
1.511453740869795337e-01, 3.420632176184451589e-01, 1.721265811686551184e-01, 3.346648271259202168e-01
1.513723692688217493e-01, 3.422113712949104714e-01, 1.716449789274094306e-01, 3.347712805088584598e-01
1.515995897089470190e-01, 3.423585961234809072e-01, 1.711647913312703828e-01, 3.348770228363016077e-01
1.518270353716945353e-01, 3.425048908158121463e-01, 1.706860202768804013e-01, 3.349820535356127782e-01
1.520547062310928510e-01, 3.426502540846260159e-01, 1.702086676530408516e-01, 3.350863720312402538e-01
1.522826022708707316e-01, 3.427946846436137340e-01, 1.697327353408981943e-01, 3.351899777446172846e-01
1.525107234844678694e-01, 3.429381812073394320e-01, 1.692582252141296151e-01, 3.352928700940631113e-01
1.527390698750455966e-01, 3.430807424911432868e-01, 1.687851391391288758e-01, 3.353950484946822685e-01
1.529676414554977937e-01, 3.432223672110444879e-01, 1.683134789751927485e-01, 3.354965123582650532e-01
1.531964382484612697e-01, 3.433630540836445366e-01, 1.678432465747069224e-01, 3.355972610931871603e-01
1.534254602863270034e-01, 3.435028018260302130e-01, 1.673744437833325216e-01, 3.356972941043102066e-01
1.536547076112503296e-01, 3.436416091556762087e-01, 1.669070724401924000e-01, 3.357966107928810340e-01
1.538841802751618471e-01, 3.437794747903481496e-01, 1.664411343780575758e-01, 3.358952105564323443e-01
1.541138783397781320e-01, 3.439163974480056729e-01, 1.659766314235341655e-01, 3.359930927886820018e-01
1.543438018766124520e-01, 3.440523758467045612e-01, 1.655135653972497345e-01, 3.360902568794331136e-01
1.545739509669852851e-01, 3.441874087045002084e-01, 1.650519381140403419e-01, 3.361867022144741646e-01
1.548043257020348396e-01, 3.443214947393495318e-01, 1.645917513831373635e-01, 3.362824281754782652e-01
1.550349261827280722e-01, 3.444546326690138272e-01, 1.641330070083542314e-01, 3.363774341399037304e-01
1.552657525198708477e-01, 3.445868212109618467e-01, 1.636757067882739225e-01, 3.364717194808933276e-01
1.554968048341186238e-01, 3.447180590822714885e-01, 1.632198525164357816e-01, 3.365652835671741894e-01
1.557280832559871098e-01, 3.448483449995327632e-01, 1.627654459815223442e-01, 3.366581257629576718e-01
1.559595879258626749e-01, 3.449776776787503163e-01, 1.623124889675473526e-01, 3.367502454278395452e-01
1.561913189940127844e-01, 3.451060558352457841e-01, 1.618609832540423843e-01, 3.368416419166990750e-01
1.564232766205965464e-01, 3.452334781835598720e-01, 1.614109306162443691e-01, 3.369323145795991570e-01
1.566554609756748984e-01, 3.453599434373555987e-01, 1.609623328252829111e-01, 3.370222627616865640e-01
1.568878722392213487e-01, 3.454854503093198193e-01, 1.605151916483679442e-01, 3.371114858030908601e-01
1.571205106011319408e-01, 3.456099975110661360e-01, 1.600695088489767492e-01, 3.371999830388250907e-01
1.573533762612358555e-01, 3.457335837530372546e-01, 1.596252861870417483e-01, 3.372877537986851970e-01
1.575864694293053758e-01, 3.458562077444071736e-01, 1.591825254191378547e-01, 3.373747974071497069e-01
1.578197903250662670e-01, 3.459778681929838728e-01, 1.587412282986699619e-01, 3.374611131832799815e-01
1.580533391782079078e-01, 3.460985638051113922e-01, 1.583013965760605435e-01, 3.375467004406201288e-01
1.582871162283935595e-01, 3.462182932855727424e-01, 1.578630319989371145e-01, 3.376315584870966391e-01
1.585211217252701643e-01, 3.463370553374918170e-01, 1.574261363123197199e-01, 3.377156866249184097e-01
1.587553559284783922e-01, 3.464548486622361922e-01, 1.569907112588084797e-01, 3.377990841504769359e-01
1.589898191076628275e-01, 3.465716719593198158e-01, 1.565567585787711880e-01, 3.378817503542463352e-01
1.592245115424816282e-01, 3.466875239263049746e-01, 1.561242800105306083e-01, 3.379636845206827611e-01
1.594594335226165449e-01, 3.468024032587055938e-01, 1.556932772905522400e-01, 3.380448859281257601e-01
1.596945853477825250e-01, 3.469163086498892046e-01, 1.552637521536313625e-01, 3.381253538486970189e-01
1.599299673277375933e-01, 3.470292387909799658e-01, 1.548357063330806915e-01, 3.382050875482016106e-01
1.601655797822924554e-01, 3.471411923707616309e-01, 1.544091415609179230e-01, 3.382840862860279074e-01
1.604014230413199904e-01, 3.472521680755797924e-01, 1.539840595680526947e-01, 3.383623493150476058e-01
1.606374974447647708e-01, 3.473621645892449039e-01, 1.535604620844739088e-01, 3.384398758815164165e-01
1.608738033426527214e-01, 3.474711805929356911e-01, 1.531383508394372761e-01, 3.385166652249743668e-01
1.611103410951000292e-01, 3.475792147651012853e-01, 1.527177275616521390e-01, 3.385927165781464354e-01
1.613471110723231072e-01, 3.476862657813650226e-01, 1.522985939794687382e-01, 3.386680291668430764e-01
1.615841136546468937e-01, 3.477923323144274104e-01, 1.518809518210651188e-01, 3.387426022098605216e-01
1.618213492325147052e-01, 3.478974130339690385e-01, 1.514648028146342584e-01, 3.388164349188820257e-01
1.620588182064970628e-01, 3.480015066065544338e-01, 1.510501486885705014e-01, 3.388895264983781130e-01
1.622965209873003245e-01, 3.481046116955349157e-01, 1.506369911716567977e-01, 3.389618761455079343e-01
1.625344579957759827e-01, 3.482067269609528948e-01, 1.502253319932511655e-01, 3.390334830500200680e-01
1.627726296629290192e-01, 3.483078510594446175e-01, 1.498151728834730134e-01, 3.391043463941533220e-01
1.630110364299267589e-01, 3.484079826441448535e-01, 1.494065155733899641e-01, 3.391744653525384234e-01
1.632496787481074185e-01, 3.485071203645900284e-01, 1.489993617952039273e-01, 3.392438390920985980e-01
1.634885570789883225e-01, 3.486052628666225783e-01, 1.485937132824373119e-01, 3.393124667719515930e-01
1.637276718942746456e-01, 3.487024087922953597e-01, 1.481895717701191273e-01, 3.393803475433108674e-01
1.639670236758670463e-01, 3.487985567797752262e-01, 1.477869389949709733e-01, 3.394474805493867819e-01
1.642066129158702981e-01, 3.488937054632480494e-01, 1.473858166955925864e-01, 3.395138649252890661e-01
1.644464401166010892e-01, 3.489878534728232395e-01, 1.469862066126476352e-01, 3.395794997979279528e-01
1.646865057905957663e-01, 3.490809994344382106e-01, 1.465881104890492670e-01, 3.396443842859167561e-01
1.649268104606181062e-01, 3.491731419697635119e-01, 1.461915300701451537e-01, 3.397085174994732837e-01
1.651673546596670594e-01, 3.492642796961077378e-01, 1.457964671039026217e-01, 3.397718985403225256e-01
1.654081389309841887e-01, 3.493544112263228252e-01, 1.454029233410939759e-01, 3.398345265015989547e-01
1.656491638280608858e-01, 3.494435351687096292e-01, 1.450109005354807412e-01, 3.398964004677487716e-01
1.658904299146456984e-01, 3.495316501269232212e-01, 1.446204004439984314e-01, 3.399575195144327044e-01
1.661319377647512974e-01, 3.496187546998789086e-01, 1.442314248269409849e-01, 3.400178827084289201e-01
1.663736879626613874e-01, 3.497048474816580321e-01, 1.438439754481447008e-01, 3.400774891075357131e-01
1.666156811029377571e-01, 3.497899270614146516e-01, 1.434580540751723976e-01, 3.401363377604752491e-01
1.668579177904264965e-01, 3.498739920232812883e-01, 1.430736624794966272e-01, 3.401944277067956990e-01
1.671003986402644914e-01, 3.499570409462757770e-01, 1.426908024366837502e-01, 3.402517579767758149e-01
1.673431242778861683e-01, 3.500390724042087842e-01, 1.423094757265768173e-01, 3.403083275913283412e-01
1.675860953390290176e-01, 3.501200849655896064e-01, 1.419296841334782844e-01, 3.403641355619031472e-01
1.678293124697399219e-01, 3.502000771935346313e-01, 1.415514294463332823e-01, 3.404191808903921923e-01
1.680727763263809293e-01, 3.502790476456744684e-01, 1.411747134589114994e-01, 3.404734625690331029e-01
1.683164875756347212e-01, 3.503569948740618556e-01, 1.407995379699895910e-01, 3.405269795803136934e-01
1.685604468945102741e-01, 3.504339174250793998e-01, 1.404259047835331453e-01, 3.405797308968772086e-01
1.688046549703476340e-01, 3.505098138393485385e-01, 1.400538157088780100e-01, 3.406317154814257342e-01
1.690491125008236617e-01, 3.505846826516376136e-01, 1.396832725609117587e-01, 3.406829322866269383e-01
1.692938201939563070e-01, 3.506585223907712212e-01, 1.393142771602544627e-01, 3.407333802550180368e-01
1.695387787681094660e-01, 3.507313315795390629e-01, 1.389468313334395744e-01, 3.407830583189119245e-01
1.697839889519976719e-01, 3.508031087346054067e-01, 1.385809369130940327e-01, 3.408319654003028609e-01
1.700294514846900085e-01, 3.508738523664194364e-01, 1.382165957381184251e-01, 3.408801004107720467e-01
1.702751671156143565e-01, 3.509435609791246580e-01, 1.378538096538665103e-01, 3.409274622513944752e-01
1.705211366045611410e-01, 3.510122330704696925e-01, 1.374925805123244082e-01, 3.409740498126448416e-01
1.707673607216869949e-01, 3.510798671317188480e-01, 1.371329101722896238e-01, 3.410198619743044501e-01
1.710138402475181729e-01, 3.511464616475637457e-01, 1.367748004995497646e-01, 3.410648976053684001e-01
1.712605759729535215e-01, 3.512120150960336695e-01, 1.364182533670603159e-01, 3.411091555639524375e-01
1.715075686992676984e-01, 3.512765259484085800e-01, 1.360632706551226923e-01, 3.411526346972010293e-01
1.717548192381135597e-01, 3.513399926691303521e-01, 1.357098542515613737e-01, 3.411953338411946590e-01
1.720023284115247963e-01, 3.514024137157156225e-01, 1.353580060519010975e-01, 3.412372518208585115e-01
1.722500970519180441e-01, 3.514637875386686372e-01, 1.350077279595433277e-01, 3.412783874498699355e-01
1.724981260020947427e-01, 3.515241125813947098e-01, 1.346590218859419485e-01, 3.413187395305685712e-01
1.727464161152429956e-01, 3.515833872801134574e-01, 1.343118897507795118e-01, 3.413583068538638687e-01
1.729949682549387635e-01, 3.516416100637732023e-01, 1.339663334821420693e-01, 3.413970881991459372e-01
1.732437832951472800e-01, 3.516987793539651519e-01, 1.336223550166939500e-01, 3.414350823341936181e-01
1.734928621202234678e-01, 3.517548935648386887e-01, 1.332799562998519538e-01, 3.414722880150858897e-01
1.737422056249130764e-01, 3.518099511030162718e-01, 1.329391392859592957e-01, 3.415087039861114393e-01
1.739918147143524052e-01, 3.518639503675093927e-01, 1.325999059384586065e-01, 3.415443289796795678e-01
1.742416903040688025e-01, 3.519168897496348647e-01, 1.322622582300650440e-01, 3.415791617162313165e-01
1.744918333199800553e-01, 3.519687676329311121e-01, 1.319261981429380726e-01, 3.416132009041507600e-01
1.747422446983938615e-01, 3.520195823930755696e-01, 1.315917276688536031e-01, 3.416464452396769103e-01
1.749929253860070810e-01, 3.520693323978024147e-01, 1.312588488093748285e-01, 3.416788934068157313e-01
1.752438763399041810e-01, 3.521180160068201337e-01, 1.309275635760230316e-01, 3.417105440772525982e-01
1.754950985275560982e-01, 3.521656315717304753e-01, 1.305978739904475328e-01, 3.417413959102658660e-01
1.757465929268179905e-01, 3.522121774359476265e-01, 1.302697820845951648e-01, 3.417714475526393847e-01
1.759983605259271833e-01, 3.522576519346170554e-01, 1.299432899008791664e-01, 3.418006976385766227e-01
1.762504023235007544e-01, 3.523020533945366295e-01, 1.296183994923474081e-01, 3.418291447896152913e-01
1.765027193285324536e-01, 3.523453801340765135e-01, 1.292951129228500362e-01, 3.418567876145409135e-01
1.767553125603896214e-01, 3.523876304631006207e-01, 1.289734322672066724e-01, 3.418836247093030578e-01
1.770081830488093866e-01, 3.524288026828881759e-01, 1.286533596113725031e-01, 3.419096546569299067e-01
1.772613318338949473e-01, 3.524688950860562220e-01, 1.283348970526042576e-01, 3.419348760274446564e-01
1.775147599661109354e-01, 3.525079059564821815e-01, 1.280180466996251321e-01, 3.419592873777816955e-01
1.777684685062791148e-01, 3.525458335692278067e-01, 1.277028106727893242e-01, 3.419828872517038376e-01
1.780224585255728853e-01, 3.525826761904624074e-01, 1.273891911042454861e-01, 3.420056741797192212e-01
1.782767311055120929e-01, 3.526184320773882996e-01, 1.270771901381000379e-01, 3.420276466789995418e-01
1.785312873379569787e-01, 3.526530994781658102e-01, 1.267668099305791218e-01, 3.420488032532980616e-01
1.787861283251018785e-01, 3.526866766318386692e-01, 1.264580526501903612e-01, 3.420691423928690633e-01
1.790412551794687279e-01, 3.527191617682614022e-01, 1.261509204778835658e-01, 3.420886625743864151e-01
1.792966690238996796e-01, 3.527505531080256662e-01, 1.258454156072106311e-01, 3.421073622608640785e-01
1.795523709915497756e-01, 3.527808488623887517e-01, 1.255415402444851058e-01, 3.421252399015764500e-01
1.798083622258789538e-01, 3.528100472332015847e-01, 1.252392966089403703e-01, 3.421422939319791467e-01
1.800646438806433602e-01, 3.528381464128384493e-01, 1.249386869328873439e-01, 3.421585227736309021e-01
1.803212171198870506e-01, 3.528651445841262113e-01, 1.246397134618714708e-01, 3.421739248341153505e-01
1.805780831179320534e-01, 3.528910399202754289e-01, 1.243423784548285393e-01, 3.421884985069639229e-01
1.808352430593689608e-01, 3.529158305848116295e-01, 1.240466841842399609e-01, 3.422022421715794072e-01
1.810926981390467427e-01, 3.529395147315070869e-01, 1.237526329362869520e-01, 3.422151541931591212e-01
1.813504495620617829e-01, 3.529620905043138746e-01, 1.234602270110040645e-01, 3.422272329226204168e-01
1.816084985437466659e-01, 3.529835560372970860e-01, 1.231694687224315216e-01, 3.422384766965247405e-01
1.818668463096588805e-01, 3.530039094545697198e-01, 1.228803603987670273e-01, 3.422488838370044140e-01
1.821254940955681634e-01, 3.530231488702272324e-01, 1.225929043825161879e-01, 3.422584526516884162e-01
1.823844431474440919e-01, 3.530412723882837001e-01, 1.223071030306425167e-01, 3.422671814336296636e-01
1.826436947214426232e-01, 3.530582781026085359e-01, 1.220229587147159539e-01, 3.422750684612329009e-01
1.829032500838926323e-01, 3.530741640968638739e-01, 1.217404738210607074e-01, 3.422821119981827032e-01
1.831631105112814240e-01, 3.530889284444432286e-01, 1.214596507509021900e-01, 3.422883102933731991e-01
1.834232772902399389e-01, 3.531025692084100998e-01, 1.211804919205125147e-01, 3.422936615808373495e-01
1.836837517175275158e-01, 3.531150844414390200e-01, 1.209029997613556145e-01, 3.422981640796780023e-01
1.839445351000157935e-01, 3.531264721857553246e-01, 1.206271767202305167e-01, 3.423018159939984484e-01
1.842056287546723625e-01, 3.531367304730779755e-01, 1.203530252594142563e-01, 3.423046155128353640e-01
1.844670340085437510e-01, 3.531458573245619403e-01, 1.200805478568034018e-01, 3.423065608100909207e-01
1.847287521987374670e-01, 3.531538507507415159e-01, 1.198097470060545122e-01, 3.423076500444663939e-01
1.849907846724042904e-01, 3.531607087514756493e-01, 1.195406252167232897e-01, 3.423078813593968261e-01
1.852531327867187882e-01, 3.531664293158927048e-01, 1.192731850144029826e-01, 3.423072528829856354e-01
1.855157979088603859e-01, 3.531710104223372837e-01, 1.190074289408612623e-01, 3.423057627279410542e-01
1.857787814159931328e-01, 3.531744500383179330e-01, 1.187433595541763504e-01, 3.423034089915124589e-01
1.860420846952449414e-01, 3.531767461204554648e-01, 1.184809794288712997e-01, 3.423001897554282524e-01
1.863057091436863821e-01, 3.531778966144319409e-01, 1.182202911560477909e-01, 3.422961030858339693e-01
1.865696561683084231e-01, 3.531778994549416018e-01, 1.179612973435181372e-01, 3.422911470332316575e-01
1.868339271860003092e-01, 3.531767525656427376e-01, 1.177040006159365271e-01, 3.422853196324203706e-01
1.870985236235258309e-01, 3.531744538591092830e-01, 1.174484036149281985e-01, 3.422786189024367154e-01
1.873634469174993433e-01, 3.531710012367852425e-01, 1.171945089992184746e-01, 3.422710428464968979e-01
1.876286985143615360e-01, 3.531663925889391709e-01, 1.169423194447594544e-01, 3.422625894519398804e-01
1.878942798703535921e-01, 3.531606257946198757e-01, 1.166918376448558281e-01, 3.422532566901707596e-01
1.881601924514913760e-01, 3.531536987216132295e-01, 1.164430663102893893e-01, 3.422430425166059775e-01
1.884264377335388152e-01, 3.531456092264006474e-01, 1.161960081694420055e-01, 3.422319448706185874e-01
1.886930172019800067e-01, 3.531363551541178425e-01, 1.159506659684170909e-01, 3.422199616754850182e-01
1.889599323519913499e-01, 3.531259343385155236e-01, 1.157070424711600931e-01, 3.422070908383331167e-01
1.892271846884123476e-01, 3.531143446019202603e-01, 1.154651404595770647e-01, 3.421933302500901886e-01
1.894947757257162413e-01, 3.531015837551984005e-01, 1.152249627336521115e-01, 3.421786777854333161e-01
1.897627069879789519e-01, 3.530876495977185447e-01, 1.149865121115629385e-01, 3.421631313027394539e-01
1.900309800088484380e-01, 3.530725399173179069e-01, 1.147497914297954669e-01, 3.421466886440380772e-01
1.902995963315123051e-01, 3.530562524902680632e-01, 1.145148035432565214e-01, 3.421293476349632212e-01
1.905685575086647487e-01, 3.530387850812427009e-01, 1.142815513253848947e-01, 3.421111060847075724e-01
1.908378651024736361e-01, 3.530201354432870309e-01, 1.140500376682612171e-01, 3.420919617859781714e-01
1.911075206845453678e-01, 3.530003013177870352e-01, 1.138202654827159682e-01, 3.420719125149516704e-01
1.913775258358898501e-01, 3.529792804344420443e-01, 1.135922376984356830e-01, 3.420509560312324226e-01
1.916478821468843297e-01, 3.529570705112372586e-01, 1.133659572640680208e-01, 3.420290900778102938e-01
1.919185912172366726e-01, 3.529336692544177700e-01, 1.131414271473247524e-01, 3.420063123810209160e-01
1.921896546559469232e-01, 3.529090743584641365e-01, 1.129186503350829707e-01, 3.419826206505058863e-01
1.924610740812693621e-01, 3.528832835060701223e-01, 1.126976298334852467e-01, 3.419580125791752967e-01
1.927328511206723161e-01, 3.528562943681199382e-01, 1.124783686680370653e-01, 3.419324858431707637e-01
1.930049874107979957e-01, 3.528281046036689794e-01, 1.122608698837032626e-01, 3.419060381018298456e-01
1.932774845974210287e-01, 3.527987118599247296e-01, 1.120451365450023939e-01, 3.418786669976519588e-01
1.935503443354061048e-01, 3.527681137722294968e-01, 1.118311717360991608e-01, 3.418503701562651265e-01
1.938235682886648992e-01, 3.527363079640447596e-01, 1.116189785608953239e-01, 3.418211451863951145e-01
1.940971581301116633e-01, 3.527032920469364563e-01, 1.114085601431182432e-01, 3.417909896798336788e-01
1.943711155416184000e-01, 3.526690636205627727e-01, 1.111999196264080031e-01, 3.417599012114108104e-01
1.946454422139686224e-01, 3.526336202726626512e-01, 1.109930601744023859e-01, 3.417278773389663682e-01
1.949201398468101976e-01, 3.525969595790459654e-01, 1.107879849708198333e-01, 3.416949156033239898e-01
1.951952101486076063e-01, 3.525590791035855820e-01, 1.105846972195406452e-01, 3.416610135282662220e-01
1.954706548365925112e-01, 3.525199763982110324e-01, 1.103832001446858058e-01, 3.416261686205107617e-01
1.957464756367141290e-01, 3.524796490029029061e-01, 1.101834969906942546e-01, 3.415903783696886964e-01
1.960226742835878555e-01, 3.524380944456907971e-01, 1.099855910223976607e-01, 3.415536402483236866e-01
1.962992525204433347e-01, 3.523953102426505279e-01, 1.097894855250932666e-01, 3.415159517118128152e-01
1.965762120990711403e-01, 3.523512938979049824e-01, 1.095951838046148874e-01, 3.414773101984089343e-01
1.968535547797687080e-01, 3.523060429036255492e-01, 1.094026891874010227e-01, 3.414377131292046230e-01
1.971312823312850460e-01, 3.522595547400360627e-01, 1.092120050205617060e-01, 3.413971579081171992e-01
1.974093965307642529e-01, 3.522118268754170778e-01, 1.090231346719425648e-01, 3.413556419218760074e-01
1.976878991636882854e-01, 3.521628567661144182e-01, 1.088360815301864792e-01, 3.413131625400108726e-01
1.979667920238180057e-01, 3.521126418565463378e-01, 1.086508490047938119e-01, 3.412697171148418307e-01
1.982460769131340061e-01, 3.520611795792153997e-01, 1.084674405261793068e-01, 3.412253029814712457e-01
1.985257556417752978e-01, 3.520084673547203002e-01, 1.082858595457274753e-01, 3.411799174577769267e-01
1.988058300279776369e-01, 3.519545025917702463e-01, 1.081061095358451102e-01, 3.411335578444070760e-01
1.990863018980102428e-01, 3.518992826872010538e-01, 1.079281939900116755e-01, 3.410862214247770141e-01
1.993671730861116265e-01, 3.518428050259934103e-01, 1.077521164228272404e-01, 3.410379054650677366e-01
1.996484454344239767e-01, 3.517850669812926934e-01, 1.075778803700578462e-01, 3.409886072142255808e-01
1.999301207929265189e-01, 3.517260659144308410e-01, 1.074054893886784295e-01, 3.409383239039643909e-01
2.002122010193675694e-01, 3.516657991749501666e-01, 1.072349470569133739e-01, 3.408870527487688484e-01
2.004946879791956738e-01, 3.516042641006295599e-01, 1.070662569742744513e-01, 3.408347909459004121e-01
2.007775835454886915e-01, 3.515414580175117987e-01, 1.068994227615959053e-01, 3.407815356754035907e-01
2.010608895988827971e-01, 3.514773782399339130e-01, 1.067344480610673135e-01, 3.407272841001159902e-01
2.013446080274992056e-01, 3.514120220705588271e-01, 1.065713365362636889e-01, 3.406720333656782507e-01
2.016287407268701204e-01, 3.513453868004092762e-01, 1.064100918721728323e-01, 3.406157806005477573e-01
2.019132895998633770e-01, 3.512774697089043330e-01, 1.062507177752198134e-01, 3.405585229160124627e-01
2.021982565566054213e-01, 3.512082680638972110e-01, 1.060932179732892860e-01, 3.405002574062080956e-01
2.024836435144035385e-01, 3.511377791217158428e-01, 1.059375962157441398e-01, 3.404409811481365344e-01
2.027694523976664165e-01, 3.510660001272052355e-01, 1.057838562734423338e-01, 3.403806912016861808e-01
2.030556851378231553e-01, 3.509929283137722678e-01, 1.056320019387500392e-01, 3.403193846096546071e-01
2.033423436732413880e-01, 3.509185609034329301e-01, 1.054820370255523249e-01, 3.402570583977733154e-01
2.036294299491437365e-01, 3.508428951068611190e-01, 1.053339653692609984e-01, 3.401937095747341044e-01
2.039169459175229349e-01, 3.507659281234400406e-01, 1.051877908268191719e-01, 3.401293351322177694e-01
2.042048935370555374e-01, 3.506876571413163335e-01, 1.050435172767030384e-01, 3.400639320449250769e-01
2.044932747730142109e-01, 3.506080793374556914e-01, 1.049011486189206505e-01, 3.399974972706094611e-01
2.047820915971787226e-01, 3.505271918777014828e-01, 1.047606887750076599e-01, 3.399300277501121070e-01
2.050713459877454570e-01, 3.504449919168353689e-01, 1.046221416880196431e-01, 3.398615204073994756e-01
2.053610399292351008e-01, 3.503614765986407531e-01, 1.044855113225219984e-01, 3.397919721496021617e-01
2.056511754123994118e-01, 3.502766430559675626e-01, 1.043508016645757625e-01, 3.397213798670572493e-01
2.059417544341262951e-01, 3.501904884108010818e-01, 1.042180167217209297e-01, 3.396497404333517212e-01
2.062327789973432690e-01, 3.501030097743318970e-01, 1.040871605229562458e-01, 3.395770507053686993e-01
2.065242511109193491e-01, 3.500142042470287818e-01, 1.039582371187159349e-01, 3.395033075233360731e-01
2.068161727895657942e-01, 3.499240689187142483e-01, 1.038312505808425684e-01, 3.394285077108773474e-01
2.071085460537350764e-01, 3.498326008686427069e-01, 1.037062050025574500e-01, 3.393526480750648222e-01
2.074013729295179909e-01, 3.497397971655805127e-01, 1.035831044984267396e-01, 3.392757254064748262e-01
2.076946554485398777e-01, 3.496456548678893439e-01, 1.034619532043247192e-01, 3.391977364792461147e-01
2.079883956478547347e-01, 3.495501710236120219e-01, 1.033427552773933944e-01, 3.391186780511398213e-01
2.082825955698378306e-01, 3.494533426705604406e-01, 1.032255148959986268e-01, 3.390385468636030741e-01
2.085772572620768484e-01, 3.493551668364072715e-01, 1.031102362596826583e-01, 3.389573396418332218e-01
2.088723827772614450e-01, 3.492556405387787222e-01, 1.029969235891131513e-01, 3.388750530948466677e-01
2.091679741730706754e-01, 3.491547607853519031e-01, 1.028855811260285386e-01, 3.387916839155489246e-01
2.094640335120595831e-01, 3.490525245739531934e-01, 1.027762131331798057e-01, 3.387072287808074456e-01
2.097605628615435147e-01, 3.489489288926604926e-01, 1.026688238942684156e-01, 3.386216843515275632e-01
2.100575642934809362e-01, 3.488439707199083584e-01, 1.025634177138806530e-01, 3.385350472727300941e-01
2.103550398843544722e-01, 3.487376470245943105e-01, 1.024599989174181797e-01, 3.384473141736331070e-01
2.106529917150504194e-01, 3.486299547661905751e-01, 1.023585718510246767e-01, 3.383584816677343010e-01
2.109514218707365940e-01, 3.485208908948564388e-01, 1.022591408815086145e-01, 3.382685463528984915e-01
2.112503324407377647e-01, 3.484104523515544893e-01, 1.021617103962623174e-01, 3.381775048114453730e-01
2.115497255184106695e-01, 3.482986360681699645e-01, 1.020662848031769349e-01, 3.380853536102423895e-01
2.118496032010158403e-01, 3.481854389676325434e-01, 1.019728685305534149e-01, 3.379920893007983262e-01
2.121499675895883452e-01, 3.480708579640410250e-01, 1.018814660270095651e-01, 3.378977084193612312e-01
2.124508207888068934e-01, 3.479548899627917802e-01, 1.017920817613830187e-01, 3.378022074870184466e-01
2.127521649068609688e-01, 3.478375318607093702e-01, 1.017047202226300656e-01, 3.377055830097996370e-01
2.130540020553157998e-01, 3.477187805461808279e-01, 1.016193859197203619e-01, 3.376078314787830381e-01
2.133563343489761344e-01, 3.475986328992924923e-01, 1.015360833815275032e-01, 3.375089493702039811e-01
2.136591639057474623e-01, 3.474770857919702305e-01, 1.014548171567152685e-01, 3.374089331455669138e-01
2.139624928464962661e-01, 3.473541360881232110e-01, 1.013755918136197698e-01, 3.373077792517607532e-01
2.142663232949073293e-01, 3.472297806437896761e-01, 1.012984119401272309e-01, 3.372054841211758469e-01
2.145706573773401571e-01, 3.471040163072870999e-01, 1.012232821435471164e-01, 3.371020441718256544e-01
2.148754972226829540e-01, 3.469768399193649544e-01, 1.011502070504814998e-01, 3.369974558074706472e-01
2.151808449622047148e-01, 3.468482483133606409e-01, 1.010791913066895059e-01, 3.368917154177452078e-01
2.154867027294055382e-01, 3.467182383153590841e-01, 1.010102395769473249e-01, 3.367848193782880251e-01
2.157930726598651372e-01, 3.465868067443551581e-01, 1.009433565449040504e-01, 3.366767640508755433e-01
2.160999568910888791e-01, 3.464539504124198865e-01, 1.008785469129325624e-01, 3.365675457835587414e-01
2.164073575623526036e-01, 3.463196661248691965e-01, 1.008158154019759556e-01, 3.364571609108022443e-01
2.167152768145446662e-01, 3.461839506804371691e-01, 1.007551667513895133e-01, 3.363456057536285404e-01
2.170237167900068154e-01, 3.460468008714518429e-01, 1.006966057187778235e-01, 3.362328766197634766e-01
2.173326796323724053e-01, 3.459082134840144040e-01, 1.006401370798270384e-01, 3.361189698037862494e-01
2.176421674864027767e-01, 3.457681852981821513e-01, 1.005857656281327478e-01, 3.360038815872823381e-01
2.179521824978220557e-01, 3.456267130881553462e-01, 1.005334961750227185e-01, 3.358876082389999906e-01
2.182627268131492049e-01, 3.454837936224658956e-01, 1.004833335493749147e-01, 3.357701460150098738e-01
2.185738025795286588e-01, 3.453394236641721959e-01, 1.004352825974307167e-01, 3.356514911588684980e-01
2.188854119445583224e-01, 3.451935999710542546e-01, 1.003893481826029083e-01, 3.355316399017845286e-01
2.191975570561160436e-01, 3.450463192958157510e-01, 1.003455351852790695e-01, 3.354105884627891498e-01
2.195102400621838090e-01, 3.448975783862867628e-01, 1.003038485026198773e-01, 3.352883330489095370e-01
2.198234631106696091e-01, 3.447473739856322106e-01, 1.002642930483519240e-01, 3.351648698553463257e-01
2.201372283492274706e-01, 3.445957028325626337e-01, 1.002268737525560394e-01, 3.350401950656539674e-01
2.204515379250753249e-01, 3.444425616615491847e-01, 1.001915955614502834e-01, 3.349143048519253041e-01
2.207663939848107659e-01, 3.442879472030423438e-01, 1.001584634371672916e-01, 3.347871953749795293e-01
2.210817986742247554e-01, 3.441318561836941847e-01, 1.001274823575272754e-01, 3.346588627845539232e-01
2.213977541381126068e-01, 3.439742853265840838e-01, 1.000986573158049453e-01, 3.345293032194984750e-01
2.217142625200838602e-01, 3.438152313514489244e-01, 1.000719933204915063e-01, 3.343985128079757785e-01
2.220313259623689917e-01, 3.436546909749161882e-01, 1.000474953950514362e-01, 3.342664876676632035e-01
2.223489466056246533e-01, 3.434926609107419870e-01, 1.000251685776735872e-01, 3.341332239059597864e-01
2.226671265887361362e-01, 3.433291378700512042e-01, 1.000050179210168894e-01, 3.339987176201957841e-01
2.229858680486182798e-01, 3.431641185615832423e-01, 9.998704849195085009e-02, 3.338629648978476139e-01
2.233051731200134393e-01, 3.429975996919406578e-01, 9.997126537129027990e-02, 3.337259618167554565e-01
2.236250439352881481e-01, 3.428295779658421250e-01, 9.995767365352463407e-02, 3.335877044453449125e-01
2.239454826242266161e-01, 3.426600500863785648e-01, 9.994627844654158100e-02, 3.334481888428530438e-01
2.242664913138226468e-01, 3.424890127552743802e-01, 9.993708487134528307e-02, 3.333074110595578010e-01
2.245880721280689718e-01, 3.423164626731510785e-01, 9.993009806176836318e-02, 3.331653671370114478e-01
2.249102271877448100e-01, 3.421423965397971667e-01, 9.992532316417924998e-02, 3.330220531082787594e-01
2.252329586102004844e-01, 3.419668110544390460e-01, 9.992276533718243148e-02, 3.328774649981779965e-01
2.255562685091402897e-01, 3.417897029160189004e-01, 9.992242975131410132e-02, 3.327315988235268196e-01
2.258801589944028632e-01, 3.416110688234741954e-01, 9.992432158873126857e-02, 3.325844505933916451e-01
2.262046321717395003e-01, 3.414309054760230056e-01, 9.992844604289531640e-02, 3.324360163093421083e-01
2.265296901425900844e-01, 3.412492095734522279e-01, 9.993480831824953781e-02, 3.322862919657081360e-01
2.268553350038563510e-01, 3.410659778164105149e-01, 9.994341362989088429e-02, 3.321352735498422915e-01
2.271815688476737094e-01, 3.408812069067049810e-01, 9.995426720323538627e-02, 3.319829570423860066e-01
2.275083937611798446e-01, 3.406948935476022955e-01, 9.996737427367814732e-02, 3.318293384175397542e-01
2.278358118262816812e-01, 3.405070344441339381e-01, 9.998274008624677411e-02, 3.316744136433376622e-01
2.281638251194197942e-01, 3.403176263034048965e-01, 1.000003698952488806e-01, 3.315181786819262899e-01
2.284924357113304327e-01, 3.401266658349082483e-01, 1.000202689639136250e-01, 3.313606294898477356e-01
2.288216456668051291e-01, 3.399341497508411858e-01, 1.000424425640269732e-01, 3.312017620183265731e-01
2.291514570444486698e-01, 3.397400747664285348e-01, 1.000668959755605797e-01, 3.310415722135622296e-01
2.294818718964336257e-01, 3.395444376002474951e-01, 1.000936344862949495e-01, 3.308800560170238603e-01
2.298128922682537989e-01, 3.393472349745588201e-01, 1.001226633914358705e-01, 3.307172093657514966e-01
2.301445201984740896e-01, 3.391484636156410493e-01, 1.001539879932245997e-01, 3.305530281926602476e-01
2.304767577184791139e-01, 3.389481202541291260e-01, 1.001876136005422080e-01, 3.303875084268495521e-01
2.308096068522189626e-01, 3.387462016253579566e-01, 1.002235455285069438e-01, 3.302206459939162619e-01
2.311430696159523790e-01, 3.385427044697093546e-01, 1.002617890980655457e-01, 3.300524368162727762e-01
2.314771480179882712e-01, 3.383376255329641480e-01, 1.003023496355781724e-01, 3.298828768134693945e-01
2.318118440584243656e-01, 3.381309615666578949e-01, 1.003452324723967670e-01, 3.297119619025209447e-01
2.321471597288836952e-01, 3.379227093284414840e-01, 1.003904429444368446e-01, 3.295396879982379623e-01
2.324830970122488960e-01, 3.377128655824453984e-01, 1.004379863917431032e-01, 3.293660510135626995e-01
2.328196578823935325e-01, 3.375014270996490873e-01, 1.004878681580482352e-01, 3.291910468599090756e-01
2.331568443039124250e-01, 3.372883906582544999e-01, 1.005400935903251886e-01, 3.290146714475080114e-01
2.334946582318478125e-01, 3.370737530440631735e-01, 1.005946680383329739e-01, 3.288369206857561511e-01
2.338331016114148786e-01, 3.368575110508589820e-01, 1.006515968541557560e-01, 3.286577904835703556e-01
2.341721763777239451e-01, 3.366396614807945498e-01, 1.007108853917353247e-01, 3.284772767497463053e-01
2.345118844555006965e-01, 3.364202011447816054e-01, 1.007725390063969051e-01, 3.282953753933208763e-01
2.348522277588037943e-01, 3.361991268628870544e-01, 1.008365630543683195e-01, 3.281120823239408457e-01
2.351932081907408822e-01, 3.359764354647320483e-01, 1.009029628922922389e-01, 3.279273934522350387e-01
2.355348276431810106e-01, 3.357521237898959954e-01, 1.009717438767321895e-01, 3.277413046901906934e-01
2.358770879964665335e-01, 3.355261886883260103e-01, 1.010429113636710785e-01, 3.275538119515364333e-01
2.362199911191206203e-01, 3.352986270207483632e-01, 1.011164707080034475e-01, 3.273649111521274579e-01
2.365635388675545181e-01, 3.350694356590868117e-01, 1.011924272630210647e-01, 3.271745982103375638e-01
2.369077330857707053e-01, 3.348386114868840413e-01, 1.012707863798910646e-01, 3.269828690474541610e-01
2.372525756050651857e-01, 3.346061513997276027e-01, 1.013515534071277868e-01, 3.267897195880793415e-01
2.375980682437267566e-01, 3.343720523056807892e-01, 1.014347336900577462e-01, 3.265951457605346664e-01
2.379442128067340290e-01, 3.341363111257172891e-01, 1.015203325702772885e-01, 3.263991434972713379e-01
2.382910110854505881e-01, 3.338989247941606120e-01, 1.016083553851039045e-01, 3.262017087352849232e-01
2.386384648573173228e-01, 3.336598902591280114e-01, 1.016988074670203274e-01, 3.260028374165342968e-01
2.389865758855432842e-01, 3.334192044829786261e-01, 1.017916941431116634e-01, 3.258025254883663568e-01
2.393353459187935184e-01, 3.331768644427657855e-01, 1.018870207344959727e-01, 3.256007689039447373e-01
2.396847766908750399e-01, 3.329328671306943654e-01, 1.019847925557474944e-01, 3.253975636226832391e-01
2.400348699204210845e-01, 3.326872095545815866e-01, 1.020850149143129881e-01, 3.251929056106842575e-01
2.403856273105718921e-01, 3.324398887383238077e-01, 1.021876931099215680e-01, 3.249867908411827044e-01
2.407370505486548518e-01, 3.321909017223653171e-01, 1.022928324339869022e-01, 3.247792152949929290e-01
2.410891413058613708e-01, 3.319402455641737304e-01, 1.024004381690028637e-01, 3.245701749609620768e-01
2.414419012369218576e-01, 3.316879173387185520e-01, 1.025105155879322411e-01, 3.243596658364273355e-01
2.417953319797790657e-01, 3.314339141389542331e-01, 1.026230699535882612e-01, 3.241476839276783983e-01
2.421494351552586077e-01, 3.311782330763079485e-01, 1.027381065180090064e-01, 3.239342252504245345e-01
2.425042123667375538e-01, 3.309208712811708142e-01, 1.028556305218255168e-01, 3.237192858302659904e-01
2.428596651998116140e-01, 3.306618259033952678e-01, 1.029756471936219830e-01, 3.235028617031712739e-01
2.432157952219590469e-01, 3.304010941127938361e-01, 1.030981617492895547e-01, 3.232849489159574929e-01
2.435726039822038447e-01, 3.301386730996451191e-01, 1.032231793913733486e-01, 3.230655435267775766e-01
2.439300930107756726e-01, 3.298745600752021612e-01, 1.033507053084116445e-01, 3.228446416056104940e-01
2.442882638187686695e-01, 3.296087522722057073e-01, 1.034807446742688902e-01, 3.226222392347565804e-01
2.446471178977978611e-01, 3.293412469454017888e-01, 1.036133026474616581e-01, 3.223983325093388030e-01
2.450066567196535761e-01, 3.290720413720628623e-01, 1.037483843704769954e-01, 3.221729175378065801e-01
2.453668817359544729e-01, 3.288011328525142218e-01, 1.038859949690847800e-01, 3.219459904424465391e-01
2.457277943777975704e-01, 3.285285187106632421e-01, 1.040261395516423742e-01, 3.217175473598968827e-01
2.460893960554075000e-01, 3.282541962945340619e-01, 1.041688232083926025e-01, 3.214875844416658635e-01
2.464516881577832053e-01, 3.279781629768052653e-01, 1.043140510107550961e-01, 3.212560978546565305e-01
2.468146720523431703e-01, 3.277004161553522255e-01, 1.044618280106102554e-01, 3.210230837816944738e-01
2.471783490845683162e-01, 3.274209532537933898e-01, 1.046121592395766187e-01, 3.207885384220616753e-01
2.475427205776440098e-01, 3.271397717220408397e-01, 1.047650497082815019e-01, 3.205524579920338013e-01
2.479077878320989636e-01, 3.268568690368539031e-01, 1.049205044056244346e-01, 3.203148387254226015e-01
2.482735521254441913e-01, 3.265722427023980967e-01, 1.050785282980340463e-01, 3.200756768741236935e-01
2.486400147118081327e-01, 3.262858902508069536e-01, 1.052391263287180134e-01, 3.198349687086669002e-01
2.490071768215721404e-01, 3.259978092427477381e-01, 1.054023034169064843e-01, 3.195927105187736372e-01
2.493750396610029674e-01, 3.257079972679920443e-01, 1.055680644570884813e-01, 3.193488986139166874e-01
2.497436044118839238e-01, 3.254164519459887273e-01, 1.057364143182415867e-01, 3.191035293238856929e-01
2.501128722311453112e-01, 3.251231709264421621e-01, 1.059073578430553830e-01, 3.188565989993570882e-01
2.504828442504916652e-01, 3.248281518898928910e-01, 1.060808998471475945e-01, 3.186081040124677521e-01
2.508535215760293591e-01, 3.245313925483025441e-01, 1.062570451182742598e-01, 3.183580407573937676e-01
2.512249052878910427e-01, 3.242328906456429238e-01, 1.064357984155327730e-01, 3.181064056509333438e-01
2.515969964398599434e-01, 3.239326439584872541e-01, 1.066171644685586367e-01, 3.178531951330941241e-01
2.519697960589918351e-01, 3.236306502966070364e-01, 1.068011479767161653e-01, 3.175984056676848244e-01
2.523433051452366738e-01, 3.233269075035705709e-01, 1.069877536082816799e-01, 3.173420337429112004e-01
2.527175246710574030e-01, 3.230214134573455853e-01, 1.071769859996211799e-01, 3.170840758719758457e-01
2.530924555810491472e-01, 3.227141660709058057e-01, 1.073688497543615755e-01, 3.168245285936833189e-01
2.534680987915560735e-01, 3.224051632928404132e-01, 1.075633494425550923e-01, 3.165633884730483794e-01
2.538444551902873103e-01, 3.220944031079664427e-01, 1.077604895998377776e-01, 3.163006521019083861e-01
2.542215256359317554e-01, 3.217818835379452902e-01, 1.079602747265819979e-01, 3.160363160995408593e-01
2.545993109577720515e-01, 3.214676026419018839e-01, 1.081627092870422469e-01, 3.157703771132838733e-01
2.549778119552968403e-01, 3.211515585170468534e-01, 1.083677977084950839e-01, 3.155028318191612224e-01
2.553570293978127403e-01, 3.208337492993023066e-01, 1.085755443803735204e-01, 3.152336769225113633e-01
2.557369640240548248e-01, 3.205141731639305491e-01, 1.087859536533944266e-01, 3.149629091586204077e-01
2.561176165417963224e-01, 3.201928283261646913e-01, 1.089990298386807888e-01, 3.146905252933582253e-01
2.564989876274574310e-01, 3.198697130418445833e-01, 1.092147772068781386e-01, 3.144165221238198193e-01
2.568810779257135746e-01, 3.195448256080523630e-01, 1.094331999872646122e-01, 3.141408964789693115e-01
2.572638880491025515e-01, 3.192181643637537203e-01, 1.096543023668557632e-01, 3.138636452202879790e-01
2.576474185776306824e-01, 3.188897276904399392e-01, 1.098780884895036586e-01, 3.135847652424257337e-01
2.580316700583792922e-01, 3.185595140127734370e-01, 1.101045624549902430e-01, 3.133042534738571527e-01
2.584166430051094143e-01, 3.182275217992355798e-01, 1.103337283181154288e-01, 3.130221068775397297e-01
2.588023378978667188e-01, 3.178937495627772170e-01, 1.105655900877795944e-01, 3.127383224515766225e-01
2.591887551825856062e-01, 3.175581958614712708e-01, 1.108001517260608082e-01, 3.124528972298822871e-01
2.595758952706930245e-01, 3.172208592991681009e-01, 1.110374171472868765e-01, 3.121658282828519426e-01
2.599637585387114536e-01, 3.168817385261525899e-01, 1.112773902171021456e-01, 3.118771127180338110e-01
2.603523453278623334e-01, 3.165408322398037821e-01, 1.115200747515291829e-01, 3.115867476808047987e-01
2.607416559436681602e-01, 3.161981391852564660e-01, 1.117654745160256424e-01, 3.112947303550496758e-01
2.611316906555557482e-01, 3.158536581560651979e-01, 1.120135932245359955e-01, 3.110010579638429751e-01
2.615224496964578260e-01, 3.155073879948694371e-01, 1.122644345385388348e-01, 3.107057277701339437e-01
2.619139332624154659e-01, 3.151593275940609562e-01, 1.125180020660889874e-01, 3.104087370774346044e-01
2.623061415121806794e-01, 3.148094758964531392e-01, 1.127742993608554928e-01, 3.101100832305105359e-01
2.626990745668183469e-01, 3.144578318959521113e-01, 1.130333299211548348e-01, 3.098097636160747070e-01
2.630927325093080915e-01, 3.141043946382283680e-01, 1.132950971889798569e-01, 3.095077756634836974e-01
2.634871153841475966e-01, 3.137491632213912918e-01, 1.135596045490243344e-01, 3.092041168454365829e-01
2.638822231969549792e-01, 3.133921367966641669e-01, 1.138268553277035078e-01, 3.088987846786772073e-01
2.642780559140716634e-01, 3.130333145690604724e-01, 1.140968527921704806e-01, 3.085917767246973975e-01
2.646746134621659752e-01, 3.126726957980619503e-01, 1.143696001493285791e-01, 3.082830905904435648e-01
2.650718957278367371e-01, 3.123102797982968970e-01, 1.146451005448400617e-01, 3.079727239290260821e-01
2.654699025572181958e-01, 3.119460659402208402e-01, 1.149233570621312900e-01, 3.076606744404297156e-01
2.658686337555841162e-01, 3.115800536507957186e-01, 1.152043727213935415e-01, 3.073469398722265544e-01
2.662680890869542072e-01, 3.112122424141727794e-01, 1.154881504785814778e-01, 3.070315180202915495e-01
2.666682682736995491e-01, 3.108426317723734233e-01, 1.157746932244075183e-01, 3.067144067295194954e-01
2.670691709961507954e-01, 3.104712213259727682e-01, 1.160640037833330918e-01, 3.063956038945433447e-01
2.674707968922050427e-01, 3.100980107347819370e-01, 1.163560849125572644e-01, 3.060751074604556865e-01
2.678731455569356434e-01, 3.097229997185319550e-01, 1.166509393010020240e-01, 3.057529154235302804e-01
2.682762165422017397e-01, 3.093461880575572587e-01, 1.169485695682948856e-01, 3.054290258319461437e-01
2.686800093562593528e-01, 3.089675755934790935e-01, 1.172489782637489153e-01, 3.051034367865126939e-01
2.690845234633740812e-01, 3.085871622298894668e-01, 1.175521678653403818e-01, 3.047761464413961674e-01
2.694897582834342442e-01, 3.082049479330346009e-01, 1.178581407786836038e-01, 3.044471530048475372e-01
2.698957131915658558e-01, 3.078209327324984979e-01, 1.181668993360043413e-01, 3.041164547399313189e-01
2.703023875177490987e-01, 3.074351167218852821e-01, 1.184784457951103265e-01, 3.037840499652552650e-01
2.707097805464362961e-01, 3.070475000595019877e-01, 1.187927823383604503e-01, 3.034499370557012243e-01
2.711178915161709391e-01, 3.066580829690403465e-01, 1.191099110716320741e-01, 3.031141144431565571e-01
2.715267196192093779e-01, 3.062668657402576877e-01, 1.194298340232867461e-01, 3.027765806172462715e-01
2.719362640011431242e-01, 3.058738487296570607e-01, 1.197525531431343215e-01, 3.024373341260655490e-01
2.723465237605243727e-01, 3.054790323611661362e-01, 1.200780703013963474e-01, 3.020963735769132130e-01
2.727574979484920781e-01, 3.050824171268157747e-01, 1.204063872876676572e-01, 3.017536976370244206e-01
2.731691855684010295e-01, 3.046840035874160413e-01, 1.207375058098777987e-01, 3.014093050343051305e-01
2.735815855754525350e-01, 3.042837923732318317e-01, 1.210714274932512408e-01, 3.010631945580644619e-01
2.739946968763277146e-01, 3.038817841846563339e-01, 1.214081538792668447e-01, 3.007153650597491068e-01
2.744085183288226815e-01, 3.034779797928833789e-01, 1.217476864246178347e-01, 3.003658154536761882e-01
2.748230487414863310e-01, 3.030723800405769608e-01, 1.220900265001704926e-01, 3.000145447177661184e-01
2.752382868732609067e-01, 3.026649858425403683e-01, 1.224351753899235312e-01, 2.996615518942751244e-01
2.756542314331240084e-01, 3.022557981863814303e-01, 1.227831342899674966e-01, 2.993068360905271064e-01
2.760708810797352086e-01, 3.018448181331764291e-01, 1.231339043074442946e-01, 2.989503964796441093e-01
2.764882344210832232e-01, 3.014320468181319046e-01, 1.234874864595075783e-01, 2.985922323012772384e-01
2.769062900141375794e-01, 3.010174854512434051e-01, 1.238438816722835928e-01, 2.982323428623353534e-01
2.773250463645027808e-01, 3.006011353179510737e-01, 1.242030907798333528e-01, 2.978707275377128760e-01
2.777445019260748049e-01, 3.001829977797934035e-01, 1.245651145231152362e-01, 2.975073857710165970e-01
2.781646551007019297e-01, 2.997630742750576061e-01, 1.249299535489498125e-01, 2.971423170752907073e-01
2.785855042378476143e-01, 2.993413663194260943e-01, 1.252976084089856557e-01, 2.967755210337406080e-01
2.790070476342580430e-01, 2.989178755066209670e-01, 1.256680795586667398e-01, 2.964069973004540559e-01
2.794292835336316116e-01, 2.984926035090440521e-01, 1.260413673562023607e-01, 2.960367456011219200e-01
2.798522101262930217e-01, 2.980655520784131762e-01, 1.264174720615387493e-01, 2.956647657337551638e-01
2.802758255488704831e-01, 2.976367230463954350e-01, 1.267963938353332265e-01, 2.952910575694008832e-01
2.807001278839770242e-01, 2.972061183252365790e-01, 1.271781327379309379e-01, 2.949156210528554034e-01
2.811251151598954112e-01, 2.967737399083848482e-01, 1.275626887283444200e-01, 2.945384562033752651e-01
2.815507853502668412e-01, 2.963395898711123078e-01, 1.279500616632360255e-01, 2.941595631153848811e-01
2.819771363737836878e-01, 2.959036703711306338e-01, 1.283402512959037622e-01, 2.937789419591819717e-01
2.824041660938868548e-01, 2.954659836492030123e-01, 1.287332572752705462e-01, 2.933965929816396701e-01
2.828318723184666261e-01, 2.950265320297504323e-01, 1.291290791448770625e-01, 2.930125165069058513e-01
2.832602527995688457e-01, 2.945853179214537598e-01, 1.295277163418787902e-01, 2.926267129370986320e-01
2.836893052331039833e-01, 2.941423438178509264e-01, 1.299291681960466904e-01, 2.922391827529984831e-01
2.841190272585623067e-01, 2.936976122979276238e-01, 1.303334339287727794e-01, 2.918499265147373456e-01
2.845494164587329400e-01, 2.932511260267040010e-01, 1.307405126520801708e-01, 2.914589448624828050e-01
2.849804703594276400e-01, 2.928028877558151444e-01, 1.311504033676375025e-01, 2.910662385171196576e-01
2.854121864292093469e-01, 2.923529003240853408e-01, 1.315631049657791651e-01, 2.906718082809262027e-01
2.858445620791261188e-01, 2.919011666580972331e-01, 1.319786162245304983e-01, 2.902756550382461498e-01
2.862775946624497858e-01, 2.914476897727547033e-01, 1.323969358086382331e-01, 2.898777797561572500e-01
2.867112814744195992e-01, 2.909924727718385951e-01, 1.328180622686074008e-01, 2.894781834851343771e-01
2.871456197519916542e-01, 2.905355188485571616e-01, 1.332419940397435720e-01, 2.890768673597075011e-01
2.875806066735930866e-01, 2.900768312860895204e-01, 1.336687294412020888e-01, 2.886738325991153320e-01
2.880162393588818759e-01, 2.896164134581214467e-01, 1.340982666750430152e-01, 2.882690805079536345e-01
2.884525148685126439e-01, 2.891542688293758379e-01, 1.345306038252938874e-01, 2.878626124768176586e-01
2.888894302039075601e-01, 2.886904009561341855e-01, 1.349657388570183747e-01, 2.874544299829399630e-01
2.893269823070330760e-01, 2.882248134867523293e-01, 1.354036696153929076e-01, 2.870445345908215762e-01
2.897651680601830981e-01, 2.877575101621678844e-01, 1.358443938247909932e-01, 2.866329279528579965e-01
2.902039842857672691e-01, 2.872884948163997865e-01, 1.362879090878745536e-01, 2.862196118099583630e-01
2.906434277461057425e-01, 2.868177713770406756e-01, 1.367342128846938676e-01, 2.858045879921596866e-01
2.910834951432305640e-01, 2.863453438657406758e-01, 1.371833025717960342e-01, 2.853878584192327539e-01
2.915241831186927146e-01, 2.858712163986832366e-01, 1.376351753813409851e-01, 2.849694251012831470e-01
2.919654882533749274e-01, 2.853953931870527594e-01, 1.380898284202275450e-01, 2.845492901393446572e-01
2.924074070673133297e-01, 2.849178785374931744e-01, 1.385472586692275965e-01, 2.841274557259658717e-01
2.928499360195225276e-01, 2.844386768525581366e-01, 1.390074629821298202e-01, 2.837039241457894878e-01
2.932930715078297390e-01, 2.839577926311523393e-01, 1.394704380848935388e-01, 2.832786977761244662e-01
2.937368098687146434e-01, 2.834752304689632241e-01, 1.399361805748115528e-01, 2.828517790875105797e-01
2.941811473771567265e-01, 2.829909950588846423e-01, 1.404046869196835245e-01, 2.824231706442750789e-01
2.946260802464882311e-01, 2.825050911914293028e-01, 1.408759534569999916e-01, 2.819928751050824745e-01
2.950716046282564342e-01, 2.820175237551332814e-01, 1.413499763931362896e-01, 2.815608952234741613e-01
2.955177166120906973e-01, 2.815282977369495954e-01, 1.418267518025578267e-01, 2.811272338484018252e-01
2.959644122255786769e-01, 2.810374182226326734e-01, 1.423062756270367657e-01, 2.806918939247518563e-01
2.964116874341485852e-01, 2.805448903971117236e-01, 1.427885436748792813e-01, 2.802548784938604376e-01
2.968595381409596667e-01, 2.800507195448545539e-01, 1.432735516201653903e-01, 2.798161906940203614e-01
2.973079601867998911e-01, 2.795549110502209555e-01, 1.437612950019999947e-01, 2.793758337609791864e-01
2.977569493499914732e-01, 2.790574703978045967e-01, 1.442517692237765548e-01, 2.789338110284273475e-01
2.982065013463038317e-01, 2.785584031727652010e-01, 1.447449695524530011e-01, 2.784901259284779385e-01
2.986566118288748184e-01, 2.780577150611485138e-01, 1.452408911178406647e-01, 2.780447819921359476e-01
2.991072763881395535e-01, 2.775554118501963319e-01, 1.457395289119056137e-01, 2.775977828497584454e-01
2.995584905517669205e-01, 2.770514994286443211e-01, 1.462408777880837840e-01, 2.771491322315048911e-01
3.000102497846051097e-01, 2.765459837870085091e-01, 1.467449324606095173e-01, 2.766988339677767805e-01
3.004625494886346559e-01, 2.760388710178603988e-01, 1.472516875038573925e-01, 2.762468919896475805e-01
3.009153850029294142e-01, 2.755301673160900355e-01, 1.477611373516986848e-01, 2.757933103292817822e-01
3.013687516036271385e-01, 2.750198789791568066e-01, 1.482732762968718976e-01, 2.753380931203440185e-01
3.018226445039070005e-01, 2.745080124073288608e-01, 1.487880984903675041e-01, 2.748812445983966346e-01
3.022770588539765990e-01, 2.739945741039090943e-01, 1.493055979408280109e-01, 2.744227691012862680e-01
3.027319897410674088e-01, 2.734795706754496458e-01, 1.498257685139626205e-01, 2.739626710695203249e-01
3.031874321894387769e-01, 2.729630088319531800e-01, 1.503486039319774648e-01, 2.735009550466305783e-01
3.036433811603905242e-01, 2.724448953870616252e-01, 1.508740977730214372e-01, 2.730376256795264966e-01
3.040998315522846496e-01, 2.719252372582317001e-01, 1.514022434706474018e-01, 2.725726877188364150e-01
3.045567782005760282e-01, 2.714040414668974499e-01, 1.519330343132900552e-01, 2.721061460192364945e-01
3.050142158778517132e-01, 2.708813151386200158e-01, 1.524664634437595812e-01, 2.716380055397685789e-01
3.054721392938797297e-01, 2.703570655032229153e-01, 1.530025238587523762e-01, 2.711682713441449510e-01
3.059305430956665850e-01, 2.698312998949146113e-01, 1.535412084083778994e-01, 2.706969486010410986e-01
3.063894218675241032e-01, 2.693040257523970915e-01, 1.540825097957030931e-01, 2.702240425843757121e-01
3.068487701311461979e-01, 2.687752506189609036e-01, 1.546264205763142607e-01, 2.697495586735786932e-01
3.073085823456934151e-01, 2.682449821425655356e-01, 1.551729331578954318e-01, 2.692735023538455619e-01
3.077688529078889124e-01, 2.677132280759062510e-01, 1.557220397998259620e-01, 2.687958792163788746e-01
3.082295761521221533e-01, 2.671799962764662695e-01, 1.562737326127949244e-01, 2.683166949586167083e-01
3.086907463505626503e-01, 2.666452947065550694e-01, 1.568280035584340426e-01, 2.678359553844482099e-01
3.091523577132843092e-01, 2.661091314333314806e-01, 1.573848444489698017e-01, 2.673536664044144362e-01
3.096144043883976571e-01, 2.655715146288126216e-01, 1.579442469468929355e-01, 2.668698340358968690e-01
3.100768804621930608e-01, 2.650324525698676825e-01, 1.585062025646480355e-01, 2.663844644032911657e-01
3.105397799592934382e-01, 2.644919536381973302e-01, 1.590707026643416178e-01, 2.658975637381676971e-01
3.110030968428163511e-01, 2.639500263202970709e-01, 1.596377384574696467e-01, 2.654091383794170422e-01
3.114668250145460338e-01, 2.634066792074067354e-01, 1.602073010046648760e-01, 2.649191947733823826e-01
3.119309583151160803e-01, 2.628619209954435321e-01, 1.607793812154637569e-01, 2.644277394739766307e-01
3.123954905242009583e-01, 2.623157604849207236e-01, 1.613539698480931928e-01, 2.639347791427850143e-01
3.128604153607183469e-01, 2.617682065808497605e-01, 1.619310575092777760e-01, 2.634403205491541167e-01
3.133257264830409117e-01, 2.612192682926275378e-01, 1.625106346540674540e-01, 2.629443705702639855e-01
3.137914174892186825e-01, 2.606689547339079982e-01, 1.630926915856853732e-01, 2.624469361911879739e-01
3.142574819172107570e-01, 2.601172751224573032e-01, 1.636772184553972331e-01, 2.619480245049347622e-01
3.147239132451283283e-01, 2.595642387799934614e-01, 1.642642052624006532e-01, 2.614476427124775015e-01
3.151907048914865950e-01, 2.590098551320102471e-01, 1.648536418537366599e-01, 2.609457981227664147e-01
3.156578502154676058e-01, 2.584541337075845213e-01, 1.654455179242221019e-01, 2.604424981527256877e-01
3.161253425171932641e-01, 2.578970841391676205e-01, 1.660398230164033540e-01, 2.599377503272358170e-01
3.165931750380079346e-01, 2.573387161623603148e-01, 1.666365465205323360e-01, 2.594315622790993592e-01
3.170613409607725974e-01, 2.567790396156715005e-01, 1.672356776745639595e-01, 2.589239417489919148e-01
3.175298334101678832e-01, 2.562180644402607954e-01, 1.678372055641758342e-01, 2.584148965853954039e-01
3.179986454530080997e-01, 2.556558006796642579e-01, 1.684411191228100124e-01, 2.579044347445176855e-01
3.184677700985654725e-01, 2.550922584795032311e-01, 1.690474071317373816e-01, 2.573925642901939148e-01
3.189372002989050436e-01, 2.545274480871774769e-01, 1.696560582201442624e-01, 2.568792933937732448e-01
3.194069289492290631e-01, 2.539613798515407139e-01, 1.702670608652420425e-01, 2.563646303339881527e-01
3.198769488882323708e-01, 2.533940642225601669e-01, 1.708804033923992105e-01, 2.558485834968082240e-01
3.203472528984678824e-01, 2.528255117509585204e-01, 1.714960739752970365e-01, 2.553311613752764497e-01
3.208178337067226216e-01, 2.522557330878398285e-01, 1.721140606361072911e-01, 2.548123725693302588e-01
3.212886839844036335e-01, 2.516847389842976623e-01, 1.727343512456941954e-01, 2.542922257856043977e-01
3.217597963479347789e-01, 2.511125402910074356e-01, 1.733569335238393516e-01, 2.537707298372184339e-01
3.222311633591630198e-01, 2.505391479578005787e-01, 1.739817950394898782e-01, 2.532478936435463845e-01
3.227027775257764186e-01, 2.499645730332225313e-01, 1.746089232110305811e-01, 2.527237262299704135e-01
3.231746313017305194e-01, 2.493888266640733042e-01, 1.752383053065794394e-01, 2.521982367276166537e-01
3.236467170876869415e-01, 2.488119200949311938e-01, 1.758699284443070998e-01, 2.516714343730747649e-01
3.241190272314603549e-01, 2.482338646676592320e-01, 1.765037795927802966e-01, 2.511433285081000610e-01
3.245915540284776135e-01, 2.476546718208948172e-01, 1.771398455713289466e-01, 2.506139285792986504e-01
3.250642897222453254e-01, 2.470743530895219420e-01, 1.777781130504375862e-01, 2.500832441377952020e-01
3.255372265048285807e-01, 2.464929201041265172e-01, 1.784185685521609277e-01, 2.495512848388840021e-01
3.260103565173399498e-01, 2.459103845904343499e-01, 1.790611984505636189e-01, 2.490180604416621646e-01
3.264836718504375290e-01, 2.453267583687325781e-01, 1.797059889721840109e-01, 2.484835808086458264e-01
3.269571645448345332e-01, 2.447420533532733977e-01, 1.803529261965227115e-01, 2.479478559053694131e-01
3.274308265918175476e-01, 2.441562815516607754e-01, 1.810019960565551478e-01, 2.474108957999666403e-01
3.279046499337753273e-01, 2.435694550642206746e-01, 1.816531843392689138e-01, 2.468727106627350565e-01
3.283786264647383102e-01, 2.429815860833535734e-01, 1.823064766862252106e-01, 2.463333107656828780e-01
3.288527480309262896e-01, 2.423926868928703293e-01, 1.829618585941452102e-01, 2.457927064820582819e-01
3.293270064313072454e-01, 2.418027698673108905e-01, 1.836193154155207341e-01, 2.452509082858612965e-01
3.298013934181656115e-01, 2.412118474712461880e-01, 1.842788323592494115e-01, 2.447079267513386780e-01
3.302759006976805356e-01, 2.406199322585635403e-01, 1.849403944912948183e-01, 2.441637725524611335e-01
3.307505199305126320e-01, 2.400270368717338787e-01, 1.856039867353707351e-01, 2.436184564623827264e-01
3.312252427324020587e-01, 2.394331740410637344e-01, 1.862695938736503021e-01, 2.430719893528838771e-01
3.317000606747744218e-01, 2.388383565839298783e-01, 1.869372005474997378e-01, 2.425243821937959066e-01
3.321749652853576706e-01, 2.382425974039967531e-01, 1.876067912582366215e-01, 2.419756460524090103e-01
3.326499480488069871e-01, 2.376459094904179725e-01, 1.882783503679124060e-01, 2.414257920928626344e-01
3.331250004073397220e-01, 2.370483059170212514e-01, 1.889518621001203824e-01, 2.408748315755186442e-01
3.336001137613798240e-01, 2.364497998414765711e-01, 1.896273105408269877e-01, 2.403227758563166172e-01
3.340752794702103179e-01, 2.358504045044478026e-01, 1.903046796392284246e-01, 2.397696363861133995e-01
3.345504888526360521e-01, 2.352501332287289526e-01, 1.909839532086315406e-01, 2.392154247100036213e-01
3.350257331876542177e-01, 2.346489994183629801e-01, 1.916651149273584653e-01, 2.386601524666243368e-01
3.355010037151351932e-01, 2.340470165577453465e-01, 1.923481483396768388e-01, 2.381038313874426215e-01
3.359762916365104379e-01, 2.334441982107115787e-01, 1.930330368567527433e-01, 2.375464732960252678e-01
3.364515881154702126e-01, 2.328405580196082070e-01, 1.937197637576292264e-01, 2.369880901072923540e-01
3.369268842786699580e-01, 2.322361097043487144e-01, 1.944083121902277500e-01, 2.364286938267536331e-01
3.374021712164437803e-01, 2.316308670614536935e-01, 1.950986651723743137e-01, 2.358682965497281570e-01
3.378774399835283160e-01, 2.310248439630748218e-01, 1.957908055928497815e-01, 2.353069104605471085e-01
3.383526815997928705e-01, 2.304180543560042094e-01, 1.964847162124626345e-01, 2.347445478317402023e-01
3.388278870509791041e-01, 2.298105122606683148e-01, 1.971803796651473151e-01, 2.341812210232053770e-01
3.393030472894477678e-01, 2.292022317701059575e-01, 1.978777784590843580e-01, 2.336169424813618334e-01
3.397781532349341549e-01, 2.285932270489326734e-01, 1.985768949778455861e-01, 2.330517247382876134e-01
3.402531957753103797e-01, 2.279835123322890011e-01, 1.992777114815609540e-01, 2.324855804108397761e-01
3.407281657673562614e-01, 2.273731019247745566e-01, 1.999802101081101791e-01, 2.319185221997589474e-01
3.412030540375373122e-01, 2.267620101993678972e-01, 2.006843728743362698e-01, 2.313505628887584376e-01
3.416778513827895547e-01, 2.261502515963313142e-01, 2.013901816772827591e-01, 2.307817153435964275e-01
3.421525485713124426e-01, 2.255378406221018039e-01, 2.020976182954525580e-01, 2.302119925111331677e-01
3.426271363433687767e-01, 2.249247918481682429e-01, 2.028066643900908461e-01, 2.296414074183721066e-01
3.431016054120909486e-01, 2.243111199099341591e-01, 2.035173015064889179e-01, 2.290699731714859466e-01
3.435759464642946237e-01, 2.236968395055668746e-01, 2.042295110753115928e-01, 2.284977029548268812e-01
3.440501501612989177e-01, 2.230819653948339920e-01, 2.049432744139449702e-01, 2.279246100299220645e-01
3.445242071397534023e-01, 2.224665123979253922e-01, 2.056585727278677500e-01, 2.273507077344534555e-01
3.449981080124707167e-01, 2.218504953942626312e-01, 2.063753871120430905e-01, 2.267760094812237004e-01
3.454718433692662294e-01, 2.212339293212957914e-01, 2.070936985523320062e-01, 2.262005287571059731e-01
3.459454037778036950e-01, 2.206168291732871212e-01, 2.078134879269283031e-01, 2.256242791219807975e-01
3.464187797844465178e-01, 2.199992100000822959e-01, 2.085347360078142753e-01, 2.250472742076569110e-01
3.468919619151146772e-01, 2.193810869058695490e-01, 2.092574234622368579e-01, 2.244695277167790826e-01
3.473649406761477598e-01, 2.187624750479262581e-01, 2.099815308542049563e-01, 2.238910534217210813e-01
3.478377065551732650e-01, 2.181433896353547341e-01, 2.107070386460063727e-01, 2.233118651634656282e-01
3.483102500219800723e-01, 2.175238459278051317e-01, 2.114339271997450198e-01, 2.227319768504698594e-01
3.487825615293971282e-01, 2.169038592341875071e-01, 2.121621767788978430e-01, 2.221514024575175494e-01
3.492546315141770163e-01, 2.162834449113731072e-01, 2.128917675498913364e-01, 2.215701560245584845e-01
3.497264503978843586e-01, 2.156626183628843341e-01, 2.136226795836972947e-01, 2.209882516555341514e-01
3.501980085877886562e-01, 2.150413950375736072e-01, 2.143548928574469381e-01, 2.204057035171908541e-01
3.506692964777621269e-01, 2.144197904282927891e-01, 2.150883872560646337e-01, 2.198225258378804226e-01
3.511403044491813175e-01, 2.137978200705518139e-01, 2.158231425739190745e-01, 2.192387329063477941e-01
3.516110228718323238e-01, 2.131754995411670739e-01, 2.165591385164934435e-01, 2.186543390705072698e-01
3.520814421048209519e-01, 2.125528444569009801e-01, 2.172963547020724251e-01, 2.180693587362056984e-01
3.525515524974862092e-01, 2.119298704730916139e-01, 2.180347706634471472e-01, 2.174838063659750576e-01
3.530213443903170156e-01, 2.113065932822728588e-01, 2.187743658496375532e-01, 2.168976964777726002e-01
3.534908081158720794e-01, 2.106830286127866769e-01, 2.195151196276309835e-01, 2.163110436437101769e-01
3.539599339997042127e-01, 2.100591922273857826e-01, 2.202570112841375494e-01, 2.157238624887723721e-01
3.544287123612859247e-01, 2.094350999218284881e-01, 2.210000200273620485e-01, 2.151361676895236774e-01
3.548971335149385120e-01, 2.088107675234653071e-01, 2.217441249887910637e-01, 2.145479739728052282e-01
3.553651877707648121e-01, 2.081862108898178965e-01, 2.224893052249957981e-01, 2.139592961144214656e-01
3.558328654355823462e-01, 2.075614459071506157e-01, 2.232355397194505375e-01, 2.133701489378163341e-01
3.563001568138600139e-01, 2.069364884890345924e-01, 2.239828073843653233e-01, 2.127805473127400981e-01
3.567670522086565099e-01, 2.063113545749047928e-01, 2.247310870625330026e-01, 2.121905061539057225e-01
3.572335419225605713e-01, 2.056860601286110146e-01, 2.254803575291909334e-01, 2.116000404196375362e-01
3.576996162586323358e-01, 2.050606211369621623e-01, 2.262305974938962072e-01, 2.110091651105092669e-01
3.581652655213473646e-01, 2.044350536082642500e-01, 2.269817856024138325e-01, 2.104178952679745529e-01
3.586304800175402208e-01, 2.038093735708533250e-01, 2.277339004386182142e-01, 2.098262459729883234e-01
3.590952500573503237e-01, 2.031835970716222850e-01, 2.284869205264072334e-01, 2.092342323446202135e-01
3.595595659551682477e-01, 2.025577401745429496e-01, 2.292408243316287064e-01, 2.086418695386599853e-01
3.600234180305829090e-01, 2.019318189591834123e-01, 2.299955902640179184e-01, 2.080491727462158158e-01
3.604867966093278087e-01, 2.013058495192204256e-01, 2.307511966791475633e-01, 2.074561571923042580e-01
3.609496920242298290e-01, 2.006798479609477881e-01, 2.315076218803879815e-01, 2.068628381344343736e-01
3.614120946161561432e-01, 2.000538304017812075e-01, 2.322648441208783610e-01, 2.062692308611841774e-01
3.618739947349617347e-01, 1.994278129687590551e-01, 2.330228416055080132e-01, 2.056753506907710860e-01
3.623353827404360294e-01, 1.988018117970397902e-01, 2.337815924929078359e-01, 2.050812129696162889e-01
3.627962490032500265e-01, 1.981758430283971639e-01, 2.345410748974502413e-01, 2.044868330709025128e-01
3.632565839059009871e-01, 1.975499228097120086e-01, 2.353012668912592420e-01, 2.038922263931276513e-01
3.637163778436578454e-01, 1.969240672914620294e-01, 2.360621465062284208e-01, 2.032974083586515934e-01
3.641756212255038982e-01, 1.962982926262096528e-01, 2.368236917360471150e-01, 2.027023944122392507e-01
3.646343044750793294e-01, 1.956726149670880988e-01, 2.375858805382343453e-01, 2.021072000195982266e-01
3.650924180316212353e-01, 1.950470504662860094e-01, 2.383486908361802659e-01, 2.015118406659125450e-01
3.655499523509024296e-01, 1.944216152735311620e-01, 2.391121005211940542e-01, 2.009163318543722987e-01
3.660068979061679717e-01, 1.937963255345737379e-01, 2.398760874545587674e-01, 2.003206891046995786e-01
3.664632451890690312e-01, 1.931711973896683976e-01, 2.406406294695918047e-01, 1.997249279516707110e-01
3.669189847105957525e-01, 1.925462469720573000e-01, 2.414057043737110053e-01, 1.991290639436359144e-01
3.673741070020058452e-01, 1.919214904064525384e-01, 2.421712899505059635e-01, 1.985331126410357638e-01
3.678286026157511213e-01, 1.912969438075195205e-01, 2.429373639618139513e-01, 1.979370896149155179e-01
3.682824621264010889e-01, 1.906726232783615971e-01, 2.437039041498003100e-01, 1.973410104454369762e-01
3.687356761315637166e-01, 1.900485449090050794e-01, 2.444708882390423110e-01, 1.967448907203888930e-01
3.691882352528013111e-01, 1.894247247748865604e-01, 2.452382939386165972e-01, 1.961487460336955591e-01
3.696401301365446201e-01, 1.888011789353416514e-01, 2.460060989441894552e-01, 1.955525919839242455e-01
3.700913514550018824e-01, 1.881779234320963556e-01, 2.467742809401097803e-01, 1.949564441727920927e-01
3.705418899070639926e-01, 1.875549742877602455e-01, 2.475428176015036230e-01, 1.943603182036720556e-01
3.709917362192067247e-01, 1.869323475043236371e-01, 2.483116865963708453e-01, 1.937642296800989317e-01
3.714408811463862370e-01, 1.863100590616563468e-01, 2.490808655876823041e-01, 1.931681942042750566e-01
3.718893154729324690e-01, 1.856881249160116376e-01, 2.498503322354788114e-01, 1.925722273755770819e-01
3.723370300134363209e-01, 1.850665609985325810e-01, 2.506200641989683175e-01, 1.919763447890627805e-01
3.727840156136316696e-01, 1.844453832137633309e-01, 2.513900391386255651e-01, 1.913805620339794067e-01
3.732302631512737223e-01, 1.838246074381643391e-01, 2.521602347182888559e-01, 1.907848946922730826e-01
3.736757635370102637e-01, 1.832042495186331499e-01, 2.529306286072564025e-01, 1.901893583371002394e-01
3.741205077152487402e-01, 1.825843252710287190e-01, 2.537011984823820399e-01, 1.895939685313405010e-01
3.745644866650165716e-01, 1.819648504787031995e-01, 2.544719220301674967e-01, 1.889987408261126767e-01
3.750076914008171336e-01, 1.813458408910373909e-01, 2.552427769488530007e-01, 1.884036907592924470e-01
3.754501129734775233e-01, 1.807273122219833772e-01, 2.560137409505050532e-01, 1.878088338540340740e-01
3.758917424709916077e-01, 1.801092801486132711e-01, 2.567847917631009835e-01, 1.872141856172942487e-01
3.763325710193570206e-01, 1.794917603096742864e-01, 2.575559071326084526e-01, 1.866197615383602959e-01
3.767725897834038884e-01, 1.788747683041508607e-01, 2.583270648250628465e-01, 1.860255770873822934e-01
3.772117899676185049e-01, 1.782583196898342437e-01, 2.590982426286387308e-01, 1.854316477139086317e-01
3.776501628169584568e-01, 1.776424299818989694e-01, 2.598694183557156423e-01, 1.848379888454269315e-01
3.780876996176625870e-01, 1.770271146514878213e-01, 2.606405698449402730e-01, 1.842446158859093741e-01
3.785243916980519652e-01, 1.764123891243043474e-01, 2.614116749632805492e-01, 1.836515442143631660e-01
3.789602304293245294e-01, 1.757982687792141452e-01, 2.621827116080748810e-01, 1.830587891833863612e-01
3.793952072263414022e-01, 1.751847689468546965e-01, 2.629536577090743621e-01, 1.824663661177297058e-01
3.798293135484057670e-01, 1.745719049082536944e-01, 2.637244912304763100e-01, 1.818742903128642008e-01
3.802625409000347512e-01, 1.739596918934575853e-01, 2.644951901729526988e-01, 1.812825770335549924e-01
3.806948808317212052e-01, 1.733481450801686585e-01, 2.652657325756679896e-01, 1.806912415124420912e-01
3.811263249406894316e-01, 1.727372795923925175e-01, 2.660360965182900217e-01, 1.801002989486279737e-01
3.815568648716411992e-01, 1.721271104990952372e-01, 2.668062601229916342e-01, 1.795097645062719016e-01
3.819864923174937088e-01, 1.715176528128711519e-01, 2.675762015564426832e-01, 1.789196533131924283e-01
3.824151990201092310e-01, 1.709089214886212738e-01, 2.683458990317922899e-01, 1.783299804594772886e-01
3.828429767710151976e-01, 1.703009314222417858e-01, 2.691153308106416508e-01, 1.777407609961013379e-01
3.832698174121165202e-01, 1.696936974493250816e-01, 2.698844752050056361e-01, 1.771520099335527898e-01
3.836957128363973069e-01, 1.690872343438707404e-01, 2.706533105792637284e-01, 1.765637422404681689e-01
3.841206549886153621e-01, 1.684815568170088262e-01, 2.714218153520995824e-01, 1.759759728422763403e-01
3.845446358659850850e-01, 1.678766795157352609e-01, 2.721899679984285947e-01, 1.753887166198509762e-01
3.849676475188535951e-01, 1.672726170216585762e-01, 2.729577470513145365e-01, 1.748019884081733200e-01
3.853896820513645904e-01, 1.666693838497597113e-01, 2.737251311038717549e-01, 1.742158029950039433e-01
3.858107316221145999e-01, 1.660669944471638848e-01, 2.744920988111566595e-01, 1.736301751195648280e-01
3.862307884447984119e-01, 1.654654631919258156e-01, 2.752586288920443325e-01, 1.730451194712314955e-01
3.866498447888450651e-01, 1.648648043918270190e-01, 2.760247001310925374e-01, 1.724606506882354895e-01
3.870678929800431822e-01, 1.642650322831878396e-01, 2.767902913803912401e-01, 1.718767833563776826e-01
3.874849254011575872e-01, 1.636661610296913649e-01, 2.775553815613985842e-01, 1.712935320077525192e-01
3.879009344925333780e-01, 1.630682047212221597e-01, 2.783199496667609352e-01, 1.707109111194835271e-01
3.883159127526922272e-01, 1.624711773727184061e-01, 2.790839747621197131e-01, 1.701289351124697646e-01
3.887298527389166369e-01, 1.618750929230381719e-01, 2.798474359879006834e-01, 1.695476183501443412e-01
3.891427470678243683e-01, 1.612799652338401668e-01, 2.806103125610903137e-01, 1.689669751372453177e-01
3.895545884159311023e-01, 1.606858080884787654e-01, 2.813725837769930904e-01, 1.683870197185971251e-01
3.899653695202047743e-01, 1.600926351909137679e-01, 2.821342290109752349e-01, 1.678077662779061952e-01
3.903750831786067521e-01, 1.595004601646352604e-01, 2.828952277201901566e-01, 1.672292289365677476e-01
3.907837222506230224e-01, 1.589092965516032685e-01, 2.836555594452877527e-01, 1.666514217524860120e-01
3.911912796577849960e-01, 1.583191578112023989e-01, 2.844152038121053883e-01, 1.660743587189071613e-01
3.915977483841785456e-01, 1.577300573192126076e-01, 2.851741405333432233e-01, 1.654980537632655124e-01
3.920031214769422734e-01, 1.571420083667950107e-01, 2.859323494102197216e-01, 1.649225207460430498e-01
3.924073920467543442e-01, 1.565550241594931002e-01, 2.866898103341100623e-01, 1.643477734596424933e-01
3.928105532683087708e-01, 1.559691178162508074e-01, 2.874465032881663440e-01, 1.637738256272741333e-01
3.932125983807793768e-01, 1.553843023684456370e-01, 2.882024083489183042e-01, 1.632006909018566265e-01
3.936135206882739324e-01, 1.548005907589383723e-01, 2.889575056878556092e-01, 1.626283828649320584e-01
3.940133135602748582e-01, 1.542179958411393492e-01, 2.897117755729911592e-01, 1.620569150255946611e-01
3.944119704320704911e-01, 1.536365303780907188e-01, 2.904651983704039653e-01, 1.614863008194349081e-01
3.948094848051735273e-01, 1.530562070415651676e-01, 2.912177545457635408e-01, 1.609165536074977643e-01
3.952058502477287516e-01, 1.524770384111823196e-01, 2.919694246658334769e-01, 1.603476866752555352e-01
3.956010603949084437e-01, 1.518990369735407353e-01, 2.927201893999547555e-01, 1.597797132315959823e-01
3.959951089492969589e-01, 1.513222151213675926e-01, 2.934700295215096899e-01, 1.592126464078258419e-01
3.963879896812625425e-01, 1.507465851526852418e-01, 2.942189259093638820e-01, 1.586464992566883614e-01
3.967796964293193174e-01, 1.501721592699948316e-01, 2.949668595492878076e-01, 1.580812847513980157e-01
3.971702231004754502e-01, 1.495989495794772528e-01, 2.957138115353580843e-01, 1.575170157846893237e-01
3.975595636705707148e-01, 1.490269680902114591e-01, 2.964597630713358689e-01, 1.569537051678818462e-01
3.979477121846031196e-01, 1.484562267134101887e-01, 2.972046954720255485e-01, 1.563913656299612265e-01
3.983346627570411580e-01, 1.478867372616729237e-01, 2.979485901646103940e-01, 1.558300098166755521e-01
3.987204095721273989e-01, 1.473185114482571667e-01, 2.986914286899670645e-01, 1.552696502896483977e-01
3.991049468841681991e-01, 1.467515608863665943e-01, 2.994331927039578511e-01, 1.547102995255073832e-01
3.994882690178119811e-01, 1.461858970884571951e-01, 3.001738639787009388e-01, 1.541519699150297740e-01
3.998703703683166299e-01, 1.456215314655616433e-01, 3.009134244038181305e-01, 1.535946737623035130e-01
4.002512454018039012e-01, 1.450584753266308813e-01, 3.016518559876599781e-01, 1.530384232839053782e-01
4.006308886555025039e-01, 1.444967398778937429e-01, 3.023891408585083207e-01, 1.524832306080954047e-01
4.010092947379799710e-01, 1.439363362222351728e-01, 3.031252612657566736e-01, 1.519291077740281826e-01
4.013864583293615396e-01, 1.433772753585913773e-01, 3.038601995810666367e-01, 1.513760667309805019e-01
4.017623741815382621e-01, 1.428195681813637929e-01, 3.045939382995017652e-01, 1.508241193375961520e-01
4.021370371183630721e-01, 1.422632254798511242e-01, 3.053264600406384033e-01, 1.502732773611473727e-01
4.025104420358346924e-01, 1.417082579376986728e-01, 3.060577475496533695e-01, 1.497235524768133486e-01
4.028825839022704969e-01, 1.411546761323666521e-01, 3.067877836983873285e-01, 1.491749562669754392e-01
4.032534577584674373e-01, 1.406024905346164589e-01, 3.075165514863860694e-01, 1.486275002205300899e-01
4.036230587178505358e-01, 1.400517115080143760e-01, 3.082440340419169145e-01, 1.480811957322180628e-01
4.039913819666112738e-01, 1.395023493084545096e-01, 3.089702146229627577e-01, 1.475360541019713756e-01
4.043584227638327699e-01, 1.389544140836989627e-01, 3.096950766181907899e-01, 1.469920865342773664e-01
4.047241764416050769e-01, 1.384079158729363823e-01, 3.104186035478990746e-01, 1.464493041375595495e-01
4.050886384051265998e-01, 1.378628646063590757e-01, 3.111407790649378113e-01, 1.459077179235764021e-01
4.054518041327968558e-01, 1.373192701047577513e-01, 3.118615869556083386e-01, 1.453673388068369710e-01
4.058136691762954107e-01, 1.367771420791341896e-01, 3.125810111405362135e-01, 1.448281776040341307e-01
4.061742291606508792e-01, 1.362364901303327325e-01, 3.132990356755218642e-01, 1.442902450334944964e-01
4.065334797842977688e-01, 1.356973237486891470e-01, 3.140156447523662631e-01, 1.437535517146468766e-01
4.068914168191222758e-01, 1.351596523136975869e-01, 3.147308226996732294e-01, 1.432181081675068524e-01
4.072480361104975910e-01, 1.346234850936959826e-01, 3.154445539836271961e-01, 1.426839248121793413e-01
4.076033335773062150e-01, 1.340888312455686959e-01, 3.161568232087464403e-01, 1.421510119683786766e-01
4.079573052119532806e-01, 1.335556998144674934e-01, 3.168676151186135548e-01, 1.416193798549655603e-01
4.083099470803673858e-01, 1.330240997335504494e-01, 3.175769145965806062e-01, 1.410890385895015864e-01
4.086612553219908239e-01, 1.324940398237380024e-01, 3.182847066664500901e-01, 1.405599981878211391e-01
4.090112261497589330e-01, 1.319655287934875243e-01, 3.189909764931328495e-01, 1.400322685636206377e-01
4.093598558500690654e-01, 1.314385752385849038e-01, 3.196957093832811792e-01, 1.395058595280647684e-01
4.097071407827376777e-01, 1.309131876419541707e-01, 3.203988907858977275e-01, 1.389807807894103409e-01
4.100530773809477614e-01, 1.303893743734842459e-01, 3.211005062929207510e-01, 1.384570419526472418e-01
4.103976621511852829e-01, 1.298671436898733156e-01, 3.218005416397852203e-01, 1.379346525191561534e-01
4.107408916731649096e-01, 1.293465037344906921e-01, 3.224989827059600023e-01, 1.374136218863844794e-01
4.110827625997455215e-01, 1.288274625372554660e-01, 3.231958155154612822e-01, 1.368939593475378691e-01
4.114232716568351211e-01, 1.283100280145330896e-01, 3.238910262373415616e-01, 1.363756740912902277e-01
4.117624156432859728e-01, 1.277942079690482513e-01, 3.245846011861559521e-01, 1.358587752015098515e-01
4.121001914307788616e-01, 1.272800100898152376e-01, 3.252765268224032114e-01, 1.353432716570026062e-01
4.124365959636976386e-01, 1.267674419520850859e-01, 3.259667897529449632e-01, 1.348291723312722845e-01
4.127716262589934959e-01, 1.262565110173093086e-01, 3.266553767313994938e-01, 1.343164859922976184e-01
4.131052794060400823e-01, 1.257472246331205468e-01, 3.273422746585139542e-01, 1.338052213023256387e-01
4.134375525664771844e-01, 1.252395900333297396e-01, 3.280274705825106940e-01, 1.332953868176824097e-01
4.137684429740471348e-01, 1.247336143379396273e-01, 3.287109516994132785e-01, 1.327869909885998623e-01
4.140979479344190084e-01, 1.242293045531747131e-01, 3.293927053533471372e-01, 1.322800421590592246e-01
4.144260648250046586e-01, 1.237266675715273517e-01, 3.300727190368172859e-01, 1.317745485666508010e-01
4.147527910947655938e-01, 1.232257101718197689e-01, 3.307509803909644552e-01, 1.312705183424501543e-01
4.150781242640101953e-01, 1.227264390192825266e-01, 3.314274772057966834e-01, 1.307679595109107473e-01
4.154020619241805545e-01, 1.222288606656482396e-01, 3.321021974203992033e-01, 1.302668799897720997e-01
4.157246017376325375e-01, 1.217329815492612932e-01, 3.327751291231212938e-01, 1.297672875899847644e-01
4.160457414374050811e-01, 1.212388079952033265e-01, 3.334462605517410916e-01, 1.292691900156505425e-01
4.163654788269808837e-01, 1.207463462154332451e-01, 3.341155800936068676e-01, 1.287725948639788509e-01
4.166838117800392149e-01, 1.202556023089438320e-01, 3.347830762857578191e-01, 1.282775096252590508e-01
4.170007382401988427e-01, 1.197665822619322779e-01, 3.354487378150213250e-01, 1.277839416828475960e-01
4.173162562207533011e-01, 1.192792919479862684e-01, 3.361125535180888857e-01, 1.272918983131716697e-01
4.176303638043974975e-01, 1.187937371282849763e-01, 3.367745123815702457e-01, 1.268013866857473360e-01
4.179430591429458830e-01, 1.183099234518144305e-01, 3.374346035420259793e-01, 1.263124138632135685e-01
4.182543404570427392e-01, 1.178278564555976099e-01, 3.380928162859787034e-01, 1.258249868013808503e-01
4.185642060358640837e-01, 1.173475415649384845e-01, 3.387491400499021421e-01, 1.253391123492952897e-01
4.188726542368114147e-01, 1.168689840936811275e-01, 3.394035644201904289e-01, 1.248547972493169872e-01
4.191796834851985176e-01, 1.163921892444818584e-01, 3.400560791331054822e-01, 1.243720481372141279e-01
4.194852922739296663e-01, 1.159171621090959448e-01, 3.407066740747041189e-01, 1.238908715422703394e-01
4.197894791631708866e-01, 1.154439076686776949e-01, 3.413553392807439080e-01, 1.234112738874075382e-01
4.200922427800130032e-01, 1.149724307940941520e-01, 3.420020649365698162e-01, 1.229332614893230147e-01
4.203935818181284145e-01, 1.145027362462521792e-01, 3.426468413769797050e-01, 1.224568405586398401e-01
4.206934950374195403e-01, 1.140348286764387570e-01, 3.432896590860693986e-01, 1.219820172000723318e-01
4.209919812636611081e-01, 1.135687126266742564e-01, 3.439305086970595449e-01, 1.215087974126049797e-01
4.212890393881350559e-01, 1.131043925300785069e-01, 3.445693809921015482e-01, 1.210371870896848612e-01
4.215846683672583306e-01, 1.126418727112495910e-01, 3.452062669020640184e-01, 1.205671920194279767e-01
4.218788672222049119e-01, 1.121811573866551837e-01, 3.458411575063009002e-01, 1.200988178848390736e-01
4.221716350385197880e-01, 1.117222506650360214e-01, 3.464740440323998971e-01, 1.196320702640441547e-01
4.224629709657284904e-01, 1.112651565478217086e-01, 3.471049178559125759e-01, 1.191669546305371141e-01
4.227528742169383014e-01, 1.108098789295582365e-01, 3.477337705000651535e-01, 1.187034763534382947e-01
4.230413440684344661e-01, 1.103564215983474650e-01, 3.483605936354515764e-01, 1.182416406977663120e-01
4.233283798592704650e-01, 1.099047882362981371e-01, 3.489853790797086686e-01, 1.177814528247227710e-01
4.236139809908508469e-01, 1.094549824199880506e-01, 3.496081187971721294e-01, 1.173229177919889177e-01
4.238981469265108437e-01, 1.090070076209376793e-01, 3.502288048985165991e-01, 1.168660405540348779e-01
4.241808771910877685e-01, 1.085608672060948132e-01, 3.508474296403764070e-01, 1.164108259624410946e-01
4.244621713704881394e-01, 1.081165644383298430e-01, 3.514639854249504425e-01, 1.159572787662315890e-01
4.247420291112496971e-01, 1.076741024769418131e-01, 3.520784647995894856e-01, 1.155054036122189765e-01
4.250204501200972040e-01, 1.072334843781748009e-01, 3.526908604563665506e-01, 1.150552050453614583e-01
4.252974341634936373e-01, 1.067947130957446200e-01, 3.533011652316310758e-01, 1.146066875091306808e-01
4.255729810671864399e-01, 1.063577914813755992e-01, 3.539093721055465158e-01, 1.141598553458915005e-01
4.258470907157483887e-01, 1.059227222853472428e-01, 3.545154742016119465e-01, 1.137147127972924360e-01
4.261197630521145752e-01, 1.054895081570503268e-01, 3.551194647861679043e-01, 1.132712640046671798e-01
4.263909980771138364e-01, 1.050581516455528774e-01, 3.557213372678861840e-01, 1.128295130094470050e-01
4.266607958489960772e-01, 1.046286552001751413e-01, 3.563210851972453130e-01, 1.123894637535835656e-01
4.269291564829552077e-01, 1.042010211710735906e-01, 3.569187022659890962e-01, 1.119511200799819944e-01
4.271960801506484162e-01, 1.037752518098341847e-01, 3.575141823065727253e-01, 1.115144857329447847e-01
4.274615670797095590e-01, 1.033513492700739583e-01, 3.581075192915914585e-01, 1.110795643586249964e-01
4.277256175532611615e-01, 1.029293156080512694e-01, 3.586987073331976417e-01, 1.106463595054898996e-01
4.279882319094200360e-01, 1.025091527832845822e-01, 3.592877406825012998e-01, 1.102148746247939431e-01
4.282494105408010676e-01, 1.020908626591788132e-01, 3.598746137289584035e-01, 1.097851130710616185e-01
4.285091538940160594e-01, 1.016744470036602954e-01, 3.604593209997445924e-01, 1.093570781025789973e-01
4.287674624691699132e-01, 1.012599074898189178e-01, 3.610418571591158532e-01, 1.089307728818952881e-01
4.290243368193531470e-01, 1.008472456965581188e-01, 3.616222170077560416e-01, 1.085062004763327481e-01
4.292797775501311919e-01, 1.004364631092521526e-01, 3.622003954821112481e-01, 1.080833638585053658e-01
4.295337853190308031e-01, 1.000275611204105158e-01, 3.627763876537119514e-01, 1.076622659068466881e-01
4.297863608350228071e-01, 9.962054103034942432e-02, 3.633501887284822374e-01, 1.072429094061455868e-01
4.300375048580029058e-01, 9.921540404786959033e-02, 3.639217940460372502e-01, 1.068252970480901981e-01
4.302872181982694277e-01, 9.881215129094159111e-02, 3.644911990789684864e-01, 1.064094314318206058e-01
4.305355017159975817e-01, 9.841078378739653854e-02, 3.650583994321174308e-01, 1.059953150644884351e-01
4.307823563207127671e-01, 9.801130247562370168e-02, 3.656233908418383693e-01, 1.055829503618251203e-01
4.310277829707601649e-01, 9.761370820527370817e-02, 3.661861691752491543e-01, 1.051723396487170004e-01
4.312717826727728299e-01, 9.721800173796800448e-02, 3.667467304294710351e-01, 1.047634851597880196e-01
4.315143564811375620e-01, 9.682418374801328442e-02, 3.673050707308593843e-01, 1.043563890399896582e-01
4.317555054974580031e-01, 9.643225482312239860e-02, 3.678611863342218791e-01, 1.039510533451977747e-01
4.319952308700168442e-01, 9.604221546513937169e-02, 3.684150736220275779e-01, 1.035474800428161507e-01
4.322335337932357580e-01, 9.565406609077051203e-02, 3.689667291036067276e-01, 1.031456710123868775e-01
4.324704155071337208e-01, 9.526780703231980951e-02, 3.695161494143393011e-01, 1.027456280462070992e-01
4.327058772967831146e-01, 9.488343853842921838e-02, 3.700633313148357639e-01, 1.023473528499518337e-01
4.329399204917659394e-01, 9.450096077482354751e-02, 3.706082716901070162e-01, 1.019508470433033859e-01
4.331725464656270286e-01, 9.412037382505974992e-02, 3.711509675487270621e-01, 1.015561121605861455e-01
4.334037566353265425e-01, 9.374167769128029237e-02, 3.716914160219856877e-01, 1.011631496514073664e-01
4.336335524606923508e-01, 9.336487229497049400e-02, 3.722296143630335341e-01, 1.007719608813037043e-01
4.338619354438693621e-01, 9.298995747771987563e-02, 3.727655599460179547e-01, 1.003825471323927659e-01
4.340889071287701850e-01, 9.261693300198699241e-02, 3.732992502652126010e-01, 9.999490960403019379e-02
4.343144691005231262e-01, 9.224579855186786082e-02, 3.738306829341373483e-01, 9.960904941347170638e-02
4.345386229849205750e-01, 9.187655373386748037e-02, 3.743598556846720049e-01, 9.922496759654002296e-02
4.347613704478660579e-01, 9.150919807767503300e-02, 3.748867663661623606e-01, 9.884266510829645136e-02
4.349827131948221237e-01, 9.114373103694135836e-02, 3.754114129445194625e-01, 9.846214282371719417e-02
4.352026529702551216e-01, 9.078015199005964875e-02, 3.759337935013112864e-01, 9.808340153837381836e-02
4.354211915570838087e-01, 9.041846024094871148e-02, 3.764539062328493557e-01, 9.770644196911805468e-02
4.356383307761231838e-01, 9.005865501983864596e-02, 3.769717494492674237e-01, 9.733126475477067718e-02
4.358540724855314297e-01, 8.970073548405893549e-02, 3.774873215735953247e-01, 9.695787045681428240e-02
4.360684185802559121e-01, 8.934470071882855136e-02, 3.780006211408259431e-01, 9.658625956008956570e-02
4.362813709914785676e-01, 8.899054973804813862e-02, 3.785116467969779075e-01, 9.621643247349545569e-02
4.364929316860623465e-01, 8.863828148509390881e-02, 3.790203972981512348e-01, 9.584838953069257927e-02
4.367031026659979331e-01, 8.828789483361337842e-02, 3.795268715095790335e-01, 9.548213099080975208e-02
4.369118859678499667e-01, 8.793938858832243965e-02, 3.800310684046737109e-01, 9.511765703915377179e-02
4.371192836622047051e-01, 8.759276148580406873e-02, 3.805329870640689061e-01, 9.475496778792225072e-02
4.373252978531173008e-01, 8.724801219530782526e-02, 3.810326266746560941e-01, 9.439406327691872434e-02
4.375299306775605190e-01, 8.690513931955076710e-02, 3.815299865286176373e-01, 9.403494347427103495e-02
4.377331843048737348e-01, 8.656414139551915632e-02, 3.820250660224554506e-01, 9.367760827715167216e-02
4.379350609362127611e-01, 8.622501689527081736e-02, 3.825178646560158935e-01, 9.332205751250056969e-02
4.381355628040004557e-01, 8.588776422673832789e-02, 3.830083820315108856e-01, 9.296829093775033082e-02
4.383346921713786037e-01, 8.555238173453265371e-02, 3.834966178525356928e-01, 9.261630824155303587e-02
4.385324513316605222e-01, 8.521886770074682538e-02, 3.839825719230834933e-01, 9.226610904450925632e-02
4.387288426077847192e-01, 8.488722034576018372e-02, 3.844662441465563907e-01, 9.191769289989873415e-02
4.389238683517704964e-01, 8.455743782904261152e-02, 3.849476345247746512e-01, 9.157105929441236580e-02
4.391175309441733843e-01, 8.422951824995823789e-02, 3.854267431569823876e-01, 9.122620764888612899e-02
4.393098327935434089e-01, 8.390345964856980865e-02, 3.859035702388508016e-01, 9.088313731903603643e-02
4.395007763358838027e-01, 8.357926000644186337e-02, 3.863781160614802590e-01, 9.054184759619400558e-02
4.396903640341118802e-01, 8.325691724744389843e-02, 3.868503810103989249e-01, 9.020233770804539364e-02
4.398785983775202468e-01, 8.293642923855276683e-02, 3.873203655645601207e-01, 8.986460681936669914e-02
4.400654818812420599e-01, 8.261779379065455065e-02, 3.877880702953387937e-01, 8.952865403276470679e-02
4.402510170857144578e-01, 8.230100865934515675e-02, 3.882534958655245449e-01, 8.919447838941567397e-02
4.404352065561474294e-01, 8.198607154573053779e-02, 3.887166430283164331e-01, 8.886207886980553028e-02
4.406180528819916842e-01, 8.167298009722526175e-02, 3.891775126263130602e-01, 8.853145439447009102e-02
4.407995586764101303e-01, 8.136173190835027658e-02, 3.896361055905043225e-01, 8.820260382473542327e-02
4.409797265757501306e-01, 8.105232452152906497e-02, 3.900924229392617182e-01, 8.787552596345903078e-02
4.411585592390193655e-01, 8.074475542788250859e-02, 3.905464657773281001e-01, 8.755021955577015069e-02
4.413360593473611426e-01, 8.043902206802214239e-02, 3.909982352948062068e-01, 8.722668328981042496e-02
4.415122296035349780e-01, 8.013512183284193791e-02, 3.914477327661486927e-01, 8.690491579747439133e-02
4.416870727313970679e-01, 7.983305206430785228e-02, 3.918949595491458826e-01, 8.658491565514928046e-02
4.418605914753834796e-01, 7.953281005624597555e-02, 3.923399170839159678e-01, 8.626668138445446610e-02
4.420327885999968953e-01, 7.923439305512861019e-02, 3.927826068918940927e-01, 8.595021145298065157e-02
4.422036668892933564e-01, 7.893779826085771389e-02, 3.932230305748212196e-01, 8.563550427502783502e-02
4.423732291463741695e-01, 7.864302282754719042e-02, 3.936611898137359344e-01, 8.532255821234276116e-02
4.425414781928781460e-01, 7.835006386430190539e-02, 3.940970863679644776e-01, 8.501137157485551266e-02
4.427084168684768950e-01, 7.805891843599484237e-02, 3.945307220741135490e-01, 8.470194262141489405e-02
4.428740480303733906e-01, 7.776958356404162220e-02, 3.949620988450624481e-01, 8.439426956052252515e-02
4.430383745528026496e-01, 7.748205622717252439e-02, 3.953912186689584329e-01, 8.408835055106630985e-02
4.432013993265340179e-01, 7.719633336220178832e-02, 3.958180836082121901e-01, 8.378418370305200369e-02
4.433631252583785098e-01, 7.691241186479418068e-02, 3.962426957984940268e-01, 8.348176707833336596e-02
4.435235552706963125e-01, 7.663028859022869010e-02, 3.966650574477337265e-01, 8.318109869134114598e-02
4.436826923009092316e-01, 7.634996035415950177e-02, 3.970851708351209597e-01, 8.288217650981020979e-02
4.438405393010143030e-01, 7.607142393337353037e-02, 3.975030383101072484e-01, 8.258499845550473784e-02
4.439970992371014002e-01, 7.579467606654533007e-02, 3.979186622914113181e-01, 8.228956240494197938e-02
4.441523750888723976e-01, 7.551971345498849353e-02, 3.983320452660250033e-01, 8.199586619011399458e-02
4.443063698491654945e-01, 7.524653276340416419e-02, 3.987431897882231513e-01, 8.170390759920716228e-02
4.444590865234800958e-01, 7.497513062062587108e-02, 3.991520984785743020e-01, 8.141368437731985597e-02
4.446105281295058553e-01, 7.470550362036099123e-02, 3.995587740229553098e-01, 8.112519422717778816e-02
4.447606976966551606e-01, 7.443764832192918679e-02, 3.999632191715684071e-01, 8.083843480984734264e-02
4.449095982655976167e-01, 7.417156125099659547e-02, 4.003654367379596568e-01, 8.055340374544608939e-02
4.450572328877984707e-01, 7.390723890030714838e-02, 4.007654295980427328e-01, 8.027009861385164813e-02
4.452036046250597012e-01, 7.364467773040965504e-02, 4.011632006891236446e-01, 7.998851695540709628e-02
4.453487165490643274e-01, 7.338387417038146066e-02, 4.015587530089296808e-01, 7.970865627162457279e-02
4.454925717409244923e-01, 7.312482461854812044e-02, 4.019520896146416278e-01, 7.943051402588589827e-02
4.456351732907312679e-01, 7.286752544319945180e-02, 4.023432136219287081e-01, 7.915408764414048892e-02
4.457765242971099551e-01, 7.261197298330125671e-02, 4.027321282039880712e-01, 7.887937451560059210e-02
4.459166278667763272e-01, 7.235816354920363014e-02, 4.031188365905865045e-01, 7.860637199343352421e-02
4.460554871140975930e-01, 7.210609342334467486e-02, 4.035033420671067517e-01, 7.833507739545099435e-02
4.461931051606561893e-01, 7.185575886095053877e-02, 4.038856479735978278e-01, 7.806548800479552741e-02
4.463294851348170722e-01, 7.160715609073101118e-02, 4.042657577038283323e-01, 7.779760107062366759e-02
4.464646301712983378e-01, 7.136028131557120568e-02, 4.046436747043444804e-01, 7.753141380878617039e-02
4.465985434107443419e-01, 7.111513071321864943e-02, 4.050194024735317977e-01, 7.726692340250504443e-02
4.467312279993045920e-01, 7.087170043696663924e-02, 4.053929445606815340e-01, 7.700412700304719305e-02
4.468626870882126401e-01, 7.062998661633254627e-02, 4.057643045650599634e-01, 7.674302173039473929e-02
4.469929238333713584e-01, 7.038998535773231813e-02, 4.061334861349841230e-01, 7.648360467391232542e-02
4.471219413949396593e-01, 7.015169274515033193e-02, 4.065004929668997735e-01, 7.622587289301027691e-02
4.472497429369243771e-01, 6.991510484080470933e-02, 4.068653288044657423e-01, 7.596982341780525450e-02
4.473763316267739265e-01, 6.968021768580837105e-02, 4.072279974376413203e-01, 7.571545324977647928e-02
4.475017106349762908e-01, 6.944702730082526199e-02, 4.075885027017794870e-01, 7.546275936241894633e-02
4.476258831346610068e-01, 6.921552968672224637e-02, 4.079468484767240222e-01, 7.521173870189275246e-02
4.477488523012033705e-01, 6.898572082521625681e-02, 4.083030386859116123e-01, 7.496238818766889911e-02
4.478706213118328061e-01, 6.875759667951679421e-02, 4.086570772954791764e-01, 7.471470471317112616e-02
4.479911933452453421e-01, 6.853115319496373703e-02, 4.090089683133765752e-01, 7.446868514641431791e-02
4.481105715812183643e-01, 6.830638629966068187e-02, 4.093587157884820971e-01, 7.422432633063888452e-02
4.482287592002299759e-01, 6.808329190510313544e-02, 4.097063238097256588e-01, 7.398162508494129930e-02
4.483457593830810217e-01, 6.786186590680236275e-02, 4.100517965052158931e-01, 7.374057820490077797e-02
4.484615753105215541e-01, 6.764210418490405885e-02, 4.103951380413723982e-01, 7.350118246320200277e-02
4.485762101628800735e-01, 6.742400260480255203e-02, 4.107363526220633720e-01, 7.326343461025403014e-02
4.486896671196966002e-01, 6.720755701774987212e-02, 4.110754444877485758e-01, 7.302733137480491021e-02
4.488019493593593534e-01, 6.699276326146022531e-02, 4.114124179146277371e-01, 7.279286946455253149e-02
4.489130600587450393e-01, 6.677961716070938969e-02, 4.117472772137942827e-01, 7.256004556675126060e-02
4.490230023928621361e-01, 6.656811452792930905e-02, 4.120800267303939557e-01, 7.232885634881448811e-02
4.491317795344987873e-01, 6.635825116379774624e-02, 4.124106708427903722e-01, 7.209929845891305256e-02
4.492393946538730809e-01, 6.615002285782298208e-02, 4.127392139617343525e-01, 7.187136852656947350e-02
4.493458509182878258e-01, 6.594342538892355998e-02, 4.130656605295403572e-01, 7.164506316324820157e-02
4.494511514917879924e-01, 6.573845452600315942e-02, 4.133900150192676426e-01, 7.142037896294120558e-02
4.495552995348226499e-01, 6.553510602852040401e-02, 4.137122819339070223e-01, 7.119731250274985435e-02
4.496582982039097898e-01, 6.533337564705360423e-02, 4.140324658055745122e-01, 7.097586034346205219e-02
4.497601506513049241e-01, 6.513325912386080940e-02, 4.143505711947089720e-01, 7.075601903012537774e-02
4.498608600246727374e-01, 6.493475219343433635e-02, 4.146666026892770751e-01, 7.053778509261582341e-02
4.499604294667636228e-01, 6.473785058305082940e-02, 4.149805649039831623e-01, 7.032115504620228830e-02
4.500588621150919955e-01, 6.454255001331603292e-02, 4.152924624794854802e-01, 7.010612539210649141e-02
4.501561611016191566e-01, 6.434884619870438749e-02, 4.156023000816176372e-01, 6.989269261805880484e-02
4.502523295524396563e-01, 6.415673484809390759e-02, 4.159100824006169983e-01, 6.968085319884939621e-02
4.503473705874709854e-01, 6.396621166529582736e-02, 4.162158141503580766e-01, 6.947060359687524944e-02
4.504412873201462664e-01, 6.377727234957919489e-02, 4.165195000675919190e-01, 6.926194026268263360e-02
4.505340828571116618e-01, 6.358991259619051206e-02, 4.168211449111924871e-01, 6.905485963550520023e-02
4.506257602979261701e-01, 6.340412809686839235e-02, 4.171207534614078671e-01, 6.884935814379754271e-02
4.507163227347647516e-01, 6.321991454035286173e-02, 4.174183305191180859e-01, 6.864543220576432847e-02
4.508057732521262295e-01, 6.303726761288999669e-02, 4.177138809050987556e-01, 6.844307822988497658e-02
4.508941149265436876e-01, 6.285618299873139969e-02, 4.180074094592909351e-01, 6.824229261543401925e-02
4.509813508262976445e-01, 6.267665638062822064e-02, 4.182989210400772651e-01, 6.804307175299667554e-02
4.510674840111348338e-01, 6.249868344032110529e-02, 4.185884205235637645e-01, 6.784541202498030332e-02
4.511525175319874292e-01, 6.232225985902405119e-02, 4.188759128028676781e-01, 6.764930980612082756e-02
4.512364544306985414e-01, 6.214738131790385062e-02, 4.191614027874122073e-01, 6.745476146398540762e-02
4.513192977397492145e-01, 6.197404349855453742e-02, 4.194448954022264031e-01, 6.726176335946976170e-02
4.514010504819899738e-01, 6.180224208346649789e-02, 4.197263955872518326e-01, 6.707031184729173034e-02
4.514817156703742063e-01, 6.163197275649067580e-02, 4.200059082966553503e-01, 6.688040327647981620e-02
4.515612963076968689e-01, 6.146323120329813539e-02, 4.202834384981475879e-01, 6.669203399085749107e-02
4.516397953863350301e-01, 6.129601311183412171e-02, 4.205589911723079388e-01, 6.650520032952279836e-02
4.517172158879925736e-01, 6.113031417276762469e-02, 4.208325713119161482e-01, 6.631989862732373675e-02
4.517935607834471790e-01, 6.096613007993550992e-02, 4.211041839212887883e-01, 6.613612521532856448e-02
4.518688330323023528e-01, 6.080345653078211843e-02, 4.213738340156232831e-01, 6.595387642129227346e-02
4.519430355827409040e-01, 6.064228922679370387e-02, 4.216415266203471512e-01, 6.577314857011817839e-02
4.520161713712827489e-01, 6.048262387392806111e-02, 4.219072667704743540e-01, 6.559393798431496780e-02
4.520882433225453245e-01, 6.032445618303910323e-02, 4.221710595099661401e-01, 6.541624098444936974e-02
4.521592543490083327e-01, 6.016778187029676178e-02, 4.224329098911006053e-01, 6.524005388959429330e-02
4.522292073507800936e-01, 6.001259665760178691e-02, 4.226928229738455833e-01, 6.506537301777251536e-02
4.522981052153685066e-01, 5.985889627299581517e-02, 4.229508038252398627e-01, 6.489219468639573218e-02
4.523659508174544541e-01, 5.970667645106655930e-02, 4.232068575187795112e-01, 6.472051521269940599e-02
4.524327470186685352e-01, 5.955593293334825178e-02, 4.234609891338104171e-01, 6.455033091417286539e-02
4.524984966673704645e-01, 5.940666146871707853e-02, 4.237132037549274366e-01, 6.438163810898503425e-02
4.525632025984331341e-01, 5.925885781378208150e-02, 4.239635064713790924e-01, 6.421443311640570584e-02
4.526268676330275631e-01, 5.911251773327112075e-02, 4.242119023764786556e-01, 6.404871225722252870e-02
4.526894945784131208e-01, 5.896763700041201400e-02, 4.244583965670215564e-01, 6.388447185415330187e-02
4.527510862277285830e-01, 5.882421139730920762e-02, 4.247029941427081789e-01, 6.372170823225395409e-02
4.528116453597884061e-01, 5.868223671531556940e-02, 4.249457002055737065e-01, 6.356041771932222084e-02
4.528711747388809439e-01, 5.854170875539941449e-02, 4.251865198594230177e-01, 6.340059664629663083e-02
