6.716621459970642527e-02, 5.677069653710933306e-01, 6.967589307478316840e-02, 2.954509269544170480e-01
6.724079455817819073e-02, 5.669188486171149455e-01, 6.976852753031655141e-02, 2.960718292943902430e-01
6.731650463982764843e-02, 5.661278246824356097e-01, 6.986240358195935918e-02, 2.966932670957774798e-01
6.739334557300681594e-02, 5.653339040040733510e-01, 6.995752246063496882e-02, 2.973152279622848226e-01
6.747131808240428019e-02, 5.645370970828351709e-01, 7.005388539384087287e-02, 2.979376994409196899e-01
6.755042288885540480e-02, 5.637374144835970435e-01, 7.015149360543265766e-02, 2.985606690221149218e-01
6.763066070915123296e-02, 5.629348668355825813e-01, 7.025034831540755142e-02, 2.991841241398586204e-01
6.771203225584671026e-02, 5.621294648326364829e-01, 7.035045073968611284e-02, 2.998080521718305413e-01
6.779453823706776960e-02, 5.613212192334955386e-01, 7.045180208989305914e-02, 3.004324404395435910e-01
6.787817935631758337e-02, 5.605101408620544179e-01, 7.055440357313683131e-02, 3.010572762084912091e-01
6.796295631228184420e-02, 5.596962406076292362e-01, 7.065825639178788253e-02, 3.016825466883009121e-01
6.804886979863304652e-02, 5.588795294252166812e-01, 7.076336174325580097e-02, 3.023082390328942770e-01
6.813592050383429632e-02, 5.580600183357485866e-01, 7.086972081976553040e-02, 3.029343403406517532e-01
6.822410911094159425e-02, 5.572377184263427319e-01, 7.097733480813187001e-02, 3.035608376545837483e-01
6.831343629740602164e-02, 5.564126408505506438e-01, 7.108620488953362737e-02, 3.041877179625096517e-01
6.840390273487451100e-02, 5.555847968285999583e-01, 7.119633223928606425e-02, 3.048149681972395775e-01
6.849550908899000590e-02, 5.547541976476323411e-01, 7.130771802661246828e-02, 3.054425752367652125e-01
6.858825601919095460e-02, 5.539208546619388551e-01, 7.142036341441479474e-02, 3.060705259044554372e-01
6.868214417850986020e-02, 5.530847792931886664e-01, 7.153426955904299001e-02, 3.066988069692584973e-01
6.877717421337113668e-02, 5.522459830306553075e-01, 7.164943761006355161e-02, 3.073274051459099487e-01
6.887334676338831285e-02, 5.514044774314369457e-01, 7.176586871002683943e-02, 3.079563070951478188e-01
6.897066246116027866e-02, 5.505602741206732098e-01, 7.188356399423367904e-02, 3.085854994239329852e-01
6.906912193206712902e-02, 5.497133847917555771e-01, 7.200252459050061893e-02, 3.092149686856767721e-01
6.916872579406510568e-02, 5.488638212065357624e-01, 7.212275161892471587e-02, 3.098447013804743744e-01
6.926947465748106714e-02, 5.480115951955271125e-01, 7.224424619164694639e-02, 3.104746839553448323e-01
6.937136912480607043e-02, 5.471567186581012265e-01, 7.236700941261491049e-02, 3.111049028044778897e-01
6.947440979048864762e-02, 5.462992035626806908e-01, 7.249104237734471656e-02, 3.117353442694857923e-01
6.957859724072726348e-02, 5.454390619469268175e-01, 7.261634617268192260e-02, 3.123659946396641907e-01
6.968393205326207929e-02, 5.445763059179199450e-01, 7.274292187656135333e-02, 3.129968401522565946e-01
6.979041479716661944e-02, 5.437109476523385165e-01, 7.287077055776687573e-02, 3.136278669927280993e-01
6.989804603263835570e-02, 5.428429993966293887e-01, 7.299989327568928710e-02, 3.142590612950429407e-01
7.000682631078919416e-02, 5.419724734671746980e-01, 7.313029108008441137e-02, 3.148904091419517659e-01
7.011675617343526845e-02, 5.410993822504525097e-01, 7.326196501082973822e-02, 3.155218965652824559e-01
7.022783615288621939e-02, 5.402237382031934709e-01, 7.339491609768078462e-02, 3.161535095462396083e-01
7.034006677173411382e-02, 5.393455538525293580e-01, 7.352914536002640167e-02, 3.167852340157101820e-01
7.045344854264196099e-02, 5.384648417961388489e-01, 7.366465380664362350e-02, 3.174170558545755805e-01
7.056798196813181268e-02, 5.375816147023860792e-01, 7.380144243545182225e-02, 3.180489608940303414e-01
7.068366754037225252e-02, 5.366958853104534244e-01, 7.393951223326593325e-02, 3.186809349159084870e-01
7.080050574096591331e-02, 5.358076664304695091e-01, 7.407886417554943037e-02, 3.193129636530153137e-01
7.091849704073631411e-02, 5.349169709436302211e-01, 7.421949922616656592e-02, 3.199450327894668988e-01
7.103764189951455865e-02, 5.340238118023150626e-01, 7.436141833713391658e-02, 3.205771279610364899e-01
7.115794076592560358e-02, 5.331282020301965074e-01, 7.450462244837156855e-02, 3.212092347555062788e-01
7.127939407717451270e-02, 5.322301547223433626e-01, 7.464911248745356720e-02, 3.218413387130286685e-01
7.140200225883198970e-02, 5.313296830453189123e-01, 7.479488936935800580e-02, 3.224734253264910921e-01
7.152576572462039650e-02, 5.304268002372724000e-01, 7.494195399621665643e-02, 3.231054800418905470e-01
7.165068487619871695e-02, 5.295215196080235165e-01, 7.509030725706399012e-02, 3.237374882587137903e-01
7.177676010294797848e-02, 5.286138545391422250e-01, 7.523995002758594730e-02, 3.243694353303238631e-01
7.190399178175632677e-02, 5.277038184840211477e-01, 7.539088316986822247e-02, 3.250013065643542753e-01
7.203238027680393396e-02, 5.267914249679411798e-01, 7.554310753214410479e-02, 3.256330872231107953e-01
7.216192593934774024e-02, 5.258766875881318859e-01, 7.569662394854198562e-02, 3.262647625239782356e-01
7.229262910750636206e-02, 5.249596200138244573e-01, 7.585143323883282440e-02, 3.268963176398363424e-01
7.242449010604455617e-02, 5.240402359862985637e-01, 7.600753620817674028e-02, 3.275277376994801815e-01
7.255750924615796127e-02, 5.231185493189214331e-01, 7.616493364687000611e-02, 3.281590077880505718e-01
7.269168682525783964e-02, 5.221945738971827122e-01, 7.632362633009109887e-02, 3.287901129474682382e-01
7.282702312675556899e-02, 5.212683236787197805e-01, 7.648361501764722181e-02, 3.294210381768774565e-01
7.296351841984752284e-02, 5.203398126933372891e-01, 7.664490045372003568e-02, 3.300517684330951940e-01
7.310117295929959014e-02, 5.194090550430210396e-01, 7.680748336661169517e-02, 3.306822886310677445e-01
7.323998698523224993e-02, 5.184760649019429790e-01, 7.697136446849027480e-02, 3.313125836443344685e-01
7.337996072290541016e-02, 5.175408565164607566e-01, 7.713654445513574986e-02, 3.319426383054981389e-01
7.352109438250369056e-02, 5.166034442051088416e-01, 7.730302400568503374e-02, 3.325724374067023925e-01
7.366338815892152503e-02, 5.156638423585840902e-01, 7.747080378237775067e-02, 3.332019657001166757e-01
7.380684223154893031e-02, 5.147220654397227646e-01, 7.763988443030152287e-02, 3.338312078984267406e-01
7.395145676405680268e-02, 5.137781279834713333e-01, 7.781026657713745187e-02, 3.344601486753343011e-01
7.409723190418339434e-02, 5.128320445968498342e-01, 7.798195083290548890e-02, 3.350887726660612964e-01
7.424416778352004032e-02, 5.118838299589067997e-01, 7.815493778971011052e-02, 3.357170644678630911e-01
7.439226451729820389e-02, 5.109334988206689632e-01, 7.832922802148575836e-02, 3.363450086405470607e-01
7.454152220417605001e-02, 5.099810660050816402e-01, 7.850482208374265358e-02, 3.369725897069996146e-01
7.469194092602583768e-02, 5.090265464069430035e-01, 7.868172051331266681e-02, 3.375997921537184920e-01
7.484352074772139540e-02, 5.080699549928296976e-01, 7.885992382809539625e-02, 3.382266004313534968e-01
7.499626171692637400e-02, 5.071113068010155711e-01, 7.903943252680442622e-02, 3.388529989552535593e-01
7.515016386388256864e-02, 5.061506169413831913e-01, 7.922024708871389098e-02, 3.394789721060204046e-01
7.530522720119886548e-02, 5.051879005953268109e-01, 7.940236797340509411e-02, 3.401045042300692156e-01
7.546145172364095155e-02, 5.042231730156482294e-01, 7.958579562051383560e-02, 3.407295796401969001e-01
7.561883740792103847e-02, 5.032564495264452153e-01, 7.977053044947762794e-02, 3.413541826161561321e-01
7.577738421248840506e-02, 5.022877455229909360e-01, 7.995657285928356450e-02, 3.419782974052371638e-01
7.593709207732064759e-02, 5.013170764716071703e-01, 8.014392322821652093e-02, 3.426019082228556334e-01
7.609796092371531873e-02, 5.003444579095288614e-01, 8.033258191360778677e-02, 3.432249992531481442e-01
7.625999065408224642e-02, 4.993699054447601759e-01, 8.052254925158387755e-02, 3.438475546495736168e-01
7.642318115173681037e-02, 4.983934347559244582e-01, 8.071382555681649862e-02, 3.444695585355222467e-01
7.658753228069337116e-02, 4.974150615921039131e-01, 8.090641112227220377e-02, 3.450909950049305119e-01
7.675304388545982348e-02, 4.964348017726731288e-01, 8.110030621896327507e-02, 3.457118481229037310e-01
7.691971579083284327e-02, 4.954526711871239386e-01, 8.129551109569892187e-02, 3.463321019263442269e-01
7.708754780169389809e-02, 4.944686857948816794e-01, 8.149202597883695165e-02, 3.469517404245873182e-01
7.725653970280595140e-02, 4.934828616251148992e-01, 8.168985107203632912e-02, 3.475707476000429175e-01
7.742669125861113832e-02, 4.924952147765340182e-01, 8.188898655601033194e-02, 3.481891074088445115e-01
7.759800221302935730e-02, 4.915057614171858269e-01, 8.208943258828046985e-02, 3.488068037815043598e-01
7.777047228925751399e-02, 4.905145177842363813e-01, 8.229118930293093104e-02, 3.494238206235751876e-01
7.794410118957001421e-02, 4.895215001837471269e-01, 8.249425681036420821e-02, 3.500401418163186507e-01
7.811888859511995076e-02, 4.885267249904428066e-01, 8.269863519705716870e-02, 3.506557512173800739e-01
7.829483416574138654e-02, 4.875302086474707641e-01, 8.290432452531799890e-02, 3.512706326614697394e-01
7.847193753975278963e-02, 4.865319676661523651e-01, 8.311132483304436991e-02, 3.518847699610503921e-01
7.865019833376120373e-02, 4.855320186257252590e-01, 8.331963613348204734e-02, 3.524981469070315176e-01
7.882961614246759841e-02, 4.845303781730779802e-01, 8.352925841498495818e-02, 3.531107472694693383e-01
7.901019053847370410e-02, 4.835270630224764998e-01, 8.374019164077563249e-02, 3.537225547982742468e-01
7.919192107208931908e-02, 4.825220899552811749e-01, 8.395243574870712988e-02, 3.543335532239222374e-01
7.937480727114147594e-02, 4.815154758196567575e-01, 8.416599065102597921e-02, 3.549437262581759955e-01
7.955884864078398289e-02, 4.805072375302722465e-01, 8.438085623413581204e-02, 3.555530575948079863e-01
7.974404466330914376e-02, 4.794973920679944102e-01, 8.459703235836250890e-02, 3.561615309103339233e-01
7.993039479795993607e-02, 4.784859564795708176e-01, 8.481451885772056665e-02, 3.567691298647487352e-01
8.011789848074393761e-02, 4.774729478773056535e-01, 8.503331553968002110e-02, 3.573758381022704711e-01
8.030655512424814124e-02, 4.764583834387265959e-01, 8.525342218493522917e-02, 3.579816392520900892e-01
8.049636411745590692e-02, 4.754422804062430896e-01, 8.547483854717470575e-02, 3.585865169291262422e-01
8.068732482556419117e-02, 4.744246560867966256e-01, 8.569756435285214025e-02, 3.591904547347870014e-01
8.087943658980301098e-02, 4.734055278515016951e-01, 8.592159930095868980e-02, 3.597934362577365763e-01
8.107269872725611504e-02, 4.723849131352786945e-01, 8.614694306279696567e-02, 3.603954450746682525e-01
8.126711053068287616e-02, 4.713628294364786142e-01, 8.637359528175593548e-02, 3.609964647510826574e-01
8.146267126834202954e-02, 4.703392943164981799e-01, 8.660155557308744922e-02, 3.615964788420722442e-01
8.165938018381685426e-02, 4.693143253993878883e-01, 8.683082352368449996e-02, 3.621954708931107714e-01
8.185723649584147887e-02, 4.682879403714494959e-01, 8.706139869186042823e-02, 3.627934244408485553e-01
8.205623939812946299e-02, 4.672601569808270683e-01, 8.729328060713005544e-02, 3.633903230139133855e-01
8.225638805920335028e-02, 4.662309930370880928e-01, 8.752646876999224668e-02, 3.639861501337162686e-01
8.245768162222634479e-02, 4.652004664107964316e-01, 8.776096265171393074e-02, 3.645808893152633345e-01
8.266011920483534725e-02, 4.641685950330765587e-01, 8.799676169411599358e-02, 3.651745240679720172e-01
8.286369989897586497e-02, 4.631353968951701372e-01, 8.823386530936060124e-02, 3.657670378964933966e-01
8.306842277073839265e-02, 4.621008900479822157e-01, 8.847227287974036847e-02, 3.663584143015390926e-01
8.327428686019687498e-02, 4.610650926016206519e-01, 8.871198375746913722e-02, 3.669486367807132665e-01
8.348129118124876513e-02, 4.600280227249264886e-01, 8.895299726447467026e-02, 3.675376888293500621e-01
8.368943472145694285e-02, 4.589896986449951144e-01, 8.919531269219280190e-02, 3.681255539413552103e-01
8.389871644189336730e-02, 4.579501386466895974e-01, 8.943892930136382313e-02, 3.687122156100531845e-01
8.410913527698485326e-02, 4.569093610721457477e-01, 8.968384632183043492e-02, 3.692976573290389641e-01
8.432069013436042926e-02, 4.558673843202676879e-01, 8.993006295233782477e-02, 3.698818625930340165e-01
8.453337989470079139e-02, 4.548242268462160398e-01, 9.017757836033539476e-02, 3.704648148987476630e-01
8.474720341158975545e-02, 4.537799071608871748e-01, 9.042639168178065456e-02, 3.710464977457423874e-01
8.496215951136767974e-02, 4.527344438303834151e-01, 9.067650202094496015e-02, 3.716268946373040283e-01
8.517824699298666424e-02, 4.516878554754761854e-01, 9.092790845022143131e-02, 3.722059890813157468e-01
8.539546462786812286e-02, 4.506401607710597834e-01, 9.118061000993488152e-02, 3.727837645911371567e-01
8.561381115976224310e-02, 4.495913784455966566e-01, 9.143460570815370447e-02, 3.733602046864872848e-01
8.583328530460955508e-02, 4.485415272805551856e-01, 9.168989452050410605e-02, 3.739352928943311394e-01
8.605388575040458232e-02, 4.474906261098383076e-01, 9.194647538998615421e-02, 3.745090127497709975e-01
8.627561115706169903e-02, 4.464386938192040910e-01, 9.220434722679243800e-02, 3.750813477969417997e-01
8.649846015628338824e-02, 4.453857493456783168e-01, 9.246350890812864154e-02, 3.756522815899096535e-01
8.672243135143005432e-02, 4.443318116769586212e-01, 9.272395927803657456e-02, 3.762217976935747776e-01
8.694752331739273588e-02, 4.432768998508103686e-01, 9.298569714721907631e-02, 3.767898796845777776e-01
8.717373460046783096e-02, 4.422210329544541407e-01, 9.324872129286804201e-02, 3.773565111522099724e-01
8.740106371823401499e-02, 4.411642301239458441e-01, 9.351303045849372608e-02, 3.779216756993265536e-01
8.762950915943140684e-02, 4.401065105435476021e-01, 9.377862335375736214e-02, 3.784853569432635734e-01
8.785906938384364928e-02, 4.390478934450918191e-01, 9.404549865430575362e-02, 3.790475385167587641e-01
8.808974282218128005e-02, 4.379883981073361410e-01, 9.431365500160823756e-02, 3.796082040688744108e-01
8.832152787596853072e-02, 4.369280438553108659e-01, 9.458309100279628512e-02, 3.801673372659242212e-01
8.855442291743201300e-02, 4.358668500596588058e-01, 9.485380523050593315e-02, 3.807249217924031370e-01
8.878842628939194459e-02, 4.348048361359661551e-01, 9.512579622272177016e-02, 3.812809413519200330e-01
8.902353630515559557e-02, 4.337420215440872528e-01, 9.539906248262446098e-02, 3.818353796681327461e-01
8.925975124841391273e-02, 4.326784257874589645e-01, 9.567360247844047816e-02, 3.823882204856866585e-01
8.949706937313971211e-02, 4.316140684124104010e-01, 9.594941464329455327e-02, 3.829394475711552781e-01
8.973548890348917451e-02, 4.305489690074623121e-01, 9.622649737506448753e-02, 3.834890447139839842e-01
8.997500803370542255e-02, 4.294831472026202079e-01, 9.650484903623901545e-02, 3.840369957274352708e-01
9.021562492802497057e-02, 4.284166226686593748e-01, 9.678446795377823597e-02, 3.845832844495373215e-01
9.045733772058663080e-02, 4.273494151164023425e-01, 9.706535241897665256e-02, 3.851278947440343048e-01
9.070014451534290367e-02, 4.262815442959897450e-01, 9.734750068732926642e-02, 3.856708105013380572e-01
9.094404338597447679e-02, 4.252130299961415227e-01, 9.763091097840018162e-02, 3.862120156394837633e-01
9.118903237580677779e-02, 4.241438920434138504e-01, 9.791558147569416615e-02, 3.867514941050851918e-01
9.143510949772971907e-02, 4.230741503014456839e-01, 9.820151032653103018e-02, 3.872892298742935946e-01
9.168227273412005163e-02, 4.220038246702003115e-01, 9.848869564192302972e-02, 3.878252069537567182e-01
9.193052003676599471e-02, 4.209329350851984675e-01, 9.877713549645474045e-02, 3.883594093815808668e-01
9.217984932679536281e-02, 4.198615015167447839e-01, 9.906682792816660921e-02, 3.888918212282933551e-01
9.243025849460595467e-02, 4.187895439691470267e-01, 9.935777093844057328e-02, 3.894224265978064037e-01
9.268174539979881499e-02, 4.177170824799287252e-01, 9.964996249188937116e-02, 3.899512096283830886e-01
9.293430787111449376e-02, 4.166441371190337528e-01, 9.994340051624846233e-02, 3.904781544936032356e-01
9.318794370637188684e-02, 4.155707279880256899e-01, 1.002380829022712500e-01, 3.910032454033312566e-01
9.344265067241006029e-02, 4.144968752192788597e-01, 1.005340075036270098e-01, 3.915264666046840425e-01
9.369842650503311388e-02, 4.134225989751639796e-01, 1.008311721368023994e-01, 3.920478023830004655e-01
9.395526890895758432e-02, 4.123479194472258746e-01, 1.011295745810054519e-01, 3.925672370628111030e-01
9.421317555776287378e-02, 4.112728568553558062e-01, 1.014292125780733578e-01, 3.930847550088079623e-01
9.447214409384495359e-02, 4.101974314469565841e-01, 1.017300838323828560e-01, 3.936003406268157034e-01
9.473217212837231616e-02, 4.091216634961011844e-01, 1.020321860107639977e-01, 3.941139783647625294e-01
9.499325724124568771e-02, 4.080455733026861487e-01, 1.023355167424173789e-01, 3.946256527136508541e-01
9.525539698105998931e-02, 4.069691811915769897e-01, 1.026400736188341350e-01, 3.951353482085289137e-01
9.551858886506976731e-02, 4.058925075117491010e-01, 1.029458541937193772e-01, 3.956430494294617128e-01
9.578283037915749643e-02, 4.048155726354218387e-01, 1.032528559829190007e-01, 3.961487410025015810e-01
9.604811897780485275e-02, 4.037383969571861630e-01, 1.035610764643496579e-01, 3.966524076006593957e-01
9.631445208406688718e-02, 4.026610008931271745e-01, 1.038705130779319086e-01, 3.971540339448739743e-01
9.658182708954975160e-02, 4.015834048799408196e-01, 1.041811632255271597e-01, 3.976536048049822969e-01
9.685024135439088133e-02, 4.005056293740443807e-01, 1.044930242708772550e-01, 3.981511050006876218e-01
9.711969220724252227e-02, 3.994276948506813585e-01, 1.048060935395479232e-01, 3.986465194025282099e-01
9.739017694525865798e-02, 3.983496218030215252e-01, 1.051203683188757232e-01, 3.991398329328439964e-01
9.766169283408436541e-02, 3.972714307412547607e-01, 1.054358458579177787e-01, 3.996310305667431506e-01
9.793423710784879277e-02, 3.961931421916796148e-01, 1.057525233674054543e-01, 4.001200973330660271e-01
9.820780696916130148e-02, 3.951147766957874841e-01, 1.060703980197014173e-01, 4.006070183153497832e-01
9.848239958911024494e-02, 3.940363548093404056e-01, 1.063894669487598366e-01, 4.010917786527893880e-01
9.875801210726553592e-02, 3.929578971014447419e-01, 1.067097272500902860e-01, 4.015743635411994084e-01
9.903464163168382295e-02, 3.918794241536193157e-01, 1.070311759807253404e-01, 4.020547582339716319e-01
9.931228523891723337e-02, 3.908009565588591583e-01, 1.073538101591909322e-01, 4.025329480430326345e-01
9.959093997402501675e-02, 3.897225149206945405e-01, 1.076776267654811770e-01, 4.030089183397993491e-01
9.987060285058863007e-02, 3.886441198522443963e-01, 1.080026227410360029e-01, 4.034826545561308597e-01
1.001512708507298066e-01, 3.875657919752669156e-01, 1.083287949887226792e-01, 4.039541421852805847e-01
1.004329409251317334e-01, 3.864875519192039754e-01, 1.086561403728205921e-01, 4.044233667828437406e-01
1.007156099930639342e-01, 3.854094203202224622e-01, 1.089846557190099624e-01, 4.048903139677035856e-01
1.009992749424098724e-01, 3.843314178202507092e-01, 1.093143378143639488e-01, 4.053549694229753309e-01
1.012839326296978842e-01, 3.832535650660114923e-01, 1.096451834073442488e-01, 4.058173188969464440e-01
1.015695798801354438e-01, 3.821758827080498078e-01, 1.099771892078004049e-01, 4.062773482040143436e-01
1.018562134876467712e-01, 3.810983913997586514e-01, 1.103103518869727045e-01, 4.067350432256219284e-01
1.021438302149132865e-01, 3.800211117963989138e-01, 1.106446680774987590e-01, 4.071903899111889436e-01
1.024324267934177690e-01, 3.789440645541176100e-01, 1.109801343734236473e-01, 4.076433742790408488e-01
1.027219999234914166e-01, 3.778672703289610024e-01, 1.113167473302136279e-01, 4.080939824173339669e-01
1.030125462743642778e-01, 3.767907497758849478e-01, 1.116545034647734580e-01, 4.085422004849772470e-01
1.033040624842190974e-01, 3.757145235477624690e-01, 1.119933992554678764e-01, 4.089880147125505294e-01
1.035965451602481047e-01, 3.746386122943869967e-01, 1.123334311421458759e-01, 4.094314114032189811e-01
1.038899908787132009e-01, 3.735630366614735021e-01, 1.126745955261693327e-01, 4.098723769336440337e-01
1.041843961850096312e-01, 3.724878172896561868e-01, 1.130168887704451480e-01, 4.103108977548890479e-01
1.044797575937324446e-01, 3.714129748134835651e-01, 1.133603071994607608e-01, 4.107469603933232016e-01
1.047760715887467164e-01, 3.703385298604107145e-01, 1.137048470993238108e-01, 4.111805514515187165e-01
1.050733346232606003e-01, 3.692645030497889724e-01, 1.140505047178051873e-01, 4.116116576091451984e-01
1.053715431199019198e-01, 3.681909149918532465e-01, 1.143972762643857138e-01, 4.120402656238590366e-01
1.056706934707978413e-01, 3.671177862867068820e-01, 1.147451579103068164e-01, 4.124663623321885297e-01
1.059707820376580706e-01, 3.660451375233043092e-01, 1.150941457886245356e-01, 4.128899346504130152e-01
1.062718051518609097e-01, 3.649729892784318031e-01, 1.154442359942676744e-01, 4.133109695754395574e-01
1.065737591145427821e-01, 3.639013621156860778e-01, 1.157954245840991520e-01, 4.137294541856721408e-01
1.068766401966910612e-01, 3.628302765844507172e-01, 1.161477075769812850e-01, 4.141453756418769228e-01
1.071804446392401189e-01, 3.617597532188720488e-01, 1.165010809538448433e-01, 4.145587211880429890e-01
1.074851686531703571e-01, 3.606898125368319663e-01, 1.168555406577618527e-01, 4.149694781522360043e-01
1.077908084196108340e-01, 3.596204750389200844e-01, 1.172110825940216455e-01, 4.153776339474473667e-01
1.080973600899448189e-01, 3.585517612074051730e-01, 1.175677026302111433e-01, 4.157831760724389203e-01
1.084048197859188156e-01, 3.574836915052035380e-01, 1.179253965962987205e-01, 4.161860921125790647e-01
1.087131835997545287e-01, 3.564162863748482901e-01, 1.182841602847212320e-01, 4.165863697406758659e-01
1.090224475942643406e-01, 3.553495662374569486e-01, 1.186439894504755926e-01, 4.169839967178031737e-01
1.093326078029696891e-01, 3.542835514916974349e-01, 1.190048798112133821e-01, 4.173789608941195772e-01
1.096436602302226504e-01, 3.532182625127548992e-01, 1.193668270473391135e-01, 4.177712502096832536e-01
1.099556008513311867e-01, 3.521537196512969370e-01, 1.197298268021128320e-01, 4.181608526952591554e-01
1.102684256126867518e-01, 3.510899432324384173e-01, 1.200938746817556135e-01, 4.185477564731192590e-01
1.105821304318957421e-01, 3.500269535547065880e-01, 1.204589662555590468e-01, 4.189319497578385398e-01
1.108967111979137637e-01, 3.489647708890061817e-01, 1.208250970559984344e-01, 4.193134208570816202e-01
1.112121637711831063e-01, 3.479034154775828003e-01, 1.211922625788495050e-01, 4.196921581723844774e-01
1.115284839837733938e-01, 3.468429075329890199e-01, 1.215604582833088865e-01, 4.200681501999287693e-01
1.118456676395250260e-01, 3.457832672370487748e-01, 1.219296795921179510e-01, 4.204413855313083870e-01
1.121637105141964352e-01, 3.447245147398226295e-01, 1.222999218916905328e-01, 4.208118528542903469e-01
1.124826083556136336e-01, 3.436666701585743278e-01, 1.226711805322441978e-01, 4.211795409535678547e-01
1.128023568838231877e-01, 3.426097535767366753e-01, 1.230434508279349137e-01, 4.215444387115052094e-01
1.131229517912484689e-01, 3.415537850428793099e-01, 1.234167280569957725e-01, 4.219065351088764904e-01
1.134443887428483594e-01, 3.404987845696770821e-01, 1.237910074618783773e-01, 4.222658192255963616e-01
1.137666633762795809e-01, 3.394447721328789913e-01, 1.241662842493990032e-01, 4.226222802414424939e-01
1.140897713020618265e-01, 3.383917676702791200e-01, 1.245425535908871867e-01, 4.229759074367718807e-01
1.144137081037455567e-01, 3.373397910806884559e-01, 1.249198106223385757e-01, 4.233266901932275506e-01
1.147384693380832793e-01, 3.362888622229078250e-01, 1.252980504445707910e-01, 4.236746179944381185e-01
1.150640505352035076e-01, 3.352390009147032668e-01, 1.256772681233833122e-01, 4.240196804267098440e-01
1.153904471987876185e-01, 3.341902269317825747e-01, 1.260574586897202642e-01, 4.243618671797095288e-01
1.157176548062498617e-01, 3.331425600067735582e-01, 1.264386171398371728e-01, 4.247011680471395323e-01
1.160456688089200189e-01, 3.320960198282046916e-01, 1.268207384354708422e-01, 4.250375729274045722e-01
1.163744846322289639e-01, 3.310506260394879829e-01, 1.272038175040126340e-01, 4.253710718242705302e-01
1.167040976758974835e-01, 3.300063982379032312e-01, 1.275878492386856855e-01, 4.257016548475135442e-01
1.170345033141271945e-01, 3.289633559735861690e-01, 1.279728284987246834e-01, 4.260293122135618837e-01
1.173656968957950547e-01, 3.279215187485175487e-01, 1.283587501095597438e-01, 4.263540342461276667e-01
1.176976737446501498e-01, 3.268809060155156709e-01, 1.287456088630031803e-01, 4.266758113768310268e-01
1.180304291595133809e-01, 3.258415371772320213e-01, 1.291333995174399063e-01, 4.269946341458145112e-01
1.183639584144801082e-01, 3.248034315851495712e-01, 1.295221167980209753e-01, 4.273104932023493729e-01
1.186982567591252230e-01, 3.237666085385829673e-01, 1.299117553968603400e-01, 4.276233793054314836e-01
1.190333194187110644e-01, 3.227310872836844369e-01, 1.303023099732351364e-01, 4.279332833243694179e-01
1.193691415943980705e-01, 3.216968870124504165e-01, 1.306937751537889936e-01, 4.282401962393624917e-01
1.197057184634579691e-01, 3.206640268617331202e-01, 1.310861455327387848e-01, 4.285441091420701953e-01
1.200430451794896464e-01, 3.196325259122554385e-01, 1.314794156720840435e-01, 4.288450132361708023e-01
1.203811168726377084e-01, 3.186024031876293905e-01, 1.318735801018204035e-01, 4.291428998379125948e-01
1.207199286498134294e-01, 3.175736776533778505e-01, 1.322686333201553155e-01, 4.294377603766533213e-01
1.210594755949183643e-01, 3.165463682159621039e-01, 1.326645697937276491e-01, 4.297295863953918826e-01
1.213997527690704875e-01, 3.155204937218107908e-01, 1.330613839578296265e-01, 4.300183695512890814e-01
1.217407552108328850e-01, 3.144960729563554547e-01, 1.334590702166326137e-01, 4.303041016161791021e-01
1.220824779364448193e-01, 3.134731246430689788e-01, 1.338576229434151610e-01, 4.305867744770711658e-01
1.224249159400550152e-01, 3.124516674425094620e-01, 1.342570364807949002e-01, 4.308663801366406365e-01
1.227680641939581513e-01, 3.114317199513677581e-01, 1.346573051409625521e-01, 4.311429107137114136e-01
1.231119176488326139e-01, 3.104133007015206225e-01, 1.350584232059195977e-01, 4.314163584437272769e-01
1.234564712339814435e-01, 3.093964281590877996e-01, 1.354603849277185024e-01, 4.316867156792121851e-01
1.238017198575754180e-01, 3.083811207234949947e-01, 1.358631845287059658e-01, 4.319539748902236354e-01
1.241476584068980094e-01, 3.073673967265413975e-01, 1.362668162017689477e-01, 4.322181286647915899e-01
1.244942817485934078e-01, 3.063552744314722021e-01, 1.366712741105836071e-01, 4.324791697093507969e-01
1.248415847289158498e-01, 3.053447720320573988e-01, 1.370765523898671012e-01, 4.327370908491596779e-01
1.251895621739819164e-01, 3.043359076516747863e-01, 1.374826451456319376e-01, 4.329918850287112764e-01
1.255382088900245940e-01, 3.033286993423995326e-01, 1.378895464554434347e-01, 4.332435453121324942e-01
1.258875196636494165e-01, 3.023231650840987883e-01, 1.382972503686794585e-01, 4.334920648835723367e-01
1.262374892620930777e-01, 3.013193227835326282e-01, 1.387057509067931016e-01, 4.337374370475812757e-01
1.265881124334836960e-01, 3.003171902734603771e-01, 1.391150420635780538e-01, 4.339796552294779564e-01
1.269393839071035757e-01, 2.993167853117534860e-01, 1.395251178054363050e-01, 4.342187129757067443e-01
1.272912983936531628e-01, 2.983181255805139598e-01, 1.399359720716487065e-01, 4.344546039541840599e-01
1.276438505855183037e-01, 2.973212286851998898e-01, 1.403475987746481413e-01, 4.346873219546337208e-01
1.279970351570378639e-01, 2.963261121537561493e-01, 1.407599918002946093e-01, 4.349168608889114607e-01
1.283508467647743734e-01, 2.953327934357528606e-01, 1.411731450081533668e-01, 4.351432147913193438e-01
1.287052800477863634e-01, 2.943412899015298567e-01, 1.415870522317755897e-01, 4.353663778189082456e-01
1.290603296279020373e-01, 2.933516188413470283e-01, 1.420017072789807877e-01, 4.355863442517702300e-01
1.294159901099950494e-01, 2.923637974645432736e-01, 1.424171039321420751e-01, 4.358031084933194910e-01
1.297722560822624494e-01, 2.913778428987009450e-01, 1.428332359484738578e-01, 4.360166650705627478e-01
1.301291221165034595e-01, 2.903937721888174561e-01, 1.432500970603212409e-01, 4.362270086343578712e-01
1.304865827684005830e-01, 2.894116022964846602e-01, 1.436676809754522388e-01, 4.364341339596625180e-01
1.308446325778024055e-01, 2.884313500990747792e-01, 1.440859813773521791e-01, 4.366380359457707194e-01
1.312032660690074515e-01, 2.874530323889339378e-01, 1.445049919255196047e-01, 4.368387096165388672e-01
1.315624777510502330e-01, 2.864766658725835802e-01, 1.449247062557653953e-01, 4.370361501206006527e-01
1.319222621179885480e-01, 2.855022671699279924e-01, 1.453451179805128335e-01, 4.372303527315706817e-01
1.322826136491920546e-01, 2.845298528134709848e-01, 1.457662206891005841e-01, 4.374213128482362656e-01
1.326435268096328723e-01, 2.835594392475395686e-01, 1.461880079480875061e-01, 4.376090259947400529e-01
1.330049960501770434e-01, 2.825910428275155151e-01, 1.466104733015588801e-01, 4.377934878207486724e-01
1.333670158078777979e-01, 2.816246798190741307e-01, 1.470336102714353832e-01, 4.379746941016127715e-01
1.337295805062697629e-01, 2.806603663974328033e-01, 1.474574123577834794e-01, 4.381526407385139543e-01
1.340926845556649760e-01, 2.796981186466056535e-01, 1.478818730391277814e-01, 4.383273237586015614e-01
1.344563223534497309e-01, 2.787379525586672901e-01, 1.483069857727650487e-01, 4.384987393151179580e-01
1.348204882843828667e-01, 2.777798840330248376e-01, 1.487327439950803243e-01, 4.386668836875118882e-01
1.351851767208951949e-01, 2.768239288756981775e-01, 1.491591411218645136e-01, 4.388317532815421140e-01
1.355503820233900925e-01, 2.758701027986081855e-01, 1.495861705486336013e-01, 4.389933446293681762e-01
1.359160985405451494e-01, 2.749184214188742925e-01, 1.500138256509500334e-01, 4.391516543896306080e-01
1.362823206096150930e-01, 2.739689002581198185e-01, 1.504420997847446817e-01, 4.393066793475204901e-01
1.366490425567353506e-01, 2.730215547417864097e-01, 1.508709862866416673e-01, 4.394584164148365169e-01
1.370162586972272500e-01, 2.720764001984569691e-01, 1.513004784742836006e-01, 4.396068626300321802e-01
1.373839633359033030e-01, 2.711334518591878018e-01, 1.517305696466587361e-01, 4.397520151582501313e-01
1.377521507673741541e-01, 2.701927248568490314e-01, 1.521612530844298483e-01, 4.398938712913469384e-01
1.381208152763560848e-01, 2.692542342254742871e-01, 1.525925220502639679e-01, 4.400324284479056880e-01
1.384899511379794057e-01, 2.683179948996193831e-01, 1.530243697891637278e-01, 4.401676841732373724e-01
1.388595526180975426e-01, 2.673840217137303799e-01, 1.534567895288000139e-01, 4.402996361393720637e-01
1.392296139735970939e-01, 2.664523294015200272e-01, 1.538897744798458367e-01, 4.404282821450370977e-01
1.396001294527082770e-01, 2.655229325953541442e-01, 1.543233178363113134e-01, 4.405536201156261544e-01
1.399710932953164844e-01, 2.645958458256473245e-01, 1.547574127758803708e-01, 4.406756481031557371e-01
1.403424997332739788e-01, 2.636710835202670800e-01, 1.551920524602475038e-01, 4.407943642862115485e-01
1.407143429907125320e-01, 2.627486600039484199e-01, 1.556272300354565874e-01, 4.409097669698825439e-01
1.410866172843565913e-01, 2.618285894977174233e-01, 1.560629386322405221e-01, 4.410218545856854910e-01
1.414593168238367504e-01, 2.609108861183245254e-01, 1.564991713663614892e-01, 4.411306256914773183e-01
1.418324358120038320e-01, 2.599955638776866862e-01, 1.569359213389525110e-01, 4.412360789713570264e-01
1.422059684452434136e-01, 2.590826366823404947e-01, 1.573731816368598713e-01, 4.413382132355562759e-01
1.425799089137907150e-01, 2.581721183329037661e-01, 1.578109453329862577e-01, 4.414370274203193167e-01
1.429542514020457344e-01, 2.572640225235472977e-01, 1.582492054866349029e-01, 4.415325205877720371e-01
1.433289900888889412e-01, 2.563583628414765059e-01, 1.586879551438545033e-01, 4.416246919257799664e-01
1.437041191479968838e-01, 2.554551527664229993e-01, 1.591271873377843038e-01, 4.417135407477958409e-01
1.440796327481583816e-01, 2.545544056701454783e-01, 1.595668950890009874e-01, 4.417990664926952360e-01
1.444555250535907720e-01, 2.536561348159407370e-01, 1.600070714058650923e-01, 4.418812687246034265e-01
1.448317902242558242e-01, 2.527603533581656570e-01, 1.604477092848687336e-01, 4.419601471327098130e-01
1.452084224161769022e-01, 2.518670743417671387e-01, 1.608888017109834923e-01, 4.420357015310724114e-01
1.455854157817550731e-01, 2.509763107018242456e-01, 1.613303416580090799e-01, 4.421079318584117401e-01
1.459627644700855764e-01, 2.500880752630984527e-01, 1.617723220889220603e-01, 4.421768381778938273e-01
1.463404626272747366e-01, 2.492023807395959412e-01, 1.622147359562258195e-01, 4.422424206769034472e-01
1.467185043967560720e-01, 2.483192397341381363e-01, 1.626575762022997862e-01, 4.423046796668060332e-01
1.470968839196069022e-01, 2.474386647379438475e-01, 1.631008357597497627e-01, 4.423636155826995431e-01
1.474755953348645121e-01, 2.465606681302209002e-01, 1.635445075517584501e-01, 4.424192289831561098e-01
1.478546327798424265e-01, 2.456852621777679546e-01, 1.639885844924361125e-01, 4.424715205499535897e-01
1.482339903904459077e-01, 2.448124590345871210e-01, 1.644330594871710460e-01, 4.425204910877959530e-01
1.486136623014879254e-01, 2.439422707415061231e-01, 1.648779254329812427e-01, 4.425661415240247920e-01
1.489936426470043762e-01, 2.430747092258111197e-01, 1.653231752188647763e-01, 4.426084729083196168e-01
1.493739255605690541e-01, 2.422097863008900454e-01, 1.657688017261517155e-01, 4.426474864123891573e-01
1.497545051756081769e-01, 2.413475136658859155e-01, 1.662147978288547601e-01, 4.426831833296511198e-01
1.501353756257148564e-01, 2.404879029053604567e-01, 1.666611563940205432e-01, 4.427155650749040605e-01
1.505165310449627647e-01, 2.396309654889683671e-01, 1.671078702820812112e-01, 4.427446331839876570e-01
1.508979655682192444e-01, 2.387767127711419302e-01, 1.675549323472047825e-01, 4.427703893134340984e-01
1.512796733314583086e-01, 2.379251559907854252e-01, 1.680023354376464217e-01, 4.427928352401097611e-01
1.516616484720728075e-01, 2.370763062709809466e-01, 1.684500723960992152e-01, 4.428119728608469474e-01
1.520438851291860682e-01, 2.362301746187036311e-01, 1.688981360600442516e-01, 4.428278041920660768e-01
1.524263774439626185e-01, 2.353867719245479884e-01, 1.693465192621010362e-01, 4.428403313693883292e-01
1.528091195599189378e-01, 2.345461089624641671e-01, 1.697952148303773223e-01, 4.428495566472396283e-01
1.531921056232326273e-01, 2.337081963895047132e-01, 1.702442155888187203e-01, 4.428554823984439115e-01
1.535753297830515507e-01, 2.328730447455822361e-01, 1.706935143575574743e-01, 4.428581111138086279e-01
1.539587861918017275e-01, 2.320406644532366225e-01, 1.711431039532614884e-01, 4.428574454017001893e-01
1.543424690054947257e-01, 2.312110658174133249e-01, 1.715929771894822153e-01, 4.428534879876096508e-01
1.547263723840339444e-01, 2.303842590252518086e-01, 1.720431268770023781e-01, 4.428462417137118412e-01
1.551104904915201477e-01, 2.295602541458842683e-01, 1.724935458241832476e-01, 4.428357095384122810e-01
1.554948174965562202e-01, 2.287390611302449472e-01, 1.729442268373107827e-01, 4.428218945358881053e-01
1.558793475725504529e-01, 2.279206898108898094e-01, 1.733951627209417423e-01, 4.428047998956179954e-01
1.562640748980194116e-01, 2.271051499018262865e-01, 1.738463462782485203e-01, 4.427844289219057261e-01
1.566489936568896124e-01, 2.262924509983536836e-01, 1.742977703113640364e-01, 4.427607850333926676e-01
1.570340980387978091e-01, 2.254826025769137987e-01, 1.747494276217248788e-01, 4.427338717625635689e-01
1.574193822393905873e-01, 2.246756139949516728e-01, 1.752013110104143900e-01, 4.427036927552432943e-01
1.578048404606226529e-01, 2.238714944907873872e-01, 1.756534132785046998e-01, 4.426702517700852879e-01
1.581904669110540396e-01, 2.230702531834964919e-01, 1.761057272273978125e-01, 4.426335526780516560e-01
1.585762558061457606e-01, 2.222718990728028976e-01, 1.765582456591656135e-01, 4.425935994618857006e-01
1.589622013685550450e-01, 2.214764410389800098e-01, 1.770109613768895696e-01, 4.425503962155754034e-01
1.593482978284282703e-01, 2.206838878427633543e-01, 1.774638671849982918e-01, 4.425039471438101391e-01
1.597345394236933669e-01, 2.198942481252726400e-01, 1.779169558896055714e-01, 4.424542565614285050e-01
1.601209204003507525e-01, 2.191075304079444785e-01, 1.783702202988457497e-01, 4.424013288928589915e-01
1.605074350127625726e-01, 2.183237430924748479e-01, 1.788236532232091724e-01, 4.423451686715533793e-01
1.608940775239409426e-01, 2.175428944607717685e-01, 1.792772474758761170e-01, 4.422857805394110886e-01
1.612808422058346625e-01, 2.167649926749180278e-01, 1.797309958730493873e-01, 4.422231692461979780e-01
1.616677233396141278e-01, 2.159900457771441462e-01, 1.801848912342854658e-01, 4.421573396489562047e-01
1.620547152159556303e-01, 2.152180616898106968e-01, 1.806389263828257763e-01, 4.420882967114078688e-01
1.624418121353229660e-01, 2.144490482154015332e-01, 1.810930941459244770e-01, 4.420160455033511071e-01
1.628290084082484879e-01, 2.136830130365257874e-01, 1.815473873551767814e-01, 4.419405912000489156e-01
1.632162983556123825e-01, 2.129199637159308045e-01, 1.820017988468451420e-01, 4.418619390816116987e-01
1.636036763089198098e-01, 2.121599076965242359e-01, 1.824563214621841289e-01, 4.417800945323718809e-01
1.639911366105769874e-01, 2.114028523014058192e-01, 1.829109480477639216e-01, 4.416950630402532441e-01
1.643786736141656102e-01, 2.106488047339097613e-01, 1.833656714557923284e-01, 4.416068501961322168e-01
1.647662816847152989e-01, 2.098977720776557254e-01, 1.838204845444355029e-01, 4.415154616931933895e-01
1.651539551989743837e-01, 2.091497612966100039e-01, 1.842753801781366607e-01, 4.414209033262788684e-01
1.655416885456792719e-01, 2.084047792351563788e-01, 1.847303512279339921e-01, 4.413231809912302461e-01
1.659294761258217621e-01, 2.076628326181764184e-01, 1.851853905717760762e-01, 4.412223006842256878e-01
1.663173123529144981e-01, 2.069239280511389889e-01, 1.856404910948368236e-01, 4.411182685011097449e-01
1.667051916532551470e-01, 2.061880720201994532e-01, 1.860956456898275602e-01, 4.410110906367178951e-01
1.670931084661878840e-01, 2.054552708923086390e-01, 1.865508472573082221e-01, 4.409007733841951993e-01
1.674810572443640178e-01, 2.047255309153301894e-01, 1.870060887059969423e-01, 4.407873231343087950e-01
1.678690324540000611e-01, 2.039988582181680166e-01, 1.874613629530771375e-01, 4.406707463747548958e-01
1.682570285751336103e-01, 2.032752588109026648e-01, 1.879166629245034859e-01, 4.405510496894601835e-01
1.686450401018785850e-01, 2.025547385849366666e-01, 1.883719815553064059e-01, 4.404282397578782038e-01
1.690330615426771654e-01, 2.018373033131496408e-01, 1.888273117898935094e-01, 4.403023233542796011e-01
1.694210874205501760e-01, 2.011229586500613564e-01, 1.892826465823504167e-01, 4.401733073470380786e-01
1.698091122733461356e-01, 2.004117101320045669e-01, 1.897379788967393788e-01, 4.400411986979099743e-01
1.701971306539871442e-01, 1.997035631773068087e-01, 1.901933017073955401e-01, 4.399060044613105069e-01
1.705851371307136877e-01, 1.989985230864806109e-01, 1.906486079992218974e-01, 4.397677317835837485e-01
1.709731262873270541e-01, 1.982965950424225021e-01, 1.911038907679818988e-01, 4.396263879022686560e-01
1.713610927234293368e-01, 1.975977841106210664e-01, 1.915591430205902945e-01, 4.394819801453592745e-01
1.717490310546620214e-01, 1.969020952393735480e-01, 1.920143577754019892e-01, 4.393345159305623304e-01
1.721369359129419629e-01, 1.962095332600106157e-01, 1.924695280624986737e-01, 4.391840027645487754e-01
1.725248019466951999e-01, 1.955201028871302038e-01, 1.929246469239737083e-01, 4.390304482422009436e-01
1.729126238210891009e-01, 1.948338087188394852e-01, 1.933797074142145078e-01, 4.388738600458569894e-01
1.733003962182617097e-01, 1.941506552370051986e-01, 1.938347026001834839e-01, 4.387142459445496634e-01
1.736881138375494515e-01, 1.934706468075124142e-01, 1.942896255616963497e-01, 4.385516137932418124e-01
1.740757713957122588e-01, 1.927937876805313200e-01, 1.947444693916982605e-01, 4.383859715320582162e-01
1.744633636271566701e-01, 1.921200819907922241e-01, 1.951992271965383996e-01, 4.382173271855128172e-01
1.748508852841566819e-01, 1.914495337578687173e-01, 1.956538920962415107e-01, 4.380456888617330069e-01
1.752383311370722119e-01, 1.907821468864687731e-01, 1.961084572247782376e-01, 4.378710647516806942e-01
1.756256959745655100e-01, 1.901179251667336478e-01, 1.965629157303322716e-01, 4.376934631283686539e-01
1.760129746038150145e-01, 1.894568722745446354e-01, 1.970172607755659999e-01, 4.375128923460743779e-01
1.764001618507272384e-01, 1.887989917718377597e-01, 1.974714855378833789e-01, 4.373293608395515952e-01
1.767872525601460465e-01, 1.881442871069260447e-01, 1.979255832096912526e-01, 4.371428771232366284e-01
1.771742415960598505e-01, 1.874927616148290288e-01, 1.983795469986572579e-01, 4.369534497904538073e-01
1.775611238418063342e-01, 1.868444185176106609e-01, 1.988333701279665633e-01, 4.367610875126164971e-01
1.779478942002747366e-01, 1.861992609247233033e-01, 1.992870458365757491e-01, 4.365657990384262388e-01
1.783345475941059133e-01, 1.855572918333606991e-01, 1.997405673794641623e-01, 4.363675931930691698e-01
1.787210789658902343e-01, 1.849185141288166578e-01, 2.001939280278835220e-01, 4.361664788774095025e-01
1.791074832783626225e-01, 1.842829305848519561e-01, 2.006471210696043894e-01, 4.359624650671810042e-01
1.794937555145955377e-01, 1.836505438640679277e-01, 2.011001398091609438e-01, 4.357555608121755353e-01
1.798798906781894913e-01, 1.830213565182872149e-01, 2.015529775680930391e-01, 4.355457752354302547e-01
1.802658837934610070e-01, 1.823953709889409025e-01, 2.020056276851857069e-01, 4.353331175324123281e-01
1.806517299056283610e-01, 1.817725896074638137e-01, 2.024580835167067161e-01, 4.351175969702010815e-01
1.810374240809948521e-01, 1.811530145956947169e-01, 2.029103384366410523e-01, 4.348992228866694343e-01
1.814229614071293795e-01, 1.805366480662848050e-01, 2.033623858369235093e-01, 4.346780046896623340e-01
1.818083369930450777e-01, 1.799234920231118917e-01, 2.038142191276684778e-01, 4.344539518561745806e-01
1.821935459693749260e-01, 1.793135483617013526e-01, 2.042658317373974852e-01, 4.342270739315261530e-01
1.825785834885452485e-01, 1.787068188696534499e-01, 2.047172171132639329e-01, 4.339973805285374797e-01
1.829634447249465778e-01, 1.781033052270768191e-01, 2.051683687212757512e-01, 4.337648813267008241e-01
1.833481248751025194e-01, 1.775030090070283950e-01, 2.056192800465151127e-01, 4.335295860713539451e-01
1.837326191578349255e-01, 1.769059316759596101e-01, 2.060699445933561746e-01, 4.332915045728493730e-01
1.841169228144282910e-01, 1.763120745941677836e-01, 2.065203558856795185e-01, 4.330506467057243514e-01
1.845010311087900701e-01, 1.757214390162549489e-01, 2.069705074670849243e-01, 4.328070224078701123e-01
1.848849393276095487e-01, 1.751340260915907332e-01, 2.074203929011008696e-01, 4.325606416796989317e-01
1.852686427805136649e-01, 1.745498368647827037e-01, 2.078700057713920579e-01, 4.323115145833115736e-01
1.856521368002206906e-01, 1.739688722761512096e-01, 2.083193396819638943e-01, 4.320596512416641777e-01
1.860354167426909733e-01, 1.733911331622104424e-01, 2.087683882573647121e-01, 4.318050618377339278e-01
1.864184779872755660e-01, 1.728166202561544629e-01, 2.092171451428853635e-01, 4.315477566136846077e-01
1.868013159368620557e-01, 1.722453341883495026e-01, 2.096656040047562009e-01, 4.312877458700322686e-01
1.871839260180182818e-01, 1.716772754868304274e-01, 2.101137585303413935e-01, 4.310250399648098418e-01
1.875663036811329731e-01, 1.711124445778033909e-01, 2.105616024283309407e-01, 4.307596493127327508e-01
1.879484444005542487e-01, 1.705508417861529291e-01, 2.110091294289296038e-01, 4.304915843843631906e-01
1.883303436747253423e-01, 1.699924673359546612e-01, 2.114563332840437848e-01, 4.302208557052761284e-01
1.887119970263183844e-01, 1.694373213509926535e-01, 2.119032077674655179e-01, 4.299474738552235276e-01
1.890934000023647144e-01, 1.688854038552812520e-01, 2.123497466750535745e-01, 4.296714494673004592e-01
1.894745481743835558e-01, 1.683367147735924940e-01, 2.127959438249129032e-01, 4.293927932271110470e-01
1.898554371385076656e-01, 1.677912539319875163e-01, 2.132417930575702669e-01, 4.291115158719345790e-01
1.902360625156066520e-01, 1.672490210583525705e-01, 2.136872882361479931e-01, 4.288276281898928399e-01
1.906164199514076285e-01, 1.667100157829401186e-01, 2.141324232465350585e-01, 4.285411410191171666e-01
1.909965051166136185e-01, 1.661742376389133413e-01, 2.145771919975553998e-01, 4.282520652469175015e-01
1.913763137070191023e-01, 1.656416860628960042e-01, 2.150215884211338635e-01, 4.279604118089511133e-01
1.917558414436232317e-01, 1.651123603955254593e-01, 2.154656064724587150e-01, 4.276661916883926495e-01
1.921350840727408249e-01, 1.645862598820105605e-01, 2.159092401301429542e-01, 4.273694159151056327e-01
1.925140373661101412e-01, 1.640633836726932415e-01, 2.163524833963817173e-01, 4.270700955648149000e-01
1.928926971209987129e-01, 1.635437308236140364e-01, 2.167953302971076801e-01, 4.267682417582795429e-01
1.932710591603067629e-01, 1.630273002970814011e-01, 2.172377748821439358e-01, 4.264638656604680111e-01
1.936491193326674021e-01, 1.625140909622448671e-01, 2.176798112253536532e-01, 4.261569784797340499e-01
1.940268735125453559e-01, 1.620041015956716901e-01, 2.181214334247880415e-01, 4.258475914669948570e-01
1.944043176003324713e-01, 1.614973308819270537e-01, 2.185626356028308459e-01, 4.255357159149096846e-01
1.947814475224406150e-01, 1.609937774141581568e-01, 2.190034119063406781e-01, 4.252213631570606056e-01
1.951582592313930442e-01, 1.604934396946805786e-01, 2.194437565067908491e-01, 4.249045445671355559e-01
1.955347487059122813e-01, 1.599963161355695274e-01, 2.198836636004060652e-01, 4.245852715581120984e-01
1.959109119510058783e-01, 1.595024050592526998e-01, 2.203231274082973756e-01, 4.242635555814439630e-01
1.962867449980502388e-01, 1.590117046991070537e-01, 2.207621421765936509e-01, 4.239394081262490288e-01
1.966622439048709980e-01, 1.585242132000584947e-01, 2.212007021765710624e-01, 4.236128407184995281e-01
1.970374047558218489e-01, 1.580399286191843389e-01, 2.216388017047797310e-01, 4.232838649202140813e-01
1.974122236618604254e-01, 1.575588489263186343e-01, 2.220764350831679057e-01, 4.229524923286531179e-01
1.977866967606218274e-01, 1.570809720046602298e-01, 2.225135966592036163e-01, 4.226187345755142988e-01
1.981608202164902299e-01, 1.566062956513835092e-01, 2.229502808059936059e-01, 4.222826033261327661e-01
1.985345902206670232e-01, 1.561348175782513170e-01, 2.233864819223997655e-01, 4.219441102786818942e-01
1.989080029912378422e-01, 1.556665354122310774e-01, 2.238221944331531543e-01, 4.216032671633778706e-01
1.992810547732360160e-01, 1.552014466961125494e-01, 2.242574127889653823e-01, 4.212600857416859967e-01
1.996537418387045459e-01, 1.547395488891281923e-01, 2.246921314666372738e-01, 4.209145778055299325e-01
2.000260604867550585e-01, 1.542808393675757228e-01, 2.251263449691654206e-01, 4.205667551765037704e-01
2.003980070436248428e-01, 1.538253154254427824e-01, 2.255600478258459607e-01, 4.202166297050865529e-01
2.007695778627311689e-01, 1.533729742750332969e-01, 2.259932345923756081e-01, 4.198642132698598983e-01
2.011407693247237449e-01, 1.529238130475965574e-01, 2.264258998509509069e-01, 4.195095177767286798e-01
2.015115778375342614e-01, 1.524778287939571042e-01, 2.268580382103641546e-01, 4.191525551581444242e-01
2.018819998364240198e-01, 1.520350184851470832e-01, 2.272896443060974103e-01, 4.187933373723314312e-01
2.022520317840290072e-01, 1.515953790130402379e-01, 2.277207128004138936e-01, 4.184318764025168891e-01
2.026216701704028900e-01, 1.511589071909869575e-01, 2.281512383824467471e-01, 4.180681842561634332e-01
2.029909115130575925e-01, 1.507255997544516279e-01, 2.285812157682855505e-01, 4.177022729642052568e-01
2.033597523570017385e-01, 1.502954533616507049e-01, 2.290106397010603922e-01, 4.173341545802871644e-01
2.037281892747762890e-01, 1.498684645941923410e-01, 2.294395049510234430e-01, 4.169638411800079547e-01
2.040962188664888211e-01, 1.494446299577176507e-01, 2.298678063156280593e-01, 4.165913448601655245e-01
2.044638377598448353e-01, 1.490239458825424190e-01, 2.302955386196054444e-01, 4.162166777380074123e-01
2.048310426101770387e-01, 1.486064087243004206e-01, 2.307226967150392827e-01, 4.158398519504833413e-01
2.051978301004726835e-01, 1.481920147645877928e-01, 2.311492754814375161e-01, 4.154608796535019799e-01
2.055641969413981029e-01, 1.477807602116080476e-01, 2.315752698258021491e-01, 4.150797730211916448e-01
2.059301398713219711e-01, 1.473726412008179165e-01, 2.320006746826961674e-01, 4.146965442451639450e-01
2.062956556563352861e-01, 1.469676537955741935e-01, 2.324254850143086804e-01, 4.143112055337818678e-01
2.066607410902701059e-01, 1.465657939877812732e-01, 2.328496958105175374e-01, 4.139237691114310835e-01
2.070253929947156180e-01, 1.461670576985390491e-01, 2.332733020889495579e-01, 4.135342472177958584e-01
2.073896082190322676e-01, 1.457714407787915334e-01, 2.336962988950382902e-01, 4.131426521071377977e-01
2.077533836403638312e-01, 1.453789390099759493e-01, 2.341186813020800506e-01, 4.127489960475802522e-01
2.081167161636471308e-01, 1.449895481046720169e-01, 2.345404444112866582e-01, 4.123532913203942774e-01
2.084796027216200554e-01, 1.446032637072517946e-01, 2.349615833518373664e-01, 4.119555502192908114e-01
2.088420402748268068e-01, 1.442200813945296312e-01, 2.353820932809271849e-01, 4.115557850497163495e-01
2.092040258116221463e-01, 1.438399966764122573e-01, 2.358019693838135089e-01, 4.111540081281521153e-01
2.095655563481723660e-01, 1.434630049965488485e-01, 2.362212068738608062e-01, 4.107502317814178960e-01
2.099266289284555942e-01, 1.430891017329815329e-01, 2.366398009925827217e-01, 4.103444683459802067e-01
2.102872406242584369e-01, 1.427182821987951211e-01, 2.370577470096817130e-01, 4.099367301672646735e-01
2.106473885351723141e-01, 1.423505416427675585e-01, 2.374750402230876301e-01, 4.095270295989725251e-01
2.110070697885866597e-01, 1.419858752500193222e-01, 2.378916759589926599e-01, 4.091153790024015247e-01
2.113662815396803452e-01, 1.416242781426631514e-01, 2.383076495718852161e-01, 4.087017907457712318e-01
2.117250209714119091e-01, 1.412657453804535002e-01, 2.387229564445814134e-01, 4.082862772035532051e-01
2.120832852945066238e-01, 1.409102719614346300e-01, 2.391375919882540169e-01, 4.078688507558048126e-01
2.124410717474426724e-01, 1.405578528225895352e-01, 2.395515516424598368e-01, 4.074495237875079279e-01
2.127983775964348567e-01, 1.402084828404874528e-01, 2.399648308751649861e-01, 4.070283086879127876e-01
2.131552001354165837e-01, 1.398621568319309560e-01, 2.403774251827674457e-01, 4.066052178498850145e-01
2.135115366860201036e-01, 1.395188695546023816e-01, 2.407893300901186584e-01, 4.061802636692587454e-01
2.138673845975547771e-01, 1.391786157077097019e-01, 2.412005411505420138e-01, 4.057534585441934238e-01
2.142227412469832892e-01, 1.388413899326313150e-01, 2.416110539458500017e-01, 4.053248148745354218e-01
2.145776040388965022e-01, 1.385071868135599737e-01, 2.420208640863590055e-01, 4.048943450611844908e-01
2.149319704054861169e-01, 1.381760008781461047e-01, 2.424299672109024584e-01, 4.044620615054653756e-01
2.152858378065156952e-01, 1.378478265981397388e-01, 2.428383589868417236e-01, 4.040279766085029256e-01
2.156392037292900188e-01, 1.375226583900313604e-01, 2.432460351100751150e-01, 4.035921027706034780e-01
2.159920656886223089e-01, 1.372004906156924775e-01, 2.436529913050452245e-01, 4.031544523906399058e-01
2.163444212268004763e-01, 1.368813175830136120e-01, 2.440592233247436960e-01, 4.027150378654422158e-01
2.166962679135505943e-01, 1.365651335465420113e-01, 2.444647269507150833e-01, 4.022738715891923111e-01
2.170476033459995679e-01, 1.362519327081182507e-01, 2.448694979930578774e-01, 4.018309659528243594e-01
2.173984251486356101e-01, 1.359417092175105313e-01, 2.452735322904241455e-01, 4.013863333434297131e-01
2.177487309732675791e-01, 1.356344571730484228e-01, 2.456768257100176156e-01, 4.009399861436664381e-01
2.180985184989818193e-01, 1.353301706222548029e-01, 2.460793741475889584e-01, 4.004919367311744471e-01
2.184477854320982515e-01, 1.350288435624761862e-01, 2.464811735274305138e-01, 4.000421974779950762e-01
2.187965295061242710e-01, 1.347304699415117768e-01, 2.468822198023682968e-01, 3.995907807499957110e-01
2.191447484817073132e-01, 1.344350436582405217e-01, 2.472825089537523946e-01, 3.991376989062997427e-01
2.194924401465858099e-01, 1.341425585632469164e-01, 2.476820369914463638e-01, 3.986829642987209654e-01
2.198396023155384515e-01, 1.338530084594445335e-01, 2.480807999538134911e-01, 3.982265892712034683e-01
2.201862328303321459e-01, 1.335663871026982752e-01, 2.484787939077028884e-01, 3.977685861592667460e-01
2.205323295596681443e-01, 1.332826882024445991e-01, 2.488760149484325057e-01, 3.973089672894548063e-01
2.208778903991270304e-01, 1.330019054223097741e-01, 2.492724591997717287e-01, 3.968477449787914946e-01
2.212229132711118207e-01, 1.327240323807261924e-01, 2.496681228139211728e-01, 3.963849315342408697e-01
2.215673961247900114e-01, 1.324490626515468505e-01, 2.500630019714917274e-01, 3.959205392521713551e-01
2.219113369360337373e-01, 1.321769897646579983e-01, 2.504570928814813802e-01, 3.954545804178268842e-01
2.222547337073589035e-01, 1.319078072065889284e-01, 2.508503917812507367e-01, 3.949870673048013758e-01
2.225975844678626248e-01, 1.316415084211204622e-01, 2.512428949364972075e-01, 3.945180121745197610e-01
2.229398872731593317e-01, 1.313780868098911314e-01, 2.516345986412267255e-01, 3.940474272757228391e-01
2.232816402053155735e-01, 1.311175357330006119e-01, 2.520254992177248243e-01, 3.935753248439589069e-01
2.236228413727835707e-01, 1.308598485096115482e-01, 2.524155930165261075e-01, 3.931017171010787736e-01
2.239634889103328530e-01, 1.306050184185487684e-01, 2.528048764163815521e-01, 3.926266162547367711e-01
2.243035809789814539e-01, 1.303530386988961121e-01, 2.531933458242249801e-01, 3.921500344978974817e-01
2.246431157659248556e-01, 1.301039025505910940e-01, 2.535809976751375872e-01, 3.916719840083464077e-01
2.249820914844645470e-01, 1.298576031350169857e-01, 2.539678284323117485e-01, 3.911924769482066355e-01
2.253205063739346647e-01, 1.296141335755925661e-01, 2.543538345870122730e-01, 3.907115254634604962e-01
2.256583586996274426e-01, 1.293734869583589853e-01, 2.547390126585373782e-01, 3.902291416834761661e-01
2.259956467527180213e-01, 1.291356563325649631e-01, 2.551233591941773904e-01, 3.897453377205395975e-01
2.263323688501870656e-01, 1.289006347112483242e-01, 2.555068707691726670e-01, 3.892601256693919987e-01
2.266685233347430772e-01, 1.286684150718157282e-01, 2.558895439866696875e-01, 3.887735176067714793e-01
2.270041085747430132e-01, 1.284389903566195701e-01, 2.562713754776764774e-01, 3.882855255909609116e-01
2.273391229641119893e-01, 1.282123534735317705e-01, 2.566523619010157020e-01, 3.877961616613405105e-01
2.276735649222614288e-01, 1.279884972965156520e-01, 2.570324999432774260e-01, 3.873054378379454654e-01
2.280074328940068784e-01, 1.277674146661942622e-01, 2.574117863187700417e-01, 3.868133661210287899e-01
2.283407253494837974e-01, 1.275490983904164766e-01, 2.577902177694701424e-01, 3.863199584906296113e-01
2.286734407840626537e-01, 1.273335412448200754e-01, 2.581677910649712859e-01, 3.858252269061460127e-01
2.290055777182636032e-01, 1.271207359733919628e-01, 2.585445030024305924e-01, 3.853291833059138138e-01
2.293371346976685599e-01, 1.269106752890255818e-01, 2.589203504065159533e-01, 3.848318396067900715e-01
2.296681102928337104e-01, 1.267033518740753595e-01, 2.592953301293500212e-01, 3.843332077037410199e-01
2.299985030992004742e-01, 1.264987583809082106e-01, 2.596694390504545868e-01, 3.838332994694365619e-01
2.303283117370050481e-01, 1.262968874324525981e-01, 2.600426740766930700e-01, 3.833321267538493671e-01
2.306575348511876178e-01, 1.260977316227432921e-01, 2.604150321422115666e-01, 3.828297013838574681e-01
2.309861711113002092e-01, 1.259012835174648515e-01, 2.607865102083797848e-01, 3.823260351628551823e-01
2.313142192114136242e-01, 1.257075356544905820e-01, 2.611571052637300938e-01, 3.818211398703655335e-01
2.316416778700237933e-01, 1.255164805444195508e-01, 2.615268143238956289e-01, 3.813150272616609993e-01
2.319685458299564906e-01, 1.253281106711094384e-01, 2.618956344315473417e-01, 3.808077090673865905e-01
2.322948218582719382e-01, 1.251424184922074190e-01, 2.622635626563303846e-01, 3.802991969931903693e-01
2.326205047461679387e-01, 1.249593964396768647e-01, 2.626305960947987184e-01, 3.797895027193564643e-01
2.329455933088824537e-01, 1.247790369203217592e-01, 2.629967318703497203e-01, 3.792786379004460251e-01
2.332700863855952100e-01, 1.246013323163073228e-01, 2.633619671331566825e-01, 3.787666141649406182e-01
2.335939828393286122e-01, 1.244262749856778066e-01, 2.637262990601011436e-01, 3.782534431148924514e-01
2.339172815568474895e-01, 1.242538572628706789e-01, 2.640897248547039999e-01, 3.777391363255778733e-01
2.342399814485584819e-01, 1.240840714592280625e-01, 2.644522417470556164e-01, 3.772237053451577560e-01
2.345620814484083716e-01, 1.239169098635047456e-01, 2.648138469937453277e-01, 3.767071616943415968e-01
2.348835805137816368e-01, 1.237523647423724588e-01, 2.651745378777892181e-01, 3.761895168660566169e-01
2.352044776253974512e-01, 1.235904283409217097e-01, 2.655343117085584570e-01, 3.756707823251224654e-01
2.355247717872057667e-01, 1.234310928831595516e-01, 2.658931658217050242e-01, 3.751509695079297546e-01
2.358444620262825919e-01, 1.232743505725042849e-01, 2.662510975790881584e-01, 3.746300898221249787e-01
2.361635473927249929e-01, 1.231201935922772717e-01, 2.666081043686988616e-01, 3.741081546462988738e-01
2.364820269595448443e-01, 1.229686141061903798e-01, 2.669641836045841821e-01, 3.735851753296804967e-01
2.367998998225624152e-01, 1.228196042588311637e-01, 2.673193327267706088e-01, 3.730611631918359095e-01
2.371171651002987046e-01, 1.226731561761438549e-01, 2.676735492011861894e-01, 3.725361295223713620e-01
2.374338219338678890e-01, 1.225292619659073129e-01, 2.680268305195827594e-01, 3.720100855806419138e-01
2.377498694868687423e-01, 1.223879137182097010e-01, 2.683791741994570046e-01, 3.714830425954644966e-01
2.380653069452750570e-01, 1.222491035059193043e-01, 2.687305777839700260e-01, 3.709550117648356404e-01
2.383801335173261760e-01, 1.221128233851521971e-01, 2.690810388418677923e-01, 3.704260042556539734e-01
2.386943484334166088e-01, 1.219790653957365106e-01, 2.694305549673994271e-01, 3.698960312034474396e-01
2.390079509459851481e-01, 1.218478215616731891e-01, 2.697791237802357189e-01, 3.693651037121059022e-01
2.393209403294033477e-01, 1.217190838915932216e-01, 2.701267429253862984e-01, 3.688332328536171878e-01
2.396333158798633622e-01, 1.215928443792112790e-01, 2.704734100731168711e-01, 3.683004296678085709e-01
2.399450769152657870e-01, 1.214690950037763950e-01, 2.708191229188651739e-01, 3.677667051620927552e-01
2.402562227751062762e-01, 1.213478277305184289e-01, 2.711638791831568196e-01, 3.672320703112186835e-01
2.405667528203622452e-01, 1.212290345110915435e-01, 2.715076766115198659e-01, 3.666965360570262344e-01
2.408766664333789886e-01, 1.211127072840142843e-01, 2.718505129744001048e-01, 3.661601133082065807e-01
2.411859630177549119e-01, 1.209988379751055221e-01, 2.721923860670739104e-01, 3.656228129400657112e-01
2.414946419982267334e-01, 1.208874184979173705e-01, 2.725332937095620300e-01, 3.650846457942938383e-01
2.418027028205544937e-01, 1.207784407541648702e-01, 2.728732337465424873e-01, 3.645456226787381904e-01
2.421101449514053705e-01, 1.206718966341511073e-01, 2.732122040472624858e-01, 3.640057543671811335e-01
2.424169678782376880e-01, 1.205677780171900554e-01, 2.735502025054501463e-01, 3.634650515991221242e-01
2.427231711091845379e-01, 1.204660767720250186e-01, 2.738872270392261887e-01, 3.629235250795643242e-01
2.430287541729367340e-01, 1.203667847572438693e-01, 2.742232755910138930e-01, 3.623811854788055453e-01
2.433337166186254341e-01, 1.202698938216907321e-01, 2.745583461274500592e-01, 3.618380434322339134e-01
2.436380580157047337e-01, 1.201753958048741300e-01, 2.748924366392943575e-01, 3.612941095401266955e-01
2.439417779538337050e-01, 1.200832825373715218e-01, 2.752255451413390674e-01, 3.607493943674556225e-01
2.442448760427577970e-01, 1.199935458412305089e-01, 2.755576696723179286e-01, 3.602039084436937655e-01
2.445473519121906525e-01, 1.199061775303660177e-01, 2.758888082948143805e-01, 3.596576622626289077e-01
2.448492052116951478e-01, 1.198211694109546643e-01, 2.762189590951701912e-01, 3.591106662821801354e-01
2.451504356105637106e-01, 1.197385132818250264e-01, 2.765481201833928093e-01, 3.585629309242185370e-01
2.454510427976996645e-01, 1.196582009348444442e-01, 2.768762896930632156e-01, 3.580144665743926757e-01
2.457510264814971590e-01, 1.195802241553026585e-01, 2.772034657812425529e-01, 3.574652835819576713e-01
2.460503863897211541e-01, 1.195045747222913818e-01, 2.775296466283789787e-01, 3.569153922596084993e-01
2.463491222693873217e-01, 1.194312444090806918e-01, 2.778548304382141843e-01, 3.563648028833176773e-01
2.466472338866417813e-01, 1.193602249834920248e-01, 2.781790154376893032e-01, 3.558135256921768352e-01
2.469447210266402792e-01, 1.192915082082671857e-01, 2.785021998768506535e-01, 3.552615708882418954e-01
2.472415834934276191e-01, 1.192250858414340975e-01, 2.788243820287554242e-01, 3.547089486363829147e-01
2.475378211098165637e-01, 1.191609496366691362e-01, 2.791455601893765848e-01, 3.541556690641377569e-01
2.478334337172665436e-01, 1.190990913436559412e-01, 2.794657326775081274e-01, 3.536017422615693184e-01
2.481284211757627811e-01, 1.190395027084403812e-01, 2.797848978346695881e-01, 3.530471782811272496e-01
2.484227833636944160e-01, 1.189821754737824394e-01, 2.801030540250104561e-01, 3.524919871375127300e-01
2.487165201777329360e-01, 1.189271013795044907e-01, 2.804201996352145287e-01, 3.519361788075480724e-01
2.490096315327108567e-01, 1.188742721628357202e-01, 2.807363330744039875e-01, 3.513797632300494356e-01
2.493021173614994035e-01, 1.188236795587537670e-01, 2.810514527740429758e-01, 3.508227503057039232e-01
2.495939776148867750e-01, 1.187753153003222872e-01, 2.813655571878414530e-01, 3.502651498969495125e-01
2.498852122614563243e-01, 1.187291711190253118e-01, 2.816786447916584391e-01, 3.497069718278599249e-01
2.501758212874639620e-01, 1.186852387450980234e-01, 2.819907140834055914e-01, 3.491482258840324926e-01
2.504658046967164209e-01, 1.186435099078543276e-01, 2.823017635829500604e-01, 3.485889218124791911e-01
2.507551625104488813e-01, 1.186039763360106775e-01, 2.826117918320176225e-01, 3.480290693215227771e-01
2.510438947672025134e-01, 1.185666297580066086e-01, 2.829207973940956466e-01, 3.474686780806952036e-01
2.513320015227024085e-01, 1.185314619023218885e-01, 2.832287788543353946e-01, 3.469077577206401974e-01
2.516194828497350100e-01, 1.184984644977902235e-01, 2.835357348194552651e-01, 3.463463178330194459e-01
2.519063388380259338e-01, 1.184676292739094694e-01, 2.838416639176428724e-01, 3.457843679704218354e-01
2.521925695941172885e-01, 1.184389479611485246e-01, 2.841465647984575127e-01, 3.452219176462765216e-01
2.524781752412456615e-01, 1.184124122912509625e-01, 2.844504361327330200e-01, 3.446589763347703284e-01
2.527631559192193844e-01, 1.183880139975350410e-01, 2.847532766124794557e-01, 3.440955534707662022e-01
2.530475117842964083e-01, 1.183657448151903546e-01, 2.850550849507856310e-01, 3.435316584497276060e-01
2.533312430090620682e-01, 1.183455964815715994e-01, 2.853558598817212966e-01, 3.429673006276450220e-01
2.536143497823062920e-01, 1.183275607364884241e-01, 2.856556001602393868e-01, 3.424024893209658416e-01
2.538968323089021983e-01, 1.183116293224920207e-01, 2.859543045620779878e-01, 3.418372338065278626e-01
2.541786908096829722e-01, 1.182977939851589388e-01, 2.862519718836626370e-01, 3.412715433214953409e-01
2.544599255213206290e-01, 1.182860464733710149e-01, 2.865486009420082358e-01, 3.407054270633001480e-01
2.547405366962033346e-01, 1.182763785395921224e-01, 2.868441905746212384e-01, 3.401388941895833185e-01
2.550205246023136141e-01, 1.182687819401419121e-01, 2.871387396394019520e-01, 3.395719538181423691e-01
2.552998895231068932e-01, 1.182632484354661090e-01, 2.874322470145466157e-01, 3.390046150268803404e-01
2.555786317573892075e-01, 1.182597697904034517e-01, 2.877247115984493675e-01, 3.384368868537580011e-01
2.558567516191957436e-01, 1.182583377744495373e-01, 2.880161323096046000e-01, 3.378687782967501052e-01
2.561342494376694923e-01, 1.182589441620175708e-01, 2.883065080865095386e-01, 3.373002983138035926e-01
2.564111255569394565e-01, 1.182615807326954649e-01, 2.885958378875658203e-01, 3.367314558227991750e-01
2.566873803359999706e-01, 1.182662392715004007e-01, 2.888841206909828485e-01, 3.361622597015168079e-01
2.569630141485889641e-01, 1.182729115691295435e-01, 2.891713554946793718e-01, 3.355927187876021067e-01
2.572380273830674469e-01, 1.182815894222080111e-01, 2.894575413161867283e-01, 3.350228418785378692e-01
2.575124204422982732e-01, 1.182922646335335948e-01, 2.897426771925509237e-01, 3.344526377316172083e-01
2.577861937435260709e-01, 1.183049290123183994e-01, 2.900267621802356532e-01, 3.338821150639199598e-01
2.580593477182559492e-01, 1.183195743744270556e-01, 2.903097953550252686e-01, 3.333112825522916434e-01
2.583318828121343724e-01, 1.183361925426124062e-01, 2.905917758119274663e-01, 3.327401488333256996e-01
2.586037994848276456e-01, 1.183547753467474872e-01, 2.908727026650764769e-01, 3.321687225033483903e-01
2.588750982099031206e-01, 1.183753146240549003e-01, 2.911525750476361973e-01, 3.315970121184056429e-01
2.591457794747091259e-01, 1.183978022193329649e-01, 2.914313921117038242e-01, 3.310250261942540573e-01
2.594158437802551731e-01, 1.184222299851786092e-01, 2.917091530282128198e-01, 3.304527732063533008e-01
2.596852916410932743e-01, 1.184485897822078193e-01, 2.919858569868371556e-01, 3.298802615898617230e-01
2.599541235851982601e-01, 1.184768734792724237e-01, 2.922615031958945564e-01, 3.293074997396348014e-01
2.602223401538492631e-01, 1.185070729536743389e-01, 2.925360908822507433e-01, 3.287344960102255853e-01
2.604899419015113682e-01, 1.185391800913766641e-01, 2.928096192912236218e-01, 3.281612587158884153e-01
2.607569293957166523e-01, 1.185731867872119316e-01, 2.930820876864874136e-01, 3.275877961305840302e-01
2.610233032169465561e-01, 1.186090849450871787e-01, 2.933534953499772335e-01, 3.270141164879889484e-01
2.612890639585140340e-01, 1.186468664781864801e-01, 2.936238415817938874e-01, 3.264402279815055707e-01
2.615542122264455926e-01, 1.186865233091703720e-01, 2.938931257001083930e-01, 3.258661387642756146e-01
2.618187486393643293e-01, 1.187280473703721806e-01, 2.941613470410674447e-01, 3.252918569491960454e-01
2.620826738283727475e-01, 1.187714306039919093e-01, 2.944285049586986558e-01, 3.247173906089367290e-01
2.623459884369359618e-01, 1.188166649622871274e-01, 2.946945988248158010e-01, 3.241427477759611375e-01
2.626086931207651798e-01, 1.188637424077608196e-01, 2.949596280289246697e-01, 3.235679364425491644e-01
2.628707885477018502e-01, 1.189126549133467103e-01, 2.952235919781294737e-01, 3.229929645608219935e-01
2.631322753976011453e-01, 1.189633944625916734e-01, 2.954864900970380348e-01, 3.224178400427691882e-01
2.633931543622168858e-01, 1.190159530498353657e-01, 2.957483218276693027e-01, 3.218425707602785568e-01
2.636534261450859118e-01, 1.190703226803870168e-01, 2.960090866293592082e-01, 3.212671645451677938e-01
2.639130914614133405e-01, 1.191264953706999280e-01, 2.962687839786681265e-01, 3.206916291892185633e-01
2.641721510379578808e-01, 1.191844631485425438e-01, 2.965274133692877290e-01, 3.201159724442119159e-01
2.644306056129170912e-01, 1.192442180531672752e-01, 2.967849743119483907e-01, 3.195402020219672568e-01
2.646884559358139155e-01, 1.193057521354769779e-01, 2.970414663343271533e-01, 3.189643255943819811e-01
2.649457027673826626e-01, 1.193690574581877661e-01, 2.972968889809552984e-01, 3.183883507934743839e-01
2.652023468794555972e-01, 1.194341260959902173e-01, 2.975512418131269765e-01, 3.178122852114271812e-01
2.654583890548501968e-01, 1.195009501357074261e-01, 2.978045244088075028e-01, 3.172361364006348605e-01
2.657138300872561865e-01, 1.195695216764504909e-01, 2.980567363625422073e-01, 3.166599118737511986e-01
2.659686707811232953e-01, 1.196398328297716557e-01, 2.983078772853652305e-01, 3.160836191037397214e-01
2.662229119515494569e-01, 1.197118757198145506e-01, 2.985579468047094287e-01, 3.155072655239264390e-01
2.664765544241689543e-01, 1.197856424834621708e-01, 2.988069445643155575e-01, 3.149308585280532480e-01
2.667295990350411206e-01, 1.198611252704822744e-01, 2.990548702241423440e-01, 3.143544054703342749e-01
2.669820466305398154e-01, 1.199383162436701566e-01, 2.993017234602768917e-01, 3.137779136655131640e-01
2.672338980672424036e-01, 1.200172075789890519e-01, 2.995475039648451410e-01, 3.132013903889234174e-01
2.674851542118200087e-01, 1.200977914657080786e-01, 2.997922114459226073e-01, 3.126248428765492915e-01
2.677358159409274352e-01, 1.201800601065376728e-01, 3.000358456274458407e-01, 3.120482783250890235e-01
2.679858841410939774e-01, 1.202640057177626204e-01, 3.002784062491237749e-01, 3.114717038920197245e-01
2.682353597086142849e-01, 1.203496205293727167e-01, 3.005198930663492973e-01, 3.108951266956638260e-01
2.684842435494397272e-01, 1.204368967851911221e-01, 3.007603058501119309e-01, 3.103185538152572476e-01
2.687325365790703136e-01, 1.205258267429999419e-01, 3.009996443869098481e-01, 3.097419922910198964e-01
2.689802397224465569e-01, 1.206164026746642526e-01, 3.012379084786628303e-01, 3.091654491242264435e-01
2.692273539138423377e-01, 1.207086168662528797e-01, 3.014750979426253363e-01, 3.085889312772794879e-01
2.694738800967574344e-01, 1.208024616181575250e-01, 3.017112126113001280e-01, 3.080124456737848293e-01
2.697198192238114967e-01, 1.208979292452095483e-01, 3.019462523323518388e-01, 3.074359991986271301e-01
2.699651722566370760e-01, 1.209950120767939036e-01, 3.021802169685212647e-01, 3.068595986980477419e-01
2.702099401657743760e-01, 1.210937024569617299e-01, 3.024131063975397660e-01, 3.062832509797240865e-01
2.704541239305654488e-01, 1.211939927445399717e-01, 3.026449205120441688e-01, 3.057069628128504246e-01
2.706977245390494446e-01, 1.212958753132391126e-01, 3.028756592194918329e-01, 3.051307409282195682e-01
2.709407429878577522e-01, 1.213993425517588820e-01, 3.031053224420762748e-01, 3.045545920183071464e-01
2.711831802821100257e-01, 1.215043868638912422e-01, 3.033339101166430685e-01, 3.039785227373555943e-01
2.714250374353104900e-01, 1.216110006686219880e-01, 3.035614221946058566e-01, 3.034025397014616932e-01
2.716663154692441906e-01, 1.217191764002294729e-01, 3.037878586418632509e-01, 3.028266494886630578e-01
2.719070154138747419e-01, 1.218289065083817679e-01, 3.040132194387154541e-01, 3.022508586390279528e-01
2.721471383072411321e-01, 1.219401834582315991e-01, 3.042375045797820476e-01, 3.016751736547452212e-01
2.723866851953563040e-01, 1.220529997305089265e-01, 3.044607140739189477e-01, 3.010996010002159329e-01
2.726256571321049593e-01, 1.221673478216119130e-01, 3.046828479441370252e-01, 3.005241471021461996e-01
2.728640551791428615e-01, 1.222832202436956311e-01, 3.049039062275203382e-01, 2.999488183496412108e-01
2.731018804057959715e-01, 1.224006095247588133e-01, 3.051238889751448080e-01, 2.993736210943004350e-01
2.733391338889599176e-01, 1.225195082087284643e-01, 3.053427962519974503e-01, 2.987985616503142650e-01
2.735758167130003526e-01, 1.226399088555427813e-01, 3.055606281368958288e-01, 2.982236462945610511e-01
2.738119299696534781e-01, 1.227618040412320199e-01, 3.057773847224078967e-01, 2.976488812667066886e-01
2.740474747579269565e-01, 1.228851863579972920e-01, 3.059930661147722830e-01, 2.970742727693034824e-01
2.742824521840016017e-01, 1.230100484142875039e-01, 3.062076724338189115e-01, 2.964998269678920106e-01
2.745168633611330677e-01, 1.231363828348747413e-01, 3.064212038128901749e-01, 2.959255499911020992e-01
2.747507094095543168e-01, 1.232641822609270993e-01, 3.066336603987618314e-01, 2.953514479307568497e-01
2.749839914563783072e-01, 1.233934393500804721e-01, 3.068450423515651782e-01, 2.947775268419760009e-01
2.752167106355015713e-01, 1.235241467765078732e-01, 3.070553498447092244e-01, 2.942037927432813449e-01
2.754488680875075146e-01, 1.236562972309871861e-01, 3.072645830648025878e-01, 2.936302516167026422e-01
2.756804649595709367e-01, 1.237898834209672505e-01, 3.074727422115772768e-01, 2.930569094078845915e-01
2.759115024053623300e-01, 1.239248980706318393e-01, 3.076798274978112535e-01, 2.924837720261946328e-01
2.761419815849531778e-01, 1.240613339209621774e-01, 3.078858391492521052e-01, 2.919108453448323592e-01
2.763719036647216964e-01, 1.241991837297977963e-01, 3.080907774045417158e-01, 2.913381352009388192e-01
2.766012698172581330e-01, 1.243384402718951537e-01, 3.082946425151398273e-01, 2.907656473957067611e-01
2.768300812212719508e-01, 1.244790963389851846e-01, 3.084974347452494325e-01, 2.901933876944933766e-01
2.770583390614984043e-01, 1.246211447398288541e-01, 3.086991543717415576e-01, 2.896213618269311008e-01
2.772860445286059461e-01, 1.247645783002709202e-01, 3.088998016840811545e-01, 2.890495754870419653e-01
2.775131988191039678e-01, 1.249093898632923638e-01, 3.090993769842528271e-01, 2.884780343333508412e-01
2.777398031352513175e-01, 1.250555722890611399e-01, 3.092978805866871128e-01, 2.879067439890005131e-01
2.779658586849648727e-01, 1.252031184549809162e-01, 3.094953128181872626e-01, 2.873357100418669208e-01
2.781913666817290021e-01, 1.253520212557391045e-01, 3.096916740178562999e-01, 2.867649380446755103e-01
2.784163283445049153e-01, 1.255022736033521435e-01, 3.098869645370246895e-01, 2.861944335151182517e-01
2.786407448976410683e-01, 1.256538684272102413e-01, 3.100811847391777842e-01, 2.856242019359709894e-01
2.788646175707835684e-01, 1.258067986741200905e-01, 3.102743349998842715e-01, 2.850542487552120696e-01
2.790879475987875780e-01, 1.259610573083464469e-01, 3.104664157067248964e-01, 2.844845793861410232e-01
2.793107362216287193e-01, 1.261166373116513750e-01, 3.106574272592211861e-01, 2.839151992074986919e-01
2.795329846843148114e-01, 1.262735316833331900e-01, 3.108473700687652275e-01, 2.833461135635867989e-01
2.797546942367987732e-01, 1.264317334402629278e-01, 3.110362445585490021e-01, 2.827773277643894079e-01
2.799758661338911936e-01, 1.265912356169201225e-01, 3.112240511634946083e-01, 2.822088470856939924e-01
2.801965016351743443e-01, 1.267520312654266124e-01, 3.114107903301851499e-01, 2.816406767692138935e-01
2.804166020049153052e-01, 1.269141134555791528e-01, 3.115964625167951807e-01, 2.810728220227103336e-01
2.806361685119807547e-01, 1.270774752748808356e-01, 3.117810681930220928e-01, 2.805052880201162613e-01
2.808552024297517047e-01, 1.272421098285707319e-01, 3.119646078400180600e-01, 2.799380799016594201e-01
2.810737050360390121e-01, 1.274080102396525360e-01, 3.121470819503218141e-01, 2.793712027739866377e-01
2.812916776129986141e-01, 1.275751696489217379e-01, 3.123284910277908666e-01, 2.788046617102888369e-01
2.815091214470480385e-01, 1.277435812149912975e-01, 3.125088355875347834e-01, 2.782384617504257696e-01
2.817260378287833600e-01, 1.279132381143166242e-01, 3.126881161558481281e-01, 2.776726079010518600e-01
2.819424280528959326e-01, 1.280841335412182813e-01, 3.128663332701437372e-01, 2.771071051357420489e-01
2.821582934180901225e-01, 1.282562607079043016e-01, 3.130434874788871613e-01, 2.765419583951184146e-01
2.823736352270014294e-01, 1.284296128444910590e-01, 3.132195793415304963e-01, 2.759771725869770154e-01
2.825884547861151619e-01, 1.286041831990224482e-01, 3.133946094284472683e-01, 2.754127525864150661e-01
2.828027534056852255e-01, 1.287799650374885085e-01, 3.135685783208673749e-01, 2.748487032359588356e-01
2.830165323996538529e-01, 1.289569516438422436e-01, 3.137414866108126366e-01, 2.742850293456913224e-01
2.832297930855711132e-01, 1.291351363200156643e-01, 3.139133349010323482e-01, 2.737217356933808743e-01
2.834425367845159749e-01, 1.293145123859346657e-01, 3.140841238049396633e-01, 2.731588270246097516e-01
2.836547648210166472e-01, 1.294950731795322385e-01, 3.142538539465477565e-01, 2.725963080529032467e-01
2.838664785229721432e-01, 1.296768120567614313e-01, 3.144225259604072065e-01, 2.720341834598592468e-01
2.840776792215740643e-01, 1.298597223916061472e-01, 3.145901404915426025e-01, 2.714724578952771306e-01
2.842883682512287735e-01, 1.300437975760919129e-01, 3.147566981953907606e-01, 2.709111359772885530e-01
2.844985469494801800e-01, 1.302290310202944279e-01, 3.149221997377382731e-01, 2.703502222924871190e-01
2.847082166569331330e-01, 1.304154161523482514e-01, 3.150866457946598920e-01, 2.697897213960587237e-01
2.849173787171766503e-01, 1.306029464184533251e-01, 3.152500370524573547e-01, 2.692296378119126143e-01
2.851260344767084232e-01, 1.307916152828811351e-01, 3.154123742075983228e-01, 2.686699760328120634e-01
2.853341852848589877e-01, 1.309814162279797634e-01, 3.155736579666558184e-01, 2.681107405205053751e-01
2.855418324937172292e-01, 1.311723427541775511e-01, 3.157338890462478842e-01, 2.675519357058573355e-01
2.857489774580553865e-01, 1.313643883799862078e-01, 3.158930681729777978e-01, 2.669935659889806634e-01
2.859556215352553332e-01, 1.315575466420027539e-01, 3.160511960833743972e-01, 2.664356357393674046e-01
2.861617660852349143e-01, 1.317518110949104926e-01, 3.162082735238330167e-01, 2.658781492960214932e-01
2.863674124703746715e-01, 1.319471753114790091e-01, 3.163643012505566454e-01, 2.653211109675897017e-01
2.865725620554450681e-01, 1.321436328825632556e-01, 3.165192800294970854e-01, 2.647645250324946464e-01
2.867772162075344355e-01, 1.323411774171017463e-01, 3.166732106362973864e-01, 2.642083957390663485e-01
2.869813762959774195e-01, 1.325398025421138382e-01, 3.168260938562335594e-01, 2.636527273056751830e-01
2.871850436922830374e-01, 1.327395019026961220e-01, 3.169779304841572887e-01, 2.630975239208637184e-01
2.873882197700640684e-01, 1.329402691620177046e-01, 3.171287213244385339e-01, 2.625427897434796098e-01
2.875909059049668870e-01, 1.331420980013152122e-01, 3.172784671909095744e-01, 2.619885289028083819e-01
2.877931034746009642e-01, 1.333449821198862129e-01, 3.174271689068072222e-01, 2.614347454987056008e-01
2.879948138584698669e-01, 1.335489152350822217e-01, 3.175748273047178105e-01, 2.608814436017300453e-01
2.881960384379016471e-01, 1.337538910823010685e-01, 3.177214432265210164e-01, 2.603286272532763235e-01
2.883967785959804520e-01, 1.339599034149777101e-01, 3.178670175233341277e-01, 2.597763004657075436e-01
2.885970357174783563e-01, 1.341669460045753215e-01, 3.180115510554575864e-01, 2.592244672224887081e-01
2.887968111887874723e-01, 1.343750126405743595e-01, 3.181550446923194775e-01, 2.586731314783187741e-01
2.889961063978523370e-01, 1.345840971304620715e-01, 3.182974993124214613e-01, 2.581222971592641025e-01
2.891949227341039097e-01, 1.347941932997203385e-01, 3.184389158032844280e-01, 2.575719681628912960e-01
2.893932615883920700e-01, 1.350052949918133238e-01, 3.185792950613948737e-01, 2.570221483583997046e-01
2.895911243529203372e-01, 1.352173960681739007e-01, 3.187186379921511103e-01, 2.564728415867545963e-01
2.897885124211798114e-01, 1.354304904081900518e-01, 3.188569455098104743e-01, 2.559240516608196070e-01
2.899854271878845591e-01, 1.356445719091897151e-01, 3.189942185374358696e-01, 2.553757823654899117e-01
2.901818700489060543e-01, 1.358596344864257954e-01, 3.191304580068436425e-01, 2.548280374578243967e-01
2.903778424012102288e-01, 1.360756720730596225e-01, 3.192656648585513457e-01, 2.542808206671788862e-01
2.905733456427919137e-01, 1.362926786201446028e-01, 3.193998400417254468e-01, 2.537341356953379812e-01
2.907683811726131662e-01, 1.365106480966085389e-01, 3.195329845141300362e-01, 2.531879862166482864e-01
2.909629503905388770e-01, 1.367295744892357001e-01, 3.196650992420753123e-01, 2.526423758781501383e-01
2.911570546972749862e-01, 1.369494518026480590e-01, 3.197961852003664562e-01, 2.520973082997104431e-01
2.913506954943062000e-01, 1.371702740592859460e-01, 3.199262433722533383e-01, 2.515527870741544048e-01
2.915438741838340952e-01, 1.373920352993882321e-01, 3.200552747493796146e-01, 2.510088157673980302e-01
2.917365921687159469e-01, 1.376147295809717619e-01, 3.201832803317327114e-01, 2.504653979185796353e-01
2.919288508524038872e-01, 1.378383509798101758e-01, 3.203102611275940315e-01, 2.499225370401919610e-01
2.921206516388844543e-01, 1.380628935894122333e-01, 3.204362181534895493e-01, 2.493802366182137076e-01
2.923119959326184181e-01, 1.382883515209997194e-01, 3.205611524341404617e-01, 2.488385001122413731e-01
2.925028851384812167e-01, 1.385147189034844073e-01, 3.206850650024140603e-01, 2.482973309556202046e-01
2.926933206617040040e-01, 1.387419898834449938e-01, 3.208079568992754926e-01, 2.477567325555756483e-01
2.928833039078143630e-01, 1.389701586251029519e-01, 3.209298291737383568e-01, 2.472167082933443283e-01
2.930728362825782973e-01, 1.391992193102981890e-01, 3.210506828828181280e-01, 2.466772615243051914e-01
2.932619191919424440e-01, 1.394291661384644831e-01, 3.211705190914831420e-01, 2.461383955781099586e-01
2.934505540419757308e-01, 1.396599933266034765e-01, 3.212893388726071886e-01, 2.456001137588134653e-01
2.936387422388131441e-01, 1.398916951092595562e-01, 3.214071433069228823e-01, 2.450624193450044452e-01
2.938264851885982187e-01, 1.401242657384925705e-01, 3.215239334829738116e-01, 2.445253155899352326e-01
2.940137842974273052e-01, 1.403576994838518499e-01, 3.216397104970685206e-01, 2.439888057216522133e-01
2.942006409712932258e-01, 1.405919906323485347e-01, 3.217544754532336015e-01, 2.434528929431245825e-01
2.943870566160298741e-01, 1.408271334884275972e-01, 3.218682294631676211e-01, 2.429175804323749910e-01
2.945730326372569818e-01, 1.410631223739402251e-01, 3.219809736461951011e-01, 2.423828713426077752e-01
2.947585704403253848e-01, 1.412999516281147616e-01, 3.220927091292212219e-01, 2.418487688023385485e-01
2.949436714302628992e-01, 1.415376156075280334e-01, 3.222034370466860254e-01, 2.413152759155229310e-01
2.951283370117200877e-01, 1.417761086860755693e-01, 3.223131585405193955e-01, 2.407823957616850030e-01
2.953125685889168017e-01, 1.420154252549420126e-01, 3.224218747600958723e-01, 2.402501313960453133e-01
2.954963675655888911e-01, 1.422555597225708679e-01, 3.225295868621907980e-01, 2.397184858496494708e-01
2.956797353449355792e-01, 1.424965065146338861e-01, 3.226362960109349087e-01, 2.391874621294955983e-01
2.958626733295670053e-01, 1.427382600740001173e-01, 3.227420033777712582e-01, 2.386570632186617580e-01
2.960451829214520991e-01, 1.429808148607045193e-01, 3.228467101414101981e-01, 2.381272920764332390e-01
2.962272655218671225e-01, 1.432241653519164548e-01, 3.229504174877866340e-01, 2.375981516384298442e-01
2.964089225313442655e-01, 1.434683060419073286e-01, 3.230531266100163945e-01, 2.370696448167320669e-01
2.965901553496209653e-01, 1.437132314420186407e-01, 3.231548387083525431e-01, 2.365417745000078509e-01
2.967709653755891130e-01, 1.439589360806289575e-01, 3.232555549901434122e-01, 2.360145435536385172e-01
2.969513540072453162e-01, 1.442054145031210766e-01, 3.233552766697888603e-01, 2.354879548198446915e-01
2.971313226416406605e-01, 1.444526612718487757e-01, 3.234540049686988050e-01, 2.349620111178116200e-01
2.973108726748319719e-01, 1.447006709661030066e-01, 3.235517411152502576e-01, 2.344367152438147084e-01
2.974900055018321887e-01, 1.449494381820780053e-01, 3.236484863447456894e-01, 2.339120699713441165e-01
2.976687225165621786e-01, 1.451989575328373472e-01, 3.237442418993711213e-01, 2.333880780512293529e-01
2.978470251118022771e-01, 1.454492236482791134e-01, 3.238390090281546008e-01, 2.328647422117638699e-01
2.980249146791444370e-01, 1.457002311751014467e-01, 3.239327889869251798e-01, 2.323420651588288255e-01
2.982023926089447663e-01, 1.459519747767674125e-01, 3.240255830382713920e-01, 2.318200495760164015e-01
2.983794602902760662e-01, 1.462044491334695828e-01, 3.241173924515004523e-01, 2.312986981247537599e-01
2.985561191108815349e-01, 1.464576489420949257e-01, 3.242082185025979557e-01, 2.307780134444255282e-01
2.987323704571279159e-01, 1.467115689161886671e-01, 3.242980624741870210e-01, 2.302579981524964792e-01
2.989082157139593687e-01, 1.469662037859183756e-01, 3.243869256554882119e-01, 2.297386548446341270e-01
2.990836562648518937e-01, 1.472215482980381018e-01, 3.244748093422795687e-01, 2.292199860948303525e-01
2.992586934917684238e-01, 1.474775972158515192e-01, 3.245617148368568072e-01, 2.287019944555233331e-01
2.994333287751125838e-01, 1.477343453191754252e-01, 3.246476434479935169e-01, 2.281846824577185295e-01
2.996075634936851140e-01, 1.479917874043030768e-01, 3.247325964909020812e-01, 2.276680526111098390e-01
2.997813990246391835e-01, 1.482499182839669138e-01, 3.248165752871939871e-01, 2.271521074041998878e-01
2.999548367434363150e-01, 1.485087327873014784e-01, 3.248995811648414112e-01, 2.266368493044207122e-01
3.001278780238025856e-01, 1.487682257598059443e-01, 3.249816154581381955e-01, 2.261222807582531635e-01
3.003005242376859396e-01, 1.490283920633065917e-01, 3.250626795076609343e-01, 2.256084041913465899e-01
3.004727767552123341e-01, 1.492892265759188375e-01, 3.251427746602308377e-01, 2.250952220086379352e-01
3.006446369446439393e-01, 1.495507241920097652e-01, 3.252219022688757621e-01, 2.245827365944705611e-01
3.008161061723363949e-01, 1.498128798221594338e-01, 3.253000636927915190e-01, 2.240709503127126523e-01
3.009871858026970104e-01, 1.500756883931231855e-01, 3.253772602973046824e-01, 2.235598655068751217e-01
3.011578771981430203e-01, 1.503391448477929271e-01, 3.254534934538345636e-01, 2.230494845002294058e-01
3.013281817190604506e-01, 1.506032441451588266e-01, 3.255287645398559082e-01, 2.225398095959247313e-01
3.014981007237632626e-01, 1.508679812602703729e-01, 3.256030749388615364e-01, 2.220308430771049113e-01
3.016676355684522193e-01, 1.511333511841979060e-01, 3.256764260403250399e-01, 2.215225872070248903e-01
3.018367876071751388e-01, 1.513993489239936208e-01, 3.257488192396642557e-01, 2.210150442291670958e-01
3.020055581917866494e-01, 1.516659695026522647e-01, 3.258202559382042396e-01, 2.205082163673569018e-01
3.021739486719086654e-01, 1.519332079590724749e-01, 3.258907375431406850e-01, 2.200021058258781748e-01
3.023419603948909185e-01, 1.522010593480171980e-01, 3.259602654675035627e-01, 2.194967147895882931e-01
3.025095947057718782e-01, 1.524695187400744445e-01, 3.260288411301210387e-01, 2.189920454240326664e-01
3.026768529472402824e-01, 1.527385812216177363e-01, 3.260964659555829481e-01, 2.184880998755589776e-01
3.028437364595966130e-01, 1.530082418947668610e-01, 3.261631413742053787e-01, 2.179848802714310085e-01
3.030102465807150702e-01, 1.532784958773480144e-01, 3.262288688219946442e-01, 2.174823887199421601e-01
3.031763846460057699e-01, 1.535493383028539716e-01, 3.262936497406119241e-01, 2.169806273105283068e-01
3.033421519883771622e-01, 1.538207643204048125e-01, 3.263574855773374583e-01, 2.164795981138806502e-01
3.035075499381991171e-01, 1.540927690947074546e-01, 3.264203777850357424e-01, 2.159793031820576581e-01
3.036725798232660645e-01, 1.543653478060163509e-01, 3.264823278221201108e-01, 2.154797445485974738e-01
3.038372429687603571e-01, 1.546384956500930219e-01, 3.265433371525178208e-01, 2.149809242286287447e-01
3.040015406972159107e-01, 1.549122078381661438e-01, 3.266034072456356352e-01, 2.144828442189821716e-01
3.041654743284826767e-01, 1.551864795968918298e-01, 3.266625395763245732e-01, 2.139855064983009758e-01
3.043290451796905050e-01, 1.554613061683129127e-01, 3.267207356248457151e-01, 2.134889130271509505e-01
3.044922545652142265e-01, 1.557366828098191436e-01, 3.267779968768359522e-01, 2.129930657481306777e-01
3.046551037966381825e-01, 1.560126047941070015e-01, 3.268343248232737364e-01, 2.124979665859810241e-01
3.048175941827222513e-01, 1.562890674091391152e-01, 3.268897209604449405e-01, 2.120036174476937763e-01
3.049797270293662654e-01, 1.565660659581044056e-01, 3.269441867899087750e-01, 2.115100202226206094e-01
3.051415036395767055e-01, 1.568435957593774244e-01, 3.269977238184645363e-01, 2.110171767825813338e-01
3.053029253134326715e-01, 1.571216521464781357e-01, 3.270503335581175230e-01, 2.105250889819717253e-01
3.054639933480519098e-01, 1.574002304680316988e-01, 3.271020175260456186e-01, 2.100337586578708837e-01
3.056247090375577846e-01, 1.576793260877276670e-01, 3.271527772445660953e-01, 2.095431876301483420e-01
3.057850736730464147e-01, 1.579589343842803528e-01, 3.272026142411023630e-01, 2.090533777015709249e-01
3.059450885425534783e-01, 1.582390507513875555e-01, 3.272515300481507183e-01, 2.085643306579084144e-01
3.061047549310219607e-01, 1.585196705976906484e-01, 3.272995262032472596e-01, 2.080760482680401036e-01
3.062640741202702355e-01, 1.588007893467343057e-01, 3.273466042489356909e-01, 2.075885322840596847e-01
3.064230473889596462e-01, 1.590824024369257017e-01, 3.273927657327340146e-01, 2.071017844413806097e-01
3.065816760125630869e-01, 1.593645053214944041e-01, 3.274380122071019472e-01, 2.066158064588404786e-01
3.067399612633336936e-01, 1.596470934684517673e-01, 3.274823452294092774e-01, 2.061306000388053172e-01
3.068979044102735365e-01, 1.599301623605506595e-01, 3.275257663619021709e-01, 2.056461668672736331e-01
3.070555067191030330e-01, 1.602137074952452445e-01, 3.275682771716723063e-01, 2.051625086139794996e-01
3.072127694522300834e-01, 1.604977243846502366e-01, 3.276098792306239571e-01, 2.046796269324957784e-01
3.073696938687200397e-01, 1.607822085555010161e-01, 3.276505741154424611e-01, 2.041975234603366496e-01
3.075262812242653410e-01, 1.610671555491129392e-01, 3.276903634075619132e-01, 2.037161998190598622e-01
3.076825327711560365e-01, 1.613525609213413425e-01, 3.277292486931341897e-01, 2.032356576143684590e-01
3.078384497582500323e-01, 1.616384202425410477e-01, 3.277672315629964750e-01, 2.027558984362123340e-01
3.079940334309440586e-01, 1.619247290975263931e-01, 3.278043136126403967e-01, 2.022769238588891239e-01
3.081492850311441378e-01, 1.622114830855306555e-01, 3.278404964421803292e-01, 2.017987354411447665e-01
3.083042057972374406e-01, 1.624986778201663318e-01, 3.278757816563221961e-01, 2.013213347262740038e-01
3.084587969640633642e-01, 1.627863089293847265e-01, 3.279101708643322177e-01, 2.008447232422196083e-01
3.086130597628853889e-01, 1.630743720554359566e-01, 3.279436656800061023e-01, 2.003689025016725800e-01
3.087669954213629886e-01, 1.633628628548288164e-01, 3.279762677216377931e-01, 1.998938740021704019e-01
3.089206051635239869e-01, 1.636517769982910320e-01, 3.280079786119888263e-01, 1.994196392261961548e-01
3.090738902097369678e-01, 1.639411101707290708e-01, 3.280387999782574115e-01, 1.989461996412766609e-01
3.092268517766837976e-01, 1.642308580711882571e-01, 3.280687334520479004e-01, 1.984735567000799616e-01
3.093794910773329243e-01, 1.645210164128131647e-01, 3.280977806693405330e-01, 1.980017118405133780e-01
3.095318093209123989e-01, 1.648115809228075102e-01, 3.281259432704602963e-01, 1.975306664858199890e-01
3.096838077128829525e-01, 1.651025473423945178e-01, 3.281532229000470036e-01, 1.970604220446754151e-01
3.098354874549125171e-01, 1.653939114267774790e-01, 3.281796212070255403e-01, 1.965909799112845469e-01
3.099868497448491911e-01, 1.656856689450997011e-01, 3.282051398445746115e-01, 1.961223414654764963e-01
3.101378957766958155e-01, 1.659778156804053439e-01, 3.282297804700977650e-01, 1.956545080728011587e-01
3.102886267405844389e-01, 1.662703474295995909e-01, 3.282535447451925825e-01, 1.951874810846233599e-01
3.104390438227507820e-01, 1.665632600034094857e-01, 3.282764343356215919e-01, 1.947212618382181959e-01
3.105891482055087582e-01, 1.668565492263444638e-01, 3.282984509112818472e-01, 1.942558516568650695e-01
3.107389410672259378e-01, 1.671502109366568289e-01, 3.283195961461756185e-01, 1.937912518499416703e-01
3.108884235822986231e-01, 1.674442409863029502e-01, 3.283398717183806381e-01, 1.933274637130176221e-01
3.110375969211273683e-01, 1.677386352409037940e-01, 3.283592793100209573e-01, 1.928644885279477694e-01
3.111864622500927213e-01, 1.680333895797058996e-01, 3.283778206072368588e-01, 1.924023275629645202e-01
3.113350207315307983e-01, 1.683284998955422440e-01, 3.283954973001561584e-01, 1.919409820727707716e-01
3.114832735237099692e-01, 1.686239620947936335e-01, 3.284123110828647274e-01, 1.914804532986317809e-01
3.116312217808067109e-01, 1.689197720973493466e-01, 3.284282636533772393e-01, 1.910207424684666477e-01
3.117788666528827357e-01, 1.692159258365689423e-01, 3.284433567136084697e-01, 1.905618507969399356e-01
3.119262092858610114e-01, 1.695124192592428747e-01, 3.284575919693435986e-01, 1.901037794855524876e-01
3.120732508215034451e-01, 1.698092483255543295e-01, 3.284709711302103985e-01, 1.896465297227318270e-01
3.122199923973875690e-01, 1.701064090090405878e-01, 3.284834959096492590e-01, 1.891901026839225008e-01
3.123664351468843359e-01, 1.704038972965543630e-01, 3.284951680248852646e-01, 1.887344995316759255e-01
3.125125801991354146e-01, 1.707017091882256088e-01, 3.285059891968991064e-01, 1.882797214157398147e-01
3.126584286790310974e-01, 1.709998406974230223e-01, 3.285159611503987720e-01, 1.878257694731470806e-01
3.128039817071882611e-01, 1.712982878507159357e-01, 3.285250856137907904e-01, 1.873726448283049573e-01
3.129492403999287742e-01, 1.715970466878362355e-01, 3.285333643191519770e-01, 1.869203485930829578e-01
3.130942058692576802e-01, 1.718961132616400600e-01, 3.285407990022011226e-01, 1.864688818669012482e-01
3.132388792228416596e-01, 1.721954836380699683e-01, 3.285473914022704056e-01, 1.860182457368179110e-01
3.133832615639883246e-01, 1.724951538961171649e-01, 3.285531432622777470e-01, 1.855684412776167358e-01
3.135273539916246244e-01, 1.727951201277835580e-01, 3.285580563286981670e-01, 1.851194695518937339e-01
3.136711576002763069e-01, 1.730953784380438454e-01, 3.285621323515358627e-01, 1.846713316101439017e-01
3.138146734800475457e-01, 1.733959249448083773e-01, 3.285653730842965081e-01, 1.842240284908475412e-01
3.139579027165997349e-01, 1.736967557788851035e-01, 3.285677802839589989e-01, 1.837775612205560516e-01
3.141008463911320048e-01, 1.739978670839425479e-01, 3.285693557109478635e-01, 1.833319308139775838e-01
3.142435055803606825e-01, 1.742992550164720045e-01, 3.285701011291051743e-01, 1.828871382740620832e-01
3.143858813564995303e-01, 1.746009157457507066e-01, 3.285700183056633472e-01, 1.824431845920862771e-01
3.145279747872401499e-01, 1.749028454538042732e-01, 3.285691090112171642e-01, 1.820000707477383850e-01
3.146697869357320543e-01, 1.752050403353699048e-01, 3.285673750196961285e-01, 1.815577977092018014e-01
3.148113188605638491e-01, 1.755074965978591917e-01, 3.285648181083373753e-01, 1.811163664332396117e-01
3.149525716157435262e-01, 1.758102104613210592e-01, 3.285614400576578609e-01, 1.806757778652774982e-01
3.150935462506798679e-01, 1.761131781584054923e-01, 3.285572426514273836e-01, 1.802360329394873673e-01
3.152342438101632394e-01, 1.764163959343260923e-01, 3.285522276766407734e-01, 1.797971325788699226e-01
3.153746653343472151e-01, 1.767198600468239678e-01, 3.285463969234912462e-01, 1.793590776953375154e-01
3.155148118587300932e-01, 1.770235667661309575e-01, 3.285397521853429814e-01, 1.789218691897960511e-01
3.156546844141361330e-01, 1.773275123749331050e-01, 3.285322952587038103e-01, 1.784855079522268961e-01
3.157942840266979578e-01, 1.776316931683344369e-01, 3.285240279431987376e-01, 1.780499948617687844e-01
3.159336117178381809e-01, 1.779361054538207143e-01, 3.285149520415424629e-01, 1.776153307867986697e-01
3.160726685042515860e-01, 1.782407455512229066e-01, 3.285050693595127913e-01, 1.771815165850126328e-01
3.162114553978878639e-01, 1.785456097926815255e-01, 3.284943817059235438e-01, 1.767485531035070390e-01
3.163499734059332380e-01, 1.788506945226103206e-01, 3.284828908925983004e-01, 1.763164411788581964e-01
3.164882235307940883e-01, 1.791559960976603916e-01, 3.284705987343429223e-01, 1.758851816372026255e-01
3.166262067700790772e-01, 1.794615108866846054e-01, 3.284575070489195170e-01, 1.754547752943169392e-01
3.167639241165822739e-01, 1.797672352707013754e-01, 3.284436176570196819e-01, 1.750252229556967520e-01
3.169013765582665010e-01, 1.800731656428594396e-01, 3.284289323822380258e-01, 1.745965254166360892e-01
3.170385650782461817e-01, 1.803792984084021389e-01, 3.284134530510455230e-01, 1.741686834623062397e-01
3.171754906547710195e-01, 1.806856299846319458e-01, 3.283971814927631461e-01, 1.737416978678339163e-01
3.173121542612095114e-01, 1.809921568008749648e-01, 3.283801195395358308e-01, 1.733155693983795820e-01
3.174485568660325718e-01, 1.812988752984458218e-01, 3.283622690263059973e-01, 1.728902988092155535e-01
3.175846994327974904e-01, 1.816057819306122756e-01, 3.283436317907871271e-01, 1.724658868458031069e-01
3.177205829201315557e-01, 1.819128731625602458e-01, 3.283242096734380056e-01, 1.720423342438702485e-01
3.178562082817167900e-01, 1.822201454713586743e-01, 3.283040045174362986e-01, 1.716196417294882648e-01
3.179915764662739064e-01, 1.825275953459244427e-01, 3.282830181686526294e-01, 1.711978100191491048e-01
3.181266884175464327e-01, 1.828352192869877324e-01, 3.282612524756247097e-01, 1.707768398198411253e-01
3.182615450742859453e-01, 1.831430138070573033e-01, 3.282387092895311942e-01, 1.703567318291256405e-01
3.183961473702359157e-01, 1.834509754303852713e-01, 3.282153904641660347e-01, 1.699374867352128060e-01
3.185304962341172219e-01, 1.837591006929331361e-01, 3.281912978559126115e-01, 1.695191052170369750e-01
3.186645925896128828e-01, 1.840673861423368085e-01, 3.281664333237178655e-01, 1.691015879443324710e-01
3.187984373553528483e-01, 1.843758283378722496e-01, 3.281407987290668182e-01, 1.686849355777079729e-01
3.189320314448996774e-01, 1.846844238504212754e-01, 3.281143959359568152e-01, 1.682691487687222320e-01
3.190653757667334944e-01, 1.849931692624369461e-01, 3.280872268108719347e-01, 1.678542281599577357e-01
3.191984712242375566e-01, 1.853020611679095098e-01, 3.280592932227575642e-01, 1.674401743850952862e-01
3.193313187156841537e-01, 1.856110961723325403e-01, 3.280305970429950313e-01, 1.670269880689883579e-01
3.194639191342197315e-01, 1.859202708926682435e-01, 3.280011401453758468e-01, 1.666146698277361782e-01
3.195962733678511802e-01, 1.862295819573140387e-01, 3.279709244060768913e-01, 1.662032202687578342e-01
3.197283822994318458e-01, 1.865390260060684202e-01, 3.279399517036346579e-01, 1.657926399908650483e-01
3.198602468066469862e-01, 1.868485996900971502e-01, 3.279082239189205494e-01, 1.653829295843354252e-01
3.199918677620006702e-01, 1.871582996718993142e-01, 3.278757429351150665e-01, 1.649740896309849769e-01
3.201232460328017337e-01, 1.874681226252741251e-01, 3.278425106376832709e-01, 1.645661207042408147e-01
3.202543824811503459e-01, 1.877780652352868673e-01, 3.278085289143495840e-01, 1.641590233692133138e-01
3.203852779639240755e-01, 1.880881241982353680e-01, 3.277737996550725286e-01, 1.637527981827679724e-01
3.205159333327654014e-01, 1.883982962216169676e-01, 3.277383247520203047e-01, 1.633474456935973540e-01
3.206463494340675013e-01, 1.887085780240944366e-01, 3.277021060995454760e-01, 1.629429664422924473e-01
3.207765271089620396e-01, 1.890189663354633343e-01, 3.276651455941605451e-01, 1.625393609614141643e-01
3.209064671933052337e-01, 1.893294578966182029e-01, 3.276274451345126404e-01, 1.621366297755639785e-01
3.210361705176654756e-01, 1.896400494595197606e-01, 3.275890066213595353e-01, 1.617347734014552563e-01
3.211656379073105083e-01, 1.899507377871614833e-01, 3.275498319575445016e-01, 1.613337923479834513e-01
3.212948701821943809e-01, 1.902615196535367981e-01, 3.275099230479721624e-01, 1.609336871162966864e-01
3.214238681569451805e-01, 1.905723918436057485e-01, 3.274692817995833449e-01, 1.605344581998657261e-01
3.215526326408522650e-01, 1.908833511532624094e-01, 3.274279101213312670e-01, 1.601361060845540862e-01
3.216811644378537727e-01, 1.911943943893017750e-01, 3.273858099241568897e-01, 1.597386312486875348e-01
3.218094643465246318e-01, 1.915055183693871177e-01, 3.273429831209646590e-01, 1.593420341631237303e-01
3.219375331600639045e-01, 1.918167199220169039e-01, 3.272994316265979697e-01, 1.589463152913213051e-01
3.220653716662829624e-01, 1.921279958864925141e-01, 3.272551573578153516e-01, 1.585514750894093383e-01
3.221929806475931635e-01, 1.924393431128853527e-01, 3.272101622332659887e-01, 1.581575140062554952e-01
3.223203608809942500e-01, 1.927507584620041237e-01, 3.271644481734659604e-01, 1.577644324835354994e-01
3.224475131380621917e-01, 1.930622388053627736e-01, 3.271180171007740389e-01, 1.573722309558009402e-01
3.225744381849371956e-01, 1.933737810251475453e-01, 3.270708709393675973e-01, 1.569809098505477729e-01
3.227011367823124921e-01, 1.936853820141844762e-01, 3.270230116152187394e-01, 1.565904695882843201e-01
3.228276096854223454e-01, 1.939970386759077015e-01, 3.269744410560709302e-01, 1.562009105825991062e-01
3.229538576440306730e-01, 1.943087479243262305e-01, 3.269251611914144595e-01, 1.558122332402285537e-01
3.230798814024196108e-01, 1.946205066839925002e-01, 3.268751739524634048e-01, 1.554244379611244009e-01
3.232056816993780224e-01, 1.949323118899693452e-01, 3.268244812721315951e-01, 1.550375251385209541e-01
3.233312592681901743e-01, 1.952441604877984682e-01, 3.267730850850091850e-01, 1.546514951590020615e-01
3.234566148366246341e-01, 1.955560494334679933e-01, 3.267209873273391185e-01, 1.542663484025683929e-01
3.235817491269229462e-01, 1.958679756933802141e-01, 3.266681899369932585e-01, 1.538820852427035535e-01
3.237066628557888071e-01, 1.961799362443199246e-01, 3.266146948534500161e-01, 1.534987060464412245e-01
3.238313567343769628e-01, 1.964919280734220008e-01, 3.265605040177699259e-01, 1.531162111744311105e-01
3.239558314682819407e-01, 1.968039481781397038e-01, 3.265056193725731082e-01, 1.527346009810052752e-01
3.240800877575276684e-01, 1.971159935662126217e-01, 3.264500428620156214e-01, 1.523538758142440608e-01
3.242041262965565940e-01, 1.974280612556346959e-01, 3.263937764317665913e-01, 1.519740360160421744e-01
3.243279477742183614e-01, 1.977401482746224959e-01, 3.263368220289852295e-01, 1.515950819221739687e-01
3.244515528737600962e-01, 1.980522516615831619e-01, 3.262791816022976299e-01, 1.512170138623592230e-01
3.245749422728149147e-01, 1.983643684650829020e-01, 3.262208571017737868e-01, 1.508398321603284797e-01
3.246981166433921540e-01, 1.986764957438149071e-01, 3.261618504789050021e-01, 1.504635371338879923e-01
3.248210766518660475e-01, 1.989886305665677646e-01, 3.261021636865811812e-01, 1.500881290949849789e-01
3.249438229589660110e-01, 1.993007700121937620e-01, 3.260417986790676848e-01, 1.497136083497725700e-01
3.250663562197659839e-01, 1.996129111695770508e-01, 3.259807574119828466e-01, 1.493399751986741464e-01
3.251886770836741047e-01, 1.999250511376021167e-01, 3.259190418422756585e-01, 1.489672299364481756e-01
3.253107861944224410e-01, 2.002371870251219987e-01, 3.258566539282029551e-01, 1.485953728522526052e-01
3.254326841900568312e-01, 2.005493159509268153e-01, 3.257935956293073754e-01, 1.482244042297090336e-01
3.255543717029266704e-01, 2.008614350437120943e-01, 3.257298689063943820e-01, 1.478543243469668811e-01
3.256758493596749737e-01, 2.011735414420471324e-01, 3.256654757215105556e-01, 1.474851334767674216e-01
3.257971177812280517e-01, 2.014856322943434364e-01, 3.256004180379210577e-01, 1.471168318865074820e-01
3.259181775827856842e-01, 2.017977047588233042e-01, 3.255346978200876484e-01, 1.467494198383032245e-01
3.260390293738112399e-01, 2.021097560034882668e-01, 3.254683170336467035e-01, 1.463828975890537898e-01
3.261596737580212957e-01, 2.024217832060872801e-01, 3.254012776453868439e-01, 1.460172653905045248e-01
3.262801113333764214e-01, 2.027337835540855560e-01, 3.253335816232275080e-01, 1.456525234893104315e-01
3.264003426920707440e-01, 2.030457542446330310e-01, 3.252652309361967475e-01, 1.452886721270994497e-01
3.265203684205224555e-01, 2.033576924845326428e-01, 3.251962275544097447e-01, 1.449257115405351015e-01
3.266401890993642088e-01, 2.036695954902090488e-01, 3.251265734490468295e-01, 1.445636419613798018e-01
3.267598053034329597e-01, 2.039814604876771797e-01, 3.250562705923322748e-01, 1.442024636165575857e-01
3.268792176017604745e-01, 2.042932847125105145e-01, 3.249853209575123691e-01, 1.438421767282166419e-01
3.269984265575638371e-01, 2.046050654098099386e-01, 3.249137265188342116e-01, 1.434827815137919571e-01
3.271174327282356797e-01, 2.049167998341721308e-01, 3.248414892515243402e-01, 1.431242781860678492e-01
3.272362366653345789e-01, 2.052284852496579770e-01, 3.247686111317674151e-01, 1.427666669532400845e-01
3.273548389145753412e-01, 2.055401189297613451e-01, 3.246950941366850141e-01, 1.424099480189783551e-01
3.274732400158200107e-01, 2.058516981573773885e-01, 3.246209402443143710e-01, 1.420541215824882297e-01
3.275914405030677656e-01, 2.061632202247712375e-01, 3.245461514335878928e-01, 1.416991878385731596e-01
3.277094409044455925e-01, 2.064746824335465247e-01, 3.244707296843113431e-01, 1.413451469776966229e-01
3.278272417421991269e-01, 2.067860820946136324e-01, 3.243946769771436922e-01, 1.409919991860434929e-01
3.279448435326828282e-01, 2.070974165281587454e-01, 3.243179952935761889e-01, 1.406397446455822098e-01
3.280622467863508196e-01, 2.074086830636117651e-01, 3.242406866159114331e-01, 1.402883835341260099e-01
3.281794520077473964e-01, 2.077198790396151129e-01, 3.241627529272430031e-01, 1.399379160253946264e-01
3.282964596954976444e-01, 2.080310018039918940e-01, 3.240841962114346386e-01, 1.395883422890757675e-01
3.284132703422981137e-01, 2.083420487137150889e-01, 3.240050184531004240e-01, 1.392396624908863179e-01
3.285298844349074376e-01, 2.086530171348751073e-01, 3.239252216375838600e-01, 1.388918767926336229e-01
3.286463024541370070e-01, 2.089639044426487291e-01, 3.238448077509377687e-01, 1.385449853522765229e-01
3.287625248748418105e-01, 2.092747080212673527e-01, 3.237637787799041433e-01, 1.381989883239866379e-01
3.288785521659108313e-01, 2.095854252639854642e-01, 3.236821367118943860e-01, 1.378538858582092352e-01
3.289943847902580543e-01, 2.098960535730489130e-01, 3.235998835349688796e-01, 1.375096781017242364e-01
3.291100232048128071e-01, 2.102065903596632424e-01, 3.235170212378172261e-01, 1.371663651977066967e-01
3.292254678605109341e-01, 2.105170330439621873e-01, 3.234335518097387063e-01, 1.368239472857880890e-01
3.293407192022853036e-01, 2.108273790549757276e-01, 3.233494772406225737e-01, 1.364824245021165061e-01
3.294557776690562045e-01, 2.111376258305983911e-01, 3.232647995209277925e-01, 1.361417969794175842e-01
3.295706436937227424e-01, 2.114477708175577508e-01, 3.231795206416646082e-01, 1.358020648470547320e-01
3.296853177031532356e-01, 2.117578114713822290e-01, 3.230936425943743973e-01, 1.354632282310901381e-01
3.297998001181756678e-01, 2.120677452563695387e-01, 3.230071673711103486e-01, 1.351252872543443895e-01
3.299140913535689168e-01, 2.123775696455547091e-01, 3.229200969644189234e-01, 1.347882420364575062e-01
3.300281918180531515e-01, 2.126872821206783337e-01, 3.228324333673198154e-01, 1.344520926939488104e-01
3.301421019142806168e-01, 2.129968801721542904e-01, 3.227441785732878543e-01, 1.341168393402772108e-01
3.302558220388266963e-01, 2.133063612990382107e-01, 3.226553345762334657e-01, 1.337824820859015995e-01
3.303693525821800314e-01, 2.136157230089951731e-01, 3.225659033704842416e-01, 1.334490210383406095e-01
3.304826939287334175e-01, 2.139249628182677554e-01, 3.224758869507659553e-01, 1.331164563022328440e-01
3.305958464567750332e-01, 2.142340782516438669e-01, 3.223852873121842433e-01, 1.327847879793968844e-01
3.307088105384782262e-01, 2.145430668424246623e-01, 3.222941064502058972e-01, 1.324540161688910755e-01
3.308215865398930200e-01, 2.148519261323924012e-01, 3.222023463606408789e-01, 1.321241409670737277e-01
3.309341748209360667e-01, 2.151606536717781126e-01, 3.221100090396232241e-01, 1.317951624676625688e-01
3.310465757353819316e-01, 2.154692470192294262e-01, 3.220170964835938898e-01, 1.314670807617948356e-01
3.311587896308531009e-01, 2.157777037417780708e-01, 3.219236106892819915e-01, 1.311398959380868645e-01
3.312708168488109894e-01, 2.160860214148076497e-01, 3.218295536536872614e-01, 1.308136080826940439e-01
3.313826577245465033e-01, 2.163941976220212782e-01, 3.217349273740619520e-01, 1.304882172793702666e-01
3.314943125871704921e-01, 2.167022299554089149e-01, 3.216397338478930168e-01, 1.301637236095276318e-01
3.316057817596042012e-01, 2.170101160152147768e-01, 3.215439750728850687e-01, 1.298401271522960365e-01
3.317170655585699457e-01, 2.173178534099049486e-01, 3.214476530469420612e-01, 1.295174279845829057e-01
3.318281642945817289e-01, 2.176254397561347420e-01, 3.213507697681509678e-01, 1.291956261811325057e-01
3.319390782719353616e-01, 2.179328726787156667e-01, 3.212533272347632418e-01, 1.288747218145857298e-01
3.320498077886990806e-01, 2.182401498105829285e-01, 3.211553274451786621e-01, 1.285547149555392177e-01
3.321603531367041673e-01, 2.185472687927626778e-01, 3.210567723979280141e-01, 1.282356056726051963e-01
3.322707146015346780e-01, 2.188542272743386474e-01, 3.209576640916557699e-01, 1.279173940324707659e-01
3.323808924625189509e-01, 2.191610229124198173e-01, 3.208580045251042123e-01, 1.276000800999571305e-01
3.324908869927184485e-01, 2.194676533721066636e-01, 3.207577956970955047e-01, 1.272836639380793555e-01
3.326006984589193749e-01, 2.197741163264589070e-01, 3.206570396065164252e-01, 1.269681456081054038e-01
3.327103271216219071e-01, 2.200804094564615121e-01, 3.205557382523008814e-01, 1.266535251696157272e-01
3.328197732350310911e-01, 2.203865304509920464e-01, 3.204538936334143662e-01, 1.263398026805625796e-01
3.329290370470467386e-01, 2.206924770067869024e-01, 3.203515077488371943e-01, 1.260269781973290815e-01
3.330381187992535463e-01, 2.209982468284084622e-01, 3.202485825975491252e-01, 1.257150517747889773e-01
3.331470187269110483e-01, 2.213038376282110697e-01, 3.201451201785122658e-01, 1.254040234663655884e-01
3.332557370589439572e-01, 2.216092471263078623e-01, 3.200411224906568597e-01, 1.250938933240912376e-01
3.333642740179322828e-01, 2.219144730505371310e-01, 3.199365915328640231e-01, 1.247846613986665631e-01
3.334726298201004524e-01, 2.222195131364283205e-01, 3.198315293039514229e-01, 1.244763277395197765e-01
3.335808046753083178e-01, 2.225243651271686940e-01, 3.197259378026570120e-01, 1.241688923948659623e-01
3.336887987870401084e-01, 2.228290267735691943e-01, 3.196198190276243190e-01, 1.238623554117663089e-01
3.337966123523949946e-01, 2.231334958340306374e-01, 3.195131749773869045e-01, 1.235567168361874496e-01
3.339042455620762073e-01, 2.234377700745096562e-01, 3.194060076503534296e-01, 1.232519767130607208e-01
3.340116986003811572e-01, 2.237418472684845894e-01, 3.192983190447928887e-01, 1.229481350863413647e-01
3.341189716451907765e-01, 2.240457251969212860e-01, 3.191901111588199558e-01, 1.226451919990680650e-01
3.342260648679595825e-01, 2.243494016482387998e-01, 3.190813859903798289e-01, 1.223431474934218582e-01
3.343329784337046862e-01, 2.246528744182751947e-01, 3.189721455372342973e-01, 1.220420016107858358e-01
3.344397125009955785e-01, 2.249561413102529606e-01, 3.188623917969471977e-01, 1.217417543918041939e-01
3.345462672219436939e-01, 2.252592001347443751e-01, 3.187521267668703140e-01, 1.214424058764415337e-01
3.346526427421914196e-01, 2.255620487096371973e-01, 3.186413524441288891e-01, 1.211439561040424384e-01
3.347588392009014924e-01, 2.258646848600994739e-01, 3.185300708256083579e-01, 1.208464051133906481e-01
3.348648567307466184e-01, 2.261671064185450664e-01, 3.184182839079398586e-01, 1.205497529427683179e-01
3.349706954578981488e-01, 2.264693112245987905e-01, 3.183059936874874096e-01, 1.202539996300157066e-01
3.350763555020154216e-01, 2.267712971250608889e-01, 3.181932021603334215e-01, 1.199591452125902125e-01
3.351818369762348815e-01, 2.270730619738726419e-01, 3.180799113222663732e-01, 1.196651897276260895e-01
3.352871399871590330e-01, 2.273746036320805908e-01, 3.179661231687667677e-01, 1.193721332119936918e-01
3.353922646348451164e-01, 2.276759199678013434e-01, 3.178518396949945313e-01, 1.190799757023590366e-01
3.354972110127942830e-01, 2.279770088561864638e-01, 3.177370628957760235e-01, 1.187887172352432297e-01
3.356019792079402708e-01, 2.282778681793864728e-01, 3.176217947655911589e-01, 1.184983578470820004e-01
3.357065693006380247e-01, 2.285784958265156264e-01, 3.175060372985611390e-01, 1.182088975742852377e-01
3.358109813646522057e-01, 2.288788896936161110e-01, 3.173897924884352406e-01, 1.179203364532965120e-01
3.359152154671460333e-01, 2.291790476836218227e-01, 3.172730623285794915e-01, 1.176326745206527080e-01
3.360192716686696834e-01, 2.294789677063230338e-01, 3.171558488119636254e-01, 1.173459118130436435e-01
3.361231500231485203e-01, 2.297786476783299781e-01, 3.170381539311498131e-01, 1.170600483673717440e-01
3.362268505778714389e-01, 2.300780855230366573e-01, 3.169199796782802836e-01, 1.167750842208115647e-01
3.363303733734793743e-01, 2.303772791705848144e-01, 3.168013280450659441e-01, 1.164910194108698394e-01
3.364337184439530892e-01, 2.306762265578272686e-01, 3.166822010227747231e-01, 1.162078539754448775e-01
3.365368858166015165e-01, 2.309749256282916940e-01, 3.165626006022201899e-01, 1.159255879528865579e-01
3.366398755120495467e-01, 2.312733743321437607e-01, 3.164425287737504533e-01, 1.156442213820561699e-01
3.367426875442262602e-01, 2.315715706261507190e-01, 3.163219875272369475e-01, 1.153637543023862261e-01
3.368453219203520477e-01, 2.318695124736440960e-01, 3.162009788520636633e-01, 1.150841867539402902e-01
3.369477786409273423e-01, 2.321671978444832252e-01, 3.160795047371164346e-01, 1.148055187774730673e-01
3.370500576997193520e-01, 2.324646247150178868e-01, 3.159575671707723910e-01, 1.145277504144903424e-01
3.371521590837502358e-01, 2.327617910680512547e-01, 3.158351681408892997e-01, 1.142508817073091126e-01
3.372540827732842250e-01, 2.330586948928024815e-01, 3.157123096347957958e-01, 1.139749126991174838e-01
3.373558287418148560e-01, 2.333553341848692286e-01, 3.155889936392809458e-01, 1.136998434340349001e-01
3.374573969560529241e-01, 2.336517069461902518e-01, 3.154652221405845336e-01, 1.134256739571724015e-01
3.375587873759125501e-01, 2.339478111850077091e-01, 3.153409971243870680e-01, 1.131524043146926728e-01
3.376599999544996344e-01, 2.342436449158290801e-01, 3.152163205758007347e-01, 1.128800345538704675e-01
3.377610346380976458e-01, 2.345392061593898347e-01, 3.150911944793595709e-01, 1.126085647231529208e-01
3.378618913661551315e-01, 2.348344929426146310e-01, 3.149656208190103612e-01, 1.123379948722198485e-01
3.379625700712723391e-01, 2.351295032985796785e-01, 3.148396015781038115e-01, 1.120683250520442403e-01
3.380630706791878937e-01, 2.354242352664741855e-01, 3.147131387393852786e-01, 1.117995553149526144e-01
3.381633931087654754e-01, 2.357186868915621958e-01, 3.145862342849864435e-01, 1.115316857146859270e-01
3.382635372719802191e-01, 2.360128562251435913e-01, 3.144588901964167071e-01, 1.112647163064595518e-01
3.383635030739050031e-01, 2.363067413245155679e-01, 3.143311084545548084e-01, 1.109986471470246483e-01
3.384632904126969044e-01, 2.366003402529341659e-01, 3.142028910396404973e-01, 1.107334782947282520e-01
3.385628991795834319e-01, 2.368936510795748851e-01, 3.140742399312672628e-01, 1.104692098095744340e-01
3.386623292588482603e-01, 2.371866718794934659e-01, 3.139451571083735071e-01, 1.102058417532848777e-01
3.387615805278172409e-01, 2.374794007335872537e-01, 3.138156445492355506e-01, 1.099433741893600103e-01
3.388606528568446352e-01, 2.377718357285552586e-01, 3.136857042314603605e-01, 1.096818071831397040e-01
3.389595461092985706e-01, 2.380639749568590480e-01, 3.135553381319778343e-01, 1.094211408018645054e-01
3.390582601415464414e-01, 2.383558165166829168e-01, 3.134245482270340277e-01, 1.091613751147365308e-01
3.391567948029408086e-01, 2.386473585118941421e-01, 3.132933364921843822e-01, 1.089025101929807088e-01
3.392551499358044120e-01, 2.389385990520029868e-01, 3.131617049022865640e-01, 1.086445461099059262e-01
3.393533253754160151e-01, 2.392295362521230095e-01, 3.130296554314946911e-01, 1.083874829409663676e-01
3.394513209499948614e-01, 2.395201682329303750e-01, 3.128971900532521166e-01, 1.081313207638227303e-01
3.395491364806861312e-01, 2.398104931206239410e-01, 3.127643107402863221e-01, 1.078760596584037029e-01
3.396467717815459531e-01, 2.401005090468845693e-01, 3.126310194646020890e-01, 1.076216997069674580e-01
3.397442266595258054e-01, 2.403902141488346023e-01, 3.124973181974765035e-01, 1.073682409941631305e-01
3.398415009144576948e-01, 2.406796065689971176e-01, 3.123632089094528497e-01, 1.071156836070923796e-01
3.399385943390382803e-01, 2.409686844552549334e-01, 3.122286935703357247e-01, 1.068640276353711449e-01
3.400355067188136626e-01, 2.412574459608097244e-01, 3.120937741491852657e-01, 1.066132731711914167e-01
3.401322378321633422e-01, 2.415458892441406935e-01, 3.119584526143130976e-01, 1.063634203093828529e-01
3.402287874502848419e-01, 2.418340124689634385e-01, 3.118227309332767816e-01, 1.061144691474749102e-01
3.403251553371774984e-01, 2.421218138041882073e-01, 3.116866110728757078e-01, 1.058664197857586697e-01
3.404213412496263080e-01, 2.424092914238785423e-01, 3.115500949991464319e-01, 1.056192723273487316e-01
3.405173449371861061e-01, 2.426964435072092863e-01, 3.114131846773589563e-01, 1.053730268782456514e-01
3.406131661421649692e-01, 2.429832682384248932e-01, 3.112758820720121777e-01, 1.051276835473978072e-01
3.407088045996078951e-01, 2.432697638067973789e-01, 3.111381891468309457e-01, 1.048832424467637942e-01
3.408042600372799269e-01, 2.435559284065837160e-01, 3.110001078647615658e-01, 1.046397036913746525e-01
3.408995321756502217e-01, 2.438417602369840065e-01, 3.108616401879694124e-01, 1.043970673993963733e-01
3.409946207278742869e-01, 2.441272575020985158e-01, 3.107227880778349327e-01, 1.041553336921922229e-01
3.410895253997777155e-01, 2.444124184108854569e-01, 3.105835534949514809e-01, 1.039145026943854577e-01
3.411842458898384778e-01, 2.446972411771177469e-01, 3.104439383991219326e-01, 1.036745745339217872e-01
3.412787818891704905e-01, 2.449817240193404855e-01, 3.103039447493569081e-01, 1.034355493421321992e-01
3.413731330815054088e-01, 2.452658651608272955e-01, 3.101635745038717196e-01, 1.031974272537955761e-01
3.414672991431756399e-01, 2.455496628295378014e-01, 3.100228296200848166e-01, 1.029602084072016865e-01
3.415612797430967462e-01, 2.458331152580733869e-01, 3.098817120546158432e-01, 1.027238929442140375e-01
3.416550745427492375e-01, 2.461162206836342847e-01, 3.097402237632835842e-01, 1.024884810103329075e-01
3.417486831961609184e-01, 2.463989773479755008e-01, 3.095983667011051876e-01, 1.022539727547583377e-01
3.418421053498890694e-01, 2.466813834973630715e-01, 3.094561428222943333e-01, 1.020203683304534703e-01
3.419353406430018505e-01, 2.469634373825300988e-01, 3.093135540802605665e-01, 1.017876678942075397e-01
3.420283887070599271e-01, 2.472451372586321749e-01, 3.091706024276085207e-01, 1.015558716066993078e-01
3.421212491660987620e-01, 2.475264813852037782e-01, 3.090272898161369741e-01, 1.013249796325605551e-01
3.422139216366086867e-01, 2.478074680261128926e-01, 3.088836181968390715e-01, 1.010949921404393909e-01
3.423064057275176375e-01, 2.480880954495171264e-01, 3.087395895199016582e-01, 1.008659093030636472e-01
3.423987010401709496e-01, 2.483683619278184429e-01, 3.085952057347057242e-01, 1.006377312973050220e-01
3.424908071683130939e-01, 2.486482657376183902e-01, 3.084504687898265707e-01, 1.004104583042420562e-01
3.425827236980681922e-01, 2.489278051596728880e-01, 3.083053806330343649e-01, 1.001840905092245826e-01
3.426744502079208665e-01, 2.492069784788471243e-01, 3.081599432112948622e-01, 9.995862810193711923e-02
3.427659862686964765e-01, 2.494857839840697311e-01, 3.080141584707706826e-01, 9.973407127646304049e-02
3.428573314435418573e-01, 2.497642199682877651e-01, 3.078680283568220877e-01, 9.951042023134833159e-02
3.429484852879049472e-01, 2.500422847284204386e-01, 3.077215548140085355e-01, 9.928767516966606477e-02
3.430394473495157470e-01, 2.503199765653135178e-01, 3.075747397860906784e-01, 9.906583629908007060e-02
3.431302171683655033e-01, 2.505972937836931647e-01, 3.074275852160318623e-01, 9.884490383190953910e-02
3.432207942766864472e-01, 2.508742346921196131e-01, 3.072800930460007351e-01, 9.862487798519316284e-02
3.433111781989323652e-01, 2.511507976029411227e-01, 3.071322652173729129e-01, 9.840575898075365480e-02
3.434013684517568388e-01, 2.514269808322470157e-01, 3.069841036707343096e-01, 9.818754704526190535e-02
3.434913645439935381e-01, 2.517027826998212703e-01, 3.068356103458833029e-01, 9.797024241030188874e-02
3.435811659766347947e-01, 2.519782015290955579e-01, 3.066867871818346192e-01, 9.775384531243500041e-02
3.436707722428111178e-01, 2.522532356471022807e-01, 3.065376361168217767e-01, 9.753835599326489414e-02
3.437601828277694338e-01, 2.525278833844273318e-01, 3.063881590883011374e-01, 9.732377469950204141e-02
3.438493972088526585e-01, 2.528021430751627996e-01, 3.062383580329556265e-01, 9.711010168302894319e-02
3.439384148554773812e-01, 2.530760130568595057e-01, 3.060882348866985625e-01, 9.689733720096445346e-02
3.440272352291130487e-01, 2.533494916704793765e-01, 3.059377915846782647e-01, 9.668548151572924076e-02
3.441158577832597598e-01, 2.536225772603474815e-01, 3.057870300612821057e-01, 9.647453489511062519e-02
3.442042819634263950e-01, 2.538952681741043493e-01, 3.056359522501415071e-01, 9.626449761232767910e-02
3.442925072071089110e-01, 2.541675627626575618e-01, 3.054845600841371023e-01, 9.605536994609645274e-02
3.443805329437679141e-01, 2.544394593801335702e-01, 3.053328554954035101e-01, 9.584715218069517206e-02
3.444683585948060123e-01, 2.547109563838293456e-01, 3.051808404153349974e-01, 9.563984460602957538e-02
3.445559835735462761e-01, 2.549820521341636392e-01, 3.050285167745916404e-01, 9.543344751769837486e-02
3.446434072852083697e-01, 2.552527449946286331e-01, 3.048758865031045429e-01, 9.522796121705855155e-02
3.447306291268864564e-01, 2.555230333317401459e-01, 3.047229515300824976e-01, 9.502338601129094176e-02
3.448176484875263292e-01, 2.557929155149895051e-01, 3.045697137840184254e-01, 9.481972221346580965e-02
3.449044647479016512e-01, 2.560623899167938644e-01, 3.044161751926959258e-01, 9.461697014260848915e-02
3.449910772805916404e-01, 2.563314549124469099e-01, 3.042623376831963267e-01, 9.441513012376509528e-02
3.450774854499567001e-01, 2.566001088800690666e-01, 3.041082031819060116e-01, 9.421420248806819386e-02
3.451636886121152159e-01, 2.568683502005583708e-01, 3.039537736145236368e-01, 9.401418757280280425e-02
3.452496861149201290e-01, 2.571361772575400662e-01, 3.037990509060677913e-01, 9.381508572147198577e-02
3.453354772979343457e-01, 2.574035884373169769e-01, 3.036440369808856010e-01, 9.361689728386314580e-02
3.454210614924074774e-01, 2.576705821288188814e-01, 3.034887337626601123e-01, 9.341962261611359841e-02
