4.098794870844727489e-01, 8.486271644468545983e-02, 6.601011427895871198e-02, 4.392476821918829821e-01
4.099168776315391671e-01, 8.501041809709994346e-02, 6.614423190384152718e-02, 4.389284723675192512e-01
4.099530480261871501e-01, 8.515896215923871027e-02, 6.627959656235647701e-02, 4.386083932522176765e-01
4.099879960469758333e-01, 8.530834602201356476e-02, 6.641620890449018155e-02, 4.382874490265205591e-01
4.100217194831539125e-01, 8.545856706621908494e-02, 6.655406957876051910e-02, 4.379656438718664835e-01
4.100542161348336712e-01, 8.560962266245376873e-02, 6.669317923204198806e-02, 4.376429819706705304e-01
4.100854838131650082e-01, 8.576151017104181873e-02, 6.683353850939033336e-02, 4.373194675064026593e-01
4.101155203405112970e-01, 8.591422694195592624e-02, 6.697514805386695080e-02, 4.369951046636659231e-01
4.101443235506235241e-01, 8.606777031474092954e-02, 6.711800850636262528e-02, 4.366698976282728517e-01
4.101718912888183688e-01, 8.622213761843842972e-02, 6.726212050542118570e-02, 4.363438505873218909e-01
4.101982214121531189e-01, 8.637732617151250292e-02, 6.740748468706249386e-02, 4.360169677292718426e-01
4.102233117896033066e-01, 8.653333328177592598e-02, 6.755410168460516951e-02, 4.356892532440156396e-01
4.102471603022405100e-01, 8.669015624631780381e-02, 6.770197212848899637e-02, 4.353607113229527870e-01
4.102697648434097677e-01, 8.684779235143195997e-02, 6.785109664609692559e-02, 4.350313461590613051e-01
4.102911233189088791e-01, 8.700623887254656241e-02, 6.800147586157670454e-02, 4.347011619469678401e-01
4.103112336471659294e-01, 8.716549307415433212e-02, 6.815311039566232520e-02, 4.343701628830173300e-01
4.103300937594197562e-01, 8.732555220974423660e-02, 6.830600086549505623e-02, 4.340383531653410620e-01
4.103477015998984734e-01, 8.748641352173394670e-02, 6.846014788444421129e-02, 4.337057369939233409e-01
4.103640551260002156e-01, 8.764807424140351466e-02, 6.861555206192777867e-02, 4.333723185706684911e-01
4.103791523084727721e-01, 8.781053158883009302e-02, 6.877221400323260680e-02, 4.330381020994645835e-01
4.103929911315943868e-01, 8.797378277282361103e-02, 6.893013430933436769e-02, 4.327030917862475512e-01
4.104055695933547798e-01, 8.813782499086372790e-02, 6.908931357671753426e-02, 4.323672918390638609e-01
4.104168857056361697e-01, 8.830265542903795173e-02, 6.924975239719485809e-02, 4.320307064681311315e-01
4.104269374943940174e-01, 8.846827126198060498e-02, 6.941145135772686103e-02, 4.316933398858984750e-01
4.104357229998398249e-01, 8.863466965281330268e-02, 6.957441104024103540e-02, 4.313551963071058371e-01
4.104432402766219901e-01, 8.880184775308627709e-02, 6.973863202145097473e-02, 4.310162799488406749e-01
4.104494873940083832e-01, 8.896980270272122904e-02, 6.990411487267526869e-02, 4.306765950305951884e-01
4.104544624360680904e-01, 8.913853162995492851e-02, 7.007086015965630077e-02, 4.303361457743206109e-01
4.104581635018542674e-01, 8.930803165128460563e-02, 7.023886844237901828e-02, 4.299949364044820532e-01
4.104605887055863822e-01, 8.947829987141392438e-02, 7.040814027488956350e-02, 4.296529711481101854e-01
4.104617361768325701e-01, 8.964933338320064948e-02, 7.057867620511371065e-02, 4.293102542348532502e-01
4.104616040606925975e-01, 8.982112926760543736e-02, 7.075047677467538598e-02, 4.289667898970265791e-01
4.104601905179810495e-01, 8.999368459364190387e-02, 7.092354251871514637e-02, 4.286225823696619974e-01
4.104574937254091282e-01, 9.016699641832781609e-02, 7.109787396570850515e-02, 4.282776358905545644e-01
4.104535118757686174e-01, 9.034106178663785236e-02, 7.127347163728432744e-02, 4.279319547003092583e-01
4.104482431781138474e-01, 9.051587773145747251e-02, 7.145033604804323923e-02, 4.275855430423852743e-01
4.104416858579452709e-01, 9.069144127353817586e-02, 7.162846770537621699e-02, 4.272384051631402668e-01
4.104338381573917616e-01, 9.086774942145402212e-02, 7.180786710928255268e-02, 4.268905453118716498e-01
4.104246983353935230e-01, 9.104479917155959556e-02, 7.198853475218890130e-02, 4.265419677408578969e-01
4.104142646678852202e-01, 9.122258750794934312e-02, 7.217047111876752352e-02, 4.261926767053978438e-01
4.104025354479780563e-01, 9.140111140241814758e-02, 7.235367668575500011e-02, 4.258426764638487683e-01
4.103895089861422929e-01, 9.158036781442339958e-02, 7.253815192177115456e-02, 4.254919712776631391e-01
4.103751836103901041e-01, 9.176035369104844353e-02, 7.272389728713778145e-02, 4.251405654114237542e-01
4.103595576664571531e-01, 9.194106596696735578e-02, 7.291091323369758292e-02, 4.247884631328778249e-01
4.103426295179851691e-01, 9.212250156441134652e-02, 7.309920020463366030e-02, 4.244356687129698380e-01
4.103243975467033566e-01, 9.230465739313631346e-02, 7.328875863428853388e-02, 4.240821864258716434e-01
4.103048601526102512e-01, 9.248753035039211645e-02, 7.347958894798389817e-02, 4.237280205490136509e-01
4.102840157541548516e-01, 9.267111732089312881e-02, 7.367169156184028012e-02, 4.233731753631117534e-01
4.102618627884179192e-01, 9.285541517679016255e-02, 7.386506688259705800e-02, 4.230176551521948602e-01
4.102383997112927227e-01, 9.304042077764440588e-02, 7.405971530743257758e-02, 4.226614642036303771e-01
4.102136249976651161e-01, 9.322613097040205465e-02, 7.425563722378469844e-02, 4.223046068081481863e-01
4.101875371415943938e-01, 9.341254258937106703e-02, 7.445283300917156233e-02, 4.219470872598627964e-01
4.101601346564930362e-01, 9.359965245619930596e-02, 7.465130303101251419e-02, 4.215889098562951576e-01
4.101314160753047333e-01, 9.378745737985391684e-02, 7.485104764644959219e-02, 4.212300788983917577e-01
4.101013799506855184e-01, 9.397595415660262019e-02, 7.505206720216910099e-02, 4.208705986905427188e-01
4.100700248551806815e-01, 9.416513956999635060e-02, 7.525436203422365689e-02, 4.205104735405992833e-01
4.100373493814039039e-01, 9.435501039085338049e-02, 7.545793246785452435e-02, 4.201497077598880803e-01
4.100033521422142835e-01, 9.454556337724535908e-02, 7.566277881731447996e-02, 4.197883056632258358e-01
4.099680317708939148e-01, 9.473679527448441995e-02, 7.586890138569084285e-02, 4.194262715689309196e-01
4.099313869213240813e-01, 9.492870281511228692e-02, 7.607630046472919905e-02, 4.190636097988343356e-01
4.098934162681623916e-01, 9.512128271889092046e-02, 7.628497633465726457e-02, 4.187003246782895483e-01
4.098541185070168069e-01, 9.531453169279439919e-02, 7.649492926400933146e-02, 4.183364205361793653e-01
4.098134923546223884e-01, 9.550844643100304954e-02, 7.670615950945137984e-02, 4.179719017049232654e-01
4.097715365490138262e-01, 9.570302361489861631e-02, 7.691866731560616233e-02, 4.176067725204813397e-01
4.097282498497008540e-01, 9.589825991306144548e-02, 7.713245291487952349e-02, 4.172410373223581215e-01
4.096836310378403900e-01, 9.609415198126904090e-02, 7.734751652728651117e-02, 4.168747004536041967e-01
4.096376789164087318e-01, 9.629069646249652226e-02, 7.756385836027833436e-02, 4.165077662608163145e-01
4.095903923103743627e-01, 9.648788998691869290e-02, 7.778147860857016760e-02, 4.161402390941367768e-01
4.095417700668680383e-01, 9.668572917191332883e-02, 7.800037745396896927e-02, 4.157721233072495526e-01
4.094918110553532054e-01, 9.688421062206718781e-02, 7.822055506520234069e-02, 4.154034232573772800e-01
4.094405141677956994e-01, 9.708333092918230989e-02, 7.844201159774770449e-02, 4.150341433052742723e-01
4.093878783188324988e-01, 9.728308667228532935e-02, 7.866474719366235713e-02, 4.146642878152198564e-01
4.093339024459390352e-01, 9.748347441763763332e-02, 7.888876198141393792e-02, 4.142938611550093242e-01
4.092785855095972258e-01, 9.768449071874740763e-02, 7.911405607571166121e-02, 4.139228676959436082e-01
4.092219264934606748e-01, 9.788613211638376443e-02, 7.934062957733831190e-02, 4.135513118128171794e-01
4.091639244045204848e-01, 9.808839513859221593e-02, 7.956848257298275440e-02, 4.131791978839045032e-01
4.091045782732696812e-01, 9.829127630071170241e-02, 7.979761513507345472e-02, 4.128065302909451617e-01
4.090438871538664700e-01, 9.849477210539409056e-02, 8.002802732161221066e-02, 4.124333134191272010e-01
4.089818501242970528e-01, 9.869887904262467093e-02, 8.025971917600926986e-02, 4.120595516570690897e-01
4.089184662865367748e-01, 9.890359358974461224e-02, 8.049269072691876692e-02, 4.116852493967999016e-01
4.088537347667109967e-01, 9.910891221147555274e-02, 8.072694198807503496e-02, 4.113104110337382768e-01
4.087876547152545226e-01, 9.931483135994542688e-02, 8.096247295812997180e-02, 4.109350409666699955e-01
4.087202253070701952e-01, 9.952134747471622078e-02, 8.119928362049097514e-02, 4.105591435977226089e-01
4.086514457416857149e-01, 9.972845698281369853e-02, 8.143737394315947453e-02, 4.101827233323410149e-01
4.085813152434111806e-01, 9.993615629875875206e-02, 8.167674387857104534e-02, 4.098057845792590359e-01
4.085098330614928552e-01, 1.001444418246003887e-01, 8.191739336343574485e-02, 4.094283317504709974e-01
4.084369984702684309e-01, 1.003533099499508557e-01, 8.215932231857954460e-02, 4.090503692612011966e-01
4.083628107693191844e-01, 1.005627570520221253e-01, 8.240253064878684530e-02, 4.086719015298718727e-01
4.082872692836220785e-01, 1.007727794956646272e-01, 8.264701824264374108e-02, 4.082929329780696226e-01
4.082103733637002518e-01, 1.009833736334074111e-01, 8.289278497238197763e-02, 4.079134680305103733e-01
4.081321223857723446e-01, 1.011945358055002658e-01, 8.313983069372457568e-02, 4.075335111150029110e-01
4.080525157519003798e-01, 1.014062623399576007e-01, 8.338815524573163496e-02, 4.071530666624104122e-01
4.079715528901365351e-01, 1.016185495526043953e-01, 8.363775845064778947e-02, 4.067721391066111969e-01
4.078892332546690813e-01, 1.018313937471233416e-01, 8.388864011375024576e-02, 4.063907328844573730e-01
4.078055563259660454e-01, 1.020447912151044301e-01, 8.414080002319798690e-02, 4.060088524357316486e-01
4.077205216109180408e-01, 1.022587382360961999e-01, 8.439423794988204497e-02, 4.056265022031037559e-01
4.076341286429802091e-01, 1.024732310776585165e-01, 8.464895364727699489e-02, 4.052436866320841546e-01
4.075463769823121085e-01, 1.026882659954174298e-01, 8.490494685129308661e-02, 4.048604101709772918e-01
4.074572662159159919e-01, 1.029038392331218660e-01, 8.516221728012990377e-02, 4.044766772708321967e-01
4.073667959577745301e-01, 1.031199470227020937e-01, 8.542076463413107723e-02, 4.040924923853922990e-01
4.072749658489864255e-01, 1.033365855843298986e-01, 8.568058859563988661e-02, 4.037078599710438587e-01
4.071817755579007492e-01, 1.035537511264807420e-01, 8.594168882885616645e-02, 4.033227844867622869e-01
4.070872247802501676e-01, 1.037714398459977094e-01, 8.620406497969453075e-02, 4.029372703940576339e-01
4.069913132392813937e-01, 1.039896479281573749e-01, 8.646771667564336072e-02, 4.025513221569179123e-01
4.068940406858857495e-01, 1.042083715467372051e-01, 8.673264352562561064e-02, 4.021649442417514764e-01
4.067954068987272298e-01, 1.044276068640850319e-01, 8.699884511986016866e-02, 4.017781411173276251e-01
4.066954116843689571e-01, 1.046473500311905502e-01, 8.726632102972488314e-02, 4.013909172547157067e-01
4.065940548773982477e-01, 1.048675971877580243e-01, 8.753507080762061576e-02, 4.010032771272230567e-01
4.064913363405503466e-01, 1.050883444622815605e-01, 8.780509398683687683e-02, 4.006152252103311606e-01
4.063872559648298854e-01, 1.053095879721216294e-01, 8.807639008141816828e-02, 4.002267659816302614e-01
4.062818136696311755e-01, 1.055313238235837253e-01, 8.834895858603228347e-02, 3.998379039207527463e-01
4.061750094028566127e-01, 1.057535481119987048e-01, 8.862279897583943966e-02, 3.994486435093053123e-01
4.060668431410333068e-01, 1.059762569218051786e-01, 8.889791070636285375e-02, 3.990589892307987996e-01
4.059573148894281558e-01, 1.061994463266333621e-01, 8.917429321336074743e-02, 3.986689455705777485e-01
4.058464246821614774e-01, 1.064231123893910891e-01, 8.945194591269979567e-02, 3.982785170157476795e-01
4.057341725823178091e-01, 1.066472511623514502e-01, 8.973086820022958821e-02, 3.978877080551011525e-01
4.056205586820563203e-01, 1.068718586872422910e-01, 9.001105945165889521e-02, 3.974965231790423825e-01
4.055055831027183366e-01, 1.070969309953375553e-01, 9.029251902243315420e-02, 3.971049668795110232e-01
4.053892459949332006e-01, 1.073224641075504332e-01, 9.057524624761310872e-02, 3.967130436499032298e-01
4.052715475387233535e-01, 1.075484540345282708e-01, 9.085924044175539005e-02, 3.963207579849930551e-01
4.051524879436059212e-01, 1.077748967767493682e-01, 9.114450089879430617e-02, 3.959281143808505155e-01
4.050320674486934669e-01, 1.080017883246214422e-01, 9.143102689192492138e-02, 3.955351173347602112e-01
4.049102863227929117e-01, 1.082291246585820738e-01, 9.171881767348787073e-02, 3.951417713451372271e-01
4.047871448645017356e-01, 1.084569017492006682e-01, 9.200787247485563147e-02, 3.947480809114419231e-01
4.046626434023030683e-01, 1.086851155572826633e-01, 9.229819050632012689e-02, 3.943540505340941693e-01
4.045367822946582259e-01, 1.089137620339749452e-01, 9.258977095698195381e-02, 3.939596847143848057e-01
4.044095619300980826e-01, 1.091428371208734566e-01, 9.288261299464119214e-02, 3.935649879543872687e-01
4.042809827273110557e-01, 1.093723367501324983e-01, 9.317671576568981040e-02, 3.931699647568667744e-01
4.041510451352306466e-01, 1.096022568445755851e-01, 9.347207839500537574e-02, 3.927746196251883926e-01
4.040197496331200955e-01, 1.098325933178085079e-01, 9.376869998584652643e-02, 3.923789570632249535e-01
4.038870967306546489e-01, 1.100633420743334923e-01, 9.406657961975020688e-02, 3.919829815752616797e-01
4.037530869680031609e-01, 1.102944990096658140e-01, 9.436571635642987399e-02, 3.915866976659010956e-01
4.036177209159059198e-01, 1.105260600104516905e-01, 9.466610923367621555e-02, 3.911901098399662158e-01
4.034809991757514758e-01, 1.107580209545878935e-01, 9.496775726725878441e-02, 3.907932226024018463e-01
4.033429223796510810e-01, 1.109903777113435963e-01, 9.527065945082947851e-02, 3.903960404581759414e-01
4.032034911905110208e-01, 1.112231261414831363e-01, 9.557481475582768615e-02, 3.899985679121781845e-01
4.030627063021025580e-01, 1.114562620973913593e-01, 9.588022213138730487e-02, 3.896008094691188473e-01
4.029205684391304332e-01, 1.116897814231998937e-01, 9.618688050424496760e-02, 3.892027696334248166e-01
4.027770783572978130e-01, 1.119236799549157002e-01, 9.649478877865040605e-02, 3.888044529091360668e-01
4.026322368433710164e-01, 1.121579535205509404e-01, 9.680394583627832672e-02, 3.884058637997997998e-01
4.024860447152399656e-01, 1.123925979402546904e-01, 9.711435053614178581e-02, 3.880070068083635859e-01
4.023385028219780279e-01, 1.126276090264463903e-01, 9.742600171450770119e-02, 3.876078864370678390e-01
4.021896120438989142e-01, 1.128629825839507494e-01, 9.773889818481394653e-02, 3.872085071873364037e-01
4.020393732926110797e-01, 1.130987144101343461e-01, 9.805303873758783317e-02, 3.868088735596666994e-01
4.018877875110706821e-01, 1.133348002950442385e-01, 9.836842214036690957e-02, 3.864089900535181421e-01
4.017348556736314857e-01, 1.135712360215474642e-01, 9.868504713762117631e-02, 3.860088611671998460e-01
4.015805787860929343e-01, 1.138080173654730104e-01, 9.900291245067713297e-02, 3.856084913977568807e-01
4.014249578857455591e-01, 1.140451400957547407e-01, 9.932201677764357362e-02, 3.852078852408561960e-01
4.012679940414147217e-01, 1.142825999745761684e-01, 9.964235879333929735e-02, 3.848070471906697709e-01
4.011096883535013036e-01, 1.145203927575169922e-01, 9.996393714922266471e-02, 3.844059817397590950e-01
4.009500419540202865e-01, 1.147585141937009084e-01, 1.002867504733225418e-01, 3.840046933789562633e-01
4.007890560066373342e-01, 1.149969600259449498e-01, 1.006107973701717700e-01, 3.836031865972457933e-01
4.006267317067028766e-01, 1.152357259909110171e-01, 1.009360764207417188e-01, 3.832014658816443320e-01
4.004630702812830290e-01, 1.154748078192578964e-01, 1.012625861823792800e-01, 3.827995357170796975e-01
4.002980729891895129e-01, 1.157142012357958716e-01, 1.015903251887452646e-01, 3.823974005862693093e-01
4.001317411210061348e-01, 1.159539019596420861e-01, 1.019192919497550892e-01, 3.819950649695966760e-01
3.999640759991132666e-01, 1.161939057043778756e-01, 1.022494849515208637e-01, 3.815925333449881052e-01
3.997950789777098279e-01, 1.164342081782071964e-01, 1.025809026562956167e-01, 3.811898101877874145e-01
3.996247514428328818e-01, 1.166748050841170115e-01, 1.029135435024195466e-01, 3.807868999706305879e-01
3.994530948123751202e-01, 1.169156921200387028e-01, 1.032474059042676889e-01, 3.803838071633185991e-01
3.992801105360986869e-01, 1.171568649790111633e-01, 1.035824882521999557e-01, 3.799805362326902358e-01
3.991058000956484997e-01, 1.173983193493454147e-01, 1.039187889125127162e-01, 3.795770916424933139e-01
3.989301650045614656e-01, 1.176400509147901841e-01, 1.042563062273927504e-01, 3.791734778532556138e-01
3.987532068082739189e-01, 1.178820553546996025e-01, 1.045950385148723544e-01, 3.787696993221540409e-01
3.985749270841266179e-01, 1.181243283442016817e-01, 1.049349840687872071e-01, 3.783657605028845627e-01
3.983953274413668533e-01, 1.183668655543684417e-01, 1.052761411587355145e-01, 3.779616658455292044e-01
3.982144095211487822e-01, 1.186096626523874958e-01, 1.056185080300394846e-01, 3.775574197964243206e-01
3.980321749965305966e-01, 1.188527153017346488e-01, 1.059620829037085793e-01, 3.771530267980262030e-01
3.978486255724692500e-01, 1.190960191623482711e-01, 1.063068639764046808e-01, 3.767484912887777981e-01
3.976637629858135181e-01, 1.193395698908046032e-01, 1.066528494204092431e-01, 3.763438177029726495e-01
3.974775890052930638e-01, 1.195833631404946279e-01, 1.070000373835923724e-01, 3.759390104706198943e-01
3.972901054315063907e-01, 1.198273945618019976e-01, 1.073484259893840026e-01, 3.755340740173075953e-01
3.971013140969056887e-01, 1.200716598022824461e-01, 1.076980133367467368e-01, 3.751290127640650729e-01
3.969112168657787376e-01, 1.203161545068445470e-01, 1.080487975001508949e-01, 3.747238311272257372e-01
3.967198156342292559e-01, 1.205608743179311243e-01, 1.084007765295515457e-01, 3.743185335182880880e-01
3.965271123301536971e-01, 1.208058148757026468e-01, 1.087539484503672743e-01, 3.739131243437763819e-01
3.963331089132164364e-01, 1.210509718182213451e-01, 1.091083112634610719e-01, 3.735076080051010772e-01
3.961378073748216266e-01, 1.212963407816367439e-01, 1.094638629451233219e-01, 3.731019888984183908e-01
3.959412097380827777e-01, 1.215419174003720404e-01, 1.098206014470564235e-01, 3.726962714144887445e-01
3.957433180577903387e-01, 1.217876973073120928e-01, 1.101785246963618570e-01, 3.722904599385357671e-01
3.955441344203757259e-01, 1.220336761339921999e-01, 1.105376305955286798e-01, 3.718845588501034638e-01
3.953436609438735760e-01, 1.222798495107881439e-01, 1.108979170224244637e-01, 3.714785725229138302e-01
3.951418997778812781e-01, 1.225262130671072869e-01, 1.112593818302881205e-01, 3.710725053247234118e-01
3.949388531035154526e-01, 1.227727624315807370e-01, 1.116220228477244059e-01, 3.706663616171794184e-01
3.947345231333669324e-01, 1.230194932322566104e-01, 1.119858378787007835e-01, 3.702601457556756182e-01
3.945289121114520237e-01, 1.232664010967943896e-01, 1.123508247025462453e-01, 3.698538620892073969e-01
3.943220223131616575e-01, 1.235134816526599760e-01, 1.127169810739516997e-01, 3.694475149602265418e-01
3.941138560452088768e-01, 1.237607305273225183e-01, 1.130843047229729004e-01, 3.690411087044957461e-01
3.939044156455718815e-01, 1.240081433484509638e-01, 1.134527933550349699e-01, 3.686346476509420600e-01
3.936937034834365745e-01, 1.242557157441131210e-01, 1.138224446509391724e-01, 3.682281361215112292e-01
3.934817219591345561e-01, 1.245034433429743348e-01, 1.141932562668713652e-01, 3.678215784310198133e-01
3.932684735040805624e-01, 1.247513217744977698e-01, 1.145652258344127400e-01, 3.674149788870089695e-01
3.930539605807060188e-01, 1.249993466691454863e-01, 1.149383509605523546e-01, 3.670083417895960709e-01
3.928381856823902618e-01, 1.252475136585805005e-01, 1.153126292277018433e-01, 3.666016714313275471e-01
3.926211513333893732e-01, 1.254958183758692336e-01, 1.156880581937115987e-01, 3.661949720970298361e-01
3.924028600887629059e-01, 1.257442564556855158e-01, 1.160646353918897006e-01, 3.657882480636619471e-01
3.921833145342970561e-01, 1.259928235345148528e-01, 1.164423583310221916e-01, 3.653815036001659133e-01
3.919625172864263374e-01, 1.262415152508597760e-01, 1.168212244953955592e-01, 3.649747429673183552e-01
3.917404709921523120e-01, 1.264903272454458438e-01, 1.172012313448211329e-01, 3.645679704175807112e-01
3.915171783289592700e-01, 1.267392551614285878e-01, 1.175823763146615908e-01, 3.641611901949505237e-01
3.912926420047284082e-01, 1.269882946446009298e-01, 1.179646568158591591e-01, 3.637544065348115585e-01
3.910668647576489021e-01, 1.272374413436014595e-01, 1.183480702349658797e-01, 3.633476236637837031e-01
3.908398493561264231e-01, 1.274866909101237122e-01, 1.187326139341760983e-01, 3.629408457995736970e-01
3.906115985986894357e-01, 1.277360389991254175e-01, 1.191182852513604229e-01, 3.625340771508247517e-01
3.903821153138924416e-01, 1.279854812690391641e-01, 1.195050815001018341e-01, 3.621273219169665603e-01
3.901514023602179471e-01, 1.282350133819831484e-01, 1.198929999697340154e-01, 3.617205842880648059e-01
3.899194626259747110e-01, 1.284846310039728101e-01, 1.202820379253810024e-01, 3.613138684446715043e-01
3.896862990291935502e-01, 1.287343298051331908e-01, 1.206721926079993290e-01, 3.609071785576740132e-01
3.894519145175219244e-01, 1.289841054599112913e-01, 1.210634612344217709e-01, 3.605005187881450968e-01
3.892163120681150223e-01, 1.292339536472896233e-01, 1.214558409974031139e-01, 3.600938932871922127e-01
3.889794946875241854e-01, 1.294838700510000939e-01, 1.218493290656677691e-01, 3.596873061958079099e-01
3.887414654115838863e-01, 1.297338503597381676e-01, 1.222439225839594829e-01, 3.592807616447185604e-01
3.885022273052954334e-01, 1.299838902673775554e-01, 1.226396186730922960e-01, 3.588742637542345348e-01
3.882617834627088427e-01, 1.302339854731859037e-01, 1.230364144300046675e-01, 3.584678166341007111e-01
3.880201370068014910e-01, 1.304841316820400110e-01, 1.234343069278136945e-01, 3.580614243833447063e-01
3.877772910893558800e-01, 1.307343246046423213e-01, 1.238332932158729555e-01, 3.576550910901288294e-01
3.875332488908329043e-01, 1.309845599577372510e-01, 1.242333703198311157e-01, 3.572488208315987013e-01
3.872880136202447865e-01, 1.312348334643280989e-01, 1.246345352416925734e-01, 3.568426176737344857e-01
3.870415885150245150e-01, 1.314851408538942612e-01, 1.250367849598802705e-01, 3.564364856712008978e-01
3.867939768408927836e-01, 1.317354778626089740e-01, 1.254401164293001136e-01, 3.560304288671981010e-01
3.865451818917237103e-01, 1.319858402335569447e-01, 1.258445265814070457e-01, 3.556244512933123270e-01
3.862952069894067808e-01, 1.322362237169525112e-01, 1.262500123242732697e-01, 3.552185569693674383e-01
3.860440554837076821e-01, 1.324866240703583276e-01, 1.266565705426581923e-01, 3.548127499032757703e-01
3.857917307521264161e-01, 1.327370370589037174e-01, 1.270641980980798669e-01, 3.544070340908900274e-01
3.855382361997527485e-01, 1.329874584555034989e-01, 1.274728918288886292e-01, 3.540014135158550679e-01
3.852835752591201590e-01, 1.332378840410774201e-01, 1.278826485503422039e-01, 3.535958921494601892e-01
3.850277513900565718e-01, 1.334883096047687900e-01, 1.282934650546826982e-01, 3.531904739504919677e-01
3.847707680795335872e-01, 1.337387309441644412e-01, 1.287053381112154282e-01, 3.527851628650864324e-01
3.845126288415139926e-01, 1.339891438655137490e-01, 1.291182644663892709e-01, 3.523799628265829598e-01
3.842533372167951655e-01, 1.342395441839484005e-01, 1.295322408438788209e-01, 3.519748777553777241e-01
3.839928967728519771e-01, 1.344899277237020518e-01, 1.299472639446684064e-01, 3.515699115587775370e-01
3.837313111036775859e-01, 1.347402903183300138e-01, 1.303633304471376597e-01, 3.511650681308547406e-01
3.834685838296206795e-01, 1.349906278109289925e-01, 1.307804370071486422e-01, 3.507603513523017136e-01
3.832047185972216052e-01, 1.352409360543567751e-01, 1.311985802581351335e-01, 3.503557650902864307e-01
3.829397190790466698e-01, 1.354912109114520813e-01, 1.316177568111929486e-01, 3.499513131983081893e-01
3.826735889735191076e-01, 1.357414482552541657e-01, 1.320379632551723359e-01, 3.495469995160543353e-01
3.824063320047490500e-01, 1.359916439692225587e-01, 1.324591961567719578e-01, 3.491428278692564890e-01
3.821379519223609966e-01, 1.362417939474563633e-01, 1.328814520606342309e-01, 3.487388020695483815e-01
3.818684525013192887e-01, 1.364918940949140236e-01, 1.333047274894426093e-01, 3.483349259143240784e-01
3.815978375417514168e-01, 1.367419403276323997e-01, 1.337290189440204780e-01, 3.479312031865956500e-01
3.813261108687696632e-01, 1.369919285729461200e-01, 1.341543229034309892e-01, 3.475276376548531720e-01
3.810532763322903027e-01, 1.372418547697063507e-01, 1.345806358250794255e-01, 3.471242330729239489e-01
3.807793378068510259e-01, 1.374917148684998425e-01, 1.350079541448163389e-01, 3.467209931798328482e-01
3.805042991914265871e-01, 1.377415048318672008e-01, 1.354362742770425510e-01, 3.463179216996636889e-01
3.802281644092420088e-01, 1.379912206345215164e-01, 1.358655926148157611e-01, 3.459150223414206859e-01
3.799509374075847323e-01, 1.382408582635663574e-01, 1.362959055299584887e-01, 3.455122987988904493e-01
3.796726221576136595e-01, 1.384904137187133177e-01, 1.367272093731672633e-01, 3.451097547505057594e-01
3.793932226541675834e-01, 1.387398830124998705e-01, 1.371595004741239798e-01, 3.447073938592085107e-01
3.791127429155707329e-01, 1.389892621705062781e-01, 1.375927751416080314e-01, 3.443052197723150409e-01
3.788311869834370404e-01, 1.392385472315723349e-01, 1.380270296636101623e-01, 3.439032361213804623e-01
3.785485589224727443e-01, 1.394877342480139726e-01, 1.384622603074477931e-01, 3.435014465220654345e-01
3.782648628202764374e-01, 1.397368192858391422e-01, 1.388984633198817042e-01, 3.430998545740027161e-01
3.779801027871381169e-01, 1.399857984249634757e-01, 1.393356349272338590e-01, 3.426984638606644928e-01
3.776942829558362913e-01, 1.402346677594255298e-01, 1.397737713355070854e-01, 3.422972779492310935e-01
3.774074074814329216e-01, 1.404834233976012536e-01, 1.402128687305057020e-01, 3.418963003904601505e-01
3.771194805410674755e-01, 1.407320614624183730e-01, 1.406529232779576422e-01, 3.414955347185564816e-01
3.768305063337483718e-01, 1.409805780915702189e-01, 1.410939311236377725e-01, 3.410949844510435813e-01
3.765404890801435922e-01, 1.412289694377285576e-01, 1.415358883934929868e-01, 3.406946530886349467e-01
3.762494330223688510e-01, 1.414772316687566422e-01, 1.419787911937675506e-01, 3.402945441151069561e-01
3.759573424237753203e-01, 1.417253609679209603e-01, 1.424226356111310265e-01, 3.398946609971726374e-01
3.756642215687344688e-01, 1.419733535341029251e-01, 1.428674177128063660e-01, 3.394950071843562678e-01
3.753700747624219014e-01, 1.422212055820095966e-01, 1.433131335466996947e-01, 3.390955861088688073e-01
3.750749063306002551e-01, 1.424689133423841791e-01, 1.437597791415314297e-01, 3.386964011854841639e-01
3.747787206193993192e-01, 1.427164730622150490e-01, 1.442073505069682293e-01, 3.382974558114174579e-01
3.744815219950959340e-01, 1.429638810049455033e-01, 1.446558436337562759e-01, 3.378987533662023424e-01
3.741833148438915568e-01, 1.432111334506810940e-01, 1.451052544938558619e-01, 3.375002972115715427e-01
3.738841035716887196e-01, 1.434582266963979336e-01, 1.455555790405767824e-01, 3.371020906913366755e-01
3.735838926038659857e-01, 1.437051570561488911e-01, 1.460068132087151693e-01, 3.367041371312700093e-01
3.732826863850520760e-01, 1.439519208612698442e-01, 1.464589529146910762e-01, 3.363064398389870036e-01
3.729804893788975506e-01, 1.441985144605850422e-01, 1.469119940566873950e-01, 3.359090021038300122e-01
3.726773060678456595e-01, 1.444449342206113873e-01, 1.473659325147898824e-01, 3.355118271967529320e-01
3.723731409529029701e-01, 1.446911765257621052e-01, 1.478207641511279924e-01, 3.351149183702069601e-01
3.720679985534063872e-01, 1.449372377785496380e-01, 1.482764848100164290e-01, 3.347182788580275736e-01
3.717618834067913380e-01, 1.451831143997875662e-01, 1.487330903180987263e-01, 3.343219118753224528e-01
3.714548000683568496e-01, 1.454288028287917256e-01, 1.491905764844904947e-01, 3.339258206183609579e-01
3.711467531110309581e-01, 1.456742995235804361e-01, 1.496489391009247216e-01, 3.335300082644638842e-01
3.708377471251334545e-01, 1.459196009610736477e-01, 1.501081739418971828e-01, 3.331344779718956040e-01
3.705277867181388518e-01, 1.461647036372916431e-01, 1.505682767648133524e-01, 3.327392328797560972e-01
3.702168765144371876e-01, 1.464096040675521293e-01, 1.510292433101356468e-01, 3.323442761078750363e-01
3.699050211550942158e-01, 1.466542987866669145e-01, 1.514910693015321663e-01, 3.319496107567066479e-01
3.695922252976107658e-01, 1.468987843491373346e-01, 1.519537504460257149e-01, 3.315552399072262402e-01
3.692784936156803255e-01, 1.471430573293487643e-01, 1.524172824341437082e-01, 3.311611666208272298e-01
3.689638307989463462e-01, 1.473871143217641844e-01, 1.528816609400694138e-01, 3.307673939392200557e-01
3.686482415527582157e-01, 1.476309519411163618e-01, 1.533468816217935515e-01, 3.303739248843318710e-01
3.683317305979262324e-01, 1.478745668225996124e-01, 1.538129401212661729e-01, 3.299807624582079546e-01
3.680143026704757458e-01, 1.481179556220599547e-01, 1.542798320645503707e-01, 3.295879096429140120e-01
3.676959625214004102e-01, 1.483611150161842362e-01, 1.547475530619758233e-01, 3.291953694004395858e-01
3.673767149164146040e-01, 1.486040417026886218e-01, 1.552160987082934207e-01, 3.288031446726034646e-01
3.670565646357047962e-01, 1.488467324005052217e-01, 1.556854645828303629e-01, 3.284112383809595914e-01
3.667355164736805229e-01, 1.490891838499684707e-01, 1.561556462496460351e-01, 3.280196534267049713e-01
3.664135752387238654e-01, 1.493313928129994250e-01, 1.566266392576885491e-01, 3.276283926905881327e-01
3.660907457529391507e-01, 1.495733560732896428e-01, 1.570984391409517844e-01, 3.272374590328195332e-01
3.657670328519005976e-01, 1.498150704364835384e-01, 1.575710414186327901e-01, 3.268468552929831850e-01
3.654424413844007402e-01, 1.500565327303595708e-01, 1.580444415952903525e-01, 3.264565842899492809e-01
3.651169762121972973e-01, 1.502977398050103497e-01, 1.585186351610035349e-01, 3.260666488217888737e-01
3.647906422097590973e-01, 1.505386885330212698e-01, 1.589936175915308558e-01, 3.256770516656886660e-01
3.644634442640124483e-01, 1.507793758096483139e-01, 1.594693843484703000e-01, 3.252877955778690211e-01
3.641353872740858422e-01, 1.510197985529939391e-01, 1.599459308794191625e-01, 3.248988832935010285e-01
3.638064761510549361e-01, 1.512599537041827147e-01, 1.604232526181348650e-01, 3.245103175266275675e-01
3.634767158176863133e-01, 1.514998382275344058e-01, 1.609013449846961874e-01, 3.241221009700830380e-01
3.631461112081811327e-01, 1.517394491107370291e-01, 1.613802033856645279e-01, 3.237342362954172548e-01
3.628146672679185558e-01, 1.519787833650176334e-01, 1.618598232142457460e-01, 3.233467261528180092e-01
3.624823889531977317e-01, 1.522178380253121910e-01, 1.623401998504526711e-01, 3.229595731710374618e-01
3.621492812309805021e-01, 1.524566101504342130e-01, 1.628213286612671118e-01, 3.225727799573180898e-01
3.618153490786333859e-01, 1.526950968232418659e-01, 1.633032050008031977e-01, 3.221863490973215782e-01
3.614805974836682312e-01, 1.529332951508036720e-01, 1.637858242104703599e-01, 3.218002831550577647e-01
3.611450314434844211e-01, 1.531712022645630444e-01, 1.642691816191366727e-01, 3.214145846728159173e-01
3.608086559651087488e-01, 1.534088153205012683e-01, 1.647532725432924450e-01, 3.210292561710975656e-01
3.604714760649367911e-01, 1.536461314992990379e-01, 1.652380922872143665e-01, 3.206443001485498323e-01
3.601334967684723942e-01, 1.538831480064971058e-01, 1.657236361431292659e-01, 3.202597190819012063e-01
3.597947231100684928e-01, 1.541198620726544899e-01, 1.662098993913785627e-01, 3.198755154258984268e-01
3.594551601326664847e-01, 1.543562709535064303e-01, 1.666968773005825799e-01, 3.194916916132445883e-01
3.591148128875359391e-01, 1.545923719301199595e-01, 1.671845651278050515e-01, 3.191082500545390221e-01
3.587736864340148601e-01, 1.548281623090486947e-01, 1.676729581187178797e-01, 3.187251931382186765e-01
3.584317858392480627e-01, 1.550636394224854664e-01, 1.681620515077657252e-01, 3.183425232305005514e-01
3.580891161779278797e-01, 1.552988006284147238e-01, 1.686518405183308200e-01, 3.179602426753266875e-01
3.577456825320319833e-01, 1.555336433107614158e-01, 1.691423203628978911e-01, 3.175783537943087098e-01
3.574014899905641474e-01, 1.557681648795407325e-01, 1.696334862432189727e-01, 3.171968588866759808e-01
3.570565436492927347e-01, 1.560023627710046545e-01, 1.701253333504782750e-01, 3.168157602292243635e-01
3.567108486104901277e-01, 1.562362344477875309e-01, 1.706178568654567462e-01, 3.164350600762654286e-01
3.563644099826725475e-01, 1.564697773990504359e-01, 1.711110519586975243e-01, 3.160547606595794368e-01
3.560172328803389852e-01, 1.567029891406234998e-01, 1.716049137906697497e-01, 3.156748641883676543e-01
3.556693224237114093e-01, 1.569358672151471290e-01, 1.720994375119339614e-01, 3.152953728492075558e-01
3.553206837384738637e-01, 1.571684091922112558e-01, 1.725946182633062154e-01, 3.149162888060085819e-01
3.549713219555131749e-01, 1.574006126684937001e-01, 1.730904511760225084e-01, 3.145376141999707276e-01
3.546212422106582718e-01, 1.576324752678959495e-01, 1.735869313719032025e-01, 3.141593511495426316e-01
3.542704496444210593e-01, 1.578639946416786621e-01, 1.740840539635167827e-01, 3.137815017503834403e-01
3.539189494017371262e-01, 1.580951684685943659e-01, 1.745818140543439201e-01, 3.134040680753246155e-01
3.535667466317058971e-01, 1.583259944550196308e-01, 1.750802067389410077e-01, 3.130270521743336309e-01
3.532138464873323946e-01, 1.585564703350846871e-01, 1.755792271031036134e-01, 3.126504560744792771e-01
3.528602541252691127e-01, 1.587865938708022950e-01, 1.760788702240295989e-01, 3.122742817798990211e-01
3.525059747055566683e-01, 1.590163628521946149e-01, 1.765791311704819344e-01, 3.118985312717668656e-01
3.521510133913672846e-01, 1.592457750974182740e-01, 1.770800050029512351e-01, 3.115232065082631507e-01
3.517953753487464974e-01, 1.594748284528886839e-01, 1.775814867738181035e-01, 3.111483094245466874e-01
3.514390657463573042e-01, 1.597035207934012768e-01, 1.780835715275148057e-01, 3.107738419327266688e-01
3.510820897552223707e-01, 1.599318500222528250e-01, 1.785862543006869196e-01, 3.103998059218377459e-01
3.507244525484695119e-01, 1.601598140713599572e-01, 1.790895301223545122e-01, 3.100262032578160465e-01
3.503661593010750086e-01, 1.603874109013762317e-01, 1.795933940140727325e-01, 3.096530357834760827e-01
3.500072151896092554e-01, 1.606146385018081546e-01, 1.800978409900921007e-01, 3.092803053184904338e-01
3.496476253919826305e-01, 1.608414948911290610e-01, 1.806028660575184352e-01, 3.089080136593698733e-01
3.492873950871912547e-01, 1.610679781168912750e-01, 1.811084642164722813e-01, 3.085361625794452167e-01
3.489265294550643048e-01, 1.612940862558370214e-01, 1.816146304602475892e-01, 3.081647538288510013e-01
3.485650336760108825e-01, 1.615198174140076159e-01, 1.821213597754702818e-01, 3.077937891345111643e-01
3.482029129307689930e-01, 1.617451697268506017e-01, 1.826286471422561009e-01, 3.074232702001242767e-01
3.478401724001537465e-01, 1.619701413593258865e-01, 1.831364875343677590e-01, 3.070531987061526080e-01
3.474768172648069475e-01, 1.621947305060097155e-01, 1.836448759193718416e-01, 3.066835763098115231e-01
3.471128527049476276e-01, 1.624189353911971445e-01, 1.841538072587950159e-01, 3.063144046450601565e-01
3.467482839001232442e-01, 1.626427542690030703e-01, 1.846632765082793781e-01, 3.059456853225941408e-01
3.463831160289611577e-01, 1.628661854234612627e-01, 1.851732786177376078e-01, 3.055774199298400551e-01
3.460173542689207737e-01, 1.630892271686220363e-01, 1.856838085315070108e-01, 3.052096100309501514e-01
3.456510037960486281e-01, 1.633118778486480072e-01, 1.861948611885034521e-01, 3.048422571667999126e-01
3.452840697847306961e-01, 1.635341358379085452e-01, 1.867064315223741777e-01, 3.044753628549866642e-01
3.449165574074490315e-01, 1.637559995410721725e-01, 1.872185144616499153e-01, 3.041089285898289085e-01
3.445484718345371844e-01, 1.639774673931976012e-01, 1.877311049298966972e-01, 3.037429558423684894e-01
3.441798182339374512e-01, 1.641985378598229128e-01, 1.882441978458664344e-01, 3.033774460603731460e-01
3.438106017709585682e-01, 1.644192094370533763e-01, 1.887577881236472688e-01, 3.030124006683407312e-01
3.434408276080349598e-01, 1.646394806516472686e-01, 1.892718706728124256e-01, 3.026478210675054847e-01
3.430705009044859866e-01, 1.648593500610999740e-01, 1.897864403985691506e-01, 3.022837086358448055e-01
3.426996268162777470e-01, 1.650788162537272508e-01, 1.903014922019062860e-01, 3.019200647280886884e-01
3.423282104957842686e-01, 1.652978778487456391e-01, 1.908170209797409311e-01, 3.015568906757292167e-01
3.419562570915505306e-01, 1.655165334963519808e-01, 1.913330216250647697e-01, 3.011941877870324968e-01
3.415837717480572633e-01, 1.657347818778015514e-01, 1.918494890270893427e-01, 3.008319573470519259e-01
3.412107596054845260e-01, 1.659526217054833608e-01, 1.923664180713898220e-01, 3.004702006176421247e-01
3.408372257994797816e-01, 1.661700517229953988e-01, 1.928838036400493117e-01, 3.001089188374754801e-01
3.404631754609236949e-01, 1.663870707052167441e-01, 1.934016406118004849e-01, 2.997481132220591316e-01
3.400886137156995948e-01, 1.666036774583790903e-01, 1.939199238621677479e-01, 2.993877849637535116e-01
3.397135456844628254e-01, 1.668198708201361347e-01, 1.944386482636080715e-01, 2.990279352317929962e-01
3.393379764824113742e-01, 1.670356496596315243e-01, 1.949578086856500192e-01, 2.986685651723071100e-01
3.389619112190584427e-01, 1.672510128775649696e-01, 1.954773999950332741e-01, 2.983096759083433414e-01
3.385853549980051835e-01, 1.674659594062569978e-01, 1.959974170558460294e-01, 2.979512685398918448e-01
3.382083129167158808e-01, 1.676804882097117921e-01, 1.965178547296617395e-01, 2.975933441439105875e-01
3.378307900662928520e-01, 1.678945982836788087e-01, 1.970387078756752897e-01, 2.972359037743529941e-01
3.374527915312544590e-01, 1.681082886557123679e-01, 1.975599713508372768e-01, 2.968789484621959240e-01
3.370743223893127305e-01, 1.683215583852298580e-01, 1.980816400099879304e-01, 2.965224792154695366e-01
3.366953877111536486e-01, 1.685344065635682176e-01, 1.986037087059899786e-01, 2.961664970192883217e-01
3.363159925602172695e-01, 1.687468323140390025e-01, 1.991261722898599595e-01, 2.958110028358837407e-01
3.359361419924816738e-01, 1.689588347919817324e-01, 1.996490256108988393e-01, 2.954559976046379211e-01
3.355558410562446969e-01, 1.691704131848154324e-01, 2.001722635168213804e-01, 2.951014822421185180e-01
3.351750947919105994e-01, 1.693815667120892321e-01, 2.006958808538847894e-01, 2.947474576421154069e-01
3.347939082317757387e-01, 1.695922946255307151e-01, 2.012198724670152539e-01, 2.943939246756783756e-01
3.344122863998169048e-01, 1.698025962090927155e-01, 2.017442331999347860e-01, 2.940408841911556492e-01
3.340302343114803230e-01, 1.700124707789993361e-01, 2.022689578952854839e-01, 2.936883370142349126e-01
3.336477569734727644e-01, 1.702219176837893311e-01, 2.027940413947535159e-01, 2.933362839479843887e-01
3.332648593835536577e-01, 1.704309363043587933e-01, 2.033194785391919668e-01, 2.929847257728955268e-01
3.328815465303286425e-01, 1.706395260540018166e-01, 2.038452641687419631e-01, 2.926336632469277443e-01
3.324978233930449001e-01, 1.708476863784497146e-01, 2.043713931229525771e-01, 2.922830971055528360e-01
3.321136949413880379e-01, 1.710554167559087679e-01, 2.048978602409006478e-01, 2.919330280618023798e-01
3.317291661352804177e-01, 1.712627166970965842e-01, 2.054246603613078259e-01, 2.915834568063153109e-01
3.313442419246797610e-01, 1.714695857452764871e-01, 2.059517883226573143e-01, 2.912343840073864376e-01
3.309589272493822509e-01, 1.716760234762908788e-01, 2.064792389633094416e-01, 2.908858103110173454e-01
3.305732270388241356e-01, 1.718820294985930197e-01, 2.070070071216153773e-01, 2.905377363409676339e-01
3.301871462118861622e-01, 1.720876034532766441e-01, 2.075350876360299857e-01, 2.901901626988070970e-01
3.298006896767005647e-01, 1.722927450141053529e-01, 2.080634753452237362e-01, 2.898430899639704017e-01
3.294138623304573854e-01, 1.724974538875393426e-01, 2.085921650881921718e-01, 2.894965186938112112e-01
3.290266690592145160e-01, 1.727017298127610789e-01, 2.091211517043657375e-01, 2.891504494236587508e-01
3.286391147377081268e-01, 1.729055725616999717e-01, 2.096504300337168059e-01, 2.888048826668751512e-01
3.282512042291655940e-01, 1.731089819390546070e-01, 2.101799949168661474e-01, 2.884598189149135128e-01
3.278629423851189273e-01, 1.733119577823146740e-01, 2.107098411951882633e-01, 2.881152586373781910e-01
3.274743340452208606e-01, 1.735144999617804495e-01, 2.112399637109145245e-01, 2.877712022820843041e-01
3.270853840370623322e-01, 1.737166083805813388e-01, 2.117703573072358125e-01, 2.874276502751205720e-01
3.266960971759912402e-01, 1.739182829746931391e-01, 2.123010168284037991e-01, 2.870846030209119326e-01
3.263064782649334750e-01, 1.741195237129534723e-01, 2.128319371198299781e-01, 2.867420609022831024e-01
3.259165320942153388e-01, 1.743203305970761063e-01, 2.133631130281845034e-01, 2.864000242805240237e-01
3.255262634413874090e-01, 1.745207036616638341e-01, 2.138945394014926393e-01, 2.860584934954559233e-01
3.251356770710506772e-01, 1.747206429742201028e-01, 2.144262110892308226e-01, 2.857174688654984251e-01
3.247447777346840758e-01, 1.749201486351585622e-01, 2.149581229424200601e-01, 2.853769506877374407e-01
3.243535701704733376e-01, 1.751192207778123622e-01, 2.154902698137195205e-01, 2.850369392379948907e-01
3.239620591031427965e-01, 1.753178595684413144e-01, 2.160226465575172117e-01, 2.846974347708987052e-01
3.235702492437874667e-01, 1.755160652062380255e-01, 2.165552480300203531e-01, 2.843584375199542658e-01
3.231781452897080076e-01, 1.757138379233322278e-01, 2.170880690893436382e-01, 2.840199476976160708e-01
3.227857519242466888e-01, 1.759111779847947477e-01, 2.176211045955965817e-01, 2.836819654953619541e-01
3.223930738166255749e-01, 1.761080856886391433e-01, 2.181543494109688952e-01, 2.833444910837663033e-01
3.220001156217864313e-01, 1.763045613658225930e-01, 2.186877983998151143e-01, 2.830075246125759447e-01
3.216068819802319623e-01, 1.765006053802453123e-01, 2.192214464287370879e-01, 2.826710662107856931e-01
3.212133775178697692e-01, 1.766962181287488609e-01, 2.197552883666654133e-01, 2.823351159867160121e-01
3.208196068458569195e-01, 1.768914000411130338e-01, 2.202893190849397054e-01, 2.819996740280905079e-01
3.204255745604471795e-01, 1.770861515800513375e-01, 2.208235334573864783e-01, 2.816647404021149215e-01
3.200312852428401911e-01, 1.772804732412057993e-01, 2.213579263603966951e-01, 2.813303151555572867e-01
3.196367434590310364e-01, 1.774743655531397235e-01, 2.218924926730010683e-01, 2.809963983148280886e-01
3.192419537596638546e-01, 1.776678290773299196e-01, 2.224272272769441394e-01, 2.806629898860622530e-01
3.188469206798847932e-01, 1.778608644081572376e-01, 2.229621250567568047e-01, 2.803300898552011367e-01
3.184516487391991779e-01, 1.780534721728964098e-01, 2.234971808998278686e-01, 2.799976981880765159e-01
3.180561424413287375e-01, 1.782456530317040322e-01, 2.240323896964733774e-01, 2.796658148304939084e-01
3.176604062740713275e-01, 1.784374076776059637e-01, 2.245677463400045926e-01, 2.793344397083180608e-01
3.172644447091626518e-01, 1.786287368364833095e-01, 2.251032457267953535e-01, 2.790035727275587130e-01
3.168682622021394835e-01, 1.788196412670570723e-01, 2.256388827563464428e-01, 2.786732137744568627e-01
3.164718631922050496e-01, 1.790101217608722206e-01, 2.261746523313503121e-01, 2.783433627155725287e-01
3.160752521020956940e-01, 1.792001791422796753e-01, 2.267105493577521724e-01, 2.780140193978725138e-01
3.156784333379502039e-01, 1.793898142684184349e-01, 2.272465687448117222e-01, 2.776851836488196668e-01
3.152814112891803577e-01, 1.795790280291952867e-01, 2.277827054051618227e-01, 2.773568552764625883e-01
3.148841903283433052e-01, 1.797678213472643782e-01, 2.283189542548665074e-01, 2.770290340695256703e-01
3.144867748110168892e-01, 1.799561951780054014e-01, 2.288553102134770201e-01, 2.767017197975007448e-01
3.140891690756745236e-01, 1.801441505095003337e-01, 2.293917682040864658e-01, 2.763749122107387324e-01
3.136913774435645674e-01, 1.803316883625097899e-01, 2.299283231533836014e-01, 2.760486110405420135e-01
3.132934042185898105e-01, 1.805188097904479316e-01, 2.304649699917038497e-01, 2.757228159992584082e-01
3.128952536871896228e-01, 1.807055158793560157e-01, 2.310017036530800927e-01, 2.753975267803743243e-01
3.124969301182232151e-01, 1.808918077478757491e-01, 2.315385190752908551e-01, 2.750727430586100697e-01
3.120984377628558959e-01, 1.810776865472210340e-01, 2.320754111999081548e-01, 2.747484644900149431e-01
3.116997808544460513e-01, 1.812631534611486850e-01, 2.326123749723426060e-01, 2.744246907120628243e-01
3.113009636084343446e-01, 1.814482097059283705e-01, 2.331494053418879664e-01, 2.741014213437493741e-01
3.109019902222356913e-01, 1.816328565303117204e-01, 2.336864972617636871e-01, 2.737786559856889568e-01
3.105028648751312348e-01, 1.818170952155000186e-01, 2.342236456891562679e-01, 2.734563942202125064e-01
3.101035917281642074e-01, 1.820009270751113684e-01, 2.347608455852586706e-01, 2.731346356114658369e-01
3.097041749240359576e-01, 1.821843534551465249e-01, 2.352980919153086770e-01, 2.728133797055088405e-01
3.093046185870049758e-01, 1.823673757339543122e-01, 2.358353796486255538e-01, 2.724926260304151304e-01
3.089049268227874179e-01, 1.825499953221955962e-01, 2.363727037586451085e-01, 2.721723740963719051e-01
3.085051037184589617e-01, 1.827322136628066751e-01, 2.369100592229535229e-01, 2.718526233957808125e-01
3.081051533423595501e-01, 1.829140322309616706e-01, 2.374474410233193555e-01, 2.715333734033594792e-01
3.077050797439990215e-01, 1.830954525340340033e-01, 2.379848441457242669e-01, 2.712146235762427082e-01
3.073048869539652950e-01, 1.832764761115571739e-01, 2.385222635803922464e-01, 2.708963733540852292e-01
3.069045789838338867e-01, 1.834571045351845175e-01, 2.390596943218173120e-01, 2.705786221591644503e-01
3.065041598260793698e-01, 1.836373394086479593e-01, 2.395971313687894899e-01, 2.702613693964833197e-01
3.061036334539891102e-01, 1.838171823677165195e-01, 2.401345697244196276e-01, 2.699446144538746317e-01
3.057030038215785006e-01, 1.839966350801534589e-01, 2.406720043961628752e-01, 2.696283567021051653e-01
3.053022748635075279e-01, 1.841756992456725917e-01, 2.412094303958398078e-01, 2.693125954949799894e-01
3.049014504950004478e-01, 1.843543765958942926e-01, 2.417468427396572972e-01, 2.689973301694478236e-01
3.045005346117659606e-01, 1.845326688943002835e-01, 2.422842364482268585e-01, 2.686825600457068974e-01
3.040995310899197723e-01, 1.847105779361876976e-01, 2.428216065465821083e-01, 2.683682844273103107e-01
3.036984437859095998e-01, 1.848881055486227831e-01, 2.433589480641945024e-01, 2.680545026012731147e-01
3.032972765364405077e-01, 1.850652535903931639e-01, 2.438962560349878239e-01, 2.677412138381785045e-01
3.028960331584036880e-01, 1.852420239519600997e-01, 2.444335254973509508e-01, 2.674284173922853447e-01
3.024947174488057389e-01, 1.854184185554093589e-01, 2.449707514941492359e-01, 2.671161125016356941e-01
3.020933331847005521e-01, 1.855944393544021187e-01, 2.455079290727346930e-01, 2.668042983881626640e-01
3.016918841231227555e-01, 1.857700883341244225e-01, 2.460450532849542404e-01, 2.664929742577986094e-01
3.012903740010226539e-01, 1.859453675112362203e-01, 2.465821191871571672e-01, 2.661821393005839864e-01
3.008888065352036678e-01, 1.861202789338202157e-01, 2.471191218402002121e-01, 2.658717926907758211e-01
3.004871854222607719e-01, 1.862948246813292130e-01, 2.476560563094522549e-01, 2.655619335869577324e-01
3.000855143385210422e-01, 1.864690068645333543e-01, 2.481929176647969804e-01, 2.652525611321486232e-01
2.996837969399862023e-01, 1.866428276254667173e-01, 2.487297009806337944e-01, 2.649436744539133137e-01
2.992820368622766125e-01, 1.868162891373729428e-01, 2.492664013358785180e-01, 2.646352726644718989e-01
2.988802377205769800e-01, 1.869893936046506944e-01, 2.498030138139610834e-01, 2.643273548608111589e-01
2.984784031095842893e-01, 1.871621432627981474e-01, 2.503395335028232305e-01, 2.640199201247943606e-01
2.980765366034567321e-01, 1.873345403783569230e-01, 2.508759554949139270e-01, 2.637129675232725567e-01
2.976746417557651347e-01, 1.875065872488556606e-01, 2.514122748871833735e-01, 2.634064961081957756e-01
2.972727220994456632e-01, 1.876782862027530085e-01, 2.519484867810767303e-01, 2.631005049167246534e-01
2.968707811467541924e-01, 1.878496395993795587e-01, 2.524845862825247367e-01, 2.627949929713414567e-01
2.964688223892228969e-01, 1.880206498288800876e-01, 2.530205685019343842e-01, 2.624899592799626591e-01
2.960668492976180066e-01, 1.881913193121542704e-01, 2.535564285541774265e-01, 2.621854028360502964e-01
2.956648653218996725e-01, 1.883616505007979225e-01, 2.540921615585777227e-01, 2.618813226187247101e-01
2.952628738911827755e-01, 1.885316458770426029e-01, 2.546277626388978588e-01, 2.615777175928769016e-01
2.948608784137006777e-01, 1.887013079536958293e-01, 2.551632269233226058e-01, 2.612745867092808871e-01
2.944588822767698622e-01, 1.888706392740798212e-01, 2.556985495444437650e-01, 2.609719289047064961e-01
2.940568888467559594e-01, 1.890396424119704377e-01, 2.562337256392409612e-01, 2.606697431020325584e-01
2.936549014690420512e-01, 1.892083199715354769e-01, 2.567687503490629908e-01, 2.603680282103595367e-01
2.932529234679985830e-01, 1.893766745872719481e-01, 2.573036188196066165e-01, 2.600667831251228801e-01
2.928509581469542211e-01, 1.895447089239441218e-01, 2.578383262008951959e-01, 2.597660067282064889e-01
2.924490087881698175e-01, 1.897124256765196082e-01, 2.583728676472549224e-01, 2.594656978880556797e-01
2.920470786528119866e-01, 1.898798275701064076e-01, 2.589072383172905112e-01, 2.591658554597910946e-01
2.916451709809301240e-01, 1.900469173598885453e-01, 2.594414333738593315e-01, 2.588664782853219437e-01
2.912432889914340906e-01, 1.902136978310618454e-01, 2.599754479840438171e-01, 2.585675651934602470e-01
2.908414358820737289e-01, 1.903801717987689546e-01, 2.605092773191236555e-01, 2.582691150000336888e-01
2.904396148294199897e-01, 1.905463421080343112e-01, 2.610429165545456454e-01, 2.579711265080001370e-01
2.900378289888472794e-01, 1.907122116336983642e-01, 2.615763608698929432e-01, 2.576735985075613855e-01
2.896360814945185269e-01, 1.908777832803518482e-01, 2.621096054488528115e-01, 2.573765297762767301e-01
2.892343754593703076e-01, 1.910430599822692532e-01, 2.626426454791830900e-01, 2.570799190791773214e-01
2.888327139751005745e-01, 1.912080447033421837e-01, 2.631754761526775011e-01, 2.567837651688797407e-01
2.884311001121573903e-01, 1.913727404370124119e-01, 2.637080926651299007e-01, 2.564880667857004082e-01
2.880295369197296562e-01, 1.915371502062042652e-01, 2.642404902162971414e-01, 2.561928226577689371e-01
2.876280274257392300e-01, 1.917012770632573471e-01, 2.647726640098602702e-01, 2.558980315011431528e-01
2.872265746368341532e-01, 1.918651240898581467e-01, 2.653046092533857814e-01, 2.556036920199219464e-01
2.868251815383838221e-01, 1.920286943969718163e-01, 2.658363211582843721e-01, 2.553098029063599617e-01
2.864238510944758787e-01, 1.921919911247736423e-01, 2.663677949397690869e-01, 2.550163628409813366e-01
2.860225862479137682e-01, 1.923550174425800174e-01, 2.668990258168125185e-01, 2.547233704926937792e-01
2.856213899202166839e-01, 1.925177765487792181e-01, 2.674300090121022877e-01, 2.544308245189018658e-01
2.852202650116204552e-01, 1.926802716707619600e-01, 2.679607397519959688e-01, 2.541387235656217269e-01
2.848192144010799343e-01, 1.928425060648516487e-01, 2.684912132664742379e-01, 2.538470662675941236e-01
2.844182409462732708e-01, 1.930044830162344349e-01, 2.690214247890936328e-01, 2.535558512483985782e-01
2.840173474836068523e-01, 1.931662058388887993e-01, 2.695513695569375368e-01, 2.532650771205667839e-01
2.836165368282224097e-01, 1.933276778755150249e-01, 2.700810428105663852e-01, 2.529747424856961246e-01
2.832158117740053993e-01, 1.934889024974646987e-01, 2.706104397939667616e-01, 2.526848459345631959e-01
2.828151750935940512e-01, 1.936498831046693236e-01, 2.711395557544992729e-01, 2.523953860472374910e-01
2.824146295383910821e-01, 1.938106231255695144e-01, 2.716683859428454251e-01, 2.521063613931939229e-01
2.820141778385760190e-01, 1.939711260170434159e-01, 2.721969256129536108e-01, 2.518177705314270098e-01
2.816138227031185770e-01, 1.941313952643348995e-01, 2.727251700219837649e-01, 2.515296120105627864e-01
2.812135668197944804e-01, 1.942914343809820366e-01, 2.732531144302507986e-01, 2.512418843689726566e-01
2.808134128552015607e-01, 1.944512469087448514e-01, 2.737807541011679224e-01, 2.509545861348857487e-01
2.804133634547776865e-01, 1.946108364175332395e-01, 2.743080843011874714e-01, 2.506677158265015470e-01
2.800134212428205260e-01, 1.947702065053344422e-01, 2.748351002997424519e-01, 2.503812719521025798e-01
2.796135888225075306e-01, 1.949293607981406329e-01, 2.753617973691853127e-01, 2.500952530101665516e-01
2.792138687759179727e-01, 1.950883029498759469e-01, 2.758881707847273823e-01, 2.498096574894788091e-01
2.788142636640561500e-01, 1.952470366423238457e-01, 2.764142158243757530e-01, 2.495244838692441680e-01
2.784147760268763094e-01, 1.954055655850539253e-01, 2.769399277688708860e-01, 2.492397306191988793e-01
2.780154083833075718e-01, 1.955638935153486135e-01, 2.774653019016214417e-01, 2.489553961997223452e-01
2.776161632312816874e-01, 1.957220241981300068e-01, 2.779903335086397198e-01, 2.486714790619485027e-01
2.772170430477611247e-01, 1.958799614258862343e-01, 2.785150178784754349e-01, 2.483879776478771506e-01
2.768180502887684358e-01, 1.960377090185978777e-01, 2.790393503021482147e-01, 2.481048903904854441e-01
2.764191873894172868e-01, 1.961952708236641141e-01, 2.795633260730804870e-01, 2.478222157138381399e-01
2.760204567639444884e-01, 1.963526507158290246e-01, 2.800869404870275359e-01, 2.475399520331988679e-01
2.756218608057431352e-01, 1.965098525971074039e-01, 2.806101888420087787e-01, 2.472580977551405990e-01
2.752234018873970789e-01, 1.966668803967107915e-01, 2.811330664382366007e-01, 2.469766512776556677e-01
2.748250823607163440e-01, 1.968237380709730311e-01, 2.816555685780447460e-01, 2.466956109902658512e-01
2.744269045567745424e-01, 1.969804296032761359e-01, 2.821776905658165413e-01, 2.464149752741326971e-01
2.740288707859465100e-01, 1.971369590039758479e-01, 2.826994277079112328e-01, 2.461347425021665203e-01
2.736309833379471090e-01, 1.972933303103268643e-01, 2.832207753125899341e-01, 2.458549110391361203e-01
2.732332444818721950e-01, 1.974495475864085914e-01, 2.837417286899414637e-01, 2.455754792417777499e-01
2.728356564662397510e-01, 1.976056149230500658e-01, 2.842622831518059057e-01, 2.452964454589042775e-01
2.724382215190324641e-01, 1.977615364377553198e-01, 2.847824340116987263e-01, 2.450178080315134621e-01
2.720409418477415242e-01, 1.979173162746285797e-01, 2.853021765847334468e-01, 2.447395652928965881e-01
2.716438196394111437e-01, 1.980729586042990764e-01, 2.858215061875433727e-01, 2.444617155687463239e-01
2.712468570606849649e-01, 1.982284676238462440e-01, 2.863404181382038227e-01, 2.441842571772649406e-01
2.708500562578525228e-01, 1.983838475567243631e-01, 2.868589077561514711e-01, 2.439071884292715320e-01
2.704534193568977618e-01, 1.985391026526877323e-01, 2.873769703621050220e-01, 2.436305076283095117e-01
2.700569484635474971e-01, 1.986942371877150337e-01, 2.878946012779839414e-01, 2.433542130707536111e-01
2.696606456633223736e-01, 1.988492554639341436e-01, 2.884117958268270776e-01, 2.430783030459164051e-01
2.692645130215876037e-01, 1.990041618095469145e-01, 2.889285493327102827e-01, 2.428027758361551436e-01
2.688685525836052581e-01, 1.991589605787537076e-01, 2.894448571206632015e-01, 2.425276297169777773e-01
2.684727663745872794e-01, 1.993136561516777594e-01, 2.899607145165863376e-01, 2.422528629571486514e-01
2.680771563997503826e-01, 1.994682529342896304e-01, 2.904761168471658994e-01, 2.419784738187941708e-01
2.676817246443706222e-01, 1.996227553583317382e-01, 2.909910594397894790e-01, 2.417044605575081884e-01
2.672864730738400141e-01, 1.997771678812426954e-01, 2.915055376224603978e-01, 2.414308214224568094e-01
2.668914036337236562e-01, 1.999314949860815649e-01, 2.920195467237114983e-01, 2.411575546564833084e-01
2.664965182498177931e-01, 2.000857411814520037e-01, 2.925330820725182135e-01, 2.408846584962118786e-01
2.661018188282089358e-01, 2.002399110014267125e-01, 2.930461389982116915e-01, 2.406121311721525768e-01
2.657073072553340909e-01, 2.003940090054714407e-01, 2.935587128303903115e-01, 2.403399709088042124e-01
2.653129853980416009e-01, 2.005480397783688806e-01, 2.940707988988316979e-01, 2.400681759247579872e-01
2.649188551036527617e-01, 2.007020079301431725e-01, 2.945823925334032367e-01, 2.397967444328008291e-01
2.645249182000254384e-01, 2.008559180959836599e-01, 2.950934890639730912e-01, 2.395256746400178938e-01
2.641311764956167374e-01, 2.010097749361687558e-01, 2.956040838203195520e-01, 2.392549647478948993e-01
2.637376317795485092e-01, 2.011635831359902815e-01, 2.961141721320408315e-01, 2.389846129524203500e-01
2.633442858216720195e-01, 2.013173474056768053e-01, 2.966237493284636928e-01, 2.387146174441874547e-01
2.629511403726348950e-01, 2.014710724803178976e-01, 2.971328107385521333e-01, 2.384449764084950185e-01
2.625581971639479040e-01, 2.016247631197877199e-01, 2.976413516908154588e-01, 2.381756880254490005e-01
2.621654579080531233e-01, 2.017784241086687524e-01, 2.981493675132151910e-01, 2.379067504700629887e-01
2.617729242983926619e-01, 2.019320602561757438e-01, 2.986568535330729190e-01, 2.376381619123587030e-01
2.613805980094784931e-01, 2.020856763960790226e-01, 2.991638050769764301e-01, 2.373699205174659710e-01
2.609884806969630100e-01, 2.022392773866283633e-01, 2.996702174706860622e-01, 2.371020244457225368e-01
2.605965739977097462e-01, 2.023928681104763816e-01, 3.001760860390406682e-01, 2.368344718527731485e-01
2.602048795298661510e-01, 2.025464534746021228e-01, 3.006814061058629695e-01, 2.365672608896688123e-01
2.598133988929358651e-01, 2.027000384102343178e-01, 3.011861729938646315e-01, 2.363003897029652411e-01
2.594221336678527168e-01, 2.028536278727752495e-01, 3.016903820245508405e-01, 2.360338564348212487e-01
2.590310854170547739e-01, 2.030072268417234538e-01, 3.021940285181249908e-01, 2.357676592230966983e-01
2.586402556845597833e-01, 2.031608403205975855e-01, 3.026971077933926502e-01, 2.355017962014500921e-01
2.582496459960405000e-01, 2.033144733368591750e-01, 3.031996151676649154e-01, 2.352362654994354652e-01
2.578592578589019024e-01, 2.034681309418361339e-01, 3.037015459566622666e-01, 2.349710652425998081e-01
2.574690927623580206e-01, 2.036218182106455943e-01, 3.042028954744174229e-01, 2.347061935525789622e-01
2.570791521775100397e-01, 2.037755402421171924e-01, 3.047036590331785311e-01, 2.344416485471943201e-01
2.566894375574249598e-01, 2.039293021587157417e-01, 3.052038319433112989e-01, 2.341774283405480273e-01
2.562999503372153098e-01, 2.040831091064642389e-01, 3.057034095132016849e-01, 2.339135310431188219e-01
2.559106919341184727e-01, 2.042369662548668696e-01, 3.062023870491578093e-01, 2.336499547618569039e-01
2.555216637475780650e-01, 2.043908787968312935e-01, 3.067007598553120329e-01, 2.333866976002786364e-01
2.551328671593252051e-01, 2.045448519485916494e-01, 3.071985232335224247e-01, 2.331237576585607485e-01
2.547443035334601147e-01, 2.046988909496310904e-01, 3.076956724832743406e-01, 2.328611330336344820e-01
2.543559742165352189e-01, 2.048530010626039843e-01, 3.081922029015818909e-01, 2.325988218192790169e-01
2.539678805376381909e-01, 2.050071875732584481e-01, 3.086881097828887421e-01, 2.323368221062146466e-01
2.535800238084759406e-01, 2.051614557903587988e-01, 3.091833884189695292e-01, 2.320751319821957592e-01
2.531924053234592131e-01, 2.053158110456072827e-01, 3.096780340988302682e-01, 2.318137495321032082e-01
2.528050263597872993e-01, 2.054702586935666930e-01, 3.101720421086095469e-01, 2.315526728380365440e-01
2.524178881775342997e-01, 2.056248041115816827e-01, 3.106654077314786044e-01, 2.312918999794054131e-01
2.520309920197348896e-01, 2.057794526997010764e-01, 3.111581262475425769e-01, 2.310314290330214015e-01
2.516443391124713602e-01, 2.059342098805995169e-01, 3.116501929337403554e-01, 2.307712580731887120e-01
2.512579306649612154e-01, 2.060890810994987499e-01, 3.121416030637452765e-01, 2.305113851717947582e-01
2.508717678696445463e-01, 2.062440718240892978e-01, 3.126323519078653135e-01, 2.302518083984008146e-01
2.504858519022732377e-01, 2.063991875444518842e-01, 3.131224347329435997e-01, 2.299925258203313339e-01
2.501001839219993972e-01, 2.065544337729782465e-01, 3.136118468022583428e-01, 2.297335355027639581e-01
2.497147650714654776e-01, 2.067098160442923938e-01, 3.141005833754236254e-01, 2.294748355088184755e-01
2.493295964768936779e-01, 2.068653399151715866e-01, 3.145886397082890418e-01, 2.292164238996457215e-01
2.489446792481768700e-01, 2.070210109644666230e-01, 3.150760110528406654e-01, 2.289582987345157861e-01
2.485600144789698318e-01, 2.071768347930228182e-01, 3.155626926571010182e-01, 2.287004580709063872e-01
2.481756032467805073e-01, 2.073328170235999024e-01, 3.160486797650294277e-01, 2.284428999645902458e-01
2.477914466130620164e-01, 2.074889633007926948e-01, 3.165339676164226068e-01, 2.281856224697226543e-01
2.474075456233054415e-01, 2.076452792909507239e-01, 3.170185514468152888e-01, 2.279286236389285181e-01
2.470239013071326151e-01, 2.078017706820980415e-01, 3.175024264873805846e-01, 2.276719015233886201e-01
2.466405146783895164e-01, 2.079584431838532310e-01, 3.179855879648310624e-01, 2.274154541729262735e-01
2.462573867352399470e-01, 2.081153025273480561e-01, 3.184680311013191045e-01, 2.271592796360928368e-01
2.458745184602604272e-01, 2.082723544651473302e-01, 3.189497511143387087e-01, 2.269033759602536171e-01
2.454919108205342315e-01, 2.084296047711673427e-01, 3.194307432166256233e-01, 2.266477411916727469e-01
2.451095647677470901e-01, 2.085870592405950352e-01, 3.199110026160596476e-01, 2.263923733755982270e-01
2.447274812382823073e-01, 2.087447236898060943e-01, 3.203905245155654335e-01, 2.261372705563461094e-01
2.443456611533170175e-01, 2.089026039562833781e-01, 3.208693041130145085e-01, 2.258824307773850959e-01
2.439641054189184977e-01, 2.090607058985347044e-01, 3.213473366011271315e-01, 2.256278520814196109e-01
2.435828149261408115e-01, 2.092190353960109439e-01, 3.218246171673744271e-01, 2.253735325104738452e-01
2.432017905511220379e-01, 2.093775983490228643e-01, 3.223011409938805749e-01, 2.251194701059744674e-01
2.428210331551816925e-01, 2.095364006786589461e-01, 3.227769032573259977e-01, 2.248656629088334746e-01
2.424405435849185664e-01, 2.096954483267017832e-01, 3.232518991288492738e-01, 2.246121089595304321e-01
2.420603226723092305e-01, 2.098547472555447602e-01, 3.237261237739515463e-01, 2.243588062981945741e-01
2.416803712348062072e-01, 2.100143034481083693e-01, 3.241995723523989348e-01, 2.241057529646864888e-01
2.413006900754371131e-01, 2.101741229077562778e-01, 3.246722400181270562e-01, 2.238529469986795251e-01
2.409212799829038021e-01, 2.103342116582107846e-01, 3.251441219191448795e-01, 2.236003864397406449e-01
2.405421417316821742e-01, 2.104945757434679710e-01, 3.256152131974389130e-01, 2.233480693274109696e-01
2.401632760821215962e-01, 2.106552212277130465e-01, 3.260855089888787806e-01, 2.230959937012866323e-01
2.397846837805456821e-01, 2.108161541952346119e-01, 3.265550044231214644e-01, 2.228441576010982417e-01
2.394063655593522966e-01, 2.109773807503390053e-01, 3.270236946235180464e-01, 2.225925590667906517e-01
2.390283221371146960e-01, 2.111389070172641491e-01, 3.274915747070186733e-01, 2.223411961386024260e-01
2.386505542186825590e-01, 2.113007391400930912e-01, 3.279586397840794088e-01, 2.220900668571449410e-01
2.382730624952832388e-01, 2.114628832826667693e-01, 3.284248849585694185e-01, 2.218391692634806567e-01
2.378958476446233483e-01, 2.116253456284972190e-01, 3.288903053276774902e-01, 2.215885013992019148e-01
2.375189103309910954e-01, 2.117881323806793115e-01, 3.293548959818207722e-01, 2.213380613065088209e-01
2.371422512053581455e-01, 2.119512497618029623e-01, 3.298186520045521264e-01, 2.210878470282867936e-01
2.367658709054819566e-01, 2.121147040138641748e-01, 3.302815684724694778e-01, 2.208378566081842798e-01
2.363897700560089465e-01, 2.122785013981763891e-01, 3.307436404551250542e-01, 2.205880880906896102e-01
2.360139492685769391e-01, 2.124426481952805812e-01, 3.312048630149345696e-01, 2.203385395212078823e-01
2.356384091419186089e-01, 2.126071507048555020e-01, 3.316652312070884068e-01, 2.200892089461375378e-01
2.352631502619647319e-01, 2.127720152456271940e-01, 3.321247400794619109e-01, 2.198400944129462187e-01
2.348881732019480473e-01, 2.129372481552779250e-01, 3.325833846725270715e-01, 2.195911939702469562e-01
2.345134785225068685e-01, 2.131028557903549281e-01, 3.330411600192645372e-01, 2.193425056678736662e-01
2.341390667717892782e-01, 2.132688445261781418e-01, 3.334980611450762966e-01, 2.190940275569562279e-01
2.337649384855573220e-01, 2.134352207567479787e-01, 3.339540830676988592e-01, 2.188457576899958679e-01
2.333910941872915645e-01, 2.136019908946520385e-01, 3.344092207971171016e-01, 2.185976941209393787e-01
2.330175343882954220e-01, 2.137691613709715721e-01, 3.348634693354792247e-01, 2.183498349052536702e-01
2.326442595878006891e-01, 2.139367386351875566e-01, 3.353168236770114885e-01, 2.181021781000001825e-01
2.322712702730718448e-01, 2.141047291550856602e-01, 3.357692788079342239e-01, 2.178547217639082711e-01
2.318985669195115784e-01, 2.142731394166608738e-01, 3.362208297063786766e-01, 2.176074639574489822e-01
2.315261499907661502e-01, 2.144419759240217549e-01, 3.366714713423039629e-01, 2.173604027429082708e-01
2.311540199388308625e-01, 2.146112451992938375e-01, 3.371211986774152458e-01, 2.171135361844601375e-01
2.307821772041558639e-01, 2.147809537825224324e-01, 3.375700066650828002e-01, 2.168668623482389868e-01
2.304106222157518147e-01, 2.149511082315747057e-01, 3.380178902502609661e-01, 2.166203793024125135e-01
2.300393553912960520e-01, 2.151217151220413959e-01, 3.384648443694088793e-01, 2.163740851172536450e-01
2.296683771372386440e-01, 2.152927810471374215e-01, 3.389108639504114229e-01, 2.161279778652124839e-01
2.292976878489085824e-01, 2.154643126176022383e-01, 3.393559439125011234e-01, 2.158820556209879449e-01
2.289272879106203917e-01, 2.156363164615993089e-01, 3.398000791661809905e-01, 2.156363164615993089e-01
2.285571776957803780e-01, 2.158087992246146281e-01, 3.402432646131477445e-01, 2.153907584664572217e-01
2.281873575669934873e-01, 2.159817675693551653e-01, 3.406854951462165992e-01, 2.151453797174346649e-01
2.278178278761701370e-01, 2.161552281756457250e-01, 3.411267656492464884e-01, 2.149001782989376219e-01
2.274485889646326309e-01, 2.163291877403259456e-01, 3.415670709970657914e-01, 2.146551522979755211e-01
2.270796411632227396e-01, 2.165036529771457163e-01, 3.420064060554001695e-01, 2.144102998042313468e-01
2.267109847924085320e-01, 2.166786306166603726e-01, 3.424447656807996232e-01, 2.141656189101314167e-01
2.263426201623912337e-01, 2.168541274061248636e-01, 3.428821447205682160e-01, 2.139211077109155756e-01
2.259745475732130859e-01, 2.170301501093872543e-01, 3.433185380126935193e-01, 2.136767643047061682e-01
2.256067673148640929e-01, 2.172067055067812280e-01, 3.437539403857772791e-01, 2.134325867925774001e-01
2.252392796673900466e-01, 2.173838003950177011e-01, 3.441883466589676921e-01, 2.131885732786246157e-01
2.248720849009995804e-01, 2.175614415870759655e-01, 3.446217516418916826e-01, 2.129447218700327160e-01
2.245051832761718880e-01, 2.177396359120937486e-01, 3.450541501345893991e-01, 2.127010306771450199e-01
2.241385750437644986e-01, 2.179183902152559693e-01, 3.454855369274479893e-01, 2.124574978135314873e-01
2.237722604451208575e-01, 2.180977113576836324e-01, 3.459159068011385951e-01, 2.122141213960569983e-01
2.234062397121781007e-01, 2.182776062163202802e-01, 3.463452545265525706e-01, 2.119708995449490485e-01
2.230405130675748859e-01, 2.184580816838194439e-01, 3.467735748647398086e-01, 2.117278303838658615e-01
2.226750807247594999e-01, 2.186391446684292916e-01, 3.472008625668476789e-01, 2.114849120399636684e-01
2.223099428880972173e-01, 2.188208020938774701e-01, 3.476271123740611868e-01, 2.112421426439640149e-01
2.219450997529791025e-01, 2.190030608992548089e-01, 3.480523190175447978e-01, 2.109995203302212075e-01
2.215805515059291741e-01, 2.191859280388976372e-01, 3.484764772183843173e-01, 2.107570432367889268e-01
2.212162983247129566e-01, 2.193694104822691560e-01, 3.488995816875306022e-01, 2.105147095054872575e-01
2.208523403784453387e-01, 2.195535152138405610e-01, 3.493216271257449379e-01, 2.102725172819691069e-01
2.204886778276988757e-01, 2.197382492329700010e-01, 3.497426082235444156e-01, 2.100304647157867077e-01
2.201253108246116752e-01, 2.199236195537811744e-01, 3.501625196611493074e-01, 2.097885499604579540e-01
2.197622395129955053e-01, 2.201096332050407056e-01, 3.505813561084317187e-01, 2.095467711735320981e-01
2.193994640284442355e-01, 2.202962972300346878e-01, 3.509991122248649065e-01, 2.093051265166560870e-01
2.190369844984418335e-01, 2.204836186864433945e-01, 3.514157826594745959e-01, 2.090636141556400929e-01
2.186748010424703903e-01, 2.206716046462157133e-01, 3.518313620507910189e-01, 2.088222322605229608e-01
2.183129137721184498e-01, 2.208602621954419420e-01, 3.522458450268017849e-01, 2.085809790056377122e-01
2.179513227911892004e-01, 2.210495984342256692e-01, 3.526592262049081383e-01, 2.083398525696770198e-01
2.175900281958084992e-01, 2.212396204765543772e-01, 3.530715001918793838e-01, 2.080988511357578508e-01
2.172290300745332303e-01, 2.214303354501686028e-01, 3.534826615838114749e-01, 2.078579728914866365e-01
2.168683285084591628e-01, 2.216217504964308194e-01, 3.538927049660856583e-01, 2.076172160290243596e-01
2.165079235713295580e-01, 2.218138727701918222e-01, 3.543016249133280060e-01, 2.073765787451506137e-01
2.161478153296425286e-01, 2.220067094396568352e-01, 3.547094159893718901e-01, 2.071360592413286628e-01
2.157880038427600344e-01, 2.222002676862500914e-01, 3.551160727472202350e-01, 2.068956557237696392e-01
2.154284891630152965e-01, 2.223945547044779703e-01, 3.555215897290102123e-01, 2.066553664034965487e-01
2.150692713358210162e-01, 2.225895777017910804e-01, 3.559259614659790461e-01, 2.064151894964088851e-01
2.147103503997774554e-01, 2.227853438984450096e-01, 3.563291824784312611e-01, 2.061751232233462183e-01
2.143517263867804334e-01, 2.229818605273596044e-01, 3.567312472757077080e-01, 2.059351658101523097e-01
2.139933993221291575e-01, 2.231791348339769998e-01, 3.571321503561550870e-01, 2.056953154877387557e-01
2.136353692246341918e-01, 2.233771740761185121e-01, 3.575318862070986370e-01, 2.054555704921486592e-01
2.132776361067253157e-01, 2.235759855238397542e-01, 3.579304493048146574e-01, 2.052159290646203282e-01
2.129201999745591600e-01, 2.237755764592848640e-01, 3.583278341145056944e-01, 2.049763894516503926e-01
2.125630608281274259e-01, 2.239759541765385387e-01, 3.587240350902766717e-01, 2.047369499050573360e-01
2.122062186613640766e-01, 2.241771259814778761e-01, 3.591190466751131849e-01, 2.044976086820448902e-01
2.118496734622531685e-01, 2.243790991916213284e-01, 3.595128633008606855e-01, 2.042583640452647342e-01
2.114934252129368197e-01, 2.245818811359776013e-01, 3.599054793882057734e-01, 2.040192142628798611e-01
2.111374738898220416e-01, 2.247854791548918874e-01, 3.602968893466586553e-01, 2.037801576086274435e-01
2.107818194636887354e-01, 2.249899005998914625e-01, 3.606870875745382121e-01, 2.035411923618816454e-01
2.104264618997969682e-01, 2.251951528335293662e-01, 3.610760684589571778e-01, 2.033023168077164600e-01
2.100714011579943585e-01, 2.254012432292265833e-01, 3.614638263758107040e-01, 2.030635292369682987e-01
2.097166371928231576e-01, 2.256081791711128381e-01, 3.618503556897650908e-01, 2.028248279462988302e-01
2.093621699536276914e-01, 2.258159680538657788e-01, 3.622356507542492943e-01, 2.025862112382571245e-01
2.090079993846613304e-01, 2.260246172825484956e-01, 3.626197059114475429e-01, 2.023476774213426588e-01
2.086541254251933208e-01, 2.262341342724452919e-01, 3.630025154922941755e-01, 2.021092248100671840e-01
2.083005480096163653e-01, 2.264445264488963994e-01, 3.633840738164698658e-01, 2.018708517250173695e-01
2.079472670675528156e-01, 2.266558012471306394e-01, 3.637643751923994584e-01, 2.016325564929171144e-01
2.075942825239617540e-01, 2.268679661120962532e-01, 3.641434139172524675e-01, 2.013943374466895808e-01
2.072415942992457960e-01, 2.270810284982905936e-01, 3.645211842769441879e-01, 2.011561929255194225e-01
2.068892023093574783e-01, 2.272949958695879291e-01, 3.648976805461396911e-01, 2.009181212749149847e-01
2.065371064659058398e-01, 2.275098756990650561e-01, 3.652728969882587662e-01, 2.006801208467701991e-01
2.061853066762629749e-01, 2.277256754688262996e-01, 3.656468278554838580e-01, 2.004421899994268674e-01
2.058338028436699774e-01, 2.279424026698254890e-01, 3.660194673887682826e-01, 2.002043270977362788e-01
2.054825948673436598e-01, 2.281600648016870736e-01, 3.663908098178479400e-01, 1.999665305131214099e-01
2.051316826425821360e-01, 2.283786693725252948e-01, 3.667608493612539156e-01, 1.997287986236387092e-01
2.047810660608711808e-01, 2.285982238987614157e-01, 3.671295802263274677e-01, 1.994911298140400191e-01
2.044307450099900614e-01, 2.288187359049388969e-01, 3.674969966092367923e-01, 1.992535224758342494e-01
2.040807193741172032e-01, 2.290402129235376005e-01, 3.678630926949956192e-01, 1.990159750073495215e-01
2.037309890339359109e-01, 2.292626624947853020e-01, 3.682278626574841951e-01, 1.987784858137945365e-01
2.033815538667399780e-01, 2.294860921664675923e-01, 3.685913006594718766e-01, 1.985410533073204975e-01
2.030324137465389644e-01, 2.297105094937361980e-01, 3.689534008526418329e-01, 1.983036759070829769e-01
2.026835685441637502e-01, 2.299359220389150249e-01, 3.693141573776179132e-01, 1.980663520393034227e-01
2.023350181273714243e-01, 2.301623373713044540e-01, 3.696735643639932900e-01, 1.978290801373309149e-01
2.019867623609506169e-01, 2.303897630669839436e-01, 3.700316159303614905e-01, 1.975918586417039491e-01
2.016388011068264430e-01, 2.306182067086121334e-01, 3.703883061843494806e-01, 1.973546860002120540e-01
2.012911342241649193e-01, 2.308476758852255617e-01, 3.707436292226520824e-01, 1.971175606679572978e-01
2.009437615694782409e-01, 2.310781781920350220e-01, 3.710975791310703320e-01, 1.968804811074163219e-01
2.005966829967288090e-01, 2.313097212302201999e-01, 3.714501499845492827e-01, 1.966434457885017362e-01
2.002498983574339808e-01, 2.315423126067218396e-01, 3.718013358472205265e-01, 1.964064531886236253e-01
1.999034075007701527e-01, 2.317759599340326604e-01, 3.721511307724453821e-01, 1.961695017927517493e-01
1.995572102736768993e-01, 2.320106708299854437e-01, 3.724995288028609131e-01, 1.959325900934767717e-01
1.992113065209612788e-01, 2.322464529175396197e-01, 3.728465239704272238e-01, 1.956957165910719054e-01
1.988656960854011391e-01, 2.324833138245651909e-01, 3.731921102964787518e-01, 1.954588797935550570e-01
1.985203788078492571e-01, 2.327212611836251277e-01, 3.735362817917755596e-01, 1.952220782167499447e-01
1.981753545273367834e-01, 2.329603026317559056e-01, 3.738790324565589018e-01, 1.949853103843484647e-01
1.978306230811765765e-01, 2.332004458102443500e-01, 3.742203562806074024e-01, 1.947485748279717266e-01
1.974861843050665366e-01, 2.334416983644043986e-01, 3.745602472432966734e-01, 1.945118700872323358e-01
1.971420380331926347e-01, 2.336840679433503931e-01, 3.748986993136610435e-01, 1.942751947097959564e-01
1.967981840983319408e-01, 2.339275621997684018e-01, 3.752357064504565631e-01, 1.940385472514430387e-01
1.964546223319552642e-01, 2.341721887896857923e-01, 3.755712626022280065e-01, 1.938019262761309369e-01
1.961113525643300992e-01, 2.344179553722379183e-01, 3.759053617073766507e-01, 1.935653303560554150e-01
1.957683746246226264e-01, 2.346648696094333075e-01, 3.762379976942313853e-01, 1.933287580717126253e-01
1.954256883410004086e-01, 2.349129391659159349e-01, 3.765691644811224315e-01, 1.930922080119611972e-01
1.950832935407343649e-01, 2.351621717087258312e-01, 3.768988559764558932e-01, 1.928556787740839384e-01
1.947411900503006055e-01, 2.354125749070568319e-01, 3.772270660787926388e-01, 1.926191689638498683e-01
1.943993776954825725e-01, 2.356641564320127169e-01, 3.775537886769282925e-01, 1.923826771955763903e-01
1.940578563014723479e-01, 2.359169239563601583e-01, 3.778790176499763342e-01, 1.921462020921910763e-01
1.937166256929721553e-01, 2.361708851542805854e-01, 3.782027468674532544e-01, 1.919097422852939772e-01
1.933756856942957514e-01, 2.364260477011182748e-01, 3.785249701893664276e-01, 1.916732964152196017e-01
1.930350361294694561e-01, 2.366824192731271370e-01, 3.788456814663043737e-01, 1.914368631310991165e-01
1.926946768223328499e-01, 2.369400075472148648e-01, 3.791648745395295728e-01, 1.912004410909226015e-01
1.923546075966400815e-01, 2.371988202006846680e-01, 3.794825432410738886e-01, 1.909640289616013065e-01
1.920148282761596215e-01, 2.374588649109743155e-01, 3.797986813938362127e-01, 1.907276254190298781e-01
1.916753386847751817e-01, 2.377201493553933176e-01, 3.801132828116827733e-01, 1.904912291481487274e-01
1.913361386465858016e-01, 2.379826812108574163e-01, 3.804263412995503857e-01, 1.902548388430063964e-01
1.909972279860056021e-01, 2.382464681536203832e-01, 3.807378506535519236e-01, 1.900184532068221188e-01
1.906586065278636777e-01, 2.385115178590040130e-01, 3.810478046610840663e-01, 1.897820709520482430e-01
1.903202740975036833e-01, 2.387778380011250090e-01, 3.813561971009385432e-01, 1.895456908004327368e-01
1.899822305208833939e-01, 2.390454362526195919e-01, 3.816630217434152095e-01, 1.893093114830817492e-01
1.896444756246734031e-01, 2.393143202843658890e-01, 3.819682723504381205e-01, 1.890729317405224486e-01
1.893070092363567103e-01, 2.395844977652035468e-01, 3.822719426756742145e-01, 1.888365503227655007e-01
1.889698311843269751e-01, 2.398559763616507079e-01, 3.825740264646542710e-01, 1.886001659893679350e-01
1.886329412979873554e-01, 2.401287637376188777e-01, 3.828745174548977004e-01, 1.883637775094960387e-01
1.882963394078487895e-01, 2.404028675541249049e-01, 3.831734093760383320e-01, 1.881273836619880013e-01
1.879600253456282510e-01, 2.406782954690002696e-01, 3.834706959499545320e-01, 1.878909832354169751e-01
1.876239989443464484e-01, 2.409550551365984838e-01, 3.837663708909009319e-01, 1.876545750281541081e-01
1.872882600384256913e-01, 2.412331542074993562e-01, 3.840604279056434867e-01, 1.874181578484314659e-01
1.869528084637874787e-01, 2.415126003282103695e-01, 3.843528606935969205e-01, 1.871817305144052590e-01
1.866176440579494500e-01, 2.417934011408663098e-01, 3.846436629469655588e-01, 1.869452918542187092e-01
1.862827666601227505e-01, 2.420755642829257870e-01, 3.849328283508857695e-01, 1.867088407060657207e-01
1.859481761113087606e-01, 2.423590973868649245e-01, 3.852203505835725683e-01, 1.864723759182536633e-01
1.856138722543956843e-01, 2.426440080798689392e-01, 3.855062233164683883e-01, 1.862358963492669883e-01
1.852798549342547507e-01, 2.429303039835205569e-01, 3.857904402143941258e-01, 1.859994008678305111e-01
1.849461239978366645e-01, 2.432179927134863473e-01, 3.860729949357040169e-01, 1.857628883529729991e-01
1.846126792942670569e-01, 2.435070818791997271e-01, 3.863538811324429001e-01, 1.855263576940903714e-01
1.842795206749427150e-01, 2.437975790835416046e-01, 3.866330924505061439e-01, 1.852898077910094810e-01
1.839466479936264776e-01, 2.440894919225188031e-01, 3.869106225298029056e-01, 1.850532375540517582e-01
1.836140611065427142e-01, 2.443828279849388219e-01, 3.871864650044218314e-01, 1.848166459040966325e-01
1.832817598724719999e-01, 2.446775948520825694e-01, 3.874606135027998111e-01, 1.845800317726455086e-01
1.829497441528460944e-01, 2.449738000973745167e-01, 3.877330616478939507e-01, 1.843433941018855493e-01
1.826180138118420337e-01, 2.452714512860490748e-01, 3.880038030573557117e-01, 1.841067318447531242e-01
1.822865687164767212e-01, 2.455705559748159461e-01, 3.882728313437092127e-01, 1.838700439649982310e-01
1.819554087367002138e-01, 2.458711217115209235e-01, 3.885401401145308076e-01, 1.836333294372480551e-01
1.816245337454900632e-01, 2.461731560348055514e-01, 3.888057229726332165e-01, 1.833965872470712244e-01
1.812939436189441866e-01, 2.464766664737626234e-01, 3.890695735162516544e-01, 1.831598163910415356e-01
1.809636382363742912e-01, 2.467816605475899316e-01, 3.893316853392332910e-01, 1.829230158768024306e-01
1.806336174803986339e-01, 2.470881457652409907e-01, 3.895920520312297075e-01, 1.826861847231307789e-01
1.803038812370345301e-01, 2.473961296250723751e-01, 3.898506671778917410e-01, 1.824493219600014371e-01
1.799744293957907249e-01, 2.477056196144893363e-01, 3.901075243610689913e-01, 1.822124266286510308e-01
1.796452618497594023e-01, 2.480166232095879220e-01, 3.903626171590098837e-01, 1.819754977816427643e-01
1.793163784957082507e-01, 2.483291478747943204e-01, 3.906159391465671704e-01, 1.817385344829303140e-01
1.789877792341712515e-01, 2.486432010625015399e-01, 3.908674838954047659e-01, 1.815015358079224150e-01
1.786594639695404663e-01, 2.489587902127036179e-01, 3.911172449742085222e-01, 1.812645008435473382e-01
1.783314326101567704e-01, 2.492759227526262777e-01, 3.913652159488998916e-01, 1.810274286883170880e-01
1.780036850684003358e-01, 2.495946060963554203e-01, 3.916113903828520870e-01, 1.807903184523921292e-01
1.776762212607810310e-01, 2.499148476444626454e-01, 3.918557618371105167e-01, 1.805531692576457514e-01
1.773490411080285156e-01, 2.502366547836276656e-01, 3.920983238706149399e-01, 1.803159802377289345e-01
1.770221445351817524e-01, 2.505600348862581650e-01, 3.923390700404257858e-01, 1.800787505381343245e-01
1.766955314716784908e-01, 2.508849953101071062e-01, 3.925779939019526377e-01, 1.798414793162616265e-01
1.763692018514446402e-01, 2.512115433978864276e-01, 3.928150890091871572e-01, 1.796041657414817472e-01
1.760431556129825048e-01, 2.515396864768786322e-01, 3.930503489149374530e-01, 1.793668089952013822e-01
1.757173926994597957e-01, 2.518694318585451564e-01, 3.932837671710667782e-01, 1.791294082709282975e-01
1.753919130587973385e-01, 2.522007868381322959e-01, 3.935153373287349488e-01, 1.788919627743354168e-01
1.750667166437572808e-01, 2.525337586942736912e-01, 3.937450529386431475e-01, 1.786544717233258805e-01
1.747418034120303831e-01, 2.528683546885907019e-01, 3.939729075512811152e-01, 1.784169343480977721e-01
1.744171733263231994e-01, 2.532045820652891743e-01, 3.941988947171787827e-01, 1.781793498912089824e-01
1.740928263544450905e-01, 2.535424480507539879e-01, 3.944230079871594574e-01, 1.779417176076414087e-01
1.737687624693945443e-01, 2.538819598531409372e-01, 3.946452409125978389e-01, 1.777040367648666797e-01
1.734449816494453844e-01, 2.542231246619645058e-01, 3.948655870456798667e-01, 1.774663066429101599e-01
1.731214838782326459e-01, 2.545659496476848083e-01, 3.950840399396663982e-01, 1.772285265344161198e-01
1.727982691448381736e-01, 2.549104419612896466e-01, 3.953005931491597180e-01, 1.769906957447123508e-01
1.724753374438755538e-01, 2.552566087338754008e-01, 3.955152402303739323e-01, 1.767528135918750853e-01
1.721526887755747970e-01, 2.556044570762240897e-01, 3.957279747414075843e-01, 1.765148794067935567e-01
1.718303231458671865e-01, 2.559539940783779888e-01, 3.959387902425197669e-01, 1.762768925332349468e-01
1.715082405664690168e-01, 2.563052268092114727e-01, 3.961476802964102317e-01, 1.760388523279092510e-01
1.711864410549653603e-01, 2.566581623159999714e-01, 3.963546384685012192e-01, 1.758007581605335046e-01
1.708649246348931949e-01, 2.570128076239859283e-01, 3.965596583272238407e-01, 1.755626094138970084e-01
1.705436913358248374e-01, 2.573691697359423713e-01, 3.967627334443070697e-01, 1.753244054839256660e-01
1.702227411934500723e-01, 2.577272556317334873e-01, 3.969638573950695637e-01, 1.750861457797468490e-01
1.699020742496584468e-01, 2.580870722678722529e-01, 3.971630237587153722e-01, 1.748478297237539281e-01
1.695816905526212337e-01, 2.584486265770755686e-01, 3.973602261186325868e-01, 1.746094567516705554e-01
1.692615901568726433e-01, 2.588119254678163395e-01, 3.975554580626952106e-01, 1.743710263126157234e-01
1.689417731233911202e-01, 2.591769758238732235e-01, 3.977487131835678036e-01, 1.741325378691679360e-01
1.686222395196795010e-01, 2.595437845038769398e-01, 3.979399850790141802e-01, 1.738939908974294068e-01
1.683029894198457832e-01, 2.599123583408547433e-01, 3.981292673522084935e-01, 1.736553848870908967e-01
1.679840229046825339e-01, 2.602827041417714038e-01, 3.983165536120501504e-01, 1.734167193414958563e-01
1.676653400617465206e-01, 2.606548286870676301e-01, 3.985018374734815572e-01, 1.731779937777044587e-01
1.673469409854375367e-01, 2.610287387301958861e-01, 3.986851125578086963e-01, 1.729392077265578809e-01
1.670288257770771168e-01, 2.614044409971539307e-01, 3.988663724930262555e-01, 1.727003607327427248e-01
1.667109945449865571e-01, 2.617819421860146378e-01, 3.990456109141443108e-01, 1.724614523548544387e-01
1.663934474045647982e-01, 2.621612489664542078e-01, 3.992228214635192840e-01, 1.722224821654617377e-01
1.660761844783654462e-01, 2.625423679792768250e-01, 3.993979977911873980e-01, 1.719834497511703031e-01
1.657592058961738224e-01, 2.629253058359374839e-01, 3.995711335552022958e-01, 1.717443547126863423e-01
1.654425117950833468e-01, 2.633100691180613739e-01, 3.997422224219747133e-01, 1.715051966648805382e-01
1.651261023195713384e-01, 2.636966643769614871e-01, 3.999112580666157046e-01, 1.712659752368513588e-01
1.648099776215747325e-01, 2.640850981331528402e-01, 4.000782341732838643e-01, 1.710266900719886185e-01
1.644941378605649096e-01, 2.644753768758642543e-01, 4.002431444355341594e-01, 1.707873408280366767e-01
1.641785832036224690e-01, 2.648675070625483574e-01, 4.004059825566713138e-01, 1.705479271771578043e-01
1.638633138255111976e-01, 2.652614951183879799e-01, 4.005667422501059116e-01, 1.703084488059950496e-01
1.635483299087516496e-01, 2.656573474358001619e-01, 4.007254172397129999e-01, 1.700689054157351054e-01
1.632336316436946988e-01, 2.660550703739386624e-01, 4.008820012601950200e-01, 1.698292967221715077e-01
1.629192192285937313e-01, 2.664546702581926940e-01, 4.010364880574467383e-01, 1.695896224557668364e-01
1.626050928696771147e-01, 2.668561533796836027e-01, 4.011888713889238955e-01, 1.693498823617153592e-01
1.622912527812198913e-01, 2.672595259947594393e-01, 4.013391450240152980e-01, 1.691100762000053159e-01
1.619776991856148041e-01, 2.676647943244868100e-01, 4.014873027444170184e-01, 1.688702037454813953e-01
1.616644323134433514e-01, 2.680719645541400631e-01, 4.016333383445105376e-01, 1.686302647879060479e-01
1.613514524035455922e-01, 2.684810428326885323e-01, 4.017772456317438845e-01, 1.683902591320220188e-01
1.610387597030901174e-01, 2.688920352722811713e-01, 4.019190184270152733e-01, 1.681501865976135213e-01
1.607263544676430789e-01, 2.693049479477286345e-01, 4.020586505650604048e-01, 1.679100470195678541e-01
1.604142369612368835e-01, 2.697197868959834155e-01, 4.021961358948429877e-01, 1.676698402479366301e-01
1.601024074564383615e-01, 2.701365581156174867e-01, 4.023314682799473685e-01, 1.674295661479967556e-01
1.597908662344162123e-01, 2.705552675662974971e-01, 4.024646415989750481e-01, 1.671892246003112148e-01
1.594796135850081453e-01, 2.709759211682581381e-01, 4.025956497459438621e-01, 1.669488155007897989e-01
1.591686498067873823e-01, 2.713985248017726781e-01, 4.027244866306904370e-01, 1.667083387607494749e-01
1.588579752071286599e-01, 2.718230843066219427e-01, 4.028511461792750326e-01, 1.664677943069743649e-01
1.585475901022734557e-01, 2.722496054815605748e-01, 4.029756223343903265e-01, 1.662271820817757262e-01
1.582374948173949081e-01, 2.726780940837812972e-01, 4.030979090557720301e-01, 1.659865020430517091e-01
1.579276896866622926e-01, 2.731085558283776193e-01, 4.032180003206133345e-01, 1.657457541643466981e-01
1.576181750533043324e-01, 2.735409963878032147e-01, 4.033358901239820771e-01, 1.655049384349103758e-01
1.573089512696726477e-01, 2.739754213913305203e-01, 4.034515724792402391e-01, 1.652640548597566483e-01
1.570000186973040945e-01, 2.744118364245066721e-01, 4.035650414184671630e-01, 1.650231034597221536e-01
1.566913777069827429e-01, 2.748502470286071642e-01, 4.036762909928854337e-01, 1.647820842715246592e-01
1.563830286788013280e-01, 2.752906587000886751e-01, 4.037853152732888140e-01, 1.645409973478212107e-01
1.560749720022220066e-01, 2.757330768900382312e-01, 4.038921083504745102e-01, 1.642998427572653075e-01
1.557672080761362543e-01, 2.761775070036222024e-01, 4.039966643356766030e-01, 1.640586205845648848e-01
1.554597373089247614e-01, 2.766239543995322459e-01, 4.040989773610038638e-01, 1.638173309305391012e-01
1.551525601185159975e-01, 2.770724243894301386e-01, 4.041990415798787373e-01, 1.635759739121751266e-01
1.548456769324448035e-01, 2.775229222373901683e-01, 4.042968511674806531e-01, 1.633345496626844584e-01
1.545390881879097622e-01, 2.779754531593403577e-01, 4.043924003211906704e-01, 1.630930583315590987e-01
1.542327943318305972e-01, 2.784300223225016913e-01, 4.044856832610402297e-01, 1.628515000846274263e-01
1.539267958209041831e-01, 2.788866348448256205e-01, 4.045766942301610158e-01, 1.626098751041091250e-01
1.536210931216604458e-01, 2.793452957944299597e-01, 4.046654274952389829e-01, 1.623681835886705838e-01
1.533156867105174570e-01, 2.798060101890334495e-01, 4.047518773469698794e-01, 1.621264257534792974e-01
1.530105770738358906e-01, 2.802687829953880994e-01, 4.048360381005180475e-01, 1.618846018302579903e-01
1.527057647079725911e-01, 2.807336191287109206e-01, 4.049179040959777209e-01, 1.616427120673387674e-01
1.524012501193340308e-01, 2.812005234521132158e-01, 4.049974696988365430e-01, 1.614007567297162105e-01
1.520970338244281572e-01, 2.816695007760292024e-01, 4.050747293004420269e-01, 1.611587360991005857e-01
1.517931163499167957e-01, 2.821405558576428607e-01, 4.051496773184699585e-01, 1.609166504739703019e-01
1.514894982326660533e-01, 2.826136934003133372e-01, 4.052223081973964081e-01, 1.606745001696241459e-01
1.511861800197970007e-01, 2.830889180529995719e-01, 4.052926164089705741e-01, 1.604322855182329088e-01
1.508831622687353269e-01, 2.835662344096827048e-01, 4.053605964526912908e-01, 1.601900068688907330e-01
1.505804455472601056e-01, 2.840456470087883156e-01, 4.054262428562857568e-01, 1.599476645876658221e-01
1.502780304335521455e-01, 2.845271603326069987e-01, 4.054895501761899834e-01, 1.597052590576508724e-01
1.499759175162413416e-01, 2.850107788067136050e-01, 4.055505129980321866e-01, 1.594627906790128946e-01
1.496741073944535261e-01, 2.854965067993855965e-01, 4.056091259371183977e-01, 1.592202598690424797e-01
1.493726006778565707e-01, 2.859843486210208452e-01, 4.056653836389199075e-01, 1.589776670622027599e-01
1.490713979867055450e-01, 2.864743085235534337e-01, 4.057192807795632628e-01, 1.587350127101778141e-01
1.487704999518872917e-01, 2.869663906998697334e-01, 4.057708120663226503e-01, 1.584922972819202691e-01
1.484699072149643639e-01, 2.874605992832223733e-01, 4.058199722381142793e-01, 1.582495212636990389e-01
1.481696204282178242e-01, 2.879569383466443755e-01, 4.058667560659921514e-01, 1.580066851591457322e-01
1.478696402546896826e-01, 2.884554119023620689e-01, 4.059111583536473833e-01, 1.577637894893008652e-01
1.475699673682244473e-01, 2.889560239012073373e-01, 4.059531739379083626e-01, 1.575208347926599084e-01
1.472706024535097025e-01, 2.894587782320289793e-01, 4.059927976892432899e-01, 1.572778216252180561e-01
1.469715462061161049e-01, 2.899636787211041233e-01, 4.060300245122649421e-01, 1.570347505605147465e-01
1.466727993325366020e-01, 2.904707291315484219e-01, 4.060648493462371000e-01, 1.567916221896779039e-01
1.463743625502247070e-01, 2.909799331627255792e-01, 4.060972671655825872e-01, 1.565484371214670989e-01
1.460762365876320523e-01, 2.914912944496578229e-01, 4.061272729803939718e-01, 1.563051959823161530e-01
1.457784221842453876e-01, 2.920048165624337111e-01, 4.061548618369453800e-01, 1.560618994163755491e-01
1.454809200906220235e-01, 2.925205030056180489e-01, 4.061800288182063068e-01, 1.558185480855536764e-01
1.451837310684254978e-01, 2.930383572176594731e-01, 4.062027690443571482e-01, 1.555751426695579087e-01
1.448868558904594372e-01, 2.935583825702993699e-01, 4.062230776733065096e-01, 1.553316838659346277e-01
1.445902953407012803e-01, 2.940805823679795705e-01, 4.062409499012101799e-01, 1.550881723901089415e-01
1.442940502143348069e-01, 2.946049598472506026e-01, 4.062563809629912148e-01, 1.548446089754234034e-01
1.439981213177819186e-01, 2.951315181761795525e-01, 4.062693661328622419e-01, 1.546009943731763703e-01
1.437025094687334470e-01, 2.956602604537581502e-01, 4.062799007248489858e-01, 1.543573293526594170e-01
1.434072154961794909e-01, 2.961911897093109092e-01, 4.062879800933154040e-01, 1.541136147011941959e-01
1.431122402404384486e-01, 2.967243089019034885e-01, 4.062935996334895439e-01, 1.538698512241685468e-01
1.428175845531853283e-01, 2.972596209197507222e-01, 4.062967547819920644e-01, 1.536260397450718851e-01
1.425232492974792819e-01, 2.977971285796264800e-01, 4.062974410173645357e-01, 1.533821811055297857e-01
1.422292353477902505e-01, 2.983368346262712523e-01, 4.062956538606005141e-01, 1.531382761653380109e-01
1.419355435900244156e-01, 2.988787417318032325e-01, 4.062913888756767844e-01, 1.528943258024956786e-01
1.416421749215492354e-01, 2.994228524951274562e-01, 4.062846416700859331e-01, 1.526503309132374309e-01
1.413491302512174252e-01, 2.999691694413464949e-01, 4.062754078953706993e-01, 1.524062924120653251e-01
1.410564104993896062e-01, 3.005176950211723153e-01, 4.062636832476585469e-01, 1.521622112317795872e-01
1.407640165979566760e-01, 3.010684316103371394e-01, 4.062494634681976247e-01, 1.519180883235085322e-01
1.404719494903609589e-01, 3.016213815090072470e-01, 4.062327443438938368e-01, 1.516739246567380683e-01
1.401802101316162452e-01, 3.021765469411953897e-01, 4.062135217078485794e-01, 1.514297212193397302e-01
1.398887994883276364e-01, 3.027339300541762590e-01, 4.061917914398974205e-01, 1.511854790175987118e-01
1.395977185387091701e-01, 3.032935329179010098e-01, 4.061675494671495579e-01, 1.509411990762402900e-01
1.393069682726018055e-01, 3.038553575244142269e-01, 4.061407917645280530e-01, 1.506968824384559702e-01
1.390165496914899934e-01, 3.044194057872710024e-01, 4.061115143553108431e-01, 1.504525301659281611e-01
1.387264638085167756e-01, 3.049856795409561228e-01, 4.060797133116721414e-01, 1.502081433388549048e-01
1.384367116484988558e-01, 3.055541805403040323e-01, 4.060453847552244477e-01, 1.499637230559727474e-01
1.381472942479399224e-01, 3.061249104599194637e-01, 4.060085248575613370e-01, 1.497192704345792491e-01
1.378582126550434717e-01, 3.066978708936012876e-01, 4.059691298408006355e-01, 1.494747866105546608e-01
1.375694679297244927e-01, 3.072730633537655298e-01, 4.059271959781275974e-01, 1.492302727383822969e-01
1.372810611436202088e-01, 3.078504892708725516e-01, 4.058827195943389143e-01, 1.489857299911682420e-01
1.369929933800997368e-01, 3.084301499928530643e-01, 4.058356970663868912e-01, 1.487411595606602799e-01
1.367052657342729127e-01, 3.090120467845381969e-01, 4.057861248239233998e-01, 1.484965626572654906e-01
1.364178793129980916e-01, 3.095961808270902282e-01, 4.057339993498444430e-01, 1.482519405100671817e-01
1.361308352348887529e-01, 3.101825532174352085e-01, 4.056793171808352194e-01, 1.480072943668408192e-01
1.358441346303194408e-01, 3.107711649676980215e-01, 4.056220749079137988e-01, 1.477626254940687667e-01
1.355577786414305375e-01, 3.113620170046389468e-01, 4.055622691769762977e-01, 1.475179351769542735e-01
1.352717684221316774e-01, 3.119551101690926087e-01, 4.054998966893411105e-01, 1.472732247194346034e-01
1.349861051381049948e-01, 3.125504452154091450e-01, 4.054349542022932518e-01, 1.470284954441925807e-01
1.347007899668064002e-01, 3.131480228108977082e-01, 4.053674385296279770e-01, 1.467837486926679702e-01
1.344158240974663854e-01, 3.137478435352719086e-01, 4.052973465421950694e-01, 1.465389858250667199e-01
1.341312087310897183e-01, 3.143499078800978119e-01, 4.052246751684420722e-01, 1.462942082203704530e-01
1.338469450804540550e-01, 3.149542162482453223e-01, 4.051494213949567436e-01, 1.460494172763438514e-01
1.335630343701074696e-01, 3.155607689533407867e-01, 4.050715822670102328e-01, 1.458046144095415109e-01
1.332794778363650123e-01, 3.161695662192230971e-01, 4.049911548890982593e-01, 1.455598010553136590e-01
1.329962767273041024e-01, 3.167806081794024009e-01, 4.049081364254827897e-01, 1.453149786678106792e-01
1.327134323027590601e-01, 3.173938948765220314e-01, 4.048225241007322728e-01, 1.450701487199865802e-01
1.324309458343145285e-01, 3.180094262618221590e-01, 4.047343152002617628e-01, 1.448253127036016330e-01
1.321488186052974800e-01, 3.186272021946080502e-01, 4.046435070708711557e-01, 1.445804721292233697e-01
1.318670519107687789e-01, 3.192472224417204907e-01, 4.045500971212837027e-01, 1.443356285262270555e-01
1.315856470575134107e-01, 3.198694866770092071e-01, 4.044540828226829698e-01, 1.440907834427944956e-01
1.313046053640291033e-01, 3.204939944808101182e-01, 4.043554617092484649e-01, 1.438459384459122303e-01
1.310239281605150019e-01, 3.211207453394260836e-01, 4.042542313786908759e-01, 1.436010951213680664e-01
1.307436167888581247e-01, 3.217497386446100394e-01, 4.041503894927849228e-01, 1.433562550737469410e-01
1.304636726026193183e-01, 3.223809736930530190e-01, 4.040439337779022089e-01, 1.431114199264253151e-01
1.301840969670183257e-01, 3.230144496858747827e-01, 4.039348620255425182e-01, 1.428665913215642902e-01
1.299048912589172433e-01, 3.236501657281184441e-01, 4.038231720928622259e-01, 1.426217709201020589e-01
1.296260568668029522e-01, 3.242881208282490380e-01, 4.037088619032032644e-01, 1.423769604017446622e-01
1.293475951907691324e-01, 3.249283138976559737e-01, 4.035919294466192575e-01, 1.421321614649556364e-01
1.290695076424961674e-01, 3.255707437501590973e-01, 4.034723727804000459e-01, 1.418873758269447172e-01
1.287917956452307444e-01, 3.262154091015189161e-01, 4.033501900295953235e-01, 1.416426052236549882e-01
1.285144606337638995e-01, 3.268623085689518204e-01, 4.032253793875351100e-01, 1.413978514097491146e-01
1.282375040544083966e-01, 3.275114406706475800e-01, 4.030979391163499459e-01, 1.411531161585941330e-01
1.279609273649743306e-01, 3.281628038252932811e-01, 4.029678675474874239e-01, 1.409084012622449922e-01
1.276847320347442305e-01, 3.288163963516004817e-01, 4.028351630822282758e-01, 1.406637085314270119e-01
1.274089195444469691e-01, 3.294722164678369203e-01, 4.026998241921991850e-01, 1.404190397955169811e-01
1.271334913862301186e-01, 3.301302622913629414e-01, 4.025618494198840991e-01, 1.401743969025228687e-01
1.268584490636316953e-01, 3.307905318381730297e-01, 4.024212373791326014e-01, 1.399297817190626458e-01
1.265837940915505722e-01, 3.314530230224411733e-01, 4.022779867556669497e-01, 1.396851961303412770e-01
1.263095279962156980e-01, 3.321177336560718896e-01, 4.021320963075855626e-01, 1.394406420401269331e-01
1.260356523151543728e-01, 3.327846614482556920e-01, 4.019835648658644511e-01, 1.391961213707254841e-01
1.257621685971592740e-01, 3.334538040050298857e-01, 4.018323913348567089e-01, 1.389516360629542147e-01
1.254890784022544281e-01, 3.341251588288440266e-01, 4.016785746927880596e-01, 1.387071880761134857e-01
1.252163833016600725e-01, 3.347987233181313194e-01, 4.015221139922506843e-01, 1.384627793879578961e-01
1.249440848777562119e-01, 3.354744947668844568e-01, 4.013630083606936627e-01, 1.382184119946655854e-01
1.246721847240453290e-01, 3.361524703642372880e-01, 4.012012570009112489e-01, 1.379740879108061202e-01
1.244006844451137073e-01, 3.368326471940520928e-01, 4.010368591915266512e-01, 1.377298091693076043e-01
1.241295856565919065e-01, 3.375150222345115747e-01, 4.008698142874745352e-01, 1.374855778214219837e-01
1.238588899851138375e-01, 3.381995923577179042e-01, 4.007001217204792520e-01, 1.372413959366889924e-01
1.235885990682748792e-01, 3.388863543292960356e-01, 4.005277809995298477e-01, 1.369972656028991820e-01
1.233187145545888291e-01, 3.395753048080039083e-01, 4.003527917113525181e-01, 1.367531889260548694e-01
1.230492381034435090e-01, 3.402664403453472541e-01, 4.001751535208787902e-01, 1.365091680303304744e-01
1.227801713850559251e-01, 3.409597573852024555e-01, 3.999948661717105391e-01, 1.362652050580310248e-01
1.225115160804253617e-01, 3.416552522634432321e-01, 3.998119294865820073e-01, 1.360213021695493296e-01
1.222432738812859743e-01, 3.423529212075746564e-01, 3.996263433678174382e-01, 1.357774615433218757e-01
1.219754464900582175e-01, 3.430527603363738298e-01, 3.994381077977846028e-01, 1.355336853757833915e-01
1.217080356197988711e-01, 3.437547656595354995e-01, 3.992472228393458833e-01, 1.352899758813196629e-01
1.214410429941502889e-01, 3.444589330773254465e-01, 3.990536886363048041e-01, 1.350463352922195437e-01
1.211744703472880241e-01, 3.451652583802394259e-01, 3.988575054138477349e-01, 1.348027658586248567e-01
1.209083194238680797e-01, 3.458737372486692663e-01, 3.986586734789830389e-01, 1.345592698484795735e-01
1.206425919789723133e-01, 3.465843652525755769e-01, 3.984571932209750034e-01, 1.343158495474770786e-01
1.203772897780531481e-01, 3.472971378511666707e-01, 3.982530651117738851e-01, 1.340725072590062683e-01
1.201124145968770068e-01, 3.480120503925850928e-01, 3.980462897064418470e-01, 1.338292453040961227e-01
1.198479682214667330e-01, 3.487290981136003110e-01, 3.978368676435742324e-01, 1.335860660213587514e-01
1.195839524480427768e-01, 3.494482761393090664e-01, 3.976247996457163980e-01, 1.333429717669315784e-01
1.193203690829634789e-01, 3.501695794828430519e-01, 3.974100865197762178e-01, 1.330999649144172514e-01
1.190572199426639527e-01, 3.508930030450816973e-01, 3.971927291574316454e-01, 1.328570478548226075e-01
1.187945068535942311e-01, 3.516185416143753906e-01, 3.969727285355339474e-01, 1.326142229964964170e-01
1.185322316521557479e-01, 3.523461898662734182e-01, 3.967500857165057737e-01, 1.323714927650650186e-01
1.182703961846376661e-01, 3.530759423632604532e-01, 3.965248018487346204e-01, 1.321288596033671769e-01
1.180090023071510424e-01, 3.538077935545007047e-01, 3.962968781669611307e-01, 1.318863259713871361e-01
1.177480518855625463e-01, 3.545417377755888944e-01, 3.960663159926621768e-01, 1.316438943461862854e-01
1.174875467954271807e-01, 3.552777692483090610e-01, 3.958331167344302792e-01, 1.314015672218334374e-01
1.172274889219192678e-01, 3.560158820804021351e-01, 3.955972818883450315e-01, 1.311593471093337182e-01
1.169678801597630741e-01, 3.567560702653392313e-01, 3.953588130383418053e-01, 1.309172365365557367e-01
1.167087224131621720e-01, 3.574983276821056544e-01, 3.951177118565745161e-01, 1.306752380481577269e-01
1.164500175957272621e-01, 3.582426480949894576e-01, 3.948739801037716157e-01, 1.304333542055116368e-01
1.161917676304037028e-01, 3.589890251533811028e-01, 3.946276196295884775e-01, 1.301915875866266892e-01
1.159339744493973062e-01, 3.597374523915798372e-01, 3.943786323729523979e-01, 1.299499407860705003e-01
1.156766399940994117e-01, 3.604879232286073432e-01, 3.941270203624038793e-01, 1.297084164148891994e-01
1.154197662150110715e-01, 3.612404309680321002e-01, 3.938727857164304735e-01, 1.294670171005264103e-01
1.151633550716657101e-01, 3.619949687977994102e-01, 3.936159306437946315e-01, 1.292257454867401234e-01
1.149074085325511307e-01, 3.627515297900716362e-01, 3.933564574438584982e-01, 1.289846042335186238e-01
1.146519285750305095e-01, 3.635101069010762131e-01, 3.930943685068983839e-01, 1.287435960169947546e-01
1.143969171852620009e-01, 3.642706929709619290e-01, 3.928296663144171252e-01, 1.285027235293588754e-01
1.141423763581177336e-01, 3.650332807236645327e-01, 3.925623534394476755e-01, 1.282619894787700998e-01
1.138883080971016121e-01, 3.657978627667801685e-01, 3.922924325468517548e-01, 1.280213965892664507e-01
1.136347144142660082e-01, 3.665644315914484141e-01, 3.920199063936122830e-01, 1.277809476006732392e-01
1.133815973301277313e-01, 3.673329795722436453e-01, 3.917447778291182625e-01, 1.275406452685104164e-01
1.131289588735827911e-01, 3.681034989670744495e-01, 3.914670497954449435e-01, 1.273004923638978714e-01
1.128768010818201051e-01, 3.688759819170940313e-01, 3.911867253276256617e-01, 1.270604916734600909e-01
1.126251260002346377e-01, 3.696504204466176113e-01, 3.909038075539191803e-01, 1.268206459992285429e-01
1.123739356823390406e-01, 3.704268064630495960e-01, 3.906182996960679832e-01, 1.265809581585433108e-01
1.121232321896746403e-01, 3.712051317568204056e-01, 3.903302050695519054e-01, 1.263414309839530070e-01
1.118730175917215519e-01, 3.719853880013312963e-01, 3.900395270838339923e-01, 1.261020673231131595e-01
1.116232939658075157e-01, 3.727675667529095072e-01, 3.897462692425993636e-01, 1.258628700386836274e-01
1.113740633970160820e-01, 3.735516594507720112e-01, 3.894504351439879164e-01, 1.256238420082239626e-01
1.111253279780938796e-01, 3.743376574169991478e-01, 3.891520284808190899e-01, 1.253849861240879104e-01
1.108770898093567603e-01, 3.751255518565165814e-01, 3.888510530408103572e-01, 1.251463052933162456e-01
1.106293509985950829e-01, 3.759153338570883629e-01, 3.885475127067881673e-01, 1.249078024375283869e-01
1.103821136609782899e-01, 3.767069943893178730e-01, 3.882414114568915053e-01, 1.246694804928122347e-01
1.101353799189584010e-01, 3.775005243066593685e-01, 3.879327533647689008e-01, 1.244313424096133158e-01
1.098891519021725355e-01, 3.782959143454384110e-01, 3.876215425997672770e-01, 1.241933911526217071e-01
1.096434317473450465e-01, 3.790931551248828413e-01, 3.873077834271139164e-01, 1.239556297006582791e-01
1.093982215981881279e-01, 3.798922371471618598e-01, 3.869914802080907656e-01, 1.237180610465592745e-01
1.091535236053019914e-01, 3.806931507974370965e-01, 3.866726374002014688e-01, 1.234806881970594433e-01
1.089093399260741835e-01, 3.814958863439212311e-01, 3.863512595573304620e-01, 1.232435141726740124e-01
1.086656727245780413e-01, 3.823004339379479921e-01, 3.860273513298945747e-01, 1.230065420075794336e-01
1.084225241714698168e-01, 3.831067836140509275e-01, 3.857009174649869698e-01, 1.227697747494921887e-01
1.081798964438863003e-01, 3.839149252900531106e-01, 3.853719628065135905e-01, 1.225332154595471235e-01
1.079377917253399044e-01, 3.847248487671658945e-01, 3.850404922953205022e-01, 1.222968672121736711e-01
1.076962122056145110e-01, 3.855365437300981579e-01, 3.847065109693160734e-01, 1.220607330949713826e-01
1.074551600806595425e-01, 3.863499997471750436e-01, 3.843700239635817750e-01, 1.218248162085836805e-01
1.072146375524836714e-01, 3.871652062704679653e-01, 3.840310365104777079e-01, 1.215891196665707247e-01
1.069746468290478786e-01, 3.879821526359327200e-01, 3.836895539397389698e-01, 1.213536465952805427e-01
1.067351901241573447e-01, 3.888008280635594782e-01, 3.833455816785636405e-01, 1.211184001337194255e-01
1.064962696573531348e-01, 3.896212216575322684e-01, 3.829991252516940503e-01, 1.208833834334205881e-01
1.062578876538027572e-01, 3.904433224063982300e-01, 3.826501902814872791e-01, 1.206485996583117060e-01
1.060200463441903079e-01, 3.912671191832474693e-01, 3.822987824879806595e-01, 1.204140519845814661e-01
1.057827479646055863e-01, 3.920926007459036300e-01, 3.819449076889461225e-01, 1.201797436005445502e-01
1.055459947564329620e-01, 3.929197557371232885e-01, 3.815885717999381588e-01, 1.199456777065055491e-01
1.053097889662391318e-01, 3.937485726848070633e-01, 3.812297808343322325e-01, 1.197118575146215724e-01
1.050741328456607226e-01, 3.945790400022202160e-01, 3.808685409033552016e-01, 1.194782862487638736e-01
1.048390286512907443e-01, 3.954111459882236890e-01, 3.805048582161074666e-01, 1.192449671443780307e-01
1.046044786445647912e-01, 3.962448788275158562e-01, 3.801387390795762933e-01, 1.190119034483431842e-01
1.043704850916463422e-01, 3.970802265908832673e-01, 3.797701898986405311e-01, 1.187790984188297344e-01
1.041370502633118672e-01, 3.979171772354643255e-01, 3.793992171760672827e-01, 1.185465553251565524e-01
1.039041764348349051e-01, 3.987557186050198488e-01, 3.790258275124989695e-01, 1.183142774476463183e-01
1.036718658858697684e-01, 3.995958384302172317e-01, 3.786500276064327930e-01, 1.180822680774801098e-01
1.034401209003349281e-01, 4.004375243289231001e-01, 3.782718242541910358e-01, 1.178505305165511163e-01
1.032089437662952469e-01, 4.012807638065063465e-01, 3.778912243498817602e-01, 1.176190680773165631e-01
1.029783367758445450e-01, 4.021255442561532112e-01, 3.775082348853530667e-01, 1.173878840826492603e-01
1.027483022249867095e-01, 4.029718529591900245e-01, 3.771228629501355845e-01, 1.171569818656877926e-01
1.025188424135170945e-01, 4.038196770854191042e-01, 3.767351157313783561e-01, 1.169263647696854314e-01
1.022899596449030335e-01, 4.046690036934633139e-01, 3.763450005137752297e-01, 1.166960361478584923e-01
1.020616562261639632e-01, 4.055198197311210562e-01, 3.759525246794815923e-01, 1.164659993632332358e-01
1.018339344677512553e-01, 4.063721120357330907e-01, 3.755576957080234979e-01, 1.162362577884921561e-01
1.016067966834271058e-01, 4.072258673345575120e-01, 3.751605211761967484e-01, 1.160068148058186061e-01
1.013802451901439916e-01, 4.080810722451569394e-01, 3.747610087579574811e-01, 1.157776738067414768e-01
1.011542823079224496e-01, 4.089377132757953670e-01, 3.743591662243042073e-01, 1.155488381919779345e-01
1.009289103597296455e-01, 4.097957768258450595e-01, 3.739550014431497482e-01, 1.153203113712756439e-01
1.007041316713568196e-01, 4.106552491862039966e-01, 3.735485223791850107e-01, 1.150920967632542147e-01
1.004799485712966484e-01, 4.115161165397241971e-01, 3.731397370937337699e-01, 1.148641977952455095e-01
1.002563633906202734e-01, 4.123783649616494795e-01, 3.727286537445974046e-01, 1.146366179031328980e-01
1.000333784628541084e-01, 4.132419804200634927e-01, 3.723152805858921943e-01, 1.144093605311901352e-01
9.981099612385581354e-02, 4.141069487763493484e-01, 3.718996259678759020e-01, 1.141824291319189361e-01
9.958921871169100493e-02, 4.149732557856571358e-01, 3.714816983367661418e-01, 1.139558271658858007e-01
9.936804856650847950e-02, 4.158408870973842597e-01, 3.710615062345491433e-01, 1.137295581015581175e-01
9.914748803041606440e-02, 4.167098282556637723e-01, 3.706390582987804660e-01, 1.135036254151396973e-01
9.892753944735606375e-02, 4.175800646998640286e-01, 3.702143632623753344e-01, 1.132780325904046564e-01
9.870820516298013658e-02, 4.184515817650983349e-01, 3.697874299533898124e-01, 1.130527831185317161e-01
9.848948752452425792e-02, 4.193243646827442550e-01, 3.693582672947946510e-01, 1.128278804979367528e-01
9.827138888068356892e-02, 4.201983985809736866e-01, 3.689268843042373125e-01, 1.126033282341052377e-01
9.805391158148696329e-02, 4.210736684852917633e-01, 3.684932900937977207e-01, 1.123791298394237331e-01
9.783705797817111860e-02, 4.219501593190869149e-01, 3.680574938697316334e-01, 1.121552888330104580e-01
9.762083042305533254e-02, 4.228278559041905305e-01, 3.676195049322083519e-01, 1.119318087405458267e-01
9.740523126941533216e-02, 4.237067429614462255e-01, 3.671793326750367181e-01, 1.117086930941017381e-01
9.719026287135737463e-02, 4.245868051112891006e-01, 3.667369865853831179e-01, 1.114859454319703791e-01
9.697592758369245891e-02, 4.254680268743348259e-01, 3.662924762434801584e-01, 1.112635692984926677e-01
9.676222776180996854e-02, 4.263503926719784398e-01, 3.658458113223257979e-01, 1.110415682438857243e-01
9.654916576155180008e-02, 4.272338868270031953e-01, 3.653970015873749255e-01, 1.108199458240701207e-01
9.633674393908610301e-02, 4.281184935641984546e-01, 3.649460568962190066e-01, 1.105987056004963803e-01
9.612496465078122776e-02, 4.290041970109874647e-01, 3.644929871982603431e-01, 1.103778511399709922e-01
9.591383025307947952e-02, 4.298909811980652362e-01, 3.640378025343734558e-01, 1.101573860144818146e-01
9.570334310237128828e-02, 4.307788300600446374e-01, 3.635805130365608595e-01, 1.099373138010233814e-01
9.549350555486872671e-02, 4.316677274361132022e-01, 3.631211289275967924e-01, 1.097176380814211261e-01
9.528431996648008273e-02, 4.325576570706989310e-01, 3.626596605206651724e-01, 1.094983624421557999e-01
9.507578869268351607e-02, 4.334486026141446957e-01, 3.621961182189848416e-01, 1.092794904741869050e-01
9.486791408840149209e-02, 4.343405476233925810e-01, 3.617305125154295919e-01, 1.090610257727763488e-01
9.466069850787509066e-02, 4.352334755626779406e-01, 3.612628539921360349e-01, 1.088429719373109478e-01
9.445414430453849541e-02, 4.361273698042310576e-01, 3.607931533201050311e-01, 1.086253325711252909e-01
9.424825383089355246e-02, 4.370222136289891868e-01, 3.603214212587931842e-01, 1.084081112813240072e-01
9.404302943838477313e-02, 4.379179902273170888e-01, 3.598476686556948412e-01, 1.081913116786034912e-01
9.383847347727410082e-02, 4.388146826997356142e-01, 3.593719064459166002e-01, 1.079749373770735599e-01
9.363458829651638560e-02, 4.397122740576617783e-01, 3.588941456517426021e-01, 1.077589919940792895e-01
9.343137624363466454e-02, 4.406107472241536649e-01, 3.584143973821902751e-01, 1.075434791500213677e-01
9.322883966459599714e-02, 4.415100850346674877e-01, 3.579326728325586404e-01, 1.073284024681778470e-01
9.302698090368745343e-02, 4.424102702378214236e-01, 3.574489832839670145e-01, 1.071137655745242612e-01
9.282580230339232408e-02, 4.433112854961679949e-01, 3.569633401028852182e-01, 1.068995720975545044e-01
9.262530620426673300e-02, 4.442131133869759441e-01, 3.564757547406561256e-01, 1.066858256681012390e-01
9.242549494481656913e-02, 4.451157364030193797e-01, 3.559862387330081090e-01, 1.064725299191559699e-01
9.222637086137483453e-02, 4.460191369533751948e-01, 3.554948036995603244e-01, 1.062596884856895629e-01
9.202793628797911740e-02, 4.469232973642299767e-01, 3.550014613433187249e-01, 1.060473050044721116e-01
9.183019355624964797e-02, 4.478281998796928565e-01, 3.545062234501644705e-01, 1.058353831138929974e-01
9.163314499526781232e-02, 4.487338266626182959e-01, 3.540091018883326779e-01, 1.056239264537811584e-01
9.143679293145487441e-02, 4.496401597954355345e-01, 3.535101086078846211e-01, 1.054129386652249006e-01
9.124113968845126710e-02, 4.505471812809865861e-01, 3.530092556401702164e-01, 1.052024233903919720e-01
9.104618758699638270e-02, 4.514548730433712853e-01, 3.525065550972825701e-01, 1.049923842723497480e-01
9.085193894480858567e-02, 4.523632169288001048e-01, 3.520020191715058644e-01, 1.047828249548853896e-01
9.065839607646626608e-02, 4.532721947064554668e-01, 3.514956601347523635e-01, 1.045737490823259591e-01
9.046556129328856000e-02, 4.541817880693582166e-01, 3.509874903379942013e-01, 1.043651602993588418e-01
9.027343690321759651e-02, 4.550919786352439211e-01, 3.504775222106858434e-01, 1.041570622508525001e-01
9.008202521070035607e-02, 4.560027479474449419e-01, 3.499657682601780562e-01, 1.039494585816766459e-01
8.989132851657176404e-02, 4.569140774757787238e-01, 3.494522410711258797e-01, 1.037423529365235353e-01
8.970134911793804788e-02, 4.578259486174460768e-01, 3.489369533048870542e-01, 1.035357489597288627e-01
8.951208930806071884e-02, 4.587383426979328438e-01, 3.484199176989134505e-01, 1.033296502950930146e-01
8.932355137624131691e-02, 4.596512409719203940e-01, 3.479011470661355077e-01, 1.031240605857027398e-01
8.913573760770669707e-02, 4.605646246242027231e-01, 3.473806542943376763e-01, 1.029189834737530007e-01
8.894865028349484282e-02, 4.614784747706084378e-01, 3.468584523455275903e-01, 1.027144226003689764e-01
8.876229168034172057e-02, 4.623927724589318999e-01, 3.463345542552976331e-01, 1.025103816054288297e-01
8.857666407056821734e-02, 4.633074986698675346e-01, 3.458089731321780103e-01, 1.023068641273862101e-01
8.839176972196856330e-02, 4.642226343179529646e-01, 3.452817221569845496e-01, 1.021038738030937837e-01
8.820761089769882379e-02, 4.651381602525168080e-01, 3.447528145821575074e-01, 1.019014142676267914e-01
8.802418985616640434e-02, 4.660540572586324148e-01, 3.442222637310941580e-01, 1.016994891541069534e-01
8.784150885092027738e-02, 4.669703060580783216e-01, 3.436900829974742777e-01, 1.014981020935272621e-01
8.765957013054205549e-02, 4.678868873103030901e-01, 3.431562858445780795e-01, 1.012972567145766362e-01
8.747837593853782789e-02, 4.688037816133975300e-01, 3.426208858045987071e-01, 1.010969566434658795e-01
8.729792851323062153e-02, 4.697209695050702516e-01, 3.420838964779458480e-01, 1.008972055037532789e-01
8.711823008765391674e-02, 4.706384314636302135e-01, 3.415453315325445161e-01, 1.006980069161714231e-01
8.693928288944591243e-02, 4.715561479089738217e-01, 3.410052047031261746e-01, 1.004993644984542300e-01
8.676108914074469325e-02, 4.724740992035768028e-01, 3.404635297905136970e-01, 1.003012818651648208e-01
8.658365105808427109e-02, 4.733922656534917950e-01, 3.399203206608999994e-01, 1.001037626275238790e-01
8.640697085229130658e-02, 4.743106275093504909e-01, 3.393755912451197343e-01, 9.990681039323852375e-02
8.623105072838306573e-02, 4.752291649673693885e-01, 3.388293555379153776e-01, 9.971042876633204322e-02
8.605589288546611204e-02, 4.761478581703622037e-01, 3.382816275971972098e-01, 9.951462134697448836e-02
8.588149951663592852e-02, 4.770666872087544474e-01, 3.377324215432960797e-01, 9.931939173131346110e-02
8.570787280887758042e-02, 4.779856321216045534e-01, 3.371817515582118396e-01, 9.912474351130616534e-02
8.553501494296716912e-02, 4.789046728976265044e-01, 3.366296318848545077e-01, 9.893068027455180491e-02
8.536292809337453491e-02, 4.798237894762194533e-01, 3.360760768262808229e-01, 9.873720560412516112e-02
8.519161442816679253e-02, 4.807429617484985096e-01, 3.355211007449238614e-01, 9.854432307841068384e-02
8.502107610891272704e-02, 4.816621695583316876e-01, 3.349647180618180453e-01, 9.835203627093749845e-02
8.485131529058863309e-02, 4.825813927033779094e-01, 3.344069432558182120e-01, 9.816034875021524553e-02
8.468233412148470918e-02, 4.835006109361307813e-01, 3.338477908628135760e-01, 9.796926407957091965e-02
8.451413474311288143e-02, 4.844198039649648124e-01, 3.332872754749358624e-01, 9.777878581698645766e-02
8.434671929011550162e-02, 4.853389514551841866e-01, 3.327254117397631106e-01, 9.758891751493718736e-02
8.418008989017521093e-02, 4.862580330300757536e-01, 3.321622143595174270e-01, 9.739966272023162230e-02
8.401424866392588620e-02, 4.871770282719637968e-01, 3.315976980902588522e-01, 9.721102497385156194e-02
8.384919772486440492e-02, 4.880959167232688523e-01, 3.310318777410730107e-01, 9.702300781079382930e-02
8.368493917926422831e-02, 4.890146778875677502e-01, 3.304647681732553743e-01, 9.683561475991257772e-02
8.352147512608942836e-02, 4.899332912306575971e-01, 3.298963842994899753e-01, 9.664884934376284653e-02
8.335880765691008887e-02, 4.908517361816208679e-01, 3.293267410830239550e-01, 9.646271507844503268e-02
8.319693885581902482e-02, 4.917699921338928304e-01, 3.287558535368376167e-01, 9.627721547345055586e-02
8.303587079934947324e-02, 4.926880384463325213e-01, 3.281837367228096491e-01, 9.609235403150848120e-02
8.287560555639388038e-02, 4.936058544442935014e-01, 3.276104057508792411e-01, 9.590813424843334933e-02
8.271614518812445138e-02, 4.945234194206979406e-01, 3.270358757782033110e-01, 9.572455961297426930e-02
8.255749174791403300e-02, 4.954407126371115910e-01, 3.264601620083095734e-01, 9.554163360666466376e-02
8.239964728125896698e-02, 4.963577133248207596e-01, 3.258832796902462747e-01, 9.535935970367387382e-02
8.224261382570273449e-02, 4.972744006859098342e-01, 3.253052441177279874e-01, 9.517774137065942996e-02
8.208639341076101603e-02, 4.981907538943407543e-01, 3.247260706282774634e-01, 9.499678206662068303e-02
8.193098805784794492e-02, 4.991067520970335347e-01, 3.241457746023646558e-01, 9.481648524275382295e-02
8.177639978020366518e-02, 5.000223744149470129e-01, 3.235643714625412448e-01, 9.463685434230796611e-02
8.162263058282313855e-02, 5.009375999441610938e-01, 3.229818766725732204e-01, 9.445789280044253333e-02
8.146968246238618649e-02, 5.018524077569591624e-01, 3.223983057365688021e-01, 9.427960404408587680e-02
8.131755740718885073e-02, 5.027667769029111611e-01, 3.218136741981046378e-01, 9.410199149179546141e-02
8.116625739707612752e-02, 5.036806864099568903e-01, 3.212279976393480063e-01, 9.392505855361900358e-02
8.101578440337585396e-02, 5.045941152854896972e-01, 3.206412916801771873e-01, 9.374880863095731709e-02
8.086614038883392641e-02, 5.055070425174399418e-01, 3.200535719772979459e-01, 9.357324511642806097e-02
8.071732730755122598e-02, 5.064194470753587973e-01, 3.194648542233585742e-01, 9.339837139373143027e-02
8.056934710492115459e-02, 5.073313079115008284e-01, 3.188751541460613237e-01, 9.322419083751663782e-02
8.042220171756921110e-02, 5.082426039619072355e-01, 3.182844875072731172e-01, 9.305070681325047777e-02
8.027589307329342783e-02, 5.091533141474885449e-01, 3.176928701021316526e-01, 9.287792267708647187e-02
8.013042309100644467e-02, 5.100634173751051881e-01, 3.171003177581520061e-01, 9.270584177573636120e-02
7.998579368067887385e-02, 5.109728925386495257e-01, 3.165068463343292393e-01, 9.253446744634231946e-02
7.984200674328405245e-02, 5.118817185201248732e-01, 3.159124717202400068e-01, 9.236380301635112311e-02
7.969906417074389127e-02, 5.127898741907239710e-01, 3.153172098351424979e-01, 9.219385180338951491e-02
7.955696784587674986e-02, 5.136973384119076780e-01, 3.147210766270744919e-01, 9.202461711514119125e-02
7.941571964234574177e-02, 5.146040900364795556e-01, 3.141240880719493589e-01, 9.185610224922527434e-02
7.927532142460967657e-02, 5.155101079096613415e-01, 3.135262601726525045e-01, 9.168831049307651915e-02
7.913577504787402961e-02, 5.164153708701655354e-01, 3.129276089581338183e-01, 9.152124512382649180e-02
7.899708235804452083e-02, 5.173198577512665430e-01, 3.123281504825017318e-01, 9.135490940818713490e-02
7.885924519168126257e-02, 5.182235473818693761e-01, 3.117279008241142235e-01, 9.118930660233515173e-02
7.872226537595479468e-02, 5.191264185875769099e-01, 3.111268760846699344e-01, 9.102443995179833325e-02
7.858614472860328548e-02, 5.200284501917549207e-01, 3.105250923882981184e-01, 9.086031269134364763e-02
7.845088505789124533e-02, 5.209296210165936802e-01, 3.099225658806486483e-01, 9.069692804486641224e-02
7.831648816256985002e-02, 5.218299098841687744e-01, 3.093193127279796339e-01, 9.053428922528169998e-02
7.818295583183826336e-02, 5.227292956174972582e-01, 3.087153491162477059e-01, 9.037239943441678636e-02
7.805028984530677783e-02, 5.236277570415929228e-01, 3.081106912501944683e-01, 9.021126186290584492e-02
7.791849197296134288e-02, 5.245252729845175654e-01, 3.075053553524352279e-01, 9.005087969008579440e-02
7.778756397512909260e-02, 5.254218222784292625e-01, 3.068993576625476671e-01, 8.989125608389404720e-02
7.765750760244606588e-02, 5.263173837606276440e-01, 3.062927144361582976e-01, 8.973239420076790929e-02
7.752832459582578717e-02, 5.272119362745965043e-01, 3.056854419440319659e-01, 8.957429718554578424e-02
7.740001668642941535e-02, 5.281054586710410836e-01, 3.050775564711598609e-01, 8.941696817136959852e-02
7.727258559563748852e-02, 5.289979298089240167e-01, 3.044690743158487978e-01, 8.926041027958975249e-02
