8.868073815381088965e-02, 2.294996271110599229e-01, 3.688588337497947234e-01, 3.129608009853344086e-01
8.887390054534312356e-02, 2.299485565614342308e-01, 3.687828527479883878e-01, 3.123946901452342995e-01
8.906781934198097772e-02, 2.303978387427336738e-01, 3.687062180080615814e-01, 3.118281239072237532e-01
8.926249296505618658e-02, 2.308474676390660230e-01, 3.686289310484953119e-01, 3.112611083473824647e-01
8.945791983279606507e-02, 2.312974372234393450e-01, 3.685509933959443263e-01, 3.106936495478203608e-01
8.965409836030698021e-02, 2.317477414578446859e-01, 3.684724065852131858e-01, 3.101257535966350787e-01
8.985102695955864138e-02, 2.321983742933387829e-01, 3.683931721592337283e-01, 3.095574265878688891e-01
9.004870403936847401e-02, 2.326493296701281632e-01, 3.683132916690400882e-01, 3.089886746214632329e-01
9.024712800538782498e-02, 2.331006015176550483e-01, 3.682327666737439387e-01, 3.084195038032132019e-01
9.044629726008779347e-02, 2.335521837546837010e-01, 3.681515987405082346e-01, 3.078499202447202987e-01
9.064621020274636620e-02, 2.340040702893881608e-01, 3.680697894445217333e-01, 3.072799300633437536e-01
9.084686522943614950e-02, 2.344562550194414507e-01, 3.679873403689709055e-01, 3.067095393821513971e-01
9.104826073301297562e-02, 2.349087318321055884e-01, 3.679042531050127351e-01, 3.061387543298687008e-01
9.125039510310477275e-02, 2.353614946043227074e-01, 3.678205292517455205e-01, 3.055675810408269300e-01
9.145326672610186447e-02, 2.358145372028075670e-01, 3.677361704161802303e-01, 3.049960256549103521e-01
9.165687398514728301e-02, 2.362678534841410605e-01, 3.676511782132099726e-01, 3.044240943175017811e-01
9.186121526012833161e-02, 2.367214372948647783e-01, 3.675655542655795749e-01, 3.038517931794273430e-01
9.206628892766879901e-02, 2.371752824715770702e-01, 3.674793002038538869e-01, 3.032791283969003548e-01
9.227209336112156268e-02, 2.376293828410293851e-01, 3.673924176663859731e-01, 3.027061061314632040e-01
9.247862693056241312e-02, 2.380837322202247752e-01, 3.673049082992838610e-01, 3.021327325499289507e-01
9.268588800278425299e-02, 2.385383244165167616e-01, 3.672167737563772349e-01, 3.015590138243218754e-01
9.289387494129225376e-02, 2.389931532277091986e-01, 3.671280156991828525e-01, 3.009849561318156397e-01
9.310258610629972009e-02, 2.394482124421580538e-01, 3.670386357968696278e-01, 3.004105656546726122e-01
9.331201985472446780e-02, 2.399034958388735483e-01, 3.669486357262228271e-01, 2.998358485801791984e-01
9.352217454018633969e-02, 2.403589971876229359e-01, 3.668580171716075422e-01, 2.992608111005831684e-01
9.373304851300516549e-02, 2.408147102490358904e-01, 3.667667818249315537e-01, 2.986854594130273211e-01
9.394464012019967947e-02, 2.412706287747093670e-01, 3.666749313856073056e-01, 2.981097997194837590e-01
9.415694770548679871e-02, 2.417267465073139887e-01, 3.665824675605131588e-01, 2.975338382266861648e-01
9.436996960928221989e-02, 2.421830571807022936e-01, 3.664893920639539227e-01, 2.969575811460616332e-01
9.458370416870140462e-02, 2.426395545200165649e-01, 3.663957066176210531e-01, 2.963810346936610052e-01
9.479814971756125863e-02, 2.430962322417985488e-01, 3.663014129505514638e-01, 2.958042050900886455e-01
9.501330458638278242e-02, 2.435530840541004771e-01, 3.662065127990862257e-01, 2.952270985604305009e-01
9.522916710239438809e-02, 2.440101036565959780e-01, 3.661110079068276013e-01, 2.946497213341819355e-01
9.544573558953584058e-02, 2.444672847406932359e-01, 3.660149000245969675e-01, 2.940720796451738450e-01
9.566300836846328148e-02, 2.449246209896478732e-01, 3.659181909103902952e-01, 2.934941797314986611e-01
9.588098375655446093e-02, 2.453821060786780250e-01, 3.658208823293336853e-01, 2.929160278354338565e-01
9.609966006791537119e-02, 2.458397336750793860e-01, 3.657229760536386820e-01, 2.923376302033666718e-01
9.631903561338715780e-02, 2.462974974383417559e-01, 3.656244738625555324e-01, 2.917589930857155678e-01
9.653910870055393278e-02, 2.467553910202662515e-01, 3.655253775423272788e-01, 2.911801227368524536e-01
9.675987763375137884e-02, 2.472134080650837396e-01, 3.654256888861420194e-01, 2.906010254150229177e-01
9.698134071407600587e-02, 2.476715422095735197e-01, 3.653254096940842244e-01, 2.900217073822661251e-01
9.720349623939537886e-02, 2.481297870831841446e-01, 3.652245417730870525e-01, 2.894421749043334380e-01
9.742634250435866505e-02, 2.485881363081535456e-01, 3.651230869368814469e-01, 2.888624342506063147e-01
9.764987780040849941e-02, 2.490465834996313521e-01, 3.650210470059468970e-01, 2.882824916940132098e-01
9.787410041579319708e-02, 2.495051222658013768e-01, 3.649184238074598685e-01, 2.877023535109455299e-01
9.809900863557967365e-02, 2.499637462080054051e-01, 3.648152191752420670e-01, 2.871220259811728126e-01
9.832460074166762820e-02, 2.504224489208670690e-01, 3.647114349497082020e-01, 2.865415153877570731e-01
9.855087501280365703e-02, 2.508812239924179122e-01, 3.646070729778123631e-01, 2.859608280169660954e-01
9.877782972459692168e-02, 2.513400650042225126e-01, 3.645021351129947296e-01, 2.853799701581857251e-01
9.900546314953523330e-02, 2.517989655315062136e-01, 3.643966232151263918e-01, 2.847989481038321613e-01
9.923377355700155333e-02, 2.522579191432819945e-01, 3.642905391504543400e-01, 2.842177681492620844e-01
9.946275921329181258e-02, 2.527169194024796450e-01, 3.641838847915450095e-01, 2.836364365926834497e-01
9.969241838163320213e-02, 2.531759598660747179e-01, 3.640766620172282142e-01, 2.830549597350639490e-01
9.992274932220308881e-02, 2.536350340852181473e-01, 3.639688727125388046e-01, 2.824733438800399732e-01
1.001537502921488881e-01, 2.540941356053678657e-01, 3.638605187686590470e-01, 2.818915953338240188e-01
1.003854195456086312e-01, 2.545532579664196438e-01, 3.637516020828598928e-01, 2.813097204051116518e-01
1.006177553337321146e-01, 2.550123947028396509e-01, 3.636421245584407491e-01, 2.807277254049875825e-01
1.008507559047030072e-01, 2.554715393437969051e-01, 3.635320881046694153e-01, 2.801456166468306863e-01
1.010844195037615273e-01, 2.559306854132977760e-01, 3.634214946367215204e-01, 2.795634004462191347e-01
1.013187443732279508e-01, 2.563898264303196006e-01, 3.633103460756183511e-01, 2.789810831208340836e-01
1.015537287525268562e-01, 2.568489559089461860e-01, 3.631986443481644566e-01, 2.783986709903625290e-01
1.017893708782119516e-01, 2.573080673585032008e-01, 3.630863913868848103e-01, 2.778161703764001067e-01
1.020256689839918046e-01, 2.577671542836946772e-01, 3.629735891299608053e-01, 2.772335876023527823e-01
1.022626213007562651e-01, 2.582262101847399571e-01, 3.628602395211659171e-01, 2.766509289933377636e-01
1.025002260566035273e-01, 2.586852285575116372e-01, 3.627463445098007000e-01, 2.760682008760841910e-01
1.027384814768679405e-01, 2.591442028936729036e-01, 3.626319060506264513e-01, 2.754854095788326629e-01
1.029773857841487228e-01, 2.596031266808177529e-01, 3.625169261037991530e-01, 2.749025614312344268e-01
1.032169371983390482e-01, 2.600619934026091040e-01, 3.624014066348019703e-01, 2.743196627642499053e-01
1.034571339366561205e-01, 2.605207965389196301e-01, 3.622853496143778051e-01, 2.737367199100464998e-01
1.036979742136719534e-01, 2.609795295659719794e-01, 3.621687570184601301e-01, 2.731537392018960064e-01
1.039394562413445966e-01, 2.614381859564799959e-01, 3.620516308281042095e-01, 2.725707269740711425e-01
1.041815782290504561e-01, 2.618967591797904393e-01, 3.619339730294172663e-01, 2.719876895617419077e-01
1.044243383836170880e-01, 2.623552427020249822e-01, 3.618157856134874839e-01, 2.714046333008704459e-01
1.046677349093565745e-01, 2.628136299862229297e-01, 3.616970705763134508e-01, 2.708215645281070727e-01
1.049117660080999131e-01, 2.632719144924844934e-01, 3.615778299187315525e-01, 2.702384895806840270e-01
1.051564298792320162e-01, 2.637300896781146209e-01, 3.614580656463439734e-01, 2.696554147963093340e-01
1.054017247197270163e-01, 2.641881489977664921e-01, 3.613377797694456994e-01, 2.690723465130609449e-01
1.056476487241849310e-01, 2.646460859035866253e-01, 3.612169743029498004e-01, 2.684892910692787127e-01
1.058942000848685228e-01, 2.651038938453598726e-01, 3.610956512663140439e-01, 2.679062548034576441e-01
1.061413769917409211e-01, 2.655615662706544700e-01, 3.609738126834651784e-01, 2.673232440541394861e-01
1.063891776325040506e-01, 2.660190966249681987e-01, 3.608514605827234378e-01, 2.667402651598044239e-01
1.066376001926377243e-01, 2.664764783518746016e-01, 3.607285969967258255e-01, 2.661573244587617793e-01
1.068866428554392928e-01, 2.669337048931692546e-01, 3.606052239623499522e-01, 2.655744282890414310e-01
1.071363038020641395e-01, 2.673907696890172048e-01, 3.604813435206353223e-01, 2.649915829882832363e-01
1.073865812115665508e-01, 2.678476661780999635e-01, 3.603569577167058391e-01, 2.644087948936275634e-01
1.076374732609416129e-01, 2.683043877977631664e-01, 3.602320685996910354e-01, 2.638260703416042685e-01
1.078889781251675117e-01, 2.687609279841646770e-01, 3.601066782226459706e-01, 2.632434156680218407e-01
1.081410939772486646e-01, 2.692172801724228015e-01, 3.599807886424717940e-01, 2.626608372078567122e-01
1.083938189882592690e-01, 2.696734377967650031e-01, 3.598544019198349764e-01, 2.620783412951409042e-01
1.086471513273877115e-01, 2.701293942906761725e-01, 3.597275201190855420e-01, 2.614959342628505601e-01
1.089010891619816429e-01, 2.705851430870487850e-01, 3.596001453081761334e-01, 2.609136224427935358e-01
1.091556306575934415e-01, 2.710406776183310051e-01, 3.594722795585784114e-01, 2.603314121654969893e-01
1.094107739780267735e-01, 2.714959913166773431e-01, 3.593439249452012874e-01, 2.597493097600946377e-01
1.096665172853828890e-01, 2.719510776140977026e-01, 3.592150835463062131e-01, 2.591673215542130704e-01
1.099228587401088614e-01, 2.724059299426078717e-01, 3.590857574434238031e-01, 2.585854538738594499e-01
1.101797965010452990e-01, 2.728605417343791251e-01, 3.589559487212685696e-01, 2.580037130433069370e-01
1.104373287254751257e-01, 2.733149064218894364e-01, 3.588256594676538791e-01, 2.574221053849815588e-01
1.106954535691732494e-01, 2.737690174380730257e-01, 3.586948917734059106e-01, 2.568406372193477449e-01
1.109541691864561891e-01, 2.742228682164717379e-01, 3.585636477322773352e-01, 2.562593148647946406e-01
1.112134737302328535e-01, 2.746764521913853674e-01, 3.584319294408606082e-01, 2.556781446375210320e-01
1.114733653520558476e-01, 2.751297627980229255e-01, 3.582997389984997061e-01, 2.550971328514216041e-01
1.117338422021730282e-01, 2.755827934726529649e-01, 3.581670785072026963e-01, 2.545162858179713661e-01
1.119949024295799622e-01, 2.760355376527552917e-01, 3.580339500715531420e-01, 2.539356098461116318e-01
1.122565441820730370e-01, 2.764879887771719558e-01, 3.579003557986206174e-01, 2.533551112421344453e-01
1.125187656063029312e-01, 2.769401402862579631e-01, 3.577662977978711689e-01, 2.527747963095680617e-01
1.127815648478285859e-01, 2.773919856220329327e-01, 3.576317781810774421e-01, 2.521946713490610392e-01
1.130449400511721325e-01, 2.778435182283321980e-01, 3.574967990622276992e-01, 2.516147426582679980e-01
1.133088893598740848e-01, 2.782947315509577968e-01, 3.573613625574346142e-01, 2.510350165317335458e-01
1.135734109165491279e-01, 2.787456190378299059e-01, 3.572254707848437905e-01, 2.504554992607772590e-01
1.138385028629424339e-01, 2.791961741391377760e-01, 3.570891258645415012e-01, 2.498761971333781917e-01
1.141041633399868388e-01, 2.796463903074914437e-01, 3.569523299184619858e-01, 2.492971164340597456e-01
1.143703904878600186e-01, 2.800962609980716667e-01, 3.568150850702941357e-01, 2.487182634437741235e-01
1.146371824460427485e-01, 2.805457796687819139e-01, 3.566773934453884576e-01, 2.481396444397868384e-01
1.149045373533772729e-01, 2.809949397803989668e-01, 3.565392571706620384e-01, 2.475612656955617497e-01
1.151724533481264801e-01, 2.814437347967235215e-01, 3.564006783745046758e-01, 2.469831334806452949e-01
1.154409285680335906e-01, 2.818921581847307900e-01, 3.562616591866840099e-01, 2.464052540605517205e-01
1.157099611503819986e-01, 2.823402034147214357e-01, 3.561222017382490446e-01, 2.458276336966475906e-01
1.159795492320561672e-01, 2.827878639604716748e-01, 3.559823081614352791e-01, 2.452502786460370454e-01
1.162496909496027186e-01, 2.832351332993829351e-01, 3.558419805895677301e-01, 2.446731951614465328e-01
1.165203844392919269e-01, 2.836820049126332899e-01, 3.557012211569645088e-01, 2.440963894911103438e-01
1.167916278371799316e-01, 2.841284722853256728e-01, 3.555600319988390101e-01, 2.435198678786553161e-01
1.170634192791715628e-01, 2.845745289066384798e-01, 3.554184152512028794e-01, 2.429436365629872030e-01
1.173357569010828882e-01, 2.850201682699742833e-01, 3.552763730507674800e-01, 2.423677017781752374e-01
1.176086388387053983e-01, 2.854653838731098237e-01, 3.551339075348458052e-01, 2.417920697533389729e-01
1.178820632278696906e-01, 2.859101692183438903e-01, 3.549910208412531132e-01, 2.412167467125333753e-01
1.181560282045100579e-01, 2.863545178126464252e-01, 3.548477151082078951e-01, 2.406417388746356911e-01
1.184305319047293942e-01, 2.867984231678066265e-01, 3.547039924742323436e-01, 2.400670524532315664e-01
1.187055724648648364e-01, 2.872418788005812740e-01, 3.545598550780519331e-01, 2.394926936565019704e-01
1.189811480215532680e-01, 2.876848782328417786e-01, 3.544153050584951670e-01, 2.389186686871096754e-01
1.192572567117978211e-01, 2.881274149917220084e-01, 3.542703445543929353e-01, 2.383449837420871242e-01
1.195338966730346980e-01, 2.885694826097651711e-01, 3.541249757044767632e-01, 2.377716450127233261e-01
1.198110660432000207e-01, 2.890110746250698637e-01, 3.539792006472781694e-01, 2.371986586844520850e-01
1.200887629607975682e-01, 2.894521845814370109e-01, 3.538330215210256369e-01, 2.366260309367397563e-01
1.203669855649669163e-01, 2.898928060285155262e-01, 3.536864404635433612e-01, 2.360537679429740854e-01
1.206457319955515084e-01, 2.903329325219473067e-01, 3.535394596121484989e-01, 2.354818758703527692e-01
1.209250003931676282e-01, 2.907725576235123399e-01, 3.533920811035475840e-01, 2.349103608797725173e-01
1.212047888992734690e-01, 2.912116749012735872e-01, 3.532443070737341095e-01, 2.343392291257188342e-01
1.214850956562387313e-01, 2.916502779297208692e-01, 3.530961396578845557e-01, 2.337684867561558855e-01
1.217659188074147331e-01, 2.920883602899138065e-01, 3.529475809902547501e-01, 2.331981399124167242e-01
1.220472564972043122e-01, 2.925259155696263158e-01, 3.527986332040753958e-01, 2.326281947290939622e-01
1.223291068711327978e-01, 2.929629373634877743e-01, 3.526492984314481549e-01, 2.320586573339313008e-01
1.226114680759190501e-01, 2.933994192731259054e-01, 3.524995788032402877e-01, 2.314895338477148679e-01
1.228943382595466538e-01, 2.938353549073081106e-01, 3.523494764489800146e-01, 2.309208303841652765e-01
1.231777155713356942e-01, 2.942707378820825781e-01, 3.521989934967513225e-01, 2.303525530498304608e-01
1.234615981620148656e-01, 2.947055618209186711e-01, 3.520481320730878272e-01, 2.297847079439786222e-01
1.237459841837938862e-01, 2.951398203548467047e-01, 3.518968943028676355e-01, 2.292173011584917319e-01
1.240308717904360231e-01, 2.955735071225972788e-01, 3.517452823092069858e-01, 2.286503387777596985e-01
1.243162591373312142e-01, 2.960066157707401668e-01, 3.515932982133536666e-01, 2.280838268785749523e-01
1.246021443815694685e-01, 2.964391399538219285e-01, 3.514409441345808793e-01, 2.275177715300276959e-01
1.248885256820142509e-01, 2.968710733345037434e-01, 3.512882221900802682e-01, 2.269521787934017376e-01
1.251754011993767290e-01, 2.973024095836979686e-01, 3.511351344948547837e-01, 2.263870547220704077e-01
1.254627690962896169e-01, 2.977331423807044741e-01, 3.509816831616116573e-01, 2.258224053613940574e-01
1.257506275373818649e-01, 2.981632654133459792e-01, 3.508278703006550425e-01, 2.252582367486172243e-01
1.260389746893533780e-01, 2.985927723781023890e-01, 3.506736980197776021e-01, 2.246945549127666031e-01
1.263278087210498446e-01, 2.990216569802457425e-01, 3.505191684241540928e-01, 2.241313658745503756e-01
1.266171278035383430e-01, 2.994499129339727728e-01, 3.503642836162318419e-01, 2.235686756462571534e-01
1.269069301101823921e-01, 2.998775339625379677e-01, 3.502090456956233888e-01, 2.230064902316561404e-01
1.271972138167181132e-01, 3.003045137983852975e-01, 3.500534567589983492e-01, 2.224448156258982123e-01
1.274879771013300855e-01, 3.007308461832792768e-01, 3.498975188999738362e-01, 2.218836578154168848e-01
1.277792181447271747e-01, 3.011565248684353047e-01, 3.497412342090068238e-01, 2.213230227778306691e-01
1.280709351302194987e-01, 3.015815436146496720e-01, 3.495846047732847350e-01, 2.207629164818462053e-01
1.283631262437948395e-01, 3.020058961924274032e-01, 3.494276326766164731e-01, 2.202033448871612842e-01
1.286557896741952478e-01, 3.024295763821114869e-01, 3.492703199993235641e-01, 2.196443139443697012e-01
1.289489236129944538e-01, 3.028525779740088852e-01, 3.491126688181306892e-01, 2.190858295948660828e-01
1.292425262546746390e-01, 3.032748947685174334e-01, 3.489546812060562719e-01, 2.185278977707515724e-01
1.295365957967042625e-01, 3.036965205762513498e-01, 3.487963592323033435e-01, 2.179705243947410165e-01
1.298311304396151944e-01, 3.041174492181658029e-01, 3.486377049621493529e-01, 2.174137153800697608e-01
1.301261283870807084e-01, 3.045376745256801465e-01, 3.484787204568369212e-01, 2.168574766304021406e-01
1.304215878459933364e-01, 3.049571903408017093e-01, 3.483194077734643179e-01, 2.163018140397406364e-01
1.307175070265426120e-01, 3.053759905162470867e-01, 3.481597689648747163e-01, 2.157467334923356683e-01
1.310138841422935352e-01, 3.057940689155633773e-01, 3.479998060795471138e-01, 2.151922408625960015e-01
1.313107174102646213e-01, 3.062114194132485312e-01, 3.478395211614859206e-01, 2.146383420150009269e-01
1.316080050510064492e-01, 3.066280358948704210e-01, 3.476789162501111030e-01, 2.140850428040120823e-01
1.319057452886802373e-01, 3.070439122571848034e-01, 3.475179933801476606e-01, 2.135323490739872154e-01
1.322039363511360310e-01, 3.074590424082536133e-01, 3.473567545815162694e-01, 2.129802666590941418e-01
1.325025764699919451e-01, 3.078734202675599829e-01, 3.471952018792220374e-01, 2.124288013832260347e-01
1.328016638807127670e-01, 3.082870397661249262e-01, 3.470333372932451477e-01, 2.118779590599171314e-01
1.331011968226887832e-01, 3.086998948466209147e-01, 3.468711628384302248e-01, 2.113277454922600773e-01
1.334011735393146880e-01, 3.091119794634854534e-01, 3.467086805243762559e-01, 2.107781664728234916e-01
1.337015922780689370e-01, 3.095232875830339347e-01, 3.465458923553259019e-01, 2.102292277835711432e-01
1.340024512905923781e-01, 3.099338131835703281e-01, 3.463828003300559177e-01, 2.096809351957813206e-01
1.343037488327676610e-01, 3.103435502554980352e-01, 3.462194064417663530e-01, 2.091332944699679786e-01
1.346054831647984229e-01, 3.107524928014290255e-01, 3.460557126779704173e-01, 2.085863113558021897e-01
1.349076525512883373e-01, 3.111606348362920271e-01, 3.458917210203844572e-01, 2.080399915920351783e-01
1.352102552613205499e-01, 3.115679703874401074e-01, 3.457274334448175446e-01, 2.074943409064218258e-01
1.355132895685366712e-01, 3.119744934947562554e-01, 3.455628519210615646e-01, 2.069493650156455367e-01
1.358167537512161849e-01, 3.123801982107588526e-01, 3.453979784127808594e-01, 2.064050696252441308e-01
1.361206460923557737e-01, 3.127850786007054795e-01, 3.452328148774023719e-01, 2.058614604295364026e-01
1.364249648797483949e-01, 3.131891287426958881e-01, 3.450673632660055112e-01, 2.053185431115502613e-01
1.367297084060625501e-01, 3.135923427277736431e-01, 3.449016255232124073e-01, 2.047763233429514829e-01
1.370348749689216661e-01, 3.139947146600267636e-01, 3.447356035870777768e-01, 2.042348067839737935e-01
1.373404628709828934e-01, 3.143962386566873102e-01, 3.445692993889797884e-01, 2.036939990833499525e-01
1.376464704200167366e-01, 3.147969088482299727e-01, 3.444027148535094840e-01, 2.031539058782438623e-01
1.379528959289856860e-01, 3.151967193784686594e-01, 3.442358518983619220e-01, 2.026145327941837604e-01
1.382597377161234042e-01, 3.155956644046533088e-01, 3.440687124342265424e-01, 2.020758854449967723e-01
1.385669941050138021e-01, 3.159937380975645915e-01, 3.439012983646775323e-01, 2.015379694327441573e-01
1.388746634246696698e-01, 3.163909346416071133e-01, 3.437336115860650798e-01, 2.010007903476581093e-01
1.391827440096117807e-01, 3.167872482349029517e-01, 3.435656539874058502e-01, 2.004643537680792786e-01
1.394912341999473004e-01, 3.171826730893823609e-01, 3.433974274502743507e-01, 1.999286652603959602e-01
1.398001323414484742e-01, 3.175772034308740888e-01, 3.432289338486936847e-01, 1.993937303789836968e-01
1.401094367856313971e-01, 3.179708334991943053e-01, 3.430601750490273050e-01, 1.988595546661469093e-01
1.404191458898339240e-01, 3.183635575482348101e-01, 3.428911529098703226e-01, 1.983261436520608878e-01
1.407292580172943286e-01, 3.187553698460491858e-01, 3.427218692819409829e-01, 1.977935028547155027e-01
1.410397715372292138e-01, 3.191462646749380072e-01, 3.425523260079728627e-01, 1.972616377798599163e-01
1.413506848249116432e-01, 3.195362363315333853e-01, 3.423825249226064571e-01, 1.967305539209484311e-01
1.416619962617487460e-01, 3.199252791268817342e-01, 3.422124678522817653e-01, 1.962002567590876712e-01
1.419737042353597378e-01, 3.203133873865251502e-01, 3.420421566151303217e-01, 1.956707517629848458e-01
1.422858071396530255e-01, 3.207005554505819034e-01, 3.418715930208678366e-01, 1.951420443888972900e-01
1.425983033749039508e-01, 3.210867776738257073e-01, 3.417007788706871718e-01, 1.946141400805831978e-01
1.429111913478315898e-01, 3.214720484257633792e-01, 3.415297159571512586e-01, 1.940870442692538278e-01
1.432244694716760802e-01, 3.218563620907115563e-01, 3.413584060640860174e-01, 1.935607623735262905e-01
1.435381361662750044e-01, 3.222397130678719690e-01, 3.411868509664743865e-01, 1.930352997993785569e-01
1.438521898581402447e-01, 3.226220957714054371e-01, 3.410150524303495745e-01, 1.925106619401048547e-01
1.441666289805341450e-01, 3.230035046305044233e-01, 3.408430122126887563e-01, 1.919868541762725367e-01
1.444814519735458103e-01, 3.233839340894652525e-01, 3.406707320613081569e-01, 1.914638818756808636e-01
1.447966572841667132e-01, 3.237633786077569464e-01, 3.404982137147564147e-01, 1.909417503933199534e-01
1.451122433663667166e-01, 3.241418326600913891e-01, 3.403254589022099985e-01, 1.904204650713319236e-01
1.454282086811692076e-01, 3.245192907364901624e-01, 3.401524693433679025e-01, 1.899000312389728107e-01
1.457445516967261490e-01, 3.248957473423508824e-01, 3.399792467483468972e-01, 1.893804542125761825e-01
1.460612708883934074e-01, 3.252711969985119800e-01, 3.398057928175770570e-01, 1.888617392955175833e-01
1.463783647388048059e-01, 3.256456342413169835e-01, 3.396321092416976772e-01, 1.883438917781805333e-01
1.466958317379468135e-01, 3.260190536226757474e-01, 3.394581977014532459e-01, 1.878269169379241377e-01
1.470136703832325697e-01, 3.263914497101261802e-01, 3.392840598675899710e-01, 1.873108200390511402e-01
1.473318791795753535e-01, 3.267628170868938087e-01, 3.391096974007525300e-01, 1.867956063327784189e-01
1.476504566394623019e-01, 3.271331503519493422e-01, 3.389351119513807076e-01, 1.862812810572076760e-01
1.479694012830273520e-01, 3.275024441200665160e-01, 3.387603051596074777e-01, 1.857678494372985156e-01
1.482887116381242376e-01, 3.278706930218774351e-01, 3.385852786551562521e-01, 1.852553166848421862e-01
1.486083862403985156e-01, 3.282378917039260879e-01, 3.384100340572389620e-01, 1.847436879984363789e-01
1.489284236333603684e-01, 3.286040348287224688e-01, 3.382345729744544172e-01, 1.842329685634626901e-01
1.492488223684558246e-01, 3.289691170747932603e-01, 3.380588970046871644e-01, 1.837231635520637507e-01
1.495695810051383412e-01, 3.293331331367322368e-01, 3.378830077350065131e-01, 1.832142781231229645e-01
1.498906981109399406e-01, 3.296960777252492258e-01, 3.377069067415659487e-01, 1.827063174222449404e-01
1.502121722615419319e-01, 3.300579455672176254e-01, 3.375305955895029908e-01, 1.821992865817374796e-01
1.505340020408450774e-01, 3.304187314057204228e-01, 3.373540758328394396e-01, 1.816931907205951435e-01
1.508561860410397304e-01, 3.307784300000947142e-01, 3.371773490143817331e-01, 1.811880349444837390e-01
1.511787228626750579e-01, 3.311370361259761141e-01, 3.370004166656223599e-01, 1.806838243457264404e-01
1.515016111147285127e-01, 3.314945445753393338e-01, 3.368232803066406600e-01, 1.801805640032914657e-01
1.518248494146744454e-01, 3.318509501565399811e-01, 3.366459414460050703e-01, 1.796782589827804755e-01
1.521484363885522162e-01, 3.322062476943535292e-01, 3.364684015806750361e-01, 1.791769143364191907e-01
1.524723706710343907e-01, 3.325604320300131200e-01, 3.362906621959035891e-01, 1.786765351030489279e-01
1.527966509054939359e-01, 3.329134980212464789e-01, 3.361127247651404248e-01, 1.781771263081190770e-01
1.531212757440712779e-01, 3.332654405423108868e-01, 3.359345907499355355e-01, 1.776786929636822443e-01
1.534462438477410540e-01, 3.336162544840270416e-01, 3.357562615998424538e-01, 1.771812400683892563e-01
1.537715538863779485e-01, 3.339659347538119771e-01, 3.355777387523233846e-01, 1.766847726074866898e-01
1.540972045388223632e-01, 3.343144762757092048e-01, 3.353990236326530039e-01, 1.761892955528153448e-01
1.544231944929457534e-01, 3.346618739904196338e-01, 3.352201176538247562e-01, 1.756948138628099121e-01
1.547495224457151874e-01, 3.350081228553290491e-01, 3.350410222164552088e-01, 1.752013324825004159e-01
1.550761871032574624e-01, 3.353532178445359779e-01, 3.348617387086916253e-01, 1.747088563435150455e-01
1.554031871809228860e-01, 3.356971539488763923e-01, 3.346822685061168756e-01, 1.742173903640838184e-01
1.557305214033484764e-01, 3.360399261759490774e-01, 3.345026129716581198e-01, 1.737269394490444097e-01
1.560581885045206618e-01, 3.363815295501374480e-01, 3.343227734554928832e-01, 1.732375084898489237e-01
1.563861872278373422e-01, 3.367219591126320855e-01, 3.341427512949585177e-01, 1.727491023645720269e-01
1.567145163261695617e-01, 3.370612099214505553e-01, 3.339625478144591653e-01, 1.722617259379206622e-01
1.570431745619226271e-01, 3.373992770514563921e-01, 3.337821643253758297e-01, 1.717753840612451510e-01
1.573721607070966422e-01, 3.377361555943761973e-01, 3.336016021259757269e-01, 1.712900815725514891e-01
1.577014735433466264e-01, 3.380718406588165692e-01, 3.334208625013215244e-01, 1.708058232965152523e-01
1.580311118620416344e-01, 3.384063273702783703e-01, 3.332399467231829115e-01, 1.703226140444970282e-01
1.583610744643241808e-01, 3.387396108711703824e-01, 3.330588560499470052e-01, 1.698404586145585982e-01
1.586913601611677771e-01, 3.390716863208212417e-01, 3.328775917265298645e-01, 1.693593617914810889e-01
1.590219677734356074e-01, 3.394025488954908187e-01, 3.326961549842887278e-01, 1.688793283467847905e-01
1.593528961319369830e-01, 3.397321937883789889e-01, 3.325145470409347492e-01, 1.684003630387493344e-01
1.596841440774839638e-01, 3.400606162096341256e-01, 3.323327691004457907e-01, 1.679224706124362310e-01
1.600157104609475633e-01, 3.403878113863597621e-01, 3.321508223529803239e-01, 1.674456557997122952e-01
1.603475941433129826e-01, 3.407137745626204195e-01, 3.319687079747918323e-01, 1.669699233192747934e-01
1.606797939957343713e-01, 3.410385009994450489e-01, 3.317864271281432687e-01, 1.664952778766773667e-01
1.610123088995885909e-01, 3.413619859748305840e-01, 3.316039809612225109e-01, 1.660217241643582309e-01
1.613451377465292824e-01, 3.416842247837434954e-01, 3.314213706080582078e-01, 1.655492668616689311e-01
1.616782794385392408e-01, 3.420052127381190687e-01, 3.312385971884367342e-01, 1.650779106349049286e-01
1.620117328879826513e-01, 3.423249451668614052e-01, 3.310556618078184798e-01, 1.646076601373375470e-01
1.623454970176567425e-01, 3.426434174158405344e-01, 3.308725655572559710e-01, 1.641385200092467522e-01
1.626795707608427177e-01, 3.429606248478887509e-01, 3.306893095133121574e-01, 1.636704948779564295e-01
1.630139530613557985e-01, 3.432765628427958404e-01, 3.305058947379787004e-01, 1.632035893578697716e-01
1.633486428735946572e-01, 3.435912267973026402e-01, 3.303223222785959257e-01, 1.627378080505066937e-01
1.636836391625906828e-01, 3.439046121250938226e-01, 3.301385931677727759e-01, 1.622731555445427187e-01
1.640189409040556656e-01, 3.442167142567884586e-01, 3.299547084233069305e-01, 1.618096364158488343e-01
1.643545470844295642e-01, 3.445275286399311909e-01, 3.297706690481064240e-01, 1.613472552275327376e-01
1.646904567009271347e-01, 3.448370507389795225e-01, 3.295864760301114305e-01, 1.608860165299818568e-01
1.650266687615841166e-01, 3.451452760352920479e-01, 3.294021303422165481e-01, 1.604259248609072597e-01
1.653631822853023625e-01, 3.454522000271148530e-01, 3.292176329421938608e-01, 1.599669847453888960e-01
1.656999963018945810e-01, 3.457578182295659164e-01, 3.290329847726169432e-01, 1.595092006959225039e-01
1.660371098521283284e-01, 3.460621261746190669e-01, 3.288481867607846443e-01, 1.590525772124678217e-01
1.663745219877688086e-01, 3.463651194110868303e-01, 3.286632398186467019e-01, 1.585971187824977147e-01
1.667122317716216440e-01, 3.466667935046010562e-01, 3.284781448427285255e-01, 1.581428298810487743e-01
1.670502382775744810e-01, 3.469671440375937110e-01, 3.282929027140580880e-01, 1.576897149707738033e-01
1.673885405906374857e-01, 3.472661666092753396e-01, 3.281075142980925397e-01, 1.572377785019946628e-01
1.677271378069839225e-01, 3.475638568356129721e-01, 3.279219804446459330e-01, 1.567870249127571169e-01
1.680660290339895113e-01, 3.478602103493064202e-01, 3.277363019878170580e-01, 1.563374586288869272e-01
1.684052133902705917e-01, 3.481552227997640192e-01, 3.275504797459187212e-01, 1.558890840640466402e-01
1.687446900057222865e-01, 3.484488898530765377e-01, 3.273645145214068020e-01, 1.554419056197944571e-01
1.690844580215553894e-01, 3.487412071919900325e-01, 3.271784071008107531e-01, 1.549959276856438528e-01
1.694245165903326134e-01, 3.490321705158780374e-01, 3.269921582546647110e-01, 1.545511546391246938e-01
1.697648648760038403e-01, 3.493217755407122538e-01, 3.268057687374383846e-01, 1.541075908458454935e-01
1.701055020539410378e-01, 3.496100179990322410e-01, 3.266192392874697759e-01, 1.536652406595569453e-01
1.704464273109715378e-01, 3.498968936399133867e-01, 3.264325706268981220e-01, 1.532241084222170369e-01
1.707876398454114819e-01, 3.501823982289348769e-01, 3.262457634615968938e-01, 1.527841984640566642e-01
1.711291388670977409e-01, 3.504665275481457787e-01, 3.260588184811091250e-01, 1.523455151036472721e-01
1.714709235974190560e-01, 3.507492773960301791e-01, 3.258717363585813542e-01, 1.519080626479695495e-01
1.718129932693464867e-01, 3.510306435874710473e-01, 3.256845177506999534e-01, 1.514718453924824570e-01
1.721553471274634983e-01, 3.513106219537137642e-01, 3.254971632976275120e-01, 1.510368676211951700e-01
1.724979844279939667e-01, 3.515892083423278192e-01, 3.253096736229396102e-01, 1.506031336067384929e-01
1.728409044388306004e-01, 3.518663986171675639e-01, 3.251220493335631456e-01, 1.501706476104387733e-01
1.731841064395614749e-01, 3.521421886583323002e-01, 3.249342910197141610e-01, 1.497394138823920362e-01
1.735275897214966501e-01, 3.524165743621251456e-01, 3.247463992548382250e-01, 1.493094366615400626e-01
1.738713535876929839e-01, 3.526895516410106790e-01, 3.245583745955492594e-01, 1.488807201757470777e-01
1.742153973529789734e-01, 3.529611164235719745e-01, 3.243702175815710298e-01, 1.484532686418781333e-01
1.745597203439774037e-01, 3.532312646544661927e-01, 3.241819287356781931e-01, 1.480270862658780717e-01
1.749043218991289117e-01, 3.534999922943799500e-01, 3.239935085636391210e-01, 1.476021772428521006e-01
1.752492013687129424e-01, 3.537672953199820780e-01, 3.238049575541579461e-01, 1.471785457571471445e-01
1.755943581148685373e-01, 3.540331697238778275e-01, 3.236162761788188846e-01, 1.467561959824346396e-01
1.759397915116145961e-01, 3.542976115145601845e-01, 3.234274648920308359e-01, 1.463351320817944390e-01
1.762855009448682786e-01, 3.545606167163607991e-01, 3.232385241309718160e-01, 1.459153582077992450e-01
1.766314858124631015e-01, 3.548221813694001914e-01, 3.230494543155356668e-01, 1.454968785026010680e-01
1.769777455241663688e-01, 3.550823015295371810e-01, 3.228602558482783214e-01, 1.450796970980181289e-01
1.773242795016945206e-01, 3.553409732683170397e-01, 3.226709291143655123e-01, 1.446638181156227887e-01
1.776710871787290369e-01, 3.555981926729187559e-01, 3.224814744815208134e-01, 1.442492456668312550e-01
1.780181680009299272e-01, 3.558539558461017438e-01, 3.222918922999750135e-01, 1.438359838529932877e-01
1.783655214259494692e-01, 3.561082589061512760e-01, 3.221021829024153793e-01, 1.434240367654837922e-01
1.787131469234441716e-01, 3.563610979868238049e-01, 3.219123466039366388e-01, 1.430134084857953292e-01
1.790610439750860983e-01, 3.566124692372905636e-01, 3.217223837019922428e-01, 1.426041030856311786e-01
1.794092120745733321e-01, 3.568623688220807222e-01, 3.215322944763462365e-01, 1.421961246269998480e-01
1.797576507276389957e-01, 3.571107929210238230e-01, 3.213420791890267414e-01, 1.417894771623104955e-01
1.801063594520599664e-01, 3.573577377291918267e-01, 3.211517380842789926e-01, 1.413841647344693808e-01
1.804553377776637046e-01, 3.576031994568389938e-01, 3.209612713885202639e-01, 1.409801913769769821e-01
1.808045852463349701e-01, 3.578471743293430429e-01, 3.207706793102952925e-01, 1.405775611140265280e-01
1.811541014120212068e-01, 3.580896585871435334e-01, 3.205799620402320915e-01, 1.401762779606032516e-01
1.815038858407362621e-01, 3.583306484856806362e-01, 3.203891197509987632e-01, 1.397763459225843663e-01
1.818539381105642727e-01, 3.585701402953333505e-01, 3.201981525972616982e-01, 1.393777689968406230e-01
1.822042578116617462e-01, 3.588081303013563872e-01, 3.200070607156437763e-01, 1.389805511713380626e-01
1.825548445462585601e-01, 3.590446148038166641e-01, 3.198158442246836208e-01, 1.385846964252410718e-01
1.829056979286585449e-01, 3.592795901175288020e-01, 3.196245032247962969e-01, 1.381902087290162173e-01
1.832568175852383463e-01, 3.595130525719908987e-01, 3.194330377982336211e-01, 1.377970920445370506e-01
1.836082031544453985e-01, 3.597449985113183035e-01, 3.192414480090464690e-01, 1.374053503251897457e-01
1.839598542867954545e-01, 3.599754242941778370e-01, 3.190497339030474722e-01, 1.370149875159793473e-01
1.843117706448679505e-01, 3.602043262937209001e-01, 3.188578955077738808e-01, 1.366260075536371854e-01
1.846639519033015930e-01, 3.604317008975163605e-01, 3.186659328324527585e-01, 1.362384143667290937e-01
1.850163977487877254e-01, 3.606575445074822750e-01, 3.184738458679656214e-01, 1.358522118757643227e-01
1.853691078800630276e-01, 3.608818535398174987e-01, 3.182816345868144658e-01, 1.354674039933050356e-01
1.857220820079016621e-01, 3.611046244249326298e-01, 3.180892989430885720e-01, 1.350839946240769696e-01
1.860753198551056697e-01, 3.613258536073806759e-01, 3.178968388724328076e-01, 1.347019876650809300e-01
1.864288211564942843e-01, 3.615455375457861109e-01, 3.177042542920152091e-01, 1.343213870057044235e-01
1.867825856588924971e-01, 3.617636727127755969e-01, 3.175115451004971168e-01, 1.339421965278346505e-01
1.871366131211185668e-01, 3.619802555949057643e-01, 3.173187111780034764e-01, 1.335644201059721925e-01
1.874909033139698644e-01, 3.621952826925919355e-01, 3.171257523860933625e-01, 1.331880616073446710e-01
1.878454560202082457e-01, 3.624087505200366821e-01, 3.169326685677327227e-01, 1.328131248920224050e-01
1.882002710345437035e-01, 3.626206556051564389e-01, 3.167394595472665664e-01, 1.324396138130332912e-01
1.885553481636177142e-01, 3.628309944895093953e-01, 3.165461251303933743e-01, 1.320675322164795162e-01
1.889106872259843917e-01, 3.630397637282219980e-01, 3.163526651041392301e-01, 1.316968839416542414e-01
1.892662880520915580e-01, 3.632469598899154550e-01, 3.161590792368335623e-01, 1.313276728211593969e-01
1.896221504842597327e-01, 3.634525795566313500e-01, 3.159653672780854405e-01, 1.309599026810234768e-01
1.899782743766607607e-01, 3.636566193237575906e-01, 3.157715289587610941e-01, 1.305935773408205269e-01
1.903346595952948028e-01, 3.638590757999539682e-01, 3.155775639909616515e-01, 1.302287006137895775e-01
1.906913060179664110e-01, 3.640599456070766626e-01, 3.153834720680024906e-01, 1.298652763069544080e-01
1.910482135342592980e-01, 3.642592253801034130e-01, 3.151892528643933100e-01, 1.295033082212440345e-01
1.914053820455098587e-01, 3.644569117670576341e-01, 3.149949060358187558e-01, 1.291428001516137514e-01
1.917628114647799420e-01, 3.646530014289330879e-01, 3.148004312191201581e-01, 1.287837558871667842e-01
1.921205017168280405e-01, 3.648474910396172777e-01, 3.146058280322786005e-01, 1.284261792112762202e-01
1.924784527380791477e-01, 3.650403772858153983e-01, 3.144110960743979333e-01, 1.280700739017074652e-01
1.928366644765942550e-01, 3.652316568669743968e-01, 3.142162349256898413e-01, 1.277154437307415347e-01
1.931951368920376000e-01, 3.654213264952054785e-01, 3.140212441474588001e-01, 1.273622924652981769e-01
1.935538699556433595e-01, 3.656093828952077796e-01, 3.138261232820889202e-01, 1.270106238670599963e-01
1.939128636501811775e-01, 3.657958228041915949e-01, 3.136308718530305129e-01, 1.266604416925967147e-01
1.942721179699201384e-01, 3.659806429718009402e-01, 3.134354893647890994e-01, 1.263117496934899053e-01
1.946316329205915185e-01, 3.661638401600365578e-01, 3.132399753029139755e-01, 1.259645516164580037e-01
1.949914085193509838e-01, 3.663454111431786453e-01, 3.130443291339883305e-01, 1.256188512034820404e-01
1.953514447947386212e-01, 3.665253527077095286e-01, 3.128485503056206429e-01, 1.252746521919310962e-01
1.957117417866385822e-01, 3.667036616522363346e-01, 3.126526382464362985e-01, 1.249319583146888818e-01
1.960722995462365892e-01, 3.668803347874132759e-01, 3.124565923660703737e-01, 1.245907733002797196e-01
1.964331181359773026e-01, 3.670553689358649341e-01, 3.122604120551619733e-01, 1.242511008729959010e-01
1.967941976295194961e-01, 3.672287609321079338e-01, 3.120640966853485132e-01, 1.239129447530241263e-01
1.971555381116905370e-01, 3.674005076224745037e-01, 3.118676456092617233e-01, 1.235763086565732083e-01
1.975171396784393407e-01, 3.675706058650344277e-01, 3.116710581605245389e-01, 1.232411962960015123e-01
1.978790024367883260e-01, 3.677390525295182733e-01, 3.114743336537485474e-01, 1.229076113799447839e-01
1.982411265047835935e-01, 3.679058444972398423e-01, 3.112774713845327113e-01, 1.225755576134437697e-01
1.986035120114447161e-01, 3.680709786610193990e-01, 3.110804706294629796e-01, 1.222450386980728915e-01
1.989661590967122806e-01, 3.682344519251066761e-01, 3.108833306461128987e-01, 1.219160583320681168e-01
1.993290679113948194e-01, 3.683962612051040475e-01, 3.106860506730454441e-01, 1.215886202104556474e-01
1.996922386171142705e-01, 3.685564034278901446e-01, 3.104886299298151853e-01, 1.212627280251804412e-01
2.000556713862499947e-01, 3.687148755315429183e-01, 3.102910676169722271e-01, 1.209383854652348322e-01
2.004193664018818766e-01, 3.688716744652641433e-01, 3.100933629160665950e-01, 1.206155962167873019e-01
2.007833238577317603e-01, 3.690267971893028687e-01, 3.098955149896537864e-01, 1.202943639633115430e-01
2.011475439581034697e-01, 3.691802406748803111e-01, 3.096975229813013764e-01, 1.199746923857148706e-01
2.015120269178224122e-01, 3.693320019041133606e-01, 3.094993860155966225e-01, 1.196565851624676463e-01
2.018767729621725182e-01, 3.694820778699408059e-01, 3.093011031981549031e-01, 1.193400459697317312e-01
2.022417823268332360e-01, 3.696304655760474511e-01, 3.091026736156294863e-01, 1.190250784814896462e-01
2.026070552578142225e-01, 3.697771620367902301e-01, 3.089040963357220781e-01, 1.187116863696734553e-01
2.029725920113889526e-01, 3.699221642771235441e-01, 3.087053704071942017e-01, 1.183998733042932877e-01
2.033383928540274110e-01, 3.700654693325259315e-01, 3.085064948598804646e-01, 1.180896429535662068e-01
2.037044580623270096e-01, 3.702070742489265709e-01, 3.083074687047013263e-01, 1.177809989840450933e-01
2.040707879229423094e-01, 3.703469760826322843e-01, 3.081082909336788633e-01, 1.174739450607465707e-01
2.044373827325133564e-01, 3.704851719002552612e-01, 3.079089605199515911e-01, 1.171684848472798607e-01
2.048042427975927671e-01, 3.706216587786406169e-01, 3.077094764177918940e-01, 1.168646220059747776e-01
2.051713684345715938e-01, 3.707564338047951713e-01, 3.075098375626236225e-01, 1.165623601980096541e-01
2.055387599696032463e-01, 3.708894940758163394e-01, 3.073100428710410781e-01, 1.162617030835393223e-01
2.059064177385269423e-01, 3.710208366988216322e-01, 3.071100912408287198e-01, 1.159626543218226086e-01
2.062743420867891309e-01, 3.711504587908786013e-01, 3.069099815509826468e-01, 1.156652175713495934e-01
2.066425333693635569e-01, 3.712783574789352836e-01, 3.067097126617322478e-01, 1.153693964899688285e-01
2.070109919506705476e-01, 3.714045298997520339e-01, 3.065092834145634604e-01, 1.150751947350138887e-01
2.073797182044941345e-01, 3.715289731998325240e-01, 3.063086926322433068e-01, 1.147826159634300486e-01
2.077487125138985646e-01, 3.716516845353566856e-01, 3.061079391188446519e-01, 1.144916638319001395e-01
2.081179752711427300e-01, 3.717726610721137082e-01, 3.059070216597731262e-01, 1.142023419969705189e-01
2.084875068775937368e-01, 3.718918999854359253e-01, 3.057059390217941042e-01, 1.139146541151763170e-01
2.088573077436388092e-01, 3.720093984601329229e-01, 3.055046899530619031e-01, 1.136286038431664064e-01
2.092273782885960276e-01, 3.721251536904270907e-01, 3.053032731831487601e-01, 1.133441948378280523e-01
2.095977189406232344e-01, 3.722391628798897845e-01, 3.051016874230763065e-01, 1.130614307564107857e-01
2.099683301366260801e-01, 3.723514232413772107e-01, 3.048999313653465992e-01, 1.127803152566501377e-01
2.103392123221643484e-01, 3.724619319969689202e-01, 3.046980036839759820e-01, 1.125008519968907772e-01
2.107103659513567540e-01, 3.725706863779054689e-01, 3.044959030345287809e-01, 1.122230446362090239e-01
2.110817914867847978e-01, 3.726776836245278557e-01, 3.042936280541522764e-01, 1.119468968345350285e-01
2.114534893993947062e-01, 3.727829209862175697e-01, 3.040911773616138403e-01, 1.116724122527740226e-01
2.118254601683981775e-01, 3.728863957213370273e-01, 3.038885495573374618e-01, 1.113995945529273057e-01
2.121977042811717951e-01, 3.729881050971721734e-01, 3.036857432234432164e-01, 1.111284473982128013e-01
2.125702222331549152e-01, 3.730880463898744170e-01, 3.034827569237865119e-01, 1.108589744531841143e-01
2.129430145277457775e-01, 3.731862168844047867e-01, 3.032795892039993890e-01, 1.105911793838501161e-01
2.133160816761968392e-01, 3.732826138744782529e-01, 3.030762385915322099e-01, 1.103250658577927951e-01
2.136894241975084152e-01, 3.733772346625093830e-01, 3.028727035956971791e-01, 1.100606375442849949e-01
2.140630426183203761e-01, 3.734700765595593275e-01, 3.026689827077129191e-01, 1.097978981144073080e-01
2.144369374728034849e-01, 3.735611368852830294e-01, 3.024650744007494341e-01, 1.095368512411641487e-01
2.148111093025477369e-01, 3.736504129678780983e-01, 3.022609771299752390e-01, 1.092775005995988008e-01
2.151855586564510314e-01, 3.737379021440348503e-01, 3.020566893326056546e-01, 1.090198498669084359e-01
2.155602860906049301e-01, 3.738236017588866811e-01, 3.018522094279512125e-01, 1.087639027225572180e-01
2.159352921681798043e-01, 3.739075091659626593e-01, 3.016475358174683374e-01, 1.085096628483893794e-01
2.163105774593078734e-01, 3.739896217271400647e-01, 3.014426668848108060e-01, 1.082571339287411311e-01
2.166861425409657149e-01, 3.740699368125995905e-01, 3.012376009958827594e-01, 1.080063196505517686e-01
2.170619879968542776e-01, 3.741484518007803239e-01, 3.010323364988919392e-01, 1.077572237034734731e-01
2.174381144172779223e-01, 3.742251640783360589e-01, 3.008268717244051982e-01, 1.075098497799806541e-01
2.178145223990221868e-01, 3.743000710400943842e-01, 3.006212049854052881e-01, 1.072642015754781408e-01
2.181912125452294959e-01, 3.743731700890149394e-01, 3.004153345773475925e-01, 1.070202827884079999e-01
2.185681854652740674e-01, 3.744444586361505012e-01, 3.002092587782194677e-01, 1.067780971203560331e-01
2.189454417746347081e-01, 3.745139341006085143e-01, 3.000029758486003062e-01, 1.065376482761565130e-01
2.193229820947667219e-01, 3.745815939095144542e-01, 2.997964840317224877e-01, 1.062989399639963500e-01
2.197008070529715973e-01, 3.746474354979763555e-01, 2.995897815535343844e-01, 1.060619758955177738e-01
2.200789172822660011e-01, 3.747114563090502282e-01, 2.993828666227636437e-01, 1.058267597859200437e-01
2.204573134212487462e-01, 3.747736537937081946e-01, 2.991757374309828577e-01, 1.055932953540602570e-01
2.208359961139663707e-01, 3.748340254108060154e-01, 2.989683921526751775e-01, 1.053615863225523114e-01
2.212149660097775250e-01, 3.748925686270545010e-01, 2.987608289453027033e-01, 1.051316364178652984e-01
2.215942237632150535e-01, 3.749492809169899243e-01, 2.985530459493746513e-01, 1.049034493704203430e-01
2.219737700338478004e-01, 3.750041597629480417e-01, 2.983450412885177983e-01, 1.046770289146862903e-01
2.223536054861397770e-01, 3.750572026550379467e-01, 2.981368130695484231e-01, 1.044523787892738947e-01
2.227337307893084151e-01, 3.751084070911187007e-01, 2.979283593825439169e-01, 1.042295027370289950e-01
2.231141466171810694e-01, 3.751577705767764614e-01, 2.977196783009182224e-01, 1.040084045051241080e-01
2.234948536480504400e-01, 3.752052906253044440e-01, 2.975107678814963297e-01, 1.037890878451487725e-01
2.238758525645276887e-01, 3.752509647576829366e-01, 2.973016261645909375e-01, 1.035715565131983401e-01
2.242571440533949190e-01, 3.752947905025622033e-01, 2.970922511740811123e-01, 1.033558142699616267e-01
2.246387288054553510e-01, 3.753367653962467743e-01, 2.968826409174911696e-01, 1.031418648808067745e-01
2.250206075153826646e-01, 3.753768869826803467e-01, 2.966727933860711097e-01, 1.029297121158657957e-01
2.254027808815683709e-01, 3.754151528134341831e-01, 2.964627065548795515e-01, 1.027193597501177141e-01
2.257852496059679359e-01, 3.754515604476957313e-01, 2.962523783828662771e-01, 1.025108115634700140e-01
2.261680143939450160e-01, 3.754861074522593545e-01, 2.960418068129572755e-01, 1.023040713408383956e-01
2.265510759541144448e-01, 3.755187914015192252e-01, 2.958309897721408954e-01, 1.020991428722254485e-01
2.269344349981839426e-01, 3.755496098774638303e-01, 2.956199251715552201e-01, 1.018960299527970487e-01
2.273180922407936899e-01, 3.755785604696715851e-01, 2.954086109065770516e-01, 1.016947363829576595e-01
2.277020483993549282e-01, 3.756056407753093351e-01, 2.951970448569120609e-01, 1.014952659684235786e-01
2.280863041938866187e-01, 3.756308483991320779e-01, 2.949852248866863813e-01, 1.012976225202948666e-01
2.284708603468508237e-01, 3.756541809534842957e-01, 2.947731488445397563e-01, 1.011018098551250549e-01
2.288557175829865065e-01, 3.756756360583040077e-01, 2.945608145637199082e-01, 1.009078317949894804e-01
2.292408766291419431e-01, 3.756952113411279881e-01, 2.943482198621783508e-01, 1.007156921675518985e-01
2.296263382141050247e-01, 3.757129044370987603e-01, 2.941353625426674778e-01, 1.005253948061288205e-01
2.300121030684329215e-01, 3.757287129889748667e-01, 2.939222403928398175e-01, 1.003369435497524914e-01
2.303981719242794435e-01, 3.757426346471411382e-01, 2.937088511853474526e-01, 1.001503422432318269e-01
2.307845455152214842e-01, 3.757546670696227942e-01, 2.934951926779443276e-01, 9.996559473721143563e-02
2.311712245760831896e-01, 3.757648079221000414e-01, 2.932812626135881673e-01, 9.978270488822854611e-02
2.315582098427594049e-01, 3.757730548779258384e-01, 2.930670587205462252e-01, 9.960167655876844828e-02
2.319455020520370669e-01, 3.757794056181452125e-01, 2.928525787125001445e-01, 9.942251361731754833e-02
2.323331019414153487e-01, 3.757838578315161882e-01, 2.926378202886539270e-01, 9.924521993841450840e-02
2.327210102489239429e-01, 3.757864092145339896e-01, 2.924227811338425131e-01, 9.906979940269945717e-02
2.331092277129401813e-01, 3.757870574714563539e-01, 2.922074589186423599e-01, 9.889625589696106334e-02
2.334977550720044592e-01, 3.757858003143311199e-01, 2.919918512994827964e-01, 9.872459331418147188e-02
2.338865930646341629e-01, 3.757826354630265930e-01, 2.917759559187599883e-01, 9.855481555357922807e-02
2.342757424291358748e-01, 3.757775606452629091e-01, 2.915597704049511241e-01, 9.838692652065013367e-02
2.346652039034166082e-01, 3.757705735966470062e-01, 2.913432923727310442e-01, 9.822093012720539695e-02
2.350549782247926545e-01, 3.757616720607085958e-01, 2.911265194230902020e-01, 9.805683029140842277e-02
2.354450661297979308e-01, 3.757508537889395761e-01, 2.909094491434537910e-01, 9.789463093780878533e-02
2.358354683539898022e-01, 3.757381165408337220e-01, 2.906920791078023703e-01, 9.773433599737381405e-02
2.362261856317545428e-01, 3.757234580839315941e-01, 2.904744068767952658e-01, 9.757594940751872226e-02
2.366172186961094381e-01, 3.757068761938642254e-01, 2.902564299978930284e-01, 9.741947511213312760e-02
2.370085682785059156e-01, 3.756883686544028600e-01, 2.900381460054846650e-01, 9.726491706160672601e-02
2.374002351086287599e-01, 3.756679332575072472e-01, 2.898195524210128715e-01, 9.711227921285112141e-02
2.377922199141956072e-01, 3.756455678033794321e-01, 2.896006467531045403e-01, 9.696156552932048978e-02
2.381845234207534689e-01, 3.756212701005182675e-01, 2.893814264976993234e-01, 9.681277998102888471e-02
2.385771463514750335e-01, 3.755950379657766458e-01, 2.891618891381825818e-01, 9.666592654456583611e-02
2.389700894269526921e-01, 3.755668692244208406e-01, 2.889420321455178353e-01, 9.652100920310863197e-02
2.393633533649912881e-01, 3.755367617101931232e-01, 2.887218529783825982e-01, 9.637803194643312921e-02
2.397569388803991730e-01, 3.755047132653756559e-01, 2.885013490833042149e-01, 9.623699877092085908e-02
2.401508466847785683e-01, 3.754707217408585485e-01, 2.882805178947983049e-01, 9.609791367956461994e-02
2.405450774863131802e-01, 3.754347849962076933e-01, 2.880593568355084844e-01, 9.596078068197060051e-02
2.409396319895552308e-01, 3.753969008997382617e-01, 2.878378633163478639e-01, 9.582560379435860198e-02
2.413345108952109630e-01, 3.753570673285883119e-01, 2.876160347366417680e-01, 9.569238703955905423e-02
2.417297148999242584e-01, 3.753152821687955609e-01, 2.873938684842726743e-01, 9.556113444700756188e-02
2.421252446960591165e-01, 3.752715433153778202e-01, 2.871713619358262637e-01, 9.543185005273685517e-02
2.425211009714806076e-01, 3.752258486724140973e-01, 2.869485124567394685e-01, 9.530453789936575715e-02
2.429172844093343830e-01, 3.751781961531300835e-01, 2.867253174014499084e-01, 9.517920203608554175e-02
2.433137956878243802e-01, 3.751285836799846396e-01, 2.865017741135474916e-01, 9.505584651864348866e-02
2.437106354799898345e-01, 3.750770091847603349e-01, 2.862778799259264040e-01, 9.493447540932344053e-02
2.441078044534799318e-01, 3.750234706086554293e-01, 2.860536321609408739e-01, 9.481509277692386217e-02
2.445053032703279339e-01, 3.749679659023792966e-01, 2.858290281305602698e-01, 9.469770269673249974e-02
2.449031325867232767e-01, 3.749104930262501245e-01, 2.856040651365279182e-01, 9.458230925049872229e-02
2.453012930527822266e-01, 3.748510499502953897e-01, 2.853787404705201425e-01, 9.446891652640235226e-02
2.456997853123174813e-01, 3.747896346543549972e-01, 2.851530514143075790e-01, 9.435752861902005351e-02
2.460986100026062995e-01, 3.747262451281869744e-01, 2.849269952399185457e-01, 9.424814962928831918e-02
2.464977677541566325e-01, 3.746608793715765495e-01, 2.847005692098033003e-01, 9.414078366446358703e-02
2.468972591904731173e-01, 3.745935353944466750e-01, 2.844737705770007952e-01, 9.403543483807945413e-02
2.472970849278200156e-01, 3.745242112169727688e-01, 2.842465965853067100e-01, 9.393210726990050552e-02
2.476972455749844038e-01, 3.744529048696992324e-01, 2.840190444694430383e-01, 9.383080508587332558e-02
2.480977417330366974e-01, 3.743796143936589660e-01, 2.837911114552300607e-01, 9.373153241807427594e-02
2.484985739950907324e-01, 3.743043378404957711e-01, 2.835627947597594845e-01, 9.363429340465399819e-02
2.488997429460618471e-01, 3.742270732725898053e-01, 2.833340915915694147e-01, 9.353909218977900231e-02
2.493012491624242155e-01, 3.741478187631848140e-01, 2.831049991508213237e-01, 9.344593292356967451e-02
2.497030932119660984e-01, 3.740665723965198586e-01, 2.828755146294784639e-01, 9.335481976203548193e-02
2.501052756535445121e-01, 3.739833322679624317e-01, 2.826456352114863346e-01, 9.326575686700658285e-02
2.505077970368382312e-01, 3.738980964841449595e-01, 2.824153580729547031e-01, 9.317874840606210629e-02
2.509106579020992656e-01, 3.738108631631040235e-01, 2.821846803823410132e-01, 9.309379855245564217e-02
2.513138587799033097e-01, 3.737216304344229689e-01, 2.819535993006369590e-01, 9.301091148503658201e-02
2.517174001908994430e-01, 3.736303964393769550e-01, 2.817221119815548902e-01, 9.293009138816880899e-02
2.521212826455569433e-01, 3.735371593310802263e-01, 2.814902155717172727e-01, 9.285134245164554379e-02
2.525255066439128782e-01, 3.734419172746378801e-01, 2.812579072108482015e-01, 9.277466887060112355e-02
2.529300726753166972e-01, 3.733446684472993549e-01, 2.810251840319650807e-01, 9.270007484541874232e-02
2.533349812181748817e-01, 3.732454110386150825e-01, 2.807920431615743562e-01, 9.262756458163577677e-02
2.537402327396931501e-01, 3.731441432505959721e-01, 2.805584817198666370e-01, 9.255714228984419922e-02
2.541458276956189422e-01, 3.730408632978763905e-01, 2.803244968209158694e-01, 9.248881218558879791e-02
2.545517665299809051e-01, 3.729355694078794747e-01, 2.800900855728785110e-01, 9.242257848926105357e-02
2.549580496748288794e-01, 3.728282598209854970e-01, 2.798552450781958134e-01, 9.235844542598969920e-02
2.553646775499716082e-01, 3.727189327907037275e-01, 2.796199724337968817e-01, 9.229641722552762995e-02
2.557716505627135040e-01, 3.726075865838465173e-01, 2.793842647313045657e-01, 9.223649812213541299e-02
2.561789691075906927e-01, 3.724942194807066009e-01, 2.791481190572421278e-01, 9.217869235446066178e-02
2.565866335661052267e-01, 3.723788297752376741e-01, 2.789115324932426310e-01, 9.212300416541427395e-02
2.569946443064590746e-01, 3.722614157752383579e-01, 2.786745021162598812e-01, 9.206943780204279726e-02
2.574030016832858370e-01, 3.721419758025369950e-01, 2.784370249987803692e-01, 9.201799751539685435e-02
2.578117060373825153e-01, 3.720205081931829416e-01, 2.781990982090385978e-01, 9.196868756039612569e-02
2.582207576954392847e-01, 3.718970112976371922e-01, 2.779607188112330207e-01, 9.192151219569048848e-02
2.586301569697689873e-01, 3.717714834809694446e-01, 2.777218838657442013e-01, 9.187647568351740845e-02
2.590399041580348505e-01, 3.716439231230549978e-01, 2.774825904293548584e-01, 9.183358228955532110e-02
2.594499995429777051e-01, 3.715143286187769789e-01, 2.772428355554718005e-01, 9.179283628277344620e-02
2.598604433921419821e-01, 3.713826983782309021e-01, 2.770026162943494130e-01, 9.175424193527770278e-02
2.602712359576007106e-01, 3.712490308269315586e-01, 2.767619296933150896e-01, 9.171780352215261334e-02
2.606823774756794054e-01, 3.711133244060240699e-01, 2.765207727969969942e-01, 9.168352532129953048e-02
2.610938681666793437e-01, 3.709755775724969951e-01, 2.762791426475529888e-01, 9.165141161327070018e-02
2.615057082345996209e-01, 3.708357887993991575e-01, 2.760370362849015047e-01, 9.162146668109963366e-02
2.619178978668582625e-01, 3.706939565760590805e-01, 2.757944507469550777e-01, 9.159369481012751002e-02
2.623304372340127255e-01, 3.705500794083077531e-01, 2.755513830698541056e-01, 9.156810028782534638e-02
2.627433264894789566e-01, 3.704041558187042282e-01, 2.753078302882042694e-01, 9.154468740361247636e-02
2.631565657692502280e-01, 3.702561843467640501e-01, 2.750637894353147317e-01, 9.152346044867104569e-02
2.635701551916146967e-01, 3.701061635491912361e-01, 2.748192575434381113e-01, 9.150442371575608080e-02
2.639840948568722423e-01, 3.699540920001130329e-01, 2.745742316440127340e-01, 9.148758149900194925e-02
2.643983848470507492e-01, 3.697999682913176711e-01, 2.743287087679068814e-01, 9.147293809372465667e-02
2.648130252256210015e-01, 3.696437910324946730e-01, 2.740826859456643727e-01, 9.146049779621982789e-02
2.652280160372113560e-01, 3.694855588514796563e-01, 2.738361602077520884e-01, 9.145026490355694093e-02
2.656433573073215260e-01, 3.693252703944998605e-01, 2.735891285848094379e-01, 9.144224371336916179e-02
2.660590490420357557e-01, 3.691629243264252791e-01, 2.733415881078998799e-01, 9.143643852363916857e-02
2.664750912277346617e-01, 3.689985193310204026e-01, 2.730935358087639431e-01, 9.143285363248088160e-02
2.668914838308077409e-01, 3.688320541112009576e-01, 2.728449687200743545e-01, 9.143149333791703026e-02
2.673082267973634907e-01, 3.686635273892918119e-01, 2.725958838756924463e-01, 9.143236193765226505e-02
2.677253200529403632e-01, 3.684929379072899858e-01, 2.723462783109270591e-01, 9.143546372884255036e-02
2.681427635022164968e-01, 3.683202844271281085e-01, 2.720961490627952784e-01, 9.144080300786008864e-02
2.685605570287187271e-01, 3.681455657309434804e-01, 2.718454931702841693e-01, 9.144838407005377590e-02
2.689787004945313198e-01, 3.679687806213476908e-01, 2.715943076746149543e-01, 9.145821120950609062e-02
2.693971937400043148e-01, 3.677899279217012318e-01, 2.713425896195094111e-01, 9.147028871878506995e-02
2.698160365834609831e-01, 3.676090064763897214e-01, 2.710903360514568261e-01, 9.148462088869233066e-02
2.702352288209050046e-01, 3.674260151511037353e-01, 2.708375440199842221e-01, 9.150121200800709342e-02
2.706547702257270926e-01, 3.672409528331206374e-01, 2.705842105779270867e-01, 9.152006636322514155e-02
2.710746605484116722e-01, 3.670538184315911279e-01, 2.703303327817027646e-01, 9.154118823829444918e-02
2.714948995162423939e-01, 3.668646108778267356e-01, 2.700759076915852375e-01, 9.156458191434570237e-02
2.719154868330077024e-01, 3.666733291255914740e-01, 2.698209323719817365e-01, 9.159025166941910101e-02
2.723364221787065720e-01, 3.664799721513957165e-01, 2.695654038917111861e-01, 9.161820177818645605e-02
2.727577052092526877e-01, 3.662845389547934594e-01, 2.693093193242847017e-01, 9.164843651166919292e-02
2.731793355561796810e-01, 3.660870285586818595e-01, 2.690526757481867537e-01, 9.168096013695178903e-02
2.736013128263450889e-01, 3.658874400096040480e-01, 2.687954702471597734e-01, 9.171577691689117295e-02
2.740236366016347569e-01, 3.656857723780548297e-01, 2.685376999104888140e-01, 9.175289110982152996e-02
2.744463064386671314e-01, 3.654820247587887150e-01, 2.682793618332893759e-01, 9.179230696925483324e-02
2.748693218684964412e-01, 3.652761962711309485e-01, 2.680204531167956761e-01, 9.183402874357705914e-02
2.752926823963167124e-01, 3.650682860592917578e-01, 2.677609708686516932e-01, 9.187806067573993374e-02
2.757163875011658938e-01, 3.648582932926823785e-01, 2.675009122032033226e-01, 9.192440700294840505e-02
2.761404366356287610e-01, 3.646462171662351870e-01, 2.672402742417923638e-01, 9.197307195634378540e-02
2.765648292255406537e-01, 3.644320569007247212e-01, 2.669790541130522832e-01, 9.202405976068228632e-02
2.769895646696913238e-01, 3.642158117430937536e-01, 2.667172489532054214e-01, 9.207737463400947342e-02
2.774146423395282834e-01, 3.639974809667794187e-01, 2.664548559063621980e-01, 9.213302078733009992e-02
2.778400615788605976e-01, 3.637770638720438932e-01, 2.661918721248215935e-01, 9.219100242427377689e-02
2.782658217035627324e-01, 3.635545597863073519e-01, 2.659282947693738519e-01, 9.225132374075602215e-02
2.786919220012785692e-01, 3.633299680644825891e-01, 2.656641210096037931e-01, 9.231398892463509032e-02
2.791183617311250864e-01, 3.631032880893134696e-01, 2.653993480241969016e-01, 9.237900215536440363e-02
2.795451401233978173e-01, 3.628745192717150458e-01, 2.651339730012464702e-01, 9.244636760364063899e-02
2.799722563792740870e-01, 3.626436610511166725e-01, 2.648679931385619635e-01, 9.251608943104723537e-02
2.803997096705190262e-01, 3.624107128958073409e-01, 2.646014056439797146e-01, 9.258817178969382111e-02
2.808274991391905284e-01, 3.621756743032838455e-01, 2.643342077356744535e-01, 9.266261882185110321e-02
2.812556238973445422e-01, 3.619385448006008921e-01, 2.640663966424732778e-01, 9.273943465958137122e-02
2.816840830267417495e-01, 3.616993239447237607e-01, 2.637979696041697908e-01, 9.281862342436471291e-02
2.821128755785534126e-01, 3.614580113228842428e-01, 2.635289238718415694e-01, 9.290018922672087232e-02
2.825420005730687745e-01, 3.612146065529372452e-01, 2.632592567081671331e-01, 9.298413616582680563e-02
2.829714569994026818e-01, 3.609691092837214454e-01, 2.629889653877461875e-01, 9.307046832912975465e-02
2.834012438152030411e-01, 3.607215191954208366e-01, 2.627180471974199794e-01, 9.315918979195607352e-02
2.838313599463605508e-01, 3.604718359999297128e-01, 2.624464994365937609e-01, 9.325030461711596164e-02
2.842618042867168793e-01, 3.602200594412188206e-01, 2.621743194175610303e-01, 9.334381685450332533e-02
2.846925756977755628e-01, 3.599661892957046194e-01, 2.619015044658278279e-01, 9.343973054069194817e-02
2.851236730084125148e-01, 3.597102253726202070e-01, 2.616280519204400856e-01, 9.353804969852710927e-02
2.855550950145876454e-01, 3.594521675143882433e-01, 2.613539591343112534e-01, 9.363877833671289952e-02
2.859868404790569252e-01, 3.591920155969963169e-01, 2.610792234745515916e-01, 9.374192044939520796e-02
2.864189081310859475e-01, 3.589297695303744762e-01, 2.608038423227986291e-01, 9.384748001574079457e-02
2.868512966661643793e-01, 3.586654292587742598e-01, 2.605278130755494526e-01, 9.395546099951181118e-02
2.872840047457201895e-01, 3.583989947611499471e-01, 2.602511331444937737e-01, 9.406586734863617294e-02
2.877170309968365425e-01, 3.581304660515416405e-01, 2.599737999568479396e-01, 9.417870299477387741e-02
2.881503740119686352e-01, 3.578598431794609569e-01, 2.596958109556913863e-01, 9.429397185287906324e-02
2.885840323486620895e-01, 3.575871262302772191e-01, 2.594171636003029247e-01, 9.441167782075776671e-02
2.890180045292718991e-01, 3.573123153256069773e-01, 2.591378553664991924e-01, 9.453182477862195898e-02
2.894522890406836524e-01, 3.570354106237036973e-01, 2.588578837469739380e-01, 9.465441658863887886e-02
2.898868843340344781e-01, 3.567564123198504467e-01, 2.585772462516382486e-01, 9.477945709447674338e-02
2.903217888244371547e-01, 3.564753206467543567e-01, 2.582959404079621102e-01, 9.490695012084628124e-02
2.907570008907035541e-01, 3.561921358749409738e-01, 2.580139637613174108e-01, 9.503689947303808894e-02
2.911925188750705829e-01, 3.559068583131524965e-01, 2.577313138753210553e-01, 9.516930893645601797e-02
2.916283410829277889e-01, 3.556194883087456238e-01, 2.574479883321800222e-01, 9.530418227614670390e-02
2.920644657825455237e-01, 3.553300262480924565e-01, 2.571639847330371431e-01, 9.544152323632491830e-02
2.925008912048054355e-01, 3.550384725569814548e-01, 2.568793006983178806e-01, 9.558133553989514586e-02
2.929376155429318507e-01, 3.547448277010211148e-01, 2.565939338680776061e-01, 9.572362288796928964e-02
2.933746369522255426e-01, 3.544490921860435906e-01, 2.563078819023508204e-01, 9.586838895938007421e-02
2.938119535497981105e-01, 3.541512665585105357e-01, 2.560211424815000969e-01, 9.601563741019129850e-02
2.942495634143093008e-01, 3.538513514059205556e-01, 2.557337133065665791e-01, 9.616537187320362001e-02
2.946874645857052721e-01, 3.535493473572161593e-01, 2.554455920996216434e-01, 9.631759595745695290e-02
2.951256550649587473e-01, 3.532452550831939320e-01, 2.551567766041182295e-01, 9.647231324772904959e-02
2.955641328138115531e-01, 3.529390752969141509e-01, 2.548672645852441132e-01, 9.662952730403012724e-02
2.960028957545183803e-01, 3.526308087541124014e-01, 2.545770538302751240e-01, 9.678924166109405258e-02
2.964419417695929315e-01, 3.523204562536115247e-01, 2.542861421489294727e-01, 9.695145982786601557e-02
2.968812687015564000e-01, 3.520080186377347875e-01, 2.539945273737227449e-01, 9.711618528698617858e-02
2.973208743526870590e-01, 3.516934967927199396e-01, 2.537022073603230621e-01, 9.728342149426999486e-02
2.977607564847729593e-01, 3.513768916491337713e-01, 2.534091799879078510e-01, 9.745317187818529348e-02
2.982009128188667924e-01, 3.510582041822880583e-01, 2.531154431595198928e-01, 9.762543983932524261e-02
2.986413410350418074e-01, 3.507374354126547855e-01, 2.528209948024247589e-01, 9.780022874987846782e-02
2.990820387721516704e-01, 3.504145864062840898e-01, 2.525258328684689135e-01, 9.797754195309543723e-02
2.995230036275913221e-01, 3.500896582752199837e-01, 2.522299553344370948e-01, 9.815738276275157159e-02
2.999642331570612774e-01, 3.497626521779197417e-01, 2.519333602024118601e-01, 9.833975446260714848e-02
3.004057248743336461e-01, 3.494335693196707338e-01, 2.516360455001316887e-01, 9.852466030586388979e-02
3.008474762510209843e-01, 3.491024109530098118e-01, 2.513380092813510824e-01, 9.871210351461826016e-02
3.012894847163476997e-01, 3.487691783781411425e-01, 2.510392496261994455e-01, 9.890208727931168453e-02
3.017317476569240653e-01, 3.484338729433563708e-01, 2.507397646415416848e-01, 9.909461475817782361e-02
3.021742624165232316e-01, 3.480964960454528412e-01, 2.504395524613376445e-01, 9.928968907668637989e-02
3.026170262958598478e-01, 3.477570491301527622e-01, 2.501386112470030954e-01, 9.948731332698423913e-02
3.030600365523734574e-01, 3.474155336925231485e-01, 2.498369391877696133e-01, 9.968749056733375302e-02
3.035032904000126708e-01, 3.470719512773942639e-01, 2.495345345010453741e-01, 9.989022382154774671e-02
3.039467850090236123e-01, 3.467263034797788412e-01, 2.492313954327756986e-01, 1.000955160784218895e-01
3.043905175057409762e-01, 3.463785919452910811e-01, 2.489275202578035417e-01, 1.003033702911644842e-01
3.048344849723818584e-01, 3.460288183705646503e-01, 2.486229072802303430e-01, 1.005137893768231622e-01
3.052786844468429184e-01, 3.456769845036714028e-01, 2.483175548337762939e-01, 1.007267762157092739e-01
3.057231129225008170e-01, 3.453230921445389900e-01, 2.480114612821407993e-01, 1.009423336508194491e-01
3.061677673480155404e-01, 3.449671431453674164e-01, 2.477046250193625787e-01, 1.011604644872545339e-01
3.066126446271368877e-01, 3.446091394110467054e-01, 2.473970444701797666e-01, 1.013811714916365431e-01
3.070577416185152342e-01, 3.442490828995722341e-01, 2.470887180903897085e-01, 1.016044573915227262e-01
3.075030551355141806e-01, 3.438869756224602892e-01, 2.467796443672083395e-01, 1.018303248748173018e-01
3.079485819460275886e-01, 3.435228196451621807e-01, 2.464698218196289536e-01, 1.020587765891813187e-01
3.083943187723006130e-01, 3.431566170874779664e-01, 2.461592489987815546e-01, 1.022898151414400048e-01
3.088402622907526207e-01, 3.427883701239691772e-01, 2.458479244882903758e-01, 1.025234430969877986e-01
3.092864091318055508e-01, 3.424180809843703766e-01, 2.455358469046321213e-01, 1.027596629791919514e-01
3.097327558797143277e-01, 3.420457519539993330e-01, 2.452230148974927915e-01, 1.029984772687936034e-01
3.101792990724026589e-01, 3.416713853741661366e-01, 2.449094271501245090e-01, 1.032398884033067510e-01
3.106260352013009984e-01, 3.412949836425815398e-01, 2.445950823797011786e-01, 1.034838987764162971e-01
3.110729607111896167e-01, 3.409165492137630760e-01, 2.442799793376740913e-01, 1.037305107373732854e-01
3.115200720000446122e-01, 3.405360845994404029e-01, 2.439641168101258917e-01, 1.039797265903890516e-01
3.119673654188889200e-01, 3.401535923689586460e-01, 2.436474936181247386e-01, 1.042315485940277092e-01
3.124148372716461508e-01, 3.397690751496802442e-01, 2.433301086180766903e-01, 1.044859789605968869e-01
3.128624838149998144e-01, 3.393825356273852956e-01, 2.430119607020777839e-01, 1.047430198555369951e-01
3.133103012582552638e-01, 3.389939765466699617e-01, 2.426930487982651152e-01, 1.050026733968096593e-01
3.137582857632070787e-01, 3.386034007113426503e-01, 2.423733718711663099e-01, 1.052649416542840027e-01
3.142064334440100581e-01, 3.382108109848188660e-01, 2.420529289220487434e-01, 1.055298266491224018e-01
3.146547403670547083e-01, 3.378162102905135078e-01, 2.417317189892668194e-01, 1.057973303531649367e-01
3.151032025508471168e-01, 3.374196016122311681e-01, 2.414097411486091360e-01, 1.060674546883126484e-01
3.155518159658928790e-01, 3.370209879945540998e-01, 2.410869945136429882e-01, 1.063402015259099359e-01
3.160005765345865747e-01, 3.366203725432283522e-01, 2.407634782360588144e-01, 1.066155726861263003e-01
3.164494801311042438e-01, 3.362177584255462981e-01, 2.404391915060125340e-01, 1.068935699373369380e-01
3.168985225813018558e-01, 3.358131488707282730e-01, 2.401141335524669129e-01, 1.071741949955029444e-01
3.173476996626177216e-01, 3.354065471703002177e-01, 2.397883036435311810e-01, 1.074574495235508242e-01
3.177970071039797340e-01, 3.349979566784694884e-01, 2.394617010867993168e-01, 1.077433351307515580e-01
3.182464405857174938e-01, 3.345873808124970594e-01, 2.391343252296863620e-01, 1.080318533720991125e-01
3.186959957394792653e-01, 3.341748230530682817e-01, 2.388061754597636810e-01, 1.083230057476888275e-01
3.191456681481535940e-01, 3.337602869446587572e-01, 2.384772512050920834e-01, 1.086167937020955654e-01
3.195954533457963653e-01, 3.333437760958986584e-01, 2.381475519345533365e-01, 1.089132186237516536e-01
3.200453468175624150e-01, 3.329252941799334398e-01, 2.378170771581794296e-01, 1.092122818443248405e-01
3.204953439996419129e-01, 3.325048449347807744e-01, 2.374858264274808950e-01, 1.095139846380963206e-01
3.209454402792032424e-01, 3.320824321636852150e-01, 2.371537993357724361e-01, 1.098183282213391065e-01
3.213956309943389322e-01, 3.316580597354683024e-01, 2.368209955184962801e-01, 1.101253137516964298e-01
3.218459114340192495e-01, 3.312317315848756216e-01, 2.364874146535444754e-01, 1.104349423275606673e-01
3.222962768380484011e-01, 3.308034517129206376e-01, 2.361530564615781924e-01, 1.107472149874528383e-01
3.227467223970285626e-01, 3.303732241872240905e-01, 2.358179207063449412e-01, 1.110621327094024197e-01
3.231972432523276817e-01, 3.299410531423498938e-01, 2.354820071949940696e-01, 1.113796964103282022e-01
3.236478344960534992e-01, 3.295069427801372020e-01, 2.351453157783894576e-01, 1.116999069454197857e-01
3.240984911710322325e-01, 3.290708973700282591e-01, 2.348078463514196301e-01, 1.120227651075197950e-01
3.245492082707941983e-01, 3.286329212493923624e-01, 2.344695988533059272e-01, 1.123482716265075676e-01
3.249999807395630991e-01, 3.281930188238452173e-01, 2.341305732679082319e-01, 1.126764271686835212e-01
3.254508034722532472e-01, 3.277511945675644078e-01, 2.337907696240272837e-01, 1.130072323361551168e-01
3.259016713144702870e-01, 3.273074530236007029e-01, 2.334501879957053549e-01, 1.133406876662237384e-01
3.263525790625190770e-01, 3.268617988041835898e-01, 2.331088285025235407e-01, 1.136767936307736676e-01
3.268035214634171237e-01, 3.264142365910240873e-01, 2.327666913098969115e-01, 1.140155506356620024e-01
3.272544932149127894e-01, 3.259647711356109534e-01, 2.324237766293657803e-01, 1.143569590201105324e-01
3.277054889655113823e-01, 3.255134072595037842e-01, 2.320800847188853322e-01, 1.147010190560995985e-01
3.281565033145054655e-01, 3.250601498546196733e-01, 2.317356158831112845e-01, 1.150477309477634102e-01
3.286075308120116611e-01, 3.246050038835169294e-01, 2.313903704736834377e-01, 1.153970948307879718e-01
3.290585659590137269e-01, 3.241479743796707447e-01, 2.310443488895050357e-01, 1.157491107718105483e-01
3.295096032074115722e-01, 3.236890664477466428e-01, 2.306975515770199048e-01, 1.161037787678218108e-01
3.299606369600763811e-01, 3.232282852638672099e-01, 2.303499790304859296e-01, 1.164610987455704239e-01
3.304116615709117855e-01, 3.227656360758731080e-01, 2.300016317922454478e-01, 1.168210705609696171e-01
3.308626713449212553e-01, 3.223011242035798141e-01, 2.296525104529919259e-01, 1.171836939985069076e-01
3.313136605382820954e-01, 3.218347550390275869e-01, 2.293026156520338310e-01, 1.175489687706565423e-01
3.317646233584248816e-01, 3.213665340467266041e-01, 2.289519480775543403e-01, 1.179168945172940908e-01
3.322155539641208910e-01, 3.208964667638959933e-01, 2.286005084668678577e-01, 1.182874708051152163e-01
3.326664464655734732e-01, 3.204245588006969236e-01, 2.282482976066732283e-01, 1.186606971270563748e-01
3.331172949245179149e-01, 3.199508158404600899e-01, 2.278953163333023446e-01, 1.190365729017195673e-01
3.335680933543271887e-01, 3.194752436399068696e-01, 2.275415655329660058e-01, 1.194150974727998804e-01
3.340188357201233083e-01, 3.189978480293641505e-01, 2.271870461419955856e-01, 1.197962701085169279e-01
3.344695159388964001e-01, 3.185186349129737193e-01, 2.268317591470802586e-01, 1.201800900010495943e-01
3.349201278796297143e-01, 3.180376102688942108e-01, 2.264757055855015355e-01, 1.205665562659746365e-01
3.353706653634310197e-01, 3.175547801494974509e-01, 2.261188865453624131e-01, 1.209556679417090053e-01
3.358211221636716592e-01, 3.170701506815584159e-01, 2.257613031658135816e-01, 1.213474239889564127e-01
3.362714920061304347e-01, 3.165837280664372533e-01, 2.254029566372748317e-01, 1.217418232901574804e-01
3.367217685691464291e-01, 3.160955185802566958e-01, 2.250438482016521302e-01, 1.221388646489447727e-01
3.371719454837765473e-01, 3.156055285740703709e-01, 2.246839791525516439e-01, 1.225385467896014935e-01
3.376220163339609392e-01, 3.151137644740265031e-01, 2.243233508354873784e-01, 1.229408683565252070e-01
3.380719746566949735e-01, 3.146202327815226241e-01, 2.239619646480866255e-01, 1.233458279136957908e-01
3.385218139422078165e-01, 3.141249400733546193e-01, 2.235998220402892200e-01, 1.237534239441483302e-01
3.389715276341478400e-01, 3.136278930018582267e-01, 2.232369245145433279e-01, 1.241636548494506193e-01
3.394211091297753002e-01, 3.131290982950424295e-01, 2.228732736259962655e-01, 1.245765189491859215e-01
3.398705517801614562e-01, 3.126285627567171876e-01, 2.225088709826805733e-01, 1.249920144804407413e-01
3.403198488903946273e-01, 3.121262932666121204e-01, 2.221437182456955650e-01, 1.254101395972976041e-01
3.407689937197932450e-01, 3.116222967804891386e-01, 2.217778171293842693e-01, 1.258308923703334026e-01
3.412179794821259549e-01, 3.111165803302455846e-01, 2.214111694015050147e-01, 1.262542707861234181e-01
3.416667993458387675e-01, 3.106091510240122644e-01, 2.210437768833986294e-01, 1.266802727467503942e-01
3.421154464342883728e-01, 3.101000160462413224e-01, 2.206756414501505614e-01, 1.271088960693198544e-01
3.425639138259839456e-01, 3.095891826577872874e-01, 2.203067650307476977e-01, 1.275401384854811526e-01
3.430121945548341711e-01, 3.090766581959809023e-01, 2.199371496082306587e-01, 1.279739976409543234e-01
3.434602816104029843e-01, 3.085624500746935173e-01, 2.195667972198403206e-01, 1.284104710950632333e-01
3.439081679381713053e-01, 3.080465657843941552e-01, 2.191957099571596734e-01, 1.288495563202750327e-01
3.443558464398055463e-01, 3.075290128921986943e-01, 2.188238899662500736e-01, 1.292912507017457135e-01
3.448033099734346685e-01, 3.070097990419102252e-01, 2.184513394477827219e-01, 1.297355515368724677e-01
3.452505513539325110e-01, 3.064889319540513579e-01, 2.180780606571636748e-01, 1.301824560348524007e-01
3.456975633532086145e-01, 3.059664194258882586e-01, 2.177040559046548862e-01, 1.306319613162482685e-01
3.461443387005048167e-01, 3.054422693314456927e-01, 2.173293275554886994e-01, 1.310840644125607635e-01
3.465908700827008415e-01, 3.049164896215142417e-01, 2.169538780299769820e-01, 1.315387622658079625e-01
3.470371501446241624e-01, 3.043890883236483602e-01, 2.165777098036152370e-01, 1.319960517281122403e-01
3.474831714893698020e-01, 3.038600735421562171e-01, 2.162008254071804136e-01, 1.324559295612935117e-01
3.479289266786256829e-01, 3.033294534580801005e-01, 2.158232274268233053e-01, 1.329183924364708558e-01
3.483744082330050285e-01, 3.027972363291686619e-01, 2.154449185041550641e-01, 1.333834369336711345e-01
3.488196086323865353e-01, 3.022634304898400570e-01, 2.150659013363284411e-01, 1.338510595414450499e-01
3.492645203162609846e-01, 3.017280443511357602e-01, 2.146861786761121160e-01, 1.343212566564912225e-01
3.497091356840852927e-01, 3.011910864006662192e-01, 2.143057533319602526e-01, 1.347940245832883743e-01
3.501534470956436662e-01, 3.006525652025461848e-01, 2.139246281680755313e-01, 1.352693595337346177e-01
3.505974468714155856e-01, 3.001124893973223240e-01, 2.135428061044660486e-01, 1.357472576267960973e-01
3.510411272929506721e-01, 2.995708677018906196e-01, 2.131602901169964426e-01, 1.362277148881622935e-01
3.514844806032513258e-01, 2.990277089094042773e-01, 2.127770832374331900e-01, 1.367107272499111792e-01
3.519274990071615816e-01, 2.984830218891736942e-01, 2.123931885534828257e-01, 1.371962905501818708e-01
3.523701746717632366e-01, 2.979368155865557144e-01, 2.120086092088249718e-01, 1.376844005328560772e-01
3.528124997267790830e-01, 2.973890990228337250e-01, 2.116233484031387890e-01, 1.381750528472483197e-01
3.532544662649834133e-01, 2.968398812950890364e-01, 2.112374093921226825e-01, 1.386682430478049233e-01
3.536960663426181317e-01, 2.962891715760617162e-01, 2.108507954875083745e-01, 1.391639665938118053e-01
3.541372919798180252e-01, 2.957369791140023185e-01, 2.104635100570684814e-01, 1.396622188491112027e-01
3.545781351610406973e-01, 2.951833132325141773e-01, 2.100755565246170964e-01, 1.401629950818280013e-01
3.550185878355046620e-01, 2.946281833303857622e-01, 2.096869383700048217e-01, 1.406662904641046707e-01
3.554586419176342105e-01, 2.940715988814132098e-01, 2.092976591291065558e-01, 1.411721000718460239e-01
3.558982892875106052e-01, 2.935135694342131951e-01, 2.089077223938030359e-01, 1.416804188844730528e-01
3.563375217913305470e-01, 2.929541046120265890e-01, 2.085171318119562189e-01, 1.421912417846867560e-01
3.567763312418708033e-01, 2.923932141125109574e-01, 2.081258910873772239e-01, 1.427045635582409877e-01
3.572147094189607741e-01, 2.918309077075247338e-01, 2.077340039797885562e-01, 1.432203788937260747e-01
3.576526480699597776e-01, 2.912671952429001787e-01, 2.073414743047790054e-01, 1.437386823823610105e-01
3.580901389102436050e-01, 2.907020866382076241e-01, 2.069483059337520192e-01, 1.442594685177968350e-01
3.585271736236949058e-01, 2.901355918865081152e-01, 2.065545027938676947e-01, 1.447827316959293675e-01
3.589637438632024002e-01, 2.895677210540980040e-01, 2.061600688679775251e-01, 1.453084662147220152e-01
3.593998412511655305e-01, 2.889984842802422182e-01, 2.057650081945526233e-01, 1.458366662740396280e-01
3.598354573800054967e-01, 2.884278917768975936e-01, 2.053693248676050909e-01, 1.463673259754917910e-01
3.602705838126837312e-01, 2.878559538284263253e-01, 2.049730230366028083e-01, 1.469004393222871352e-01
3.607052120832253683e-01, 2.872826807913000380e-01, 2.045761069063765925e-01, 1.474360002190980290e-01
3.611393336972503754e-01, 2.867080830937925318e-01, 2.041785807370213035e-01, 1.479740024719357061e-01
3.615729401325106229e-01, 2.861321712356628133e-01, 2.037804488437900685e-01, 1.485144397880366895e-01
3.620060228394320623e-01, 2.855549557878286349e-01, 2.033817155969803170e-01, 1.490573057757590691e-01
3.624385732416652295e-01, 2.849764473920290975e-01, 2.029823854218149315e-01, 1.496025939444907416e-01
3.628705827366403014e-01, 2.843966567604774287e-01, 2.025824627983143222e-01, 1.501502977045679199e-01
3.633020426961286464e-01, 2.838155946755036019e-01, 2.021819522611630615e-01, 1.507004103672046902e-01
3.637329444668103151e-01, 2.832332719891869632e-01, 2.017808583995686911e-01, 1.512529251444341971e-01
3.641632793708480254e-01, 2.826496996229778125e-01, 2.013791858571138405e-01, 1.518078351490603772e-01
3.645930387064666989e-01, 2.820648885673102124e-01, 2.009769393316014063e-01, 1.523651333946217101e-01
3.650222137485383822e-01, 2.814788498812036410e-01, 2.005741235748923212e-01, 1.529248127953656833e-01
3.654507957491741066e-01, 2.808915946918544848e-01, 2.001707433927365221e-01, 1.534868661662349143e-01
3.658787759383201887e-01, 2.803031341942179844e-01, 1.997668036445968409e-01, 1.540512862228649582e-01
3.663061455243610265e-01, 2.797134796505794663e-01, 1.993623092434661792e-01, 1.546180655815933003e-01
3.667328956947275564e-01, 2.791226423901156384e-01, 1.989572651556765770e-01, 1.551871967594802837e-01
3.671590176165099861e-01, 2.785306338084457267e-01, 1.985516764007024537e-01, 1.557586721743417502e-01
3.675845024370781866e-01, 2.779374653671727868e-01, 1.981455480509561606e-01, 1.563324841447928382e-01
3.680093412847048051e-01, 2.773431485934144125e-01, 1.977388852315762335e-01, 1.569086248903046599e-01
3.684335252691959273e-01, 2.767476950793235080e-01, 1.973316931202089286e-01, 1.574870865312716639e-01
3.688570454825258471e-01, 2.761511164815994013e-01, 1.969239769467828749e-01, 1.580678610890917379e-01
3.692798929994767221e-01, 2.755534245209889099e-01, 1.965157419932762328e-01, 1.586509404862580797e-01
3.697020588782841122e-01, 2.749546309817765821e-01, 1.961069935934766917e-01, 1.592363165464627806e-01
3.701235341612869045e-01, 2.743547477112655564e-01, 1.956977371327349446e-01, 1.598239809947126500e-01
3.705443098755826226e-01, 2.737537866192492064e-01, 1.952879780477106975e-01, 1.604139254574574736e-01
3.709643770336865098e-01, 2.731517596774716838e-01, 1.948777218261119326e-01, 1.610061414627299292e-01
3.713837266341966648e-01, 2.725486789190789128e-01, 1.944669740064267349e-01, 1.616006204402977431e-01
3.718023496624627833e-01, 2.719445564380601477e-01, 1.940557401776484281e-01, 1.621973537218286132e-01
3.722202370912599534e-01, 2.713394043886799278e-01, 1.936440259789936891e-01, 1.627963325410663742e-01
3.726373798814668903e-01, 2.707332349848990960e-01, 1.932318370996134738e-01, 1.633975480340205122e-01
3.730537689827477799e-01, 2.701260604997877124e-01, 1.928191792782972258e-01, 1.640009912391673652e-01
3.734693953342395067e-01, 2.695178932649270331e-01, 1.924060583031698413e-01, 1.646066530976637021e-01
3.738842498652422131e-01, 2.689087456698028289e-01, 1.919924800113821661e-01, 1.652145244535727919e-01
3.742983234959146310e-01, 2.682986301611884894e-01, 1.915784502887938612e-01, 1.658245960541031017e-01
3.747116071379720803e-01, 2.676875592425190797e-01, 1.911639750696502160e-01, 1.664368585498587350e-01
3.751240916953899052e-01, 2.670755454732557932e-01, 1.907490603362514692e-01, 1.670513024951027492e-01
3.755357680651097985e-01, 2.664626014682412447e-01, 1.903337121186156611e-01, 1.676679183480332125e-01
3.759466271377497892e-01, 2.658487398970453275e-01, 1.899179364941343540e-01, 1.682866964710706126e-01
3.763566597983177275e-01, 2.652339734833012441e-01, 1.895017395872220511e-01, 1.689076271311590327e-01
3.767658569269289326e-01, 2.646183150040339327e-01, 1.890851275689583999e-01, 1.695307005000785960e-01
3.771742093995262279e-01, 2.640017772889781122e-01, 1.886681066567240106e-01, 1.701559066547716492e-01
3.775817080886039734e-01, 2.633843732198870580e-01, 1.882506831138294201e-01, 1.707832355776795208e-01
3.779883438639343174e-01, 2.627661157298341599e-01, 1.878328632491375050e-01, 1.714126771570939900e-01
3.783941075932976128e-01, 2.621470178025037123e-01, 1.874146534166792610e-01, 1.720442211875193583e-01
3.787989901432149420e-01, 2.615270924714738765e-01, 1.869960600152632546e-01, 1.726778573700477881e-01
3.792029823796837507e-01, 2.609063528194912052e-01, 1.865770894880780240e-01, 1.733135753127470757e-01
3.796060751689154245e-01, 2.602848119777357860e-01, 1.861577483222885965e-01, 1.739513645310602485e-01
3.800082593780770845e-01, 2.596624831250782806e-01, 1.857380430486262890e-01, 1.745912144482184292e-01
3.804095258760339382e-01, 2.590393794873287470e-01, 1.853179802409720411e-01, 1.752331143956652182e-01
3.808098655340951266e-01, 2.584155143364770257e-01, 1.848975665159338089e-01, 1.758770536134939833e-01
3.812092692267617933e-01, 2.577909009899240211e-01, 1.844768085324172968e-01, 1.765230212508969165e-01
3.816077278324759292e-01, 2.571655528097065435e-01, 1.840557129911904732e-01, 1.771710063666271096e-01
3.820052322343735485e-01, 2.565394832017123816e-01, 1.836342866344420621e-01, 1.778209979294720633e-01
3.824017733210370862e-01, 2.559127056148886581e-01, 1.832125362453341788e-01, 1.784729848187401602e-01
3.827973419872515159e-01, 2.552852335404417472e-01, 1.827904686475481932e-01, 1.791269558247584603e-01
3.831919291347613554e-01, 2.546570805110296987e-01, 1.823680907048253752e-01, 1.797828996493835985e-01
3.835855256730285046e-01, 2.540282600999467233e-01, 1.819454093205008227e-01, 1.804408049065239772e-01
3.839781225199929704e-01, 2.533987859203004622e-01, 1.815224314370322556e-01, 1.811006601226742563e-01
3.843697106028332033e-01, 2.527686716241822618e-01, 1.810991640355223975e-01, 1.817624537374620819e-01
3.847602808587288203e-01, 2.521379309018288994e-01, 1.806756141352360012e-01, 1.824261741042063900e-01
3.851498242356232726e-01, 2.515065774807783705e-01, 1.802517887931107954e-01, 1.830918094904875892e-01
3.855383316929885118e-01, 2.508746251250184023e-01, 1.798276951032632409e-01, 1.837593480787298450e-01
3.859257942025888788e-01, 2.502420876341274747e-01, 1.794033401964883478e-01, 1.844287779667951876e-01
3.863122027492476573e-01, 2.496089788424093181e-01, 1.789787312397543850e-01, 1.851000871685884452e-01
3.866975483316117401e-01, 2.489753126180213882e-01, 1.785538754356915392e-01, 1.857732636146752492e-01
3.870818219629183488e-01, 2.483411028620954863e-01, 1.781287800220760498e-01, 1.864482951529100041e-01
3.874650146717618093e-01, 2.477063635078531889e-01, 1.777034522713083209e-01, 1.871251695490766531e-01
3.878471175028591067e-01, 2.470711085197141998e-01, 1.772778994898866201e-01, 1.878038744875401289e-01
3.882281215178171041e-01, 2.464353518923989850e-01, 1.768521290178746153e-01, 1.884843975719093234e-01
3.886080177958987081e-01, 2.457991076500251892e-01, 1.764261482283649707e-01, 1.891667263257111598e-01
3.889867974347885893e-01, 2.451623898451980310e-01, 1.759999645269372526e-01, 1.898508481930761549e-01
3.893644515513586257e-01, 2.445252125580953950e-01, 1.755735853511113387e-01, 1.905367505394346961e-01
3.897409712824332906e-01, 2.438875898955466526e-01, 1.751470181697955264e-01, 1.912244206522245582e-01
3.901163477855537076e-01, 2.432495359901066800e-01, 1.747202704827307551e-01, 1.919138457416088017e-01
3.904905722397408740e-01, 2.426110649991242985e-01, 1.742933498199293885e-01, 1.926050129412055500e-01
3.908636358462582727e-01, 2.419721911038050233e-01, 1.738662637411098333e-01, 1.932979093088269262e-01
3.912355298293733741e-01, 2.413329285082698172e-01, 1.734390198351267731e-01, 1.939925218272300356e-01
3.916062454371176949e-01, 2.406932914386080147e-01, 1.730116257193967111e-01, 1.946888374048776071e-01
3.919757739420453024e-01, 2.400532941419259436e-01, 1.725840890393197935e-01, 1.953868428767090160e-01
3.923441066419904866e-01, 2.394129508853909960e-01, 1.721564174676965264e-01, 1.960865250049219077e-01
3.927112348608232661e-01, 2.387722759552710072e-01, 1.717286187041416334e-01, 1.967878704797640377e-01
3.930771499492030085e-01, 2.381312836559696666e-01, 1.713007004744928063e-01, 1.974908659203346573e-01
3.934418432853309944e-01, 2.374899883090571540e-01, 1.708726705302158477e-01, 1.981954978753959484e-01
3.938053062756998735e-01, 2.368484042522983057e-01, 1.704445366478067325e-01, 1.989017528241951438e-01
3.941675303558417887e-01, 2.362065458386747030e-01, 1.700163066281887292e-01, 1.996096171772948624e-01
3.945285069910735021e-01, 2.355644274354052881e-01, 1.695879882961069396e-01, 2.003190772774141315e-01
3.948882276772406330e-01, 2.349220634229620130e-01, 1.691595894995187033e-01, 2.010301194002785952e-01
3.952466839414564559e-01, 2.342794681940829904e-01, 1.687311181089810319e-01, 2.017427297554795496e-01
3.956038673428413643e-01, 2.336366561527820074e-01, 1.683025820170340192e-01, 2.024568944873425536e-01
3.959597694732570616e-01, 2.329936417133553206e-01, 1.678739891375819471e-01, 2.031725996758056707e-01
3.963143819580391414e-01, 2.323504392993853696e-01, 1.674453474052707558e-01, 2.038898313373047055e-01
3.966676964567260044e-01, 2.317070633427419091e-01, 1.670166647748622113e-01, 2.046085754256697919e-01
3.970197046637846672e-01, 2.310635282825808656e-01, 1.665879492206061296e-01, 2.053288178330283931e-01
3.973703983093332393e-01, 2.304198485643403627e-01, 1.661592087356084380e-01, 2.060505443907180434e-01
3.977197691598604035e-01, 2.297760386387347475e-01, 1.657304513311979310e-01, 2.067737408702068069e-01
3.980678090189405105e-01, 2.291321129607475637e-01, 1.653016850362895029e-01, 2.074983929840224228e-01
3.984145097279456760e-01, 2.284880859886203597e-01, 1.648729178967451303e-01, 2.082244863866889173e-01
3.987598631667532700e-01, 2.278439721828425246e-01, 1.644441579747326909e-01, 2.089520066756715699e-01
3.991038612544505204e-01, 2.271997860051377938e-01, 1.640154133480820342e-01, 2.096809393923295128e-01
3.994464959500343415e-01, 2.265555419174503371e-01, 1.635866921096397752e-01, 2.104112700228756017e-01
3.997877592531065560e-01, 2.259112543809289331e-01, 1.631580023666205637e-01, 2.111429839993438917e-01
4.001276432045658416e-01, 2.252669378549111145e-01, 1.627293522399583803e-01, 2.118760667005646636e-01
4.004661398872942368e-01, 2.246226067959055384e-01, 1.623007498636540036e-01, 2.126105034531462212e-01
4.008032414268398180e-01, 2.239782756565745769e-01, 1.618722033841220875e-01, 2.133462795324635453e-01
4.011389399920942678e-01, 2.233339588847156054e-01, 1.614437209595362410e-01, 2.140833801636537748e-01
4.014732277959657814e-01, 2.226896709222428439e-01, 1.610153107591725807e-01, 2.148217905226187385e-01
4.018060970960468103e-01, 2.220454262041683946e-01, 1.605869809627516742e-01, 2.155614957370331486e-01
4.021375401952768658e-01, 2.214012391575835015e-01, 1.601587397597797335e-01, 2.163024808873597327e-01
4.024675494426010469e-01, 2.207571242006406975e-01, 1.597305953488882546e-01, 2.170447310078700287e-01
4.027961172336211870e-01, 2.201130957415350087e-01, 1.593025559371725464e-01, 2.177882310876712857e-01
4.031232360112437796e-01, 2.194691681774871839e-01, 1.588746297395298435e-01, 2.185329660717391931e-01
4.034488982663216317e-01, 2.188253558937267307e-01, 1.584468249779958093e-01, 2.192789208619558006e-01
4.037730965382890780e-01, 2.181816732624761723e-01, 1.580191498810813444e-01, 2.200260803181534330e-01
4.040958234157926987e-01, 2.175381346419364981e-01, 1.575916126831076736e-01, 2.207744292591632129e-01
4.044170715373155978e-01, 2.168947543752735851e-01, 1.571642216235418221e-01, 2.215239524638689950e-01
4.047368335917957416e-01, 2.162515467896068133e-01, 1.567369849463315090e-01, 2.222746346722659638e-01
4.050551023192385247e-01, 2.156085261949979015e-01, 1.563099108992394570e-01, 2.230264605865240890e-01
4.053718705113228404e-01, 2.149657068834431306e-01, 1.558830077331780084e-01, 2.237794148720560483e-01
4.056871310120008234e-01, 2.143231031278665932e-01, 1.554562837015436294e-01, 2.245334821585889262e-01
4.060008767180919853e-01, 2.136807291811155529e-01, 1.550297470595512761e-01, 2.252886470412411302e-01
4.063131005798701345e-01, 2.130385992749588009e-01, 1.546034060635690655e-01, 2.260448940816021657e-01
4.066237956016435229e-01, 2.123967276190864284e-01, 1.541772689704535848e-01, 2.268022078088163251e-01
4.069329548423299414e-01, 2.117551284001135126e-01, 1.537513440368853956e-01, 2.275605727206710671e-01
4.072405714160224344e-01, 2.111138157805857729e-01, 1.533256395187047594e-01, 2.283199732846870889e-01
4.075466384925510166e-01, 2.104728038979878924e-01, 1.529001636702486955e-01, 2.290803939392123956e-01
4.078511492980351205e-01, 2.098321068637562514e-01, 1.524749247436885946e-01, 2.298418190945200335e-01
4.081540971154305475e-01, 2.091917387622941049e-01, 1.520499309883681649e-01, 2.306042331339073215e-01
4.084554752850682036e-01, 2.085517136499900614e-01, 1.516251906501434044e-01, 2.313676204147983861e-01
4.087552772051871175e-01, 2.079120455542408652e-01, 1.512007119707228231e-01, 2.321319652698492775e-01
4.090534963324580775e-01, 2.072727484724777580e-01, 1.507765031870093586e-01, 2.328972520080549724e-01
4.093501261825016613e-01, 2.066338363711964499e-01, 1.503525725304436234e-01, 2.336634649158582655e-01
4.096451603303985500e-01, 2.059953231849919741e-01, 1.499289282263482903e-01, 2.344305882582612688e-01
4.099385924111908497e-01, 2.053572228155971513e-01, 1.495055784932744769e-01, 2.351986062799376054e-01
4.102304161203778055e-01, 2.047195491309260484e-01, 1.490825315423495723e-01, 2.359675032063465461e-01
4.105206252144028012e-01, 2.040823159641216300e-01, 1.486597955766268409e-01, 2.367372632448485892e-01
4.108092135111323651e-01, 2.034455371126087653e-01, 1.482373787904370521e-01, 2.375078705858217898e-01
4.110961748903276258e-01, 2.028092263371513715e-01, 1.478152893687422198e-01, 2.382793094037788384e-01
4.113815032941082195e-01, 2.021733973609154689e-01, 1.473935354864909508e-01, 2.390515638584853608e-01
4.116651927274078138e-01, 2.015380638685372316e-01, 1.469721253079767087e-01, 2.398246180960782181e-01
4.119472372584214170e-01, 2.009032395051960074e-01, 1.465510669861982695e-01, 2.405984562501843338e-01
4.122276310190451376e-01, 2.002689378756936922e-01, 1.461303686622217879e-01, 2.413730624430393268e-01
4.125063682053070613e-01, 1.996351725435392688e-01, 1.457100384645468039e-01, 2.421484207866069494e-01
4.127834430777904684e-01, 1.990019570300389229e-01, 1.452900845084738879e-01, 2.429245153836966098e-01
4.130588499620487797e-01, 1.983693048133934600e-01, 1.448705148954753386e-01, 2.437013303290824495e-01
4.133325832490111762e-01, 1.977372293278002457e-01, 1.444513377125688502e-01, 2.444788497106196445e-01
4.136046373953813915e-01, 1.971057439625626961e-01, 1.440325610316940952e-01, 2.452570576103619282e-01
4.138750069240263452e-01, 1.964748620612052077e-01, 1.436141929090921643e-01, 2.460359381056762829e-01
4.141436864243578930e-01, 1.958445969205959425e-01, 1.431962413846886162e-01, 2.468154752703576316e-01
4.144106705527043633e-01, 1.952149617900748590e-01, 1.427787144814794962e-01, 2.475956531757412260e-01
4.146759540326750981e-01, 1.945859698705898477e-01, 1.423616202049206581e-01, 2.483764558918142851e-01
4.149395316555148927e-01, 1.939576343138392223e-01, 1.419449665423208884e-01, 2.491578674883250799e-01
4.152013982804504955e-01, 1.933299682214211224e-01, 1.415287614622382506e-01, 2.499398720358900483e-01
4.154615488350287267e-01, 1.927029846439911598e-01, 1.411130129138803702e-01, 2.507224536070997711e-01
4.157199783154443273e-01, 1.920766965804263093e-01, 1.406977288265082171e-01, 2.515055962776210907e-01
4.159766817868610911e-01, 1.914511169769970989e-01, 1.402829171088441074e-01, 2.522892841272976749e-01
4.162316543837221161e-01, 1.908262587265470156e-01, 1.398685856484832013e-01, 2.530735012412475560e-01
4.164848913100524519e-01, 1.902021346676800451e-01, 1.394547423113096374e-01, 2.538582317109578934e-01
4.167363878397520871e-01, 1.895787575839556482e-01, 1.390413949409159133e-01, 2.546434596353763236e-01
4.169861393168809438e-01, 1.889561402030923432e-01, 1.386285513580275408e-01, 2.554291691219991445e-01
4.172341411559333246e-01, 1.883342951961786693e-01, 1.382162193599312527e-01, 2.562153442879566700e-01
4.174803888421051434e-01, 1.877132351768932284e-01, 1.378044067199079015e-01, 2.570019692610937545e-01
4.177248779315506089e-01, 1.870929727007323295e-01, 1.373931211866697144e-01, 2.577890281810473749e-01
4.179676040516308588e-01, 1.864735202642464895e-01, 1.369823704838022682e-01, 2.585765052003202724e-01
4.182085629011529915e-01, 1.858548903042857581e-01, 1.365721623092112369e-01, 2.593643844853499303e-01
4.184477502506002145e-01, 1.852370951972530377e-01, 1.361625043345732478e-01, 2.601526502175735001e-01
4.186851619423527238e-01, 1.846201472583666736e-01, 1.357534042047925105e-01, 2.609412865944880089e-01
4.189207938908999784e-01, 1.840040587409321193e-01, 1.353448695374614985e-01, 2.617302778307064592e-01
4.191546420830428721e-01, 1.833888418356219019e-01, 1.349369079223267931e-01, 2.625196081590083774e-01
4.193867025780879665e-01, 1.827745086697654120e-01, 1.345295269207609223e-01, 2.633092618313858657e-01
4.196169715080314000e-01, 1.821610713066474097e-01, 1.341227340652374200e-01, 2.640992231200837703e-01
4.198454450777347469e-01, 1.815485417448161609e-01, 1.337165368588130732e-01, 2.648894763186360191e-01
4.200721195650910511e-01, 1.809369319174003454e-01, 1.333109427746142772e-01, 2.656800057428944650e-01
4.202969913211813680e-01, 1.803262536914362058e-01, 1.329059592553289149e-01, 2.664707957320536780e-01
4.205200567704234227e-01, 1.797165188672036062e-01, 1.325015937127040078e-01, 2.672618306496689078e-01
4.207413124107102220e-01, 1.791077391775723893e-01, 1.320978535270485865e-01, 2.680530948846688855e-01
4.209607548135390065e-01, 1.784999262873571968e-01, 1.316947460467419728e-01, 2.688445728523617406e-01
4.211783806241327643e-01, 1.778930917926840327e-01, 1.312922785877480847e-01, 2.696362489954352570e-01
4.213941865615506988e-01, 1.772872472203643190e-01, 1.308904584331350984e-01, 2.704281077849500781e-01
4.216081694187909790e-01, 1.766824040272810259e-01, 1.304892928326009394e-01, 2.712201337213270835e-01
4.218203260628841655e-01, 1.760785735997837109e-01, 1.300887890020047677e-01, 2.720123113353273281e-01
4.220306534349766991e-01, 1.754757672530935786e-01, 1.296889541229039877e-01, 2.728046251890257068e-01
4.222391485504063957e-01, 1.748739962307192808e-01, 1.292897953420974744e-01, 2.735970598767770157e-01
4.224458084987680606e-01, 1.742732717038820711e-01, 1.288913197711745451e-01, 2.743896000261753509e-01
4.226506304439713313e-01, 1.736736047709524500e-01, 1.284935344860703155e-01, 2.751822302990059588e-01
4.228536116242876952e-01, 1.730750064568958024e-01, 1.280964465266266894e-01, 2.759749353921897019e-01
4.230547493523902358e-01, 1.724774877127294159e-01, 1.277000628961600104e-01, 2.767677000387203101e-01
4.232540410153832755e-01, 1.718810594149892956e-01, 1.273043905610343196e-01, 2.775605090085930260e-01
4.234514840748241915e-01, 1.712857323652079988e-01, 1.269094364502412753e-01, 2.783533471097264234e-01
4.236470760667348512e-01, 1.706915172894025168e-01, 1.265152074549865113e-01, 2.791461991888761762e-01
4.238408146016058864e-01, 1.700984248375730090e-01, 1.261217104282814916e-01, 2.799390501325395575e-01
4.240326973643912534e-01, 1.695064655832123346e-01, 1.257289521845429137e-01, 2.807318848678535539e-01
4.242227221144936333e-01, 1.689156500228256585e-01, 1.253369394991976082e-01, 2.815246883634831554e-01
4.244108866857422835e-01, 1.683259885754613827e-01, 1.249456791082942386e-01, 2.823174456305022062e-01
4.245971889863608406e-01, 1.677374915822526791e-01, 1.245551777081216199e-01, 2.831101417232648187e-01
4.247816269989279636e-01, 1.671501693059693483e-01, 1.241654419548333665e-01, 2.839027617402694048e-01
4.249641987803275955e-01, 1.665640319305811134e-01, 1.237764784640791871e-01, 2.846952908250122150e-01
4.251449024616923977e-01, 1.659790895608314609e-01, 1.233882938106427435e-01, 2.854877141668333840e-01
4.253237362483375805e-01, 1.653953522218221395e-01, 1.230008945280864213e-01, 2.862800170017538726e-01
4.255006984196866293e-01, 1.648128298586089835e-01, 1.226142871084022201e-01, 2.870721846133021393e-01
4.256757873291884264e-01, 1.642315323358083667e-01, 1.222284780016699574e-01, 2.878642023333332634e-01
4.258490014042264349e-01, 1.636514694372144252e-01, 1.218434736157217729e-01, 2.886560555428372976e-01
4.260203391460190003e-01, 1.630726508654277707e-01, 1.214592803158135309e-01, 2.894477296727396287e-01
4.261897991295118815e-01, 1.624950862414944741e-01, 1.210759044243031185e-01, 2.902392102046904565e-01
4.263573800032622318e-01, 1.619187851045566229e-01, 1.206933522203352677e-01, 2.910304826718458915e-01
4.265230804893148098e-01, 1.613437569115132864e-01, 1.203116299395335098e-01, 2.918215326596385051e-01
4.266868993830694734e-01, 1.607700110366930835e-01, 1.199307437736987919e-01, 2.926123458065386096e-01
4.268488355531415146e-01, 1.601975567715372972e-01, 1.195506998705149065e-01, 2.934029078048062678e-01
4.270088879412136107e-01, 1.596264033242938696e-01, 1.191715043332610413e-01, 2.941932044012315894e-01
4.271670555618790610e-01, 1.590565598197228314e-01, 1.187931632205309757e-01, 2.949832213978672568e-01
4.273233375024791947e-01, 1.584880352988124463e-01, 1.184156825459590917e-01, 2.957729446527493367e-01
4.274777329229307865e-01, 1.579208387185063456e-01, 1.180390682779540179e-01, 2.965623600806088778e-01
4.276302410555474220e-01, 1.573549789514415709e-01, 1.176633263394380874e-01, 2.973514536535727948e-01
4.277808612048524251e-01, 1.567904647856977474e-01, 1.172884626075946374e-01, 2.981402114018550931e-01
4.279295927473842909e-01, 1.562273049245571921e-01, 1.169144829136219005e-01, 2.989286194144366582e-01
4.280764351314946814e-01, 1.556655079862754865e-01, 1.165413930424938765e-01, 2.997166638397358862e-01
4.282213878771398141e-01, 1.551050825038638725e-01, 1.161691987327279768e-01, 3.005043308862683782e-01
4.283644505756625254e-01, 1.545460369248816412e-01, 1.157979056761602038e-01, 3.012916068232955880e-01
4.285056228895696706e-01, 1.539883796112398173e-01, 1.154275195177265068e-01, 3.020784779814639776e-01
4.286449045523001433e-01, 1.534321188390158353e-01, 1.150580458552517282e-01, 3.028649307534322932e-01
4.287822953679868432e-01, 1.528772627982785404e-01, 1.146894902392451704e-01, 3.036509515944895710e-01
4.289177952112113168e-01, 1.523238195929246530e-01, 1.143218581727032668e-01, 3.044365270231608744e-01
4.290514040267519036e-01, 1.517717972405251692e-01, 1.139551551109191097e-01, 3.052216436218038176e-01
4.291831218293244432e-01, 1.512212036721836128e-01, 1.135893864612988607e-01, 3.060062880371932081e-01
4.293129487033159331e-01, 1.506720467324034751e-01, 1.132245575831855033e-01, 3.067904469810950330e-01
4.294408848025127456e-01, 1.501243341789680052e-01, 1.128606737876888116e-01, 3.075741072308304513e-01
4.295669303498209635e-01, 1.495780736828291602e-01, 1.124977403375228974e-01, 3.083572556298270206e-01
4.296910856369803855e-01, 1.490332728280080454e-01, 1.121357624468503622e-01, 3.091398790881612069e-01
4.298133510242729827e-01, 1.484899391115056810e-01, 1.117747452811331671e-01, 3.099219645830880721e-01
4.299337269402236927e-01, 1.479480799432239813e-01, 1.114146939569909123e-01, 3.107034991595614692e-01
4.300522138812956086e-01, 1.474077026458975315e-01, 1.110556135420652929e-01, 3.114844699307415254e-01
4.301688124115795597e-01, 1.468688144550356067e-01, 1.106975090548920765e-01, 3.122648640784929097e-01
4.302835231624757562e-01, 1.463314225188744599e-01, 1.103403854647792559e-01, 3.130446688538705557e-01
4.303963468323719344e-01, 1.457955338983402127e-01, 1.099842476916925021e-01, 3.138238715775953924e-01
4.305072841863132327e-01, 1.452611555670215160e-01, 1.096291006061472367e-01, 3.146024596405180840e-01
4.306163360556674036e-01, 1.447282944111530356e-01, 1.092749490291073378e-01, 3.153804205040722231e-01
4.307235033377846412e-01, 1.441969572296082358e-01, 1.089217977318907293e-01, 3.161577417007164215e-01
4.308287869956503036e-01, 1.436671507339031262e-01, 1.085696514360815490e-01, 3.169344108343650213e-01
4.309321880575336938e-01, 1.431388815482092791e-01, 1.082185148134492819e-01, 3.177104155808076480e-01
4.310337076166305126e-01, 1.426121562093775053e-01, 1.078683924858740845e-01, 3.184857436881179393e-01
4.311333468306994265e-01, 1.420869811669704386e-01, 1.075192890252792272e-01, 3.192603829770509494e-01
4.312311069216946957e-01, 1.415633627833061126e-01, 1.071712089535697132e-01, 3.200343213414295063e-01
4.313269891753927499e-01, 1.410413073335102241e-01, 1.068241567425777805e-01, 3.208075467485192456e-01
4.314209949410132694e-01, 1.405208210055789997e-01, 1.064781368140147871e-01, 3.215800472393928744e-01
4.315131256308364915e-01, 1.400019099004508327e-01, 1.061331535394295644e-01, 3.223518109292832223e-01
4.316033827198140771e-01, 1.394845800320880236e-01, 1.057892112401732226e-01, 3.231228260079246906e-01
4.316917677451768687e-01, 1.389688373275678734e-01, 1.054463141873706739e-01, 3.238930807398845424e-01
4.317782823060360986e-01, 1.384546876271830762e-01, 1.051044666018981499e-01, 3.246625634648826475e-01
4.318629280629817657e-01, 1.379421366845514085e-01, 1.047636726543671598e-01, 3.254312625980997353e-01
4.319457067376745729e-01, 1.374311901667346625e-01, 1.044239364651150942e-01, 3.261991666304755455e-01
4.320266201124359773e-01, 1.369218536543671816e-01, 1.040852621042017007e-01, 3.269662641289951543e-01
4.321056700298304687e-01, 1.364141326417925015e-01, 1.037476535914118869e-01, 3.277325437369651429e-01
4.321828583922470712e-01, 1.359080325372101217e-01, 1.034111148962649496e-01, 3.284979941742777743e-01
4.322581871614744609e-01, 1.354035586628303256e-01, 1.030756499380297703e-01, 3.292626042376654572e-01
4.323316583582729189e-01, 1.349007162550381889e-01, 1.027412625857458961e-01, 3.300263628009431072e-01
4.324032740619416226e-01, 1.343995104645665239e-01, 1.024079566582512535e-01, 3.307892588152405722e-01
4.324730364098836599e-01, 1.338999463566770132e-01, 1.020757359242153578e-01, 3.315512813092240663e-01
4.325409475971647710e-01, 1.334020289113504176e-01, 1.017446041021786568e-01, 3.323124193893061129e-01
4.326070098760714244e-01, 1.329057630234847798e-01, 1.014145648605979944e-01, 3.330726622398457182e-01
4.326712255556624531e-01, 1.324111535031025355e-01, 1.010856218178976113e-01, 3.338319991233374417e-01
4.327335970013190813e-01, 1.319182050755654256e-01, 1.007577785425261691e-01, 3.345904193805893656e-01
4.327941266342910098e-01, 1.314269223817982057e-01, 1.004310385530196720e-01, 3.353479124308911263e-01
4.328528169312395590e-01, 1.309373099785196559e-01, 1.001054053180697456e-01, 3.361044677721710672e-01
4.329096704237763715e-01, 1.304493723384827497e-01, 9.978088225659796640e-02, 3.368600749811427875e-01
4.329646896980010595e-01, 1.299631138507217343e-01, 9.945747273783572817e-02, 3.376147237134415335e-01
4.330178773940341341e-01, 1.294785388208072874e-01, 9.913518008140925764e-02, 3.383684037037493209e-01
4.330692362055476030e-01, 1.289956514711101954e-01, 9.881400755743102726e-02, 3.391211047659111189e-01
4.331187688792932367e-01, 1.285144559410715259e-01, 9.849395838659581737e-02, 3.398728167930393229e-01
4.331664782146277259e-01, 1.280349562874812386e-01, 9.817503574028235702e-02, 3.406235297576087340e-01
4.332123670630346757e-01, 1.275571564847637340e-01, 9.785724274066072426e-02, 3.413732337115408799e-01
4.332564383276453768e-01, 1.270810604252710918e-01, 9.754058246080478389e-02, 3.421219187862787892e-01
4.332986949627558593e-01, 1.266066719195833579e-01, 9.722505792480949649e-02, 3.428695751928511615e-01
4.333391399733429461e-01, 1.261339946968163261e-01, 9.691067210791423636e-02, 3.436161932219265469e-01
4.333777764145759770e-01, 1.256630324049356762e-01, 9.659742793663048110e-02, 3.443617632438578657e-01
4.334146073913294761e-01, 1.251937886110789933e-01, 9.628532828887487183e-02, 3.451062757087165478e-01
4.334496360576905460e-01, 1.247262668018840892e-01, 9.597437599410750531e-02, 3.458497211463178456e-01
4.334828656164668725e-01, 1.242604703838239011e-01, 9.566457383347480581e-02, 3.465920901662345455e-01
4.335142993186907878e-01, 1.237964026835486897e-01, 9.535592453995740680e-02, 3.473333734578030740e-01
4.335439404631237781e-01, 1.233340669482344693e-01, 9.504843079852301480e-02, 3.480735617901188905e-01
4.335717923957567721e-01, 1.228734663459375015e-01, 9.474209524628390833e-02, 3.488126460120217209e-01
4.335978585093116511e-01, 1.224146039659559926e-01, 9.443692047265922485e-02, 3.495506170520731315e-01
4.336221422427383176e-01, 1.219574828191971883e-01, 9.413290901954182721e-02, 3.502874659185226114e-01
4.336446470807129305e-01, 1.215021058385511721e-01, 9.383006338146976377e-02, 3.510231836992661614e-01
4.336653765531331417e-01, 1.210484758792704646e-01, 9.352838600580240525e-02, 3.517577615617939468e-01
4.336843342346128338e-01, 1.205965957193558258e-01, 9.322787929290093922e-02, 3.524911907531305122e-01
4.337015237439755255e-01, 1.201464680599472201e-01, 9.292854559631311129e-02, 3.532234625997640043e-01
4.337169487437471660e-01, 1.196980955257216234e-01, 9.263038722296276783e-02, 3.539545685075685122e-01
4.337306129396465426e-01, 1.192514806652952425e-01, 9.233340643334318754e-02, 3.546844999617150274e-01
4.337425200800770764e-01, 1.188066259516321610e-01, 9.203760544171481206e-02, 3.554132485265759089e-01
4.337526739556156197e-01, 1.183635337824580497e-01, 9.174298641630740381e-02, 3.561408058456190240e-01
4.337610783985015872e-01, 1.179222064806790121e-01, 9.144955147952581187e-02, 3.568671636412935610e-01
4.337677372821258648e-01, 1.174826462948060923e-01, 9.115730270816015113e-02, 3.575923137149078501e-01
4.337726545205183859e-01, 1.170448553993845842e-01, 9.086624213359974223e-02, 3.583162479464973571e-01
4.337758340678348201e-01, 1.166088358954282256e-01, 9.057637174205106223e-02, 3.590389582946858504e-01
4.337772799178450378e-01, 1.161745898108586389e-01, 9.028769347475953944e-02, 3.597604367965367422e-01
4.337769961034183552e-01, 1.157421191009493228e-01, 9.000020922823498415e-02, 3.604806755673973795e-01
4.337749866960107226e-01, 1.153114256487743489e-01, 8.971392085448084974e-02, 3.611996668007340094e-01
4.337712558051510237e-01, 1.148825112656618047e-01, 8.942883016122718520e-02, 3.619174027679598615e-01
4.337658075779272093e-01, 1.144553776916514692e-01, 8.914493891216704324e-02, 3.626338758182541810e-01
4.337586461984727082e-01, 1.140300265959569848e-01, 8.886224882719646889e-02, 3.633490783783736577e-01
4.337497758874527820e-01, 1.136064595774324282e-01, 8.858076158265792976e-02, 3.640630029524569711e-01
4.337392009015505479e-01, 1.131846781650427819e-01, 8.830047881158717415e-02, 3.647756421218195100e-01
4.337269255329545548e-01, 1.127646838183387068e-01, 8.802140210396343367e-02, 3.654869885447432631e-01
4.337129541088459161e-01, 1.123464779279351872e-01, 8.774353300696258184e-02, 3.661970349562561622e-01
4.336972909908849427e-01, 1.119300618159940336e-01, 8.746687302521420626e-02, 3.669057741679068729e-01
4.336799405746998293e-01, 1.115154367367099941e-01, 8.719142362106083177e-02, 3.676131990675294281e-01
4.336609072893749528e-01, 1.111026038768009316e-01, 8.691718621482112661e-02, 3.683193026190030861e-01
4.336401955969400590e-01, 1.106915643560010959e-01, 8.664416218505549550e-02, 3.690240778620033635e-01
4.336178099918600037e-01, 1.102823192275581149e-01, 8.637235286883497565e-02, 3.697275179117468502e-01
4.335937550005255492e-01, 1.098748694787333585e-01, 8.610175956201274183e-02, 3.704296159587283643e-01
4.335680351807439381e-01, 1.094692160313053553e-01, 8.583238351949865064e-02, 3.711303652684520560e-01
4.335406551212322990e-01, 1.090653597420763732e-01, 8.556422595553637989e-02, 3.718297591811547953e-01
4.335116194411102186e-01, 1.086633014033825673e-01, 8.529728804398334363e-02, 3.725277911115238982e-01
4.334809327893936470e-01, 1.082630417436062087e-01, 8.503157091859311900e-02, 3.732244545484069143e-01
4.334485998444911337e-01, 1.078645814276916054e-01, 8.476707567330069026e-02, 3.739197430545165846e-01
4.334146253136993421e-01, 1.074679210576631322e-01, 8.450380336250973290e-02, 3.746136502661278067e-01
4.333790139327017288e-01, 1.070730611731463972e-01, 8.424175500138293693e-02, 3.753061698927689926e-01
4.333417704650663338e-01, 1.066800022518916702e-01, 8.398093156613400945e-02, 3.759972957169080976e-01
4.333028997017472905e-01, 1.062887447103000177e-01, 8.372133399432267475e-02, 3.766870215936299893e-01
4.332624064605856695e-01, 1.058992889039515883e-01, 8.346296318515149248e-02, 3.773753414503112635e-01
4.332202955858130422e-01, 1.055116351281362302e-01, 8.320581999976481291e-02, 3.780622492862859563e-01
4.331765719475559329e-01, 1.051257836183865368e-01, 8.294990526155018862e-02, 3.787477391725072029e-01
4.331312404413424910e-01, 1.047417345510126274e-01, 8.269521975644177070e-02, 3.794318052512031803e-01
4.330843059876097745e-01, 1.043594880436390093e-01, 8.244176423322525926e-02, 3.801144417355260541e-01
4.330357735312135858e-01, 1.039790441557437578e-01, 8.218953940384553236e-02, 3.807956429091972073e-01
4.329856480409402519e-01, 1.036004028891987505e-01, 8.193854594371549616e-02, 3.814754031261455292e-01
4.329339345090191804e-01, 1.032235641888124278e-01, 8.168878449202722491e-02, 3.821537168101412640e-01
4.328806379506377477e-01, 1.028485279428736077e-01, 8.144025565206459982e-02, 3.828305784544240864e-01
4.328257634034586299e-01, 1.024752939836970356e-01, 8.119295999151775189e-02, 3.835059826213265688e-01
4.327693159271385759e-01, 1.021038620881705022e-01, 8.094689804279904533e-02, 3.841799239418918210e-01
4.327113006028489028e-01, 1.017342319783032245e-01, 8.070207030336089271e-02, 3.848523971154869106e-01
4.326517225327986549e-01, 1.013664033217754057e-01, 8.045847723601476376e-02, 3.855233969094110646e-01
4.325905868397595389e-01, 1.010003757324892809e-01, 8.021611926925205360e-02, 3.861929181584989879e-01
4.325278986665930803e-01, 1.006361487711208980e-01, 7.997499679756595037e-02, 3.868609557647200159e-01
4.324636631757799443e-01, 1.002737219456732026e-01, 7.973511018177494025e-02, 3.875275046967719961e-01
4.323978855489515327e-01, 9.991309471202994286e-02, 7.949645974934758941e-02, 3.881925599896709489e-01
4.323305709864239676e-01, 9.955426647451059985e-02, 7.925904579472849154e-02, 3.888561167443369548e-01
4.322617247067342405e-01, 9.919723658642572162e-02, 7.902286857966536737e-02, 3.895181701271747121e-01
4.321913519461786368e-01, 9.884200435063331125e-02, 7.878792833353751024e-02, 3.901787153696504307e-01
4.321194579583542139e-01, 9.848856902009572867e-02, 7.855422525368506437e-02, 3.908377477678648959e-01
4.320460480137015002e-01, 9.813692979843703645e-02, 7.832175950573941337e-02, 3.914952626821219805e-01
4.319711273990513578e-01, 9.778708584050084529e-02, 7.809053122395465119e-02, 3.921512555364932706e-01
4.318947014171726217e-01, 9.743903625290852022e-02, 7.786054051153988576e-02, 3.928057218183790833e-01
4.318167753863240699e-01, 9.709278009461773384e-02, 7.763178744099231976e-02, 3.934586570780657655e-01
4.317373546398073358e-01, 9.674831637748144975e-02, 7.740427205443123349e-02, 3.941100569282799393e-01
4.316564445255237636e-01, 9.640564406680626752e-02, 7.717799436393289747e-02, 3.947599170437370852e-01
4.315740504055331495e-01, 9.606476208191196131e-02, 7.695295435186584598e-02, 3.954082331606891265e-01
4.314901776556155921e-01, 9.572566929669003299e-02, 7.672915197122708031e-02, 3.960550010764674056e-01
4.314048316648362302e-01, 9.538836454016277888e-02, 7.650658714597874388e-02, 3.967002166490222748e-01
4.313180178351121441e-01, 9.505284659704206496e-02, 7.628525977138558845e-02, 3.973438757964601331e-01
4.312297415807828660e-01, 9.471911420828774131e-02, 7.606516971435238472e-02, 3.979859744965770219e-01
4.311400083281828888e-01, 9.438716607166597328e-02, 7.584631681376265144e-02, 3.986265087863884449e-01
4.310488235152181713e-01, 9.405700084230680935e-02, 7.562870088081699582e-02, 3.992654747616581346e-01
4.309561925909441982e-01, 9.372861713326209598e-02, 7.541232169937230057e-02, 3.999028685764213775e-01
4.308621210151482028e-01, 9.340201351606207403e-02, 7.519717902628104966e-02, 4.005386864425086180e-01
4.307666142579336666e-01, 9.307718852127196130e-02, 7.498327259173102888e-02, 4.011729246290633433e-01
4.306696777993078706e-01, 9.275414063904746653e-02, 7.477060209958488746e-02, 4.018055794620596366e-01
4.305713171287729457e-01, 9.243286831969028949e-02, 7.455916722772064353e-02, 4.024366473238161768e-01
4.304715377449189750e-01, 9.211336997420176143e-02, 7.434896762837145401e-02, 4.030661246525078512e-01
4.303703451550214831e-01, 9.179564397483713778e-02, 7.414000292846613382e-02, 4.036940079416752591e-01
4.302677448746408673e-01, 9.147968865565760110e-02, 7.393227272996925892e-02, 4.043202937397321617e-01
4.301637424272258814e-01, 9.116550231308219454e-02, 7.372577661022169937e-02, 4.049449786494702663e-01
4.300583433437191183e-01, 9.085308320643853408e-02, 7.352051412228063909e-02, 4.055680593275618473e-01
4.299515531621668218e-01, 9.054242955851225794e-02, 7.331648479525987305e-02, 4.061895324840610888e-01
4.298433774273312524e-01, 9.023353955609561550e-02, 7.311368813467004901e-02, 4.068093948819032080e-01
4.297338216903064390e-01, 8.992641135053489054e-02, 7.291212362275824310e-02, 4.074276433364004690e-01
4.296228915081369282e-01, 8.962104305827627015e-02, 7.271179071884786849e-02, 4.080442747147388638e-01
4.295105924434401978e-01, 8.931743276141086707e-02, 7.251268885967801503e-02, 4.086592859354709617e-01
4.293969300640316789e-01, 8.901557850821806284e-02, 7.231481745974258080e-02, 4.092726739680077608e-01
4.292819099425534968e-01, 8.871547831370756032e-02, 7.211817591162926477e-02, 4.098844358321095949e-01
4.291655376561068214e-01, 8.841713016016010396e-02, 7.192276358635787958e-02, 4.104945685973749869e-01
4.290478187858869363e-01, 8.812053199766652078e-02, 7.172857983371841439e-02, 4.111030693827281146e-01
4.289287589168210291e-01, 8.782568174466530431e-02, 7.153562398260873700e-02, 4.117099353559047770e-01
4.288083636372116425e-01, 8.753257728847871344e-02, 7.134389534137164368e-02, 4.123151637329380836e-01
4.286866385383801270e-01, 8.724121648584681754e-02, 7.115339319813152041e-02, 4.129187517776415350e-01
4.285635892143167536e-01, 8.695159716346040346e-02, 7.096411682113050456e-02, 4.135206968010924355e-01
4.284392212613316042e-01, 8.666371711849168991e-02, 7.077606545906386937e-02, 4.141209961611128088e-01
4.283135402777104583e-01, 8.637757411912352912e-02, 7.058923834141496434e-02, 4.147196472617510898e-01
4.281865518633732326e-01, 8.609316590507665179e-02, 7.040363467878940629e-02, 4.153166475527607093e-01
4.280582616195361401e-01, 8.581049018813489970e-02, 7.021925366324859030e-02, 4.159119945290803422e-01
4.279286751483771800e-01, 8.552954465266902895e-02, 7.003609446864254851e-02, 4.165056857303111593e-01
4.277977980527052360e-01, 8.525032695615772371e-02, 6.985415625094208714e-02, 4.170977187401951336e-01
4.276656359356315051e-01, 8.497283472970743046e-02, 6.967343814856984119e-02, 4.176880911860912926e-01
4.275321944002467012e-01, 8.469706557856972184e-02, 6.949393928273096821e-02, 4.182768007384526920e-01
4.273974790492988118e-01, 8.442301708265659288e-02, 6.931565875774270413e-02, 4.188638451103017246e-01
4.272614954848770186e-01, 8.415068679705381416e-02, 6.913859566136291990e-02, 4.194492220567062613e-01
4.271242493080961711e-01, 8.388007225253171772e-02, 6.896274906511822012e-02, 4.200329293742539605e-01
4.269857461187875347e-01, 8.361117095605431759e-02, 6.878811802463066782e-02, 4.206149649005276325e-01
4.268459915151911477e-01, 8.334398039128573799e-02, 6.861470157994373209e-02, 4.211953265135794378e-01
4.267049910936523971e-01, 8.307849801909480969e-02, 6.844249875584730580e-02, 4.217740121314055290e-01
4.265627504483214816e-01, 8.281472127805675210e-02, 6.827150856220154385e-02, 4.223510197114201392e-01
4.264192751708574813e-01, 8.255264758495313437e-02, 6.810172999425966045e-02, 4.229263472499297793e-01
4.262745708501337050e-01, 8.229227433526911661e-02, 6.793316203298989386e-02, 4.234999927816072152e-01
4.261286430719493645e-01, 8.203359890368816520e-02, 6.776580364539609713e-02, 4.240719543789663315e-01
4.259814974187420833e-01, 8.177661864458482532e-02, 6.759965378483723253e-02, 4.246422301518358311e-01
4.258331394693055105e-01, 8.152133089251449583e-02, 6.743471139134593617e-02, 4.252108182468340991e-01
4.256835747985097118e-01, 8.126773296270099756e-02, 6.727097539194558384e-02, 4.257777168468437345e-01
4.255328089770251121e-01, 8.101582215152142163e-02, 6.710844470096645475e-02, 4.263429241704870254e-01
4.253808475710498804e-01, 8.076559573698875727e-02, 6.694711822036050752e-02, 4.269064384716007576e-01
4.252276961420409784e-01, 8.051705097923145260e-02, 6.678699484001490716e-02, 4.274682580387126341e-01
4.250733602464482064e-01, 8.027018512097072733e-02, 6.662807343806434468e-02, 4.280283811945167494e-01
4.249178454354520240e-01, 8.002499538799513756e-02, 6.647035288120198282e-02, 4.285868062953508417e-01
4.247611572547049796e-01, 7.978147898963257323e-02, 6.631383202498922214e-02, 4.291435317306733221e-01
4.246033012440756926e-01, 7.953963311921921631e-02, 6.615850971416396831e-02, 4.296985559225409701e-01
4.244442829373977766e-01, 7.929945495456619531e-02, 6.600438478294778921e-02, 4.302518773250882389e-01
4.242841078622202611e-01, 7.906094165842343646e-02, 6.585145605535129565e-02, 4.308034944240050068e-01
4.241227815395631762e-01, 7.882409037894051729e-02, 6.569972234547855061e-02, 4.313534057360177698e-01
4.239603094836756902e-01, 7.858889825012489727e-02, 6.554918245782982711e-02, 4.319016098083696686e-01
4.237966972017972456e-01, 7.835536239229747013e-02, 6.539983518760292269e-02, 4.324481052183024032e-01
4.236319501939234122e-01, 7.812347991254513235e-02, 6.525167932099316948e-02, 4.329928905725383137e-01
4.234660739525736850e-01, 7.789324790517042352e-02, 6.510471363549195922e-02, 4.335359645067640155e-01
4.232990739625632770e-01, 7.766466345213854372e-02, 6.495893690018340882e-02, 4.340773256851146455e-01
4.231309557007790212e-01, 7.743772362352148442e-02, 6.481434787604029024e-02, 4.346169727996591070e-01
4.229617246359569371e-01, 7.721242547793902289e-02, 6.467094531621755960e-02, 4.351549045698865914e-01
4.227913862284645163e-01, 7.698876606299705216e-02, 6.452872796634488706e-02, 4.356911197421936000e-01
4.226199459300859496e-01, 7.676674241572280233e-02, 6.438769456481770181e-02, 4.362256170893734630e-01
4.224474091838108514e-01, 7.654635156299730014e-02, 6.424784384308629415e-02, 4.367583954101056376e-01
4.222737814236256493e-01, 7.632759052198476168e-02, 6.410917452594350197e-02, 4.372894535284461148e-01
4.220990680743089696e-01, 7.611045630055911226e-02, 6.397168533181103733e-02, 4.378187902933209363e-01
4.219232745512302429e-01, 7.589494589772727284e-02, 6.383537497302364805e-02, 4.383464045780188778e-01
4.217464062601511410e-01, 7.568105630404987905e-02, 6.370024215611236329e-02, 4.388722952796866306e-01
4.215684685970307877e-01, 7.546878450205848909e-02, 6.356628558208550495e-02, 4.393964613188251489e-01
4.213894669478339683e-01, 7.525812746667016884e-02, 6.343350394670839443e-02, 4.399189016387874407e-01
4.212094066883426136e-01, 7.504908216559903755e-02, 6.330189594078114435e-02, 4.404396152052773017e-01
4.210282931839703924e-01, 7.484164555976435818e-02, 6.317146025041510404e-02, 4.409586010058501593e-01
4.208461317895811904e-01, 7.463581460369610177e-02, 6.304219555730727897e-02, 4.414758580494153595e-01
4.206629278493097535e-01, 7.443158624593719519e-02, 6.291410053901325128e-02, 4.419913853657398417e-01
4.204786866963863279e-01, 7.422895742944253528e-02, 6.278717386921840726e-02, 4.425051820049526463e-01
4.202934136529639653e-01, 7.402792509197535231e-02, 6.266141421800736078e-02, 4.430172470370533633e-01
4.201071140299496021e-01, 7.382848616650010409e-02, 6.253682025213153084e-02, 4.435275795514186936e-01
4.199197931268378592e-01, 7.363063758157259442e-02, 6.241339063527546333e-02, 4.440361786563141733e-01
4.197314562315476727e-01, 7.343437626172658050e-02, 6.229112402832059220e-02, 4.445430434784051754e-01
4.195421086202627547e-01, 7.323969912785786851e-02, 6.217001908960816808e-02, 4.450481731622711323e-01
4.193517555572752187e-01, 7.304660309760456494e-02, 6.205007447519973740e-02, 4.455515668699205345e-01
4.191604022948309249e-01, 7.285508508572498265e-02, 6.193128883913612270e-02, 4.460532237803079836e-01
4.189680540729797675e-01, 7.266514200447181382e-02, 6.181366083369466136e-02, 4.465531430888537434e-01
4.187747161194277923e-01, 7.247677076396363827e-02, 6.169718910964443193e-02, 4.470513240069641236e-01
4.185803936493928679e-01, 7.228996827255286528e-02, 6.158187231649994015e-02, 4.475477657615543059e-01
4.183850918654631323e-01, 7.210473143719099698e-02, 6.146770910277288280e-02, 4.480424675945729462e-01
4.181888159574586039e-01, 7.192105716379039448e-02, 6.135469811622209363e-02, 4.485354287625289427e-01
