5.075893349232968310e-01, 5.991270540055675109e-02, 5.741513504760955428e-02, 3.750828246285368706e-01
5.068137246280682850e-01, 6.002441412967538664e-02, 5.751828438517118947e-02, 3.756435768570850486e-01
5.060360731061270823e-01, 6.013739535580191892e-02, 5.762272078712307039e-02, 3.762038107509478868e-01
5.052563864457984000e-01, 6.025165217570901954e-02, 5.772844788636029290e-02, 3.767635134921322737e-01
5.044746707735463520e-01, 6.036718768959924847e-02, 5.783546932372368027e-02, 3.773226722131307054e-01
5.036909322544519396e-01, 6.048400500080152592e-02, 5.794378874770311078e-02, 3.778812739970434098e-01
5.029051770926923348e-01, 6.060210721546497453e-02, 5.805340981413772278e-02, 3.784393058777050234e-01
5.021174115320180542e-01, 6.072149744224916018e-02, 5.816433618591212301e-02, 3.789967548398207042e-01
5.013276418562332415e-01, 6.084217879201139767e-02, 5.827657153264928502e-02, 3.795536078191060758e-01
5.005358743896735074e-01, 6.096415437749096167e-02, 5.839011953039989489e-02, 3.801098517024355528e-01
4.997421154976857682e-01, 6.108742731298982820e-02, 5.850498386132788053e-02, 3.806654733279965508e-01
4.989463715871061411e-01, 6.121200071405061283e-02, 5.862116821339259654e-02, 3.812204594854506912e-01
4.981486491067397826e-01, 6.133787769713108795e-02, 5.873867628002728269e-02, 3.817747969161018329e-01
4.973489545478392837e-01, 6.146506137927568170e-02, 5.885751175981400463e-02, 3.823284723130710439e-01
4.965472944445829540e-01, 6.159355487778368776e-02, 5.897767835615481957e-02, 3.828814723214783999e-01
4.957436753745537161e-01, 6.172336130987460950e-02, 5.909917977693968094e-02, 3.834337835386320559e-01
4.949381039592165021e-01, 6.185448379234974314e-02, 5.922201973421016563e-02, 3.839853925142236446e-01
4.941305868643962040e-01, 6.198692544125134624e-02, 5.934620194382014824e-02, 3.845362857505323917e-01
4.933211308007547924e-01, 6.212068937151800363e-02, 5.947173012509245071e-02, 3.850864497026347810e-01
4.925097425242680460e-01, 6.225577869663728031e-02, 5.959860800047204338e-02, 3.856358707786226581e-01
4.916964288367017821e-01, 6.239219652829496032e-02, 5.972683929517562385e-02, 3.861845353398276615e-01
4.908811965860869209e-01, 6.252994597602135052e-02, 5.985642773683740037e-02, 3.867324297010543699e-01
4.900640526671948272e-01, 6.266903014683417039e-02, 5.998737705515137103e-02, 3.872795401308196661e-01
4.892450040220108765e-01, 6.280945214487844430e-02, 6.011969098150990454e-02, 3.878258528516007608e-01
4.884240576402081313e-01, 6.295121507106347936e-02, 6.025337324863872662e-02, 3.883713540400896558e-01
4.876012205596191862e-01, 6.309432202269629753e-02, 6.038842759022818030e-02, 3.889160298274563221e-01
4.867764998667077347e-01, 6.323877609311218118e-02, 6.052485774056088480e-02, 3.894598662996192617e-01
4.859499026970389157e-01, 6.338458037130223488e-02, 6.066266743413587653e-02, 3.900028494975229520e-01
4.851214362357483267e-01, 6.353173794153747778e-02, 6.080186040528876013e-02, 3.905449654174255048e-01
4.842911077180100388e-01, 6.368025188299018813e-02, 6.094244038780861905e-02, 3.910862000111910985e-01
4.834589244295037780e-01, 6.383012526935195885e-02, 6.108441111455104738e-02, 3.916265391865932921e-01
4.826248937068794986e-01, 6.398136116844876931e-02, 6.122777631704762885e-02, 3.921659688076242767e-01
4.817890229382220113e-01, 6.413396264185300399e-02, 6.137253972511175215e-02, 3.927044746948132881e-01
4.809513195635135574e-01, 6.428793274449223771e-02, 6.151870506644088049e-02, 3.932420426255531787e-01
4.801117910750947182e-01, 6.444327452425531455e-02, 6.166627606621506719e-02, 3.937786583344347613e-01
4.792704450181233256e-01, 6.459999102159498519e-02, 6.181525644669192548e-02, 3.943143075135897013e-01
4.784272889910325399e-01, 6.475808526912789354e-02, 6.196564992679805955e-02, 3.948489758130416249e-01
4.775823306459864304e-01, 6.491756029123131599e-02, 6.211746022171676235e-02, 3.953826488410654982e-01
4.767355776893346109e-01, 6.507841910363713900e-02, 6.227069104247236198e-02, 3.959153121645558882e-01
4.758870378820633240e-01, 6.524066471302253367e-02, 6.242534609551050884e-02, 3.964469513094034947e-01
4.750367190402465800e-01, 6.540430011659809084e-02, 6.258142908227558310e-02, 3.969775517608798432e-01
4.741846290354924665e-01, 6.556932830169259763e-02, 6.273894369878378618e-02, 3.975070989640311359e-01
4.733307757953905681e-01, 6.573575224533523276e-02, 6.289789363519332488e-02, 3.980355783240808187e-01
4.724751673039543909e-01, 6.590357491383465327e-02, 6.305828257537073045e-02, 3.985629752068400866e-01
4.716178116020630084e-01, 6.607279926235540279e-02, 6.322011419645365282e-02, 3.990892749391279359e-01
4.707587167878988788e-01, 6.624342823449111406e-02, 6.338339216841019919e-02, 3.996144628091997664e-01
4.698978910173851054e-01, 6.641546476183519954e-02, 6.354812015359483091e-02, 4.001385240671848642e-01
4.690353425046180913e-01, 6.658891176354866936e-02, 6.371430180630079099e-02, 4.006614439255324900e-01
4.681710795222984722e-01, 6.676377214592495168e-02, 6.388194077230878454e-02, 4.011832075594677915e-01
4.673051104021594404e-01, 6.694004880195218721e-02, 6.405104068843274490e-02, 4.017038001074555442e-01
4.664374435353920711e-01, 6.711774461087265109e-02, 6.422160518206164459e-02, 4.022232066716736609e-01
4.655680873730664304e-01, 6.729686243773939924e-02, 6.439363787069812828e-02, 4.027414123184960282e-01
4.646970504265521273e-01, 6.747740513297027787e-02, 6.456714236149382891e-02, 4.032584020789837242e-01
4.638243412679334265e-01, 6.765937553189940723e-02, 6.474212225078118665e-02, 4.037741609493860073e-01
4.629499685304218626e-01, 6.784277645432576498e-02, 6.491858112360188171e-02, 4.042886738916504075e-01
4.620739409087666338e-01, 6.802761070405925758e-02, 6.509652255323218617e-02, 4.048019258339417559e-01
4.611962671596596675e-01, 6.821388106846437704e-02, 6.527595010070480486e-02, 4.053139016711712062e-01
4.603169561021382972e-01, 6.840159031800090161e-02, 6.545686731432723282e-02, 4.058245862655334713e-01
4.594360166179846106e-01, 6.859074120576254263e-02, 6.563927772919750381e-02, 4.063339644470553291e-01
4.585534576521202443e-01, 6.878133646701278803e-02, 6.582318486671601132e-02, 4.068420210141511228e-01
4.576692882129976825e-01, 6.897337881871833110e-02, 6.600859223409458187e-02, 4.073487407341893629e-01
4.567835173729886122e-01, 6.916687095908023719e-02, 6.619550332386232860e-02, 4.078541083440688775e-01
4.558961542687660073e-01, 6.936181556706248752e-02, 6.638392161336797992e-02, 4.083581085508035668e-01
4.550072081016851011e-01, 6.955821530191837188e-02, 6.657385056427965464e-02, 4.088607260321168724e-01
4.541166881381576426e-01, 6.975607280271436950e-02, 6.676529362208120932e-02, 4.093619454370468480e-01
4.532246037100232661e-01, 6.995539068785204539e-02, 6.695825421556554635e-02, 4.098617513865591699e-01
4.523309642149160315e-01, 7.015617155458724052e-02, 6.715273575632506320e-02, 4.103601284741716926e-01
4.514357791166266343e-01, 7.035841797854770763e-02, 6.734874163823915960e-02, 4.108570612665864430e-01
4.505390579454601752e-01, 7.056213251324781888e-02, 6.754627523695838631e-02, 4.113525343043337168e-01
4.496408102985883781e-01, 7.076731768960183022e-02, 6.774533990938619299e-02, 4.118465321024236681e-01
4.487410458403985336e-01, 7.097397601543467549e-02, 6.794593899315755359e-02, 4.123390391510092234e-01
4.478397743028364464e-01, 7.118210997499087311e-02, 6.814807580611480231e-02, 4.128300399160579337e-01
4.469370054857443875e-01, 7.139172202844137893e-02, 6.835175364578063850e-02, 4.133195188400335396e-01
4.460327492571949382e-01, 7.160281461138864878e-02, 6.855697578882848087e-02, 4.138074603425878628e-01
4.451270155538186168e-01, 7.181539013436941121e-02, 6.876374549055000451e-02, 4.142938488212619674e-01
4.442198143811262878e-01, 7.202945098235613575e-02, 6.897206598431991631e-02, 4.147786686521975907e-01
4.433111558138276287e-01, 7.224499951425625288e-02, 6.918194048105855143e-02, 4.152619041908575115e-01
4.424010499961418819e-01, 7.246203806240994472e-02, 6.939337216869131963e-02, 4.157435397727568538e-01
4.414895071421045536e-01, 7.268056893208585389e-02, 6.960636421160591725e-02, 4.162235597142036614e-01
4.405765375358681735e-01, 7.290059440097561294e-02, 6.982091975010717988e-02, 4.167019483130489643e-01
4.396621515319971696e-01, 7.312211671868630580e-02, 7.003704189986906248e-02, 4.171786898494475038e-01
4.387463595557559159e-01, 7.334513810623169427e-02, 7.025473375138473198e-02, 4.176537685866275051e-01
4.378291721033931161e-01, 7.356966075552194562e-02, 7.047399836941396767e-02, 4.181271687716708874e-01
4.369105997424172494e-01, 7.379568682885161157e-02, 7.069483879242841051e-02, 4.185988746363027424e-01
4.359906531118675210e-01, 7.402321845838673309e-02, 7.091725803205467527e-02, 4.190688703976910845e-01
4.350693429225785946e-01, 7.425225774565014092e-02, 7.114125907251493686e-02, 4.195371402592564247e-01
4.341466799574376090e-01, 7.448280676100571540e-02, 7.136684487006589306e-02, 4.200036684114908936e-01
4.332226750716362540e-01, 7.471486754314145273e-02, 7.159401835243518752e-02, 4.204684390327870780e-01
4.322973391929147979e-01, 7.494844209855139328e-02, 7.182278241825613974e-02, 4.209314362902776274e-01
4.313706833218004522e-01, 7.518353240101631474e-02, 7.205313993650031001e-02, 4.213926443406830757e-01
4.304427185318378535e-01, 7.542014039108356493e-02, 7.228509374590846859e-02, 4.218520473311700991e-01
4.295134559698137178e-01, 7.565826797554597860e-02, 7.251864665441926094e-02, 4.223096294002210427e-01
4.285829068559737776e-01, 7.589791702691954522e-02, 7.275380143859654092e-02, 4.227653746785099975e-01
4.276510824842324476e-01, 7.613908938292077155e-02, 7.299056084305480252e-02, 4.232192672897919228e-01
4.267179942223753852e-01, 7.638178684594285062e-02, 7.322892757988291867e-02, 4.236712913517989287e-01
4.257836535122550559e-01, 7.662601118253133115e-02, 7.346890432806647830e-02, 4.241214309771472180e-01
4.248480718699779723e-01, 7.687176412285919025e-02, 7.371049373290847195e-02, 4.245696702742542961e-01
4.239112608860854392e-01, 7.711904736020128159e-02, 7.395369840544852025e-02, 4.250159933482647312e-01
4.229732322257254151e-01, 7.736786255040806193e-02, 7.419852092188079784e-02, 4.254603843019856835e-01
4.220339976288176032e-01, 7.761821131137962293e-02, 7.444496382297062509e-02, 4.259028272368321488e-01
4.210935689102099921e-01, 7.787009522253836302e-02, 7.469302961346982461e-02, 4.263433062537819174e-01
4.201519579598274601e-01, 7.812351582430224206e-02, 7.494272076153099538e-02, 4.267818054543394690e-01
4.192091767428127169e-01, 7.837847461755748091e-02, 7.519403969812042676e-02, 4.272183089415094170e-01
4.182652372996585877e-01, 7.863497306313113611e-02, 7.544698881643040200e-02, 4.276528008207798326e-01
4.173201517463319132e-01, 7.889301258126361904e-02, 7.570157047129022487e-02, 4.280852652011143400e-01
4.163739322743894022e-01, 7.915259455108138165e-02, 7.595778697857645534e-02, 4.285156861959527608e-01
4.154265911510847120e-01, 7.941372031006957433e-02, 7.621564061462257622e-02, 4.289440479242230819e-01
4.144781407194670919e-01, 7.967639115354510637e-02, 7.647513361562764678e-02, 4.293703345113601411e-01
4.135285933984705342e-01, 7.994060833412949818e-02, 7.673626817706459546e-02, 4.297945300903353028e-01
4.125779616829957641e-01, 8.020637306122273269e-02, 7.699904645308768003e-02, 4.302166188026937399e-01
4.116262581439811830e-01, 8.047368650047699579e-02, 7.726347055593982271e-02, 4.306365847996018736e-01
4.106734954284664840e-01, 8.074254977327131877e-02, 7.752954255535922379e-02, 4.310544122429030289e-01
4.097196862596462208e-01, 8.101296395618638735e-02, 7.779726447798598898e-02, 4.314700853061814168e-01
4.087648434369144934e-01, 8.128493008048066903e-02, 7.806663830676840998e-02, 4.318835881758364970e-01
4.078089798358998652e-01, 8.155844913156652665e-02, 7.833766598036903672e-02, 4.322949050521645020e-01
4.068521084084921191e-01, 8.183352204848787226e-02, 7.861034939257083298e-02, 4.327040201504492867e-01
4.058942421828570790e-01, 8.211014972339845952e-02, 7.888469039168335972e-02, 4.331109177020611711e-01
4.049353942634447145e-01, 8.238833300104102253e-02, 7.916069077994911107e-02, 4.335155819555652768e-01
4.039755778309850887e-01, 8.266807267822792737e-02, 7.943835231295005850e-02, 4.339179971778368561e-01
4.030148061424761452e-01, 8.294936950332293391e-02, 7.971767669901468067e-02, 4.343181476551862819e-01
4.020530925311605053e-01, 8.323222417572385956e-02, 7.999866559862488236e-02, 4.347160176944908083e-01
4.010904504064927711e-01, 8.351663734534715833e-02, 8.028132062382430101e-02, 4.351115916243358250e-01
4.001268932540968937e-01, 8.380260961211376258e-02, 8.056564333762640528e-02, 4.355048537961631605e-01
3.991624346357124375e-01, 8.409014152543640985e-02, 8.085163525342370372e-02, 4.358957885854274905e-01
3.981970881891322978e-01, 8.437923358370877369e-02, 8.113929783439785548e-02, 4.362843803927611286e-01
3.972308676281280926e-01, 8.466988623379635703e-02, 8.142863249293033623e-02, 4.366706136451451448e-01
3.962637867423663418e-01, 8.496209987052916190e-02, 8.171964059001424197e-02, 4.370544727970902543e-01
3.952958593973138202e-01, 8.525587483619624651e-02, 8.201232343466738350e-02, 4.374359423318225359e-01
3.943270995341319751e-01, 8.555121142004261381e-02, 8.230668228334636627e-02, 4.378150067624790864e-01
3.933575211695612972e-01, 8.584810985776797354e-02, 8.260271833936196073e-02, 4.381916506333088379e-01
3.923871383957940329e-01, 8.614657033102786354e-02, 8.290043275229612429e-02, 4.385658585208820348e-01
3.914159653803369610e-01, 8.644659296693708861e-02, 8.319982661742020280e-02, 4.389376150353057615e-01
3.904440163658623453e-01, 8.674817783757557410e-02, 8.350090097511493614e-02, 4.393069048214472416e-01
3.894713056700482845e-01, 8.705132495949688409e-02, 8.380365681029217084e-02, 4.396737125601627438e-01
3.884978476854082929e-01, 8.735603429323918201e-02, 8.410809505181839063e-02, 4.400380229695342038e-01
3.875236568791087244e-01, 8.766230574283923049e-02, 8.441421657194007888e-02, 4.403998208061119524e-01
3.865487477927761484e-01, 8.797013915534881989e-02, 8.472202218571135701e-02, 4.407590908661637163e-01
3.855731350422921810e-01, 8.827953432035448578e-02, 8.503151265042345475e-02, 4.411158179869298923e-01
3.845968333175778242e-01, 8.859049096950026569e-02, 8.534268866503662287e-02, 4.414699870478853705e-01
3.836198573823659808e-01, 8.890300877601328700e-02, 8.565555086961444686e-02, 4.418215829720062438e-01
3.826422220739624236e-01, 8.921708735423308778e-02, 8.597009984476051969e-02, 4.421705907270440661e-01
3.816639423029948297e-01, 8.953272625914374117e-02, 8.628633611105773760e-02, 4.425169953268036638e-01
3.806850330531512672e-01, 8.984992498591011512e-02, 8.660426012851049626e-02, 4.428607818324282186e-01
3.797055093809050819e-01, 9.016868296941690786e-02, 8.692387229598919074e-02, 4.432019353536887363e-01
3.787253864152299587e-01, 9.048899958381208253e-02, 8.724517295067829581e-02, 4.435404410502796768e-01
3.777446793573018824e-01, 9.081087414205371577e-02, 8.756816236752686111e-02, 4.438762841331176934e-01
3.767634034801891074e-01, 9.113430589546066274e-02, 8.789284075870266999e-02, 4.442094498656476986e-01
3.757815741285314148e-01, 9.145929403326732987e-02, 8.821920827304935431e-02, 4.445399235651518732e-01
3.747992067182057130e-01, 9.178583768218291639e-02, 8.854726499554710362e-02, 4.448676906040643919e-01
3.738163167359804251e-01, 9.211393590595390313e-02, 8.887701094677651070e-02, 4.451927364112890917e-01
3.728329197391583860e-01, 9.244358770493185662e-02, 8.920844608238651108e-02, 4.455150464735232463e-01
3.718490313552058057e-01, 9.277479201564514666e-02, 8.954157029256577804e-02, 4.458346063365833389e-01
3.708646672813704082e-01, 9.310754771037514643e-02, 8.987638340151786476e-02, 4.461514016067366639e-01
3.698798432842870798e-01, 9.344185359673723434e-02, 9.021288516694075943e-02, 4.464654179520348709e-01
3.688945751995711952e-01, 9.377770841726672246e-02, 9.055107527950992385e-02, 4.467766411036522278e-01
3.679088789313987307e-01, 9.411511084900885116e-02, 9.089095336236600875e-02, 4.470850568572262707e-01
3.669227704520756639e-01, 9.445405950311487608e-02, 9.123251897060666304e-02, 4.473906510742027831e-01
3.659362658015929415e-01, 9.479455292444215198e-02, 9.157577159078288120e-02, 4.476934096831818866e-01
3.649493810871711763e-01, 9.513658959116010061e-02, 9.192071064039981920e-02, 4.479933186812688484e-01
3.639621324827906346e-01, 9.548016791436107764e-02, 9.226733546742252323e-02, 4.482903641354256674e-01
3.629745362287107313e-01, 9.582528623767670728e-02, 9.261564534978594665e-02, 4.485845321838266009e-01
3.619866086309754816e-01, 9.617194283689987910e-02, 9.296563949491051804e-02, 4.488758090372140797e-01
3.609983660609075162e-01, 9.652013591961196293e-02, 9.331731703922231669e-02, 4.491641809802582319e-01
3.600098249545882756e-01, 9.686986362481618540e-02, 9.367067704767850778e-02, 4.494496343729170174e-01
3.590210018123271007e-01, 9.722112402257644670e-02, 9.402571851329813435e-02, 4.497321556517983598e-01
3.580319131981163916e-01, 9.757391511366216019e-02, 9.438244035669843268e-02, 4.500117313315229461e-01
3.570425757390749966e-01, 9.792823482919918443e-02, 9.474084142563607425e-02, 4.502883480060896892e-01
3.560530061248786682e-01, 9.828408103032687526e-02, 9.510092049455479146e-02, 4.505619923502395818e-01
3.550632211071777511e-01, 9.864145150786125804e-02, 9.546267626413833252e-02, 4.508326511208227139e-01
3.540732374990022691e-01, 9.900034398196462526e-02, 9.582610736086928649e-02, 4.511003111581636804e-01
3.530830721741547995e-01, 9.936075610182154572e-02, 9.619121233659425063e-02, 4.513649593874293209e-01
3.520927420665903029e-01, 9.972268544532139622e-02, 9.655798966809468753e-02, 4.516265828199936272e-01
3.511022641697829072e-01, 1.000861295187476657e-01, 9.692643775666412442e-02, 4.518851685548053720e-01
3.501116555360810900e-01, 1.004510857564738235e-01, 9.729655492769198610e-02, 4.521407037797532391e-01
3.491209332760494277e-01, 1.008175515206662098e-01, 9.766833943025350628e-02, 4.523931757730308978e-01
3.481301145577981315e-01, 1.011855241009937123e-01, 9.804178943670648072e-02, 4.526425719045015228e-01
3.471392166062999274e-01, 1.015550007143446870e-01, 9.841690304229482045e-02, 4.528888796370604819e-01
3.461482567026936685e-01, 1.019259785045509292e-01, 9.879367826475854431e-02, 4.531320865279969134e-01
3.451572521835765683e-01, 1.022984545421188746e-01, 9.917211304395087690e-02, 4.533721802303538051e-01
3.441662204402833880e-01, 1.026724258239682108e-01, 9.955220524146275729e-02, 4.536091484942857410e-01
3.431751789181526346e-01, 1.030478892731780532e-01, 9.993395264025393965e-02, 4.538429791684153169e-01
3.421841451157811576e-01, 1.034248417387405444e-01, 1.003173529442918932e-01, 4.540736602011864465e-01
3.411931365842655328e-01, 1.038032799953218510e-01, 1.007024037781977521e-01, 4.543011796422148363e-01
3.402021709264314575e-01, 1.041832007430315843e-01, 1.010891026868999260e-01, 4.545255256436369629e-01
3.392112657960509314e-01, 1.045646006071994788e-01, 1.014774471352953844e-01, 4.547466864614542192e-01
3.382204388970464493e-01, 1.049474761381600646e-01, 1.018674345079185195e-01, 4.549646504568749528e-01
3.372297079826835908e-01, 1.053318238110458466e-01, 1.022590621086180152e-01, 4.551794060976526168e-01
3.362390908547511215e-01, 1.057176400255879084e-01, 1.026523271602416965e-01, 4.553909419594192598e-01
3.352486053627290463e-01, 1.061049211059253150e-01, 1.030472268043294559e-01, 4.555992467270161828e-01
3.342582694029440082e-01, 1.064936633004224947e-01, 1.034437581008140206e-01, 4.558043091958193793e-01
3.332681009177136389e-01, 1.068838627814951564e-01, 1.038419180277305592e-01, 4.560061182730607565e-01
3.322781178944777536e-01, 1.072755156454446718e-01, 1.042417034809343251e-01, 4.562046629791433605e-01
3.312883383649182223e-01, 1.076686179123008819e-01, 1.046431112738269442e-01, 4.563999324489539933e-01
3.302987804040673492e-01, 1.080631655256739099e-01, 1.050461381370912245e-01, 4.565919159331675026e-01
3.293094621294036517e-01, 1.084591543526142315e-01, 1.054507807184349166e-01, 4.567806027995472973e-01
3.283204016999360930e-01, 1.088565801834820435e-01, 1.058570355823427456e-01, 4.569659825342392012e-01
3.273316173152771569e-01, 1.092554387318251524e-01, 1.062648992098380596e-01, 4.571480447430596450e-01
3.263431272147042095e-01, 1.096557256342660935e-01, 1.066743679982530973e-01, 4.573267791527765858e-01
3.253549496762085380e-01, 1.100574364503983521e-01, 1.070854382610083588e-01, 4.575021756123848760e-01
3.243671030155342305e-01, 1.104605666626913285e-01, 1.074981062274014271e-01, 4.576742240943731943e-01
3.233796055852047879e-01, 1.108651116764049760e-01, 1.079123680424048243e-01, 4.578429146959853147e-01
3.223924757735395774e-01, 1.112710668195136532e-01, 1.083282197664736241e-01, 4.580082376404731592e-01
3.214057320036575738e-01, 1.116784273426390389e-01, 1.087456573753621258e-01, 4.581701832783413031e-01
3.204193927324715530e-01, 1.120871884189928863e-01, 1.091646767599505075e-01, 4.583287420885850949e-01
3.194334764496708501e-01, 1.124973451443288253e-01, 1.095852737260810950e-01, 4.584839046799191187e-01
3.184480016766931820e-01, 1.129088925369043928e-01, 1.100074439944042359e-01, 4.586356617919982726e-01
3.174629869656857006e-01, 1.133218255374517786e-01, 1.104311832002342897e-01, 4.587840042966282450e-01
3.164784508984560540e-01, 1.137361390091594926e-01, 1.108564868934152209e-01, 4.589289231989693296e-01
3.154944120854120126e-01, 1.141518277376624702e-01, 1.112833505381966293e-01, 4.590704096387289712e-01
3.145108891644918803e-01, 1.145688864310430710e-01, 1.117117695131197158e-01, 4.592084548913454300e-01
3.135279008000836920e-01, 1.149873097198414323e-01, 1.121417391109133382e-01, 4.593430503691616207e-01
3.125454656819349752e-01, 1.154070921570758274e-01, 1.125732545384007383e-01, 4.594741876225886257e-01
3.115636025240520190e-01, 1.158282282182730577e-01, 1.130063109164158031e-01, 4.596018583412589953e-01
3.105823300635898176e-01, 1.162507123015093652e-01, 1.134409032797311645e-01, 4.597260543551695555e-01
3.096016670597321330e-01, 1.166745387274603224e-01, 1.138770265769950968e-01, 4.598467676358124478e-01
3.086216322925614541e-01, 1.170997017394620615e-01, 1.143146756706803352e-01, 4.599639902972961769e-01
3.076422445619204082e-01, 1.175261955035822869e-01, 1.147538453370432199e-01, 4.600777145974541127e-01
3.066635226862636232e-01, 1.179540141087009886e-01, 1.151945302660929843e-01, 4.601879329389424456e-01
3.056854855014998207e-01, 1.183831515666025624e-01, 1.156367250615725345e-01, 4.602946378703250963e-01
3.047081518598259153e-01, 1.188136018120771326e-01, 1.160804242409498033e-01, 4.603978220871471350e-01
3.037315406285518438e-01, 1.192453587030331136e-01, 1.165256222354199012e-01, 4.604974784329950999e-01
3.027556706889160121e-01, 1.196784160206196962e-01, 1.169723133899185780e-01, 4.605935999005456027e-01
3.017805609348939710e-01, 1.201127674693599351e-01, 1.174204919631463701e-01, 4.606861796325998348e-01
3.008062302719967107e-01, 1.205484066772942592e-01, 1.178701521276038500e-01, 4.607752109231053050e-01
2.998326976160624047e-01, 1.209853271961346399e-01, 1.183212879696383668e-01, 4.608606872181644776e-01
2.988599818920394391e-01, 1.214235225014292929e-01, 1.187738934895017778e-01, 4.609426021170295318e-01
2.978881020327615037e-01, 1.218629859927375103e-01, 1.192279626014190047e-01, 4.610209493730819674e-01
2.969170769777151886e-01, 1.223037109938159284e-01, 1.196834891336687884e-01, 4.610957228948001085e-01
2.959469256718001984e-01, 1.227456907528144125e-01, 1.201404668286748245e-01, 4.611669167467105090e-01
2.949776670640824605e-01, 1.231889184424834471e-01, 1.205988893431090281e-01, 4.612345251503250365e-01
2.940093201065393513e-01, 1.236333871603917112e-01, 1.210587502480056366e-01, 4.612985424850634120e-01
2.930419037527984827e-01, 1.240790899291542709e-01, 1.215200430288870814e-01, 4.613589632891600956e-01
2.920754369568704378e-01, 1.245260196966718053e-01, 1.219827610859013506e-01, 4.614157822605564063e-01
2.911099386718733473e-01, 1.249741693363801698e-01, 1.224468977339707443e-01, 4.614689942577755999e-01
2.901454278487525795e-01, 1.254235316475108553e-01, 1.229124462029522885e-01, 4.615185943007844016e-01
2.891819234349933265e-01, 1.258740993553618126e-01, 1.233793996378094171e-01, 4.615645775718354438e-01
2.882194443733280265e-01, 1.263258651115798104e-01, 1.238477510987957969e-01, 4.616069394162962691e-01
2.872580096004374584e-01, 1.267788214944523262e-01, 1.243174935616502413e-01, 4.616456753434599047e-01
2.862976380456461190e-01, 1.272329610092110819e-01, 1.247886199178036976e-01, 4.616807810273391710e-01
2.853383486296128257e-01, 1.276882760883457923e-01, 1.252611229745973498e-01, 4.617122523074439489e-01
2.843801602630159353e-01, 1.281447590919287671e-01, 1.257349954555132265e-01, 4.617400851895421265e-01
2.834230918452335102e-01, 1.286024023079500589e-01, 1.262102300004154520e-01, 4.617642758464008956e-01
2.824671622630188228e-01, 1.290611979526635755e-01, 1.266868191658040155e-01, 4.617848206185135584e-01
2.815123903891714185e-01, 1.295211381709432674e-01, 1.271647554250799339e-01, 4.618017160148052969e-01
2.805587950812040710e-01, 1.299822150366507778e-01, 1.276440311688220031e-01, 4.618149587133231204e-01
2.796063951800050185e-01, 1.304444205530126966e-01, 1.281246387050754831e-01, 4.618245455619067741e-01
2.786552095084973146e-01, 1.309077466530092770e-01, 1.286065702596522198e-01, 4.618304735788410498e-01
2.777052568702938484e-01, 1.313721851997732282e-01, 1.290898179764428388e-01, 4.618327399534900568e-01
2.767565560483489784e-01, 1.318377279869991370e-01, 1.295743739177400988e-01, 4.618313420469116748e-01
2.758091258036075577e-01, 1.323043667393635214e-01, 1.300602300645743725e-01, 4.618262773924546316e-01
2.748629848736504067e-01, 1.327720931129551252e-01, 1.305473783170605362e-01, 4.618175436963340430e-01
2.739181519713373980e-01, 1.332408986957156760e-01, 1.310358104947567659e-01, 4.618051388381901323e-01
2.729746457834483220e-01, 1.337107750078913859e-01, 1.315255183370345748e-01, 4.617890608716256895e-01
2.720324849693207536e-01, 1.341817135024943597e-01, 1.320164935034606746e-01, 4.617693080247243231e-01
2.710916881594865879e-01, 1.346537055657742732e-01, 1.325087275741905490e-01, 4.617458787005486731e-01
2.701522739543063545e-01, 1.351267425177009041e-01, 1.330022120503732697e-01, 4.617187714776194163e-01
2.692142609226029770e-01, 1.356008156124561270e-01, 1.334969383545680510e-01, 4.616879851103727339e-01
2.682776676002927019e-01, 1.360759160389365952e-01, 1.339928978311722696e-01, 4.616535185295984056e-01
2.673425124890160820e-01, 1.365520349212662743e-01, 1.344900817468608345e-01, 4.616153708428569202e-01
2.664088140547679617e-01, 1.370291633193189695e-01, 1.349884812910369936e-01, 4.615735413348759919e-01
2.654765907265269620e-01, 1.375072922292511768e-01, 1.354880875762947134e-01, 4.615280294679272033e-01
2.645458608948839663e-01, 1.379864125840443434e-01, 1.359888916388919400e-01, 4.614788348821797781e-01
2.636166429106717723e-01, 1.384665152540575372e-01, 1.364908844392356824e-01, 4.614259573960350358e-01
2.626889550835937448e-01, 1.389475910475892750e-01, 1.369940568623779498e-01, 4.613693970064390304e-01
2.617628156808536888e-01, 1.394296307114497036e-01, 1.374983997185228735e-01, 4.613091538891737065e-01
2.608382429257859458e-01, 1.399126249315419956e-01, 1.380039037435451532e-01, 4.612452283991267388e-01
2.599152549964867664e-01, 1.403965643334535718e-01, 1.385105595995194394e-01, 4.611776210705402224e-01
2.589938700244462377e-01, 1.408814394830563699e-01, 1.390183578752605675e-01, 4.611063326172367693e-01
2.580741060931825426e-01, 1.413672408871173014e-01, 1.395272890868751725e-01, 4.610313639328248447e-01
2.571559812368774400e-01, 1.418539589939171175e-01, 1.400373436783234893e-01, 4.609527160908818422e-01
2.562395134390133555e-01, 1.423415841938793780e-01, 1.405485120219925887e-01, 4.608703903451145667e-01
2.553247206310130246e-01, 1.428301068202077195e-01, 1.410607844192800497e-01, 4.607843881294992894e-01
2.544116206908817457e-01, 1.433195171495329490e-01, 1.415741511011881226e-01, 4.606947110583970995e-01
2.535002314418518532e-01, 1.438098054025688244e-01, 1.420886022289288286e-01, 4.606013609266504938e-01
2.525905706510305215e-01, 1.443009617447763016e-01, 1.426041278945392732e-01, 4.605043397096538760e-01
2.516826560280505110e-01, 1.447929762870373005e-01, 1.431207181215073398e-01, 4.604036495634047377e-01
2.507765052237247438e-01, 1.452858390863364935e-01, 1.436383628654079314e-01, 4.602992928245309145e-01
2.498721358287035454e-01, 1.457795401464520579e-01, 1.441570520145491474e-01, 4.601912720102951937e-01
2.489695653721375745e-01, 1.462740694186548396e-01, 1.446767753906288423e-01, 4.600795898185787158e-01
2.480688113203431411e-01, 1.467694168024155088e-01, 1.451975227494010645e-01, 4.599642491278402301e-01
2.471698910754733247e-01, 1.472655721461207379e-01, 1.457192837813524600e-01, 4.598452529970534775e-01
2.462728219741931457e-01, 1.477625252477962892e-01, 1.462420481123885285e-01, 4.597226046656219811e-01
2.453776212863595652e-01, 1.482602658558397901e-01, 1.467658053045296784e-01, 4.595963075532710218e-01
2.444843062137071199e-01, 1.487587836697597254e-01, 1.472905448566167452e-01, 4.594663652599164094e-01
2.435928938885391359e-01, 1.492580683409234776e-01, 1.478162562050262252e-01, 4.593327815655111057e-01
2.427034013724239103e-01, 1.497581094733122231e-01, 1.483429287243947237e-01, 4.591955604298691984e-01
2.418158456548974433e-01, 1.502588966242839608e-01, 1.488705517283528956e-01, 4.590547059924656725e-01
2.409302436521722768e-01, 1.507604193053433128e-01, 1.493991144702683516e-01, 4.589102225722160311e-01
2.400466122058527718e-01, 1.512626669829195414e-01, 1.499286061439979723e-01, 4.587621146672296035e-01
2.391649680816567147e-01, 1.517656290791507268e-01, 1.504590158846486059e-01, 4.586103869545439249e-01
2.382853279681446668e-01, 1.522692949726754952e-01, 1.509903327693470909e-01, 4.584550442898326916e-01
2.374077084754554756e-01, 1.527736539994318798e-01, 1.515225458180189111e-01, 4.582960917070938445e-01
2.365321261340500303e-01, 1.532786954534622603e-01, 1.520556439941750104e-01, 4.581335344183126712e-01
2.356585973934624545e-01, 1.537844085877255740e-01, 1.525896162057076288e-01, 4.579673778131043704e-01
2.347871386210587386e-01, 1.542907826149157446e-01, 1.531244513056940482e-01, 4.577976274583315797e-01
2.339177661008042530e-01, 1.547978067082864395e-01, 1.536601380932082761e-01, 4.576242890977011424e-01
2.330504960320390617e-01, 1.553054700024819323e-01, 1.541966653141417509e-01, 4.574473686513372828e-01
2.321853445282621442e-01, 1.558137615943744336e-01, 1.547340216620306519e-01, 4.572668722153327425e-01
2.313223276159243336e-01, 1.563226705439069997e-01, 1.552721957788919249e-01, 4.570828060612767141e-01
2.304614612332302470e-01, 1.568321858749421038e-01, 1.558111762560665248e-01, 4.568951766357610689e-01
2.296027612289497921e-01, 1.573422965761161751e-01, 1.563509516350701789e-01, 4.567039905598637706e-01
2.287462433612388046e-01, 1.578529916016996604e-01, 1.568915104084513124e-01, 4.565092546286103059e-01
2.278919232964697617e-01, 1.583642598724615824e-01, 1.574328410206566609e-01, 4.563109758104120228e-01
2.270398166080723479e-01, 1.588760902765406213e-01, 1.579749318689031290e-01, 4.561091612464839296e-01
2.261899387753843471e-01, 1.593884716703199422e-01, 1.585177713040572534e-01, 4.559038182502384573e-01
2.253423051825124146e-01, 1.599013928793076855e-01, 1.590613476315208830e-01, 4.556949543066590169e-01
2.244969311172042015e-01, 1.604148426990216758e-01, 1.596056491121236875e-01, 4.554825770716504629e-01
2.236538317697309985e-01, 1.609288098958791269e-01, 1.601506639630217999e-01, 4.552666943713680747e-01
2.228130222317810660e-01, 1.614432832080902880e-01, 1.606963803586031470e-01, 4.550473142015255545e-01
2.219745174953650368e-01, 1.619582513465564755e-01, 1.612427864313982218e-01, 4.548244447266802104e-01
2.211383324517318671e-01, 1.624737029957724066e-01, 1.617898702729974880e-01, 4.545980942794982660e-01
2.203044818902971935e-01, 1.629896268147321137e-01, 1.623376199349738647e-01, 4.543682713599968004e-01
2.194729804975832921e-01, 1.635060114378384666e-01, 1.628860234298112886e-01, 4.541349846347669805e-01
2.186438428561705283e-01, 1.640228454758170251e-01, 1.634350687318384399e-01, 4.538982429361740900e-01
2.178170834436623793e-01, 1.645401175166321672e-01, 1.639847437781678796e-01, 4.536580552615375739e-01
2.169927166316617251e-01, 1.650578161264075194e-01, 1.645350364696399614e-01, 4.534144307722908773e-01
2.161707566847598794e-01, 1.655759298503485522e-01, 1.650859346717721554e-01, 4.531673787931194131e-01
2.153512177595395261e-01, 1.660944472136690331e-01, 1.656374262157126465e-01, 4.529169088110788777e-01
2.145341139035889799e-01, 1.666133567225192014e-01, 1.661894988991986233e-01, 4.526630304746931399e-01
2.137194590545313799e-01, 1.671326468649172448e-01, 1.667421404875193414e-01, 4.524057535930319784e-01
2.129072670390657895e-01, 1.676523061116828028e-01, 1.672953387144826554e-01, 4.521450881347686135e-01
2.120975515720227855e-01, 1.681723229173729406e-01, 1.678490812833861590e-01, 4.518810442272180872e-01
2.112903262554330641e-01, 1.686926857212198427e-01, 1.684033558679923215e-01, 4.516136321553547162e-01
2.104856045776108409e-01, 1.692133829480707008e-01, 1.689581501135064279e-01, 4.513428623608119472e-01
2.096833999122501846e-01, 1.697344030093292100e-01, 1.695134516375592093e-01, 4.510687454408614516e-01
2.088837255175363117e-01, 1.702557343038983706e-01, 1.700692480311919441e-01, 4.507912921473735124e-01
2.080865945352708413e-01, 1.707773652191250102e-01, 1.706255268598448060e-01, 4.505105133857594812e-01
2.072920199900119831e-01, 1.712992841317453052e-01, 1.711822756643485988e-01, 4.502264202138940297e-01
2.065000147882289361e-01, 1.718214794088315234e-01, 1.717394819619190993e-01, 4.499390238410204690e-01
2.057105917174711640e-01, 1.723439394087388776e-01, 1.722971332471534833e-01, 4.496483356266365305e-01
2.049237634455529089e-01, 1.728666524820541561e-01, 1.728552169930299143e-01, 4.493543670793630485e-01
2.041395425197523872e-01, 1.733896069725440470e-01, 1.734137206519089924e-01, 4.490571298557946012e-01
2.033579413660265289e-01, 1.739127912181041291e-01, 1.739726316565373965e-01, 4.487566357593320010e-01
2.025789722882407606e-01, 1.744361935517076967e-01, 1.745319374210529129e-01, 4.484528967389986298e-01
2.018026474674145809e-01, 1.749598023023549720e-01, 1.750916253419922131e-01, 4.481459248882382340e-01
2.010289789609825128e-01, 1.754836057960218187e-01, 1.756516827992987417e-01, 4.478357324436969544e-01
2.002579787020707103e-01, 1.760075923566082057e-01, 1.762120971573331307e-01, 4.475223317839880366e-01
1.994896584987895238e-01, 1.765317503068861149e-01, 1.767728557658838628e-01, 4.472057354284403874e-01
1.987240300335421650e-01, 1.770560679694467288e-01, 1.773339459611798508e-01, 4.468859560358311445e-01
1.979611048623490521e-01, 1.775805336676467006e-01, 1.778953550669023220e-01, 4.465630064031018698e-01
1.972008944141882270e-01, 1.781051357265534263e-01, 1.784570703951990356e-01, 4.462368994640592557e-01
1.964434099903527575e-01, 1.786298624738889285e-01, 1.790190792476973325e-01, 4.459076482880609538e-01
1.956886627638236564e-01, 1.791547022409727685e-01, 1.795813689165183802e-01, 4.455752660786851949e-01
1.949366637786597301e-01, 1.796796433636626555e-01, 1.801439266852910559e-01, 4.452397661723865863e-01
1.941874239494034426e-01, 1.802046741832941668e-01, 1.807067398301657191e-01, 4.449011620371365883e-01
1.934409540605041278e-01, 1.807297830476180811e-01, 1.812697956208277061e-01, 4.445594672710500572e-01
1.926972647657572146e-01, 1.812549583117354091e-01, 1.818330813215101316e-01, 4.442146956009971892e-01
1.919563665877604408e-01, 1.817801883390308959e-01, 1.823965841920063002e-01, 4.438668608812024186e-01
1.912182699173868572e-01, 1.823054615021033886e-01, 1.829602914886808152e-01, 4.435159770918289945e-01
1.904829850132751246e-01, 1.828307661836942599e-01, 1.835241904654800194e-01, 4.431620583375506239e-01
1.897505220013356586e-01, 1.833560907776125293e-01, 1.840882683749407167e-01, 4.428051188461109011e-01
1.890208908742753158e-01, 1.838814236896577636e-01, 1.846525124691982822e-01, 4.424451729668685274e-01
1.882941014911378164e-01, 1.844067533385390922e-01, 1.852169100009919966e-01, 4.420822351693310392e-01
1.875701635768618480e-01, 1.849320681567915292e-01, 1.857814482246696042e-01, 4.417163200416769908e-01
1.868490867218564888e-01, 1.854573565916892985e-01, 1.863461143971895384e-01, 4.413474422892647575e-01
1.861308803815932555e-01, 1.859826071061544683e-01, 1.869108957791207615e-01, 4.409756167331315702e-01
1.854155538762161104e-01, 1.865078081796631704e-01, 1.874757796356406880e-01, 4.406008583084799479e-01
1.847031163901681483e-01, 1.870329483091471845e-01, 1.880407532375305835e-01, 4.402231820631539727e-01
1.839935769718357705e-01, 1.875580160098916649e-01, 1.886058038621677702e-01, 4.398426031561047944e-01
1.832869445332099834e-01, 1.880829998164288419e-01, 1.891709187945158077e-01, 4.394591368558453670e-01
1.825832278495656824e-01, 1.886078882834275328e-01, 1.897360853281110094e-01, 4.390727985388956922e-01
1.818824355591574238e-01, 1.891326699865778782e-01, 1.903012907660462105e-01, 4.386836036882184597e-01
1.811845761629329865e-01, 1.896573335234716384e-01, 1.908665224219507905e-01, 4.382915678916446955e-01
1.804896580242644766e-01, 1.901818675144777426e-01, 1.914317676209676133e-01, 4.378967068402900842e-01
1.797976893686963895e-01, 1.907062606036132313e-01, 1.919970137007259159e-01, 4.374990363269644078e-01
1.791086782837112978e-01, 1.912305014594083974e-01, 1.925622480123106162e-01, 4.370985722445696608e-01
1.784226327185128025e-01, 1.917545787757676534e-01, 1.931274579212276798e-01, 4.366953305844918365e-01
1.777395604838258869e-01, 1.922784812728245418e-01, 1.936926308083646853e-01, 4.362893274349849415e-01
1.770594692517145907e-01, 1.928021976977910279e-01, 1.942577540709479467e-01, 4.358805789795463514e-01
1.763823665554170306e-01, 1.933257168258024905e-01, 1.948228151234948080e-01, 4.354691014952856154e-01
1.757082597891976572e-01, 1.938490274607551356e-01, 1.953878013987608020e-01, 4.350549113512864885e-01
1.750371562082167209e-01, 1.943721184361389409e-01, 1.959527003486828400e-01, 4.346380250069615259e-01
1.743690629284171401e-01, 1.948949786158641895e-01, 1.965174994453168789e-01, 4.342184590104016806e-01
1.737039869264287717e-01, 1.954175968950816467e-01, 1.970821861817707021e-01, 4.337962299967187962e-01
1.730419350394889755e-01, 1.959399622009970199e-01, 1.976467480731314563e-01, 4.333713546863824928e-01
1.723829139653815234e-01, 1.964620634936783961e-01, 1.982111726573876631e-01, 4.329438498835525007e-01
1.717269302623915528e-01, 1.969838897668574618e-01, 1.987754474963456530e-01, 4.325137324744054435e-01
1.710739903492782266e-01, 1.975054300487246728e-01, 1.993395601765408087e-01, 4.320810194254562919e-01
1.704241005052641311e-01, 1.980266734027167075e-01, 1.999034983101421747e-01, 4.316457277818769311e-01
1.697772668700412158e-01, 1.985476089282975642e-01, 2.004672495358518491e-01, 4.312078746658093986e-01
1.691334954437944127e-01, 1.990682257617328865e-01, 2.010308015197977416e-01, 4.307674772746750147e-01
1.684927920872414386e-01, 1.995885130768567106e-01, 2.015941419564200865e-01, 4.303245528794817920e-01
1.678551625216893051e-01, 2.001084600858314966e-01, 2.021572585693523771e-01, 4.298791188231269045e-01
1.672206123291079538e-01, 2.006280560399005819e-01, 2.027201391122944174e-01, 4.294311925186970469e-01
1.665891469522198520e-01, 2.011472902301332522e-01, 2.032827713698800720e-01, 4.289807914477668516e-01
1.659607716946065181e-01, 2.016661519881623177e-01, 2.038451431585374674e-01, 4.285279331586938079e-01
1.653354917208315622e-01, 2.021846306869143350e-01, 2.044072423273422534e-01, 4.280726352649118494e-01
1.647133120565794917e-01, 2.027027157413316127e-01, 2.049690567588645373e-01, 4.276149154432243860e-01
1.640942375888112537e-01, 2.032203966090866398e-01, 2.055305743700079069e-01, 4.271547914320941164e-01
1.634782730659358474e-01, 2.037376627912892424e-01, 2.060917831128416533e-01, 4.266922810299332292e-01
1.628654230979976192e-01, 2.042545038331842755e-01, 2.066526709754252789e-01, 4.262274020933927710e-01
1.622556921568800992e-01, 2.047709093248428203e-01, 2.072132259826260925e-01, 4.257601725356510713e-01
1.616490845765252149e-01, 2.052868689018440829e-01, 2.077734361969284238e-01, 4.252906103247023339e-01
1.610456045531683811e-01, 2.058023722459497717e-01, 2.083332897192358424e-01, 4.248187334816461158e-01
1.604452561455891879e-01, 2.063174090857693987e-01, 2.088927746896649673e-01, 4.243445600789763628e-01
1.598480432753778824e-01, 2.068319691974181695e-01, 2.094518792883319214e-01, 4.238681082388721655e-01
1.592539697272164767e-01, 2.073460424051649376e-01, 2.100105917361302921e-01, 4.233893961314882937e-01
1.586630391491763992e-01, 2.078596185820732467e-01, 2.105689002955011824e-01, 4.229084419732492273e-01
1.580752550530299394e-01, 2.083726876506323822e-01, 2.111267932711949624e-01, 4.224252640251426882e-01
1.574906208145776809e-01, 2.088852395833803444e-01, 2.116842590110249167e-01, 4.219398805910171135e-01
1.569091396739902555e-01, 2.093972644035178576e-01, 2.122412859066120372e-01, 4.214523100158798496e-01
1.563308147361656131e-01, 2.099087521855136917e-01, 2.127978623941218228e-01, 4.209625706841987891e-01
1.557556489710998082e-01, 2.104196930557007128e-01, 2.133539769549921417e-01, 4.204706810182072818e-01
1.551836452142734690e-01, 2.109300771928632745e-01, 2.139096181166526278e-01, 4.199766594762107119e-01
1.546148061670516438e-01, 2.114398948288155611e-01, 2.144647744532349465e-01, 4.194805245508977931e-01
1.540491343970987748e-01, 2.119491362489705211e-01, 2.150194345862750100e-01, 4.189822947676557496e-01
1.534866323388069387e-01, 2.124577917929000026e-01, 2.155735871854052021e-01, 4.184819886828878288e-01
1.529273022937385762e-01, 2.129658518548857571e-01, 2.161272209690386359e-01, 4.179796248823370863e-01
1.523711464310827657e-01, 2.134733068844602288e-01, 2.166803247050436976e-01, 4.174752219794133912e-01
1.518181667881251251e-01, 2.139801473869397674e-01, 2.172328872114096532e-01, 4.169687986135253710e-01
1.512683652707314252e-01, 2.144863639239468489e-01, 2.177848973569032620e-01, 4.164603734484185193e-01
1.507217436538441369e-01, 2.149919471139238314e-01, 2.183363440617154538e-01, 4.159499651705164114e-01
1.501783035819926893e-01, 2.154968876326371630e-01, 2.188872162980999569e-01, 4.154375924872702464e-01
1.496380465698159967e-01, 2.160011762136715696e-01, 2.194375030910007962e-01, 4.149232741255116097e-01
1.491009740025986963e-01, 2.165048036489158334e-01, 2.199871935186721583e-01, 4.144070288298132843e-01
1.485670871368195145e-01, 2.170077607890378846e-01, 2.205362767132872659e-01, 4.138888753608552240e-01
1.480363871007120691e-01, 2.175100385439510953e-01, 2.210847418615387860e-01, 4.133688324937980219e-01
1.475088748948384931e-01, 2.180116278832706644e-01, 2.216325782052288862e-01, 4.128469190166619840e-01
1.469845513926749947e-01, 2.185125198367604549e-01, 2.221797750418500472e-01, 4.123231537287144755e-01
1.464634173412092677e-01, 2.190127054947705043e-01, 2.227263217251562455e-01, 4.117975554388639825e-01
1.459454733615500321e-01, 2.195121760086642393e-01, 2.232722076657240040e-01, 4.112701429640617246e-01
1.454307199495482039e-01, 2.200109225912365574e-01, 2.238174223315040068e-01, 4.107409351277113152e-01
1.449191574764291945e-01, 2.205089365171220284e-01, 2.243619552483629431e-01, 4.102099507580857507e-01
1.444107861894371736e-01, 2.210062091231936032e-01, 2.249057960006153600e-01, 4.096772086867538354e-01
1.439056062124899338e-01, 2.215027318089511366e-01, 2.254489342315454947e-01, 4.091427277470135460e-01
1.434036175468447472e-01, 2.219984960369008054e-01, 2.259913596439192818e-01, 4.086065267723351657e-01
1.429048200717754902e-01, 2.224934933329243691e-01, 2.265330620004872841e-01, 4.080686245948128565e-01
1.424092135452597607e-01, 2.229877152866387158e-01, 2.270740311244759113e-01, 4.075290400436255012e-01
1.419167976046768476e-01, 2.234811535517461645e-01, 2.276142569000703386e-01, 4.069877919435065938e-01
1.414275717675156085e-01, 2.239737998463743607e-01, 2.281537292728864352e-01, 4.064448991132235678e-01
1.409415354320925351e-01, 2.244656459534069004e-01, 2.286924382504333664e-01, 4.059003803640672259e-01
1.404586878782799197e-01, 2.249566837208040737e-01, 2.292303739025652598e-01, 4.053542544983507745e-01
1.399790282682433218e-01, 2.254469050619140325e-01, 2.297675263619239627e-01, 4.048065403079186830e-01
1.395025556471885531e-01, 2.259363019557741881e-01, 2.303038858243708076e-01, 4.042572565726663125e-01
1.390292689441182117e-01, 2.264248664474027284e-01, 2.308394425494089408e-01, 4.037064220590702024e-01
1.385591669725972086e-01, 2.269125906480806421e-01, 2.313741868605948826e-01, 4.031540555187271835e-01
1.380922484315270371e-01, 2.273994667356244170e-01, 2.319081091459412602e-01, 4.026001756869072024e-01
1.376285119059290629e-01, 2.278854869546484141e-01, 2.324411998583079397e-01, 4.020448012811145277e-01
1.371679558677361133e-01, 2.283706436168179421e-01, 2.329734495157843865e-01, 4.014879509996616136e-01
1.367105786765925590e-01, 2.288549291010931186e-01, 2.335048487020609242e-01, 4.009296435202535092e-01
1.362563785806625016e-01, 2.293383358539622108e-01, 2.340353880667910280e-01, 4.003698974985842041e-01
1.358053537174458425e-01, 2.298208563896668444e-01, 2.345650583259428212e-01, 3.998087315669444641e-01
1.353575021146022905e-01, 2.303024832904160268e-01, 2.350938502621403858e-01, 3.992461643328413246e-01
1.349128216907827527e-01, 2.307832092065919549e-01, 2.356217547249959965e-01, 3.986822143776292959e-01
1.344713102564684681e-01, 2.312630268569458303e-01, 2.361487626314311139e-01, 3.981169002551545044e-01
1.340329655148165822e-01, 2.317419290287846267e-01, 2.366748649659886350e-01, 3.975502404904102671e-01
1.335977850625136298e-01, 2.322199085781474770e-01, 2.372000527811342074e-01, 3.969822535782046580e-01
1.331657663906353206e-01, 2.326969584299743432e-01, 2.377243171975480518e-01, 3.964129579818422844e-01
1.327369068855129286e-01, 2.331730715782636965e-01, 2.382476494044067639e-01, 3.958423721318166111e-01
1.323112038296062887e-01, 2.336482410862220915e-01, 2.387700406596554581e-01, 3.952705144245161062e-01
1.318886544023828711e-01, 2.341224600864040828e-01, 2.392914822902695304e-01, 3.946974032209435990e-01
1.314692556812028790e-01, 2.345957217808426476e-01, 2.398119656925069287e-01, 3.941230568454475169e-01
1.310530046422103689e-01, 2.350680194411712831e-01, 2.403314823321508475e-01, 3.935474935844674449e-01
1.306398981612299504e-01, 2.355393464087364164e-01, 2.408500237447419867e-01, 3.929707316852916188e-01
1.302299330146687861e-01, 2.360096960947004330e-01, 2.413675815358017895e-01, 3.923927893548290746e-01
1.298231058804239779e-01, 2.364790619801368232e-01, 2.418841473810453557e-01, 3.918136847583938431e-01
1.294194133387951973e-01, 2.369474376161153917e-01, 2.423997130265854449e-01, 3.912334360185039661e-01
1.290188518734018963e-01, 2.374148166237789737e-01, 2.429142702891257666e-01, 3.906520612136933912e-01
1.286214178721053480e-01, 2.378811926944113253e-01, 2.434278110561459429e-01, 3.900695783773374670e-01
1.282271076279352939e-01, 2.383465595894962707e-01, 2.439403272860759253e-01, 3.894860054964925378e-01
1.278359173400208937e-01, 2.388109111407679674e-01, 2.444518110084615559e-01, 3.889013605107495275e-01
1.274478431145255886e-01, 2.392742412502527338e-01, 2.449622543241204986e-01, 3.883156613111011235e-01
1.270628809655863223e-01, 2.397365438903021340e-01, 2.454716494052883446e-01, 3.877289257388232269e-01
1.266810268162559261e-01, 2.401978131036174302e-01, 2.459799884957564187e-01, 3.871411715843702250e-01
1.263022764994498337e-01, 2.406580430032660700e-01, 2.464872639109991770e-01, 3.865524165862849193e-01
1.259266257588954607e-01, 2.411172277726891799e-01, 2.469934680382930015e-01, 3.859626784301223301e-01
1.255540702500854977e-01, 2.415753616657009550e-01, 2.474985933368259727e-01, 3.853719747473877133e-01
1.251846055412335068e-01, 2.420324390064799436e-01, 2.480026323377975961e-01, 3.847803231144888980e-01
1.248182271142329602e-01, 2.424884541895520051e-01, 2.485055776445109499e-01, 3.841877410517040570e-01
1.244549303656187628e-01, 2.429434016797649420e-01, 2.490074219324542593e-01, 3.835942460221620220e-01
1.240947106075309114e-01, 2.433972760122555812e-01, 2.495081579493747259e-01, 3.829998554308388647e-01
1.237375630686812222e-01, 2.438500717924081684e-01, 2.500077785153427823e-01, 3.824045866235679103e-01
1.233834828953213753e-01, 2.443017836958056577e-01, 2.505062765228081578e-01, 3.818084568860647954e-01
1.230324651522136381e-01, 2.447524064681726175e-01, 2.510036449366463418e-01, 3.812114834429675136e-01
1.226845048236026720e-01, 2.452019349253103109e-01, 2.514998767941971081e-01, 3.806136834568898397e-01
1.223395968141896828e-01, 2.456503639530245309e-01, 2.519949652052946298e-01, 3.800150740274910732e-01
1.219977359501074748e-01, 2.460976885070458031e-01, 2.524889033522876303e-01, 3.794156721905592722e-01
1.216589169798969194e-01, 2.465439036129411510e-01, 2.529816844900528716e-01, 3.788154949171090857e-01
1.213231345754846729e-01, 2.469890043660199763e-01, 2.534733019459993186e-01, 3.782145591124960737e-01
1.209903833331617273e-01, 2.474329859312311974e-01, 2.539637491200637531e-01, 3.776128816155433499e-01
1.206606577745626824e-01, 2.478758435430536977e-01, 2.544530194846988391e-01, 3.770104791976847114e-01
1.203339523476458367e-01, 2.483175725053796135e-01, 2.549411065848525837e-01, 3.764073685621219800e-01
1.200102614276732232e-01, 2.487581681913904330e-01, 2.554280040379393601e-01, 3.758035663429969420e-01
1.196895793181917689e-01, 2.491976260434255741e-01, 2.559137055338042144e-01, 3.751990891045784426e-01
1.193719002520136768e-01, 2.496359415728450493e-01, 2.563982048346772902e-01, 3.745939533404639699e-01
1.190572183921973365e-01, 2.500731103598839988e-01, 2.568814957751223704e-01, 3.739881754727961138e-01
1.187455278330281361e-01, 2.505091280535018949e-01, 2.573635722619762589e-01, 3.733817718514937933e-01
1.184368226009981789e-01, 2.509439903712231690e-01, 2.578444282742805571e-01, 3.727747587534980811e-01
1.181310966557865411e-01, 2.513776930989731762e-01, 2.583240578632071682e-01, 3.721671523820332395e-01
1.178283438912379882e-01, 2.518102320909061387e-01, 2.588024551519742533e-01, 3.715589688658815781e-01
1.175285581363416099e-01, 2.522416032692277321e-01, 2.592796143357565253e-01, 3.709502242586741327e-01
1.172317331562076903e-01, 2.526718026240105108e-01, 2.597555296815867165e-01, 3.703409345381950546e-01
1.169378626530445109e-01, 2.531008262130031161e-01, 2.602301955282510515e-01, 3.697311156057012105e-01
1.166469402671330008e-01, 2.535286701614343219e-01, 2.607036062861766146e-01, 3.691207832852559934e-01
1.163589595778004443e-01, 2.539553306618093642e-01, 2.611757564373117235e-01, 3.685099533230784541e-01
1.160739141043927308e-01, 2.543808039737018301e-01, 2.616466405349998081e-01, 3.678986413869057004e-01
1.157917973072446066e-01, 2.548050864235385515e-01, 2.621162532038455728e-01, 3.672868630653713939e-01
1.155126025886486218e-01, 2.552281744043789491e-01, 2.625845891395752196e-01, 3.666746338673972372e-01
1.152363232938215937e-01, 2.556500643756892122e-01, 2.630516431088890661e-01, 3.660619692216001697e-01
1.149629527118695010e-01, 2.560707528631101515e-01, 2.635174099493076127e-01, 3.654488844757128874e-01
1.146924840767496873e-01, 2.564902364582195005e-01, 2.639818845690116711e-01, 3.648353948960192383e-01
1.144249105682314249e-01, 2.569085118182891092e-01, 2.644450619466754970e-01, 3.642215156668041631e-01
1.141602253128531780e-01, 2.573255756660369764e-01, 2.649069371312929300e-01, 3.636072618898169573e-01
1.138984213848780319e-01, 2.577414247893732857e-01, 2.653675052419987024e-01, 3.629926485837499106e-01
1.136394918072460153e-01, 2.581560560411415572e-01, 2.658267614678822000e-01, 3.623776906837302691e-01
1.133834295525235486e-01, 2.585694663388550807e-01, 2.662847010677955040e-01, 3.617624030408259639e-01
1.131302275438503951e-01, 2.589816526644279082e-01, 2.667413193701554941e-01, 3.611468004215663274e-01
1.128798786558829759e-01, 2.593926120639008515e-01, 2.671966117727400114e-01, 3.605308975074762445e-01
1.126323757157348671e-01, 2.598023416471632596e-01, 2.676505737424779152e-01, 3.599147088946239026e-01
1.123877115039140090e-01, 2.602108385876693575e-01, 2.681032008152336998e-01, 3.592982490931829753e-01
1.121458787552562647e-01, 2.606181001221502536e-01, 2.685544885955858385e-01, 3.586815325270075738e-01
1.119068701598557314e-01, 2.610241235503215074e-01, 2.690044327566005755e-01, 3.580645735332221857e-01
1.116706783639911799e-01, 2.614289062345860337e-01, 2.694530290395990568e-01, 3.574473863618237712e-01
1.114372959710490107e-01, 2.618324455997328437e-01, 2.699002732539196314e-01, 3.568299851752985141e-01
1.112067155424421860e-01, 2.622347391326310118e-01, 2.703461612766751565e-01, 3.562123840482516179e-01
1.109789295985254831e-01, 2.626357843819203119e-01, 2.707906890525043631e-01, 3.555945969670499252e-01
1.107539306195060858e-01, 2.630355789576971359e-01, 2.712338525933183364e-01, 3.549766378294784697e-01
1.105317110463509972e-01, 2.634341205311960254e-01, 2.716756479780426115e-01, 3.543585204444104075e-01
1.103122632816894155e-01, 2.638314068344685959e-01, 2.721160713523532726e-01, 3.537402585314888825e-01
1.100955796907110429e-01, 2.642274356600571861e-01, 2.725551189284087794e-01, 3.531218657208230471e-01
1.098816526020601342e-01, 2.646222048606657884e-01, 2.729927869845771293e-01, 3.525033555526967954e-01
1.096704743087249662e-01, 2.650157123488267596e-01, 2.734290718651582464e-01, 3.518847414772900417e-01
1.094620370689223243e-01, 2.654079560965640905e-01, 2.738639699801013183e-01, 3.512660368544122114e-01
1.092563331069779931e-01, 2.657989341350535661e-01, 2.742974778047183593e-01, 3.506472549532500538e-01
1.090533546142019861e-01, 2.661886445542788193e-01, 2.747295918793932756e-01, 3.500284089521258357e-01
1.088530937497590029e-01, 2.665770855026851627e-01, 2.751603088092858806e-01, 3.494095119382700232e-01
1.086555426415339171e-01, 2.669642551868287028e-01, 2.755896252640326338e-01, 3.487905769076047324e-01
1.084606933869927264e-01, 2.673501518710237890e-01, 2.760175379774428839e-01, 3.481716167645406701e-01
1.082685380540375775e-01, 2.677347738769867425e-01, 2.764440437471908374e-01, 3.475526443217847317e-01
1.080790686818573626e-01, 2.681181195834765885e-01, 2.768691394345040857e-01, 3.469336723001618661e-01
1.078922772817727943e-01, 2.685001874259332344e-01, 2.772928219638477465e-01, 3.463147133284462109e-01
1.077081558380759696e-01, 2.688809758961124285e-01, 2.777150883226054412e-01, 3.456957799432061607e-01
1.075266963088650912e-01, 2.692604835417182207e-01, 2.781359355607559980e-01, 3.450768845886607594e-01
1.073478906268731797e-01, 2.696387089660334246e-01, 2.785553607905467688e-01, 3.444580396165465297e-01
1.071717307002917202e-01, 2.700156508275466383e-01, 2.789733611861642260e-01, 3.438392572859975127e-01
1.069982084135883693e-01, 2.703913078395768221e-01, 2.793899339833993967e-01, 3.432205497634354119e-01
1.068273156283194719e-01, 2.707656787698966006e-01, 2.798050764793120204e-01, 3.426019291224719487e-01
1.066590441839362358e-01, 2.711387624403521768e-01, 2.802187860318899881e-01, 3.419834073438216548e-01
1.064933858985860765e-01, 2.715105577264811942e-01, 2.806310600597062832e-01, 3.413649963152263767e-01
1.063303325699072321e-01, 2.718810635571294876e-01, 2.810418960415728695e-01, 3.407467078313904385e-01
1.061698759758179511e-01, 2.722502789140642254e-01, 2.814512915161910267e-01, 3.401285535939267968e-01
1.060120078753001155e-01, 2.726182028315862205e-01, 2.818592440817999645e-01, 3.395105452113135747e-01
1.058567200091761612e-01, 2.729848343961402968e-01, 2.822657513958215514e-01, 3.388926941988618657e-01
1.057040041008803499e-01, 2.733501727459234365e-01, 2.826708111745026009e-01, 3.382750119786935294e-01
1.055538518572244344e-01, 2.737142170704909838e-01, 2.830744211925547704e-01, 3.376575098797298113e-01
1.054062549691562600e-01, 2.740769666103622382e-01, 2.834765792827918518e-01, 3.370401991376896222e-01
1.052612051125131343e-01, 2.744384206566237716e-01, 2.838772833357643410e-01, 3.364230908950987531e-01
1.051186939487684935e-01, 2.747985785505305811e-01, 2.842765312993922877e-01, 3.358061962013086377e-01
1.049787131257724215e-01, 2.751574396831078517e-01, 2.846743211785947025e-01, 3.351895260125249965e-01
1.048412542784861734e-01, 2.755150034947488891e-01, 2.850706510349177991e-01, 3.345730911918471939e-01
1.047063090297100235e-01, 2.758712694748137739e-01, 2.854655189861607933e-01, 3.339569025093154786e-01
1.045738689908050079e-01, 2.762262371612256850e-01, 2.858589232059992602e-01, 3.333409706419701024e-01
1.044439257624083517e-01, 2.765799061400667780e-01, 2.862508619236072693e-01, 3.327253061739176565e-01
1.043164709351422359e-01, 2.769322760451723986e-01, 2.866413334232765786e-01, 3.321099195964088424e-01
1.041914960903164294e-01, 2.772833465577246304e-01, 2.870303360440352169e-01, 3.314948213079237371e-01
1.040689928006243159e-01, 2.776331174058455087e-01, 2.874178681792631807e-01, 3.308800216142668837e-01
1.039489526308324946e-01, 2.779815883641879593e-01, 2.878039282763074636e-01, 3.302655307286721520e-01
1.038313671384636372e-01, 2.783287592535274579e-01, 2.881885148360943671e-01, 3.296513587719143712e-01
1.037162278744734739e-01, 2.786746299403522475e-01, 2.885716264127419217e-01, 3.290375157724323429e-01
1.036035263839203135e-01, 2.790192003364527218e-01, 2.889532616131690879e-01, 3.284240116664580156e-01
1.034932542066286515e-01, 2.793624703985110314e-01, 2.893334190967042918e-01, 3.278108562981561502e-01
1.033854028778461165e-01, 2.797044401276893022e-01, 2.897120975746935723e-01, 3.271980594197709258e-01
1.032799639288935756e-01, 2.800451095692182424e-01, 2.900892958101061736e-01, 3.265856306917819807e-01
1.031769288878087026e-01, 2.803844788119846387e-01, 2.904650126171394176e-01, 3.259735796830672272e-01
1.030762892799830105e-01, 2.807225479881189645e-01, 2.908392468608228532e-01, 3.253619158710752690e-01
1.029780366287921384e-01, 2.810593172725826538e-01, 2.912119974566210745e-01, 3.247506486420041472e-01
1.028821624562195336e-01, 2.813947868827553767e-01, 2.915832633700357057e-01, 3.241397872909895228e-01
1.027886582834734164e-01, 2.817289570780215913e-01, 2.919530436162062204e-01, 3.235293410222987442e-01
1.026975156315971249e-01, 2.820618281593580412e-01, 2.923213372595107606e-01, 3.229193189495340732e-01
1.026087260220726882e-01, 2.823934004689200306e-01, 2.926881434131649029e-01, 3.223097300958424061e-01
1.025222809774178623e-01, 2.827236743896288096e-01, 2.930534612388213667e-01, 3.217005833941321558e-01
1.024381720217761305e-01, 2.830526503447585163e-01, 2.934172899461674477e-01, 3.210918876872980166e-01
1.023563906815004587e-01, 2.833803287975233398e-01, 2.937796287925236172e-01, 3.204836517284526121e-01
1.022769284857302091e-01, 2.837067102506652949e-01, 2.941404770824400106e-01, 3.198758841811644715e-01
1.021997769669609618e-01, 2.840317952460416628e-01, 2.944998341672938058e-01, 3.192685936197037222e-01
1.021249276616080920e-01, 2.843555843642129877e-01, 2.948576994448852684e-01, 3.186617885292936103e-01
1.020523721105637133e-01, 2.846780782240320717e-01, 2.952140723590345184e-01, 3.180554773063697382e-01
1.019821018597463075e-01, 2.849992774822324160e-01, 2.955689523991769097e-01, 3.174496682588442975e-01
1.019141084606444425e-01, 2.853191828330179369e-01, 2.959223390999594638e-01, 3.168443696063781845e-01
1.018483834708531627e-01, 2.856377950076527950e-01, 2.962742320408359165e-01, 3.162395894806581120e-01
1.017849184546041202e-01, 2.859551147740519439e-01, 2.966246308456631509e-01, 3.156353359256808266e-01
1.017237049832888096e-01, 2.862711429363725690e-01, 2.969735351822960778e-01, 3.150316168980423770e-01
1.016647346359752235e-01, 2.865858803346058581e-01, 2.973209447621844026e-01, 3.144284402672345435e-01
1.016079989999178063e-01, 2.868993278441694939e-01, 2.976668593399672824e-01, 3.138258138159454869e-01
1.015534896710608842e-01, 2.872114863755015901e-01, 2.980112787130702601e-01, 3.132237452403673350e-01
1.015011982545352409e-01, 2.875223568736545166e-01, 2.983542027213014203e-01, 3.126222421505089333e-01
1.014511163651482806e-01, 2.878319403178902225e-01, 2.986956312464476015e-01, 3.120213120705137566e-01
1.014032356278676272e-01, 2.881402377212767818e-01, 2.990355642118720514e-01, 3.114209624389835951e-01
1.013575476782977713e-01, 2.884472501302847713e-01, 2.993740015821106937e-01, 3.108212006093066804e-01
1.013140441631505961e-01, 2.887529786243860364e-01, 2.997109433624710051e-01, 3.102220338499925290e-01
1.012727167407090761e-01, 2.890574243156521783e-01, 3.000463895986292262e-01, 3.096234693450095610e-01
1.012335570812845364e-01, 2.893605883483555963e-01, 3.003803403762302926e-01, 3.090255141941296579e-01
1.011965568676672783e-01, 2.896624718985705282e-01, 3.007127958204862672e-01, 3.084281754132759956e-01
1.011617077955709459e-01, 2.899630761737754803e-01, 3.010437560957768266e-01, 3.078314599348768166e-01
1.011290015740701626e-01, 2.902624024124574875e-01, 3.013732214052499692e-01, 3.072353746082224779e-01
1.010984299260316716e-01, 2.905604518837168193e-01, 3.017011919904235007e-01, 3.066399261998279946e-01
1.010699845885395382e-01, 2.908572258868737381e-01, 3.020276681307872968e-01, 3.060451213937994686e-01
1.010436573133132593e-01, 2.911527257510758138e-01, 3.023526501434061209e-01, 3.054509667922046812e-01
1.010194398671198646e-01, 2.914469528349075689e-01, 3.026761383825241625e-01, 3.048574689154484041e-01
1.009973240321797167e-01, 2.917399085260004576e-01, 3.029981332391692983e-01, 3.042646342026505413e-01
1.009773016065657336e-01, 2.920315942406450649e-01, 3.033186351407593517e-01, 3.036724690120298775e-01
1.009593644045964494e-01, 2.923220114234048039e-01, 3.036376445507085742e-01, 3.030809796212901031e-01
1.009435042572228020e-01, 2.926111615467305027e-01, 3.039551619680360695e-01, 3.024901722280107230e-01
1.009297130124086062e-01, 2.928990461105768217e-01, 3.042711879269738851e-01, 3.019000529500405205e-01
1.009179825355047549e-01, 2.931856666420209478e-01, 3.045857229965783231e-01, 3.013106278258959603e-01
1.009083047096172997e-01, 2.934710246948816215e-01, 3.048987677803399743e-01, 3.007219028151611462e-01
1.009006714359693968e-01, 2.937551218493407723e-01, 3.052103229157964726e-01, 3.001338837988932751e-01
1.008950746342571203e-01, 2.940379597115664878e-01, 3.055203890741470807e-01, 2.995465765800292557e-01
1.008915062429988768e-01, 2.943195399133377577e-01, 3.058289669598663885e-01, 2.989599868837971020e-01
1.008899582198791028e-01, 2.945998641116706063e-01, 3.061360573103212301e-01, 2.983741203581291579e-01
1.008904225420858836e-01, 2.948789339884467231e-01, 3.064416608953881016e-01, 2.977889825740793750e-01
1.008928912066424377e-01, 2.951567512500429813e-01, 3.067457785170722984e-01, 2.972045790262421994e-01
1.008973562307324129e-01, 2.954333176269636208e-01, 3.070484110091284413e-01, 2.966209151331755667e-01
1.009038096520198241e-01, 2.957086348734732639e-01, 3.073495592366815021e-01, 2.960379962378255070e-01
1.009122435289624975e-01, 2.959827047672329292e-01, 3.076492240958511593e-01, 2.954558276079535251e-01
1.009226499411198658e-01, 2.962555291089369880e-01, 3.079474065133759875e-01, 2.948744144365671449e-01
1.009350209894552680e-01, 2.965271097219525642e-01, 3.082441074462399233e-01, 2.942937618423521196e-01
1.009493487966316161e-01, 2.967974484519608214e-01, 3.085393278813005624e-01, 2.937138748701070279e-01
1.009656255073021619e-01, 2.970665471665995261e-01, 3.088330688349178454e-01, 2.931347584911804249e-01
1.009838432883950615e-01, 2.973344077551088871e-01, 3.091253313525860746e-01, 2.925564176039100461e-01
1.010039943293921938e-01, 2.976010321279777271e-01, 3.094161165085662635e-01, 2.919788570340637324e-01
1.010260708426027748e-01, 2.978664222165936515e-01, 3.097054254055207623e-01, 2.914020815352828531e-01
1.010500650634308523e-01, 2.981305799728930506e-01, 3.099932591741492716e-01, 2.908260957895268950e-01
1.010759692506374291e-01, 2.983935073690148765e-01, 3.102796189728270759e-01, 2.902509044075206601e-01
1.011037756865971193e-01, 2.986552063969559190e-01, 3.105645059872442215e-01, 2.896765119292028512e-01
1.011334766775492111e-01, 2.989156790682277465e-01, 3.108479214300476912e-01, 2.891029228241754900e-01
1.011650645538432064e-01, 2.991749274135162007e-01, 3.111298665404838570e-01, 2.885301414921566665e-01
1.011985316701792259e-01, 2.994329534823434447e-01, 3.114103425840444306e-01, 2.879581722634328989e-01
1.012338704058425298e-01, 2.996897593427306217e-01, 3.116893508521125233e-01, 2.873870193993142697e-01
1.012710731649332230e-01, 2.999453470808646771e-01, 3.119668926616122606e-01, 2.868166870925897838e-01
1.013101323765903533e-01, 3.001997188007656803e-01, 3.122429693546589502e-01, 2.862471794679850023e-01
1.013510404952107785e-01, 3.004528766239571991e-01, 3.125175822982118601e-01, 2.856785005826201207e-01
1.013937900006629256e-01, 3.007048226891386733e-01, 3.127907328837290502e-01, 2.851106544264693232e-01
1.014383733984952907e-01, 3.009555591518598971e-01, 3.130624225268234251e-01, 2.845436449228213038e-01
1.014847832201398042e-01, 3.012050881841977223e-01, 3.133326526669216183e-01, 2.839774759287407302e-01
1.015330120231101307e-01, 3.014534119744352036e-01, 3.136014247669243749e-01, 2.834121512355303185e-01
1.015830523911949723e-01, 3.017005327267425763e-01, 3.138687403128687103e-01, 2.828476745691936300e-01
1.016348969346461129e-01, 3.019464526608611754e-01, 3.141346008135930123e-01, 2.822840495908996994e-01
1.016885382903618407e-01, 3.021911740117886880e-01, 3.143990078004031408e-01, 2.817212798974464416e-01
1.017439691220652642e-01, 3.024346990294672910e-01, 3.146619628267410262e-01, 2.811593690217263353e-01
1.018011821204777845e-01, 3.026770299784742879e-01, 3.149234674678558776e-01, 2.805983204331921055e-01
1.018601700034875712e-01, 3.029181691377141328e-01, 3.151835233204761666e-01, 2.800381375383220739e-01
1.019209255163135985e-01, 3.031581188001138405e-01, 3.154421320024852204e-01, 2.794788236810873960e-01
1.019834414316644622e-01, 3.033968812723195074e-01, 3.156992951525977587e-01, 2.789203821434183550e-01
1.020477105498929921e-01, 3.036344588743964401e-01, 3.159550144300391494e-01, 2.783628161456714323e-01
1.021137256991458409e-01, 3.038708539395307828e-01, 3.162092915142266092e-01, 2.778061288470967671e-01
1.021814797355084514e-01, 3.041060688137332546e-01, 3.164621281044527334e-01, 2.772503233463055605e-01
1.022509655431457221e-01, 3.043401058555461614e-01, 3.167135259195708041e-01, 2.766954026817373680e-01
1.023221760344379117e-01, 3.045729674357516292e-01, 3.169634866976827059e-01, 2.761413698321276700e-01
1.023951041501120068e-01, 3.048046559370832798e-01, 3.172120121958290628e-01, 2.755882277169756089e-01
1.024697428593688980e-01, 3.050351737539393482e-01, 3.174591041896806520e-01, 2.750359791970111156e-01
1.025460851600058787e-01, 3.052645232920982443e-01, 3.177047644732334808e-01, 2.744846270746623684e-01
1.026241240785349534e-01, 3.054927069684374996e-01, 3.179489948585048076e-01, 2.739341740945227532e-01
1.027038526702968163e-01, 3.057197272106533803e-01, 3.181917971752321606e-01, 2.733846229438176012e-01
1.027852640195703604e-01, 3.059455864569844974e-01, 3.184331732705740214e-01, 2.728359762528710930e-01
1.028683512396782740e-01, 3.061702871559367489e-01, 3.186731250088131739e-01, 2.722882365955717754e-01
1.029531074730883067e-01, 3.063938317660105382e-01, 3.189116542710624391e-01, 2.717414064898387993e-01
1.030395258915101364e-01, 3.066162227554312669e-01, 3.191487629549715765e-01, 2.711954883980869924e-01
1.031275996959887253e-01, 3.068374626018814944e-01, 3.193844529744380711e-01, 2.706504847276917092e-01
1.032173221169931099e-01, 3.070575537922355380e-01, 3.196187262593187528e-01, 2.701063978314526826e-01
1.033086864145012079e-01, 3.072764988222962956e-01, 3.198515847551444136e-01, 2.695632300080580968e-01
1.034016858780810455e-01, 3.074943001965350642e-01, 3.200830304228368672e-01, 2.690209835025471619e-01
1.034963138269676813e-01, 3.077109604278329136e-01, 3.203130652384270638e-01, 2.684796605067722997e-01
1.035925636101364400e-01, 3.079264820372253353e-01, 3.205416911927774781e-01, 2.679392631598608299e-01
1.036904286063721481e-01, 3.081408675536478348e-01, 3.207689102913047208e-01, 2.673997935486753796e-01
1.037899022243348873e-01, 3.083541195136856872e-01, 3.209947245537057015e-01, 2.668612537082736824e-01
1.038909779026215424e-01, 3.085662404613246923e-01, 3.212191360136860130e-01, 2.663236456223678217e-01
1.039936491098240046e-01, 3.087772329477045941e-01, 3.214421467186898695e-01, 2.657869712237815873e-01
1.040979093445836973e-01, 3.089870995308749979e-01, 3.216637587296329870e-01, 2.652512323949082207e-01
1.042037521356421886e-01, 3.091958427755541750e-01, 3.218839741206376281e-01, 2.647164309681658834e-01
1.043111710418885979e-01, 3.094034652528889762e-01, 3.221027949787698130e-01, 2.641825687264526268e-01
1.044201596524030884e-01, 3.096099695402179108e-01, 3.223202234037783609e-01, 2.636496474036004733e-01
1.045307115864973074e-01, 3.098153582208366674e-01, 3.225362615078378181e-01, 2.631176686848282764e-01
1.046428204937507878e-01, 3.100196338837652998e-01, 3.227509114152914416e-01, 2.625866342071924153e-01
1.047564800540447122e-01, 3.102227991235187443e-01, 3.229641752623984563e-01, 2.620565455600381566e-01
1.048716839775915149e-01, 3.104248565398783355e-01, 3.231760551970819795e-01, 2.615274042854481285e-01
1.049884260049616658e-01, 3.106258087376670418e-01, 3.233865533786808300e-01, 2.609992118786902959e-01
1.051066999071071373e-01, 3.108256583265259776e-01, 3.235956719777022816e-01, 2.604719697886645480e-01
1.052264994853812086e-01, 3.110244079206935797e-01, 3.238034131755775369e-01, 2.599456794183476194e-01
1.053478185715557985e-01, 3.112220601387872820e-01, 3.240097791644200864e-01, 2.594203421252369024e-01
1.054706510278348025e-01, 3.114186176035870779e-01, 3.242147721467850685e-01, 2.588959592217929817e-01
1.055949907468650556e-01, 3.116140829418218017e-01, 3.244183943354324584e-01, 2.583725319758805594e-01
1.057208316517437990e-01, 3.118084587839575206e-01, 3.246206479530912570e-01, 2.578500616112074928e-01
1.058481676960229961e-01, 3.120017477639877579e-01, 3.248215352322262883e-01, 2.573285493077629438e-01
1.059769928637110947e-01, 3.121939525192270470e-01, 3.250210584148079396e-01, 2.568079962022539742e-01
1.061073011692715978e-01, 3.123850756901052628e-01, 3.252192197520831218e-01, 2.562884033885400314e-01
1.062390866576186504e-01, 3.125751199199660046e-01, 3.254160215043491733e-01, 2.557697719180661577e-01
1.063723434041096705e-01, 3.127640878548654801e-01, 3.256114659407299272e-01, 2.552521028002950332e-01
1.065070655145355649e-01, 3.129519821433746074e-01, 3.258055553389537229e-01, 2.547353970031361881e-01
1.066432471251075875e-01, 3.131388054363834494e-01, 3.259982919851339700e-01, 2.542196554533750485e-01
1.067808824024419900e-01, 3.133245603869073692e-01, 3.261896781735518780e-01, 2.537048790370988738e-01
1.069199655435414953e-01, 3.135092496498951276e-01, 3.263797162064412394e-01, 2.531910686001220823e-01
1.070604907757743973e-01, 3.136928758820407559e-01, 3.265684083937758775e-01, 2.526782249484090248e-01
1.072024523568506360e-01, 3.138754417415952069e-01, 3.267557570530587041e-01, 2.521663488484954252e-01
1.073458445747960538e-01, 3.140569498881827237e-01, 3.269417645091133307e-01, 2.516554410279078224e-01
1.074906617479228915e-01, 3.142374029826172088e-01, 3.271264330938782883e-01, 2.511455021755816808e-01
1.076368982247990075e-01, 3.144168036867223126e-01, 3.273097651462023028e-01, 2.506365329422764465e-01
1.077845483842137103e-01, 3.145951546631526874e-01, 3.274917630116431222e-01, 2.501285339409903274e-01
1.079336066351415518e-01, 3.147724585752184057e-01, 3.276724290422676766e-01, 2.496215057473723520e-01
1.080840674167035109e-01, 3.149487180867100444e-01, 3.278517655964544586e-01, 2.491154489001319305e-01
1.082359251981260539e-01, 3.151239358617274333e-01, 3.280297750386985678e-01, 2.486103639014479449e-01
1.083891744786974615e-01, 3.152981145645094574e-01, 3.282064597394183103e-01, 2.481062512173748125e-01
1.085438097877223784e-01, 3.154712568592667465e-01, 3.283818220747643513e-01, 2.476031112782466348e-01
1.086998256844734084e-01, 3.156433654100154751e-01, 3.285558644264309214e-01, 2.471009444790801535e-01
1.088572167581411954e-01, 3.158144428804146031e-01, 3.287285891814694105e-01, 2.465997511799748465e-01
1.090159776277817433e-01, 3.159844919336037283e-01, 3.288999987321030716e-01, 2.460995317065114985e-01
1.091761029422618351e-01, 3.161535152320439357e-01, 3.290700954755456098e-01, 2.456002863501485500e-01
1.093375873802023557e-01, 3.163215154373608118e-01, 3.292388818138201056e-01, 2.451020153686166991e-01
1.095004256499192835e-01, 3.164884952101886251e-01, 3.294063601535811570e-01, 2.446047189863110038e-01
1.096646124893629476e-01, 3.166544572100174482e-01, 3.295725329059385200e-01, 2.441083973946811259e-01
1.098301426660549113e-01, 3.168194040950415569e-01, 3.297374024862836928e-01, 2.436130507526198807e-01
1.099970109770231907e-01, 3.169833385220108268e-01, 3.299009713141171085e-01, 2.431186791868489017e-01
1.101652122487352392e-01, 3.171462631460827408e-01, 3.300632418128790491e-01, 2.426252827923029431e-01
1.103347413370290991e-01, 3.173081806206777267e-01, 3.302242164097813903e-01, 2.421328616325117145e-01
1.105055931270429725e-01, 3.174690935973356609e-01, 3.303838975356419017e-01, 2.416414157399795759e-01
1.106777625331421128e-01, 3.176290047255743709e-01, 3.305422876247204322e-01, 2.411509451165630147e-01
1.108512444988449391e-01, 3.177879166527508570e-01, 3.306993891145575959e-01, 2.406614497338465386e-01
1.110260339967465981e-01, 3.179458320239231250e-01, 3.308552044458146213e-01, 2.401729295335155723e-01
1.112021260284408730e-01, 3.181027534817152946e-01, 3.310097360621159224e-01, 2.396853844277279655e-01
1.113795156244406920e-01, 3.182586836661834839e-01, 3.311629864098933340e-01, 2.391988142994825317e-01
1.115581978440967348e-01, 3.184136252146848589e-01, 3.313149579382322907e-01, 2.387132190029862266e-01
1.117381677755141106e-01, 3.185675807617469601e-01, 3.314656530987204475e-01, 2.382285983640185789e-01
1.119194205354679394e-01, 3.187205529389404157e-01, 3.316150743452974670e-01, 2.377449521802940668e-01
1.121019512693169212e-01, 3.188725443747528199e-01, 3.317632241341078037e-01, 2.372622802218225524e-01
1.122857551509151702e-01, 3.190235576944640550e-01, 3.319101049233539324e-01, 2.367805822312667174e-01
1.124708273825232863e-01, 3.191735955200247776e-01, 3.320557191731534630e-01, 2.362998579242985009e-01
1.126571631947169000e-01, 3.193226604699349047e-01, 3.322000693453961984e-01, 2.358201069899519831e-01
1.128447578462945106e-01, 3.194707551591255412e-01, 3.323431579036046912e-01, 2.353413290909752154e-01
1.130336066241834775e-01, 3.196178821988420737e-01, 3.324849873127956323e-01, 2.348635238641789136e-01
1.132237048433444859e-01, 3.197640441965285407e-01, 3.326255600393436818e-01, 2.343866909207834304e-01
1.134150478466750822e-01, 3.199092437557147228e-01, 3.327648785508469098e-01, 2.339108298467633407e-01
1.136076310049113636e-01, 3.200534834759044545e-01, 3.329029453159944030e-01, 2.334359402031897235e-01
1.138014497165284605e-01, 3.201967659524657672e-01, 3.330397628044353686e-01, 2.329620215265703342e-01
1.139964994076399923e-01, 3.203390937765226432e-01, 3.331753334866502381e-01, 2.324890733291872236e-01
1.141927755318955240e-01, 3.204804695348487109e-01, 3.333096598338233796e-01, 2.320170950994323578e-01
1.143902735703776208e-01, 3.206208958097628292e-01, 3.334427443177184758e-01, 2.315460863021411853e-01
1.145889890314969739e-01, 3.207603751790255586e-01, 3.335745894105542342e-01, 2.310760463789232888e-01
1.147889174508868043e-01, 3.208989102157385198e-01, 3.337051975848833729e-01, 2.306069747484914001e-01
1.149900543912955736e-01, 3.210365034882442514e-01, 3.338345713134724946e-01, 2.301388708069877498e-01
1.151923954424791535e-01, 3.211731575600285105e-01, 3.339627130691837364e-01, 2.296717339283085024e-01
1.153959362210912470e-01, 3.213088749896242380e-01, 3.340896253248588632e-01, 2.292055634644256656e-01
1.156006723705731432e-01, 3.214436583305159134e-01, 3.342153105532043589e-01, 2.287403587457064180e-01
1.158065995610421534e-01, 3.215775101310478501e-01, 3.343397712266785726e-01, 2.282761190812314100e-01
1.160137134891790350e-01, 3.217104329343317137e-01, 3.344630098173802524e-01, 2.278128437591089850e-01
1.162220098781144434e-01, 3.218424292781570384e-01, 3.345850287969399650e-01, 2.273505320467886226e-01
1.164314844773144120e-01, 3.219735016949029638e-01, 3.347058306364111280e-01, 2.268891831913714408e-01
1.166421330624645425e-01, 3.221036527114515824e-01, 3.348254178061650377e-01, 2.264287964199187819e-01
1.168539514353537645e-01, 3.222328848491027298e-01, 3.349437927757855649e-01, 2.259693709397579409e-01
1.170669354237564574e-01, 3.223612006234902738e-01, 3.350609580139669030e-01, 2.255109059387862824e-01
1.172810808813144479e-01, 3.224886025445003468e-01, 3.351769159884123717e-01, 2.250534005857728892e-01
1.174963836874174106e-01, 3.226150931161904101e-01, 3.352916691657347181e-01, 2.245968540306575445e-01
1.177128397470827009e-01, 3.227406748367104283e-01, 3.354052200113584181e-01, 2.241412654048482722e-01
1.179304449908346597e-01, 3.228653501982255425e-01, 3.355175709894236968e-01, 2.236866338215159900e-01
1.181491953745822943e-01, 3.229891216868394643e-01, 3.356287245626910498e-01, 2.232329583758870528e-01
1.183690868794970152e-01, 3.231119917825203691e-01, 3.357386831924491499e-01, 2.227802381455335490e-01
1.185901155118888883e-01, 3.232339629590271213e-01, 3.358474493384225323e-01, 2.223284721906614858e-01
1.188122773030826501e-01, 3.233550376838383311e-01, 3.359550254586822216e-01, 2.218776595543968388e-01
1.190355683092927386e-01, 3.234752184180813561e-01, 3.360614140095569136e-01, 2.214277992630688530e-01
1.192599846114975187e-01, 3.235945076164642997e-01, 3.361666174455465450e-01, 2.209788903264917059e-01
1.194855223153128837e-01, 3.237129077272072331e-01, 3.362706382192362509e-01, 2.205309317382436740e-01
1.197121775508654395e-01, 3.238304211919773579e-01, 3.363734787812133198e-01, 2.200839224759438828e-01
1.199399464726646491e-01, 3.239470504458236699e-01, 3.364751415799843159e-01, 2.196378615015273650e-01
1.201688252594743378e-01, 3.240627979171136208e-01, 3.365756290618945323e-01, 2.191927477615175923e-01
1.203988101141840322e-01, 3.241776660274712785e-01, 3.366749436710481103e-01, 2.187485801872965097e-01
1.206298972636791478e-01, 3.242916571917168755e-01, 3.367730878492309898e-01, 2.183053576953730979e-01
1.208620829587109397e-01, 3.244047738178066909e-01, 3.368700640358333609e-01, 2.178630791876490502e-01
1.210953634737657880e-01, 3.245170183067760949e-01, 3.369658746677754446e-01, 2.174217435516827279e-01
1.213297351069338031e-01, 3.246283930526819850e-01, 3.370605221794334971e-01, 2.169813496609507286e-01
1.215651941797772362e-01, 3.247389004425477732e-01, 3.371540090025677006e-01, 2.165418963751072068e-01
1.218017370371980712e-01, 3.248485428563092636e-01, 3.372463375662513863e-01, 2.161033825402413899e-01
1.220393600473051038e-01, 3.249573226667612502e-01, 3.373375102968011463e-01, 2.156658069891323748e-01
1.222780596012809640e-01, 3.250652422395067798e-01, 3.374275296177097760e-01, 2.152291685415024802e-01
1.225178321132480846e-01, 3.251723039329058040e-01, 3.375163979495784949e-01, 2.147934660042676303e-01
1.227586740201347809e-01, 3.252785100980266075e-01, 3.376041177100522206e-01, 2.143586981717864881e-01
1.230005817815403579e-01, 3.253838630785976793e-01, 3.376906913137552868e-01, 2.139248638261067037e-01
1.232435518796005242e-01, 3.254883652109609726e-01, 3.377761211722291046e-01, 2.134919617372094958e-01
1.234875808188515695e-01, 3.255920188240262747e-01, 3.378604096938703782e-01, 2.130599906632517637e-01
1.237326651260949040e-01, 3.256948262392269644e-01, 3.379435592838713198e-01, 2.126289493508068118e-01
1.239788013502608061e-01, 3.257967897704766580e-01, 3.380255723441607518e-01, 2.121988365351019090e-01
1.242259860622718232e-01, 3.258979117241271317e-01, 3.381064512733463756e-01, 2.117696509402546279e-01
1.244742158549063671e-01, 3.259981943989276321e-01, 3.381861984666592047e-01, 2.113413912795067962e-01
1.247234873426611157e-01, 3.260976400859847968e-01, 3.382648163158977761e-01, 2.109140562554563392e-01
1.249737971616138865e-01, 3.261962510687241301e-01, 3.383423072093749706e-01, 2.104876445602870960e-01
1.252251419692859136e-01, 3.262940296228523662e-01, 3.384186735318651107e-01, 2.100621548759965262e-01
1.254775184445038327e-01, 3.263909780163213314e-01, 3.384939176645531123e-01, 2.096375858746217791e-01
1.257309232872614035e-01, 3.264870985092919731e-01, 3.385680419849838585e-01, 2.092139362184629037e-01
1.259853532185811198e-01, 3.265823933541004975e-01, 3.386410488670135721e-01, 2.087912045603047551e-01
1.262408049803755983e-01, 3.266768647952252302e-01, 3.387129406807623533e-01, 2.083693895436368182e-01
1.264972753353084400e-01, 3.267705150692538085e-01, 3.387837197925671062e-01, 2.079484898028705619e-01
1.267547610666553137e-01, 3.268633464048527060e-01, 3.388533885649366306e-01, 2.075285039635552664e-01
1.270132589781646504e-01, 3.269553610227367013e-01, 3.389219493565070462e-01, 2.071094306425915466e-01
1.272727658939179773e-01, 3.270465611356399016e-01, 3.389894045219988272e-01, 2.066912684484432383e-01
1.275332786581905853e-01, 3.271369489482877646e-01, 3.390557564121748912e-01, 2.062740159813467866e-01
1.277947941353113903e-01, 3.272265266573695097e-01, 3.391210073737995212e-01, 2.058576718335194122e-01
1.280573092095234344e-01, 3.273152964515128049e-01, 3.391851597495991189e-01, 2.054422345893646695e-01
1.283208207848433868e-01, 3.274032605112576211e-01, 3.392482158782228474e-01, 2.050277028256761169e-01
1.285853257849216558e-01, 3.274904210090330836e-01, 3.393101780942053280e-01, 2.046140751118398216e-01
1.288508211529021674e-01, 3.275767801091334919e-01, 3.393710487279305577e-01, 2.042013500100338386e-01
1.291173038512817839e-01, 3.276623399676960036e-01, 3.394308301055957156e-01, 2.037895260754264415e-01
1.293847708617701098e-01, 3.277471027326798181e-01, 3.394895245491772462e-01, 2.033786018563727427e-01
1.296532191851487714e-01, 3.278310705438454153e-01, 3.395471343763975525e-01, 2.029685758946083718e-01
1.299226458411308904e-01, 3.279142455327347383e-01, 3.396036619006918555e-01, 2.025594467254423492e-01
1.301930478682207792e-01, 3.279966298226532628e-01, 3.396591094311782744e-01, 2.021512128779477391e-01
1.304644223235728318e-01, 3.280782255286512905e-01, 3.397134792726259622e-01, 2.017438728751498600e-01
1.307367662828513022e-01, 3.281590347575080169e-01, 3.397667737254267961e-01, 2.013374252342139403e-01
1.310100768400891402e-01, 3.282390596077147671e-01, 3.398189950855667885e-01, 2.009318684666292765e-01
1.312843511075477421e-01, 3.283183021694604520e-01, 3.398701456445983871e-01, 2.005272010783932801e-01
1.315595862155761187e-01, 3.283967645246168576e-01, 3.399202276896146624e-01, 2.001234215701924446e-01
1.318357793124700639e-01, 3.284744487467251561e-01, 3.399692435032230509e-01, 1.997205284375819234e-01
1.321129275643316558e-01, 3.285513569009834711e-01, 3.400171953635213740e-01, 1.993185201711634991e-01
1.323910281549287027e-01, 3.286274910442351649e-01, 3.400640855440744126e-01, 1.989173952567617754e-01
1.326700782855539662e-01, 3.287028532249574031e-01, 3.401099163138905368e-01, 1.985171521755980384e-01
1.329500751748848852e-01, 3.287774454832513293e-01, 3.401546899374006672e-01, 1.981177894044631460e-01
1.332310160588427994e-01, 3.288512698508322951e-01, 3.401984086744367919e-01, 1.977193054158880581e-01
1.335128981904528667e-01, 3.289243283510215887e-01, 3.402410747802124269e-01, 1.973216986783129512e-01
1.337957188397036479e-01, 3.289966229987382751e-01, 3.402826905053034090e-01, 1.969249676562547235e-01
1.340794752934065526e-01, 3.290681558004919238e-01, 3.403232580956294662e-01, 1.965291108104720574e-01
1.343641648550562284e-01, 3.291389287543767250e-01, 3.403627797924370091e-01, 1.961341265981298987e-01
1.346497848446901457e-01, 3.292089438500655496e-01, 3.404012578322828109e-01, 1.957400134729614105e-01
1.349363325987487372e-01, 3.292782030688048422e-01, 3.404386944470180199e-01, 1.953467698854284562e-01
1.352238054699356207e-01, 3.293467083834109022e-01, 3.404750918637731716e-01, 1.949543942828803611e-01
1.355122008270779332e-01, 3.294144617582658308e-01, 3.405104523049446441e-01, 1.945628851097114809e-01
1.358015160549866374e-01, 3.294814651493156998e-01, 3.405447779881812242e-01, 1.941722408075164386e-01
1.360917485543171324e-01, 3.295477205040672763e-01, 3.405780711263715621e-01, 1.937824598152440292e-01
1.363828957414301712e-01, 3.296132297615876339e-01, 3.406103339276326247e-01, 1.933935405693497367e-01
1.366749550482521669e-01, 3.296779948525027093e-01, 3.406415685952988159e-01, 1.930054815039461691e-01
1.369679239221370248e-01, 3.297420176989981910e-01, 3.406717773279122619e-01, 1.926182810509524945e-01
1.372617998257267269e-01, 3.298053002148189083e-01, 3.407009623192129300e-01, 1.922319376402414903e-01
1.375565802368127755e-01, 3.298678443052711073e-01, 3.407291257581304134e-01, 1.918464496997857871e-01
1.378522626481977764e-01, 3.299296518672239498e-01, 3.407562698287761038e-01, 1.914618156558021145e-01
1.381488445675574384e-01, 3.299907247891121775e-01, 3.407823967104360863e-01, 1.910780339328941591e-01
1.384463235173020446e-01, 3.300510649509391103e-01, 3.408075085775650881e-01, 1.906951029541937848e-01
1.387446970344387021e-01, 3.301106742242805869e-01, 3.408316075997802064e-01, 1.903130211415006434e-01
1.390439626704338127e-01, 3.301695544722893505e-01, 3.408546959418563560e-01, 1.899317869154205918e-01
1.393441179910752392e-01, 3.302277075496999892e-01, 3.408767757637224949e-01, 1.895513986955022490e-01
1.396451605763355253e-01, 3.302851353028347647e-01, 3.408978492204575161e-01, 1.891718549003723049e-01
1.399470880202342005e-01, 3.303418395696093302e-01, 3.409179184622873615e-01, 1.887931539478689968e-01
1.402498979307015559e-01, 3.303978221795399461e-01, 3.409369856345835781e-01, 1.884152942551748366e-01
1.405535879294415869e-01, 3.304530849537505310e-01, 3.409550528778610978e-01, 1.880382742389468398e-01
1.408581556517957967e-01, 3.305076297049805434e-01, 3.409721223277775159e-01, 1.876620923154460052e-01
1.411635987466069997e-01, 3.305614582375937527e-01, 3.409881961151336460e-01, 1.872867469006656294e-01
1.414699148760834579e-01, 3.306145723475867326e-01, 3.410032763658727983e-01, 1.869122364104571499e-01
1.417771017156631008e-01, 3.306669738225986310e-01, 3.410173652010827783e-01, 1.865385592606554344e-01
1.420851569538783832e-01, 3.307186644419213839e-01, 3.410304647369973852e-01, 1.861657138672026535e-01
1.423940782922208381e-01, 3.307696459765101515e-01, 3.410425770849987437e-01, 1.857936986462701834e-01
1.427038634450062127e-01, 3.308199201889941432e-01, 3.410537043516200795e-01, 1.854225120143795369e-01
1.430145101392400475e-01, 3.308694888336886630e-01, 3.410638486385493273e-01, 1.850521523885220176e-01
1.433260161144830624e-01, 3.309183536566068784e-01, 3.410730120426335721e-01, 1.846826181862765981e-01
1.436383791227172635e-01, 3.309665163954724765e-01, 3.410811966558833785e-01, 1.843139078259268815e-01
1.439515969282119390e-01, 3.310139787797332089e-01, 3.410884045654783980e-01, 1.839460197265764263e-01
1.442656673073902107e-01, 3.310607425305734375e-01, 3.410946378537732526e-01, 1.835789523082630437e-01
1.445805880486958073e-01, 3.311068093609293439e-01, 3.410998985983035858e-01, 1.832127039920712908e-01
1.448963569524598649e-01, 3.311521809755024748e-01, 3.411041888717935566e-01, 1.828472732002440759e-01
1.452129718307685058e-01, 3.311968590707753957e-01, 3.411075107421631669e-01, 1.824826583562929594e-01
1.455304305073304161e-01, 3.312408453350265125e-01, 3.411098662725360886e-01, 1.821188578851070106e-01
1.458487308173442576e-01, 3.312841414483464475e-01, 3.411112575212489895e-01, 1.817558702130603332e-01
1.461678706073677170e-01, 3.313267490826536932e-01, 3.411116865418599153e-01, 1.813936937681185357e-01
1.464878477351851671e-01, 3.313686699017124315e-01, 3.411111553831583931e-01, 1.810323269799439805e-01
1.468086600696769384e-01, 3.314099055611482436e-01, 3.411096660891754229e-01, 1.806717682799993396e-01
1.471303054906881458e-01, 3.314504577084668724e-01, 3.411072206991943578e-01, 1.803120161016505685e-01
1.474527818888984321e-01, 3.314903279830716532e-01, 3.411038212477618958e-01, 1.799530688802681855e-01
1.477760871656911557e-01, 3.315295180162818323e-01, 3.410994697646995144e-01, 1.795949250533274977e-01
1.481002192330238831e-01, 3.315680294313518850e-01, 3.410941682751165160e-01, 1.792375830605077991e-01
1.484251760132986597e-01, 3.316058638434898898e-01, 3.410879187994213524e-01, 1.788810413437900704e-01
1.487509554392323352e-01, 3.316430228598779006e-01, 3.410807233533361127e-01, 1.785252983475537347e-01
1.490775554537278891e-01, 3.316795080796914319e-01, 3.410725839479087917e-01, 1.781703525186719983e-01
1.494049740097456169e-01, 3.317153210941196639e-01, 3.410635025895281669e-01, 1.778162023066065245e-01
1.497332090701745944e-01, 3.317504634863867041e-01, 3.410534812799380644e-01, 1.774628461635004983e-01
1.500622586077049736e-01, 3.317849368317722925e-01, 3.410425220162521254e-01, 1.771102825442706918e-01
1.503921206046997250e-01, 3.318187426976327292e-01, 3.410306267909691269e-01, 1.767585099066983079e-01
1.507227930530678217e-01, 3.318518826434237456e-01, 3.410177975919890803e-01, 1.764075267115192969e-01
1.510542739541366752e-01, 3.318843582207218756e-01, 3.410040364026289961e-01, 1.760573314225125363e-01
1.513865613185255976e-01, 3.319161709732466603e-01, 3.409893452016398152e-01, 1.757079225065878991e-01
1.517196531660195413e-01, 3.319473224368841846e-01, 3.409737259632233952e-01, 1.753592984338727401e-01
1.520535475254428115e-01, 3.319778141397100035e-01, 3.409571806570498853e-01, 1.750114576777975217e-01
1.523882424345330555e-01, 3.320076476020119016e-01, 3.409397112482753234e-01, 1.746643987151798305e-01
1.527237359398165850e-01, 3.320368243363145400e-01, 3.409213196975605098e-01, 1.743181200263085595e-01
1.530600260964826154e-01, 3.320653458474031039e-01, 3.409020079610889375e-01, 1.739726200950255097e-01
1.533971109682589207e-01, 3.320932136323475059e-01, 3.408817779905862211e-01, 1.736278974088072968e-01
1.537349886272873223e-01, 3.321204291805278652e-01, 3.408606317333394142e-01, 1.732839504588455370e-01
1.540736571539993993e-01, 3.321469939736582666e-01, 3.408385711322162170e-01, 1.729407777401259227e-01
1.544131146369933372e-01, 3.321729094858132392e-01, 3.408155981256862921e-01, 1.725983777515070761e-01
1.547533591729099434e-01, 3.321981771834524588e-01, 3.407917146478403603e-01, 1.722567489957972375e-01
1.550943888663100512e-01, 3.322227985254469496e-01, 3.407669226284116837e-01, 1.719158899798312046e-01
1.554362018295515346e-01, 3.322467749631055067e-01, 3.407412239927976594e-01, 1.715757992145454103e-01
1.557787961826671008e-01, 3.322701079402001767e-01, 3.407146206620801365e-01, 1.712364752150525027e-01
1.561221700532423873e-01, 3.322927988929940679e-01, 3.406871145530487310e-01, 1.708979165007149525e-01
1.564663215762940041e-01, 3.323148492502673301e-01, 3.406587075782216978e-01, 1.705601215952171068e-01
1.568112488941484917e-01, 3.323362604333448544e-01, 3.406294016458691898e-01, 1.702230890266374641e-01
1.571569501563212790e-01, 3.323570338561235848e-01, 3.405991986600359622e-01, 1.698868173275190074e-01
1.575034235193960575e-01, 3.323771709251003292e-01, 3.405681005205645762e-01, 1.695513050349391204e-01
1.578506671469042388e-01, 3.323966730393991265e-01, 3.405361091231182136e-01, 1.692165506905784766e-01
1.581986792092054395e-01, 3.324155415908004452e-01, 3.405032263592052688e-01, 1.688825528407889298e-01
1.585474578833675763e-01, 3.324337779637683843e-01, 3.404694541162029964e-01, 1.685493100366609320e-01
1.588970013530477676e-01, 3.324513835354803715e-01, 3.404347942773821023e-01, 1.682168208340896198e-01
1.592473078083734006e-01, 3.324683596758554183e-01, 3.403992487219310581e-01, 1.678850837938400675e-01
1.595983754458234483e-01, 3.324847077475831525e-01, 3.403628193249810807e-01, 1.675540974816121520e-01
1.599502024681103973e-01, 3.325004291061537942e-01, 3.403255079576317788e-01, 1.672238604681040575e-01
1.603027870840622315e-01, 3.325155250998867440e-01, 3.402873164869759104e-01, 1.668943713290751418e-01
1.606561275085050255e-01, 3.325299970699609475e-01, 3.402482467761258067e-01, 1.665656286454082757e-01
1.610102219621456776e-01, 3.325438463504447051e-01, 3.402083006842390733e-01, 1.662376310031705162e-01
1.613650686714550864e-01, 3.325570742683257586e-01, 3.401674800665450693e-01, 1.659103769936741413e-01
1.617206658685516329e-01, 3.325696821435416561e-01, 3.401257867743709973e-01, 1.655838652135358802e-01
1.620770117910848851e-01, 3.325816712890099502e-01, 3.400832226551692705e-01, 1.652580942647359774e-01
1.624341046821200507e-01, 3.325930430106595614e-01, 3.400397895525443803e-01, 1.649330627546760353e-01
1.627919427900222371e-01, 3.326037986074613095e-01, 3.399954893062797634e-01, 1.646087692962366622e-01
1.631505243683412654e-01, 3.326139393714587222e-01, 3.399503237523662791e-01, 1.642852125078336500e-01
1.635098476756972341e-01, 3.326234665878001207e-01, 3.399042947230287992e-01, 1.639623910134739015e-01
1.638699109756654171e-01, 3.326323815347690394e-01, 3.398574040467550184e-01, 1.636403034428105807e-01
1.642307125366628262e-01, 3.326406854838164229e-01, 3.398096535483237091e-01, 1.633189484311971529e-01
1.645922506318337197e-01, 3.326483796995924891e-01, 3.397610450488324774e-01, 1.629983246197412305e-01
1.649545235389367481e-01, 3.326554654399785926e-01, 3.397115803657272948e-01, 1.626784306553573922e-01
1.653175295402312950e-01, 3.326619439561188663e-01, 3.396612613128308644e-01, 1.623592651908191409e-01
1.656812669223649837e-01, 3.326678164924530834e-01, 3.396100897003716534e-01, 1.620408268848103905e-01
1.660457339762610729e-01, 3.326730842867488547e-01, 3.395580673350135914e-01, 1.617231144019765643e-01
1.664109289970063799e-01, 3.326777485701341019e-01, 3.395051960198853247e-01, 1.614061264129742490e-01
1.667768502837393418e-01, 3.326818105671298653e-01, 3.394514775546099150e-01, 1.610898615945208501e-01
1.671434961395386887e-01, 3.326852714956832213e-01, 3.393969137353349819e-01, 1.607743186294431637e-01
1.675108648713120874e-01, 3.326881325671999790e-01, 3.393415063547622901e-01, 1.604594962067255604e-01
1.678789547896853973e-01, 3.326903949865783749e-01, 3.392852572021788915e-01, 1.601453930215573918e-01
1.682477642088921477e-01, 3.326920599522416033e-01, 3.392281680634865459e-01, 1.598320077753797586e-01
1.686172914466632367e-01, 3.326931286561718437e-01, 3.391702407212333625e-01, 1.595193391759315293e-01
1.689875348241172970e-01, 3.326936022839435680e-01, 3.391114769546438312e-01, 1.592073859372951650e-01
1.693584926656508394e-01, 3.326934820147572358e-01, 3.390518785396506862e-01, 1.588961467799413219e-01
1.697301632988291176e-01, 3.326927690214726563e-01, 3.389914472489251041e-01, 1.585856204307732609e-01
1.701025450542772433e-01, 3.326914644706435720e-01, 3.389301848519086779e-01, 1.582758056231704513e-01
1.704756362655715785e-01, 3.326895695225514094e-01, 3.388680931148451703e-01, 1.579667010970319529e-01
1.708494352691312668e-01, 3.326870853312390297e-01, 3.388051738008113767e-01, 1.576583055988184656e-01
1.712239404041103752e-01, 3.326840130445454236e-01, 3.387414286697496557e-01, 1.573506178815946011e-01
1.715991500122902857e-01, 3.326803538041399055e-01, 3.386768594784996811e-01, 1.570436367050701831e-01
1.719750624379721704e-01, 3.326761087455565313e-01, 3.386114679808304717e-01, 1.567373608356407710e-01
1.723516760278698268e-01, 3.326712789982286811e-01, 3.385452559274729767e-01, 1.564317890464283212e-01
1.727289891310031522e-01, 3.326658656855238094e-01, 3.384782250661523273e-01, 1.561269201173207111e-01
1.731070000985914792e-01, 3.326598699247778068e-01, 3.384103771416201445e-01, 1.558227528350104585e-01
1.734857072839474657e-01, 3.326532928273304712e-01, 3.383417138956879566e-01, 1.555192859930339955e-01
1.738651090423713463e-01, 3.326461354985598140e-01, 3.382722370672594514e-01, 1.552165183918093883e-01
1.742452037310449342e-01, 3.326383990379174760e-01, 3.382019483923636161e-01, 1.549144488386739460e-01
1.746259897089269819e-01, 3.326300845389638106e-01, 3.381308496041880440e-01, 1.546130761479211635e-01
1.750074653366474886e-01, 3.326211930894028557e-01, 3.380589424331120751e-01, 1.543123991408375806e-01
1.753896289764035055e-01, 3.326117257711178610e-01, 3.379862286067400468e-01, 1.540124166457385035e-01
1.757724789918545805e-01, 3.326016836602064819e-01, 3.379127098499351001e-01, 1.537131274980036433e-01
1.761560137480184252e-01, 3.325910678270165288e-01, 3.378383878848525423e-01, 1.534145305401124482e-01
1.765402316111672198e-01, 3.325798793361808836e-01, 3.377632644309735976e-01, 1.531166246216781601e-01
1.769251309487241686e-01, 3.325681192466537484e-01, 3.376873412051395462e-01, 1.528194085994825924e-01
1.773107101291599430e-01, 3.325557886117457285e-01, 3.376106199215851977e-01, 1.525228813375092418e-01
1.776969675218897649e-01, 3.325428884791600259e-01, 3.375331022919735302e-01, 1.522270417069768178e-01
1.780839014971707379e-01, 3.325294198910280219e-01, 3.374547900254293853e-01, 1.519318885863717994e-01
1.784715104259993745e-01, 3.325153838839453035e-01, 3.373756848285743848e-01, 1.516374208614809371e-01
1.788597926800092053e-01, 3.325007814890071356e-01, 3.372957884055605149e-01, 1.513436374254231165e-01
1.792487466313690825e-01, 3.324856137318449867e-01, 3.372151024581053202e-01, 1.510505371786806661e-01
1.796383706526812341e-01, 3.324698816326622230e-01, 3.371336286855260433e-01, 1.507581190291304163e-01
1.800286631168801776e-01, 3.324535862062705238e-01, 3.370513687847748185e-01, 1.504663818920745078e-01
1.804196223971312463e-01, 3.324367284621256857e-01, 3.369683244504727004e-01, 1.501753246902702565e-01
1.808112468667300854e-01, 3.324193094043640939e-01, 3.368844973749454685e-01, 1.498849463539604354e-01
1.812035348990014560e-01, 3.324013300318387487e-01, 3.367998892482577666e-01, 1.495952458209020564e-01
1.815964848671994258e-01, 3.323827913381559029e-01, 3.367145017582486854e-01, 1.493062220363961246e-01
1.819900951444068105e-01, 3.323636943117110332e-01, 3.366283365905666236e-01, 1.490178739533155605e-01
1.823843641034355312e-01, 3.323440399357255881e-01, 3.365413954287048703e-01, 1.487302005321339549e-01
1.827792901167268613e-01, 3.323238291882832929e-01, 3.364536799540366330e-01, 1.484432007409532406e-01
1.831748715562520613e-01, 3.323030630423666199e-01, 3.363651918458501200e-01, 1.481568735555312266e-01
1.835711067934131246e-01, 3.322817424658933150e-01, 3.362759327813846233e-01, 1.478712179593089648e-01
1.839679941989439405e-01, 3.322598684217529796e-01, 3.361859044358659898e-01, 1.475862329434371456e-01
1.843655321428115668e-01, 3.322374418678438190e-01, 3.360951084825415380e-01, 1.473019175068029651e-01
1.847637189941178926e-01, 3.322144637571091685e-01, 3.360035465927168619e-01, 1.470182706560561325e-01
1.851625531210011333e-01, 3.321909350375740755e-01, 3.359112204357903586e-01, 1.467352914056345159e-01
1.855620328905380478e-01, 3.321668566523819921e-01, 3.358181316792900328e-01, 1.464529787777898440e-01
1.859621566686460725e-01, 3.321422295398321900e-01, 3.357242819889090790e-01, 1.461713318026126862e-01
1.863629228199858157e-01, 3.321170546334153983e-01, 3.356296730285415197e-01, 1.458903495180573218e-01
1.867643297078635800e-01, 3.320913328618514404e-01, 3.355343064603187875e-01, 1.456100309699661921e-01
1.871663756941343293e-01, 3.320650651491260374e-01, 3.354381839446453073e-01, 1.453303752120944092e-01
1.875690591391048212e-01, 3.320382524145271130e-01, 3.353413071402349677e-01, 1.450513813061331259e-01
1.879723784014367682e-01, 3.320108955726823186e-01, 3.352436777041472582e-01, 1.447730483217337105e-01
1.883763318380503871e-01, 3.319829955335955596e-01, 3.351452972918232409e-01, 1.444953753365307569e-01
1.887809178040281699e-01, 3.319545532026840218e-01, 3.350461675571224096e-01, 1.442183614361652599e-01
1.891861346525187393e-01, 3.319255694808152524e-01, 3.349462901523587166e-01, 1.439420057143072917e-01
1.895919807346408414e-01, 3.318960452643437420e-01, 3.348456667283367660e-01, 1.436663072726786505e-01
1.899984543993876729e-01, 3.318659814451485057e-01, 3.347442989343890618e-01, 1.433912652210748984e-01
1.904055539935315677e-01, 3.318353789106693874e-01, 3.346421884184115347e-01, 1.431168786773875101e-01
1.908132778615285463e-01, 3.318042385439449182e-01, 3.345393368269009571e-01, 1.428431467676256339e-01
1.912216243454230025e-01, 3.317725612236486765e-01, 3.344357458049910248e-01, 1.425700686259373517e-01
1.916305917847530016e-01, 3.317403478241264803e-01, 3.343314169964894944e-01, 1.422976433946309960e-01
1.920401785164554120e-01, 3.317075992154338016e-01, 3.342263520439144320e-01, 1.420258702241963822e-01
1.924503828747712308e-01, 3.316743162633724040e-01, 3.341205525885312388e-01, 1.417547482733251540e-01
1.928612031911512703e-01, 3.316404998295276463e-01, 3.340140202703894556e-01, 1.414842767089316000e-01
1.932726377941618723e-01, 3.316061507713056744e-01, 3.339067567283593441e-01, 1.412144547061729982e-01
1.936846850093908723e-01, 3.315712699419704479e-01, 3.337987636001693015e-01, 1.409452814484694061e-01
1.940973431593534249e-01, 3.315358581906804880e-01, 3.336900425224421651e-01, 1.406767561275238387e-01
1.945106105633985782e-01, 3.314999163625269585e-01, 3.335805951307326822e-01, 1.404088779433418088e-01
1.949244855376155716e-01, 3.314634452985696367e-01, 3.334704230595640917e-01, 1.401416461042507833e-01
1.953389663947401877e-01, 3.314264458358749388e-01, 3.333595279424655389e-01, 1.398750598269194456e-01
1.957540514440617718e-01, 3.313889188075525016e-01, 3.332479114120087682e-01, 1.396091183363769028e-01
1.961697389913299172e-01, 3.313508650427928193e-01, 3.331355750998456489e-01, 1.393438208660314759e-01
1.965860273386615120e-01, 3.313122853669041579e-01, 3.330225206367451452e-01, 1.390791666576892682e-01
1.970029147844477302e-01, 3.312731806013493041e-01, 3.329087496526300094e-01, 1.388151549615728730e-01
1.974203996232615499e-01, 3.312335515637835348e-01, 3.327942637766150291e-01, 1.385517850363397752e-01
1.978384801457652720e-01, 3.311933990680912543e-01, 3.326790646370432203e-01, 1.382890561491003090e-01
1.982571546386174832e-01, 3.311527239244230758e-01, 3.325631538615236305e-01, 1.380269675754358938e-01
1.986764213843814075e-01, 3.311115269392334026e-01, 3.324465330769685312e-01, 1.377655185994166864e-01
1.990962786614324243e-01, 3.310698089153171209e-01, 3.323292039096308881e-01, 1.375047085136194558e-01
1.995167247438660585e-01, 3.310275706518472916e-01, 3.322111679851414978e-01, 1.372445366191451521e-01
1.999377579014060546e-01, 3.309848129444116771e-01, 3.320924269285462915e-01, 1.369850022256360877e-01
2.003593763993122556e-01, 3.309415365850502111e-01, 3.319729823643439715e-01, 1.367261046512934231e-01
2.007815784982895646e-01, 3.308977423622925240e-01, 3.318528359165235919e-01, 1.364678432228942639e-01
2.012043624543956299e-01, 3.308534310611941920e-01, 3.317319892086015853e-01, 1.362102172758085372e-01
2.016277265189498069e-01, 3.308086034633747063e-01, 3.316104438636595098e-01, 1.359532261540158937e-01
2.020516689384415365e-01, 3.307632603470543886e-01, 3.314882015043814634e-01, 1.356968692101226948e-01
2.024761879544391407e-01, 3.307174024870910278e-01, 3.313652637530916656e-01, 1.354411458053781103e-01
2.029012818034987564e-01, 3.306710306550178502e-01, 3.312416322317922046e-01, 1.351860553096912165e-01
2.033269487170729917e-01, 3.306241456190799899e-01, 3.311173085622001744e-01, 1.349315971016469551e-01
2.037531869214200819e-01, 3.305767481442717370e-01, 3.309922943657855887e-01, 1.346777705685226478e-01
2.041799946375129626e-01, 3.305288389923738412e-01, 3.308665912638090734e-01, 1.344245751063040950e-01
2.046073700809484808e-01, 3.304804189219905375e-01, 3.307402008773593916e-01, 1.341720101197017290e-01
2.050353114618563566e-01, 3.304314886885864055e-01, 3.306131248273909140e-01, 1.339200750221663794e-01
2.054638169848089502e-01, 3.303820490445238400e-01, 3.304853647347615886e-01, 1.336687692359055935e-01
2.058928848487303620e-01, 3.303321007390997988e-01, 3.303569222202707989e-01, 1.334180921918990681e-01
2.063225132468059220e-01, 3.302816445185829952e-01, 3.302277989046965012e-01, 1.331680433299145261e-01
2.067527003663919005e-01, 3.302306811262511466e-01, 3.300979964088335827e-01, 1.329186220985233979e-01
2.071834443889248589e-01, 3.301792113024275555e-01, 3.299675163535312206e-01, 1.326698279551162263e-01
2.076147434898315269e-01, 3.301272357845186356e-01, 3.298363603597311289e-01, 1.324216603659186808e-01
2.080465958384384306e-01, 3.300747553070507712e-01, 3.297045300485047514e-01, 1.321741188060061023e-01
2.084789995978816035e-01, 3.300217706017070651e-01, 3.295720270410915642e-01, 1.319272027593198227e-01
2.089119529250165197e-01, 3.299682823973649759e-01, 3.294388529589368231e-01, 1.316809117186817646e-01
2.093454539703278605e-01, 3.299142914201326215e-01, 3.293050094237292003e-01, 1.314352451858102622e-01
2.097795008778396419e-01, 3.298597983933863054e-01, 3.291704980574391981e-01, 1.311902026713347158e-01
2.102140917850248425e-01, 3.298048040378073753e-01, 3.290353204823565636e-01, 1.309457836948112741e-01
2.106492248227155584e-01, 3.297493090714187502e-01, 3.288994783211281470e-01, 1.307019877847375722e-01
2.110848981150130754e-01, 3.296933142096227232e-01, 3.287629731967962043e-01, 1.304588144785679971e-01
2.115211097791978023e-01, 3.296368201652370988e-01, 3.286258067328365340e-01, 1.302162633227285926e-01
2.119578579256394535e-01, 3.295798276485326639e-01, 3.284879805531956687e-01, 1.299743338726322417e-01
2.123951406577070378e-01, 3.295223373672699352e-01, 3.283494962823296226e-01, 1.297330256926934600e-01
2.128329560716789581e-01, 3.294643500267361302e-01, 3.282103555452415833e-01, 1.294923383563433006e-01
2.132713022566534167e-01, 3.294058663297819711e-01, 3.280705599675199924e-01, 1.292522714460447031e-01
2.137101772944580980e-01, 3.293468869768586549e-01, 3.279301111753764597e-01, 1.290128245533066209e-01
2.141495792595607961e-01, 3.292874126660549905e-01, 3.277890107956845100e-01, 1.287739972786997311e-01
2.145895062189791813e-01, 3.292274440931338142e-01, 3.276472604560163870e-01, 1.285357892318706730e-01
2.150299562321911495e-01, 3.291669819515691264e-01, 3.275048617846825771e-01, 1.282982000315572302e-01
2.154709273510448941e-01, 3.291060269325830068e-01, 3.273618164107689466e-01, 1.280612293056031248e-01
2.159124176196692835e-01, 3.290445797251824733e-01, 3.272181259641754325e-01, 1.278248766909728662e-01
2.163544250743834885e-01, 3.289826410161961201e-01, 3.270737920756538464e-01, 1.275891418337663508e-01
2.167969477436078041e-01, 3.289202114903114205e-01, 3.269288163768466204e-01, 1.273540243892342105e-01
2.172399836477730273e-01, 3.288572918301106984e-01, 3.267832005003240003e-01, 1.271195240217922462e-01
2.176835307992311952e-01, 3.287938827161088762e-01, 3.266369460796236801e-01, 1.268856404050363318e-01
2.181275872021650464e-01, 3.287299848267897229e-01, 3.264900547492876615e-01, 1.266523732217575693e-01
2.185721508524985646e-01, 3.286655988386429361e-01, 3.263425281449015558e-01, 1.264197221639568325e-01
2.190172197378068286e-01, 3.286007254262009458e-01, 3.261943679031323873e-01, 1.261876869328599216e-01
2.194627918372256958e-01, 3.285353652620751630e-01, 3.260455756617668954e-01, 1.259562672389323013e-01
2.199088651213621237e-01, 3.284695190169934498e-01, 3.258961530597503375e-01, 1.257254628018941445e-01
2.203554375522038256e-01, 3.284031873598367568e-01, 3.257461017372239032e-01, 1.254952733507354035e-01
2.208025070830293146e-01, 3.283363709576755385e-01, 3.255954233355644600e-01, 1.252656986237307424e-01
2.212500716583173654e-01, 3.282690704758067790e-01, 3.254441194974215801e-01, 1.250367383684543310e-01
2.216981292136570858e-01, 3.282012865777906296e-01, 3.252921918667568968e-01, 1.248083923417952767e-01
2.221466776756575445e-01, 3.281330199254874902e-01, 3.251396420888822414e-01, 1.245806603099727516e-01
2.225957149618570940e-01, 3.280642711790940358e-01, 3.249864718104980565e-01, 1.243535420485507026e-01
2.230452389806334423e-01, 3.279950409971809089e-01, 3.248326826797320876e-01, 1.241270373424535611e-01
2.234952476311126979e-01, 3.279253300367284685e-01, 3.246782763461775745e-01, 1.239011459859811898e-01
2.239457388030789697e-01, 3.278551389531643157e-01, 3.245232544609326086e-01, 1.236758677828241754e-01
2.243967103768838012e-01, 3.277844684003993758e-01, 3.243676186766374925e-01, 1.234512025460793028e-01
2.248481602233552701e-01, 3.277133190308653687e-01, 3.242113706475143742e-01, 1.232271500982649592e-01
2.253000862037074226e-01, 3.276416914955506687e-01, 3.240545120294056058e-01, 1.230037102713363861e-01
2.257524861694488738e-01, 3.275695864440376082e-01, 3.238970444798121573e-01, 1.227808829067013607e-01
2.262053579622926025e-01, 3.274970045245390593e-01, 3.237389696579325293e-01, 1.225586678552358644e-01
2.266586994140641353e-01, 3.274239463839350717e-01, 3.235802892247013895e-01, 1.223370649772993479e-01
2.271125083466108974e-01, 3.273504126678095094e-01, 3.234210048428287076e-01, 1.221160741427509411e-01
2.275667825717104797e-01, 3.272764040204870772e-01, 3.232611181768377251e-01, 1.218956952309647596e-01
2.280215198909798235e-01, 3.272019210850695692e-01, 3.231006308931047011e-01, 1.216759281308459895e-01
2.284767180957830435e-01, 3.271269645034730056e-01, 3.229395446598970487e-01, 1.214567727408469161e-01
2.289323749671405839e-01, 3.270515349164642704e-01, 3.227778611474125814e-01, 1.212382289689825227e-01
2.293884882756369592e-01, 3.269756329636975267e-01, 3.226155820278184261e-01, 1.210202967328470602e-01
2.298450557813291328e-01, 3.268992592837510203e-01, 3.224527089752899922e-01, 1.208029759596298131e-01
2.303020752336545629e-01, 3.268224145141642722e-01, 3.222892436660495519e-01, 1.205862665861315020e-01
2.307595443713392203e-01, 3.267450992914743835e-01, 3.221251877784058193e-01, 1.203701685587806047e-01
2.312174609223051347e-01, 3.266673142512523942e-01, 3.219605429927926976e-01, 1.201546818336497180e-01
2.316758226035784962e-01, 3.265890600281410316e-01, 3.217953109918084698e-01, 1.199398063764720995e-01
2.321346271211964518e-01, 3.265103372558903483e-01, 3.216294934602550448e-01, 1.197255421626581967e-01
2.325938721701154843e-01, 3.264311465673953583e-01, 3.214630920851767049e-01, 1.195118891773124664e-01
2.330535554341178484e-01, 3.263514885947323974e-01, 3.212961085558999064e-01, 1.192988474152498896e-01
2.335136745857189777e-01, 3.262713639691955936e-01, 3.211285445640721936e-01, 1.190864168810131518e-01
2.339742272860746986e-01, 3.261907733213343930e-01, 3.209604018037013340e-01, 1.188745975888895468e-01
2.344352111848874431e-01, 3.261097172809894751e-01, 3.207916819711952305e-01, 1.186633895629277402e-01
2.348966239203134354e-01, 3.260281964773303898e-01, 3.206223867654007242e-01, 1.184527928369554367e-01
2.353584631188688492e-01, 3.259462115388915282e-01, 3.204525178876432845e-01, 1.182428074545963659e-01
2.358207263953362998e-01, 3.258637630936097040e-01, 3.202820770417663110e-01, 1.180334334692876158e-01
2.362834113526709467e-01, 3.257808517688602357e-01, 3.201110659341713238e-01, 1.178246709442974383e-01
2.367465155819064304e-01, 3.256974781914946382e-01, 3.199394862738562106e-01, 1.176165199527425265e-01
2.372100366620608636e-01, 3.256136429878768168e-01, 3.197673397724563604e-01, 1.174089805776060286e-01
2.376739721600419353e-01, 3.255293467839198152e-01, 3.195946281442831882e-01, 1.172020529117551307e-01
2.381383196305530692e-01, 3.254445902051235073e-01, 3.194213531063642142e-01, 1.169957370579591399e-01
2.386030766159983052e-01, 3.253593738766109578e-01, 3.192475163784830872e-01, 1.167900331289076360e-01
2.390682406463872645e-01, 3.252736984231650030e-01, 3.190731196832191086e-01, 1.165849412472285268e-01
2.395338092392403362e-01, 3.251875644692661105e-01, 3.188981647459872004e-01, 1.163804615455063807e-01
2.399997798994930320e-01, 3.251009726391285160e-01, 3.187226532950777624e-01, 1.161765941663008561e-01
2.404661501194006179e-01, 3.250139235567373608e-01, 3.185465870616966400e-01, 1.159733392621653675e-01
2.409329173784426348e-01, 3.249264178458863839e-01, 3.183699677800054251e-01, 1.157706969956656118e-01
2.414000791432264759e-01, 3.248384561302140039e-01, 3.181927971871609806e-01, 1.155686675393984841e-01
2.418676328673917686e-01, 3.247500390332407338e-01, 3.180150770233563517e-01, 1.153672510760110348e-01
2.423355759915135910e-01, 3.246611671784066511e-01, 3.178368090318602901e-01, 1.151664477982193846e-01
2.428039059430061319e-01, 3.245718411891078126e-01, 3.176579949590580543e-01, 1.149662579088280151e-01
2.432726201360257967e-01, 3.244820616887338915e-01, 3.174786365544911004e-01, 1.147666816207492113e-01
2.437417159713743953e-01, 3.243918293007049813e-01, 3.172987355708983825e-01, 1.145677191570222547e-01
2.442111908364016648e-01, 3.243011446485091764e-01, 3.171182937642558763e-01, 1.143693707508333379e-01
2.446810421049079309e-01, 3.242100083557393764e-01, 3.169373128938177131e-01, 1.141716366455349657e-01
2.451512671370464636e-01, 3.241184210461308668e-01, 3.167557947221565362e-01, 1.139745170946661612e-01
2.456218632792252776e-01, 3.240263833435982899e-01, 3.165737410152043019e-01, 1.137780123619721445e-01
2.460928278640091837e-01, 3.239338958722732809e-01, 3.163911535422928578e-01, 1.135821227214247192e-01
2.465641582100215889e-01, 3.238409592565414385e-01, 3.162080340761946329e-01, 1.133868484572424784e-01
2.470358516218450484e-01, 3.237475741210800173e-01, 3.160243843931638819e-01, 1.131921898639111218e-01
2.475079053899232606e-01, 3.236537410908953416e-01, 3.158402062729771531e-01, 1.129981472462042585e-01
2.479803167904613137e-01, 3.235594607913597764e-01, 3.156555014989749774e-01, 1.128047209192039185e-01
2.484530830853264871e-01, 3.234647338482500301e-01, 3.154702718581021692e-01, 1.126119112083214246e-01
2.489262015219483593e-01, 3.233695608877838468e-01, 3.152845191409492376e-01, 1.124197184493185009e-01
2.493996693332191650e-01, 3.232739425366584207e-01, 3.150982451417941865e-01, 1.122281429883283388e-01
2.498734837373932649e-01, 3.231778794220869777e-01, 3.149114516586427603e-01, 1.120371851818768860e-01
2.503476419379869755e-01, 3.230813721718375220e-01, 3.147241404932710762e-01, 1.118468453969043291e-01
2.508221411236774556e-01, 3.229844214142698067e-01, 3.145363134512660919e-01, 1.116571240107865626e-01
2.512969784682018703e-01, 3.228870277783734699e-01, 3.143479723420675720e-01, 1.114680214113571710e-01
2.517721511302560278e-01, 3.227891918938052274e-01, 3.141591189790097216e-01, 1.112795379969289677e-01
2.522476562533928490e-01, 3.226909143909277855e-01, 3.139697551793630415e-01, 1.110916741763162824e-01
2.527234909659204498e-01, 3.225921959008464790e-01, 3.137798827643758504e-01, 1.109044303688571514e-01
2.531996523807999444e-01, 3.224930370554484615e-01, 3.135895035593162516e-01, 1.107178070044354118e-01
2.536761375955427500e-01, 3.223934384874395653e-01, 3.133986193935143216e-01, 1.105318045235033492e-01
2.541529436921084462e-01, 3.222934008303830478e-01, 3.132072321004040205e-01, 1.103464233771044856e-01
2.546300677368011356e-01, 3.221929247187376721e-01, 3.130153435175652143e-01, 1.101616640268960057e-01
2.551075067801663043e-01, 3.220920107878953442e-01, 3.128229554867664741e-01, 1.099775269451719190e-01
2.555852578568870714e-01, 3.219906596742201366e-01, 3.126300698540065426e-01, 1.097940126148862910e-01
2.560633179856804942e-01, 3.218888720150856475e-01, 3.124366884695577440e-01, 1.096111215296760588e-01
2.565416841691930405e-01, 3.217866484489142476e-01, 3.122428131880078395e-01, 1.094288541938848447e-01
2.570203533938960061e-01, 3.216839896152147160e-01, 3.120484458683029927e-01, 1.092472111225862436e-01
2.574993226299808202e-01, 3.215808961546211542e-01, 3.118535883737902914e-01, 1.090661928416077203e-01
2.579785888312535747e-01, 3.214773687089314547e-01, 3.116582425722606575e-01, 1.088857998875542993e-01
2.584581489350296080e-01, 3.213734079211456596e-01, 3.114624103359920904e-01, 1.087060328078325866e-01
2.589379998620277568e-01, 3.212690144355048738e-01, 3.112660935417922436e-01, 1.085268921606750703e-01
2.594181385162641074e-01, 3.211641888975298453e-01, 3.110692940710418908e-01, 1.083483785151642398e-01
2.598985617849451923e-01, 3.210589319540598230e-01, 3.108720138097377239e-01, 1.081704924512572191e-01
2.603792665383619087e-01, 3.209532442532913588e-01, 3.106742546485365408e-01, 1.079932345598102889e-01
2.608602496297812712e-01, 3.208471264448173321e-01, 3.104760184827977665e-01, 1.078166054426036996e-01
2.613415078953399973e-01, 3.207405791796658634e-01, 3.102773072126276954e-01, 1.076406057123665133e-01
2.618230381539357610e-01, 3.206336031103395601e-01, 3.100781227429227904e-01, 1.074652359928017775e-01
2.623048372071198342e-01, 3.205261988908545967e-01, 3.098784669834138694e-01, 1.072904969186117830e-01
2.627869018389876743e-01, 3.204183671767797392e-01, 3.096783418487093487e-01, 1.071163891355232101e-01
2.632692288160708438e-01, 3.203101086252760354e-01, 3.094777492583402068e-01, 1.069429133003129001e-01
2.637518148872273760e-01, 3.202014238951360614e-01, 3.092766911368031724e-01, 1.067700700808335151e-01
2.642346567835321403e-01, 3.200923136468232788e-01, 3.090751694136054661e-01, 1.065978601560390870e-01
2.647177512181674297e-01, 3.199827785425118365e-01, 3.088731860233093207e-01, 1.064262842160113992e-01
2.652010948863120499e-01, 3.198728192461261499e-01, 3.086707429055761120e-01, 1.062553429619857853e-01
2.656846844650310735e-01, 3.197624364233803140e-01, 3.084678420052111014e-01, 1.060850371063774972e-01
2.661685166131648184e-01, 3.196516307418187930e-01, 3.082644852722082884e-01, 1.059153673728081974e-01
2.666525879712173253e-01, 3.195404028708552224e-01, 3.080606746617949865e-01, 1.057463344961324242e-01
2.671368951612450027e-01, 3.194287534818134322e-01, 3.078564121344771753e-01, 1.055779392224643204e-01
2.676214347867442167e-01, 3.193166832479668593e-01, 3.076516996560842987e-01, 1.054101823092045281e-01
2.681062034325389365e-01, 3.192041928445792376e-01, 3.074465391978147832e-01, 1.052430645250670704e-01
2.685911976646681021e-01, 3.190912829489442881e-01, 3.072409327362811138e-01, 1.050765866501065515e-01
2.690764140302722707e-01, 3.189779542404269641e-01, 3.070348822535553523e-01, 1.049107494757454406e-01
2.695618490574800408e-01, 3.188642074005033078e-01, 3.068283897372151570e-01, 1.047455538048015083e-01
2.700474992552944764e-01, 3.187500431128011402e-01, 3.066214571803890787e-01, 1.045810004515153047e-01
2.705333611134784766e-01, 3.186354620631409174e-01, 3.064140865818026915e-01, 1.044170902415778174e-01
2.710194311024401448e-01, 3.185204649395768639e-01, 3.062062799458245554e-01, 1.042538240121584359e-01
2.715057056731180474e-01, 3.184050524324369413e-01, 3.059980392825124018e-01, 1.040912026119326927e-01
2.719921812568653618e-01, 3.182892252343646478e-01, 3.057893666076594297e-01, 1.039292269011105746e-01
2.724788542653344137e-01, 3.181729840403603737e-01, 3.055802639428406575e-01, 1.037678977514645690e-01
2.729657210903605469e-01, 3.180563295478217034e-01, 3.053707333154597747e-01, 1.036072160463580860e-01
2.734527781038451621e-01, 3.179392624565853809e-01, 3.051607767587954378e-01, 1.034471826807739081e-01
2.739400216576394209e-01, 3.178217834689691657e-01, 3.049503963120487326e-01, 1.032877985613427918e-01
2.744274480834261176e-01, 3.177038932898124668e-01, 3.047395940203894704e-01, 1.031290646063721395e-01
2.749150536926027177e-01, 3.175855926265186424e-01, 3.045283719350037610e-01, 1.029709817458749621e-01
2.754028347761628415e-01, 3.174668821890970216e-01, 3.043167321131415304e-01, 1.028135509215985927e-01
2.758907876045781360e-01, 3.173477626902042603e-01, 3.041046766181634831e-01, 1.026567730870541345e-01
2.763789084276788710e-01, 3.172282348451869738e-01, 3.038922075195888972e-01, 1.025006492075452996e-01
2.768671934745352003e-01, 3.171082993721234256e-01, 3.036793268931435308e-01, 1.023451802601979127e-01
2.773556389533373689e-01, 3.169879569918664375e-01, 3.034660368208070280e-01, 1.021903672339891794e-01
2.778442410512755867e-01, 3.168672084280853007e-01, 3.032523393908617693e-01, 1.020362111297774821e-01
2.783329959344196802e-01, 3.167460544073083528e-01, 3.030382366979403885e-01, 1.018827129603315923e-01
2.788218997475983563e-01, 3.166244956589665538e-01, 3.028237308430742347e-01, 1.017298737503608275e-01
2.793109486142779652e-01, 3.165025329154351752e-01, 3.026088239337421659e-01, 1.015776945365445966e-01
2.798001386364409870e-01, 3.163801669120774318e-01, 3.023935180839190662e-01, 1.014261763675624178e-01
2.802894658944639072e-01, 3.162573983872876138e-01, 3.021778154141245287e-01, 1.012753203041240196e-01
2.807789264469947588e-01, 3.161342280825339413e-01, 3.019617180514720389e-01, 1.011251274189992888e-01
2.812685163308308312e-01, 3.160106567424024737e-01, 3.017452281297178796e-01, 1.009755987970486490e-01
2.817582315607954357e-01, 3.158866851146403532e-01, 3.015283477893109243e-01, 1.008267355352532452e-01
2.822480681296137273e-01, 3.157623139501992693e-01, 3.013110791774415431e-01, 1.006785387427454603e-01
2.827380220077896911e-01, 3.156375440032799795e-01, 3.010934244480912847e-01, 1.005310095408390864e-01
2.832280891434812431e-01, 3.155123760313755521e-01, 3.008753857620830585e-01, 1.003841490630601740e-01
2.837182654623758293e-01, 3.153868107953158861e-01, 3.006569652871307619e-01, 1.002379584551775782e-01
2.842085468675652482e-01, 3.152608490593120094e-01, 3.004381651978894618e-01, 1.000924388752333777e-01
2.846989292394203064e-01, 3.151344915909999878e-01, 3.002189876760057996e-01, 9.994759149357397565e-02
2.851894084354647529e-01, 3.150077391614864997e-01, 2.999994349101681723e-01, 9.980341749288064446e-02
2.856799802902493246e-01, 3.148805925453926347e-01, 2.997795090961574704e-01, 9.965991806820058418e-02
2.861706406152251247e-01, 3.147530525208990237e-01, 2.995592124368982589e-01, 9.951709442697770358e-02
2.866613851986162254e-01, 3.146251198697914142e-01, 2.993385471425087929e-01, 9.937494778908359527e-02
2.871522098052931571e-01, 3.144967953775050229e-01, 2.991175154303530870e-01, 9.923347938684878855e-02
2.876431101766440124e-01, 3.143680798331708326e-01, 2.988961195250917080e-01, 9.909269046509347478e-02
2.881340820304476580e-01, 3.142389740296601119e-01, 2.986743616587333450e-01, 9.895258228115882959e-02
2.886251210607442275e-01, 3.141094787636312669e-01, 2.984522440706863788e-01, 9.881315610493814072e-02
2.891162229377064463e-01, 3.139795948355746380e-01, 2.982297690078108965e-01, 9.867441321890797756e-02
2.896073833075111237e-01, 3.138493230498594078e-01, 2.980069387244702050e-01, 9.853635491815923575e-02
2.900985977922085346e-01, 3.137186642147792304e-01, 2.977837554825836230e-01, 9.839898251042866750e-02
2.905898619895931900e-01, 3.135876191425988613e-01, 2.975602215516781612e-01, 9.826229731612975971e-02
2.910811714730733302e-01, 3.134561886496007865e-01, 2.973363392089415358e-01, 9.812630066838433363e-02
2.915725217915402512e-01, 3.133243735561318521e-01, 2.971121107392744598e-01, 9.799099391305352014e-02
2.920639084692369658e-01, 3.131921746866500045e-01, 2.968875384353437119e-01, 9.785637840876922067e-02
2.925553270056276411e-01, 3.130595928697719743e-01, 2.966626245976350384e-01, 9.772245552696524895e-02
