2.557517516071922126e-01, 3.228494086853823664e-01, 3.335458538688315655e-01, 8.785298583859381394e-02
2.561362196275877023e-01, 3.221255313687182431e-01, 3.337193409475524009e-01, 8.801890805614168145e-02
2.565205738100402866e-01, 3.214018327302411993e-01, 3.338919850053660432e-01, 8.818560845435259588e-02
2.569048087618282517e-01, 3.206783210859626143e-01, 3.340637842347615738e-01, 8.835308591744765738e-02
2.572889190980122143e-01, 3.199550047211525694e-01, 3.342347368452973089e-01, 8.852133933553796297e-02
2.576728994414801410e-01, 3.192318918903340741e-01, 3.344048410635692137e-01, 8.869036760461659896e-02
2.580567444229921459e-01, 3.185089908172780704e-01, 3.345740951331784840e-01, 8.886016962655132745e-02
2.584404486812249546e-01, 3.177863096949985477e-01, 3.347424973146994054e-01, 8.903074430907720327e-02
2.588240068628166468e-01, 3.170638566857486018e-01, 3.349100458856459905e-01, 8.920209056578891349e-02
2.592074136224110648e-01, 3.163416399210166596e-01, 3.350767391404383400e-01, 8.937420731613394953e-02
2.595906636227016673e-01, 3.156196675015235376e-01, 3.352425753903693906e-01, 8.954709348540536296e-02
2.599737515344758831e-01, 3.148979474972193326e-01, 3.354075529635702768e-01, 8.972074800473454903e-02
2.603566720366586873e-01, 3.141764879472815908e-01, 3.355716702049752476e-01, 8.989516981108459925e-02
2.607394198163564547e-01, 3.134552968601130862e-01, 3.357349254762869162e-01, 9.007035784724340410e-02
2.611219895689005921e-01, 3.127343822133413775e-01, 3.358973171559410109e-01, 9.024631106181697782e-02
2.615043759978903370e-01, 3.120137519538173088e-01, 3.360588436390695155e-01, 9.042302840922279705e-02
2.618865738152363898e-01, 3.112934139976154535e-01, 3.362195033374646980e-01, 9.060050884968351426e-02
2.622685777412037123e-01, 3.105733762300337264e-01, 3.363792946795423067e-01, 9.077875134922031020e-02
2.626503825044539941e-01, 3.098536465055951039e-01, 3.365382161103039893e-01, 9.095775487964685713e-02
2.630319828420886741e-01, 3.091342326480482350e-01, 3.366962660912999339e-01, 9.113751841856321256e-02
2.634133734996909615e-01, 3.084151424503694394e-01, 3.368534431005902330e-01, 9.131804094934940774e-02
2.637945492313680251e-01, 3.076963836747653724e-01, 3.370097456327065255e-01, 9.149932146116003528e-02
2.641755047997930150e-01, 3.069779640526757447e-01, 3.371651721986130834e-01, 9.168135894891807358e-02
2.645562349762466958e-01, 3.062598912847770416e-01, 3.373197213256672322e-01, 9.186415241330905812e-02
2.649367345406589136e-01, 3.055421730409858538e-01, 3.374733915575792720e-01, 9.204770086077596059e-02
2.653169982816501737e-01, 3.048248169604642621e-01, 3.376261814543725093e-01, 9.223200330351312426e-02
2.656970209965723306e-01, 3.041078306516243890e-01, 3.377780895923421789e-01, 9.241705875946121251e-02
2.660767974915494438e-01, 3.033912216921341720e-01, 3.379291145640144767e-01, 9.260286625230187973e-02
2.664563225815189673e-01, 3.026749976289236921e-01, 3.380792549781050371e-01, 9.278942481145245613e-02
2.668355910902711070e-01, 3.019591659781915571e-01, 3.382285094594764674e-01, 9.297673347206086847e-02
2.672145978504898989e-01, 3.012437342254126182e-01, 3.383768766490965474e-01, 9.316479127500092161e-02
2.675933377037927885e-01, 3.005287098253456857e-01, 3.385243552039944870e-01, 9.335359726686703885e-02
2.679718055007698774e-01, 2.998141002020419110e-01, 3.386709437972184600e-01, 9.354315049996977938e-02
2.683499961010240020e-01, 2.990999127488536691e-01, 3.388166411177911397e-01, 9.373345003233111983e-02
2.687279043732093697e-01, 2.983861548284448828e-01, 3.389614458706660671e-01, 9.392449492767984687e-02
2.691055251950704719e-01, 2.976728337727999052e-01, 3.391053567766826315e-01, 9.411628425544697751e-02
2.694828534534811637e-01, 2.969599568832356207e-01, 3.392483725725213839e-01, 9.430881709076176234e-02
2.698598840444826341e-01, 2.962475314304119367e-01, 3.393904920106582956e-01, 9.450209251444706415e-02
2.702366118733215972e-01, 2.955355646543440518e-01, 3.395317138593190731e-01, 9.469610961301540286e-02
2.706130318544878732e-01, 2.948240637644147233e-01, 3.396720369024325836e-01, 9.489086747866473659e-02
2.709891389117524696e-01, 2.941130359393880900e-01, 3.398114599395845592e-01, 9.508636520927477020e-02
2.713649279782045509e-01, 2.934024883274224393e-01, 3.399499817859702455e-01, 9.528260190840276422e-02
2.717403939962883541e-01, 2.926924280460851957e-01, 3.400876012723463848e-01, 9.547957668528012087e-02
2.721155319178400478e-01, 2.919828621823678527e-01, 3.402243172449838648e-01, 9.567728865480838729e-02
2.724903367041240365e-01, 2.912737977927011279e-01, 3.403601285656189801e-01, 9.587573693755579995e-02
2.728648033258693206e-01, 2.905652419029717826e-01, 3.404950341114048595e-01, 9.607492065975398177e-02
2.732389267633050234e-01, 2.898572015085388309e-01, 3.406290327748618951e-01, 9.627483895329434771e-02
2.736127020061960291e-01, 2.891496835742513039e-01, 3.407621234638279484e-01, 9.647549095572477418e-02
2.739861240538783993e-01, 2.884426950344663454e-01, 3.408943051014087788e-01, 9.667687581024657362e-02
2.743591879152940116e-01, 2.877362427930676425e-01, 3.410255766259273069e-01, 9.687899266571123325e-02
2.747318886090253098e-01, 2.870303337234849650e-01, 3.411559369908723216e-01, 9.708184067661748684e-02
2.751042211633297208e-01, 2.863249746687141495e-01, 3.412853851648478543e-01, 9.728541900310831714e-02
2.754761806161734605e-01, 2.856201724413376941e-01, 3.414139201315207761e-01, 9.748972681096799986e-02
2.758477620152654519e-01, 2.849159338235459082e-01, 3.415415408895690619e-01, 9.769476327161961959e-02
2.762189604180900204e-01, 2.842122655671588394e-01, 3.416682464526291096e-01, 9.790052756212193341e-02
2.765897708919409226e-01, 2.835091743936491993e-01, 3.417940358492426167e-01, 9.810701886516724757e-02
2.769601885139532094e-01, 2.828066669941649569e-01, 3.419189081228032889e-01, 9.831423636907851704e-02
2.773302083711357557e-01, 2.821047500295537080e-01, 3.420428623315034944e-01, 9.852217926780713897e-02
2.776998255604037902e-01, 2.814034301303869889e-01, 3.421658975482789744e-01, 9.873084676093028811e-02
2.780690351886098699e-01, 2.807027138969856450e-01, 3.422880128607555528e-01, 9.894023805364894619e-02
2.784378323725756887e-01, 2.800026078994455325e-01, 3.424092073711932915e-01, 9.915035235678552883e-02
2.788062122391227748e-01, 2.793031186776644414e-01, 3.425294801964313129e-01, 9.936118888678154015e-02
2.791741699251034659e-01, 2.786042527413685743e-01, 3.426488304678320662e-01, 9.957274686569590749e-02
2.795417005774309960e-01, 2.779060165701413010e-01, 3.427672573312251503e-01, 9.978502552120258051e-02
2.799087993531094720e-01, 2.772084166134511918e-01, 3.428847599468506924e-01, 9.999802408658875486e-02
2.802754614192633498e-01, 2.765114592906814939e-01, 3.430013374893021716e-01, 1.002117418007529293e-01
2.806416819531669105e-01, 2.758151509911603294e-01, 3.431169891474695199e-01, 1.004261779082032680e-01
2.810074561422731820e-01, 2.751194980741906160e-01, 3.432317141244808356e-01, 1.006413316590554774e-01
2.813727791842417503e-01, 2.744245068690820966e-01, 3.433455116376446514e-01, 1.008572023090314879e-01
2.817376462869678466e-01, 2.737301836751832584e-01, 3.434583809183912040e-01, 1.010737891194576771e-01
2.821020526686096042e-01, 2.730365347619139738e-01, 3.435703212122133698e-01, 1.012910913572630800e-01
2.824659935576151470e-01, 2.723435663687986952e-01, 3.436813317786079347e-01, 1.015091082949782508e-01
2.828294641927504016e-01, 2.716512847055011504e-01, 3.437914118910149752e-01, 1.017278392107334034e-01
2.831924598231250756e-01, 2.709596959518588144e-01, 3.439005608367587397e-01, 1.019472833882573426e-01
2.835549757082189148e-01, 2.702688062579183814e-01, 3.440087779169868631e-01, 1.021674401168757990e-01
2.839170071179081822e-01, 2.695786217439724575e-01, 3.441160624466090834e-01, 1.023883086915102492e-01
2.842785493324903046e-01, 2.688891485005961979e-01, 3.442224137542367890e-01, 1.026098884126766808e-01
2.846395976427095187e-01, 2.682003925886851103e-01, 3.443278311821213467e-01, 1.028321785864841076e-01
2.850001473497814630e-01, 2.675123600394935242e-01, 3.444323140860913179e-01, 1.030551785246336949e-01
2.853601937654172693e-01, 2.668250568546737256e-01, 3.445358618354915636e-01, 1.032788875444173721e-01
2.857197322118478211e-01, 2.661384890063158704e-01, 3.446384738131194614e-01, 1.035033049687168194e-01
2.860787580218469017e-01, 2.654526624369883958e-01, 3.447401494151623447e-01, 1.037284301260022884e-01
2.864372665387543426e-01, 2.647675830597797098e-01, 3.448408880511342200e-01, 1.039542623503317137e-01
2.867952531164989494e-01, 2.640832567583398238e-01, 3.449406891438117628e-01, 1.041808009813494501e-01
2.871527131196207061e-01, 2.633996893869235412e-01, 3.450395521291703127e-01, 1.044080453642855094e-01
2.875096419232924250e-01, 2.627168867704335886e-01, 3.451374764563196473e-01, 1.046359948499544085e-01
2.878660349133414509e-01, 2.620348547044653031e-01, 3.452344615874388678e-01, 1.048646487947543643e-01
2.882218874862707558e-01, 2.613535989553514849e-01, 3.453305069977115616e-01, 1.050940065606662394e-01
2.885771950492793669e-01, 2.606731252602077498e-01, 3.454256121752600772e-01, 1.053240675152528200e-01
2.889319530202825725e-01, 2.599934393269798805e-01, 3.455197766210799659e-01, 1.055548310316576782e-01
2.892861568279321838e-01, 2.593145468344900673e-01, 3.456129998489734234e-01, 1.057862964886044782e-01
2.896398019116351308e-01, 2.586364534324857023e-01, 3.457052813854831208e-01, 1.060184632703961294e-01
2.899928837215732802e-01, 2.579591647416875633e-01, 3.457966207698253691e-01, 1.062513307669137874e-01
2.903453977187213098e-01, 2.572826863538398290e-01, 3.458870175538227287e-01, 1.064848983736161464e-01
2.906973393748650270e-01, 2.566070238317596508e-01, 3.459764713018366744e-01, 1.067191654915385784e-01
2.910487041726192436e-01, 2.559321827093887780e-01, 3.460649815906997051e-01, 1.069541315272922177e-01
2.913994876054447625e-01, 2.552581684918447391e-01, 3.461525480096473428e-01, 1.071897958930631833e-01
2.917496851776650857e-01, 2.545849866554737995e-01, 3.462391701602491878e-01, 1.074261580066117883e-01
2.920992924044832351e-01, 2.539126426479042520e-01, 3.463248476563409728e-01, 1.076632172912715957e-01
2.924483048119972395e-01, 2.532411418880995413e-01, 3.464095801239545636e-01, 1.079009731759486557e-01
2.927967179372160111e-01, 2.525704897664143855e-01, 3.464933672012490140e-01, 1.081394250951205616e-01
2.931445273280740560e-01, 2.519006916446492883e-01, 3.465762085384408997e-01, 1.083785724888357005e-01
2.934917285434463508e-01, 2.512317528561073821e-01, 3.466581037977339852e-01, 1.086184148027122265e-01
2.938383171531623872e-01, 2.505636787056511050e-01, 3.467390526532492800e-01, 1.088589514879373388e-01
2.941842887380201610e-01, 2.498964744697602103e-01, 3.468190547909537069e-01, 1.091001820012660328e-01
2.945296388897988282e-01, 2.492301453965904967e-01, 3.468981099085899356e-01, 1.093421058050206146e-01
2.948743632112725832e-01, 2.485646967060331225e-01, 3.469762177156049954e-01, 1.095847223670892989e-01
2.952184573162220382e-01, 2.479001335897743630e-01, 3.470533779330781110e-01, 1.098280311609254878e-01
2.955619168294467136e-01, 2.472364612113570059e-01, 3.471295902936496480e-01, 1.100720316655467157e-01
2.959047373867764730e-01, 2.465736847062417469e-01, 3.472048545414485043e-01, 1.103167233655332619e-01
2.962469146350826255e-01, 2.459118091818696394e-01, 3.472791704320202233e-01, 1.105621057510275396e-01
2.965884442322881953e-01, 2.452508397177254051e-01, 3.473525377322537189e-01, 1.108081783177326668e-01
2.969293218473785245e-01, 2.445907813654012997e-01, 3.474249562203088892e-01, 1.110549405669112866e-01
2.972695431604106542e-01, 2.439316391486619495e-01, 3.474964256855428979e-01, 1.113023920053845123e-01
2.976091038625226504e-01, 2.432734180635097443e-01, 3.475669459284372320e-01, 1.115505321455304011e-01
2.979479996559424304e-01, 2.426161230782513389e-01, 3.476365167605233175e-01, 1.117993605052828715e-01
2.982862262539959786e-01, 2.419597591335645725e-01, 3.477051380043092443e-01, 1.120488766081302184e-01
2.986237793811153951e-01, 2.413043311425662196e-01, 3.477728094932046043e-01, 1.122990799831137393e-01
2.989606547728460573e-01, 2.406498439908808795e-01, 3.478395310714469391e-01, 1.125499701648261103e-01
2.992968481758539467e-01, 2.399963025367100877e-01, 3.479053025940260779e-01, 1.128015466934099709e-01
2.996323553479314783e-01, 2.393437116109026486e-01, 3.479701239266095869e-01, 1.130538091145563834e-01
2.999671720580044387e-01, 2.386920760170255229e-01, 3.480339949454673287e-01, 1.133067569795028345e-01
3.003012940861367053e-01, 2.380414005314355208e-01, 3.480969155373959123e-01, 1.135603898450318200e-01
3.006347172235359633e-01, 2.373916899033517436e-01, 3.481588855996432530e-01, 1.138147072734689430e-01
3.009674372725580360e-01, 2.367429488549290806e-01, 3.482199050398319118e-01, 1.140697088326808883e-01
3.012994500467110481e-01, 2.360951820813319002e-01, 3.482799737758834890e-01, 1.143253940960735626e-01
3.016307513706594223e-01, 2.354483942508089345e-01, 3.483390917359416861e-01, 1.145817626425899155e-01
3.019613370802269325e-01, 2.348025900047691628e-01, 3.483972588582959218e-01, 1.148388140567079135e-01
3.022912030223993129e-01, 2.341577739578578898e-01, 3.484544750913044497e-01, 1.150965479284383475e-01
3.026203450553272556e-01, 2.335139506980338786e-01, 3.485107403933166981e-01, 1.153549638533222788e-01
3.029487590483274095e-01, 2.328711247866471490e-01, 3.485660547325965530e-01, 1.156140614324288746e-01
3.032764408818846014e-01, 2.322293007585181646e-01, 3.486204180872444769e-01, 1.158738402723527711e-01
3.036033864476520572e-01, 2.315884831220166029e-01, 3.486738304451197923e-01, 1.161342999852114505e-01
3.039295916484526794e-01, 2.309486763591420966e-01, 3.487262918037626891e-01, 1.163954401886425349e-01
3.042550523982782695e-01, 2.303098849256047520e-01, 3.487778021703160092e-01, 1.166572605058010526e-01
3.045797646222895838e-01, 2.296721132509073893e-01, 3.488283615614467537e-01, 1.169197605653562178e-01
3.049037242568152228e-01, 2.290353657384276709e-01, 3.488779700032681452e-01, 1.171829400014888500e-01
3.052269272493505770e-01, 2.283996467655017015e-01, 3.489266275312599142e-01, 1.174467984538878351e-01
3.055493695585553282e-01, 2.277649606835077667e-01, 3.489743341901899165e-01, 1.177113355677469192e-01
3.058710471542521181e-01, 2.271313118179515700e-01, 3.490210900340349753e-01, 1.179765509937613088e-01
3.061919560174227728e-01, 2.264987044685513318e-01, 3.490668951259016106e-01, 1.182424443881243681e-01
3.065120921402056942e-01, 2.258671429093245531e-01, 3.491117495379462143e-01, 1.185090154125235107e-01
3.068314515258924180e-01, 2.252366313886749738e-01, 3.491556533512957250e-01, 1.187762637341368416e-01
3.071500301889226736e-01, 2.246071741294804192e-01, 3.491986066559678026e-01, 1.190441890256290491e-01
3.074678241548804980e-01, 2.239787753291815342e-01, 3.492406095507906150e-01, 1.193127909651472834e-01
3.077848294604889623e-01, 2.233514391598711013e-01, 3.492816621433229574e-01, 1.195820692363170207e-01
3.081010421536043986e-01, 2.227251697683843568e-01, 3.493217645497735946e-01, 1.198520235282377333e-01
3.084164582932107379e-01, 2.220999712763895850e-01, 3.493609168949213806e-01, 1.201226535354783798e-01
3.087310739494132372e-01, 2.214758477804802672e-01, 3.493991193120338790e-01, 1.203939589580726860e-01
3.090448852034309302e-01, 2.208528033522670631e-01, 3.494363719427875381e-01, 1.206659395015145242e-01
3.093578881475901321e-01, 2.202308420384712917e-01, 3.494726749371858676e-01, 1.209385948767526531e-01
3.096700788853160580e-01, 2.196099678610188288e-01, 3.495080284534791693e-01, 1.212119248001859578e-01
3.099814535311247177e-01, 2.189901848171345033e-01, 3.495424326580829910e-01, 1.214859289936577880e-01
3.102920082106143673e-01, 2.183714968794379652e-01, 3.495758877254969699e-01, 1.217606071844507670e-01
3.106017390604561279e-01, 2.177539079960394974e-01, 3.496083938382231748e-01, 1.220359591052811027e-01
3.109106422283847149e-01, 2.171374220906373276e-01, 3.496399511866851717e-01, 1.223119844942927859e-01
3.112187138731878355e-01, 2.165220430626148829e-01, 3.496705599691459221e-01, 1.225886830950514012e-01
3.115259501646963636e-01, 2.159077747871395170e-01, 3.497002203916257934e-01, 1.228660546565383538e-01
3.118323472837729593e-01, 2.152946211152613476e-01, 3.497289326678214016e-01, 1.231440989331441943e-01
3.121379014223009118e-01, 2.146825858740136206e-01, 3.497566970190231217e-01, 1.234228156846622348e-01
3.124426087831720378e-01, 2.140716728665129076e-01, 3.497835136740333195e-01, 1.237022046762818461e-01
3.127464655802746352e-01, 2.134618858720604695e-01, 3.498093828690836404e-01, 1.239822656785813104e-01
3.130494680384807715e-01, 2.128532286462447298e-01, 3.498343048477536299e-01, 1.242629984675209659e-01
3.133516123936330167e-01, 2.122457049210436375e-01, 3.498582798608875777e-01, 1.245444028244357404e-01
3.136528948925310090e-01, 2.116393184049286114e-01, 3.498813081665126945e-01, 1.248264785360276713e-01
3.139533117929173001e-01, 2.110340727829685126e-01, 3.499033900297561783e-01, 1.251092253943580368e-01
3.142528593634627554e-01, 2.104299717169346995e-01, 3.499245257227629469e-01, 1.253926431968396538e-01
3.145515338837521213e-01, 2.098270188454069152e-01, 3.499447155246125374e-01, 1.256767317462283429e-01
3.148493316442683709e-01, 2.092252177838796190e-01, 3.499639597212371722e-01, 1.259614908506149211e-01
3.151462489463767169e-01, 2.086245721248689289e-01, 3.499822586053380480e-01, 1.262469203234163062e-01
3.154422821023092349e-01, 2.080250854380207570e-01, 3.499996124763032901e-01, 1.265330199833667457e-01
3.157374274351473220e-01, 2.074267612702193897e-01, 3.500160216401244639e-01, 1.268197896545087966e-01
3.160316812788054319e-01, 2.068296031456965112e-01, 3.500314864093141409e-01, 1.271072291661839992e-01
3.163250399780129785e-01, 2.062336145661414488e-01, 3.500460071028224096e-01, 1.273953383530231354e-01
3.166174998882971270e-01, 2.056387990108117236e-01, 3.500595840459542196e-01, 1.276841170549369020e-01
3.169090573759640872e-01, 2.050451599366444611e-01, 3.500722175702862260e-01, 1.279735651171052258e-01
3.171997088180803503e-01, 2.044527007783685235e-01, 3.500839080135834669e-01, 1.282636823899675482e-01
3.174894506024541485e-01, 2.038614249486173091e-01, 3.500946557197165410e-01, 1.285544687292120292e-01
3.177782791276151375e-01, 2.032713358380419111e-01, 3.501044610385782296e-01, 1.288459239957646107e-01
3.180661908027951901e-01, 2.026824368154259148e-01, 3.501133243260005634e-01, 1.291380480557783317e-01
3.183531820479075791e-01, 2.020947312277995567e-01, 3.501212459436712221e-01, 1.294308407806216976e-01
3.186392492935264942e-01, 2.015082224005557421e-01, 3.501282262590507677e-01, 1.297243020468670793e-01
3.189243889808660026e-01, 2.009229136375660085e-01, 3.501342656452888780e-01, 1.300184317362791941e-01
3.192085975617580118e-01, 2.003388082212974874e-01, 3.501393644811420791e-01, 1.303132297358024771e-01
3.194918714986311747e-01, 1.997559094129304491e-01, 3.501435231508892576e-01, 1.306086959375491185e-01
3.197742072644877420e-01, 1.991742204524766524e-01, 3.501467420442496148e-01, 1.309048302387859908e-01
3.200556013428812463e-01, 1.985937445588980277e-01, 3.501490215562986230e-01, 1.312016325419219920e-01
3.203360502278937427e-01, 1.980144849302263033e-01, 3.501503620873854250e-01, 1.314991027544944735e-01
3.206155504241116061e-01, 1.974364447436835202e-01, 3.501507640430490675e-01, 1.317972407891558617e-01
3.208940984466021051e-01, 1.968596271558022415e-01, 3.501502278339359564e-01, 1.320960465636597247e-01
3.211716908208891996e-01, 1.962840353025480100e-01, 3.501487538757163120e-01, 1.323955200008465338e-01
3.214483240829288380e-01, 1.957096722994407234e-01, 3.501463425890012360e-01, 1.326956610286293137e-01
3.217239947790838661e-01, 1.951365412416778689e-01, 3.501429943992595550e-01, 1.329964695799787378e-01
3.219986994660988255e-01, 1.945646452042579522e-01, 3.501387097367351098e-01, 1.332979455929081403e-01
3.222724347110743626e-01, 1.939939872421045930e-01, 3.501334890363630437e-01, 1.336000890104580008e-01
3.225451970914406385e-01, 1.934245703901912583e-01, 3.501273327376878686e-01, 1.339028997806802068e-01
3.228169831949316282e-01, 1.928563976636666621e-01, 3.501202412847796985e-01, 1.342063778566220111e-01
3.230877896195575860e-01, 1.922894720579808869e-01, 3.501122151261520377e-01, 1.345105231963096837e-01
3.233576129735780680e-01, 1.917237965490117269e-01, 3.501032547146785134e-01, 1.348153357627316085e-01
3.236264498754751751e-01, 1.911593740931925023e-01, 3.500933605075106647e-01, 1.351208155238215469e-01
3.238942969539247430e-01, 1.905962076276392914e-01, 3.500825329659950080e-01, 1.354269624524409299e-01
3.241611508477683645e-01, 1.900343000702799934e-01, 3.500707725555904926e-01, 1.357337765263610385e-01
3.244270082059853011e-01, 1.894736543199831702e-01, 3.500580797457862325e-01, 1.360412577282454072e-01
3.246918656876631171e-01, 1.889142732566876370e-01, 3.500444550100187402e-01, 1.363494060456306167e-01
3.249557199619687031e-01, 1.883561597415331912e-01, 3.500298988255899357e-01, 1.366582214709081144e-01
3.252185677081187443e-01, 1.877993166169912020e-01, 3.500144116735851019e-01, 1.369677040013048408e-01
3.254804056153500214e-01, 1.872437467069962003e-01, 3.499979940387901167e-01, 1.372778536388636617e-01
3.257412303828886579e-01, 1.866894528170781331e-01, 3.499806464096099634e-01, 1.375886703904233010e-01
3.260010387199201443e-01, 1.861364377344947862e-01, 3.499623692779867956e-01, 1.379001542675983016e-01
3.262598273455585285e-01, 1.855847042283654269e-01, 3.499431631393176700e-01, 1.382123052867584301e-01
3.265175929888149975e-01, 1.850342550498043637e-01, 3.499230284923733891e-01, 1.385251234690072220e-01
3.267743323885665130e-01, 1.844850929320555333e-01, 3.499019658392168997e-01, 1.388386088401610818e-01
3.270300422935243922e-01, 1.839372205906274482e-01, 3.498799756851211917e-01, 1.391527614307269956e-01
3.272847194622016120e-01, 1.833906407234288105e-01, 3.498570585384888076e-01, 1.394675812758807143e-01
3.275383606628815003e-01, 1.828453560109046527e-01, 3.498332149107700184e-01, 1.397830684154438841e-01
3.277909626735838744e-01, 1.823013691161729510e-01, 3.498084453163820551e-01, 1.400992228938611195e-01
3.280425222820331776e-01, 1.817586826851620430e-01, 3.497827502726282289e-01, 1.404160447601765227e-01
3.282930362856247286e-01, 1.812172993467482951e-01, 3.497561302996167742e-01, 1.407335340680101465e-01
3.285425014913914143e-01, 1.806772217128943814e-01, 3.497285859201808567e-01, 1.410516908755333754e-01
3.287909147159698842e-01, 1.801384523787883107e-01, 3.497001176597973049e-01, 1.413705152454444447e-01
3.290382727855666323e-01, 1.796009939229828989e-01, 3.496707260465070077e-01, 1.416900072449433778e-01
3.292845725359236919e-01, 1.790648489075355454e-01, 3.496404116108342564e-01, 1.420101669457064786e-01
3.295298108122840519e-01, 1.785300198781487047e-01, 3.496091748857068637e-01, 1.423309944238602964e-01
3.297739844693568512e-01, 1.779965093643112728e-01, 3.495770164063766727e-01, 1.426524897599553976e-01
3.300170903712821846e-01, 1.774643198794393639e-01, 3.495439367103391204e-01, 1.429746530389394144e-01
3.302591253915961866e-01, 1.769334539210192514e-01, 3.495099363372548562e-01, 1.432974843501298723e-01
3.305000864131951710e-01, 1.764039139707490877e-01, 3.494750158288692510e-01, 1.436209837871865180e-01
3.307399703282999925e-01, 1.758757024946825676e-01, 3.494391757289343481e-01, 1.439451514480830085e-01
3.309787740384199095e-01, 1.753488219433721740e-01, 3.494024165831293716e-01, 1.442699874350785449e-01
3.312164944543164458e-01, 1.748232747520131469e-01, 3.493647389389817892e-01, 1.445954918546885348e-01
3.314531284959668089e-01, 1.742990633405883949e-01, 3.493261433457896525e-01, 1.449216648176552269e-01
3.316886730925273086e-01, 1.737761901140129073e-01, 3.492866303545423268e-01, 1.452485064389175962e-01
3.319231251822962192e-01, 1.732546574622798874e-01, 3.492462005178428863e-01, 1.455760168375809516e-01
3.321564817126771985e-01, 1.727344677606063861e-01, 3.492048543898303437e-01, 1.459041961368860718e-01
3.323887396401413730e-01, 1.722156233695797123e-01, 3.491625925261015451e-01, 1.462330444641773697e-01
3.326198959301898128e-01, 1.716981266353044266e-01, 3.491194154836342323e-01, 1.465625619508715005e-01
3.328499475573165056e-01, 1.711819798895498623e-01, 3.490753238207092712e-01, 1.468927487324244718e-01
3.330788915049694987e-01, 1.706671854498975904e-01, 3.490303180968339913e-01, 1.472236049482989750e-01
3.333067247655135401e-01, 1.701537456198900511e-01, 3.489843988726653579e-01, 1.475551307419310232e-01
3.335334443401914983e-01, 1.696416626891790180e-01, 3.489375667099337552e-01, 1.478873262606957562e-01
3.337590472390858376e-01, 1.691309389336749514e-01, 3.488898221713658820e-01, 1.482201916558734123e-01
3.339835304810799821e-01, 1.686215766156964335e-01, 3.488411658206095334e-01, 1.485537270826139400e-01
3.342068910938199577e-01, 1.681135779841202715e-01, 3.487915982221578837e-01, 1.488879326999019981e-01
3.344291261136745352e-01, 1.676069452745319599e-01, 3.487411199412729368e-01, 1.492228086705204571e-01
3.346502325856973159e-01, 1.671016807093765044e-01, 3.486897315439116407e-01, 1.495583551610144835e-01
3.348702075635862085e-01, 1.665977864981097178e-01, 3.486374335966499483e-01, 1.498945723416540143e-01
3.350890481096450713e-01, 1.660952648373500429e-01, 3.485842266666084321e-01, 1.502314603863964537e-01
3.353067512947436324e-01, 1.655941179110302086e-01, 3.485301113213777335e-01, 1.505690194728484810e-01
3.355233141982775780e-01, 1.650943478905503858e-01, 3.484750881289446212e-01, 1.509072497822273595e-01
3.357387339081297495e-01, 1.645959569349305096e-01, 3.484191576576179394e-01, 1.512461514993218292e-01
3.359530075206288990e-01, 1.640989471909639341e-01, 3.483623204759548342e-01, 1.515857248124523049e-01
3.361661321405107761e-01, 1.636033207933706435e-01, 3.483045771526881440e-01, 1.519259699134305197e-01
3.363781048808770491e-01, 1.631090798649518780e-01, 3.482459282566523484e-01, 1.522668869975186967e-01
3.365889228631558927e-01, 1.626162265167440668e-01, 3.481863743567119585e-01, 1.526084762633881931e-01
3.367985832170608540e-01, 1.621247628481736758e-01, 3.481259160216881865e-01, 1.529507379130772837e-01
3.370070830805509399e-01, 1.616346909472125559e-01, 3.480645538202877809e-01, 1.532936721519487233e-01
3.372144195997900384e-01, 1.611460128905332356e-01, 3.480022883210300844e-01, 1.536372791886465861e-01
3.374205899291056743e-01, 1.606587307436647405e-01, 3.479391200921770899e-01, 1.539815592350524676e-01
3.376255912309492069e-01, 1.601728465611488572e-01, 3.478750497016607768e-01, 1.543265125062411314e-01
3.378294206758542528e-01, 1.596883623866966473e-01, 3.478100777170133884e-01, 1.546721392204356837e-01
3.380320754423964957e-01, 1.592052802533450995e-01, 3.477442047052964891e-01, 1.550184395989618324e-01
3.382335527171523304e-01, 1.587236021836146427e-01, 3.476774312330311867e-01, 1.553654138662019235e-01
3.384338496946578401e-01, 1.582433301896662980e-01, 3.476097578661275223e-01, 1.557130622495482841e-01
3.386329635773683844e-01, 1.577644662734597192e-01, 3.475411851698162469e-01, 1.560613849793555663e-01
3.388308915756171324e-01, 1.572870124269112047e-01, 3.474717137085787111e-01, 1.564103822888930906e-01
3.390276309075735406e-01, 1.568109706320519048e-01, 3.474013440460785862e-01, 1.567600544142960239e-01
3.392231787992034397e-01, 1.563363428611870554e-01, 3.473300767450933080e-01, 1.571104015945163357e-01
3.394175324842264030e-01, 1.558631310770544343e-01, 3.472579123674462420e-01, 1.574614240712728375e-01
3.396106892040762215e-01, 1.553913372329840115e-01, 3.471848514739389602e-01, 1.578131220890007791e-01
3.398026462078583276e-01, 1.549209632730571828e-01, 3.471108946242837945e-01, 1.581654958948006950e-01
3.399934007523092161e-01, 1.544520111322670863e-01, 3.470360423770370017e-01, 1.585185457383866403e-01
3.401829501017555324e-01, 1.539844827366781410e-01, 3.469602952895325942e-01, 1.588722718720338711e-01
3.403712915280724394e-01, 1.535183800035867518e-01, 3.468836539178152822e-01, 1.592266745505254433e-01
3.405584223106429276e-01, 1.530537048416820423e-01, 3.468061188165761366e-01, 1.595817540310990046e-01
3.407443397363161264e-01, 1.525904591512062813e-01, 3.467276905390857533e-01, 1.599375105733920055e-01
3.409290410993666698e-01, 1.521286448241163658e-01, 3.466483696371300827e-01, 1.602939444393868262e-01
3.411125237014537293e-01, 1.516682637442451076e-01, 3.465681566609460917e-01, 1.606510558933551269e-01
3.412947848515796023e-01, 1.512093177874624939e-01, 3.464870521591567609e-01, 1.610088452018010874e-01
3.414758218660489120e-01, 1.507518088218380292e-01, 3.464050566787082452e-01, 1.613673126334047858e-01
3.416556320684278059e-01, 1.502957387078023288e-01, 3.463221707648059255e-01, 1.617264584589641063e-01
3.418342127895027116e-01, 1.498411092983093218e-01, 3.462383949608514588e-01, 1.620862829513365633e-01
3.420115613672402022e-01, 1.493879224389988991e-01, 3.461537298083811609e-01, 1.624467863853797378e-01
3.421876751467458067e-01, 1.489361799683595888e-01, 3.460681758470027236e-01, 1.628079690378918809e-01
3.423625514802233760e-01, 1.484858837178910651e-01, 3.459817336143344857e-01, 1.631698311875511009e-01
3.425361877269347821e-01, 1.480370355122672954e-01, 3.458944036459438709e-01, 1.635323731148540516e-01
3.427085812531592279e-01, 1.475896371694999376e-01, 3.458061864752867698e-01, 1.638955951020541757e-01
3.428797294321530020e-01, 1.471436905011011820e-01, 3.457170826336470326e-01, 1.642594974330988666e-01
3.430496296441092885e-01, 1.466991973122477588e-01, 3.456270926500769614e-01, 1.646240803935660746e-01
3.432182792761179213e-01, 1.462561594019444466e-01, 3.455362170513376352e-01, 1.649893442706000524e-01
3.433856757221255274e-01, 1.458145785631877744e-01, 3.454444563618399577e-01, 1.653552893528467127e-01
3.435518163828955029e-01, 1.453744565831300850e-01, 3.453518111035865923e-01, 1.657219159303878475e-01
3.437166986659684342e-01, 1.449357952432437091e-01, 3.452582817961131201e-01, 1.660892242946747366e-01
3.438803199856220738e-01, 1.444985963194850564e-01, 3.451638689564316409e-01, 1.664572147384611733e-01
3.440426777628325938e-01, 1.440628615824590952e-01, 3.450685730989726530e-01, 1.668258875557356302e-01
3.442037694252346736e-01, 1.436285927975836929e-01, 3.449723947355291531e-01, 1.671952430416524527e-01
3.443635924070826970e-01, 1.431957917252544843e-01, 3.448753343752001821e-01, 1.675652814924626366e-01
3.445221441492116177e-01, 1.427644601210091846e-01, 3.447773925243355353e-01, 1.679360032054437180e-01
3.446794220989983226e-01, 1.423345997356925685e-01, 3.446785696864804183e-01, 1.683074084788286351e-01
3.448354237103231079e-01, 1.419062123156216992e-01, 3.445788663623207126e-01, 1.686794976117345635e-01
3.449901464435308207e-01, 1.414792996027500471e-01, 3.444782830496292414e-01, 1.690522709040898353e-01
3.451435877653933892e-01, 1.410538633348333293e-01, 3.443768202432120895e-01, 1.694257286565611920e-01
3.452957451490710206e-01, 1.406299052455942666e-01, 3.442744784348552578e-01, 1.697998711704793717e-01
3.454466160740752856e-01, 1.402074270648878407e-01, 3.441712581132722604e-01, 1.701746987477646966e-01
3.455961980262306499e-01, 1.397864305188663558e-01, 3.440671597640519996e-01, 1.705502116908509946e-01
3.457444884976379473e-01, 1.393669173301448350e-01, 3.439621838696075296e-01, 1.709264103026096326e-01
3.458914849866368546e-01, 1.389488892179664703e-01, 3.438563309091247078e-01, 1.713032948862720506e-01
3.460371849977689762e-01, 1.385323478983675471e-01, 3.437496013585117360e-01, 1.716808657453516018e-01
3.461815860417417068e-01, 1.381172950843434499e-01, 3.436419956903497552e-01, 1.720591231835650603e-01
3.463246856353914827e-01, 1.377037324860133083e-01, 3.435335143738426078e-01, 1.724380675047525735e-01
3.464664813016478107e-01, 1.372916618107858922e-01, 3.434241578747689316e-01, 1.728176990127974488e-01
3.466069705694976300e-01, 1.368810847635248962e-01, 3.433139266554328661e-01, 1.731980180115446633e-01
3.467461509739495629e-01, 1.364720030467142520e-01, 3.432028211746174784e-01, 1.735790248047188178e-01
3.468840200559988873e-01, 1.360644183606235236e-01, 3.430908418875365795e-01, 1.739607196958409541e-01
3.470205753625926759e-01, 1.356583324034733862e-01, 3.429779892457888724e-01, 1.743431029881449823e-01
3.471558144465949902e-01, 1.352537468716007996e-01, 3.428642636973114333e-01, 1.747261749844927770e-01
3.472897348667526307e-01, 1.348506634596242648e-01, 3.427496656863345259e-01, 1.751099359872887173e-01
3.474223341876611082e-01, 1.344490838606093586e-01, 3.426341956533362487e-01, 1.754943862983932013e-01
3.475536099797315037e-01, 1.340490097662336288e-01, 3.425178540349993472e-01, 1.758795262190356590e-01
3.476835598191561072e-01, 1.336504428669517686e-01, 3.424006412641660280e-01, 1.762653560497259575e-01
3.478121812878767760e-01, 1.332533848521610109e-01, 3.422825577697962141e-01, 1.766518760901660545e-01
3.479394719735509067e-01, 1.328578374103656090e-01, 3.421636039769239690e-01, 1.770390866391594320e-01
3.480654294695205708e-01, 1.324638022293422035e-01, 3.420437803066163074e-01, 1.774269879945208628e-01
3.481900513747796522e-01, 1.320712809963044132e-01, 3.419230871759314505e-01, 1.778155804529845674e-01
3.483133352939424832e-01, 1.316802753980675922e-01, 3.418015249978782477e-01, 1.782048643101117325e-01
3.484352788372133136e-01, 1.312907871212134203e-01, 3.416790941813762084e-01, 1.785948398601970022e-01
3.485558796203547804e-01, 1.309028178522546049e-01, 3.415557951312160334e-01, 1.789855073961745258e-01
3.486751352646583202e-01, 1.305163692777989437e-01, 3.414316282480204801e-01, 1.793768672095223393e-01
3.487930433969136379e-01, 1.301314430847136938e-01, 3.413065939282063921e-01, 1.797689195901663317e-01
3.489096016493794528e-01, 1.297480409602899398e-01, 3.411806925639471189e-01, 1.801616648263835441e-01
3.490248076597546878e-01, 1.293661645924060466e-01, 3.410539245431355448e-01, 1.805551032047038318e-01
3.491386590711491600e-01, 1.289858156696918612e-01, 3.409262902493475633e-01, 1.809492350098113600e-01
3.492511535320562688e-01, 1.286069958816922765e-01, 3.407977900618068268e-01, 1.813440605244444337e-01
3.493622886963245189e-01, 1.282297069190304895e-01, 3.406684243553496638e-01, 1.817395800292954111e-01
3.494720622231303198e-01, 1.278539504735715093e-01, 3.405381935003898297e-01, 1.821357938029082857e-01
3.495804717769517289e-01, 1.274797282385850827e-01, 3.404070978628864763e-01, 1.825327021215767676e-01
3.496875150275411404e-01, 1.271070419089086467e-01, 3.402751378043095687e-01, 1.829303052592405887e-01
3.497931896499005266e-01, 1.267358931811099765e-01, 3.401423136816084658e-01, 1.833286034873809200e-01
3.498974933242550711e-01, 1.263662837536498051e-01, 3.400086258471797240e-01, 1.837275970749153720e-01
3.500004237360289649e-01, 1.259982153270436944e-01, 3.398740746488364550e-01, 1.841272862880909689e-01
3.501019785758205938e-01, 1.256316896040243491e-01, 3.397386604297776280e-01, 1.845276713903775401e-01
3.502021555393789454e-01, 1.252667082897032658e-01, 3.396023835285586490e-01, 1.849287526423591954e-01
3.503009523275802950e-01, 1.249032730917321726e-01, 3.394652442790624947e-01, 1.853305303016250238e-01
3.503983666464053348e-01, 1.245413857204643315e-01, 3.393272430104712911e-01, 1.857330046226591536e-01
3.504943962069165808e-01, 1.241810478891155062e-01, 3.391883800472387245e-01, 1.861361758567292302e-01
3.505890387252375562e-01, 1.238222613139244727e-01, 3.390486557090632846e-01, 1.865400442517747281e-01
3.506822919225306423e-01, 1.234650277143136965e-01, 3.389080703108620085e-01, 1.869446100522936527e-01
3.507741535249770948e-01, 1.231093488130491770e-01, 3.387666241627454444e-01, 1.873498734992282977e-01
3.508646212637569484e-01, 1.227552263364003193e-01, 3.386243175699923391e-01, 1.877558348298503932e-01
3.509536928750295881e-01, 1.224026620142993765e-01, 3.384811508330259344e-01, 1.881624942776450871e-01
3.510413660999147090e-01, 1.220516575805006415e-01, 3.383371242473911522e-01, 1.885698520721935945e-01
3.511276386844743302e-01, 1.217022147727390702e-01, 3.381922381037309466e-01, 1.889779084390554864e-01
3.512125083796954761e-01, 1.213543353328889740e-01, 3.380464926877659870e-01, 1.893866635996496461e-01
3.512959729414723009e-01, 1.210080210071218243e-01, 3.378998882802722314e-01, 1.897961177711336989e-01
3.513780301305906018e-01, 1.206632735460642092e-01, 3.377524251570614977e-01, 1.902062711662836914e-01
3.514586777127116646e-01, 1.203200947049550690e-01, 3.376041035889615904e-01, 1.906171239933715233e-01
3.515379134583575538e-01, 1.199784862438026400e-01, 3.374549238417976493e-01, 1.910286764560422124e-01
3.516157351428958466e-01, 1.196384499275410240e-01, 3.373048861763738859e-01, 1.914409287531892989e-01
3.516921405465268657e-01, 1.192999875261863685e-01, 3.371539908484565418e-01, 1.918538810788302240e-01
3.517671274542700788e-01, 1.189631008149925617e-01, 3.370022381087572905e-01, 1.922675336219800968e-01
3.518406936559517195e-01, 1.186277915746065392e-01, 3.368496282029173616e-01, 1.926818865665242964e-01
3.519128369461930195e-01, 1.182940615912231458e-01, 3.366961613714931634e-01, 1.930969400910904910e-01
3.519835551243995497e-01, 1.179619126567396509e-01, 3.365418378499414054e-01, 1.935126943689194079e-01
3.520528459947502853e-01, 1.176313465689095283e-01, 3.363866578686058317e-01, 1.939291495677343546e-01
3.521207073661885012e-01, 1.173023651314960281e-01, 3.362306216527052305e-01, 1.943463058496102125e-01
3.521871370524128353e-01, 1.169749701544252757e-01, 3.360737294223210547e-01, 1.947641633708408759e-01
3.522521328718687394e-01, 1.166491634539386785e-01, 3.359159813923865423e-01, 1.951827222818059426e-01
3.523156926477417628e-01, 1.163249468527449842e-01, 3.357573777726768349e-01, 1.956019827268364042e-01
3.523778142079502240e-01, 1.160023221801717436e-01, 3.355979187677991527e-01, 1.960219448440788659e-01
3.524384953851396607e-01, 1.156812912723163556e-01, 3.354376045771845782e-01, 1.964426087653592945e-01
3.524977340166777773e-01, 1.153618559721965586e-01, 3.352764353950802856e-01, 1.968639746160452675e-01
3.525555279446499490e-01, 1.150440181299001441e-01, 3.351144114105425453e-01, 1.972860425149073893e-01
3.526118750158554471e-01, 1.147277796027344338e-01, 3.349515328074303966e-01, 1.977088125739795421e-01
3.526667730818054403e-01, 1.144131422553752025e-01, 3.347877997644012615e-01, 1.981322848984181650e-01
3.527202199987198861e-01, 1.141001079600145324e-01, 3.346232124549051723e-01, 1.985564595863602566e-01
3.527722136275275311e-01, 1.137886785965088465e-01, 3.344577710471827725e-01, 1.989813367287809331e-01
3.528227518338648006e-01, 1.134788560525254869e-01, 3.342914757042611540e-01, 1.994069164093486557e-01
3.528718324880765755e-01, 1.131706422236894299e-01, 3.341243265839529686e-01, 1.998331987042809565e-01
3.529194534652178028e-01, 1.128640390137290034e-01, 3.339563238388551514e-01, 2.002601836821980286e-01
3.529656126450551601e-01, 1.125590483346209786e-01, 3.337874676163486432e-01, 2.006878714039752876e-01
3.530103079120704423e-01, 1.122556721067349550e-01, 3.336177580585991675e-01, 2.011162619225954629e-01
3.530535371554645585e-01, 1.119539122589774532e-01, 3.334471953025588964e-01, 2.015453552829992168e-01
3.530952982691620279e-01, 1.116537707289348008e-01, 3.332757794799687256e-01, 2.019751515219344318e-01
3.531355891518170864e-01, 1.113552494630158235e-01, 3.331035107173621612e-01, 2.024056506678048872e-01
3.531744077068198484e-01, 1.110583504165936070e-01, 3.329303891360687051e-01, 2.028368527405177979e-01
3.532117518423039115e-01, 1.107630755541464396e-01, 3.327564148522199061e-01, 2.032687577513297705e-01
3.532476194711550721e-01, 1.104694268493982418e-01, 3.325815879767544114e-01, 2.037013657026923441e-01
3.532820085110199848e-01, 1.101774062854582181e-01, 3.324059086154257381e-01, 2.041346765880960590e-01
3.533149168843170984e-01, 1.098870158549597742e-01, 3.322293768688097115e-01, 2.045686903919133326e-01
3.533463425182475914e-01, 1.095982575601985171e-01, 3.320519928323131253e-01, 2.050034070892407523e-01
3.533762833448071961e-01, 1.093111334132698120e-01, 3.318737565961834002e-01, 2.054388266457395640e-01
3.534047373007997428e-01, 1.090256454362051042e-01, 3.316946682455194084e-01, 2.058749490174758001e-01
3.534317023278508163e-01, 1.087417956611078373e-01, 3.315147278602826875e-01, 2.063117741507586311e-01
3.534571763724232984e-01, 1.084595861302885406e-01, 3.313339355153098742e-01, 2.067493019819782729e-01
3.534811573858328559e-01, 1.081790188963987348e-01, 3.311522912803260832e-01, 2.071875324374421734e-01
3.535036433242653153e-01, 1.079000960225645206e-01, 3.309697952199593396e-01, 2.076264654332108384e-01
3.535246321487943155e-01, 1.076228195825187917e-01, 3.307864473937554006e-01, 2.080661008749314922e-01
3.535441218254007367e-01, 1.073471916607330462e-01, 3.306022478561942424e-01, 2.085064386576719886e-01
3.535621103249925734e-01, 1.070732143525480046e-01, 3.304171966567071572e-01, 2.089474786657523897e-01
3.535785956234256400e-01, 1.068008897643036165e-01, 3.302312938396945174e-01, 2.093892207725762122e-01
3.535935757015264969e-01, 1.065302200134678745e-01, 3.300445394445452596e-01, 2.098316648404603690e-01
3.536070485451146550e-01, 1.062612072287649478e-01, 3.298569335056563689e-01, 2.102748107204639727e-01
3.536190121450277224e-01, 1.059938535503022472e-01, 3.296684760524541402e-01, 2.107186582522160012e-01
3.536294644971457179e-01, 1.057281611296965879e-01, 3.294791671094158270e-01, 2.111632072637417978e-01
3.536384036024182720e-01, 1.054641321301995477e-01, 3.292890066960931228e-01, 2.116084575712889881e-01
3.536458274668913826e-01, 1.052017687268216733e-01, 3.290979948271353095e-01, 2.120544089791516484e-01
3.536517341017364480e-01, 1.049410731064555069e-01, 3.289061315123144036e-01, 2.125010612794936138e-01
3.536561215232794653e-01, 1.046820474679983487e-01, 3.287134167565511911e-01, 2.129484142521708978e-01
3.536589877530321724e-01, 1.044246940224731329e-01, 3.285198505599418728e-01, 2.133964676645528913e-01
3.536603308177234672e-01, 1.041690149931487758e-01, 3.283254329177857644e-01, 2.138452212713420342e-01
3.536601487493325480e-01, 1.039150126156595660e-01, 3.281301638206145510e-01, 2.142946748143934044e-01
3.536584395851231077e-01, 1.036626891381230015e-01, 3.279340432542217632e-01, 2.147448280225321415e-01
3.536552013676785844e-01, 1.034120468212572225e-01, 3.277370711996938080e-01, 2.151956806113704823e-01
3.536504321449381316e-01, 1.031630879384968086e-01, 3.275392476334416103e-01, 2.156472322831233246e-01
3.536441299702350327e-01, 1.029158147761076586e-01, 3.273405725272341416e-01, 2.160994827264231810e-01
3.536362929023342816e-01, 1.026702296333009690e-01, 3.271410458482315042e-01, 2.165524316161332175e-01
3.536269190054735501e-01, 1.024263348223458381e-01, 3.269406675590202371e-01, 2.170060786131603470e-01
3.536160063494035444e-01, 1.021841326686807327e-01, 3.267394376176496751e-01, 2.174604233642660478e-01
3.536035530094305268e-01, 1.019436255110238720e-01, 3.265373559776682533e-01, 2.179154655018772091e-01
3.535895570664601140e-01, 1.017048157014826676e-01, 3.263344225881623095e-01, 2.183712046438951171e-01
3.535740166070411306e-01, 1.014677056056612348e-01, 3.261306373937941094e-01, 2.188276403935033587e-01
3.535569297234126274e-01, 1.012322976027679317e-01, 3.259260003348436463e-01, 2.192847723389758086e-01
3.535382945135498445e-01, 1.009985940857203029e-01, 3.257205113472479985e-01, 2.197426000534816737e-01
3.535181090812137827e-01, 1.007665974612497878e-01, 3.255141703626452387e-01, 2.202011230948912046e-01
3.534963715359996095e-01, 1.005363101500047762e-01, 3.253069773084162897e-01, 2.206603410055793524e-01
3.534730799933885059e-01, 1.003077345866525555e-01, 3.250989321077304983e-01, 2.211202533122285097e-01
3.534482325747992926e-01, 1.000808732199795631e-01, 3.248900346795904892e-01, 2.215808595256308078e-01
3.534218274076417199e-01, 9.985572851299114039e-02, 3.246802849388787937e-01, 2.220421591404883599e-01
3.533938626253717019e-01, 9.963230294300920442e-02, 3.244696827964054231e-01, 2.225041516352135873e-01
3.533643363675467719e-01, 9.941059900176887898e-02, 3.242582281589569404e-01, 2.229668364717274087e-01
3.533332467798833698e-01, 9.919061919551401540e-02, 3.240459209293454212e-01, 2.234302130952570686e-01
3.533005920143156842e-01, 9.897236604509083990e-02, 3.238327610064604123e-01, 2.238942809341331053e-01
3.532663702290551599e-01, 9.875584208604074044e-02, 3.236187482853197239e-01, 2.243590393995843757e-01
3.532305795886517275e-01, 9.854104986869138827e-02, 3.234038826571234426e-01, 2.248244878855333584e-01
3.531932182640567519e-01, 9.832799195824643013e-02, 3.231881640093077213e-01, 2.252906257683890690e-01
3.531542844326862052e-01, 9.811667093487391744e-02, 3.229715922255997351e-01, 2.257574524068401423e-01
3.531137762784861689e-01, 9.790708939379312581e-02, 3.227541671860745809e-01, 2.262249671416460550e-01
3.530716919919993924e-01, 9.769924994536001439e-02, 3.225358887672125641e-01, 2.266931692954280431e-01
3.530280297704329606e-01, 9.749315521515117267e-02, 3.223167568419575968e-01, 2.271620581724583254e-01
3.529827878177275724e-01, 9.728880784404635162e-02, 3.220967712797770943e-01, 2.276316330584489955e-01
3.529359643446283723e-01, 9.708621048830927414e-02, 3.218759319467229263e-01, 2.281018932203394411e-01
3.528875575687566157e-01, 9.688536581966721017e-02, 3.216542387054930341e-01, 2.285728379060830706e-01
3.528375657146831101e-01, 9.668627652538885897e-02, 3.214316914154950466e-01, 2.290444663444330398e-01
3.527859870140029330e-01, 9.648894530836048256e-02, 3.212082899329097851e-01, 2.295167777447267854e-01
3.527328197054118153e-01, 9.629337488716077642e-02, 3.209840341107574324e-01, 2.299897712966700314e-01
3.526780620347832462e-01, 9.609956799613414424e-02, 3.207589237989633135e-01, 2.304634461701193515e-01
3.526217122552477989e-01, 9.590752738546190481e-02, 3.205329588444261191e-01, 2.309378015148641494e-01
3.525637686272733440e-01, 9.571725582123252751e-02, 3.203061390910863504e-01, 2.314128364604077781e-01
3.525042294187469283e-01, 9.552875608550963349e-02, 3.200784643799962081e-01, 2.318885501157471885e-01
3.524430929050579309e-01, 9.534203097639870617e-02, 3.198499345493909796e-01, 2.323649415691523556e-01
3.523803573691826063e-01, 9.515708330811190052e-02, 3.196205494347612586e-01, 2.328420098879442623e-01
3.523160211017704602e-01, 9.497391591103129804e-02, 3.193903088689257763e-01, 2.333197541182723822e-01
3.522500824012318454e-01, 9.479253163177032981e-02, 3.191592126821070075e-01, 2.337981732848908312e-01
3.521825395738264475e-01, 9.461293333323353427e-02, 3.189272607020057215e-01, 2.342772663909342412e-01
3.521133909337545442e-01, 9.443512389467458024e-02, 3.186944527538789207e-01, 2.347570324176920520e-01
3.520426348032482111e-01, 9.425910621175230542e-02, 3.184607886606170557e-01, 2.352374703243824972e-01
3.519702695126653569e-01, 9.408488319658522836e-02, 3.182262682428239620e-01, 2.357185790479255638e-01
3.518962934005841481e-01, 9.391245777780411752e-02, 3.179908913188967401e-01, 2.362003575027150359e-01
3.518207048138998760e-01, 9.374183290060271456e-02, 3.177546577051076904e-01, 2.366828045803895941e-01
3.517435021079223789e-01, 9.357301152678682010e-02, 3.175175672156870244e-01, 2.371659191496036934e-01
3.516646836464757953e-01, 9.340599663482096471e-02, 3.172796196629065202e-01, 2.376497000557967199e-01
3.515842478019992057e-01, 9.324079121987381702e-02, 3.170408148571650653e-01, 2.381341461209619537e-01
3.515021929556491620e-01, 9.307739829386148245e-02, 3.168011526070747541e-01, 2.386192561434146986e-01
3.514185174974034931e-01, 9.291582088548860918e-02, 3.165606327195483183e-01, 2.391050288975596072e-01
3.513332198261669981e-01, 9.275606204028784274e-02, 3.163192549998880554e-01, 2.395914631336570066e-01
3.512462983498781943e-01, 9.259812482065736539e-02, 3.160770192518757571e-01, 2.400785575775886416e-01
3.511577514856176752e-01, 9.244201230589611795e-02, 3.158339252778634698e-01, 2.405663109306228342e-01
3.510675776597184106e-01, 9.228772759223731470e-02, 3.155899728788658654e-01, 2.410547218691784233e-01
3.509757753078771580e-01, 9.213527379287987651e-02, 3.153451618546542212e-01, 2.415437890445888136e-01
3.508823428752677609e-01, 9.198465403801778240e-02, 3.150994920038502900e-01, 2.420335110828641945e-01
3.507872788166554456e-01, 9.183587147486732549e-02, 3.148529631240229443e-01, 2.425238865844543401e-01
3.506905815965132844e-01, 9.168892926769246776e-02, 3.146055750117846550e-01, 2.430149141240095512e-01
3.505922496891400453e-01, 9.154383059782776610e-02, 3.143573274628904679e-01, 2.435065922501417346e-01
3.504922815787791524e-01, 9.140057866369953599e-02, 3.141082202723365913e-01, 2.439989194851847343e-01
3.503906757597399779e-01, 9.125917668084472523e-02, 3.138582532344620923e-01, 2.444918943249531351e-01
3.502874307365201334e-01, 9.111962788192756735e-02, 3.136074261430500942e-01, 2.449855152385022050e-01
3.501825450239292592e-01, 9.098193551675423651e-02, 3.133557387914311931e-01, 2.454797806678852556e-01
3.500760171472150906e-01, 9.084610285228500448e-02, 3.131031909725879303e-01, 2.459746890279119746e-01
3.499678456421903006e-01, 9.071213317264455178e-02, 3.128497824792599302e-01, 2.464702387059052591e-01
3.498580290553613414e-01, 9.058002977912980869e-02, 3.125955131040510926e-01, 2.469664280614577434e-01
3.497465659440587848e-01, 9.044979599021561734e-02, 3.123403826395375060e-01, 2.474632554261880779e-01
3.496334548765694383e-01, 9.032143514155802078e-02, 3.120843908783761944e-01, 2.479607191034963187e-01
3.495186944322695166e-01, 9.019495058599551196e-02, 3.118275376134162502e-01, 2.484588173683187629e-01
3.494022832017600333e-01, 9.007034569354753495e-02, 3.115698226378097457e-01, 2.489575484668826999e-01
3.492842197870034138e-01, 8.994762385141123751e-02, 3.113112457451252535e-01, 2.494569106164601924e-01
3.491645028014617180e-01, 8.982678846395526773e-02, 3.110518067294610889e-01, 2.499569020051219115e-01
3.490431308702368063e-01, 8.970784295271162778e-02, 3.107915053855614951e-01, 2.504575207914900292e-01
3.489201026302116149e-01, 8.959079075636490475e-02, 3.105303415089326058e-01, 2.509587651044909440e-01
3.487954167301931530e-01, 8.947563533073930875e-02, 3.102683148959597959e-01, 2.514606330431076731e-01
3.486690718310577197e-01, 8.936238014878293556e-02, 3.100054253440276408e-01, 2.519631226761318565e-01
3.485410666058963991e-01, 8.925102870054986426e-02, 3.097416726516388219e-01, 2.524662320419150396e-01
3.484113997401637741e-01, 8.914158449317979849e-02, 3.094770566185365279e-01, 2.529699591481198717e-01
3.482800699318271964e-01, 8.903405105087491833e-02, 3.092115770458263579e-01, 2.534743019714713608e-01
3.481470758915176655e-01, 8.892843191487460885e-02, 3.089452337361004441e-01, 2.539792584575072953e-01
3.480124163426828732e-01, 8.882473064342730207e-02, 3.086780264935620188e-01, 2.544848265203279447e-01
3.478760900217411911e-01, 8.872295081175991804e-02, 3.084099551241520354e-01, 2.549910040423468693e-01
3.477380956782381016e-01, 8.862309601204490517e-02, 3.081410194356765664e-01, 2.554977888740404546e-01
3.475984320750035717e-01, 8.852516985336431055e-02, 3.078712192379349233e-01, 2.560051788336971668e-01
3.474570979883110367e-01, 8.842917596167164385e-02, 3.076005543428500522e-01, 2.565131717071672535e-01
3.473140922080382165e-01, 8.833511797975070190e-02, 3.073290245645994290e-01, 2.570217652476117220e-01
3.471694135378298740e-01, 8.824299956717214510e-02, 3.070566297197467320e-01, 2.575309571752512072e-01
3.470230607952612956e-01, 8.815282440024707622e-02, 3.067833696273761235e-01, 2.580407451771154492e-01
3.468750328120042137e-01, 8.806459617197806566e-02, 3.065092441092264752e-01, 2.585511269067912177e-01
3.467253284339937847e-01, 8.797831859200756777e-02, 3.062342529898269827e-01, 2.590620999841717342e-01
3.465739465215975645e-01, 8.789399538656327004e-02, 3.059583960966344440e-01, 2.595736619952046520e-01
3.464208859497859283e-01, 8.781163029840122203e-02, 3.056816732601715381e-01, 2.600858104916413116e-01
3.462661456083037659e-01, 8.773122708674555015e-02, 3.054040843141660466e-01, 2.605985429907846096e-01
3.461097244018443431e-01, 8.765278952722589667e-02, 3.051256290956916306e-01, 2.611118569752380880e-01
3.459516212502243282e-01, 8.757632141181195817e-02, 3.048463074453093280e-01, 2.616257498926543024e-01
3.457918350885608727e-01, 8.750182654874481825e-02, 3.045661192072108836e-01, 2.621402191554834671e-01
3.456303648674492468e-01, 8.742930876246594873e-02, 3.042850642293625230e-01, 2.626552621407222121e-01
3.454672095531436948e-01, 8.735877189354308847e-02, 3.040031423636506136e-01, 2.631708761896626725e-01
3.453023681277380685e-01, 8.729021979859299951e-02, 3.037203534660278814e-01, 2.636870586076410783e-01
3.451358395893495690e-01, 8.722365635020191965e-02, 3.034366973966610703e-01, 2.642038066637873994e-01
3.449676229523030435e-01, 8.715908543684251775e-02, 3.031521740200800452e-01, 2.647211175907743241e-01
3.447977172473175034e-01, 8.709651096278811511e-02, 3.028667832053275055e-01, 2.652389885845668482e-01
3.446261215216934182e-01, 8.703593684802400643e-02, 3.025805248261101976e-01, 2.657574168041724194e-01
3.444528348395025641e-01, 8.697736702815582477e-02, 3.022933987609509598e-01, 2.662763993713906929e-01
3.442778562817785382e-01, 8.692080545431446481e-02, 3.020054048933427659e-01, 2.667959333705641756e-01
3.441011849467096040e-01, 8.686625609305881346e-02, 3.017165431119027130e-01, 2.673160158483288695e-01
3.439228199498321481e-01, 8.681372292627451137e-02, 3.014268133105278968e-01, 2.678366438133653049e-01
3.437427604242269119e-01, 8.676320995107041079e-02, 3.011362153885524529e-01, 2.683578142361502383e-01
3.435610055207150015e-01, 8.671472117967143900e-02, 3.008447492509051524e-01, 2.688795240487082405e-01
3.433775544080576170e-01, 8.666826063930871404e-02, 3.005524148082688862e-01, 2.694017701443646717e-01
3.431924062731552816e-01, 8.662383237210631581e-02, 3.002592119772407031e-01, 2.699245493774977689e-01
3.430055603212497917e-01, 8.658144043496493469e-02, 2.999651406804927367e-01, 2.704478585632925647e-01
3.428170157761271097e-01, 8.654108889944268912e-02, 2.996702008469356304e-01, 2.709716944774946401e-01
3.426267718803222007e-01, 8.650278185163221001e-02, 2.993743924118808519e-01, 2.714960538561647652e-01
3.424348278953250335e-01, 8.646652339203514392e-02, 2.990777153172061720e-01, 2.720209333954336506e-01
3.422411831017878048e-01, 8.643231763543293700e-02, 2.987801695115209766e-01, 2.725463297512581984e-01
3.420458367997346039e-01, 8.640016871075474614e-02, 2.984817549503331890e-01, 2.730722395391775859e-01
3.418487883087710233e-01, 8.637008076094189468e-02, 2.981824715962166916e-01, 2.735986593340702933e-01
3.416500369682967109e-01, 8.634205794280931656e-02, 2.978823194189811341e-01, 2.741255856699126858e-01
3.414495821377189211e-01, 8.631610442690344775e-02, 2.975812983958409097e-01, 2.746530150395367631e-01
3.412474231966662885e-01, 8.629222439735687034e-02, 2.972794085115865181e-01, 2.751809438943903507e-01
3.410435595452061541e-01, 8.627042205173990341e-02, 2.969766497587569276e-01, 2.757093686442969593e-01
3.408379906040617247e-01, 8.625070160090873850e-02, 2.966730221378122700e-01, 2.762382856572173639e-01
3.406307158148307312e-01, 8.623306726884991114e-02, 2.963685256573079241e-01, 2.767676912590114613e-01
3.404217346402065858e-01, 8.621752329252199698e-02, 2.960631603340699858e-01, 2.772975817332014037e-01
3.402110465641996484e-01, 8.620407392169343597e-02, 2.957569261933709615e-01, 2.778279533207360097e-01
3.399986510923603822e-01, 8.619272341877727561e-02, 2.954498232691070148e-01, 2.783588022197551748e-01
3.397845477520041735e-01, 8.618347605866244487e-02, 2.951418516039766571e-01, 2.788901245853567246e-01
3.395687360924369291e-01, 8.617633612854140590e-02, 2.948330112496586053e-01, 2.794219165293631568e-01
3.393512156851821171e-01, 8.617130792773466941e-02, 2.945233022669928591e-01, 2.799541741200903266e-01
3.391319861242096390e-01, 8.616839576751177121e-02, 2.942127247261613898e-01, 2.804868933821171306e-01
3.389110470261653130e-01, 8.616760397090857115e-02, 2.939012787068701060e-01, 2.810200702960560237e-01
3.386883980306019670e-01, 8.616893687254140177e-02, 2.935889642985316517e-01, 2.815537007983249795e-01
3.384640388002119193e-01, 8.617239881841748383e-02, 2.932757816004492590e-01, 2.820877807809212268e-01
3.382379690210605139e-01, 8.617799416574201121e-02, 2.929617307220017119e-01, 2.826223060911957075e-01
3.380101884028208215e-01, 8.618572728272154426e-02, 2.926468117828286419e-01, 2.831572725316289230e-01
3.377806966790098397e-01, 8.619560254836397539e-02, 2.923310249130173788e-01, 2.836926758596088893e-01
3.375494936072257479e-01, 8.620762435227494191e-02, 2.920143702532899677e-01, 2.842285117872093148e-01
3.373165789693864935e-01, 8.622179709445071394e-02, 2.916968479551919624e-01, 2.847647759809708301e-01
3.370819525719692678e-01, 8.623812518506736302e-02, 2.913784581812813301e-01, 2.853014640616820530e-01
3.368456142462512015e-01, 8.625661304426655851e-02, 2.910592011053181882e-01, 2.858385716041640379e-01
3.366075638485517274e-01, 8.627726510193758913e-02, 2.907390769124562624e-01, 2.863760941370543378e-01
3.363678012604754963e-01, 8.630008579749590125e-02, 2.904180857994337894e-01, 2.869140271425947852e-01
3.361263263891562381e-01, 8.632507957965794565e-02, 2.900962279747665296e-01, 2.874523660564193284e-01
3.358831391675024536e-01, 8.635225090621238830e-02, 2.897735036589408897e-01, 2.879911062673443101e-01
3.356382395544437180e-01, 8.638160424378775459e-02, 2.894499130846076573e-01, 2.885302431171608561e-01
3.353916275351778720e-01, 8.641314406761638200e-02, 2.891254564967772334e-01, 2.890697719004284294e-01
3.351433031214198222e-01, 8.644687486129473686e-02, 2.888001341530149757e-01, 2.896096878642705486e-01
3.348932663516505093e-01, 8.648280111653991464e-02, 2.884739463236373203e-01, 2.901499862081722836e-01
3.346415172913677072e-01, 8.652092733294282356e-02, 2.881468932919091230e-01, 2.906906620837804711e-01
3.343880560333374885e-01, 8.656125801771709372e-02, 2.878189753542411133e-01, 2.912317105947042628e-01
3.341328826978466338e-01, 8.660379768544505807e-02, 2.874901928203883461e-01, 2.917731267963200592e-01
3.338759974329550961e-01, 8.664855085781922317e-02, 2.871605460136495980e-01, 2.923149056955759995e-01
3.336174004147517969e-01, 8.669552206338067279e-02, 2.868300352710666523e-01, 2.928570422508008364e-01
3.333570918476082001e-01, 8.674471583725337775e-02, 2.864986609436249165e-01, 2.933995313715135334e-01
3.330950719644351632e-01, 8.679613672087492515e-02, 2.861664233964544835e-01, 2.939423679182354143e-01
3.328313410269394534e-01, 8.684978926172347291e-02, 2.858333230090316923e-01, 2.944855467023053119e-01
3.325658993258813201e-01, 8.690567801304101281e-02, 2.854993601753815224e-01, 2.950290624856961030e-01
3.322987471813330651e-01, 8.696380753355284488e-02, 2.851645353042801534e-01, 2.955729099808340199e-01
3.320298849429381138e-01, 8.702418238718316601e-02, 2.848288488194585244e-01, 2.961170838504202374e-01
3.317593129901709181e-01, 8.708680714276730017e-02, 2.844923011598060048e-01, 2.966615787072556798e-01
3.314870317325979698e-01, 8.715168637375975136e-02, 2.841548927795754520e-01, 2.972063891140669378e-01
3.312130416101381480e-01, 8.721882465793863448e-02, 2.838166241485872709e-01, 2.977515095833359604e-01
3.309373430933261750e-01, 8.728822657710641475e-02, 2.834774957524357486e-01, 2.982969345771317449e-01
3.306599366835739073e-01, 8.735989671678688617e-02, 2.831375080926941123e-01, 2.988426585069451913e-01
3.303808229134344576e-01, 8.743383966591819489e-02, 2.827966616871216976e-01, 2.993886757335257331e-01
3.301000023468656508e-01, 8.751006001654218491e-02, 2.824549570698701717e-01, 2.999349805667220203e-01
3.298174755794945900e-01, 8.758856236349012170e-02, 2.821123947916910901e-01, 3.004815672653243230e-01
3.295332432388823896e-01, 8.766935130406436349e-02, 2.817689754201431751e-01, 3.010284300369100996e-01
3.292473059847900174e-01, 8.775243143771654930e-02, 2.814246995398004825e-01, 3.015755630376929508e-01
3.289596645094437499e-01, 8.783780736572160963e-02, 2.810795677524608460e-01, 3.021229603723737944e-01
3.286703195378017361e-01, 8.792548369084844662e-02, 2.807335806773542108e-01, 3.026706160939954815e-01
3.283792718278208955e-01, 8.801546501702654790e-02, 2.803867389513520214e-01, 3.032185242038005768e-01
3.280865221707238710e-01, 8.810775594900879804e-02, 2.800390432291758880e-01, 3.037666786510914707e-01
3.277920713912664819e-01, 8.820236109203083430e-02, 2.796904941836076963e-01, 3.043150733330950430e-01
3.274959203480057313e-01, 8.829928505146618367e-02, 2.793410925056990513e-01, 3.048637020948288257e-01
3.271980699335683140e-01, 8.839853243247809689e-02, 2.789908389049813309e-01, 3.054125587289721055e-01
3.268985210749180692e-01, 8.850010783966708039e-02, 2.786397341096759628e-01, 3.059616369757389709e-01
3.265972747336251536e-01, 8.860401587671516699e-02, 2.782877788669043673e-01, 3.065109305227552983e-01
3.262943319061349934e-01, 8.871026114602621748e-02, 2.779349739428993438e-01, 3.070604330049394037e-01
3.259896936240370691e-01, 8.881884824836240588e-02, 2.775813201232147920e-01, 3.076101380043858580e-01
3.256833609543338115e-01, 8.892978178247695764e-02, 2.772268182129369318e-01, 3.081600390502522990e-01
3.253753349997100530e-01, 8.904306634474346005e-02, 2.768714690368951348e-01, 3.087101296186511856e-01
3.250656168988024786e-01, 8.915870652878099545e-02, 2.765152734398729217e-01, 3.092604031325436598e-01
3.247542078264681331e-01, 8.927670692507563843e-02, 2.761582322868184614e-01, 3.098108529616377393e-01
3.244411089940547055e-01, 8.939707212059873342e-02, 2.758003464630558454e-01, 3.103614724222906185e-01
3.241263216496690358e-01, 8.951980669842066196e-02, 2.754416168744961424e-01, 3.109122547774141321e-01
3.238098470784464000e-01, 8.964491523732155687e-02, 2.750820444478480620e-01, 3.114631932363839950e-01
3.234916866028196836e-01, 8.977240231139810289e-02, 2.747216301308286202e-01, 3.120142809549535934e-01
3.231718415827881663e-01, 8.990227248966646545e-02, 2.743603748923744146e-01, 3.125655110351710508e-01
3.228503134161860855e-01, 9.003453033566191643e-02, 2.739982797228515676e-01, 3.131168765253003472e-01
3.225271035389514207e-01, 9.016918040703465753e-02, 2.736353456342668911e-01, 3.136683704197470446e-01
3.222022134253936798e-01, 9.030622725514161897e-02, 2.732715736604773848e-01, 3.142199856589872331e-01
3.218756445884621287e-01, 9.044567542463556598e-02, 2.729069648574011242e-01, 3.147717151295011395e-01
3.215473985800127443e-01, 9.058752945304944515e-02, 2.725415203032267586e-01, 3.153235516637111213e-01
3.212174769910762229e-01, 9.073179387037794141e-02, 2.721752410986228998e-01, 3.158754880399229359e-01
3.208858814521238223e-01, 9.087847319865528795e-02, 2.718081283669478432e-01, 3.164275169822729494e-01
3.205526136333344267e-01, 9.102757195152924585e-02, 2.714401832544586779e-01, 3.169796311606777328e-01
3.202176752448596675e-01, 9.117909463383171154e-02, 2.710714069305193430e-01, 3.175318231907894306e-01
3.198810680370891002e-01, 9.133304574114592400e-02, 2.707018005878097378e-01, 3.180840856339551270e-01
3.195427938009157698e-01, 9.148942975936993904e-02, 2.703313654425332224e-01, 3.186364109971810965e-01
3.192028543679987784e-01, 9.164825116427657847e-02, 2.699601027346240634e-01, 3.191887917331006075e-01
3.188612516110277406e-01, 9.180951442107021521e-02, 2.695880137279546562e-01, 3.197412202399472769e-01
3.185179874439850733e-01, 9.197322398393974197e-02, 2.692150997105421939e-01, 3.202936888615330324e-01
3.181730638224075092e-01, 9.213938429560830645e-02, 2.688413619947543354e-01, 3.208461898872297380e-01
3.178264827436477202e-01, 9.230799978687957708e-02, 2.684668019175153186e-01, 3.213987155519574257e-01
3.174782462471338884e-01, 9.247907487618063638e-02, 2.680914208405101862e-01, 3.219512580361753584e-01
3.171283564146296086e-01, 9.265261396910148828e-02, 2.677152201503897322e-01, 3.225038094658791432e-01
3.167768153704920153e-01, 9.282862145793124853e-02, 2.673382012589738399e-01, 3.230563619126028407e-01
3.164236252819293549e-01, 9.300710172119096286e-02, 2.669603656034546524e-01, 3.236089073934250160e-01
3.160687883592572245e-01, 9.318805912316320550e-02, 2.665817146465989662e-01, 3.241614378709806732e-01
3.157123068561537571e-01, 9.337149801341840250e-02, 2.662022498769496259e-01, 3.247139452534782422e-01
3.153541830699144177e-01, 9.355742272633776890e-02, 2.658219728090265299e-01, 3.252664213947211724e-01
3.149944193417046345e-01, 9.374583758063331773e-02, 2.654408849835266926e-01, 3.258188580941351886e-01
3.146330180568118751e-01, 9.393674687886444108e-02, 2.650589879675236404e-01, 3.263712470968000989e-01
3.142699816448958350e-01, 9.413015490695141041e-02, 2.646762833546649762e-01, 3.269235800934876535e-01
3.139053125802387378e-01, 9.432606593368589309e-02, 2.642927727653711090e-01, 3.274758487207043434e-01
3.135390133819919156e-01, 9.452448421023804115e-02, 2.639084578470305975e-01, 3.280280445607392514e-01
3.131710866144241101e-01, 9.472541396966101257e-02, 2.635233402741967712e-01, 3.285801591417181755e-01
3.128015348871649448e-01, 9.492885942639200936e-02, 2.631374217487814637e-01, 3.291321839376616931e-01
3.124303608554498402e-01, 9.513482477575052609e-02, 2.627507040002491356e-01, 3.296841103685506091e-01
3.120575672203613760e-01, 9.534331419343371194e-02, 2.623631887858091649e-01, 3.302359298003956223e-01
3.116831567290705984e-01, 9.555433183500876282e-02, 2.619748778906076381e-01, 3.307876335453129313e-01
3.113071321750752740e-01, 9.576788183540217714e-02, 2.615857731279169762e-01, 3.313392128616055587e-01
3.109294963984373661e-01, 9.598396830838668015e-02, 2.611958763393255611e-01, 3.318906589538503371e-01
3.105502522860186798e-01, 9.620259534606478979e-02, 2.608051893949258071e-01, 3.324419629729907233e-01
3.101694027717143420e-01, 9.642376701835012054e-02, 2.604137141935004007e-01, 3.329931160164350534e-01
3.097869508366850599e-01, 9.664748737244542587e-02, 2.600214526627080969e-01, 3.335441091281613479e-01
3.094028995095869372e-01, 9.687376043231842038e-02, 2.596284067592677935e-01, 3.340949332988268350e-01
3.090172518667993473e-01, 9.710259019817484016e-02, 2.592345784691414412e-01, 3.346455794658845240e-01
3.086300110326515855e-01, 9.733398064592839460e-02, 2.588399698077151756e-01, 3.351960385137049414e-01
3.082411801796463013e-01, 9.756793572666926095e-02, 2.584445828199796180e-01, 3.357463012737048058e-01
3.078507625286824312e-01, 9.780445936612865154e-02, 2.580484195807085657e-01, 3.362963585244803100e-01
3.074587613492738569e-01, 9.804355546414225686e-02, 2.576514821946358502e-01, 3.368462009919480082e-01
3.070651799597680087e-01, 9.828522789411013594e-02, 2.572537727966311416e-01, 3.373958193494906999e-01
3.066700217275611373e-01, 9.852948050245514955e-02, 2.568552935518738090e-01, 3.379452042181099181e-01
3.062732900693109772e-01, 9.877631710807825705e-02, 2.564560466560256713e-01, 3.384943461665851361e-01
3.058749884511481332e-01, 9.902574150181227275e-02, 2.560560343354014723e-01, 3.390432357116380246e-01
3.054751203888844135e-01, 9.927775744587265250e-02, 2.556552588471384668e-01, 3.395918633181043145e-01
3.050736894482183881e-01, 9.953236867330673976e-02, 2.552537224793638426e-01, 3.401402193991109879e-01
3.046706992449393359e-01, 9.978957888744047211e-02, 2.548514275513600880e-01, 3.406882943162601873e-01
3.042661534451277516e-01, 1.000493917613230477e-01, 2.544483764137293602e-01, 3.412360783798197295e-01
3.038600557653542422e-01, 1.003118109371698569e-01, 2.540445714485558004e-01, 3.417835618489200034e-01
3.034524099728745927e-01, 1.005768400258030271e-01, 2.536400150695655165e-01, 3.423307349317569748e-01
3.030432198858227788e-01, 1.008444826060901633e-01, 2.532347097222851229e-01, 3.428775877858020182e-01
3.026324893734016475e-01, 1.011147422243815486e-01, 2.528286578841985044e-01, 3.434241105180182996e-01
3.022202223560698786e-01, 1.013876223939450538e-01, 2.524218620649013589e-01, 3.439702931850838197e-01
3.018064228057263931e-01, 1.016631265943995222e-01, 2.520143248062535202e-01, 3.445161257936204535e-01
3.013910947458924294e-01, 1.019412582711465703e-01, 2.516060486825300591e-01, 3.450615983004308718e-01
3.009742422518895677e-01, 1.022220208348003784e-01, 2.511970363005693319e-01, 3.456067006127406249e-01
3.005558694510158113e-01, 1.025054176606164102e-01, 2.507872902999193077e-01, 3.461514225884484430e-01
3.001359805227175603e-01, 1.027914520879180948e-01, 2.503768133529825635e-01, 3.466957540363818091e-01
2.997145796987594202e-01, 1.030801274195224243e-01, 2.499656081651576711e-01, 3.472396847165604150e-01
2.992916712633902909e-01, 1.033714469211639841e-01, 2.495536774749793352e-01, 3.477832043404663898e-01
2.988672595535060150e-01, 1.036654138209177206e-01, 2.491410240542559773e-01, 3.483263025713201344e-01
2.984413489588094714e-01, 1.039620313086203479e-01, 2.487276507082052668e-01, 3.488689690243649832e-01
2.980139439219662290e-01, 1.042613025352904926e-01, 2.483135602755867088e-01, 3.494111932671565279e-01
2.975850489387581455e-01, 1.045632306125481581e-01, 2.478987556288328731e-01, 3.499529648198608234e-01
2.971546685582322489e-01, 1.048678186120323014e-01, 2.474832396741771801e-01, 3.504942731555581448e-01
2.967228073828468982e-01, 1.051750695648182854e-01, 2.470670153517799117e-01, 3.510351077005549048e-01
2.962894700686139471e-01, 1.054849864608336796e-01, 2.466500856358515292e-01, 3.515754578347007886e-01
2.958546613252379665e-01, 1.057975722482734915e-01, 2.462324535347735766e-01, 3.521153128917149377e-01
2.954183859162506920e-01, 1.061128298330147324e-01, 2.458141220912166136e-01, 3.526546621595179065e-01
2.949806486591425858e-01, 1.064307620780300945e-01, 2.453950943822565955e-01, 3.531934948805707242e-01
2.945414544254907341e-01, 1.067513718028007680e-01, 2.449753735194871995e-01, 3.537318002522213956e-01
2.941008081410821373e-01, 1.070746617827289388e-01, 2.445549626491306527e-01, 3.542695674270582296e-01
2.936587147860340030e-01, 1.074006347485499946e-01, 2.441338649521453963e-01, 3.548067855132705506e-01
2.932151793949093754e-01, 1.077292933857435103e-01, 2.437120836443310845e-01, 3.553434435750160714e-01
2.927702070568292125e-01, 1.080606403339447047e-01, 2.432896219764305867e-01, 3.558795306327955377e-01
2.923238029155802442e-01, 1.083946781863551201e-01, 2.428664832342298241e-01, 3.564150356638348671e-01
2.918759721697189446e-01, 1.087314094891531496e-01, 2.424426707386537483e-01, 3.569499476024741713e-01
2.914267200726713414e-01, 1.090708367409045920e-01, 2.420181878458606550e-01, 3.574842553405634393e-01
2.909760519328281059e-01, 1.094129623919730954e-01, 2.415930379473324729e-01, 3.580179477278663813e-01
2.905239731136362580e-01, 1.097577888439301153e-01, 2.411672244699629153e-01, 3.585510135724707115e-01
2.900704890336859854e-01, 1.101053184489660247e-01, 2.407407508761421899e-01, 3.590834416412058694e-01
2.896156051667932441e-01, 1.104555535093002250e-01, 2.403136206638387118e-01, 3.596152206600677914e-01
2.891593270420780848e-01, 1.108084962765924081e-01, 2.398858373666782340e-01, 3.601463393146512315e-01
2.887016602440385937e-01, 1.111641489513536113e-01, 2.394574045540190932e-01, 3.606767862505887434e-01
2.882426104126198929e-01, 1.115225136823577434e-01, 2.390283258310250125e-01, 3.612065500739973234e-01
2.877821832432792548e-01, 1.118835925660540409e-01, 2.385986048387346015e-01, 3.617356193519321028e-01
2.873203844870463319e-01, 1.122473876459794823e-01, 2.381682452541272477e-01, 3.622639826128469798e-01
2.868572199505782239e-01, 1.126139009121722712e-01, 2.377372507901863441e-01, 3.627916283470631331e-01
2.863926954962111027e-01, 1.129831343005860411e-01, 2.373056251959590746e-01, 3.633185450072438094e-01
2.859268170420057320e-01, 1.133550896925045876e-01, 2.368733722566124245e-01, 3.638447210088773254e-01
2.854595905617892670e-01, 1.137297689139578766e-01, 2.364404957934867491e-01, 3.643701447307660657e-01
2.849910220851916143e-01, 1.141071737351388588e-01, 2.360069996641454282e-01, 3.648948045155240849e-01
2.845211176976771283e-01, 1.144873058698214346e-01, 2.355728877624208850e-01, 3.654186886700805381e-01
2.840498835405713129e-01, 1.148701669747794613e-01, 2.351381640184578570e-01, 3.659417854661913272e-01
2.835773258110827477e-01, 1.152557586492072017e-01, 2.347028323987528087e-01, 3.664640831409571864e-01
2.831034507623200747e-01, 1.156440824341411489e-01, 2.342668969061897088e-01, 3.669855698973490954e-01
2.826282647033031004e-01, 1.160351398118828065e-01, 2.338303615800727264e-01, 3.675062339047413529e-01
2.821517739989701790e-01, 1.164289322054238018e-01, 2.333932304961549853e-01, 3.680260632994509784e-01
2.816739850701792669e-01, 1.168254609778719422e-01, 2.329555077666640994e-01, 3.685450461852847193e-01
2.811949043937043702e-01, 1.172247274318792554e-01, 2.325171975403234337e-01, 3.690631706340929408e-01
2.807145385022266626e-01, 1.176267328090717657e-01, 2.320783040023708943e-01, 3.695804246863307330e-01
2.802328939843202749e-01, 1.180314782894810871e-01, 2.316388313745725847e-01, 3.700967963516260673e-01
2.797499774844329212e-01, 1.184389649909782516e-01, 2.311987839152340740e-01, 3.706122736093547809e-01
2.792657957028609195e-01, 1.188491939687093130e-01, 2.307581659192070866e-01, 3.711268444092227226e-01
2.787803553957192704e-01, 1.192621662145331995e-01, 2.303169817178928047e-01, 3.716404966718546699e-01
2.782936633749056310e-01, 1.196778826564619674e-01, 2.298752356792414242e-01, 3.721532182893909635e-01
2.778057265080595695e-01, 1.200963441581031771e-01, 2.294329322077474642e-01, 3.726649971260897476e-01
2.773165517185157136e-01, 1.205175515181047541e-01, 2.289900757444419399e-01, 3.731758210189375924e-01
2.768261459852517370e-01, 1.209415054696025144e-01, 2.285466707668801500e-01, 3.736856777782655570e-01
2.763345163428307383e-01, 1.213682066796704373e-01, 2.281027217891255232e-01, 3.741945551883733567e-01
2.758416698813375700e-01, 1.217976557487729372e-01, 2.276582333617300502e-01, 3.747024410081594148e-01
2.753476137463102824e-01, 1.222298532102211177e-01, 2.272132100717102754e-01, 3.752093229717582967e-01
2.748523551386651276e-01, 1.226647995296307886e-01, 2.267676565425195689e-01, 3.757151887891844733e-01
2.743559013146164016e-01, 1.231024951043842852e-01, 2.263215774340163744e-01, 3.762200261469829110e-01
2.738582595855902357e-01, 1.235429402630948276e-01, 2.258749774424284873e-01, 3.767238227088864355e-01
2.733594373181325032e-01, 1.239861352650746956e-01, 2.254278613003130594e-01, 3.772265661164797557e-01
2.728594419338115640e-01, 1.244320802998060416e-01, 2.249802337765128279e-01, 3.777282439898696498e-01
2.723582809091141255e-01, 1.248807754864154629e-01, 2.245320996761083210e-01, 3.782288439283620907e-01
2.718559617753364410e-01, 1.253322208731522114e-01, 2.240834638403655099e-01, 3.787283535111458654e-01
2.713524921184684024e-01, 1.257864164368692750e-01, 2.236343311466799377e-01, 3.792267602979824681e-01
2.708478795790724147e-01, 1.262433620825090530e-01, 2.231847065085162118e-01, 3.797240518299023759e-01
2.703421318521566086e-01, 1.267030576425922372e-01, 2.227345948753435001e-01, 3.802202156299075986e-01
2.698352566870411695e-01, 1.271655028767106344e-01, 2.222840012325671688e-01, 3.807152392036809441e-01
2.693272618872192825e-01, 1.276306974710239017e-01, 2.218329306014557301e-01, 3.812091100403011135e-01
2.688181553102116927e-01, 1.280986410377606965e-01, 2.213813880390637090e-01, 3.817018156129639017e-01
2.683079448674159928e-01, 1.285693331147234608e-01, 2.209293786381504865e-01, 3.821933433797100599e-01
2.677966385239484715e-01, 1.290427731647979803e-01, 2.204769075270948953e-01, 3.826836807841587085e-01
2.672842442984812994e-01, 1.295189605754668016e-01, 2.200239798698050420e-01, 3.831728152562468570e-01
2.667707702630725541e-01, 1.299978946583273676e-01, 2.195706008656248265e-01, 3.836607342129752518e-01
2.662562245429908048e-01, 1.304795746486148988e-01, 2.191167757492348545e-01, 3.841474250591594419e-01
2.657406153165327578e-01, 1.309639997047293281e-01, 2.186625097905504078e-01, 3.846328751881875063e-01
2.652239508148357960e-01, 1.314511689077673406e-01, 2.182078082946140862e-01, 3.851170719827826661e-01
2.647062393216832454e-01, 1.319410812610595507e-01, 2.177526766014848125e-01, 3.856000028157723358e-01
2.641874891733040909e-01, 1.324337356897117846e-01, 2.172971200861216201e-01, 3.860816550508625600e-01
2.636677087581663637e-01, 1.329291310401520820e-01, 2.168411441582644150e-01, 3.865620160434172226e-01
2.631469065167640897e-01, 1.334272660796826104e-01, 2.163847542623088815e-01, 3.870410731412443628e-01
2.626250909413983536e-01, 1.339281394960366856e-01, 2.159279558771783902e-01, 3.875188136853865428e-01
2.621022705759516458e-01, 1.344317498969410662e-01, 2.154707545161902993e-01, 3.879952250109170442e-01
2.615784540156562143e-01, 1.349380958096838001e-01, 2.150131557269188143e-01, 3.884702944477411157e-01
2.610536499068562555e-01, 1.354471756806877036e-01, 2.145551650910529629e-01, 3.889440093214031058e-01
2.605278669467635533e-01, 1.359589878750886438e-01, 2.140967882242505171e-01, 3.894163569538972580e-01
2.600011138832069579e-01, 1.364735306763208700e-01, 2.136380307759868369e-01, 3.898873246644853352e-01
2.594733995143755356e-01, 1.369908022857063978e-01, 2.131788984294001876e-01, 3.903568997705179067e-01
2.589447326885553347e-01, 1.375108008220519429e-01, 2.127193969011320351e-01, 3.908250695882606873e-01
2.584151223038603229e-01, 1.380335243212505447e-01, 2.122595319411631209e-01, 3.912918214337259837e-01
2.578845773079561643e-01, 1.385589707358897971e-01, 2.117993093326450971e-01, 3.917571426235089693e-01
2.573531066977782777e-01, 1.390871379348662673e-01, 2.113387348917277198e-01, 3.922210204756277352e-01
2.568207195192437897e-01, 1.396180237030058002e-01, 2.108778144673817689e-01, 3.926834423103686134e-01
2.562874248669564925e-01, 1.401516257406903443e-01, 2.104165539412172492e-01, 3.931443954511358307e-01
2.557532318839059737e-01, 1.406879416634914115e-01, 2.099549592272974829e-01, 3.936038672253051041e-01
2.552181497611604177e-01, 1.412269690018091994e-01, 2.094930362719485961e-01, 3.940618449650817312e-01
2.546821877375529120e-01, 1.417687052005195403e-01, 2.090307910535645075e-01, 3.945183160083630680e-01
2.541453550993615362e-01, 1.423131476186262623e-01, 2.085682295824080323e-01, 3.949732676996040581e-01
2.536076611799837899e-01, 1.428602935289211839e-01, 2.081053579004067122e-01, 3.954266873906883140e-01
2.530691153596030252e-01, 1.434101401176504920e-01, 2.076421820809448981e-01, 3.958785624418015292e-01
2.525297270648509951e-01, 1.439626844841881415e-01, 2.071787082286515869e-01, 3.963288802223092211e-01
2.519895057684620743e-01, 1.445179236407164169e-01, 2.067149424791829559e-01, 3.967776281116385806e-01
2.514484609889224842e-01, 1.450758545119132104e-01, 2.062508909990015127e-01, 3.972247935001628205e-01
2.509066022901128568e-01, 1.456364739346469594e-01, 2.057865599851502747e-01, 3.976703637900899091e-01
2.503639392809443587e-01, 1.461997786576784697e-01, 2.053219556650228983e-01, 3.981143263963542456e-01
2.498204816149894036e-01, 1.467657653413699248e-01, 2.048570842961291438e-01, 3.985566687475115000e-01
2.492762389901050646e-01, 1.473344305574019741e-01, 2.043919521658565663e-01, 3.989973782866363394e-01
2.487312211480514068e-01, 1.479057707884976480e-01, 2.039265655912269326e-01, 3.994364424722239848e-01
2.481854378741030487e-01, 1.484797824281539336e-01, 2.034609309186493908e-01, 3.998738487790935991e-01
2.476388989966546439e-01, 1.490564617803815384e-01, 2.029950545236686166e-01, 4.003095846992952289e-01
2.470916143868206738e-01, 1.496358050594514266e-01, 2.025289428107088230e-01, 4.007436377430191321e-01
2.465435939580287172e-01, 1.502178083896501259e-01, 2.020626022128137744e-01, 4.011759954395073824e-01
2.459948476656068639e-01, 1.508024678050423062e-01, 2.015960391913821925e-01, 4.016066453379686374e-01
2.454453855063651047e-01, 1.513897792492413519e-01, 2.011292602358991377e-01, 4.020355750084942947e-01
2.448952175181708657e-01, 1.519797385751882335e-01, 2.006622718636632552e-01, 4.024627720429778122e-01
2.443443537795181864e-01, 1.525723415449380393e-01, 2.001950806195091637e-01, 4.028882240560346939e-01
2.437928044090915403e-01, 1.531675838294549452e-01, 1.997276930755269297e-01, 4.033119186859265293e-01
2.432405795653232172e-01, 1.537654610084155937e-01, 1.992601158307761300e-01, 4.037338435954849758e-01
2.426876894459453204e-01, 1.543659685700200512e-01, 1.987923555109965545e-01, 4.041539864730381293e-01
2.421341442875352135e-01, 1.549691019108119794e-01, 1.983244187683142479e-01, 4.045723350333386148e-01
2.415799543650563319e-01, 1.555748563355064673e-01, 1.978563122809441077e-01, 4.049888770184931208e-01
2.410251299913918899e-01, 1.561832270568269954e-01, 1.973880427528878767e-01, 4.054036001988932658e-01
2.404696815168741730e-01, 1.567942091953501982e-01, 1.969196169136283869e-01, 4.058164923741471863e-01
2.399136193288069208e-01, 1.574077977793602034e-01, 1.964510415178195579e-01, 4.062275413740132901e-01
2.393569538509831007e-01, 1.580239877447104369e-01, 1.959823233449728419e-01, 4.066367350593335650e-01
2.387996955431964663e-01, 1.586427739346954469e-01, 1.955134691991390616e-01, 4.070440613229689419e-01
2.382418549007479514e-01, 1.592641510999302790e-01, 1.950444859085871674e-01, 4.074495080907346578e-01
2.376834424539459312e-01, 1.598881138982393701e-01, 1.945753803254781644e-01, 4.078530633223365065e-01
2.371244687676021257e-01, 1.605146568945544638e-01, 1.941061593255360151e-01, 4.082547150123074786e-01
2.365649444405207302e-01, 1.611437745608208516e-01, 1.936368298077142391e-01, 4.086544511909442345e-01
2.360048801049833556e-01, 1.617754612759129407e-01, 1.931673986938587662e-01, 4.090522599252449099e-01
2.354442864262282220e-01, 1.624097113255591751e-01, 1.926978729283672365e-01, 4.094481293198453109e-01
2.348831741019237751e-01, 1.630465189022750894e-01, 1.922282594778443876e-01, 4.098420475179567202e-01
2.343215538616374438e-01, 1.636858781053068257e-01, 1.917585653307536386e-01, 4.102340027023020363e-01
2.337594364662991808e-01, 1.643277829405824231e-01, 1.912887974970655103e-01, 4.106239830960528581e-01
2.331968327076602010e-01, 1.649722273206734036e-01, 1.908189630079019095e-01, 4.110119769637645692e-01
2.326337534077458635e-01, 1.656192050647649905e-01, 1.903490689151769721e-01, 4.113979726123121461e-01
2.320702094183046682e-01, 1.662687098986360135e-01, 1.898791222912344923e-01, 4.117819583918246873e-01
2.315062116202512565e-01, 1.669207354546477506e-01, 1.894091302284821032e-01, 4.121639226966188341e-01
2.309417709231053328e-01, 1.675752752717424576e-01, 1.889390998390209908e-01, 4.125438539661311355e-01
2.303768982644252838e-01, 1.682323227954511391e-01, 1.884690382542737186e-01, 4.129217406858498030e-01
2.298116046092375242e-01, 1.688918713779109237e-01, 1.879989526246072795e-01, 4.132975713882441893e-01
2.292459009494609290e-01, 1.695539142778915709e-01, 1.875288501189534274e-01, 4.136713346536940450e-01
2.286797983033261872e-01, 1.702184446608318857e-01, 1.870587379244262050e-01, 4.140430191114157221e-01
2.281133077147915189e-01, 1.708854555988854051e-01, 1.865886232459351146e-01, 4.144126134403879336e-01
2.275464402529535080e-01, 1.715549400709756311e-01, 1.861185133057959573e-01, 4.147801063702748481e-01
2.269792070114530491e-01, 1.722268909628610900e-01, 1.856484153433386186e-01, 4.151454866823472978e-01
2.264116191078777429e-01, 1.729013010672095507e-01, 1.851783366145106913e-01, 4.155087432104020428e-01
2.258436876831595719e-01, 1.735781630836822631e-01, 1.847082843914793771e-01, 4.158698648416788157e-01
2.252754239009685244e-01, 1.742574696190277994e-01, 1.842382659622295860e-01, 4.162288405177740347e-01
2.247068389471020555e-01, 1.749392131871852218e-01, 1.837682886301592877e-01, 4.165856592355534072e-01
2.241379440288704117e-01, 1.756233862093971865e-01, 1.832983597136720044e-01, 4.169403100480603697e-01
2.235687503744781257e-01, 1.763099810143329838e-01, 1.828284865457663333e-01, 4.172927820654225295e-01
2.229992692324015979e-01, 1.769989898382205440e-01, 1.823586764736228050e-01, 4.176430644557549976e-01
2.224295118707629026e-01, 1.776904048249888235e-01, 1.818889368581880495e-01, 4.179911464460602244e-01
2.218594895766994313e-01, 1.783842180264197941e-01, 1.814192750737560755e-01, 4.183370173231246714e-01
2.212892136557307876e-01, 1.790804214023097585e-01, 1.809496985075469966e-01, 4.186806664344124851e-01
2.207186954311211036e-01, 1.797790068206407688e-01, 1.804802145592833140e-01, 4.190220831889547859e-01
2.201479462432383571e-01, 1.804799660577618703e-01, 1.800108306407635361e-01, 4.193612570582363475e-01
2.195769774489103321e-01, 1.811832907985795327e-01, 1.795415541754331878e-01, 4.196981775770770029e-01
2.190058004207771636e-01, 1.818889726367584336e-01, 1.790723925979539055e-01, 4.200328343445105528e-01
2.184344265466404422e-01, 1.825970030749316242e-01, 1.786033533537697837e-01, 4.203652170246581776e-01
2.178628672288095425e-01, 1.833073735249203251e-01, 1.781344438986710854e-01, 4.206953153475990193e-01
2.172911338834443151e-01, 1.840200753079637985e-01, 1.776656716983568973e-01, 4.210231191102349890e-01
2.167192379398954760e-01, 1.847350996549585733e-01, 1.771970442279942881e-01, 4.213486181771516903e-01
2.161471908400415531e-01, 1.854524377067076069e-01, 1.767285689717758845e-01, 4.216718024814750110e-01
2.155750040376232246e-01, 1.861720805141788282e-01, 1.762602534224761985e-01, 4.219926620257217209e-01
2.150026889975750755e-01, 1.868940190387738398e-01, 1.757921050810041241e-01, 4.223111868826468496e-01
2.144302571953545511e-01, 1.876182441526058065e-01, 1.753241314559554898e-01, 4.226273671960841805e-01
2.138577201162679686e-01, 1.883447466387868641e-01, 1.748563400631624187e-01, 4.229411931817826931e-01
2.132850892547952792e-01, 1.890735171917261037e-01, 1.743887384252413020e-01, 4.232526551282373428e-01
2.127123761139111113e-01, 1.898045464174356323e-01, 1.739213340711393552e-01, 4.235617433975138457e-01
2.121395922044043147e-01, 1.905378248338477076e-01, 1.734541345356788167e-01, 4.238684484260691332e-01
2.115667490441953125e-01, 1.912733428711402284e-01, 1.729871473591002295e-01, 4.241727607255642574e-01
2.109938581576510375e-01, 1.920110908720724929e-01, 1.725203800866036696e-01, 4.244746708836728000e-01
2.104209310748982875e-01, 1.927510590923298683e-01, 1.720538402678889189e-01, 4.247741695648830085e-01
2.098479793311348318e-01, 1.934932377008786730e-01, 1.715875354566936684e-01, 4.250712475112928268e-01
2.092750144659390743e-01, 1.942376167803294140e-01, 1.711214732103311653e-01, 4.253658955434003741e-01
2.087020480225778296e-01, 1.949841863273104048e-01, 1.706556610892258352e-01, 4.256581045608859859e-01
2.081290915473125447e-01, 1.957329362528501260e-01, 1.701901066564479592e-01, 4.259478655433894256e-01
2.075561565887040216e-01, 1.964838563827689677e-01, 1.697248174772475471e-01, 4.262351695512794358e-01
2.069832546969158638e-01, 1.972369364580802975e-01, 1.692598011185866558e-01, 4.265200077264171830e-01
2.064103974230163674e-01, 1.979921661354011597e-01, 1.687950651486707088e-01, 4.268023712929117641e-01
2.058375963182798030e-01, 1.987495349873709127e-01, 1.683306171364794823e-01, 4.270822515578698297e-01
2.052648629334856145e-01, 1.995090325030803857e-01, 1.678664646512965930e-01, 4.273596399121373235e-01
2.046922088182177579e-01, 2.002706480885095564e-01, 1.674026152622384300e-01, 4.276345278310342279e-01
2.041196455201624294e-01, 2.010343710669737216e-01, 1.669390765377821995e-01, 4.279069068750817606e-01
2.035471845844050998e-01, 2.018001906795793554e-01, 1.664758560452935521e-01, 4.281767686907219650e-01
2.029748375527271609e-01, 2.025680960856887924e-01, 1.660129613505538504e-01, 4.284441050110301408e-01
2.024026159629016830e-01, 2.033380763633931831e-01, 1.655504000172861867e-01, 4.287089076564190027e-01
2.018305313479888397e-01, 2.041101205099949412e-01, 1.650881796066814289e-01, 4.289711685353347903e-01
2.012585952356310826e-01, 2.048842174424984619e-01, 1.646263076769239886e-01, 4.292308796449464392e-01
2.006868191473476226e-01, 2.056603559981097229e-01, 1.641647917827172010e-01, 4.294880330718254813e-01
2.001152145978292718e-01, 2.064385249347443219e-01, 1.637036394748081491e-01, 4.297426209926182294e-01
1.995437930942330351e-01, 2.072187129315442855e-01, 1.632428582995129329e-01, 4.299946356747098020e-01
1.989725661354762865e-01, 2.080009085894030663e-01, 1.627824557982412990e-01, 4.302440694768794316e-01
1.984015452115318878e-01, 2.087851004314992820e-01, 1.623224395070214654e-01, 4.304909148499473925e-01
1.978307418027231146e-01, 2.095712769038381440e-01, 1.618628169560252794e-01, 4.307351643374134342e-01
1.972601673790189969e-01, 2.103594263758020722e-01, 1.614035956690930695e-01, 4.309768105760859447e-01
1.966898333993297443e-01, 2.111495371407086097e-01, 1.609447831632588033e-01, 4.312158462967028427e-01
1.961197513108036694e-01, 2.119415974163772753e-01, 1.604863869482758831e-01, 4.314522643245433109e-01
1.955499325481239170e-01, 2.127355953457029936e-01, 1.600284145261427482e-01, 4.316860575800303135e-01
1.949803885328060815e-01, 2.135315189972397665e-01, 1.595708733906293919e-01, 4.319172190793247323e-01
1.944111306724975452e-01, 2.143293563657898693e-01, 1.591137710268039906e-01, 4.321457419349086782e-01
1.938421703602762058e-01, 2.151290953730019273e-01, 1.586571149105603096e-01, 4.323716193561614740e-01
1.932735189739520631e-01, 2.159307238679772922e-01, 1.582009125081457468e-01, 4.325948446499248701e-01
1.927051878753687220e-01, 2.167342296278826075e-01, 1.577451712756900437e-01, 4.328154112210585436e-01
1.921371884097068106e-01, 2.175396003585707283e-01, 1.572898986587346615e-01, 4.330333125729878274e-01
1.915695319047883982e-01, 2.183468236952090524e-01, 1.568351020917632399e-01, 4.332485423082393372e-01
1.910022296703835498e-01, 2.191558872029150951e-01, 1.563807889977328613e-01, 4.334610941289684938e-01
1.904352929975175746e-01, 2.199667783773991969e-01, 1.559269667876063137e-01, 4.336709618374768871e-01
1.898687331577808834e-01, 2.207794846456144489e-01, 1.554736428598854914e-01, 4.338781393367191486e-01
1.893025614026402070e-01, 2.215939933664136385e-01, 1.550208246001457957e-01, 4.340826206308003310e-01
1.887367889627515061e-01, 2.224102918312134969e-01, 1.545685193805718671e-01, 4.342843998254631299e-01
1.881714270472756301e-01, 2.232283672646648287e-01, 1.541167345594946225e-01, 4.344834711285650020e-01
1.876064868431951693e-01, 2.240482068253306647e-01, 1.536654774809296797e-01, 4.346798288505446251e-01
1.870419795146344988e-01, 2.248697976063702142e-01, 1.532147554741168372e-01, 4.348734674048784221e-01
1.864779162021814318e-01, 2.256931266362295907e-01, 1.527645758530618014e-01, 4.350643813085270373e-01
1.859143080222115108e-01, 2.265181808793391149e-01, 1.523149459160787478e-01, 4.352525651823705988e-01
1.853511660662147675e-01, 2.273449472368167246e-01, 1.518658729453346845e-01, 4.354380137516339344e-01
1.847885014001253989e-01, 2.281734125471776564e-01, 1.514173642063959824e-01, 4.356207218463009068e-01
1.842263250636540506e-01, 2.290035635870504294e-01, 1.509694269477761530e-01, 4.358006844015193115e-01
1.836646480696224604e-01, 2.298353870718990166e-01, 1.505220684004856813e-01, 4.359778964579928973e-01
1.831034814033016267e-01, 2.306688696567500141e-01, 1.500752957775837448e-01, 4.361523531623646699e-01
1.825428360217528356e-01, 2.315039979369266920e-01, 1.496291162737319325e-01, 4.363240497675884844e-01
1.819827228531716579e-01, 2.323407584487882926e-01, 1.491835370647501269e-01, 4.364929816332898116e-01
1.814231527962353596e-01, 2.331791376704746011e-01, 1.487385653071742198e-01, 4.366591442261157363e-01
1.808641367194533944e-01, 2.340191220226563174e-01, 1.482942081378163524e-01, 4.368225331200740191e-01
1.803056854605213088e-01, 2.348606978692907576e-01, 1.478504726733269325e-01, 4.369831439968610010e-01
1.797478098256787005e-01, 2.357038515183826899e-01, 1.474073660097596772e-01, 4.371409726461790157e-01
1.791905205890699515e-01, 2.365485692227501380e-01, 1.469648952221383198e-01, 4.372960149660415907e-01
1.786338284921091535e-01, 2.373948371807954316e-01, 1.465230673640262049e-01, 4.374482669630690990e-01
1.780777442428489177e-01, 2.382426415372809192e-01, 1.460818894670983803e-01, 4.375977247527716996e-01
1.775222785153525440e-01, 2.390919683841094823e-01, 1.456413685407158820e-01, 4.377443845598220640e-01
1.769674419490705475e-01, 2.399428037611097131e-01, 1.452015115715031002e-01, 4.378882427183166115e-01
1.764132451482212927e-01, 2.407951336568254219e-01, 1.447623255229276706e-01, 4.380292956720255315e-01
1.758596986811755414e-01, 2.416489440093097518e-01, 1.443238173348832809e-01, 4.381675399746314259e-01
1.753068130798452473e-01, 2.425042207069233735e-01, 1.438859939232747798e-01, 4.383029722899565717e-01
1.747545988390769300e-01, 2.433609495891368435e-01, 1.434488621796070063e-01, 4.384355893921791925e-01
1.742030664160492126e-01, 2.442191164473371257e-01, 1.430124289705757279e-01, 4.385653881660379616e-01
1.736522262296747998e-01, 2.450787070256374434e-01, 1.425767011376622706e-01, 4.386923656070255140e-01
1.731020886600072584e-01, 2.459397070216915726e-01, 1.421416854967308130e-01, 4.388165188215704116e-01
1.725526640476524876e-01, 2.468021020875114380e-01, 1.417073888376289004e-01, 4.389378450272071741e-01
1.720039626931845200e-01, 2.476658778302879560e-01, 1.412738179237911784e-01, 4.390563415527362623e-01
1.714559948565665404e-01, 2.485310198132157089e-01, 1.408409794918464297e-01, 4.391720058383713488e-01
1.709087707565770109e-01, 2.493975135563204493e-01, 1.404088802512276357e-01, 4.392848354358749319e-01
1.703623005702397386e-01, 2.502653445372900465e-01, 1.399775268837857856e-01, 4.393948280086844016e-01
1.698165944322606868e-01, 2.511344981923078201e-01, 1.395469260434069048e-01, 4.395019813320246715e-01
1.692716624344681453e-01, 2.520049599168896481e-01, 1.391170843556322478e-01, 4.396062932930099865e-01
1.687275146252595059e-01, 2.528767150667229346e-01, 1.386880084172827099e-01, 4.397077618907347385e-01
1.681841610090525074e-01, 2.537497489585085475e-01, 1.382597047960860970e-01, 4.398063852363528481e-01
1.676416115457422806e-01, 2.546240468708048099e-01, 1.378321800303083655e-01, 4.399021615531444329e-01
1.670998761501635010e-01, 2.554995940448748781e-01, 1.374054406283886365e-01, 4.399950891765728733e-01
1.665589646915584532e-01, 2.563763756855347298e-01, 1.369794930685775958e-01, 4.400851665543292768e-01
1.660188869930502575e-01, 2.572543769620043164e-01, 1.365543437985800024e-01, 4.401723922463655070e-01
1.654796528311221482e-01, 2.581335830087604366e-01, 1.361299992352006383e-01, 4.402567649249167214e-01
1.649412719351021350e-01, 2.590139789263912196e-01, 1.357064657639946992e-01, 4.403382833745119740e-01
1.644037539866534947e-01, 2.598955497824521621e-01, 1.352837497389214882e-01, 4.404169464919728272e-01
1.638671086192715620e-01, 2.607782806123241093e-01, 1.348618574820023841e-01, 4.404927532864018613e-01
1.633313454177857671e-01, 2.616621564200720673e-01, 1.344407952829830000e-01, 4.405657028791591379e-01
1.627964739178680564e-01, 2.625471621793058485e-01, 1.340205693989987568e-01, 4.406357945038272828e-01
1.622625036055474201e-01, 2.634332828340411048e-01, 1.336011860542454244e-01, 4.407030275061660785e-01
1.617294439167301368e-01, 2.643205032995622483e-01, 1.331826514396528827e-01, 4.407674013440546767e-01
1.611973042367267073e-01, 2.652088084632855947e-01, 1.327649717125640172e-01, 4.408289155874237086e-01
1.606660938997843679e-01, 2.660981831856230606e-01, 1.323481529964170289e-01, 4.408875699181754593e-01
1.601358221886267363e-01, 2.669886123008476386e-01, 1.319322013804322957e-01, 4.409433641300933848e-01
1.596064983339986476e-01, 2.678800806179572613e-01, 1.315171229193037583e-01, 4.409962981287403050e-01
1.590781315142186514e-01, 2.687725729215411641e-01, 1.311029236328944136e-01, 4.410463719313457154e-01
1.585507308547369487e-01, 2.696660739726451927e-01, 1.306896095059358609e-01, 4.410935856666819421e-01
1.580243054277003512e-01, 2.705605685096371671e-01, 1.302771864877332320e-01, 4.411379395749291388e-01
1.574988642515233739e-01, 2.714560412490728547e-01, 1.298656604918735358e-01, 4.411794340075301801e-01
1.569744162904664897e-01, 2.723524768865612233e-01, 1.294550373959389156e-01, 4.412180694270333436e-01
1.564509704542204338e-01, 2.732498600976291381e-01, 1.290453230412246244e-01, 4.412538464069257760e-01
1.559285355974975862e-01, 2.741481755385865582e-01, 1.286365232324611363e-01, 4.412867656314546361e-01
1.554071205196298489e-01, 2.750474078473900130e-01, 1.282286437375410870e-01, 4.413168278954390233e-01
1.548867339641733787e-01, 2.759475416445061891e-01, 1.278216902872509608e-01, 4.413440341040695269e-01
1.543673846185201759e-01, 2.768485615337739070e-01, 1.274156685750068296e-01, 4.413683852726991708e-01
1.538490811135164171e-01, 2.777504521032661544e-01, 1.270105842565955323e-01, 4.413898825266218129e-01
1.533318320230877829e-01, 2.786531979261500092e-01, 1.266064429499201560e-01, 4.414085271008419964e-01
1.528156458638716131e-01, 2.795567835615458407e-01, 1.262032502347499308e-01, 4.414243203398325877e-01
1.523005310948560009e-01, 2.804611935553849023e-01, 1.258010116524755917e-01, 4.414372636972834774e-01
1.517864961170261595e-01, 2.813664124412659784e-01, 1.253997327058689049e-01, 4.414473587358390128e-01
1.512735492730172271e-01, 2.822724247413094800e-01, 1.249994188588472027e-01, 4.414546071268260485e-01
1.507616988467749275e-01, 2.831792149670108727e-01, 1.246000755362429713e-01, 4.414590106499712285e-01
1.502509530632225310e-01, 2.840867676200913849e-01, 1.242017081235777393e-01, 4.414605711931083865e-01
1.497413200879353645e-01, 2.849950671933469959e-01, 1.238043219668413936e-01, 4.414592907518761766e-01
1.492328080268227053e-01, 2.859040981714959240e-01, 1.234079223722759494e-01, 4.414551714294054907e-01
1.487254249258160854e-01, 2.868138450320226740e-01, 1.230125146061645108e-01, 4.414482154359968269e-01
1.482191787705652852e-01, 2.877242922460210295e-01, 1.226181038946249496e-01, 4.414384250887887773e-01
1.477140774861418759e-01, 2.886354242790334368e-01, 1.222246954234087329e-01, 4.414258028114159682e-01
1.472101289367490629e-01, 2.895472255918888349e-01, 1.218322943377043166e-01, 4.414103511336577856e-01
1.467073409254397720e-01, 2.904596806415370991e-01, 1.214409057419460342e-01, 4.413920726910771086e-01
1.462057211938412038e-01, 2.913727738818805979e-01, 1.210505346996274129e-01, 4.413709702246507716e-01
1.457052774218872693e-01, 2.922864897646036408e-01, 1.206611862331200269e-01, 4.413470465803890908e-01
1.452060172275579653e-01, 2.932008127399977071e-01, 1.202728653234967637e-01, 4.413203047089474529e-01
1.447079481666262990e-01, 2.941157272577847870e-01, 1.198855769103607388e-01, 4.412907476652282446e-01
1.442110777324122350e-01, 2.950312177679359493e-01, 1.194993258916784706e-01, 4.412583786079734005e-01
1.437154133555443025e-01, 2.959472687214881881e-01, 1.191141171236189539e-01, 4.412232007993484584e-01
1.432209624037286688e-01, 2.968638645713564395e-01, 1.187299554203971319e-01, 4.411852176045177876e-01
1.427277321815247635e-01, 2.977809897731426014e-01, 1.183468455541225456e-01, 4.411444324912101589e-01
1.422357299301293676e-01, 2.986986287859407230e-01, 1.179647922546531724e-01, 4.411008490292766537e-01
1.417449628271673923e-01, 2.996167660731387516e-01, 1.175838002094543588e-01, 4.410544708902395805e-01
1.412554379864899012e-01, 3.005353861032148965e-01, 1.172038740634623877e-01, 4.410053018468328423e-01
1.407671624579802661e-01, 3.014544733505323815e-01, 1.168250184189537216e-01, 4.409533457725335337e-01
1.402801432273668714e-01, 3.023740122961279808e-01, 1.164472378354188681e-01, 4.408986066410863214e-01
1.397943872160435641e-01, 3.032939874284967252e-01, 1.160705368294414758e-01, 4.408410885260182210e-01
1.393099012808976245e-01, 3.042143832443736651e-01, 1.156949198745823165e-01, 4.407807956001463801e-01
1.388266922141447590e-01, 3.051351842495087507e-01, 1.153203914012686931e-01, 4.407177321350777555e-01
1.383447667431718653e-01, 3.060563749594399363e-01, 1.149469557966885380e-01, 4.406519025006997436e-01
1.378641315303865689e-01, 3.069779399002589004e-01, 1.145746174046896743e-01, 4.405833111646648148e-01
1.373847931730749206e-01, 3.078998636093746022e-01, 1.142033805256842532e-01, 4.405119626918662101e-01
1.369067582032655883e-01, 3.088221306362697316e-01, 1.138332494165582159e-01, 4.404378617439065335e-01
1.364300330876020428e-01, 3.097447255432539959e-01, 1.134642282905854171e-01, 4.403610130785585164e-01
1.359546242272215710e-01, 3.106676329062116326e-01, 1.130963213173475646e-01, 4.402814215492192318e-01
1.354805379576422275e-01, 3.115908373153432609e-01, 1.127295326226582239e-01, 4.401990921043563154e-01
1.350077805486562532e-01, 3.125143233759039019e-01, 1.123638662884926392e-01, 4.401140297869471918e-01
1.345363582042313488e-01, 3.134380757089345604e-01, 1.119993263529222710e-01, 4.400262397339119169e-01
1.340662770624192202e-01, 3.143620789519889214e-01, 1.116359168100540117e-01, 4.399357271755378607e-01
1.335975431952711179e-01, 3.152863177598544953e-01, 1.112736416099750492e-01, 4.398424974348993377e-01
1.331301626087605938e-01, 3.162107768052683787e-01, 1.109125046587021018e-01, 4.397465559272689117e-01
1.326641412427137789e-01, 3.171354407796270758e-01, 1.105525098181359134e-01, 4.396479081595232596e-01
1.321994849707463782e-01, 3.180602943936910454e-01, 1.101936609060206601e-01, 4.395465597295418747e-01
1.317361996002083535e-01, 3.189853223782828651e-01, 1.098359616959083546e-01, 4.394425163256004963e-01
1.312742908721353519e-01, 3.199105094849803432e-01, 1.094794159171277453e-01, 4.393357837257566012e-01
1.308137644612073214e-01, 3.208358404868028035e-01, 1.091240272547588236e-01, 4.392263677972309543e-01
1.303546259757143722e-01, 3.217613001788925398e-01, 1.087697993496117288e-01, 4.391142744957812760e-01
1.298968809575295202e-01, 3.226868733791886101e-01, 1.084167357982104146e-01, 4.389995098650715799e-01
1.294405348820883428e-01, 3.236125449290958578e-01, 1.080648401527816022e-01, 4.388820800360342389e-01
1.289855931583762383e-01, 3.245382996941469922e-01, 1.077141159212482990e-01, 4.387619912262283317e-01
1.285320611289219039e-01, 3.254641225646592861e-01, 1.073645665672279953e-01, 4.386392497391908840e-01
1.280799440697980573e-01, 3.263899984563828349e-01, 1.070161955100359524e-01, 4.385138619637831137e-01
1.276292471906292081e-01, 3.273159123111449853e-01, 1.066690061246930304e-01, 4.383858343735327345e-01
1.271799756346061183e-01, 3.282418490974866598e-01, 1.063230017419382611e-01, 4.382551735259688774e-01
1.267321344785071746e-01, 3.291677938112926305e-01, 1.059781856482464452e-01, 4.381218860619539024e-01
1.262857287327262545e-01, 3.300937314764145758e-01, 1.056345610858497458e-01, 4.379859787050094377e-01
1.258407633413081428e-01, 3.310196471452888645e-01, 1.052921312527648617e-01, 4.378474582606380894e-01
1.253972431819895816e-01, 3.319455258995462343e-01, 1.049508993028240578e-01, 4.377063316156400985e-01
1.249551730662478710e-01, 3.328713528506151986e-01, 1.046108683457112470e-01, 4.375626057374257249e-01
1.245145577393557829e-01, 3.337971131403186242e-01, 1.042720414470024587e-01, 4.374162876733231342e-01
1.240754018804428455e-01, 3.347227919414635378e-01, 1.039344216282110794e-01, 4.372673845498825651e-01
1.236377101025638164e-01, 3.356483744584238815e-01, 1.035980118668372862e-01, 4.371159035721751129e-01
1.232014869527728596e-01, 3.365738459277160533e-01, 1.032628150964222946e-01, 4.369618520230887926e-01
1.227667369122048407e-01, 3.374991916185677288e-01, 1.029288342066069922e-01, 4.368052372626204938e-01
1.223334643961627444e-01, 3.384243968334796904e-01, 1.025960720431949302e-01, 4.366460667271625518e-01
1.219016737542115841e-01, 3.393494469087799947e-01, 1.022645314082196860e-01, 4.364843479287888184e-01
1.214713692702783648e-01, 3.402743272151715348e-01, 1.019342150600168612e-01, 4.363200884545332392e-01
1.210425551627588581e-01, 3.411990231582718858e-01, 1.016051257133001040e-01, 4.361532959656690411e-01
1.206152355846300678e-01, 3.421235201791467673e-01, 1.012772660392417257e-01, 4.359839781969814254e-01
1.201894146235690936e-01, 3.430478037548348458e-01, 1.009506386655574378e-01, 4.358121429560387616e-01
1.197650963020782805e-01, 3.439718593988662643e-01, 1.006252461765951706e-01, 4.356377981224603957e-01
1.193422845776162117e-01, 3.448956726617737889e-01, 1.003010911134284977e-01, 4.354609516471814046e-01
1.189209833427348761e-01, 3.458192291315960731e-01, 9.997817597395415590e-02, 4.352816115517149087e-01
1.185011964252225686e-01, 3.467425144343737053e-01, 9.965650321299317216e-02, 4.350997859274104429e-01
1.180829275882532975e-01, 3.476655142346375960e-01, 9.933607524239695952e-02, 4.349154829347122164e-01
1.176661805305411895e-01, 3.485882142358902036e-01, 9.901689443115654909e-02, 4.347287108024119884e-01
1.172509588865014718e-01, 3.495106001810796004e-01, 9.869896310551680430e-02, 4.345394778269021652e-01
1.168372662264169221e-01, 3.504326578530644887e-01, 9.838228354909378526e-02, 4.343477923714247901e-01
1.164251060566099255e-01, 3.513543730750737226e-01, 9.806685800299670686e-02, 4.341536628653196450e-01
1.160144818196203187e-01, 3.522757317111561703e-01, 9.775268866595324124e-02, 4.339570978032702420e-01
1.156053968943887705e-01, 3.531967196666249142e-01, 9.743977769443928905e-02, 4.337581057445469845e-01
1.151978545964456174e-01, 3.541173228884921254e-01, 9.712812720281210899e-02, 4.335566953122500511e-01
1.147918581781054576e-01, 3.550375273658974429e-01, 9.681773926344747205e-02, 4.333528751925495581e-01
1.143874108286668106e-01, 3.559573191305279716e-01, 9.650861590688060432e-02, 4.331466541339246135e-01
1.139845156746171900e-01, 3.568766842570313957e-01, 9.620075912195061307e-02, 4.329380409464007040e-01
1.135831757798437952e-01, 3.577956088634202669e-01, 9.589417085594895140e-02, 4.327270445007869726e-01
1.131833941458488535e-01, 3.587140791114694638e-01, 9.558885301477107466e-02, 4.325136737279105525e-01
1.127851737119708597e-01, 3.596320812071060469e-01, 9.528480746307224636e-02, 4.322979376178507360e-01
1.123885173556102152e-01, 3.605496014007903427e-01, 9.498203602442624460e-02, 4.320798452191731420e-01
1.119934278924604315e-01, 3.614666259878901999e-01, 9.468054048148819013e-02, 4.318594056381611646e-01
1.115999080767439422e-01, 3.623831413090476405e-01, 9.438032257616039977e-02, 4.316366280380479759e-01
1.112079606014532984e-01, 3.632991337505367957e-01, 9.408138400976182036e-02, 4.314115216382480855e-01
1.108175880985965284e-01, 3.642145897446150138e-01, 9.378372644320101537e-02, 4.311840957135874564e-01
1.104287931394481170e-01, 3.651294957698656973e-01, 9.348735149715214909e-02, 4.309543595935340643e-01
1.100415782348040244e-01, 3.660438383515335348e-01, 9.319226075223445427e-02, 4.307223226614280143e-01
1.096559458352417832e-01, 3.669576040618521273e-01, 9.289845574919512738e-02, 4.304879943537109899e-01
1.092718983313849951e-01, 3.678707795203635111e-01, 9.260593798909495800e-02, 4.302513841591565358e-01
1.088894380541725604e-01, 3.687833513942303520e-01, 9.231470893349756623e-02, 4.300125016180995074e-01
1.085085672751319869e-01, 3.696953063985399801e-01, 9.202477000466154078e-02, 4.297713563216664645e-01
1.081292882066575561e-01, 3.706066312966008192e-01, 9.173612258573574096e-02, 4.295279579110058421e-01
1.077516030022927229e-01, 3.715173129002313779e-01, 9.144876802095747159e-02, 4.292823160765185109e-01
1.073755137570164275e-01, 3.724273380700408032e-01, 9.116270761585382187e-02, 4.290344405570889474e-01
1.070010225075341964e-01, 3.733366937157028276e-01, 9.087794263744586321e-02, 4.287843411393172377e-01
1.066281312325728231e-01, 3.742453667962206132e-01, 9.059447431445567800e-02, 4.285320276567508024e-01
1.062568418531796149e-01, 3.751533443201854889e-01, 9.031230383751638613e-02, 4.282775099891185100e-01
1.058871562330250399e-01, 3.760606133460260292e-01, 9.003143235938468325e-02, 4.280207980615641228e-01
1.055190761787101750e-01, 3.769671609822519143e-01, 8.975186099515661264e-02, 4.277619018438813536e-01
1.051526034400771525e-01, 3.778729743876872993e-01, 8.947359082248546036e-02, 4.275008313497499768e-01
1.047877397105239777e-01, 3.787780407716999087e-01, 8.919662288180280063e-02, 4.272375966359733268e-01
1.044244866273227740e-01, 3.796823473944186955e-01, 8.892095817654181722e-02, 4.269722078017167410e-01
1.040628457719420114e-01, 3.805858815669473927e-01, 8.864659767336341423e-02, 4.267046749877472234e-01
1.037028186703718852e-01, 3.814886306515682390e-01, 8.837354230238478325e-02, 4.264350083756750509e-01
1.033444067934537747e-01, 3.823905820619390439e-01, 8.810179295741042693e-02, 4.261632181871968794e-01
1.029876115572126438e-01, 3.832917232632826465e-01, 8.783135049616540291e-02, 4.258893146833391818e-01
1.026324343231934111e-01, 3.841920417725687154e-01, 8.756221574053152379e-02, 4.256133081637064608e-01
1.022788763987998034e-01, 3.850915251586878862e-01, 8.729438947678526406e-02, 4.253352089657270740e-01
1.019269390376376372e-01, 3.859901610426193508e-01, 8.702787245583822051e-02, 4.250550274639048887e-01
1.015766234398601114e-01, 3.868879370975896181e-01, 8.676266539347997353e-02, 4.247727740690702136e-01
1.012279307525170563e-01, 3.877848410492250597e-01, 8.649876897062291903e-02, 4.244884592276349511e-01
1.008808620699069986e-01, 3.886808606756965156e-01, 8.623618383354916817e-02, 4.242020934208473593e-01
1.005354184339319890e-01, 3.895759838078565185e-01, 8.597491059415993120e-02, 4.239136871640515336e-01
1.001916008344556352e-01, 3.904701983293698553e-01, 8.571494983022651115e-02, 4.236232510059479983e-01
9.984941020966400793e-02, 3.913634921768357477e-01, 8.545630208564379549e-02, 4.233307955278565737e-01
9.950884744642907176e-02, 3.922558533399038150e-01, 8.519896787068498289e-02, 4.230363313429820193e-01
9.916991338067518424e-02, 3.931472698613824313e-01, 8.494294766225925220e-02, 4.227398690956831184e-01
9.883260879774795338e-02, 3.940377298373395343e-01, 8.468824190417026387e-02, 4.224414194607421513e-01
9.849693443278584315e-02, 3.949272214171972717e-01, 8.443485100737720128e-02, 4.221409931426395867e-01
9.816289097109423545e-02, 3.958157328038182099e-01, 8.418277535025726899e-02, 4.218386008748302718e-01
9.783047904852197607e-02, 3.967032522535857142e-01, 8.393201527887007851e-02, 4.215342534190221757e-01
9.749969925184052977e-02, 3.975897680764767794e-01, 8.368257110722338021e-02, 4.212279615644592412e-01
9.717055211912489776e-02, 3.984752686361278107e-01, 8.343444311754115439e-02, 4.209197361272061788e-01
9.684303814013746348e-02, 3.993597423498930210e-01, 8.318763156053246566e-02, 4.206095879494370915e-01
9.651715775671343422e-02, 4.002431776888974446e-01, 8.294213665566234350e-02, 4.202975278987267638e-01
9.619291136314894741e-02, 4.011255631780814013e-01, 8.269795859142424488e-02, 4.199835668673452815e-01
9.587029930659078658e-02, 4.020068873962390765e-01, 8.245509752561366867e-02, 4.196677157715564821e-01
9.554932188742837340e-02, 4.028871389760498856e-01, 8.221355358560322735e-02, 4.193499855509185137e-01
9.522997935968766092e-02, 4.037663066041033977e-01, 8.197332686861945328e-02, 4.190303871675894465e-01
9.491227193142670604e-02, 4.046443790209177105e-01, 8.173441744202042392e-02, 4.187089316056351040e-01
9.459619976513328199e-02, 4.055213450209507187e-01, 8.149682534357509389e-02, 4.183856298703408916e-01
9.428176297812417006e-02, 4.063971934526049434e-01, 8.126055058174362633e-02, 4.180604929875273434e-01
9.396896164294583909e-02, 4.072719132182259782e-01, 8.102559313595895929e-02, 4.177335320028692789e-01
9.365779578777734538e-02, 4.081454932740947172e-01, 8.079195295690956569e-02, 4.174047579812182884e-01
9.334826539683425961e-02, 4.090179226304123117e-01, 8.055962996682329569e-02, 4.170741820059302163e-01
9.304037041077418968e-02, 4.098891903512791313e-01, 8.032862405975234321e-02, 4.167418151781943081e-01
9.273411072710376069e-02, 4.107592855546680077e-01, 8.009893510185914223e-02, 4.164076686163690200e-01
9.242948620058723253e-02, 4.116281974123900400e-01, 7.987056293170324839e-02, 4.160717534553194374e-01
9.212649664365586688e-02, 4.124959151500549592e-01, 7.964350736052927537e-02, 4.157340808457598014e-01
9.182514182681909831e-02, 4.133624280470251100e-01, 7.941776817255552512e-02, 4.153946619536001972e-01
9.152542147907648251e-02, 4.142277254363629924e-01, 7.919334512526368663e-02, 4.150535079592967413e-01
9.122733528833093519e-02, 4.150917967047731416e-01, 7.897023794968925647e-02, 4.147106300572065973e-01
9.093088290180308120e-02, 4.159546312925376244e-01, 7.874844635071259757e-02, 4.143660394549467663e-01
9.063606392644633913e-02, 4.168162186934459279e-01, 7.852797000735102506e-02, 4.140197473727568189e-01
9.034287792936346317e-02, 4.176765484547183549e-01, 7.830880857305111409e-02, 4.136717650428670678e-01
9.005132443822337629e-02, 4.185356101769243109e-01, 7.809096167598225668e-02, 4.133221037088699590e-01
8.976140294167926637e-02, 4.193933935138939306e-01, 7.787442891933032962e-02, 4.129707746250965150e-01
8.947311288978705701e-02, 4.202498881726242641e-01, 7.765920988159209781e-02, 4.126177890559966643e-01
8.918645369442516901e-02, 4.211050839131800783e-01, 7.744530411687021443e-02, 4.122631582755244550e-01
8.890142472971424015e-02, 4.219589705485890518e-01, 7.723271115516865126e-02, 4.119068935665281539e-01
8.861802533243794133e-02, 4.228115379447300315e-01, 7.702143050268835112e-02, 4.115490062201436205e-01
8.833625480246432016e-02, 4.236627760202180126e-01, 7.681146164212382388e-02, 4.111895075351939544e-01
8.805611240316703336e-02, 4.245126747462812378e-01, 7.660280403295963159e-02, 4.108284088175920834e-01
8.777759736184810591e-02, 4.253612241466350197e-01, 7.639545711176730369e-02, 4.104657213797494597e-01
8.750070887015982957e-02, 4.262084142973486811e-01, 7.618942029250269643e-02, 4.101014565399887513e-01
8.722544608452785508e-02, 4.270542353267073876e-01, 7.598469296680356033e-02, 4.097356256219613080e-01
8.695180812657425651e-02, 4.278986774150698169e-01, 7.578127450428699674e-02, 4.093682399540687911e-01
8.667979408354092863e-02, 4.287417307947192779e-01, 7.557916425284784412e-02, 4.089993108688919077e-01
8.640940300871283175e-02, 4.295833857497105002e-01, 7.537836153895637048e-02, 4.086288497026204780e-01
8.614063392184159729e-02, 4.304236326157108716e-01, 7.517886566795650705e-02, 4.082568677944911073e-01
8.587348580956938315e-02, 4.312624617798372362e-01, 7.498067592436433171e-02, 4.078833764862289657e-01
8.560795762585220181e-02, 4.320998636804874171e-01, 7.478379157216609452e-02, 4.075083871214943421e-01
8.534404829238378953e-02, 4.329358288071662453e-01, 7.458821185511650687e-02, 4.071319110453333612e-01
8.508175669901896221e-02, 4.337703477003082009e-01, 7.439393599703725268e-02, 4.067539596036355842e-01
8.482108170419702664e-02, 4.346034109510935051e-01, 7.420096320211484742e-02, 4.063745441425947180e-01
8.456202213536490042e-02, 4.354350092012609363e-01, 7.400929265519898270e-02, 4.059936760081750973e-01
8.430457678940009303e-02, 4.362651331429158730e-01, 7.381892352210042696e-02, 4.056113665455836625e-01
8.404874443303340936e-02, 4.370937735183322292e-01, 7.362985494988852353e-02, 4.052276270987459905e-01
8.379452380327115368e-02, 4.379209211197515605e-01, 7.344208606718917454e-02, 4.048424690097882084e-01
8.354191360781718090e-02, 4.387465667891774501e-01, 7.325561598448203371e-02, 4.044559036185234602e-01
8.329091252549433722e-02, 4.395707014181644001e-01, 7.307044379439740778e-02, 4.040679422619437577e-01
8.304151920666547060e-02, 4.403933159476037806e-01, 7.288656857201325501e-02, 4.036785962737174382e-01
8.279373227365399712e-02, 4.412144013675040055e-01, 7.270398937515160087e-02, 4.032878769836902855e-01
8.254755032116392610e-02, 4.420339487167680992e-01, 7.252270524467446799e-02, 4.028957957173934790e-01
8.230297191669905255e-02, 4.428519490829656569e-01, 7.234271520477970896e-02, 4.025023637955557065e-01
8.205999560098181655e-02, 4.436683936021016961e-01, 7.216401826329622848e-02, 4.021075925336203283e-01
8.181861988837114963e-02, 4.444832734583808453e-01, 7.198661341197883090e-02, 4.017114932412690909e-01
8.157884326728005731e-02, 4.452965798839682021e-01, 7.181049962680248477e-02, 4.013140772219492280e-01
8.134066420059170299e-02, 4.461083041587451392e-01, 7.163567586825619893e-02, 4.009153557724068340e-01
8.110408112607543629e-02, 4.469184376100628908e-01, 7.146214108163620460e-02, 4.005153401822255654e-01
8.086909245680146130e-02, 4.477269716124904764e-01, 7.128989419733876287e-02, 4.001140417333693411e-01
8.063569658155483877e-02, 4.485338975875605705e-01, 7.111893413115227824e-02, 3.997114716997322570e-01
8.040389186524836418e-02, 4.493392070035107655e-01, 7.094925978454864890e-02, 3.993076413466922769e-01
8.017367664933473803e-02, 4.501428913750212812e-01, 7.078087004497425616e-02, 3.989025619306697523e-01
7.994504925221743163e-02, 4.509449422629492887e-01, 7.061376378613995475e-02, 3.984962446986933804e-01
7.971800796966073410e-02, 4.517453512740598476e-01, 7.044793986831050792e-02, 3.980887008879688826e-01
7.949255107519859198e-02, 4.525441100607535128e-01, 7.028339713859352300e-02, 3.976799417254542890e-01
7.926867682054232478e-02, 4.533412103207897226e-01, 7.012013443122709633e-02, 3.972699784274407730e-01
7.904638343598711925e-02, 4.541366437970080217e-01, 6.995815056786712505e-02, 3.968588221991376508e-01
7.882566913081749671e-02, 4.549304022770453981e-01, 6.979744435787363366e-02, 3.964464842342634299e-01
7.860653209371154526e-02, 4.557224775930506233e-01, 6.963801459859619847e-02, 3.960329757146415774e-01
7.838897049314355603e-02, 4.565128616213952606e-01, 6.947986007565867816e-02, 3.956183078098026162e-01
7.817298247778575737e-02, 4.573015462823817878e-01, 6.932297956324293131e-02, 3.952024916765896068e-01
7.795856617690852253e-02, 4.580885235399489441e-01, 6.916737182437174281e-02, 3.947855384587707350e-01
7.774571970077920335e-02, 4.588737854013735795e-01, 6.901303561119058461e-02, 3.943674592866566742e-01
7.753444114105953466e-02, 4.596573239169701175e-01, 6.885996966524875196e-02, 3.939482652767216098e-01
7.732472857120187282e-02, 4.604391311797870201e-01, 6.870817271777919510e-02, 3.935279675312319814e-01
7.711658004684353307e-02, 4.612191993253001443e-01, 6.855764348997760160e-02, 3.931065771378787210e-01
7.690999360620007219e-02, 4.619975205311043220e-01, 6.840838069328028515e-02, 3.926841051694153206e-01
7.670496727045657270e-02, 4.627740870166013321e-01, 6.826038302964121396e-02, 3.922605626833008952e-01
7.650149904415796953e-02, 4.635488910426855402e-01, 6.811364919180770694e-02, 3.918359607213488527e-01
7.629958691559715622e-02, 4.643219249114272085e-01, 6.796817786359539426e-02, 3.914103103093802827e-01
7.609922885720202257e-02, 4.650931809657539717e-01, 6.782396772016160980e-02, 3.909836224568824514e-01
7.590042282592052159e-02, 4.658626515891282072e-01, 6.768101742827815903e-02, 3.905559081566731261e-01
7.570316676360411279e-02, 4.666303292052234042e-01, 6.753932564660260207e-02, 3.901271783845699503e-01
7.550745859738963728e-02, 4.673962062775983139e-01, 6.739889102594846804e-02, 3.896974440990635946e-01
7.531329624007943035e-02, 4.681602753093678793e-01, 6.725971220955438701e-02, 3.892667162409982895e-01
7.512067759051953286e-02, 4.689225288428728877e-01, 6.712178783335166765e-02, 3.888350057332560228e-01
7.492960053397640374e-02, 4.696829594593471824e-01, 6.698511652623115320e-02, 3.884023234804452329e-01
7.474006294251160643e-02, 4.704415597785828740e-01, 6.684969691030856476e-02, 3.879686803685969410e-01
7.455206267535480213e-02, 4.711983224585932217e-01, 6.671552760118842906e-02, 3.875340872648636026e-01
7.436559757927470315e-02, 4.719532401952739042e-01, 6.658260720822706258e-02, 3.870985550172243439e-01
7.418066548894856893e-02, 4.727063057220629028e-01, 6.645093433479408451e-02, 3.866620944541944715e-01
7.399726422732928743e-02, 4.734575118095973867e-01, 6.632050757853255596e-02, 3.862247163845407560e-01
7.381539160601104099e-02, 4.742068512653696000e-01, 6.619132553161800880e-02, 3.857864315970013225e-01
7.363504542559262678e-02, 4.749543169333809711e-01, 6.606338678101590645e-02, 3.853472508600105373e-01
7.345622347603907032e-02, 4.756999016937945024e-01, 6.593668990873782776e-02, 3.849071849214286689e-01
7.327892353704111572e-02, 4.764435984625852716e-01, 6.581123349209642981e-02, 3.844662445082772106e-01
7.310314337837293952e-02, 4.771854001911901011e-01, 6.568701610395871748e-02, 3.840244403264782558e-01
7.292888076024751920e-02, 4.779252998661546181e-01, 6.556403631299818902e-02, 3.835817830605996459e-01
7.275613343367032249e-02, 4.786632905087802037e-01, 6.544229268394535781e-02, 3.831382833736041715e-01
7.258489914079056804e-02, 4.793993651747681661e-01, 6.532178377783703915e-02, 3.826939519066042128e-01
7.241517561525075142e-02, 4.801335169538639147e-01, 6.520250815226398544e-02, 3.822487992786214317e-01
7.224696058253385345e-02, 4.808657389694985795e-01, 6.508446436161723081e-02, 3.818028360863502946e-01
7.208025176030850856e-02, 4.815960243784308537e-01, 6.496765095733289530e-02, 3.813560729039277009e-01
7.191504685877210534e-02, 4.823243663703860040e-01, 6.485206648813536534e-02, 3.809085202827066086e-01
7.175134358099162502e-02, 4.830507581676953821e-01, 6.473770950027933624e-02, 3.804601887510337677e-01
7.158913962324246760e-02, 4.837751930249331589e-01, 6.462457853778991179e-02, 3.800110888140344478e-01
7.142843267534487728e-02, 4.844976642285542257e-01, 6.451267214270152428e-02, 3.795612309533995532e-01
7.126922042099838317e-02, 4.852181650965286530e-01, 6.440198885529503647e-02, 3.791106256271780106e-01
7.111150053811399196e-02, 4.859366889779772047e-01, 6.429252721433365014e-02, 3.786592832695751532e-01
7.095527069914409068e-02, 4.866532292528052972e-01, 6.418428575729677454e-02, 3.782072142907538237e-01
7.080052857141018452e-02, 4.873677793313355711e-01, 6.407726302061288182e-02, 3.777544290766415291e-01
7.064727181742826156e-02, 4.880803326539406850e-01, 6.397145753989021133e-02, 3.773009379887409254e-01
7.049549809523204813e-02, 4.887908826906748327e-01, 6.386686785014643319e-02, 3.768467513639467414e-01
7.034520505869391871e-02, 4.894994229409048714e-01, 6.376349248603624398e-02, 3.763918795143650353e-01
7.019639035784350223e-02, 4.902059469329405061e-01, 6.366132998207768567e-02, 3.759363327271383337e-01
7.004905163918394295e-02, 4.909104482236641420e-01, 6.356037887287660504e-02, 3.754801212642753239e-01
6.990318654600610748e-02, 4.916129203981604023e-01, 6.346063769334964189e-02, 3.750232553624837650e-01
6.975879271870000231e-02, 4.923133570693448147e-01, 6.336210497894559368e-02, 3.745657452330096726e-01
6.961586779506426237e-02, 4.930117518775919971e-01, 6.326477926586485112e-02, 3.741076010614788894e-01
6.947440941061314157e-02, 4.937080984903643999e-01, 6.316865909127769574e-02, 3.736488330077448738e-01
6.933441519888111637e-02, 4.944023906018394365e-01, 6.307374299354027991e-02, 3.731894512057392088e-01
6.919588279172522727e-02, 4.950946219325374487e-01, 6.298002951240953828e-02, 3.727294657633277719e-01
6.905880981962493614e-02, 4.957847862289485596e-01, 6.288751718925610079e-02, 3.722688867621704589e-01
6.892319391197958278e-02, 4.964728772631603060e-01, 6.279620456727542932e-02, 3.718077242575846819e-01
6.878903269740360704e-02, 4.971588888324840472e-01, 6.270609019169760823e-02, 3.713459882784148625e-01
6.865632380401906487e-02, 4.978428147590820974e-01, 6.261717260999503931e-02, 3.708836888269039234e-01
6.852506485974625694e-02, 4.985246488895949679e-01, 6.252945037208863799e-02, 3.704208358785700539e-01
6.839525349259133191e-02, 4.992043850947677774e-01, 6.244292203055239882e-02, 3.699574393820884155e-01
6.826688733093183581e-02, 4.998820172690772168e-01, 6.235758614081598344e-02, 3.694935092591749570e-01
