4.232530597496358404e-01, 6.317730921190552185e-02, 6.020654542318543134e-02, 4.533630856152732758e-01
4.229695231798595856e-01, 6.335906127908770558e-02, 6.039240241906985995e-02, 4.532790131219829877e-01
4.226839975201559518e-01, 6.354216379286271865e-02, 6.057983031005272773e-02, 4.531940083769285810e-01
4.223964768616324528e-01, 6.372661961319578405e-02, 6.076883458917211461e-02, 4.531080689359996416e-01
4.221069553074608960e-01, 6.391243158735893104e-02, 6.095942075600114390e-02, 4.530211923491790360e-01
4.218154269736014705e-01, 6.409960254943530833e-02, 6.115159431618126529e-02, 4.529333761607818865e-01
4.215218859895318859e-01, 6.428813531981936169e-02, 6.134536078094961209e-02, 4.528446179096992652e-01
4.212263264989852818e-01, 6.447803270471286208e-02, 6.154072566666014821e-02, 4.527549151296416663e-01
4.209287426606952431e-01, 6.466929749561675655e-02, 6.173769449429933331e-02, 4.526642653493885282e-01
4.206291286491473103e-01, 6.486193246881925834e-02, 6.193627278899513366e-02, 4.525726660930380896e-01
4.203274786553386488e-01, 6.505594038487938491e-02, 6.213646607952061363e-02, 4.524801148802615192e-01
4.200237868875439373e-01, 6.525132398810667977e-02, 6.233827989779092832e-02, 4.523866092265586558e-01
4.197180475720900805e-01, 6.544808600603717330e-02, 6.254171977835487617e-02, 4.522921466435179672e-01
4.194102549541368630e-01, 6.564622914890473615e-02, 6.274679125787974154e-02, 4.521967246390787287e-01
4.191004032984649297e-01, 6.584575610910889387e-02, 6.295349987463051689e-02, 4.521003407177957012e-01
4.187884868902719826e-01, 6.604666956067847816e-02, 6.316185116794262311e-02, 4.520029923811068051e-01
4.184745000359751388e-01, 6.624897215873122580e-02, 6.337185067768878743e-02, 4.519046771276046814e-01
4.181584370640211157e-01, 6.645266653892958897e-02, 6.358350394373972481e-02, 4.518053924533095844e-01
4.178402923257031332e-01, 6.665775531693250711e-02, 6.379681650541843552e-02, 4.517051358519458271e-01
4.175200601959861979e-01, 6.686424108784333464e-02, 6.401179390094878519e-02, 4.516039048152216129e-01
4.171977350743376611e-01, 6.707212642565388294e-02, 6.422844166689724299e-02, 4.515016968331111435e-01
4.168733113855665473e-01, 6.728141388268453482e-02, 6.444676533760909654e-02, 4.513985093941397797e-01
4.165467835806694885e-01, 6.749210598902059821e-02, 6.466677044463804702e-02, 4.512943399856718663e-01
4.162181461376834868e-01, 6.770420525194485728e-02, 6.488846251616971206e-02, 4.511891860942018884e-01
4.158873935625461149e-01, 6.791771415536639045e-02, 6.511184707643899450e-02, 4.510830452056484585e-01
4.155545203899629891e-01, 6.813263515924537772e-02, 6.533692964514112300e-02, 4.509759148056505240e-01
4.152195211842811817e-01, 6.834897069901489652e-02, 6.556371573683635046e-02, 4.508677923798676823e-01
4.148823905403710710e-01, 6.856672318499797136e-02, 6.579221086034883759e-02, 4.507586754142821062e-01
4.145431230845146864e-01, 6.878589500182201444e-02, 6.602242051815881974e-02, 4.506485613955043545e-01
4.142017134753003815e-01, 6.900648850782915844e-02, 6.625435020578888945e-02, 4.505374478110816261e-01
4.138581564045245575e-01, 6.922850603448288398e-02, 6.648800541118388141e-02, 4.504253321498087326e-01
4.135124465981014907e-01, 6.945194988577158002e-02, 6.672339161408460950e-02, 4.503122119020421810e-01
4.131645788169784339e-01, 6.967682233760834343e-02, 6.696051428539535888e-02, 4.501980845600178638e-01
4.128145478580579897e-01, 6.990312563722717032e-02, 6.719937888654503588e-02, 4.500829476181697486e-01
4.124623485551276447e-01, 7.013086200257621916e-02, 6.743999086884246152e-02, 4.499667985734537301e-01
4.121079757797955212e-01, 7.036003362170721587e-02, 6.768235567282494813e-02, 4.498496349256723148e-01
4.117514244424331227e-01, 7.059064265216197231e-02, 6.792647872760133876e-02, 4.497314541778035801e-01
4.113926894931241862e-01, 7.082269122035519948e-02, 6.817236545018814931e-02, 4.496122538363325760e-01
4.110317659226203069e-01, 7.105618142095473933e-02, 6.842002124484003467e-02, 4.494920314115849469e-01
4.106686487633037230e-01, 7.129111531625782761e-02, 6.866945150237402373e-02, 4.493707844180644950e-01
4.103033330901549314e-01, 7.152749493556506688e-02, 6.892066159948746773e-02, 4.492485103747926312e-01
4.099358140217282953e-01, 7.176532227455068025e-02, 6.917365689807002116e-02, 4.491252068056509894e-01
4.095660867211331491e-01, 7.200459929463016995e-02, 6.942844274450951647e-02, 4.490008712397272617e-01
4.091941463970206194e-01, 7.224532792232496448e-02, 6.968502446899155212e-02, 4.488755012116628085e-01
4.088199883045782745e-01, 7.248751004862413749e-02, 6.994340738479334907e-02, 4.487490942620043777e-01
4.084436077465289361e-01, 7.273114752834308749e-02, 7.020359678757132071e-02, 4.486216479375568777e-01
4.080650000741363193e-01, 7.297624217947994152e-02, 7.046559795464271692e-02, 4.484931597917408697e-01
4.076841606882178892e-01, 7.322279578256889188e-02, 7.072941614426150880e-02, 4.483636273849516130e-01
4.073010850401603822e-01, 7.347081008003104874e-02, 7.099505659488794529e-02, 4.482330482849206099e-01
4.069157686329448742e-01, 7.372028677552273923e-02, 7.126252452445232255e-02, 4.481014200670801473e-01
4.065282070221744037e-01, 7.397122753328101707e-02, 7.153182512961306361e-02, 4.479687403149314462e-01
4.061383958171095321e-01, 7.422363397746743752e-02, 7.180296358500889986e-02, 4.478350066204141999e-01
4.057463306817075122e-01, 7.447750769150868200e-02, 7.207594504250493250e-02, 4.477002165842789427e-01
4.053520073356685627e-01, 7.473285021743543421e-02, 7.235077463043333712e-02, 4.475643678164626382e-01
4.049554215554861392e-01, 7.498966305521893860e-02, 7.262745745282815635e-02, 4.474274579364667659e-01
4.045565691755031446e-01, 7.524794766210539387e-02, 7.290599858865431937e-02, 4.472894845737372393e-01
4.041554460889730804e-01, 7.550770545194815386e-02, 7.318640309103115194e-02, 4.471504453680475444e-01
4.037520482491266383e-01, 7.576893779453836020e-02, 7.346867598645037689e-02, 4.470103379698847634e-01
4.033463716702418989e-01, 7.603164601493328512e-02, 7.375282227398823054e-02, 4.468691600408365439e-01
4.029384124287213598e-01, 7.629583139278316162e-02, 7.403884692451265237e-02, 4.467269092539828401e-01
4.025281666641716272e-01, 7.656149516165611235e-02, 7.432675487988429919e-02, 4.465835832942879335e-01
4.021156305804894360e-01, 7.682863850836178787e-02, 7.461655105215286854e-02, 4.464391798589958382e-01
4.017008004469507787e-01, 7.709726257227288160e-02, 7.490824032274771838e-02, 4.462936966580286491e-01
4.012836725993051412e-01, 7.736736844464579821e-02, 7.520182754166326866e-02, 4.461471314143858891e-01
4.008642434408735133e-01, 7.763895716793971225e-02, 7.549731752663926820e-02, 4.459994818645475201e-01
4.004425094436514510e-01, 7.791202973513447483e-02, 7.579471506233602385e-02, 4.458507457588780087e-01
4.000184671494146915e-01, 7.818658708904704935e-02, 7.609402489950412019e-02, 4.457009208620340557e-01
3.995921131708294882e-01, 7.846263012164766959e-02, 7.639525175414972613e-02, 4.455500049533730467e-01
3.991634441925668852e-01, 7.874015967337394395e-02, 7.669840030669460018e-02, 4.453979958273646678e-01
3.987324569724193801e-01, 7.901917653244504292e-02, 7.700347520113116906e-02, 4.452448912940044634e-01
3.982991483424225265e-01, 7.929968143417474857e-02, 7.731048104417326261e-02, 4.450906891792295594e-01
3.978635152099787575e-01, 7.958167506028393512e-02, 7.761942240440160290e-02, 4.449353873253357738e-01
3.974255545589845950e-01, 7.986515803821249426e-02, 7.793030381140493568e-02, 4.447789835913979473e-01
3.969852634509611899e-01, 8.015013094043076103e-02, 7.824312975491673483e-02, 4.446214758536912726e-01
3.965426390261868050e-01, 8.043659428375093956e-02, 7.855790468394711901e-02, 4.444628620061150670e-01
3.960976785048335724e-01, 8.072454852863789054e-02, 7.887463300591075754e-02, 4.443031399606178766e-01
3.956503791881044174e-01, 8.101399407852021006e-02, 7.919331908575007184e-02, 4.441423076476254117e-01
3.952007384593748673e-01, 8.130493127910122519e-02, 7.951396724505475910e-02, 4.439803630164691484e-01
3.947487537853354156e-01, 8.159736041767010062e-02, 7.983658176117672256e-02, 4.438173040358178167e-01
3.942944227171359950e-01, 8.189128172241319503e-02, 8.016116686634133792e-02, 4.436531286941092778e-01
3.938377428915334488e-01, 8.218669536172605594e-02, 8.048772674675455652e-02, 4.434878349999858971e-01
3.933787120320388908e-01, 8.248360144352558099e-02, 8.081626554170653898e-02, 4.433214209827289198e-01
3.929173279500683402e-01, 8.278200001456322010e-02, 8.114678734267122273e-02, 4.431538846926971753e-01
3.924535885460934681e-01, 8.308189105973856625e-02, 8.147929619240257271e-02, 4.429852242017654484e-01
3.919874918107938422e-01, 8.338327450141419517e-02, 8.181379608402712666e-02, 4.428154376037646833e-01
3.915190358262103931e-01, 8.368615019873140715e-02, 8.215029096013351517e-02, 4.426445230149245735e-01
3.910482187668996579e-01, 8.399051794692709294e-02, 8.248878471185813743e-02, 4.424724785743152644e-01
3.905750389010868573e-01, 8.429637747665190417e-02, 8.282928117796838074e-02, 4.422993024442928855e-01
3.900994945918228041e-01, 8.460372845329015845e-02, 8.317178414394242603e-02, 4.421249928109447502e-01
3.896215842981374244e-01, 8.491257047628082699e-02, 8.351629734104601410e-02, 4.419495478845358316e-01
3.891413065761957224e-01, 8.522290307844079815e-02, 8.386282444540685277e-02, 4.417729658999567932e-01
3.886586600804517455e-01, 8.553472572528958429e-02, 8.421136907708605401e-02, 4.415952451171726856e-01
3.881736435648036609e-01, 8.584803781437612413e-02, 8.456193479914715649e-02, 4.414163838216729197e-01
3.876862558837471662e-01, 8.616283867460811097e-02, 8.491452511672281656e-02, 4.412363803249219618e-01
3.871964959935277895e-01, 8.647912756558304159e-02, 8.526914347607905675e-02, 4.410552329648101400e-01
3.867043629532933569e-01, 8.679690367692215192e-02, 8.562579326367755761e-02, 4.408729401061068920e-01
3.862098559262440167e-01, 8.711616612760679501e-02, 8.598447780523592321e-02, 4.406895001409132928e-01
3.857129741807809875e-01, 8.743691396531762250e-02, 8.634520036478612881e-02, 4.405049114891153583e-01
3.852137170916538622e-01, 8.775914616577655536e-02, 8.670796414373115046e-02, 4.403191725988384597e-01
3.847120841411057479e-01, 8.808286163209207154e-02, 8.707277227990019297e-02, 4.401322819469020153e-01
3.842080749200158518e-01, 8.840805919410738012e-02, 8.743962784660261334e-02, 4.399442380392742380e-01
3.837016891290404019e-01, 8.873473760775225927e-02, 8.780853385168008174e-02, 4.397550394115273265e-01
3.831929265797497375e-01, 8.906289555439829420e-02, 8.817949323655824290e-02, 4.395646846292936560e-01
3.826817871957642891e-01, 8.939253164021784825e-02, 8.855250887529721171e-02, 4.393731722887206925e-01
3.821682710138846195e-01, 8.972364439554676718e-02, 8.892758357364120847e-02, 4.391805010169274603e-01
3.816523781852211861e-01, 9.005623227425137156e-02, 8.930472006806748630e-02, 4.389866694724599561e-01
3.811341089763179424e-01, 9.039029365309947384e-02, 8.968392102483534190e-02, 4.387916763457471725e-01
3.806134637702736079e-01, 9.072582683113555868e-02, 9.006518903903400208e-02, 4.385955203595569007e-01
3.800904430678577750e-01, 9.106283002906093160e-02, 9.044852663363109335e-02, 4.383982002694502000e-01
3.795650474886231862e-01, 9.140130138861821130e-02, 9.083393625852079212e-02, 4.381997148642377549e-01
3.790372777720132924e-01, 9.174123897198065147e-02, 9.122142028957244686e-02, 4.380000629664334566e-01
3.785071347784643714e-01, 9.208264076114683339e-02, 9.161098102767925577e-02, 4.377992434327095395e-01
3.779746194905032608e-01, 9.242550465734021559e-02, 9.200262069780774932e-02, 4.375972551543487743e-01
3.774397330138387074e-01, 9.276982848041408214e-02, 9.239634144804817484e-02, 4.373940970576989939e-01
3.769024765784479980e-01, 9.311560996826241665e-02, 9.279214534866543629e-02, 4.371897681046242323e-01
3.763628515396564844e-01, 9.346284677623595272e-02, 9.319003439115138010e-02, 4.369842672929560856e-01
3.758208593792122243e-01, 9.381153647656455263e-02, 9.359001048727864924e-02, 4.367775936569445738e-01
3.752765017063521835e-01, 9.416167655778538703e-02, 9.399207546815531444e-02, 4.365697462677071705e-01
3.747297802588638316e-01, 9.451326442417755380e-02, 9.439623108328189238e-02, 4.363607242336767222e-01
3.741806969041376330e-01, 9.486629739520306692e-02, 9.480247899961009861e-02, 4.361505267010491460e-01
3.736292536402138209e-01, 9.522077270495446499e-02, 9.521082080060333519e-02, 4.359391528542285177e-01
3.730754525968200674e-01, 9.557668750160902560e-02, 9.562125798529985676e-02, 4.357266019162711612e-01
3.725192960364024364e-01, 9.593403884689032102e-02, 9.603379196737824031e-02, 4.355128731493290162e-01
3.719607863551474547e-01, 9.629282371553674058e-02, 9.644842407422549169e-02, 4.352979658550904518e-01
3.713999260839954686e-01, 9.665303899477704908e-02, 9.686515554600817757e-02, 4.350818793752193603e-01
3.708367178896462280e-01, 9.701468148381410528e-02, 9.728398753474648553e-02, 4.348646130917932506e-01
3.702711645755540348e-01, 9.737774789331579695e-02, 9.770492110339175362e-02, 4.346461664277384007e-01
3.697032690829145651e-01, 9.774223484491385838e-02, 9.812795722490741390e-02, 4.344265388472641209e-01
3.691330344916418094e-01, 9.810813887071109796e-02, 9.855309678135353024e-02, 4.342057298562935763e-01
3.685604640213341887e-01, 9.847545641279660533e-02, 9.898034056297552730e-02, 4.339837390028936093e-01
3.679855610322320669e-01, 9.884418382276936865e-02, 9.940968926729697175e-02, 4.337605658777016204e-01
3.674083290261630497e-01, 9.921431736127071799e-02, 9.984114349821650303e-02, 4.335362101143496183e-01
3.668287716474775695e-01, 9.958585319752558118e-02, 1.002747037651096768e-01, 4.333106713898871032e-01
3.662468926839725913e-01, 9.995878740889235781e-02, 1.007103704819355544e-01, 4.330839494251995658e-01
3.656626960678043825e-01, 1.003331159804224521e-01, 1.011481439663479004e-01, 4.328560439854252095e-01
3.650761858763896250e-01, 1.007088348044288678e-01, 1.015880244388122633e-01, 4.326269548803691745e-01
3.644873663332936498e-01, 1.010859396800644350e-01, 1.020300120217280809e-01, 4.323966819649138205e-01
3.638962418091070683e-01, 1.014644263129098889e-01, 1.024741067385565862e-01, 4.321652251394262900e-01
3.633028168223101373e-01, 1.018442903145716089e-01, 1.029203085129548195e-01, 4.319325843501634066e-01
3.627070960401227451e-01, 1.022255272022896400e-01, 1.033686171679154830e-01, 4.316987595896721874e-01
3.621090842793424636e-01, 1.026081323985560678e-01, 1.038190324249134017e-01, 4.314637508971881363e-01
3.615087865071688888e-01, 1.029921012307436212e-01, 1.042715539030585059e-01, 4.312275583590289840e-01
3.609062078420130493e-01, 1.033774289307451133e-01, 1.047261811182558233e-01, 4.309901821089858753e-01
3.603013535542947121e-01, 1.037641106346238462e-01, 1.051829134823722423e-01, 4.307516223287090606e-01
3.596942290672224818e-01, 1.041521413822745351e-01, 1.056417503024107835e-01, 4.305118792480922552e-01
3.590848399575614636e-01, 1.045415161170958757e-01, 1.061026907796925461e-01, 4.302709531456500591e-01
3.584731919563851066e-01, 1.049322296856746717e-01, 1.065657340090461064e-01, 4.300288443488940460e-01
3.578592909498113928e-01, 1.053242768374808014e-01, 1.070308789780053116e-01, 4.297855532347026331e-01
3.572431429797233715e-01, 1.057176522245743683e-01, 1.074981245660147910e-01, 4.295410802296875663e-01
3.566247542444739849e-01, 1.061123504013251201e-01, 1.079674695436446674e-01, 4.292954258105561305e-01
3.560041310995751829e-01, 1.065083658241431780e-01, 1.084389125718135949e-01, 4.290485905044680859e-01
3.553812800583687204e-01, 1.069056928512225890e-01, 1.089124522010205542e-01, 4.288005748893881641e-01
3.547562077926822433e-01, 1.073043257422971880e-01, 1.093880868705863207e-01, 4.285513795944342896e-01
3.541289211334663900e-01, 1.077042586584088940e-01, 1.098658149079041052e-01, 4.283010053002205830e-01
3.534994270714159614e-01, 1.081054856616891074e-01, 1.103456345277000900e-01, 4.280494527391949244e-01
3.528677327575718281e-01, 1.085080007151529718e-01, 1.108275438313033878e-01, 4.277967226959718539e-01
3.522338455039061844e-01, 1.089117976825062645e-01, 1.113115408059271172e-01, 4.275428160076604756e-01
3.515977727838884848e-01, 1.093168703279665810e-01, 1.117976233239586920e-01, 4.272877335641863117e-01
3.509595222330331721e-01, 1.097232123160969408e-01, 1.122857891422617688e-01, 4.270314763086081600e-01
3.503191016494285326e-01, 1.101308172116536588e-01, 1.127760359014886166e-01, 4.267740452374291782e-01
3.496765189942460661e-01, 1.105396784794478587e-01, 1.132683611254035883e-01, 4.265154414009024730e-01
3.490317823922307050e-01, 1.109497894842208093e-01, 1.137627622202180555e-01, 4.262556659033305828e-01
3.483849001321707162e-01, 1.113611434905332626e-01, 1.142592364739370703e-01, 4.259947199033588539e-01
3.477358806673486180e-01, 1.117737336626696970e-01, 1.147577810557176559e-01, 4.257326046142640985e-01
3.470847326159702262e-01, 1.121875530645558977e-01, 1.152583930152391578e-01, 4.254693213042347044e-01
3.464314647615746035e-01, 1.126025946596921484e-01, 1.157610692820862514e-01, 4.252048712966469135e-01
3.457760860534221936e-01, 1.130188513111004822e-01, 1.162658066651440780e-01, 4.249392559703332184e-01
3.451186056068618613e-01, 1.134363157812870171e-01, 1.167726018520063441e-01, 4.246724767598447636e-01
3.444590327036772259e-01, 1.138549807322192381e-01, 1.172814514083967280e-01, 4.244045351557068080e-01
3.437973767924103474e-01, 1.142748387253185310e-01, 1.177923517776028328e-01, 4.241354327046682471e-01
3.431336474886643728e-01, 1.146958822214678569e-01, 1.183052992799243780e-01, 4.238651710099433645e-01
3.424678545753832015e-01, 1.151181035810349279e-01, 1.188202901121347271e-01, 4.235937517314473655e-01
3.418000080031088905e-01, 1.155414950639107874e-01, 1.193373203469561966e-01, 4.233211765860241393e-01
3.411301178902175213e-01, 1.159660488295645303e-01, 1.198563859325502134e-01, 4.230474473476678043e-01
3.404581945231297535e-01, 1.163917569371130528e-01, 1.203774826920209207e-01, 4.227725658477363702e-01
3.397842483565003957e-01, 1.168186113454077052e-01, 1.209006063229341038e-01, 4.224965339751577953e-01
3.391082900133835509e-01, 1.172466039131360299e-01, 1.214257523968509805e-01, 4.222193536766294941e-01
3.384303302853741147e-01, 1.176757263989403890e-01, 1.219529163588764231e-01, 4.219410269568090732e-01
3.377503801327255695e-01, 1.181059704615526063e-01, 1.224820935272231126e-01, 4.216615558784987394e-01
3.370684506844432438e-01, 1.185373276599450132e-01, 1.230132790927910003e-01, 4.213809425628206040e-01
3.363845532383544779e-01, 1.189697894534980788e-01, 1.235464681187623676e-01, 4.210991891893850481e-01
3.356986992611519227e-01, 1.194033472021845399e-01, 1.240816555402126931e-01, 4.208162979964507056e-01
3.350109003884148007e-01, 1.198379921667703796e-01, 1.246188361637383946e-01, 4.205322712810765640e-01
3.343211684246025217e-01, 1.202737155090325971e-01, 1.251580046670997259e-01, 4.202471113992651830e-01
3.336295153430254290e-01, 1.207105082919938399e-01, 1.256991555988812848e-01, 4.199608207660994741e-01
3.329359532857888992e-01, 1.211483614801739522e-01, 1.262422833781689513e-01, 4.196734018558682666e-01
3.322404945637113527e-01, 1.215872659398590377e-01, 1.267873822942432172e-01, 4.193848572021864340e-01
3.315431516562180603e-01, 1.220272124393869811e-01, 1.273344465062906106e-01, 4.190951893981043064e-01
3.308439372112078614e-01, 1.224681916494509970e-01, 1.278834700431318860e-01, 4.188044010962092556e-01
3.301428640448939578e-01, 1.229101941434198042e-01, 1.284344468029676167e-01, 4.185124950087186213e-01
3.294399451416183955e-01, 1.233532103976757027e-01, 1.289873705531420500e-01, 4.182194739075639212e-01
3.287351936536404007e-01, 1.237972307919698312e-01, 1.295422349299245046e-01, 4.179253406244653468e-01
3.280286229008976817e-01, 1.242422456097951461e-01, 1.300990334383086144e-01, 4.176300980509986549e-01
3.273202463707411969e-01, 1.246882450387769015e-01, 1.306577594518305852e-01, 4.173337491386512887e-01
3.266100777176429992e-01, 1.251352191710803918e-01, 1.312184062124053530e-01, 4.170362968988711172e-01
3.258981307628767143e-01, 1.255831580038374029e-01, 1.317809668301809789e-01, 4.167377444031049594e-01
3.251844194941709842e-01, 1.260320514395887881e-01, 1.323454342834129993e-01, 4.164380947828270618e-01
3.244689580653360439e-01, 1.264818892867466404e-01, 1.329118014183564289e-01, 4.161373512295607480e-01
3.237517607958620980e-01, 1.269326612600727988e-01, 1.334800609491776924e-01, 4.158355169948874663e-01
3.230328421704901642e-01, 1.273843569811758114e-01, 1.340502054578854296e-01, 4.155325953904485115e-01
3.223122168387563269e-01, 1.278369659790258850e-01, 1.346222273942809522e-01, 4.152285897879368637e-01
3.215898996145066802e-01, 1.282904776904874311e-01, 1.351961190759277953e-01, 4.149235036190782044e-01
3.208659054753852935e-01, 1.287448814608693759e-01, 1.357718726881417814e-01, 4.146173403756035492e-01
3.201402495622944211e-01, 1.292001665444938718e-01, 1.363494802839999298e-01, 4.143101036092117773e-01
3.194129471788259567e-01, 1.296563221052825232e-01, 1.369289337843699050e-01, 4.140017969315216151e-01
3.186840137906649661e-01, 1.301133372173604863e-01, 1.375102249779596719e-01, 4.136924240140147369e-01
3.179534650249659089e-01, 1.305712008656789158e-01, 1.380933455213868843e-01, 4.133819885879684297e-01
3.172213166696989384e-01, 1.310299019466546755e-01, 1.386782869392687856e-01, 4.130704944443776006e-01
3.164875846729698905e-01, 1.314894292688284505e-01, 1.392650406243329808e-01, 4.127579454338686782e-01
3.157522851423100185e-01, 1.319497715535405125e-01, 1.398535978375480826e-01, 4.124443454666012476e-01
3.150154343439393045e-01, 1.324109174356243035e-01, 1.404439497082754507e-01, 4.121296985121609135e-01
3.142770487019995174e-01, 1.328728554641178949e-01, 1.410360872344414152e-01, 4.118140085994411170e-01
3.135371447977600701e-01, 1.333355741029930985e-01, 1.416300012827308441e-01, 4.114972798165159595e-01
3.127957393687952892e-01, 1.337990617319023967e-01, 1.422256825888008058e-01, 4.111795163105015360e-01
3.120528493081328181e-01, 1.342633066469437475e-01, 1.428231217575164080e-01, 4.108607222874070541e-01
3.113084916633739874e-01, 1.347282970614425701e-01, 1.434223092632063434e-01, 4.105409020119770713e-01
3.105626836357858744e-01, 1.351940211067517439e-01, 1.440232354499409451e-01, 4.102200598075213533e-01
3.098154425793646083e-01, 1.356604668330686492e-01, 1.446258905318305865e-01, 4.098982000557361838e-01
3.090667859998701972e-01, 1.361276222102703326e-01, 1.452302645933456482e-01, 4.095753271965137388e-01
3.083167315538341002e-01, 1.365954751287653812e-01, 1.458363475896580219e-01, 4.092514457277423578e-01
3.075652970475374892e-01, 1.370640134003632549e-01, 1.464441293470038485e-01, 4.089265602050953796e-01
3.068125004359610331e-01, 1.375332247591613544e-01, 1.470535995630674331e-01, 4.086006752418103738e-01
3.060583598217078705e-01, 1.380030968624480769e-01, 1.476647478073873088e-01, 4.082737955084568271e-01
3.053028934538974393e-01, 1.384736172916243568e-01, 1.482775635217831733e-01, 4.079459257326949473e-01
3.045461197270322162e-01, 1.389447735531409156e-01, 1.488920360208046967e-01, 4.076170706990221992e-01
3.037880571798346474e-01, 1.394165530794525820e-01, 1.495081544922019501e-01, 4.072872352485108483e-01
3.030287244940589320e-01, 1.398889432299899871e-01, 1.501259079974169297e-01, 4.069564242785341790e-01
3.022681404932731630e-01, 1.403619312921471074e-01, 1.507452854720974511e-01, 4.066246427424824450e-01
3.015063241416143791e-01, 1.408355044822852953e-01, 1.513662757266318326e-01, 4.062918956494684375e-01
3.007432945425172477e-01, 1.413096499467542677e-01, 1.519888674467058109e-01, 4.059581880640226736e-01
2.999790709374129949e-01, 1.417843547629285827e-01, 1.526130491938803291e-01, 4.056235251057780378e-01
2.992136727044037992e-01, 1.422596059402605473e-01, 1.532388094061918060e-01, 4.052879119491439863e-01
2.984471193569083747e-01, 1.427353904213489733e-01, 1.538661363987729458e-01, 4.049513538229697063e-01
2.976794305422819087e-01, 1.432116950830236990e-01, 1.544950183644955843e-01, 4.046138560101987247e-01
2.969106260404079101e-01, 1.436885067374455982e-01, 1.551254433746352690e-01, 4.042754238475111950e-01
2.961407257622650224e-01, 1.441658121332221876e-01, 1.557573993795562106e-01, 4.039360627249565239e-01
2.953697497484660817e-01, 1.446435979565385277e-01, 1.563908742094189952e-01, 4.035957780855763399e-01
2.945977181677726375e-01, 1.451218508323030010e-01, 1.570258555749083906e-01, 4.032545754250161374e-01
2.938246513155815531e-01, 1.456005573253080776e-01, 1.576623310679830803e-01, 4.029124602911273167e-01
2.930505696123879567e-01, 1.460797039414063192e-01, 1.583002881626463798e-01, 4.025694382835593443e-01
2.922754936022211036e-01, 1.465592771287000662e-01, 1.589397142157381315e-01, 4.022255150533406431e-01
2.914994439510553703e-01, 1.470392632787463350e-01, 1.595805964677473043e-01, 4.018806963024509904e-01
2.907224414451970995e-01, 1.475196487277749824e-01, 1.602229220436460766e-01, 4.015349877833818137e-01
2.899445069896454674e-01, 1.480004197579217473e-01, 1.608666779537442637e-01, 4.011883952986886048e-01
2.891656616064284813e-01, 1.484815625984745868e-01, 1.615118510945645069e-01, 4.008409247005324527e-01
2.883859264329172722e-01, 1.489630634271333631e-01, 1.621584282497386675e-01, 4.004925818902107526e-01
2.876053227201126883e-01, 1.494449083712833248e-01, 1.628063960909237606e-01, 4.001433728176801430e-01
2.868238718309115698e-01, 1.499270835092811338e-01, 1.634557411787392056e-01, 3.997933034810682296e-01
2.860415952383465465e-01, 1.504095748717542147e-01, 1.641064499637236995e-01, 3.994423799261754837e-01
2.852585145238059061e-01, 1.508923684429126499e-01, 1.647585087873125465e-01, 3.990906082459688697e-01
2.844746513752274275e-01, 1.513754501618730652e-01, 1.654119038828346933e-01, 3.987379945800648695e-01
2.836900275852718423e-01, 1.518588059239951438e-01, 1.660666213765299715e-01, 3.983845451142030147e-01
2.829046650494736470e-01, 1.523424215822299643e-01, 1.667226472885854627e-01, 3.980302660797107595e-01
2.821185857643692674e-01, 1.528262829484798302e-01, 1.673799675341922089e-01, 3.976751637529588601e-01
2.813318118256042388e-01, 1.533103757949691170e-01, 1.680385679246202135e-01, 3.973192444548064861e-01
2.805443654260198483e-01, 1.537946858556273888e-01, 1.686984341683135935e-01, 3.969625145500391694e-01
2.797562688537174602e-01, 1.542791988274820614e-01, 1.693595518720038828e-01, 3.966049804467964846e-01
2.789675444901034695e-01, 1.547639003720626683e-01, 1.700219065418431263e-01, 3.962466485959907914e-01
2.781782148079137706e-01, 1.552487761168146185e-01, 1.706854835845542928e-01, 3.958875254907173180e-01
2.773883023692186867e-01, 1.557338116565237518e-01, 1.713502683086013390e-01, 3.955276176656563059e-01
2.765978298234078592e-01, 1.562189925547500247e-01, 1.720162459253768428e-01, 3.951669316964652734e-01
2.758068199051571523e-01, 1.567043043452711892e-01, 1.726834015504075115e-01, 3.948054741991640082e-01
2.750152954323762944e-01, 1.571897325335352980e-01, 1.733517202045780359e-01, 3.944432518295103995e-01
2.742232793041382566e-01, 1.576752625981221456e-01, 1.740211868153719033e-01, 3.940802712823677778e-01
2.734307944985914229e-01, 1.581608799922133990e-01, 1.746917862181296688e-01, 3.937165392910654815e-01
2.726378640708540524e-01, 1.586465701450711363e-01, 1.753635031573248793e-01, 3.933520626267498765e-01
2.718445111508916434e-01, 1.591323184635238530e-01, 1.760363222878561507e-01, 3.929868480977284362e-01
2.710507589413780893e-01, 1.596181103334609885e-01, 1.767102281763557881e-01, 3.926209025488052173e-01
2.702566307155406244e-01, 1.601039311213338645e-01, 1.773852053025154196e-01, 3.922542328606101747e-01
2.694621498149892269e-01, 1.605897661756644501e-01, 1.780612380604273126e-01, 3.918868459489188716e-01
2.686673396475308673e-01, 1.610756008285607055e-01, 1.787383107599414267e-01, 3.915187487639670283e-01
2.678722236849682137e-01, 1.615614203972376706e-01, 1.794164076280380382e-01, 3.911499482897559665e-01
2.670768254608858472e-01, 1.620472101855456870e-01, 1.800955128102162128e-01, 3.907804515433522252e-01
2.662811685684208785e-01, 1.625329554855037273e-01, 1.807756103718960727e-01, 3.904102655741794603e-01
2.654852766580205192e-01, 1.630186415788382193e-01, 1.814566842998370788e-01, 3.900393974633042382e-01
2.646891734351883296e-01, 1.635042537385272277e-01, 1.821387185035701073e-01, 3.896678543227142244e-01
2.638928826582160325e-01, 1.639897772303493539e-01, 1.828216968168433765e-01, 3.892956432945912648e-01
2.630964281359042256e-01, 1.644751973144367996e-01, 1.835056029990829174e-01, 3.889227715505760852e-01
2.622998337252721579e-01, 1.649604992468328424e-01, 1.841904207368658952e-01, 3.885492462910291600e-01
2.615031233292560708e-01, 1.654456682810530599e-01, 1.848761336454077253e-01, 3.881750747442831995e-01
2.607063208943967147e-01, 1.659306896696498002e-01, 1.855627252700616237e-01, 3.878002641658919170e-01
2.599094504085179835e-01, 1.664155486657799554e-01, 1.862501790878307306e-01, 3.874248218378714692e-01
2.591125358983949467e-01, 1.669002305247754003e-01, 1.869384785088930301e-01, 3.870487550679366229e-01
2.583156014274139434e-01, 1.673847205057156506e-01, 1.876276068781377870e-01, 3.866720711887326467e-01
2.575186710932235168e-01, 1.678690038730030198e-01, 1.883175474767133095e-01, 3.862947775570600428e-01
2.567217690253780216e-01, 1.683530658979389694e-01, 1.890082835235868119e-01, 3.859168815530961139e-01
2.559249193829732372e-01, 1.688368918603020685e-01, 1.896997981771141595e-01, 3.855383905796103683e-01
2.551281463522758752e-01, 1.693204670499272868e-01, 1.903920745366211309e-01, 3.851593120611758181e-01
2.543314741443457594e-01, 1.698037767682849530e-01, 1.910850956439942849e-01, 3.847796534433749471e-01
2.535349269926536753e-01, 1.702868063300613799e-01, 1.917788444852822349e-01, 3.843994221920028487e-01
2.527385291506918374e-01, 1.707695410647383505e-01, 1.924733039923056666e-01, 3.840186257922641455e-01
2.519423048895817474e-01, 1.712519663181728546e-01, 1.931684570442775417e-01, 3.836372717479678007e-01
2.511462784956766670e-01, 1.717340674541755485e-01, 1.938642864694314349e-01, 3.832553675807163773e-01
2.503504742681600947e-01, 1.722158298560886314e-01, 1.945607750466582520e-01, 3.828729208290930219e-01
2.495549165166421335e-01, 1.726972389283620291e-01, 1.952579055071515524e-01, 3.824899390478442296e-01
2.487596295587527484e-01, 1.731782800981277737e-01, 1.959556605360602832e-01, 3.821064298070592224e-01
2.479646377177321948e-01, 1.736589388167721348e-01, 1.966540227741488400e-01, 3.817224006913467749e-01
2.471699653200215563e-01, 1.741392005615057803e-01, 1.973529748194641220e-01, 3.813378592990086524e-01
2.463756366928505082e-01, 1.746190508369299954e-01, 1.980524992290091935e-01, 3.809528132412102752e-01
2.455816761618263011e-01, 1.750984751766012926e-01, 1.987525785204235229e-01, 3.805672701411489944e-01
2.447881080485209693e-01, 1.755774591445905253e-01, 1.994531951736681352e-01, 3.801812376332203702e-01
2.439949566680610638e-01, 1.760559883370401424e-01, 2.001543316327174249e-01, 3.797947233621814522e-01
2.432022463267170254e-01, 1.765340483837155583e-01, 2.008559703072551883e-01, 3.794077349823122280e-01
2.424100013194953884e-01, 1.770116249495526928e-01, 2.015580935743756241e-01, 3.790202801565762947e-01
2.416182459277323169e-01, 1.774887037362006814e-01, 2.022606837802886359e-01, 3.786323665557784768e-01
2.408270044166903601e-01, 1.779652704835588128e-01, 2.029637232420289372e-01, 3.782440018577219454e-01
2.400363010331587055e-01, 1.784413109713081647e-01, 2.036671942491692922e-01, 3.778551937463637822e-01
2.392461600030570401e-01, 1.789168110204377438e-01, 2.043710790655356990e-01, 3.774659499109696004e-01
2.384566055290435194e-01, 1.793917564947628274e-01, 2.050753599309265984e-01, 3.770762780452668883e-01
2.376676617881285092e-01, 1.798661333024386966e-01, 2.057800190628339132e-01, 3.766861858465988533e-01
2.368793529292924360e-01, 1.803399273974657657e-01, 2.064850386581653652e-01, 3.762956810150763776e-01
2.360917030711113529e-01, 1.808131247811883002e-01, 2.071904008949699283e-01, 3.759047712527305296e-01
2.353047362993872793e-01, 1.812857115037851408e-01, 2.078960879341630041e-01, 3.755134642626644648e-01
2.345184766647872288e-01, 1.817576736657527114e-01, 2.086020819212532906e-01, 3.751217677482067692e-01
2.337329481804877040e-01, 1.822289974193795348e-01, 2.093083649880694563e-01, 3.747296894120631383e-01
2.329481748198301561e-01, 1.826996689702123922e-01, 2.100149192544875365e-01, 3.743372369554698875e-01
2.321641805139819659e-01, 1.831696745785133529e-01, 2.107217268301571356e-01, 3.739444180773475734e-01
2.313809891496087789e-01, 1.836390005607076992e-01, 2.114287698162273244e-01, 3.735512404734561698e-01
2.305986245665553602e-01, 1.841076332908221924e-01, 2.121360303070716491e-01, 3.731577118355506872e-01
2.298171105555372740e-01, 1.845755592019140690e-01, 2.128434903920110033e-01, 3.727638398505376816e-01
2.290364708558420281e-01, 1.850427647874887671e-01, 2.135511321570347787e-01, 3.723696321996343706e-01
2.282567291530430698e-01, 1.855092366029082451e-01, 2.142589376865200457e-01, 3.719750965575286950e-01
2.274779090767236056e-01, 1.859749612667882801e-01, 2.149668890649471253e-01, 3.715802405915408779e-01
2.267000341982142175e-01, 1.864399254623842483e-01, 2.156749683786137739e-01, 3.711850719607877602e-01
2.259231280283414134e-01, 1.869041159389663864e-01, 2.163831577173435938e-01, 3.707895983153487451e-01
2.251472140151909163e-01, 1.873675195131825066e-01, 2.170914391761925299e-01, 3.703938272954341304e-01
2.243723155418829995e-01, 1.878301230704098601e-01, 2.177997948571503140e-01, 3.699977665305568264e-01
2.235984559243631986e-01, 1.882919135660938714e-01, 2.185082068708372183e-01, 3.696014236387056839e-01
2.228256584092065118e-01, 1.887528780270751327e-01, 2.192166573381960915e-01, 3.692048062255223750e-01
2.220539461714369223e-01, 1.892130035529028809e-01, 2.199251283921791755e-01, 3.688079218834811046e-01
2.212833423123626020e-01, 1.896722773171365117e-01, 2.206336021794286228e-01, 3.684107781910722079e-01
2.205138698574267142e-01, 1.901306865686331060e-01, 2.213420608619514618e-01, 3.680133827119886902e-01
2.197455517540743419e-01, 1.905882186328216876e-01, 2.220504866187880677e-01, 3.676157429943159305e-01
2.189784108696363751e-01, 1.910448609129636321e-01, 2.227588616476733341e-01, 3.672178665697266586e-01
2.182124699892311059e-01, 1.915006008913991697e-01, 2.234671681666914045e-01, 3.668197609526782088e-01
2.174477518136822551e-01, 1.919554261307797327e-01, 2.241753884159222998e-01, 3.664214336396156568e-01
2.166842789574560668e-01, 1.924093242752856203e-01, 2.248835046590807740e-01, 3.660228921081776776e-01
2.159220739466163885e-01, 1.928622830518289810e-01, 2.255914991851469820e-01, 3.656241438164076762e-01
2.151611592167986808e-01, 1.933142902712419731e-01, 2.262993543099889870e-01, 3.652251962019703035e-01
2.144015571112032337e-01, 1.937653338294499650e-01, 2.270070523779754157e-01, 3.648260566813713579e-01
2.136432898786083112e-01, 1.942154017086285545e-01, 2.277145757635798407e-01, 3.644267326491834047e-01
2.128863796714024481e-01, 1.946644819783458491e-01, 2.284219068729747837e-01, 3.640272314772768358e-01
2.121308485436386726e-01, 1.951125627966890652e-01, 2.291290281456164479e-01, 3.636275605140558143e-01
2.113767184491078255e-01, 1.955596324113735851e-01, 2.298359220558186811e-01, 3.632277270836998806e-01
2.106240112394341113e-01, 1.960056791608381366e-01, 2.305425711143165857e-01, 3.628277384854111109e-01
2.098727486621920491e-01, 1.964506914753215983e-01, 2.312489578698194992e-01, 3.624276019926669368e-01
2.091229523590446837e-01, 1.968946578779244005e-01, 2.319550649105520390e-01, 3.620273248524787935e-01
2.083746438639044740e-01, 1.973375669856526071e-01, 2.326608748657845172e-01, 3.616269142846583740e-01
2.076278446011167733e-01, 1.977794075104453153e-01, 2.333663704073509482e-01, 3.612263774810869910e-01
2.068825758836655426e-01, 1.982201682601849591e-01, 2.340715342511550390e-01, 3.608257216049945426e-01
2.061388589114029335e-01, 1.986598381396903201e-01, 2.347763491586639384e-01, 3.604249537902428080e-01
2.053967147693020467e-01, 1.990984061516920256e-01, 2.354807979383892746e-01, 3.600240811406166253e-01
2.046561644257331447e-01, 1.995358613977906981e-01, 2.361848634473548980e-01, 3.596231107291212314e-01
2.039172287307645381e-01, 1.999721930793971481e-01, 2.368885285925516893e-01, 3.592220495972865968e-01
2.031799284144873985e-01, 2.004073904986550525e-01, 2.375917763323786014e-01, 3.588209047544790864e-01
2.024442840853650505e-01, 2.008414430593451205e-01, 2.382945896780701289e-01, 3.584196831772196723e-01
2.017103162286077445e-01, 2.012743402677719673e-01, 2.389969516951097050e-01, 3.580183918085105832e-01
2.009780452045719090e-01, 2.017060717336318088e-01, 2.396988455046280830e-01, 3.576170375571682825e-01
2.002474912471852442e-01, 2.021366271708626150e-01, 2.404002542847880064e-01, 3.572156272971641067e-01
1.995186744623972108e-01, 2.025659963984752787e-01, 2.411011612721538633e-01, 3.568141678669735639e-01
1.987916148266555549e-01, 2.029941693413666037e-01, 2.418015497630457977e-01, 3.564126660689320714e-01
1.980663321854087278e-01, 2.034211360311131422e-01, 2.425014031148787774e-01, 3.560111286685992971e-01
1.973428462516348958e-01, 2.038468866067471297e-01, 2.432007047474861183e-01, 3.556095623941319395e-01
1.966211766043967635e-01, 2.042714113155124911e-01, 2.438994381444274662e-01, 3.552079739356633348e-01
1.959013426874245123e-01, 2.046947005136028896e-01, 2.445975868542802911e-01, 3.548063699446923902e-01
1.951833638077237199e-01, 2.051167446668802352e-01, 2.452951344919153398e-01, 3.544047570334807884e-01
1.944672591342122003e-01, 2.055375343515742637e-01, 2.459920647397560445e-01, 3.540031417744574083e-01
1.937530476963827963e-01, 2.059570602549631591e-01, 2.466883613490208071e-01, 3.536015306996331820e-01
1.930407483829940651e-01, 2.063753131760348303e-01, 2.473840081409485747e-01, 3.531999303000225021e-01
1.923303799407886649e-01, 2.067922840261288697e-01, 2.480789890080076221e-01, 3.527983470250748432e-01
1.916219609732393303e-01, 2.072079638295594439e-01, 2.487732879150868215e-01, 3.523967872821143210e-01
1.909155099393221588e-01, 2.076223437242188941e-01, 2.494668889006702306e-01, 3.519952574357887998e-01
1.902110451523189305e-01, 2.080354149621617410e-01, 2.501597760779927238e-01, 3.515937638075266047e-01
1.895085847786465716e-01, 2.084471689101696223e-01, 2.508519336361795804e-01, 3.511923126750043367e-01
1.888081468367150406e-01, 2.088575970502965229e-01, 2.515433458413668943e-01, 3.507909102716214589e-01
1.881097491958140244e-01, 2.092666909803949371e-01, 2.522339970378051910e-01, 3.503895627859859307e-01
1.874134095750271400e-01, 2.096744424146222141e-01, 2.529238716489429772e-01, 3.499882763614077241e-01
1.867191455421751689e-01, 2.100808431839278345e-01, 2.536129541784943875e-01, 3.495870570954026646e-01
1.860269745127879348e-01, 2.104858852365212862e-01, 2.543012292114864015e-01, 3.491859110392044330e-01
1.853369137491041596e-01, 2.108895606383198451e-01, 2.549886814152882986e-01, 3.487848441972877800e-01
1.846489803591007395e-01, 2.112918615733781202e-01, 2.556752955406226269e-01, 3.483838625268985134e-01
1.839631912955499160e-01, 2.116927803442970601e-01, 2.563610564225567989e-01, 3.479829719375961417e-01
1.832795633551060899e-01, 2.120923093726142794e-01, 2.570459489814759246e-01, 3.475821782908037338e-01
1.825981131774203070e-01, 2.124904411991750119e-01, 2.577299582240369924e-01, 3.471814873993676054e-01
1.819188572442847762e-01, 2.128871684844832746e-01, 2.584130692441033994e-01, 3.467809050271286053e-01
1.812418118788048094e-01, 2.132824840090344065e-01, 2.590952672236604415e-01, 3.463804368885004537e-01
1.805669932446010983e-01, 2.136763806736278470e-01, 2.597765374337116517e-01, 3.459800886480592919e-01
1.798944173450393036e-01, 2.140688514996614833e-01, 2.604568652351554880e-01, 3.455798659201437251e-01
1.792241000224895076e-01, 2.144598896294056534e-01, 2.611362360796428694e-01, 3.451797742684620252e-01
1.785560569576138124e-01, 2.148494883262593858e-01, 2.618146355104146727e-01, 3.447798192057121014e-01
1.778903036686829697e-01, 2.152376409749870712e-01, 2.624920491631203001e-01, 3.443800061932096868e-01
1.772268555109217103e-01, 2.156243410819358997e-01, 2.631684627666160403e-01, 3.439803406405262942e-01
1.765657276758824112e-01, 2.160095822752352568e-01, 2.638438621437440568e-01, 3.435808279051381642e-01
1.759069351908479351e-01, 2.163933583049765519e-01, 2.645182332120913915e-01, 3.431814732920840938e-01
1.752504929182622517e-01, 2.167756630433748111e-01, 2.651915619847294847e-01, 3.427822820536334802e-01
1.745964155551902874e-01, 2.171564904849118405e-01, 2.658638345709336548e-01, 3.423832593889643006e-01
1.739447176328056399e-01, 2.175358347464600994e-01, 2.665350371768826498e-01, 3.419844104438514720e-01
1.732954135159068543e-01, 2.179136900673893373e-01, 2.672051561063390479e-01, 3.415857403103647050e-01
1.726485174024617042e-01, 2.182900508096538017e-01, 2.678741777613088404e-01, 3.411872540265757370e-01
1.720040433231798949e-01, 2.186649114578620434e-01, 2.685420886426812537e-01, 3.407889565762768358e-01
1.713620051411135770e-01, 2.190382666193284034e-01, 2.692088753508499743e-01, 3.403908528887080731e-01
1.707224165512858383e-01, 2.194101110241062358e-01, 2.698745245863127251e-01, 3.399929478382951453e-01
1.700852910803465623e-01, 2.197804395250038401e-01, 2.705390231502520226e-01, 3.395952462443975750e-01
1.694506420862567919e-01, 2.201492470975822124e-01, 2.712023579450959510e-01, 3.391977528710649614e-01
1.688184827580000158e-01, 2.205165288401356449e-01, 2.718645159750592843e-01, 3.388004724268051659e-01
1.681888261153205721e-01, 2.208822799736539777e-01, 2.725254843466638488e-01, 3.384034095643616569e-01
1.675616850084900855e-01, 2.212464958417689476e-01, 2.731852502692405649e-01, 3.380065688805004576e-01
1.669370721181002160e-01, 2.216091719106819680e-01, 2.738438010554106739e-01, 3.376099549158070312e-01
1.663149999548828584e-01, 2.219703037690759218e-01, 2.745011241215478681e-01, 3.372135721544933240e-01
1.656954808595567374e-01, 2.223298871280092182e-01, 2.751572069882200489e-01, 3.368174250242139678e-01
1.650785270027005924e-01, 2.226879178207935017e-01, 2.758120372806127096e-01, 3.364215178958931962e-01
1.644641503846532848e-01, 2.230443918028550132e-01, 2.764656027289316143e-01, 3.360258550835600877e-01
1.638523628354391914e-01, 2.233993051515789363e-01, 2.771178911687865454e-01, 3.356304408441952991e-01
1.632431760147202426e-01, 2.237526540661382846e-01, 2.777688905415559573e-01, 3.352352793775854600e-01
1.626366014117741066e-01, 2.241044348673053022e-01, 2.784185888947313670e-01, 3.348403748261891688e-01
1.620326503454967426e-01, 2.244546439972486540e-01, 2.790669743822437043e-01, 3.344457312750108713e-01
1.614313339644318779e-01, 2.248032780193136015e-01, 2.797140352647694006e-01, 3.340513527514850645e-01
1.608326632468247697e-01, 2.251503336177867465e-01, 2.803597599100183246e-01, 3.336572432253702147e-01
1.602366490007008093e-01, 2.254958075976458975e-01, 2.810041367930017353e-01, 3.332634066086516134e-01
1.596433018639694945e-01, 2.258396968842941166e-01, 2.816471544962825813e-01, 3.328698467554538354e-01
1.590526323045528545e-01, 2.261819985232789154e-01, 2.822888017102057612e-01, 3.324765674619624689e-01
1.584646506205377170e-01, 2.265227096799965756e-01, 2.829290672331108980e-01, 3.320835724663549482e-01
1.578793669403520950e-01, 2.268618276393815358e-01, 2.835679399715252957e-01, 3.316908654487410457e-01
1.572967912229661647e-01, 2.271993498055817906e-01, 2.842054089403396322e-01, 3.312984500311124125e-01
1.567169332581157259e-01, 2.275352737016190507e-01, 2.848414632629643894e-01, 3.309063297773008339e-01
1.561398026665495875e-01, 2.278695969690360534e-01, 2.854760921714687427e-01, 3.305145081929455886e-01
1.555654089003002671e-01, 2.282023173675285233e-01, 2.861092850067008531e-01, 3.301229887254704121e-01
1.549937612429766465e-01, 2.285334327745642546e-01, 2.867410312183903964e-01, 3.297317747640687857e-01
1.544248688100801070e-01, 2.288629411849884554e-01, 2.873713203652334958e-01, 3.293408696396978863e-01
1.538587405493423710e-01, 2.291908407106158507e-01, 2.880001421149596119e-01, 3.289502766250822496e-01
1.532953852410853524e-01, 2.295171295798089373e-01, 2.886274862443808376e-01, 3.285599989347249839e-01
1.527348114986030736e-01, 2.298418061370444132e-01, 2.892533426394243712e-01, 3.281700397249281975e-01
1.521770277685649264e-01, 2.301648688424660361e-01, 2.898777012951468945e-01, 3.277804020938221430e-01
1.516220423314397769e-01, 2.304863162714249625e-01, 2.905005523157325742e-01, 3.273910890814026864e-01
1.510698633019414983e-01, 2.308061471140080423e-01, 2.911218859144739102e-01, 3.270021036695766048e-01
1.505204986294948200e-01, 2.311243601745541776e-01, 2.917416924137349876e-01, 3.266134487822160426e-01
1.499739560987212450e-01, 2.314409543711578587e-01, 2.923599622448996849e-01, 3.262251272852210726e-01
1.494302433299457833e-01, 2.317559287351621256e-01, 2.929766859483020625e-01, 3.258371419865900287e-01
1.488893677797225035e-01, 2.320692824106390661e-01, 2.935918541731407649e-01, 3.254494956364976654e-01
1.483513367413801798e-01, 2.323810146538596855e-01, 2.942054576773777685e-01, 3.250621909273823662e-01
1.478161573455867295e-01, 2.326911248327521997e-01, 2.948174873276205310e-01, 3.246752304940405676e-01
1.472838365609328015e-01, 2.329996124263498947e-01, 2.954279340989888758e-01, 3.242886169137282892e-01
1.467543811945336008e-01, 2.333064770242279928e-01, 2.960367890749657782e-01, 3.239023527062725449e-01
1.462277978926490307e-01, 2.336117183259301400e-01, 2.966440434472331633e-01, 3.235164403341875827e-01
1.457040931413219609e-01, 2.339153361403850384e-01, 2.972496885154918833e-01, 3.231308822028011729e-01
1.451832732670339243e-01, 2.342173303853121447e-01, 2.978537156872674285e-01, 3.227456806603864470e-01
1.446653444373780240e-01, 2.345177010866189571e-01, 2.984561164777000397e-01, 3.223608379983028960e-01
1.441503126617494357e-01, 2.348164483777872291e-01, 2.990568825093204430e-01, 3.219763564511429199e-01
1.436381837920515381e-01, 2.351135724992510223e-01, 2.996560055118110411e-01, 3.215922381968864263e-01
1.431289635234196667e-01, 2.354090737977647396e-01, 3.002534773217525599e-01, 3.212084853570630893e-01
1.426226573949599397e-01, 2.357029527257628043e-01, 3.008492898823571515e-01, 3.208250999969200490e-01
1.421192707905045149e-01, 2.359952098407104015e-01, 3.014434352431870079e-01, 3.204420841255979924e-01
1.416188089393816130e-01, 2.362858458044457266e-01, 3.020359055598594300e-01, 3.200594396963132859e-01
1.411212769172014436e-01, 2.365748613825137125e-01, 3.026266930937381305e-01, 3.196771686065467688e-01
1.406266796466562607e-01, 2.368622574434921246e-01, 3.032157902116119907e-01, 3.192952726982397071e-01
1.401350218983353768e-01, 2.371480349583094671e-01, 3.038031893853598286e-01, 3.189137537579953552e-01
1.396463082915540554e-01, 2.374321949995554792e-01, 3.043888831916021775e-01, 3.185326135172883433e-01
1.391605432951963650e-01, 2.377147387407838319e-01, 3.049728643113416848e-01, 3.181518536526782293e-01
1.386777312285715213e-01, 2.379956674558078300e-01, 3.055551255295890223e-01, 3.177714757860315431e-01
1.381978762622836920e-01, 2.382749825179895919e-01, 3.061356597349781383e-01, 3.173914814847485499e-01
1.377209824191142351e-01, 2.385526853995211527e-01, 3.067144599193683541e-01, 3.170118722619963414e-01
1.372470535749168996e-01, 2.388287776707005150e-01, 3.072915191774351906e-01, 3.166326495769474225e-01
1.367760934595253219e-01, 2.391032609992000402e-01, 3.078668307062492060e-01, 3.162538148350254597e-01
1.363081056576721517e-01, 2.393761371493295098e-01, 3.084403878048434522e-01, 3.158753693881549696e-01
1.358430936099200570e-01, 2.396474079812927760e-01, 3.090121838737693860e-01, 3.154973145350177810e-01
1.353810606136040262e-01, 2.399170754504390546e-01, 3.095822124146425658e-01, 3.151196515213143257e-01
1.349220098237845777e-01, 2.401851416065081402e-01, 3.101504670296761912e-01, 3.147423815400312574e-01
1.344659442542119332e-01, 2.404516085928703473e-01, 3.107169414212048730e-01, 3.143655057317127910e-01
1.340128667783000438e-01, 2.407164786457625383e-01, 3.112816293911984111e-01, 3.139890251847389790e-01
1.335627801301113304e-01, 2.409797540935169902e-01, 3.118445248407638593e-01, 3.136129409356079312e-01
1.331156869053505831e-01, 2.412414373557875691e-01, 3.124056217696389859e-01, 3.132372539692229729e-01
1.326715895623687969e-01, 2.415015309427701040e-01, 3.129649142756755209e-01, 3.128619652191854672e-01
1.322304904231760003e-01, 2.417600374544191799e-01, 3.135223965543126878e-01, 3.124870755680921874e-01
1.317923916744625779e-01, 2.420169595796602957e-01, 3.140780628980407996e-01, 3.121125858478364101e-01
1.313572953686296396e-01, 2.422723000955982475e-01, 3.146319076958573602e-01, 3.117384968399148359e-01
1.309252034248273855e-01, 2.425260618667219592e-01, 3.151839254327125639e-01, 3.113648092757382302e-01
1.304961176300012127e-01, 2.427782478441053160e-01, 3.157341106889465232e-01, 3.109915238369468371e-01
1.300700396399459280e-01, 2.430288610646053060e-01, 3.162824581397188917e-01, 3.106186411557297911e-01
1.296469709803667603e-01, 2.432779046500563036e-01, 3.168289625544286614e-01, 3.102461618151483580e-01
1.292269130479475059e-01, 2.435253818064613551e-01, 3.173736187961267996e-01, 3.098740863494643394e-01
1.288098671114261129e-01, 2.437712958231815497e-01, 3.179164218209212245e-01, 3.095024152444711407e-01
1.283958343126753998e-01, 2.440156500721218369e-01, 3.184573666773732326e-01, 3.091311489378294475e-01
1.279848156677911297e-01, 2.442584480069147634e-01, 3.189964485058872645e-01, 3.087602878194067313e-01
1.275768120681853024e-01, 2.444996931621019609e-01, 3.195336625380930107e-01, 3.083898322316197538e-01
1.271718242816853028e-01, 2.447393891523136356e-01, 3.200690040962199667e-01, 3.080197824697811226e-01
1.267698529536380458e-01, 2.449775396714457265e-01, 3.206024685924666051e-01, 3.076501387824495670e-01
1.263708986080194496e-01, 2.452141484918362313e-01, 3.211340515283614416e-01, 3.072809013717828774e-01
1.259749616485485446e-01, 2.454492194634387836e-01, 3.216637484941184399e-01, 3.069120703938942318e-01
1.255820423598057733e-01, 2.456827565129962032e-01, 3.221915551679855327e-01, 3.065436459592125185e-01
1.251921409083559256e-01, 2.459147636432112982e-01, 3.227174673155881468e-01, 3.061756281328446572e-01
1.248052573438745844e-01, 2.461452449319181113e-01, 3.232414807892659003e-01, 3.058080169349413624e-01
1.244213916002785136e-01, 2.463742045312515283e-01, 3.237635915274042486e-01, 3.054408123410657372e-01
1.240405434968590154e-01, 2.466016466668157214e-01, 3.242837955537605232e-01, 3.050740142825646983e-01
1.236627127394188952e-01, 2.468275756368534524e-01, 3.248020889767843644e-01, 3.047076226469432325e-01
1.232878989214118565e-01, 2.470519958114134329e-01, 3.253184679889341568e-01, 3.043416372782406509e-01
1.229161015250845868e-01, 2.472749116315183515e-01, 3.258329288659873035e-01, 3.039760579774097859e-01
1.225473199226214671e-01, 2.474963276083327057e-01, 3.263454679663472247e-01, 3.036108845026986303e-01
1.221815533772908496e-01, 2.477162483223304124e-01, 3.268560817303443056e-01, 3.032461165700344186e-01
1.218188010445934166e-01, 2.479346784224628897e-01, 3.273647666795346800e-01, 3.028817538534091525e-01
1.214590619734122467e-01, 2.481516226253272228e-01, 3.278715194159924073e-01, 3.025177959852680676e-01
1.211023351071639498e-01, 2.483670857143357447e-01, 3.283763366216003177e-01, 3.021542425568999324e-01
1.207486192849511197e-01, 2.485810725388846176e-01, 3.288792150573353612e-01, 3.017910931188289014e-01
1.203979132427153292e-01, 2.487935880135246913e-01, 3.293801515625511267e-01, 3.014283471812089221e-01
1.200502156143911509e-01, 2.490046371171327766e-01, 3.298791430542569181e-01, 3.010660042142190851e-01
1.197055249330602339e-01, 2.492142248920838632e-01, 3.303761865263945552e-01, 3.007040636484613061e-01
1.193638396321055062e-01, 2.494223564434246698e-01, 3.308712790491099565e-01, 3.003425248753597843e-01
1.190251580463657227e-01, 2.496290369380487206e-01, 3.313644177680247216e-01, 2.999813872475608489e-01
1.186894784132890845e-01, 2.498342716038721711e-01, 3.318555999035034954e-01, 2.996206500793352490e-01
1.183567988740868576e-01, 2.500380657290124375e-01, 3.323448227499187779e-01, 2.992603126469819963e-01
1.180271174748860896e-01, 2.502404246609674643e-01, 3.328320836749145140e-01, 2.989003741892320432e-01
1.177004321678812165e-01, 2.504413538057971844e-01, 3.333173801186668506e-01, 2.985408339076548456e-01
1.173767408124846701e-01, 2.506408586273071726e-01, 3.338007095931428969e-01, 2.981816909670652604e-01
1.170560411764760972e-01, 2.508389446462342964e-01, 3.342820696813587067e-01, 2.978229444959308303e-01
1.167383309371501227e-01, 2.510356174394341999e-01, 3.347614580366344295e-01, 2.974645935867812896e-01
1.164236076824617383e-01, 2.512308826390714511e-01, 3.352388723818487404e-01, 2.971066372966180147e-01
1.161118689121708597e-01, 2.514247459318122435e-01, 3.357143105086924928e-01, 2.967490746473244179e-01
1.158031120389833024e-01, 2.516172130580190958e-01, 3.361877702769199838e-01, 2.963919046260776735e-01
1.154973343896905924e-01, 2.518082898109488821e-01, 3.366592496136006085e-01, 2.960351261857598892e-01
1.151945332063066679e-01, 2.519979820359528611e-01, 3.371287465123691818e-01, 2.956787382453712754e-01
1.148947056472016948e-01, 2.521862956296803682e-01, 3.375962590326754276e-01, 2.953227396904424817e-01
1.145978487882335084e-01, 2.523732365392845622e-01, 3.380617852990337457e-01, 2.949671293734481559e-01
1.143039596238753924e-01, 2.525588107616322242e-01, 3.385253235002715910e-01, 2.946119061142208895e-01
1.140130350683409011e-01, 2.527430243425153877e-01, 3.389868718887791288e-01, 2.942570687003645546e-01
1.137250719567052398e-01, 2.529258833758680214e-01, 3.394464287797574475e-01, 2.939026158876693051e-01
1.134400670460229410e-01, 2.531073940029839875e-01, 3.399039925504678816e-01, 2.935485464005251344e-01
1.131580170164416671e-01, 2.532875624117399416e-01, 3.403595616394815004e-01, 2.931948589323369325e-01
1.128789184723122951e-01, 2.534663948358211183e-01, 3.408131345459281536e-01, 2.928415521459383219e-01
1.126027679432948375e-01, 2.536438975539507812e-01, 3.412647098287480696e-01, 2.924886246740063256e-01
1.123295618854598388e-01, 2.538200768891233361e-01, 3.417142861059412895e-01, 2.921360751194754801e-01
1.120592966823858172e-01, 2.539949392078412194e-01, 3.421618620538209310e-01, 2.917839020559520602e-01
1.117919686462518353e-01, 2.541684909193554498e-01, 3.426074364062650091e-01, 2.914321040281276920e-01
1.115275740189253101e-01, 2.543407384749106770e-01, 3.430510079539711987e-01, 2.910806795521928003e-01
1.112661089730454245e-01, 2.545116883669932273e-01, 3.434925755437114869e-01, 2.907296271162498891e-01
1.110075696131008482e-01, 2.546813471285838681e-01, 3.439321380775891002e-01, 2.903789451807262112e-01
1.107519519765029492e-01, 2.548497213324148469e-01, 3.443696945122960429e-01, 2.900286321787861055e-01
1.104992520346535084e-01, 2.550168175902307044e-01, 3.448052438583736334e-01, 2.896786865167421676e-01
1.102494656940069817e-01, 2.551826425520529185e-01, 3.452387851794730400e-01, 2.893291065744671431e-01
1.100025887971274180e-01, 2.553472029054500436e-01, 3.456703175916189807e-01, 2.889798907058036548e-01
1.097586171237394381e-01, 2.555105053748114585e-01, 3.460998402624749781e-01, 2.886310372389741530e-01
1.095175463917739817e-01, 2.556725567206252214e-01, 3.465273524106106118e-01, 2.882825444769902545e-01
1.092793722584074756e-01, 2.558333637387613657e-01, 3.469528533047709362e-01, 2.879344106980601947e-01
1.090440903210956325e-01, 2.559929332597586926e-01, 3.473763422631485631e-01, 2.875866341559970563e-01
1.088116961186009063e-01, 2.561512721481172816e-01, 3.477978186526575755e-01, 2.872392130806241672e-01
1.085821851320134812e-01, 2.563083873015943870e-01, 3.482172818882107168e-01, 2.868921456781813317e-01
1.083555527857664319e-01, 2.564642856505062185e-01, 3.486347314319985236e-01, 2.865454301317288399e-01
1.081317944486441252e-01, 2.566189741570334415e-01, 3.490501667927713991e-01, 2.861990646015510342e-01
1.079109054347840435e-01, 2.567724598145323944e-01, 3.494635875251249080e-01, 2.858530472255585986e-01
1.076928810046724611e-01, 2.569247496468504699e-01, 3.498749932287875675e-01, 2.855073761196895710e-01
1.074777163661326945e-01, 2.570758507076464916e-01, 3.502843835479113044e-01, 2.851620493783093568e-01
1.072654066753072205e-01, 2.572257700797163649e-01, 3.506917581703667408e-01, 2.848170650746097432e-01
1.070559470376324374e-01, 2.573745148743230016e-01, 3.510971168270387577e-01, 2.844724212610057479e-01
1.068493325088067797e-01, 2.575220922305321292e-01, 3.515004592911286641e-01, 2.841281159695324687e-01
1.066455580957513666e-01, 2.576685093145520411e-01, 3.519017853774573101e-01, 2.837841472122392683e-01
1.064446187575642105e-01, 2.578137733190795089e-01, 3.523010949417727522e-01, 2.834405129815836255e-01
1.062465094064661136e-01, 2.579578914626498576e-01, 3.526983878800610817e-01, 2.830972112508229332e-01
1.060512249087405823e-01, 2.581008709889926478e-01, 3.530936641278618060e-01, 2.827542399744049639e-01
1.058587600856653599e-01, 2.582427191663924648e-01, 3.534869236595851172e-01, 2.824115970883568916e-01
1.056691097144368957e-01, 2.583834432870546483e-01, 3.538781664878352662e-01, 2.820692805106731482e-01
1.054822685290873890e-01, 2.585230506664762951e-01, 3.542673926627357694e-01, 2.817272881417005603e-01
1.052982312213942978e-01, 2.586615486428225363e-01, 3.546546022712599999e-01, 2.813856178645232076e-01
1.051169924417817564e-01, 2.587989445763083096e-01, 3.550397954365648312e-01, 2.810442675453450612e-01
1.049385468002152488e-01, 2.589352458485844610e-01, 3.554229723173294997e-01, 2.807032350338707904e-01
1.047628888670874281e-01, 2.590704598621302313e-01, 3.558041331070971869e-01, 2.803625181636851815e-01
1.045900131740970240e-01, 2.592045940396502934e-01, 3.561832780336220416e-01, 2.800221147526306686e-01
1.044199142151195220e-01, 2.593376558234772311e-01, 3.565604073582202549e-01, 2.796820226031829226e-01
1.042525864470700142e-01, 2.594696526749798449e-01, 3.569355213751247424e-01, 2.793422395028252736e-01
1.040880242907580161e-01, 2.596005920739755668e-01, 3.573086204108457120e-01, 2.790027632244206912e-01
1.039262221317346635e-01, 2.597304815181494808e-01, 3.576797048235339505e-01, 2.786635915265819885e-01
1.037671743211313752e-01, 2.598593285224780614e-01, 3.580487750023500504e-01, 2.783247221540405270e-01
1.036108751764908964e-01, 2.599871406186582412e-01, 3.584158313668379670e-01, 2.779861528380129787e-01
1.034573189825900019e-01, 2.601139253545419749e-01, 3.587808743663025712e-01, 2.776478812965655352e-01
1.033064999922542609e-01, 2.602396902935759648e-01, 3.591439044791925883e-01, 2.773099052349770610e-01
1.031584124271644060e-01, 2.603644430142473265e-01, 3.595049222124883648e-01, 2.769722223460999166e-01
1.030130504786546941e-01, 2.604881911095334734e-01, 3.598639281010935775e-01, 2.766348303107181716e-01
1.028704083085030252e-01, 2.606109421863584963e-01, 3.602209227072331599e-01, 2.762977267979053186e-01
1.027304800497127746e-01, 2.607327038650543161e-01, 3.605759066198546692e-01, 2.759609094653782679e-01
1.025932598072863411e-01, 2.608534837788273331e-01, 3.609288804540357609e-01, 2.756243759598505094e-01
1.024587416589905625e-01, 2.609732895732303493e-01, 3.612798448503963811e-01, 2.752881239173826655e-01
1.023269196561135547e-01, 2.610921289056399308e-01, 3.616288004745152329e-01, 2.749521509637311567e-01
1.021977878242135290e-01, 2.612100094447390441e-01, 3.619757480163527386e-01, 2.746164547146946466e-01
1.020713401638590478e-01, 2.613269388700049101e-01, 3.623206881896777198e-01, 2.742810327764583223e-01
1.019475706513610358e-01, 2.614429248712025200e-01, 3.626636217315000743e-01, 2.739458827459364532e-01
1.018264732394963956e-01, 2.615579751478831483e-01, 3.630045494015083918e-01, 2.736110022111121753e-01
1.017080418582232415e-01, 2.616720974088881935e-01, 3.633434719815128999e-01, 2.732763887513757206e-01
1.015922704153878475e-01, 2.617852993718584598e-01, 3.636803902748934614e-01, 2.729420399378601481e-01
1.014791527974231444e-01, 2.618975887627486565e-01, 3.640153051060532885e-01, 2.726079533337748551e-01
1.013686828700386816e-01, 2.620089733153470601e-01, 3.643482173198770990e-01, 2.722741264947371453e-01
1.012608544789024151e-01, 2.621194607708006719e-01, 3.646791277811956555e-01, 2.719405569691012992e-01
1.011556614503141410e-01, 2.622290588771450937e-01, 3.650080373742552453e-01, 2.716072422982855894e-01
1.010530975918702140e-01, 2.623377753888404551e-01, 3.653349470021922119e-01, 2.712741800170971884e-01
1.009531566931202717e-01, 2.624456180663116700e-01, 3.656598575865135925e-01, 2.709413676540545213e-01
1.008558325262153277e-01, 2.625525946754944662e-01, 3.659827700665825856e-01, 2.706088027317076761e-01
1.007611188465475649e-01, 2.626587129873862447e-01, 3.663036853991100128e-01, 2.702764827669562053e-01
1.006690093933817476e-01, 2.627639807776023795e-01, 3.666226045576506665e-01, 2.699444052713652620e-01
1.005794978904782921e-01, 2.628684058259372902e-01, 3.669395285321056521e-01, 2.696125677514787933e-01
1.004925780467079560e-01, 2.629719959159308451e-01, 3.672544583282303932e-01, 2.692809677091308473e-01
1.004082435566582554e-01, 2.630747588344400922e-01, 3.675673949671472984e-01, 2.689496026417544372e-01
1.003264881012314869e-01, 2.631767023712149878e-01, 3.678783394848651467e-01, 2.686184700426883509e-01
1.002473053482345056e-01, 2.632778343184810632e-01, 3.681872929318030785e-01, 2.682875674014812972e-01
1.001706889529601768e-01, 2.633781624705247015e-01, 3.684942563723209163e-01, 2.679568922041941637e-01
1.000966325587605288e-01, 2.634776946232855743e-01, 3.687992308842544253e-01, 2.676264419336995548e-01
1.000251297976116893e-01, 2.635764385739525206e-01, 3.691022175584563469e-01, 2.672962140699794431e-01
9.995617429067073234e-02, 2.636744021205654764e-01, 3.694032174983437056e-01, 2.669662060904199885e-01
9.988975964882394754e-02, 2.637715930616212900e-01, 3.697022318194498891e-01, 2.666364154701049149e-01
9.982587947322728306e-02, 2.638680191956848109e-01, 3.699992616489826136e-01, 2.663068396821052231e-01
9.976452735583851705e-02, 2.639636883210058071e-01, 3.702943081253874946e-01, 2.659774761977681812e-01
9.970569687994119967e-02, 2.640586082351383257e-01, 3.705873723979177803e-01, 2.656483224870027637e-01
9.964938162066043492e-02, 2.641527867345675462e-01, 3.708784556262089138e-01, 2.653193760185631467e-01
9.959557514547107138e-02, 2.642462316143395218e-01, 3.711675589798592578e-01, 2.649906342603302045e-01
9.954427101469703887e-02, 2.643389506676963041e-01, 3.714546836380162032e-01, 2.646620946795904539e-01
9.949546278200334382e-02, 2.644309516857160647e-01, 3.717398307889682174e-01, 2.643337547433123880e-01
9.944914399487977952e-02, 2.645222424569569908e-01, 3.720230016297423892e-01, 2.640056119184208683e-01
9.940530819511668448e-02, 2.646128307671066771e-01, 3.723041973657073567e-01, 2.636776636720692957e-01
9.936394891927272099e-02, 2.647027243986356804e-01, 3.725834192101823428e-01, 2.633499074719091171e-01
9.932505969913513200e-02, 2.647919311304558487e-01, 3.728606683840516856e-01, 2.630223407863572227e-01
9.928863406217153242e-02, 2.648804587375829245e-01, 3.731359461153845314e-01, 2.626949610848609562e-01
9.925466553197435926e-02, 2.649683149908036439e-01, 3.734092536390610784e-01, 2.623677658381610156e-01
9.922314762869739735e-02, 2.650555076563477219e-01, 3.736805921964034272e-01, 2.620407525185514119e-01
9.919407386948450589e-02, 2.651420444955637223e-01, 3.739499630348132042e-01, 2.617139186001385398e-01
9.916743776889065665e-02, 2.652279332645998133e-01, 3.742173674074134038e-01, 2.613872615590960846e-01
9.914323283929553365e-02, 2.653131817140881865e-01, 3.744828065726969468e-01, 2.610607788739191526e-01
9.912145259130887565e-02, 2.653977975888347496e-01, 3.747462817941808466e-01, 2.607344680256755698e-01
9.910209053416903224e-02, 2.654817886275120387e-01, 3.750077943400645375e-01, 2.604083264982543500e-01
9.908514017613354041e-02, 2.655651625623572376e-01, 3.752673454828960864e-01, 2.600823517786130523e-01
9.907059502486205427e-02, 2.656479271188740832e-01, 3.755249364992418459e-01, 2.597565413570220305e-01
9.905844858779228046e-02, 2.657300900155385448e-01, 3.757805686693626024e-01, 2.594308927273065168e-01
9.904869437250805875e-02, 2.658116589635096672e-01, 3.760342432768955523e-01, 2.591054033870867634e-01
9.904132588710029550e-02, 2.658926416663430214e-01, 3.762859616085411085e-01, 2.587800708380155190e-01
9.903633664052066687e-02, 2.659730458197098746e-01, 3.765357249537557016e-01, 2.584548925860137292e-01
9.903372014292768921e-02, 2.660528791111188562e-01, 3.767835346044498546e-01, 2.581298661415036277e-01
9.903346990602590605e-02, 2.661321492196427330e-01, 3.770293918546916423e-01, 2.578049890196397187e-01
9.903557944339785868e-02, 2.662108638156484575e-01, 3.772732980004163128e-01, 2.574802587405375376e-01
9.904004227082856271e-02, 2.662890305605312702e-01, 3.775152543391398496e-01, 2.571556728295003591e-01
9.904685190662339267e-02, 2.663666571064531308e-01, 3.777552621696799728e-01, 2.568312288172435176e-01
9.905600187191869466e-02, 2.664437510960839250e-01, 3.779933227918811367e-01, 2.565069242401161742e-01
9.906748569098523804e-02, 2.665203201623479456e-01, 3.782294375063448566e-01, 2.561827566403219736e-01
9.908129689152499198e-02, 2.665963719281723154e-01, 3.784636076141664196e-01, 2.558587235661362036e-01
9.909742900496101847e-02, 2.666719140062407400e-01, 3.786958344166762580e-01, 2.555348225721219002e-01
9.911587556672020460e-02, 2.667469539987502025e-01, 3.789261192151866520e-01, 2.552110512193428993e-01
9.913663011650965251e-02, 2.668214994971710441e-01, 3.791544633107438722e-01, 2.548874070755753896e-01
9.915968619858603339e-02, 2.668955580820110973e-01, 3.793808680038859293e-01, 2.545638877155170232e-01
9.918503736201823850e-02, 2.669691373225830944e-01, 3.796053345944048196e-01, 2.542404907209938059e-01
9.921267716094359090e-02, 2.670422447767760166e-01, 3.798278643811151545e-01, 2.539172136811653213e-01
9.924259915481738192e-02, 2.671148879908292195e-01, 3.800484586616264537e-01, 2.535940541927269587e-01
9.927479690865585737e-02, 2.671870744991102220e-01, 3.802671187321226554e-01, 2.532710098601112514e-01
9.930926399327275056e-02, 2.672588118238966026e-01, 3.804838458871446782e-01, 2.529480782956859408e-01
9.934599398550941762e-02, 2.673301074751601170e-01, 3.806986414193797574e-01, 2.526252571199507080e-01
9.938498046845850586e-02, 2.674009689503546450e-01, 3.809115066194553312e-01, 2.523025439617316290e-01
9.942621703168147418e-02, 2.674714037342075801e-01, 3.811224427757376465e-01, 2.519799364583732437e-01
9.946969727141984075e-02, 2.675414192985145490e-01, 3.813314511741364154e-01, 2.516574322559292365e-01
9.951541479079994978e-02, 2.676110231019364072e-01, 3.815385330979131906e-01, 2.513350290093505635e-01
9.956336320003200679e-02, 2.676802225898004539e-01, 3.817436898274962354e-01, 2.510127243826714705e-01
9.961353611660268836e-02, 2.677490251939041443e-01, 3.819469226402992801e-01, 2.506905160491939011e-01
9.966592716546196495e-02, 2.678174383323222996e-01, 3.821482328105459958e-01, 2.503684016916697397e-01
9.972052997920370643e-02, 2.678854694092167033e-01, 3.823476216090986868e-01, 2.500463790024810007e-01
9.977733819824052830e-02, 2.679531258146492512e-01, 3.825450903032926453e-01, 2.497244456838176585e-01
9.983634547097264278e-02, 2.680204149243979872e-01, 3.827406401567749472e-01, 2.494025994478543951e-01
9.989754545395120033e-02, 2.680873440997758039e-01, 3.829342724293484101e-01, 2.490808380169246550e-01
9.996093181203531686e-02, 2.681539206874520853e-01, 3.831259883768198815e-01, 2.487591591236927857e-01
1.000264982185439799e-01, 2.682201520192774580e-01, 3.833157892508540776e-01, 2.484375605113246233e-01
1.000942383554019877e-01, 2.682860454121106519e-01, 3.835036762988315306e-01, 2.481160399336558020e-01
1.001641459132801976e-01, 2.683516081676494136e-01, 3.836896507637119202e-01, 2.477945951553584825e-01
1.002362145917307379e-01, 2.684168475722623626e-01, 3.838737138839013463e-01, 2.474732239521055255e-01
1.003104380993161543e-01, 2.684817708968251782e-01, 3.840558668931250974e-01, 2.471519241107336951e-01
1.003868101537334495e-01, 2.685463853965580627e-01, 3.842361110203046382e-01, 2.468306934294039745e-01
1.004653244819327801e-01, 2.686106983108670354e-01, 3.844144474894392594e-01, 2.465095297177610500e-01
1.005459748202307824e-01, 2.686747168631869465e-01, 3.845908775194925022e-01, 2.461884307970898800e-01
1.006287549144185695e-01, 2.687384482608273228e-01, 3.847654023242829679e-01, 2.458673945004712369e-01
1.007136585198646350e-01, 2.688018996948204342e-01, 3.849380231123800677e-01, 2.455464186729350018e-01
1.008006794016126778e-01, 2.688650783397724675e-01, 3.851087410870032146e-01, 2.452255011716117372e-01
1.008898113344741526e-01, 2.689279913537160338e-01, 3.852775574459273433e-01, 2.449046398658825396e-01
1.009810481031159779e-01, 2.689906458779663390e-01, 3.854444733813910395e-01, 2.445838326375266158e-01
1.010743835021432474e-01, 2.690530490369786309e-01, 3.856094900800101088e-01, 2.442630773808679989e-01
1.011698113361769735e-01, 2.691152079382083673e-01, 3.857726087226953648e-01, 2.439423720029194054e-01
1.012673254199269457e-01, 2.691771296719735473e-01, 3.859338304845744139e-01, 2.436217144235250931e-01
1.013669195782599258e-01, 2.692388213113199313e-01, 3.860931565349185468e-01, 2.433011025755016099e-01
1.014685876462631392e-01, 2.693002899118868698e-01, 3.862505880370729616e-01, 2.429805344047770432e-01
1.015723234693026999e-01, 2.693615425117772411e-01, 3.864061261483919263e-01, 2.426600078705281327e-01
1.016781209030779148e-01, 2.694225861314278325e-01, 3.865597720201781606e-01, 2.423395209453161891e-01
1.017859738136707992e-01, 2.694834277734829420e-01, 3.867115267976257154e-01, 2.420190716152206545e-01
1.018958760775909161e-01, 2.695440744226694219e-01, 3.868613916197678471e-01, 2.416986578799718011e-01
1.020078215818160799e-01, 2.696045330456739997e-01, 3.870093676194290566e-01, 2.413782777530807944e-01
1.021218042238284385e-01, 2.696648105910224857e-01, 3.871554559231800696e-01, 2.410579292619690617e-01
1.022378179116461699e-01, 2.697249139889605907e-01, 3.872996576512983125e-01, 2.407376104480949963e-01
1.023558565638511275e-01, 2.697848501513376296e-01, 3.874419739177314415e-01, 2.404173193670797182e-01
1.024759141096121123e-01, 2.698446259714910034e-01, 3.875824058300658126e-01, 2.400970540888311411e-01
1.025979844887038167e-01, 2.699042483241329005e-01, 3.877209544894972271e-01, 2.397768126976659586e-01
1.027220616515220064e-01, 2.699637240652392745e-01, 3.878576209908081718e-01, 2.394565932924306584e-01
1.028481395590941788e-01, 2.700230600319398766e-01, 3.879924064223460034e-01, 2.391363939866199551e-01
1.029762121830867100e-01, 2.700822630424104531e-01, 3.881253118660079049e-01, 2.388162129084948349e-01
1.031062735058076302e-01, 2.701413398957666079e-01, 3.882563383972273963e-01, 2.384960482011984351e-01
1.032383175202056386e-01, 2.702002973719589973e-01, 3.883854870849656749e-01, 2.381758980228696476e-01
1.033723382298654681e-01, 2.702591422316710790e-01, 3.885127589917067858e-01, 2.378557605467566394e-01
1.035083296489991006e-01, 2.703178812162170819e-01, 3.886381551734562345e-01, 2.375356339613275969e-01
1.036462858024333605e-01, 2.703765210474426972e-01, 3.887616766797434287e-01, 2.372155164703804164e-01
1.037862007255942187e-01, 2.704350684276271566e-01, 3.888833245536276184e-01, 2.368954062931508675e-01
1.039280684644867253e-01, 2.704935300393861985e-01, 3.890030998317078881e-01, 2.365753016644190632e-01
1.040718830756720836e-01, 2.705519125455770890e-01, 3.891210035441361459e-01, 2.362552008346148202e-01
1.042176386262406024e-01, 2.706102225892047519e-01, 3.892370367146340548e-01, 2.359351020699205770e-01
1.043653291937817473e-01, 2.706684667933302313e-01, 3.893512003605136274e-01, 2.356150036523743940e-01
1.045149488663503073e-01, 2.707266517609787648e-01, 3.894634954927012616e-01, 2.352949038799697912e-01
1.046664917424294100e-01, 2.707847840750509660e-01, 3.895739231157645532e-01, 2.349748010667550846e-01
1.048199519308902344e-01, 2.708428702982347280e-01, 3.896824842279436041e-01, 2.346546935429313918e-01
1.049753235509483656e-01, 2.709009169729180710e-01, 3.897891798211851611e-01, 2.343345796549484439e-01
1.051326007321170680e-01, 2.709589306211034332e-01, 3.898940108811798644e-01, 2.340144577655995928e-01
1.052917776141572698e-01, 2.710169177443238486e-01, 3.899969783874038809e-01, 2.336943262541150423e-01
1.054528483470245775e-01, 2.710748848235594588e-01, 3.900980833131620362e-01, 2.333741835162538858e-01
1.056158070908130714e-01, 2.711328383191557445e-01, 3.901973266256363315e-01, 2.330540279643947277e-01
1.057806480156963380e-01, 2.711907846707428682e-01, 3.902947092859362366e-01, 2.327338580276246682e-01
1.059473653018652567e-01, 2.712487302971557379e-01, 3.903902322491520360e-01, 2.324136721518270665e-01
1.061159531394632316e-01, 2.713066815963560141e-01, 3.904838964644128385e-01, 2.320934687997680268e-01
1.062864057285182046e-01, 2.713646449453542275e-01, 3.905757028749461957e-01, 2.317732464511813584e-01
1.064587172788721975e-01, 2.714226267001340065e-01, 3.906656524181417178e-01, 2.314530036028521753e-01
1.066328820101078850e-01, 2.714806331955762486e-01, 3.907537460256167439e-01, 2.311327387686991086e-01
1.068088941514726553e-01, 2.715386707453848469e-01, 3.908399846232867847e-01, 2.308124504798556298e-01
1.069867479417998257e-01, 2.715967456420139703e-01, 3.909243691314369662e-01, 2.304921372847491823e-01
1.071664376294273191e-01, 2.716548641565951216e-01, 3.910069004647976909e-01, 2.301717977491798406e-01
1.073479574721139390e-01, 2.717130325388659173e-01, 3.910875795326229643e-01, 2.298514304563971100e-01
1.075313017369530777e-01, 2.717712570170995878e-01, 3.911664072387717184e-01, 2.295310340071756716e-01
1.077164647002836761e-01, 2.718295437980353668e-01, 3.912433844817913564e-01, 2.292106070198897394e-01
1.079034406475993385e-01, 2.718878990668097129e-01, 3.913185121550047940e-01, 2.288901481305861685e-01
1.080922238734545876e-01, 2.719463289868886413e-01, 3.913917911466004984e-01, 2.285696559930563976e-01
1.082828086813691498e-01, 2.720048397000000562e-01, 3.914632223397241373e-01, 2.282491292789065873e-01
1.084751893837297143e-01, 2.720634373260681360e-01, 3.915328066125746687e-01, 2.279285666776275365e-01
1.086693603016896242e-01, 2.721221279631473311e-01, 3.916005448385009857e-01, 2.276079668966619896e-01
1.088653157650665698e-01, 2.721809176873578595e-01, 3.916664378861036133e-01, 2.272873286614720822e-01
1.090630501122377694e-01, 2.722398125528212587e-01, 3.917304866193367374e-01, 2.269666507156042068e-01
1.092625576900333323e-01, 2.722988185915976023e-01, 3.917926918976148976e-01, 2.266459318207541540e-01
1.094638328536277350e-01, 2.723579418136223840e-01, 3.918530545759205674e-01, 2.263251707568293414e-01
1.096668699664288954e-01, 2.724171882066449002e-01, 3.919115755049149552e-01, 2.260043663220112631e-01
1.098716633999656800e-01, 2.724765637361664106e-01, 3.919682555310520788e-01, 2.256835173328158028e-01
1.100782075337734117e-01, 2.725360743453801304e-01, 3.920230954966934522e-01, 2.253626226241530750e-01
1.102864967552775327e-01, 2.725957259551100575e-01, 3.920760962402271010e-01, 2.250416810493852393e-01
1.104965254596754071e-01, 2.726555244637527964e-01, 3.921272585961876889e-01, 2.247206914803839828e-01
1.107082880498164584e-01, 2.727154757472174396e-01, 3.921765833953799185e-01, 2.243996528075863084e-01
1.109217789360805173e-01, 2.727755856588676142e-01, 3.922240714650030435e-01, 2.240785639400489082e-01
1.111369925362546418e-01, 2.728358600294636949e-01, 3.922697236287794320e-01, 2.237574238055022868e-01
1.113539232754080788e-01, 2.728963046671052384e-01, 3.923135407070838521e-01, 2.234362313504028863e-01
1.115725655857660870e-01, 2.729569253571741960e-01, 3.923555235170753663e-01, 2.231149855399843784e-01
1.117929139065815258e-01, 2.730177278622783477e-01, 3.923956728728323351e-01, 2.227936853583076804e-01
1.120149626840057089e-01, 2.730787179221957350e-01, 3.924339895854882521e-01, 2.224723298083103040e-01
1.122387063709572863e-01, 2.731399012538185955e-01, 3.924704744633704667e-01, 2.221509179118535682e-01
1.124641394269899342e-01, 2.732012835510987947e-01, 3.925051283121412937e-01, 2.218294487097699497e-01
1.126912563181586419e-01, 2.732628704849929258e-01, 3.925379519349402324e-01, 2.215079212619082416e-01
1.129200515168847230e-01, 2.733246677034077976e-01, 3.925689461325291285e-01, 2.211863346471783787e-01
1.131505195018194382e-01, 2.733866808311470886e-01, 3.925981117034390566e-01, 2.208646879635944582e-01
1.133826547577063831e-01, 2.734489154698573343e-01, 3.926254494441187570e-01, 2.205429803283174284e-01
1.136164517752430159e-01, 2.735113771979750807e-01, 3.926509601490859591e-01, 2.202212108776958888e-01
1.138519050509403246e-01, 2.735740715706735937e-01, 3.926746446110795374e-01, 2.198993787673064471e-01
1.140890090869822460e-01, 2.736370041198107339e-01, 3.926965036212142768e-01, 2.195774831719926878e-01
1.143277583910832229e-01, 2.737001803538764988e-01, 3.927165379691374691e-01, 2.192555232859029202e-01
1.145681474763451668e-01, 2.737636057579411197e-01, 3.927347484431865654e-01, 2.189334983225272868e-01
1.148101708611134475e-01, 2.738272857936033255e-01, 3.927511358305498246e-01, 2.186114075147333469e-01
1.150538230688317176e-01, 2.738912258989392723e-01, 3.927657009174278513e-01, 2.182892501148011311e-01
1.152990986278957658e-01, 2.739554314884509734e-01, 3.927784444891969651e-01, 2.179670253944563929e-01
1.155459920715068700e-01, 2.740199079530152848e-01, 3.927893673305745126e-01, 2.176447326449034436e-01
1.157944979375239714e-01, 2.740846606598339452e-01, 3.927984702257855121e-01, 2.173223711768567379e-01
1.160446107683149874e-01, 2.741496949523821725e-01, 3.928057539587313518e-01, 2.169999403205714328e-01
1.162963251106077928e-01, 2.742150161503591477e-01, 3.928112193131600427e-01, 2.166774394258728642e-01
1.165496355153400748e-01, 2.742806295496375002e-01, 3.928148670728374703e-01, 2.163548678621849408e-01
1.168045365375084410e-01, 2.743465404222135140e-01, 3.928166980217204229e-01, 2.160322250185575110e-01
1.170610227360174560e-01, 2.744127540161575007e-01, 3.928167129441320626e-01, 2.157095103036930639e-01
1.173190886735272637e-01, 2.744792755555638397e-01, 3.928149126249372292e-01, 2.153867231459717368e-01
1.175787289163012089e-01, 2.745461102405021836e-01, 3.928112978497206309e-01, 2.150638629934760460e-01
1.178399380340528768e-01, 2.746132632469676094e-01, 3.928058694049654243e-01, 2.147409293140140341e-01
1.181027105997922017e-01, 2.746807397268319351e-01, 3.927986280782342354e-01, 2.144179215951417250e-01
1.183670411896715624e-01, 2.747485448077940373e-01, 3.927895746583501269e-01, 2.140948393441843012e-01
1.186329243828313923e-01, 2.748166835933315566e-01, 3.927787099355801725e-01, 2.137716820882568092e-01
1.189003547612449835e-01, 2.748851611626519365e-01, 3.927660347018199771e-01, 2.134484493742831446e-01
1.191693269095634583e-01, 2.749539825706432961e-01, 3.927515497507785280e-01, 2.131251407690146482e-01
1.194398354149600189e-01, 2.750231528478263576e-01, 3.927352558781661562e-01, 2.128017558590473979e-01
1.197118748669741550e-01, 2.750926770003055410e-01, 3.927171538818815533e-01, 2.124782942508387507e-01
1.199854398573556163e-01, 2.751625600097202251e-01, 3.926972445622017305e-01, 2.121547555707224697e-01
1.202605249799076348e-01, 2.752328068331970079e-01, 3.926755287219719781e-01, 2.118311394649234070e-01
1.205371248303307441e-01, 2.753034224033006905e-01, 3.926520071667975453e-01, 2.115074455995709646e-01
1.208152340060659469e-01, 2.753744116279864262e-01, 3.926266807052360974e-01, 2.111836736607114740e-01
1.210948471061377568e-01, 2.754457793905508711e-01, 3.925995501489914496e-01, 2.108598233543198808e-01
1.213759587309973381e-01, 2.755175305495845550e-01, 3.925706163131080784e-01, 2.105358944063100979e-01
1.216585634823654921e-01, 2.755896699389231985e-01, 3.925398800161665758e-01, 2.102118865625447475e-01
1.219426559630756718e-01, 2.756622023675997513e-01, 3.925073420804807145e-01, 2.098877995888439041e-01
1.222282307769168436e-01, 2.757351326197960972e-01, 3.924730033322945122e-01, 2.095636332709925609e-01
1.225152825284765296e-01, 2.758084654547950376e-01, 3.924368646019809614e-01, 2.092393874147476240e-01
1.228038058229840163e-01, 2.758822056069319406e-01, 3.923989267242407042e-01, 2.089150618458433806e-01
1.230937952661532997e-01, 2.759563577855467797e-01, 3.923591905383032041e-01, 2.085906564099967442e-01
1.233852454640266411e-01, 2.760309266749356727e-01, 3.923176568881266424e-01, 2.082661709729108912e-01
1.236781510228178310e-01, 2.761059169343034192e-01, 3.922743266226003667e-01, 2.079416054202782860e-01
1.239725065487559258e-01, 2.761813331977143737e-01, 3.922292005957468963e-01, 2.076169596577827903e-01
1.242683066479292470e-01, 2.762571800740449834e-01, 3.921822796669253708e-01, 2.072922336111004127e-01
1.245655459261292147e-01, 2.763334621469352159e-01, 3.921335647010353864e-01, 2.069674272259000303e-01
1.248642189886951803e-01, 2.764101839747408751e-01, 3.920830565687216107e-01, 2.066425404678423339e-01
1.251643204403587450e-01, 2.764873500904846404e-01, 3.920307561465787849e-01, 2.063175733225778019e-01
1.254658448850891894e-01, 2.765649650018082717e-01, 3.919766643173578924e-01, 2.059925257957446465e-01
1.257687869259386249e-01, 2.766430331909241480e-01, 3.919207819701722162e-01, 2.056673979129648999e-01
1.260731411648880751e-01, 2.767215591145673614e-01, 3.918631100007045620e-01, 2.053421897198401402e-01
1.263789022026935160e-01, 2.768005472039465342e-01, 3.918036493114142593e-01, 2.050169012819457182e-01
1.266860646387327760e-01, 2.768800018646963013e-01, 3.917424008117458833e-01, 2.046915326848250116e-01
1.269946230708527413e-01, 2.769599274768285713e-01, 3.916793654183368667e-01, 2.043660840339818485e-01
1.273045720952169779e-01, 2.770403283946837325e-01, 3.916145440552269985e-01, 2.040405554548723466e-01
1.276159063061540200e-01, 2.771212089468827466e-01, 3.915479376540673129e-01, 2.037149470928958928e-01
1.279286202960062679e-01, 2.772025734362784655e-01, 3.914795471543299210e-01, 2.033892591133854011e-01
1.282427086549793316e-01, 2.772844261399066146e-01, 3.914093735035178989e-01, 2.030634917015960716e-01
1.285581659709921498e-01, 2.773667713089379427e-01, 3.913374176573758967e-01, 2.027376450626940663e-01
1.288749868295275547e-01, 2.774496131686288725e-01, 3.912636805801002482e-01, 2.024117194217432691e-01
1.291931658134837790e-01, 2.775329559182734829e-01, 3.911881632445504131e-01, 2.020857150236922140e-01
1.295126975030264915e-01, 2.776168037311541603e-01, 3.911108666324599192e-01, 2.017596321333594567e-01
1.298335764754413868e-01, 2.777011607544933036e-01, 3.910317917346474159e-01, 2.014334710354178104e-01
1.301557973049880246e-01, 2.777860311094043078e-01, 3.909509395512288377e-01, 2.011072320343788300e-01
1.304793545627540297e-01, 2.778714188908428251e-01, 3.908683110918283465e-01, 2.007809154545747710e-01
1.308042428165100690e-01, 2.779573281675580265e-01, 3.907839073757907178e-01, 2.004545216401411867e-01
1.311304566305659391e-01, 2.780437629820431411e-01, 3.906977294323931704e-01, 2.001280509549976661e-01
1.314579905656273195e-01, 2.781307273504874944e-01, 3.906097783010571423e-01, 1.998015037828279605e-01
1.317868391786535809e-01, 2.782182252627267149e-01, 3.905200550315603425e-01, 1.994748805270594449e-01
1.321169970227159263e-01, 2.783062606821938845e-01, 3.904285606842491929e-01, 1.991481816108411074e-01
1.324484586468573089e-01, 2.783948375458708546e-01, 3.903352963302503809e-01, 1.988214074770214834e-01
1.327812185959527935e-01, 2.784839597642390085e-01, 3.902402630516832449e-01, 1.984945585881248975e-01
1.331152714105707791e-01, 2.785736312212301891e-01, 3.901434619418715499e-01, 1.981676354263273987e-01
1.334506116268354692e-01, 2.786638557741776268e-01, 3.900448941055554841e-01, 1.978406384934313922e-01
1.337872337762903430e-01, 2.787546372537667017e-01, 3.899445606591032121e-01, 1.975135683108397433e-01
1.341251323857625688e-01, 2.788459794639860934e-01, 3.898424627307225387e-01, 1.971864254195287158e-01
1.344643019772284731e-01, 2.789378861820785427e-01, 3.897386014606726290e-01, 1.968592103800202997e-01
1.348047370676801748e-01, 2.790303611584916132e-01, 3.896329780014749500e-01, 1.965319237723533174e-01
1.351464321689931636e-01, 2.791234081168285641e-01, 3.895255935181241580e-01, 1.962045661960540310e-01
1.354893817877953210e-01, 2.792170307537995555e-01, 3.894164491882993184e-01, 1.958771382701056940e-01
1.358335804253367474e-01, 2.793112327391720218e-01, 3.893055462025742375e-01, 1.955496406329171322e-01
1.361790225773607532e-01, 2.794060177157217106e-01, 3.891928857646271278e-01, 1.952220739422904361e-01
1.365257027339765450e-01, 2.795013892991837223e-01, 3.890784690914513844e-01, 1.948944388753882928e-01
1.368736153795324373e-01, 2.795973510782034377e-01, 3.889622974135644173e-01, 1.945667361286997632e-01
1.372227549924906753e-01, 2.796939066142870023e-01, 3.888443719752169292e-01, 1.942389664180053654e-01
1.375731160453035340e-01, 2.797910594417529206e-01, 3.887246940346018031e-01, 1.939111304783418255e-01
1.379246930042904440e-01, 2.798888130676823183e-01, 3.886032648640621590e-01, 1.935832290639650233e-01
1.382774803295167554e-01, 2.799871709718708135e-01, 3.884800857502993532e-01, 1.932552629483130502e-01
1.386314724746734450e-01, 2.800861366067786129e-01, 3.883551579945802579e-01, 1.929272329239677120e-01
1.389866638869582116e-01, 2.801857133974823277e-01, 3.882284829129439840e-01, 1.925991398026153656e-01
1.393430490069584304e-01, 2.802859047416259575e-01, 3.881000618364084942e-01, 1.922709844150071457e-01
1.397006222685345245e-01, 2.803867140093717625e-01, 3.879698961111758826e-01, 1.919427676109177749e-01
1.400593780987056947e-01, 2.804881445433520804e-01, 3.878379870988380440e-01, 1.916144902591042920e-01
1.404193109175363441e-01, 2.805901996586201430e-01, 3.877043361765805107e-01, 1.912861532472630299e-01
1.407804151380243063e-01, 2.806928826426019485e-01, 3.875689447373872332e-01, 1.909577574819865953e-01
1.411426851659903225e-01, 2.807961967550473004e-01, 3.874318141902431401e-01, 1.906293038887192370e-01
1.415061153999692400e-01, 2.809001452279819011e-01, 3.872929459603368096e-01, 1.903007934117121047e-01
1.418707002311020149e-01, 2.810047312656585028e-01, 3.871523414892626413e-01, 1.899722270139769242e-01
1.422364340430302132e-01, 2.811099580445090562e-01, 3.870100022352214730e-01, 1.896436056772392853e-01
1.426033112117910950e-01, 2.812158287130965273e-01, 3.868659296732212538e-01, 1.893149304018910961e-01
1.429713261057148355e-01, 2.813223463920666578e-01, 3.867201252952767732e-01, 1.889862022069417336e-01
1.433404730853227727e-01, 2.814295141741003925e-01, 3.865725906106077803e-01, 1.886574221299691101e-01
1.437107465032277098e-01, 2.815373351238659172e-01, 3.864233271458373253e-01, 1.883285912270689644e-01
1.440821407040355218e-01, 2.816458122779711970e-01, 3.862723364451891017e-01, 1.879997105728042905e-01
1.444546500242482046e-01, 2.817549486449163476e-01, 3.861196200706826787e-01, 1.876707812601528524e-01
1.448282687921688683e-01, 2.818647472050463398e-01, 3.859651796023296777e-01, 1.873418044004550309e-01
1.452029913278081730e-01, 2.819752109105038707e-01, 3.858090166383279507e-01, 1.870127811233600057e-01
1.455788119427921246e-01, 2.820863426851824562e-01, 3.856511327952544255e-01, 1.866837125767709937e-01
1.459557249402722023e-01, 2.821981454246792476e-01, 3.854915297082580627e-01, 1.863545999267905151e-01
1.463337246148362913e-01, 2.823106219962487340e-01, 3.853302090312508699e-01, 1.860254443576639938e-01
1.467128052524220294e-01, 2.824237752387562250e-01, 3.851671724370986927e-01, 1.856962470717230806e-01
1.470929611302312645e-01, 2.825376079626312209e-01, 3.850024216178100644e-01, 1.853670092893273669e-01
1.474741865166466770e-01, 2.826521229498220600e-01, 3.848359582847248883e-01, 1.850377322488064857e-01
1.478564756711497341e-01, 2.827673229537490118e-01, 3.846677841687011767e-01, 1.847084172064001606e-01
1.482398228442405874e-01, 2.828832106992597017e-01, 3.844979010203014025e-01, 1.843790654361981973e-01
1.486242222773597743e-01, 2.829997888825831476e-01, 3.843263106099776283e-01, 1.840496782300795331e-01
1.490096682028111130e-01, 2.831170601712846291e-01, 3.841530147282543606e-01, 1.837202568976500083e-01
1.493961548436874287e-01, 2.832350272042207795e-01, 3.839780151859119584e-01, 1.833908027661798334e-01
1.497836764137968901e-01, 2.833536925914949545e-01, 3.838013138141678215e-01, 1.830613171805404171e-01
1.501722271175917889e-01, 2.834730589144129898e-01, 3.836229124648560251e-01, 1.827318015031392517e-01
1.505618011500990117e-01, 2.835931287254386257e-01, 3.834428130106069532e-01, 1.824022571138554649e-01
1.509523926968523166e-01, 2.837139045481500421e-01, 3.832610173450241020e-01, 1.820726854099734837e-01
1.513439959338263030e-01, 2.838353888771962819e-01, 3.830775273828608274e-01, 1.817430878061164767e-01
1.517366050273722677e-01, 2.839575841782536747e-01, 3.828923450601953715e-01, 1.814134657341786305e-01
1.521302141341559222e-01, 2.840804928879831492e-01, 3.827054723346042797e-01, 1.810838206432565933e-01
1.525248174010971070e-01, 2.842041174139874893e-01, 3.825169111853346515e-01, 1.807541539995807522e-01
1.529204089653111165e-01, 2.843284601347689233e-01, 3.823266636134752816e-01, 1.804244672864447063e-01
1.533169829540518003e-01, 2.844535233996873802e-01, 3.821347316421259133e-01, 1.800947620041349617e-01
1.537145334846569678e-01, 2.845793095289185226e-01, 3.819411173165653817e-01, 1.797650396698590447e-01
1.541130546644954302e-01, 2.847058208134128354e-01, 3.817458227044185359e-01, 1.794353018176731152e-01
1.545125405909157923e-01, 2.848330595148545474e-01, 3.815488498958207741e-01, 1.791055499984089694e-01
1.549129853511974075e-01, 2.849610278656206086e-01, 3.813502010035821344e-01, 1.787757857795999050e-01
1.553143830225029165e-01, 2.850897280687414437e-01, 3.811498781633494426e-01, 1.784460107454060862e-01
1.557167276718333659e-01, 2.852191622978602625e-01, 3.809478835337671843e-01, 1.781162264965392705e-01
1.561200133559842995e-01, 2.853493326971941468e-01, 3.807442192966358774e-01, 1.777864346501856763e-01
1.565242341215047073e-01, 2.854802413814951922e-01, 3.805388876570701684e-01, 1.774566368399299321e-01
1.569293840046569743e-01, 2.856118904360115396e-01, 3.803318908436547630e-01, 1.771268347156765843e-01
1.573354570313799938e-01, 2.857442819164496273e-01, 3.801232311085986915e-01, 1.767970299435715764e-01
1.577424472172529735e-01, 2.858774178489360551e-01, 3.799129107278879092e-01, 1.764672242059229790e-01
1.581503485674618792e-01, 2.860113002299810581e-01, 3.797009320014364531e-01, 1.761374192011205819e-01
1.585591550767679880e-01, 2.861459310264408140e-01, 3.794872972532358224e-01, 1.758076166435554311e-01
1.589688607294778566e-01, 2.862813121754817502e-01, 3.792720088315026383e-01, 1.754778182635376993e-01
1.593794594994157321e-01, 2.864174455845447942e-01, 3.790550691088250823e-01, 1.751480258072143636e-01
1.597909453498977395e-01, 2.865543331313095687e-01, 3.788364804823066145e-01, 1.748182410364862160e-01
1.602033122337081228e-01, 2.866919766636594757e-01, 3.786162453737087485e-01, 1.744884657289235419e-01
1.606165540930774016e-01, 2.868303779996482228e-01, 3.783943662295923271e-01, 1.741587016776820485e-01
1.610306648596626644e-01, 2.869695389274648512e-01, 3.781708455214558007e-01, 1.738289506914165727e-01
1.614456384545296941e-01, 2.871094612054011508e-01, 3.779456857458730612e-01, 1.734992145941960384e-01
1.618614687881374248e-01, 2.872501465618186867e-01, 3.777188894246286122e-01, 1.731694952254153597e-01
1.622781497603237033e-01, 2.873915966951164358e-01, 3.774904591048511837e-01, 1.728397944397087049e-01
1.626956752602940204e-01, 2.875338132736992569e-01, 3.772603973591458493e-01, 1.725101141068608457e-01
1.631140391666115741e-01, 2.876767979359469707e-01, 3.770287067857234220e-01, 1.721804561117179777e-01
1.635332353471894706e-01, 2.878205522901833846e-01, 3.767953900085290186e-01, 1.718508223540980984e-01
1.639532576592851731e-01, 2.879650779146465944e-01, 3.765604496773676257e-01, 1.715212147487004679e-01
1.643740999494968658e-01, 2.881103763574596743e-01, 3.763238884680292218e-01, 1.711916352250143214e-01
1.647957560537615662e-01, 2.882564491366015891e-01, 3.760857090824100135e-01, 1.708620857272269422e-01
1.652182197973557087e-01, 2.884032977398796604e-01, 3.758459142486335613e-01, 1.705325682141311250e-01
1.656414849948977530e-01, 2.885509236249013676e-01, 3.756045067211689625e-01, 1.702030846590319169e-01
1.660655454503522088e-01, 2.886993282190479793e-01, 3.753614892809475356e-01, 1.698736370496523596e-01
1.664903949570363806e-01, 2.888485129194478529e-01, 3.751168647354767294e-01, 1.695442273880390649e-01
1.669160272976290271e-01, 2.889984790929513436e-01, 3.748706359189531434e-01, 1.692148576904665691e-01
1.673424362441805480e-01, 2.891492280761052136e-01, 3.746228056923727179e-01, 1.688855299873414373e-01
1.677696155581258897e-01, 2.893007611751292063e-01, 3.743733769436392578e-01, 1.685562463231056463e-01
1.681975589902991453e-01, 2.894530796658916771e-01, 3.741223525876704592e-01, 1.682270087561387462e-01
1.686262602809500133e-01, 2.896061847938872225e-01, 3.738697355665026034e-01, 1.678978193586601608e-01
1.690557131597627827e-01, 2.897600777742138645e-01, 3.736155288493928639e-01, 1.675686802166305445e-01
1.694859113458770106e-01, 2.899147597915523455e-01, 3.733597354329187823e-01, 1.672395934296518061e-01
1.699168485479100599e-01, 2.900702320001449785e-01, 3.731023583410770228e-01, 1.669105611108678555e-01
1.703485184639821903e-01, 2.902264955237753852e-01, 3.728434006253791289e-01, 1.665815853868633789e-01
1.707809147817432871e-01, 2.903835514557493447e-01, 3.725828653649448374e-01, 1.662526683975624475e-01
1.712140311784018931e-01, 2.905414008588765307e-01, 3.723207556665943940e-01, 1.659238122961271822e-01
1.716478613207557402e-01, 2.907000447654520259e-01, 3.720570746649377036e-01, 1.655950192488546413e-01
1.720823988652250280e-01, 2.908594841772400574e-01, 3.717918255224614277e-01, 1.652662914350734591e-01
1.725176374578872573e-01, 2.910197200654570659e-01, 3.715250114296150263e-01, 1.649376310470407059e-01
1.729535707345142559e-01, 2.911807533707565510e-01, 3.712566356048921934e-01, 1.646090402898369442e-01
1.733901923206111195e-01, 2.913425850032141384e-01, 3.709867012949135678e-01, 1.642805213812612297e-01
1.738274958314570962e-01, 2.915052158423140916e-01, 3.707152117745033393e-01, 1.639520765517255008e-01
1.742654748721488567e-01, 2.916686467369354885e-01, 3.704421703467669635e-01, 1.636237080441486635e-01
1.747041230376454035e-01, 2.918328785053406205e-01, 3.701675803431647704e-01, 1.632954181138492056e-01
1.751434339128150053e-01, 2.919979119351631125e-01, 3.698914451235835732e-01, 1.629672090284383090e-01
1.755834010724843797e-01, 2.921637477833975982e-01, 3.696137680764065014e-01, 1.626390830677115207e-01
1.760240180814897915e-01, 2.923303867763893948e-01, 3.693345526185805028e-01, 1.623110425235403664e-01
1.764652784947295661e-01, 2.924978296098262320e-01, 3.690538021956808468e-01, 1.619830896997631609e-01
1.769071758572199893e-01, 2.926660769487298142e-01, 3.687715202819746296e-01, 1.616552269120756780e-01
1.773497037041513180e-01, 2.928351294274483263e-01, 3.684877103804802267e-01, 1.613274564879202400e-01
1.777928555609473993e-01, 2.930049876496506611e-01, 3.682023760230264120e-01, 1.609997807663756109e-01
1.782366249433263161e-01, 2.931756521883206457e-01, 3.679155207703075914e-01, 1.606722020980454191e-01
1.786810053573634205e-01, 2.933471235857524340e-01, 3.676271482119378708e-01, 1.603447228449463302e-01
1.791259902995560038e-01, 2.935194023535466767e-01, 3.673372619665015160e-01, 1.600173453803957202e-01
1.795715732568902712e-01, 2.936924889726084120e-01, 3.670458656816025234e-01, 1.596900720888988767e-01
1.800177477069099530e-01, 2.938663838931443451e-01, 3.667529630339103064e-01, 1.593629053660355066e-01
1.804645071177869708e-01, 2.940410875346624597e-01, 3.664585577292048257e-01, 1.590358476183459102e-01
1.809118449483942404e-01, 2.942166002859717411e-01, 3.661626535024175011e-01, 1.587089012632165175e-01
1.813597546483800282e-01, 2.943929225051834520e-01, 3.658652541176711792e-01, 1.583820687287653683e-01
1.818082296582442803e-01, 2.945700545197125764e-01, 3.655663633683168823e-01, 1.580553524537263166e-01
1.822572634094172805e-01, 2.947479966262806506e-01, 3.652659850769686689e-01, 1.577287548873332890e-01
1.827068493243396430e-01, 2.949267490909202594e-01, 3.649641230955357196e-01, 1.574022784892043503e-01
1.831569808165445512e-01, 2.951063121489784780e-01, 3.646607813052522018e-01, 1.570759257292246858e-01
1.836076512907417191e-01, 2.952866860051238662e-01, 3.643559636167051363e-01, 1.567496990874293616e-01
1.840588541429033220e-01, 2.954678708333522974e-01, 3.640496739698588224e-01, 1.564236010538857247e-01
1.845105827603516768e-01, 2.956498667769950628e-01, 3.637419163340778749e-01, 1.560976341285754132e-01
1.849628305218490865e-01, 2.958326739487271984e-01, 3.634326947081477077e-01, 1.557718008212758687e-01
1.854155907976888507e-01, 2.960162924305776433e-01, 3.631220131202921308e-01, 1.554461036514414307e-01
1.858688569497888299e-01, 2.962007222739392875e-01, 3.628098756281880610e-01, 1.551205451480836273e-01
1.863226223317867303e-01, 2.963859634995811843e-01, 3.624962863189800100e-01, 1.547951278496521033e-01
1.867768802891364432e-01, 2.965720160976605957e-01, 3.621812493092891883e-01, 1.544698543039137173e-01
1.872316241592074382e-01, 2.967588800277375372e-01, 3.618647687452223316e-01, 1.541447270678328041e-01
1.876868472713846270e-01, 2.969465552187884883e-01, 3.615468488023772520e-01, 1.538197487074496606e-01
1.881425429471711708e-01, 2.971350415692232128e-01, 3.612274936858461127e-01, 1.534949217977594760e-01
1.885987045002922302e-01, 2.973243389469009124e-01, 3.609067076302159838e-01, 1.531702489225907904e-01
1.890553252368010750e-01, 2.975144471891479903e-01, 3.605844948995675092e-01, 1.528457326744833700e-01
1.895123984551861374e-01, 2.977053661027772580e-01, 3.602608597874705776e-01, 1.525213756545660548e-01
1.899699174464807849e-01, 2.978970954641078084e-01, 3.599358066169777159e-01, 1.521971804724336907e-01
1.904278754943742602e-01, 2.980896350189859434e-01, 3.596093397406152081e-01, 1.518731497460245050e-01
1.908862658753241459e-01, 2.982829844828072674e-01, 3.592814635403717705e-01, 1.515492861014967607e-01
1.913450818586709956e-01, 2.984771435405398354e-01, 3.589521824276842854e-01, 1.512255921731048280e-01
1.918043167067544630e-01, 2.986721118467483005e-01, 3.586215008434218143e-01, 1.509020706030754500e-01
1.922639636750310133e-01, 2.988678890256191156e-01, 3.582894232578662796e-01, 1.505787240414835637e-01
1.927240160121932722e-01, 2.990644746709871238e-01, 3.579559541706919257e-01, 1.502555551461276229e-01
1.931844669602913178e-01, 2.992618683463629803e-01, 3.576210981109406717e-01, 1.499325665824049192e-01
1.936453097548551661e-01, 2.994600695849613525e-01, 3.572848596369969099e-01, 1.496097610231864605e-01
1.941065376250190877e-01, 2.996590778897310625e-01, 3.569472433365581954e-01, 1.492871411486915989e-01
1.945681437936479796e-01, 2.998588927333852294e-01, 3.566082538266043267e-01, 1.489647096463625475e-01
1.950301214774642078e-01, 3.000595135584333550e-01, 3.562678957533637059e-01, 1.486424692107385925e-01
1.954924638871772535e-01, 3.002609397772147970e-01, 3.559261737922779223e-01, 1.483204225433300272e-01
1.959551642276139705e-01, 3.004631707719316869e-01, 3.555830926479626175e-01, 1.479985723524917529e-01
1.964182156978510896e-01, 3.006662058946850125e-01, 3.552386570541668509e-01, 1.476769213532970471e-01
1.968816114913486681e-01, 3.008700444675104779e-01, 3.548928717737301897e-01, 1.473554722674106920e-01
1.973453447960855922e-01, 3.010746857824158074e-01, 3.545457415985364125e-01, 1.470342278229622157e-01
1.978094087946960511e-01, 3.012801291014196026e-01, 3.541972713494656033e-01, 1.467131907544188263e-01
1.982737966646079264e-01, 3.014863736565904784e-01, 3.538474658763435254e-01, 1.463923638024581808e-01
1.987385015781824027e-01, 3.016934186500880299e-01, 3.534963300578886636e-01, 1.460717497138409038e-01
1.992035167028551601e-01, 3.019012632542047436e-01, 3.531438688016566574e-01, 1.457513512412833279e-01
1.996688352012788159e-01, 3.021099066114091847e-01, 3.527900870439824588e-01, 1.454311711433294851e-01
2.001344502314671703e-01, 3.023193478343893514e-01, 3.524349897499200468e-01, 1.451112121842234315e-01
2.006003549469401182e-01, 3.025295860060986941e-01, 3.520785819131798111e-01, 1.447914771337814044e-01
2.010665424968710036e-01, 3.027406201798021890e-01, 3.517208685560633263e-01, 1.444719687672635089e-01
2.015330060262343348e-01, 3.029524493791238005e-01, 3.513618547293960725e-01, 1.441526898652458200e-01
2.019997386759554148e-01, 3.031650725980952754e-01, 3.510015455124571582e-01, 1.438336432134921239e-01
2.024667335830612203e-01, 3.033784888012056591e-01, 3.506399460129079326e-01, 1.435148316028252158e-01
2.029339838808323082e-01, 3.035926969234525874e-01, 3.502770613667160471e-01, 1.431962578289989740e-01
2.034014826989567204e-01, 3.038076958703940234e-01, 3.499128967380796262e-01, 1.428779246925696023e-01
2.038692231636840824e-01, 3.040234845182017143e-01, 3.495474573193472212e-01, 1.425598349987670377e-01
2.043371983979820616e-01, 3.042400617137150376e-01, 3.491807483309363191e-01, 1.422419915573666371e-01
2.048054015216934365e-01, 3.044574262744969562e-01, 3.488127750212492439e-01, 1.419243971825603357e-01
2.052738256516945525e-01, 3.046755769888905285e-01, 3.484435426665867253e-01, 1.416070546928281104e-01
2.057424639020548618e-01, 3.048945126160766406e-01, 3.480730565710592472e-01, 1.412899669108093059e-01
2.062113093841979050e-01, 3.051142318861324587e-01, 3.477013220664956217e-01, 1.409731366631739868e-01
2.066803552070633765e-01, 3.053347335000922147e-01, 3.473283445123500623e-01, 1.406565667804943742e-01
2.071495944772701603e-01, 3.055560161300076572e-01, 3.469541292956061507e-01, 1.403402600971160596e-01
2.076190202992806710e-01, 3.057780784190108903e-01, 3.465786818306789696e-01, 1.400242194510294413e-01
2.080886257755662216e-01, 3.060009189813772679e-01, 3.462020075593149615e-01, 1.397084476837414380e-01
2.085584040067737788e-01, 3.062245364025903971e-01, 3.458241119504891770e-01, 1.393929476401465362e-01
2.090283480918931902e-01, 3.064489292394077524e-01, 3.454450005003003032e-01, 1.390777221683987264e-01
2.094984511284260220e-01, 3.066740960199269561e-01, 3.450646787318641939e-01, 1.387627741197827724e-01
2.099687062125552284e-01, 3.069000352436548340e-01, 3.446831521952037347e-01, 1.384481063485862862e-01
2.104391064393157929e-01, 3.071267453815752502e-01, 3.443004264671378212e-01, 1.381337217119711358e-01
2.109096449027665354e-01, 3.073542248762201057e-01, 3.439165071511676164e-01, 1.378196230698457148e-01
2.113803146961625579e-01, 3.075824721417406149e-01, 3.435313998773602551e-01, 1.375058132847366277e-01
2.118511089121290214e-01, 3.078114855639792480e-01, 3.431451103022307714e-01, 1.371922952216610148e-01
2.123220206428357015e-01, 3.080412635005439492e-01, 3.427576441086216952e-01, 1.368790717479986818e-01
2.127930429801723200e-01, 3.082718042808823555e-01, 3.423690070055807055e-01, 1.365661457333645634e-01
2.132641690159252645e-01, 3.085031062063578466e-01, 3.419792047282355640e-01, 1.362535200494812970e-01
2.137353918419541976e-01, 3.087351675503261506e-01, 3.415882430376677159e-01, 1.359411975700519082e-01
2.142067045503709410e-01, 3.089679865582137253e-01, 3.411961277207826160e-01, 1.356291811706327732e-01
2.146781002337176392e-01, 3.092015614475966956e-01, 3.408028645901792775e-01, 1.353174737285064710e-01
2.151495719851470312e-01, 3.094358904082809003e-01, 3.404084594840167122e-01, 1.350060781225554118e-01
2.156211128986026959e-01, 3.096709716023836600e-01, 3.400129182658784832e-01, 1.346949972331350498e-01
2.160927160690006288e-01, 3.099068031644158228e-01, 3.396162468246358146e-01, 1.343842339419477339e-01
2.165643745924109020e-01, 3.101433832013651415e-01, 3.392184510743074810e-01, 1.340737911319164477e-01
2.170360815662407405e-01, 3.103807097927812064e-01, 3.388195369539186985e-01, 1.337636716870593545e-01
2.175078300894179029e-01, 3.106187809908610431e-01, 3.384195104273573507e-01, 1.334538784923637034e-01
2.179796132625749505e-01, 3.108575948205354877e-01, 3.380183774832286603e-01, 1.331444144336609015e-01
2.184514241882337948e-01, 3.110971492795575610e-01, 3.376161441347072523e-01, 1.328352823975013919e-01
2.189232559709915760e-01, 3.113374423385907863e-01, 3.372128164193878841e-01, 1.325264852710297536e-01
2.193951017177063756e-01, 3.115784719412994508e-01, 3.368084003991338449e-01, 1.322180259418603288e-01
2.198669545376842616e-01, 3.118202360044395327e-01, 3.364029021599233560e-01, 1.319099072979529608e-01
2.203388075428661108e-01, 3.120627324179506279e-01, 3.359963278116939178e-01, 1.316021322274892602e-01
2.208106538480159586e-01, 3.123059590450493750e-01, 3.355886834881856018e-01, 1.312947036187490368e-01
2.212824865709089872e-01, 3.125499137223230472e-01, 3.351799753467810117e-01, 1.309876243599869816e-01
2.217542988325204856e-01, 3.127945942598250317e-01, 3.347702095683446344e-01, 1.306808973393098205e-01
2.222260837572152814e-01, 3.130399984411710301e-01, 3.343593923570596371e-01, 1.303745254445539681e-01
2.226978344729375892e-01, 3.132861240236362588e-01, 3.339475299402627773e-01, 1.300685115631633193e-01
2.231695441114011080e-01, 3.135329687382535369e-01, 3.335346285682780909e-01, 1.297628585820672642e-01
2.236412058082797583e-01, 3.137805302899125404e-01, 3.331206945142479725e-01, 1.294575693875597844e-01
2.241128127033991391e-01, 3.140288063574602773e-01, 3.327057340739628111e-01, 1.291526468651778281e-01
2.245843579409274038e-01, 3.142777945938017847e-01, 3.322897535656894052e-01, 1.288480938995814340e-01
2.250558346695677447e-01, 3.145274926260029913e-01, 3.318727593299962142e-01, 1.285439133744330220e-01
2.255272360427499345e-01, 3.147778980553935235e-01, 3.314547577295787195e-01, 1.282401081722778780e-01
2.259985552188233660e-01, 3.150290084576709004e-01, 3.310357551490807904e-01, 1.279366811744249710e-01
2.264697853612493983e-01, 3.152808213830056716e-01, 3.306157579949169922e-01, 1.276336352608279101e-01
2.269409196387947580e-01, 3.155333343561479431e-01, 3.301947726950907880e-01, 1.273309733099665941e-01
2.274119512257245790e-01, 3.157865448765334038e-01, 3.297728056990125722e-01, 1.270286981987294450e-01
2.278828733019959973e-01, 3.160404504183926266e-01, 3.293498634773156519e-01, 1.267268128022957796e-01
2.283536790534519412e-01, 3.162950484308588162e-01, 3.289259525216702285e-01, 1.264253199940190420e-01
2.288243616720150031e-01, 3.165503363380784974e-01, 3.285010793445963806e-01, 1.261242226453101745e-01
2.292949143558812852e-01, 3.168063115393218721e-01, 3.280752504792750490e-01, 1.258235236255217382e-01
2.297653303097150490e-01, 3.170629714090946738e-01, 3.276484724793576886e-01, 1.255232258018325886e-01
2.302356027448426434e-01, 3.173203132972505225e-01, 3.272207519187740332e-01, 1.252233320391327731e-01
2.307057248794468773e-01, 3.175783345291047777e-01, 3.267920953915388615e-01, 1.249238451999095389e-01
2.311756899387617803e-01, 3.178370324055485030e-01, 3.263625095115567643e-01, 1.246247681441329247e-01
2.316454911552670026e-01, 3.180964042031640959e-01, 3.259320009124256901e-01, 1.243261037291432114e-01
2.321151217688821600e-01, 3.183564471743410840e-01, 3.255005762472391040e-01, 1.240278548095376798e-01
2.325845750271615664e-01, 3.186171585473931978e-01, 3.250682421883864803e-01, 1.237300242370587555e-01
2.330538441854888010e-01, 3.188785355266762767e-01, 3.246350054273522967e-01, 1.234326148604826395e-01
2.335229225072710246e-01, 3.191405752927068407e-01, 3.242008726745141400e-01, 1.231356295255079253e-01
2.339918032641335743e-01, 3.194032750022813838e-01, 3.237658506589393137e-01, 1.228390710746457420e-01
2.344604797361140025e-01, 3.196666317885971664e-01, 3.233299461281789466e-01, 1.225429423471099122e-01
2.349289452118566712e-01, 3.199306427613727855e-01, 3.228931658480629352e-01, 1.222472461787076220e-01
2.353971929888065973e-01, 3.201953050069703544e-01, 3.224555166024915542e-01, 1.219519854017314664e-01
2.358652163734034080e-01, 3.204606155885182939e-01, 3.220170051932270683e-01, 1.216571628448512438e-01
2.363330086812752695e-01, 3.207265715460345668e-01, 3.215776384396832333e-01, 1.213627813330069860e-01
2.368005632374322600e-01, 3.209931698965509117e-01, 3.211374231787144651e-01, 1.210688436873024049e-01
2.372678733764598535e-01, 3.212604076342381876e-01, 3.206963662644027324e-01, 1.207753527248992265e-01
2.377349324427119881e-01, 3.215282817305317731e-01, 3.202544745678443383e-01, 1.204823112589118589e-01
2.382017337905039944e-01, 3.217967891342581321e-01, 3.198117549769345924e-01, 1.201897220983031700e-01
2.386682707843049422e-01, 3.220659267717623231e-01, 3.193682143961520947e-01, 1.198975880477805844e-01
2.391345367989302917e-01, 3.223356915470352857e-01, 3.189238597463415203e-01, 1.196059119076929578e-01
2.396005252197335178e-01, 3.226060803418429601e-01, 3.184786979644949612e-01, 1.193146964739286164e-01
2.400662294427977350e-01, 3.228770900158555723e-01, 3.180327360035332673e-01, 1.190239445378134392e-01
2.405316428751272939e-01, 3.231487174067776413e-01, 3.175859808320850575e-01, 1.187336588860100628e-01
2.409967589348379902e-01, 3.234209593304782082e-01, 3.171384394342658952e-01, 1.184438423004178370e-01
2.414615710513481617e-01, 3.236938125811228972e-01, 3.166901188094554120e-01, 1.181544975580734319e-01
2.419260726655683147e-01, 3.239672739313051997e-01, 3.162410259720742634e-01, 1.178656274310521529e-01
2.423902572300907776e-01, 3.242413401321794231e-01, 3.157911679513596415e-01, 1.175772346863702134e-01
2.428541182093786055e-01, 3.245160079135940290e-01, 3.153405517911399003e-01, 1.172893220858874791e-01
2.433176490799545399e-01, 3.247912739842251373e-01, 3.148891845496089026e-01, 1.170018923862114618e-01
2.437808433305888312e-01, 3.250671350317109742e-01, 3.144370732990985351e-01, 1.167149483386015207e-01
2.442436944624868378e-01, 3.253435877227876527e-01, 3.139842251258511685e-01, 1.164284926888743826e-01
2.447061959894759609e-01, 3.256206287034232871e-01, 3.135306471297906183e-01, 1.161425281773101059e-01
2.451683414381920501e-01, 3.258982545989557722e-01, 3.130763464242929950e-01, 1.158570575385591689e-01
2.456301243482655328e-01, 3.261764620142282856e-01, 3.126213301359561658e-01, 1.155720835015499742e-01
2.460915382725060996e-01, 3.264552475337271220e-01, 3.121656054043691064e-01, 1.152876087893976442e-01
2.465525767770877230e-01, 3.267346077217193612e-01, 3.117091793818794199e-01, 1.150036361193134266e-01
2.470132334417323161e-01, 3.270145391223910902e-01, 3.112520592333618552e-01, 1.147201682025147246e-01
2.474735018598930025e-01, 3.272950382599859598e-01, 3.107942521359846055e-01, 1.144372077441364183e-01
2.479333756389369148e-01, 3.275761016389447944e-01, 3.103357652789754395e-01, 1.141547574431429624e-01
2.483928484003265214e-01, 3.278577257440453141e-01, 3.098766058633874443e-01, 1.138728199922406786e-01
2.488519137798013703e-01, 3.281399070405421337e-01, 3.094167811018643799e-01, 1.135913980777921023e-01
2.493105654275578620e-01, 3.284226419743072611e-01, 3.089562982184045348e-01, 1.133104943797302866e-01
2.497687970084292997e-01, 3.287059269719717070e-01, 3.084951644481248589e-01, 1.130301115714741622e-01
2.502266022020641079e-01, 3.289897584410662601e-01, 3.080333870370244864e-01, 1.127502523198451317e-01
2.506839747031044952e-01, 3.292741327701641518e-01, 3.075709732417470921e-01, 1.124709192849842471e-01
2.511409082213631461e-01, 3.295590463290225536e-01, 3.071079303293438589e-01, 1.121921151202704137e-01
2.515973964819996911e-01, 3.298444954687259068e-01, 3.066442655770348913e-01, 1.119138424722393999e-01
2.520534332256959553e-01, 3.301304765218288084e-01, 3.061799862719711829e-01, 1.116361039805040811e-01
2.525090122088307631e-01, 3.304169858024989526e-01, 3.057150997109951418e-01, 1.113589022776750870e-01
2.529641272036536326e-01, 3.307040196066614035e-01, 3.052496132004021145e-01, 1.110822399892828910e-01
2.534187719984571929e-01, 3.309915742121423143e-01, 3.047835340556998007e-01, 1.108061197337005671e-01
2.538729403977493804e-01, 3.312796458788137000e-01, 3.043168696013692776e-01, 1.105305441220675866e-01
2.543266262224239127e-01, 3.315682308487375995e-01, 3.038496271706239704e-01, 1.102555157582144341e-01
2.547798233099305421e-01, 3.318573253463112382e-01, 3.033818141051697892e-01, 1.099810372385883750e-01
2.552325255144435867e-01, 3.321469255784123553e-01, 3.029134377549639878e-01, 1.097071111521800008e-01
2.556847267070300744e-01, 3.324370277345445879e-01, 3.024445054779742459e-01, 1.094337400804510779e-01
2.561364207758164979e-01, 3.327276279869831876e-01, 3.019750246399376392e-01, 1.091609265972627169e-01
2.565876016261547932e-01, 3.330187224909209043e-01, 3.015050026141191108e-01, 1.088886732688051917e-01
2.570382631807867080e-01, 3.333103073846143127e-01, 3.010344467810704416e-01, 1.086169826535285793e-01
2.574883993800080040e-01, 3.336023787895300297e-01, 3.005633645283878885e-01, 1.083458573020740084e-01
2.579380041818308267e-01, 3.338949328104913739e-01, 3.000917632504713772e-01, 1.080752997572063945e-01
2.583870715621451319e-01, 3.341879655358250822e-01, 2.996196503482819740e-01, 1.078053125537478535e-01
2.588355955148790577e-01, 3.344814730375079703e-01, 2.991470332291006895e-01, 1.075358982185122825e-01
2.592835700521584630e-01, 3.347754513713143698e-01, 2.986739193062862285e-01, 1.072670592702408832e-01
2.597309892044647461e-01, 3.350698965769630111e-01, 2.982003159990335162e-01, 1.069987982195387821e-01
2.601778470207917748e-01, 3.353648046782641834e-01, 2.977262307321316137e-01, 1.067311175688124281e-01
2.606241375688017614e-01, 3.356601716832675608e-01, 2.972516709357223008e-01, 1.064640198122083076e-01
2.610698549349798614e-01, 3.359559935844091960e-01, 2.967766440450582688e-01, 1.061975074355527432e-01
2.615149932247871067e-01, 3.362522663586593463e-01, 2.963011575002613696e-01, 1.059315829162921080e-01
2.619595465628132835e-01, 3.365489859676700779e-01, 2.958252187460818639e-01, 1.056662487234348857e-01
2.624035090929267566e-01, 3.368461483579224813e-01, 2.953488352316564480e-01, 1.054015073174941891e-01
2.628468749784252378e-01, 3.371437494608752194e-01, 2.948720144102678353e-01, 1.051373611504317490e-01
2.632896384021830016e-01, 3.374417851931112988e-01, 2.943947637391032268e-01, 1.048738126656025005e-01
2.637317935667989333e-01, 3.377402514564860625e-01, 2.939170906790144477e-01, 1.046108642977005287e-01
2.641733346947416350e-01, 3.380391441382754603e-01, 2.934390026942768626e-01, 1.043485184727060561e-01
2.646142560284940881e-01, 3.383384591113228201e-01, 2.929605072523497333e-01, 1.040867776078332890e-01
2.650545518306969828e-01, 3.386381922341869521e-01, 2.924816118236364115e-01, 1.038256441114796397e-01
2.654942163842901048e-01, 3.389383393512898079e-01, 2.920023238812445854e-01, 1.035651203831755990e-01
2.659332439926530567e-01, 3.392388962930634189e-01, 2.915226509007474154e-01, 1.033052088135361923e-01
2.663716289797444237e-01, 3.395398588760981107e-01, 2.910426003599447253e-01, 1.030459117842128097e-01
2.668093656902392197e-01, 3.398412229032891085e-01, 2.905621797386246929e-01, 1.027872316678469927e-01
2.672464484896653891e-01, 3.401429841639840301e-01, 2.900813965183258736e-01, 1.025291708280244990e-01
2.676828717645387545e-01, 3.404451384341303788e-01, 2.896002581821000010e-01, 1.022717316192308795e-01
2.681186299224963543e-01, 3.407476814764213713e-01, 2.891187722142743444e-01, 1.020149163868078745e-01
2.685537173924286147e-01, 3.410506090404439861e-01, 2.886369461002159520e-01, 1.017587274669113501e-01
2.689881286246104120e-01, 3.413539168628247911e-01, 2.881547873260951742e-01, 1.015031671864697338e-01
2.694218580908292471e-01, 3.416576006673765487e-01, 2.876723033786502959e-01, 1.012482378631438112e-01
2.698549002845144762e-01, 3.419616561652447095e-01, 2.871895017449529464e-01, 1.009939418052878957e-01
2.702872497208622660e-01, 3.422660790550531851e-01, 2.867063899121731763e-01, 1.007402813119114976e-01
2.707189009369611599e-01, 3.425708650230497865e-01, 2.862229753673465882e-01, 1.004872586726424377e-01
2.711498484919152574e-01, 3.428760097432528853e-01, 2.857392655971405238e-01, 1.002348761676913058e-01
2.715800869669661166e-01, 3.431815088775956868e-01, 2.852552680876220270e-01, 9.998313606781630836e-02
2.720096109656127137e-01, 3.434873580760716694e-01, 2.847709903240258078e-01, 9.973204063428990629e-02
2.724384151137308474e-01, 3.437935529768793574e-01, 2.842864397905238150e-01, 9.948159211886614672e-02
2.728664940596899346e-01, 3.441000892065667061e-01, 2.838016239699941434e-01, 9.923179276374928526e-02
2.732938424744691397e-01, 3.444069623801754854e-01, 2.833165503437919952e-01, 9.898264480156336587e-02
2.737204550517713386e-01, 3.447141681013849435e-01, 2.828312263915206404e-01, 9.873415045532314693e-02
2.741463265081358069e-01, 3.450217019626552473e-01, 2.823456595908032107e-01, 9.848631193840576281e-02
2.745714515830494085e-01, 3.453295595453707012e-01, 2.818598574170560478e-01, 9.823913145452370377e-02
2.749958250390563408e-01, 3.456377364199829105e-01, 2.813738273432617176e-01, 9.799261119769912820e-02
2.754194416618655494e-01, 3.459462281461523903e-01, 2.808875768397434691e-01, 9.774675335223868833e-02
2.758422962604575313e-01, 3.462550302728916174e-01, 2.804011133739408024e-01, 9.750156009271006285e-02
2.762643836671889175e-01, 3.465641383387056962e-01, 2.799144444101859253e-01, 9.725703358391929454e-02
2.766856987378961130e-01, 3.468735478717344667e-01, 2.794275774094802656e-01, 9.701317598088914085e-02
2.771062363519961047e-01, 3.471832543898924484e-01, 2.789405198292726484e-01, 9.676998942883895116e-02
2.775259914125868255e-01, 3.474932534010096719e-01, 2.784532791232385285e-01, 9.652747606316489093e-02
2.779449588465457976e-01, 3.478035404029717337e-01, 2.779658627410599991e-01, 9.628563800942240014e-02
2.783631336046263338e-01, 3.481141108838585740e-01, 2.774782781282065236e-01, 9.604447738330848527e-02
2.787805106615529604e-01, 3.484249603220843094e-01, 2.769905327257167205e-01, 9.580399629064607903e-02
2.791970850161144546e-01, 3.487360841865345673e-01, 2.765026339699818148e-01, 9.556419682736908006e-02
2.796128516912563811e-01, 3.490474779367053193e-01, 2.760145892925295885e-01, 9.532508107950865561e-02
2.800278057341704652e-01, 3.493591370228401605e-01, 2.755264061198091086e-01, 9.508665112318030743e-02
2.804419422163835773e-01, 3.496710568860668111e-01, 2.750380918729772306e-01, 9.484890902457258910e-02
2.808552562338441638e-01, 3.499832329585332857e-01, 2.745496539676859915e-01, 9.461185683993655893e-02
2.812677429070079560e-01, 3.502956606635450054e-01, 2.740610998138708343e-01, 9.437549661557623204e-02
2.816793973809209595e-01, 3.506083354156981358e-01, 2.735724368155403319e-01, 9.413983038784064228e-02
2.820902148253015551e-01, 3.509212526210154226e-01, 2.730836723705666880e-01, 9.390486018311629268e-02
2.825001904346207127e-01, 3.512344076770800294e-01, 2.725948138704779589e-01, 9.367058801782132682e-02
2.829093194281799284e-01, 3.515477959731686530e-01, 2.721058687002508858e-01, 9.343701589840049115e-02
2.833175970501887742e-01, 3.518614128903844174e-01, 2.716168442381055592e-01, 9.320414582132122150e-02
2.837250185698393379e-01, 3.521752538017892675e-01, 2.711277478553005826e-01, 9.297197977307082584e-02
2.841315792813799979e-01, 3.524893140725351981e-01, 2.706385869159300683e-01, 9.274051973015479122e-02
2.845372745041868656e-01, 3.528035890599952040e-01, 2.701493687767217988e-01, 9.250976765909625643e-02
2.849420995828339520e-01, 3.531180741138934542e-01, 2.696601007868364430e-01, 9.227972551643622012e-02
2.853460498871613349e-01, 3.534327645764349102e-01, 2.691707902876682712e-01, 9.205039524873538659e-02
2.857491208123418835e-01, 3.537476557824342227e-01, 2.686814446126472578e-01, 9.182177879257674702e-02
2.861513077789458737e-01, 3.540627430594431302e-01, 2.681920710870419611e-01, 9.159387807456892405e-02
2.865526062330047696e-01, 3.543780217278790223e-01, 2.677026770277647905e-01, 9.136669501135154248e-02
2.869530116460714542e-01, 3.546934871011503954e-01, 2.672132697431774950e-01, 9.114023150960057218e-02
2.873525195152815681e-01, 3.550091344857839726e-01, 2.667238565328987066e-01, 9.091448946603560011e-02
2.877511253634104094e-01, 3.553249591815488828e-01, 2.662344446876130921e-01, 9.068947076742769897e-02
2.881488247389292767e-01, 3.556409564815813940e-01, 2.657450414888808954e-01, 9.046517729060832291e-02
2.885456132160608700e-01, 3.559571216725089804e-01, 2.652556542089502534e-01, 9.024161090247988237e-02
2.889414863948313594e-01, 3.562734500345725586e-01, 2.647662901105695687e-01, 9.001877346002648550e-02
2.893364399011218446e-01, 3.565899368417490001e-01, 2.642769564468027688e-01, 8.979666681032638653e-02
2.897304693867179259e-01, 3.569065773618721460e-01, 2.637876604608446196e-01, 8.957529279056529459e-02
2.901235705293572220e-01, 3.572233668567535436e-01, 2.632984093858385943e-01, 8.935465322805072330e-02
2.905157390327754996e-01, 3.575403005823015734e-01, 2.628092104446956845e-01, 8.913474994022725639e-02
2.909069706267509159e-01, 3.578573737886409090e-01, 2.623200708499149325e-01, 8.891558473469321489e-02
2.912972610671465401e-01, 3.581745817202298121e-01, 2.618309978034055185e-01, 8.869715940921800434e-02
2.916866061359515983e-01, 3.584919196159779275e-01, 2.613419984963100129e-01, 8.847947575176057233e-02
2.920750016413198313e-01, 3.588093827093614685e-01, 2.608530801088296269e-01, 8.826253554048907324e-02
2.924624434176076870e-01, 3.591269662285400122e-01, 2.603642498100507963e-01, 8.804634054380149066e-02
2.928489273254096248e-01, 3.594446653964695204e-01, 2.598755147577737623e-01, 8.783089252034706473e-02
2.932344492515924772e-01, 3.597624754310168038e-01, 2.593868820983417089e-01, 8.761619321904909330e-02
2.936190051093271469e-01, 3.600803915450718762e-01, 2.588983589664723972e-01, 8.740224437912849642e-02
2.940025908381198039e-01, 3.603984089466600316e-01, 2.584099524850916874e-01, 8.718904773012849108e-02
2.943852024038404736e-01, 3.607165228390519784e-01, 2.579216697651672829e-01, 8.697660499194022343e-02
2.947668357987501819e-01, 3.610347284208745289e-01, 2.574335179055456946e-01, 8.676491787482955298e-02
2.951474870415267127e-01, 3.613530208862190118e-01, 2.569455039927898699e-01, 8.655398807946448891e-02
2.955271521772879217e-01, 3.616713954247495200e-01, 2.564576351010184885e-01, 8.634381729694415308e-02
2.959058272776143861e-01, 3.619898472218098795e-01, 2.559699182917475335e-01, 8.613440720882820090e-02
2.962835084405693320e-01, 3.623083714585298432e-01, 2.554823606137333059e-01, 8.592575948716754675e-02
2.966601917907176200e-01, 3.626269633119298397e-01, 2.549949691028164933e-01, 8.571787579453607475e-02
2.970358734791426203e-01, 3.629456179550257788e-01, 2.545077507817686269e-01, 8.551075778406302952e-02
2.974105496834615892e-01, 3.632643305569313585e-01, 2.540207126601402021e-01, 8.530440709946672528e-02
2.977842166078394359e-01, 3.635830962829609270e-01, 2.535338617341105216e-01, 8.509882537508918487e-02
2.981568704830006022e-01, 3.639019102947296802e-01, 2.530472049863383144e-01, 8.489401423593133378e-02
2.985285075662393872e-01, 3.642207677502551366e-01, 2.525607493858157415e-01, 8.468997529768973465e-02
