,0,1,2,3
0,0.0,0.0,0.0,0.0
1,0.0,0.0,0.0,0.0
2,0.0,0.0,0.0,0.0
3,0.0002562473257588354,0.0,0.0,0.0
4,0.011047955660403128,0.0,0.0,0.0
5,0.03907353378668823,0.0,0.0,0.0
6,0.04002263880466956,6.633002642731273e-05,0.0,0.0
7,0.04079599547925007,0.0022201671156732604,0.0,0.0
8,0.041428613689168434,0.014701712744352198,6.159743159248808e-07,0.0
9,0.04194522587747605,0.03451346165627217,0.00014235268164615873,0.0
10,0.042239682755100955,0.04289490322922161,0.0036930144086116832,0.0
11,0.03846179747456152,0.039070794235034075,0.023029904465395525,4.0156344904125635e-07
12,0.03745734895977283,0.0380605735515041,0.07129018950510542,2.294559608285155e-05
13,0.03463710502432216,0.03520265768308875,0.1249720351489658,0.0002834812755030562
14,0.03238151114076871,0.032916659049489795,0.15865826963524127,0.0017399208215978393
15,0.03058329770619217,0.031090390801585023,0.19723082283518745,0.007433916041151671
16,0.029147532354183745,0.029631243131364886,0.22818824445336416,0.02280519301157999
17,0.028004526084236075,0.028466495175485527,0.2528328302879225,0.05176344328590951
18,0.027095239740955016,0.027537858762267973,0.27241039572580855,0.09008509874466053
19,0.02637272348997759,0.026798377439583233,0.2872621422825532,0.12675931188665496
20,0.02580053079413206,0.02621212390821202,0.2977314029694529,0.15286251531001652
21,0.02534909241623125,0.02574837297274774,0.3045646255541928,0.1677698308385326
22,0.02499457679078862,0.025383298818002116,0.30850952730812015,0.17542162062273706
23,0.02471784624532467,0.025097549293117586,0.31021539785315966,0.17918700515444058
24,0.02450355002942444,0.02487536214897662,0.31022304295356523,0.1810122986836139
25,0.024339378054611466,0.02470424803949094,0.30897118551964814,0.18186930947188618
26,0.02421545835405476,0.024574325982509835,0.3068071482725829,0.18222010000775676
27,0.024123873463327932,0.02447771124024938,0.3040004213370703,0.18228725424781314
28,0.024058272904894824,0.024408066900378403,0.30075682102726775,0.1821848570801557
29,0.024013562759320595,0.024360281337145653,0.2972314782046924,0.18197709814169827
30,0.02398565693175515,0.02433022540408767,0.293539878216236,0.18170362218170688
31,0.02397127777725553,0.024314561883917216,0.2897668519137347,0.18139063429692567
32,0.023967796229090198,0.02431059278384811,0.28597373268632,0.1810560887890802
33,0.02397310356167315,0.024316136183159826,0.28220397999122854,0.18071240694929988
34,0.02398550850403058,0.024329426905850403,0.2784875586922524,0.18036811544329204
35,0.02400365468041943,0.024349036507427497,0.27484432512796936,0.18002894854801305
36,0.024026454358117198,0.024373808854488182,0.27128662867221226,0.1796986268117314
37,0.024053035281934008,0.024402808227983117,0.267821298608495,0.17937941476319524
38,0.02408286635564901,0.024435448261803997,0.2644520028447087,0.17907252404942936
39,0.02411501689289553,0.024470741270981977,0.2611776520724895,0.17877843836897298
40,0.024149245252453256,0.024508403176587777,0.25799620339035273,0.17849709738838812
41,0.02418518950257774,0.024548032555933,0.25490422651803096,0.17822810708188344
42,0.024222559406573325,0.02458930527993421,0.25189737628005027,0.17797087122300706
43,0.024261122131277374,0.02463195980167287,0.24897073960125463,0.17772468835389627
44,0.024300690989032384,0.024675785206390587,0.2461190922506977,0.17748881462569582
45,0.02434111626003146,0.02472061150858786,0.2433370750376907,0.1772625154832478
46,0.024382277824658162,0.024766301779448833,0.24061932030043606,0.17704509058068574
47,0.024424079276877616,0.024812745765363173,0.23796054042535825,0.17683588554113736
48,0.02446644321665081,0.02485985470649262,0.2353555870885226,0.17663429700779093
49,0.024509307479419838,0.02490755716422803,0.2327994887285011,0.17643977341041275
50,0.024552622113603383,0.024955795660379695,0.23028747218591705,0.17625181303183743
51,0.02459634695712004,0.025004523958067616,0.22781497296568318,0.17606996062231542
52,0.02464044969428849,0.025053704859402445,0.22537763743022085,0.17589380342447766
53,0.024684904298061867,0.02510330842659186,0.22297131938063794,0.17572296713193333
54,0.02472968978131307,0.025153310550174994,0.2205920728433104,0.17555711206632552
55,0.024774789195932567,0.025203691799331927,0.21823614239714945,0.1753959297063155
56,0.024820188830596897,0.025254436499402875,0.2158999520175205,0.17523913960971924
57,0.02486587756779041,0.02530553199155658,0.21358009314683585,0.17508648671641086
58,0.024911846368473236,0.025356968038338083,0.21127331250433548,0.17493773899181708
59,0.02495808785905686,0.025408736346162752,0.20897650000028667,0.1747926853589227
60,0.02500459600037645,0.02546083018169332,0.2066866770105469,0.17465113386403588
61,0.025051365822380493,0.02551324406366209,0.20440098518751484,0.17451291002491548
62,0.025098397945659993,0.025565978337715074,0.2021166990734182,0.17437785529163893
63,0.025145678543575075,0.025619018741735756,0.19983114210690855,0.17424582584027848
64,0.02519321058781073,0.025672368207653437,0.19754175745208372,0.1741166908435921
65,0.025240991603544163,0.025726024191629775,0.19524607083768752,0.17399033142654738
66,0.025289019475454852,0.025779984572576995,0.19294168323539992,0.1738666394050927
67,0.025337292373737035,0.02583424756820659,0.19062626438983782,0.17374551605186175
68,0.025385808700956712,0.025888811667668085,0.188297547253194,0.1736268708325845
69,0.025434567044852974,0.025943675577501737,0.18595332321647942,0.17351062024960726
70,0.0254835661401908,0.025998838178274777,0.18359143828237984,0.17339668657556467
71,0.025532804838785398,0.026054298489789483,0.18120979016698513,0.17328499656705207
72,0.025582282085819363,0.02611005564273533,0.1788063263405313,0.1731754801608744
73,0.025631996900950887,0.026166108856504076,0.17637904303012714,0.17306806914012354
74,0.025681948363161355,0.026222457421714827,0.1739259852090517,0.17296269576441714
75,0.025732135598580907,0.026279100685997824,0.17144524759494428,0.172859291364874
76,0.025782557770706854,0.026336038042289164,0.1689349766736626,0.1727577849096784
77,0.025833214072548724,0.026393268919297913,0.16639337375545055,0.17265810155236788
78,0.025884103720323657,0.026450792773867703,0.1638186990535371,0.17256016118314974
79,0.025935225948397676,0.026508609084916618,0.1612092767506744,0.1724638770140698
80,0.02598658000522732,0.02656671734863581,0.15856350098452185,0.17236915424208338
81,0.02603816515010377,0.02662511707467004,0.15587984263596472,0.17227588885033035
82,0.026089980650540634,0.026683807783062324,0.15315685674306007,0.1721839666273389
83,0.026142025780177755,0.02674278900179838,0.15039319028525144,0.17209326250628626
84,0.02619429981709885,0.026802060264827492,0.1475875899864319,0.17200364035108456
85,0.02624680204248087,0.026861621110465136,0.14473890967148081,0.17191495334131243
86,0.026299531739509267,0.026921471080103055,0.1418461165818259,0.17182704513073305
87,0.02646504549125881,0.027096854132934438,0.13942965045214467,0.17173937912039272
88,0.026538167467192272,0.027177752061040523,0.13705695475311588,0.17165214726987682
89,0.026607193968737165,0.027254525919815246,0.13470677594484387,0.17156514821188878
90,0.026713404088711725,0.02736946504554916,0.13254800655203877,0.1714780678765897
91,0.026728017874252528,0.027390631557047938,0.13015722953594175,0.1713910551689129
92,0.02688006288676248,0.02755275851036779,0.1281635334919394,0.17130354385333396
93,0.027151279802224173,0.027837277861347914,0.12710664780803935,0.17121507154803448
94,0.027251066227662102,0.02794628561236658,0.1261976252268085,0.17112614608098908
95,0.027267059817088535,0.02796951670541001,0.12505337616048204,0.17103701063806917
96,0.027291567673782834,0.02800155745928319,0.12371268816056297,0.17094762608145866
97,0.02779269574615362,0.028522834661925924,0.1256171498662423,0.17085642571619347
98,0.027722177095278137,0.028457863886246482,0.12559930300688288,0.17076528019311019
99,0.02768373265368511,0.028425949388724697,0.12509467386739762,0.1706740870339821
100,0.027655653165120305,0.028404730383966525,0.1241522688636293,0.17058281515952423
101,0.027775600128672025,0.028535558231812478,0.12428395299899798,0.1704909783976117
102,0.02788296948495488,0.028653771916629957,0.12445192373880941,0.17039861828506447
103,0.027903195387452333,0.028682632417497012,0.12422988854427089,0.1703060242911613
104,0.027937258665371306,0.028725677060209422,0.12406957652972636,0.1702131527560801
105,0.02799675891006042,0.028794710176215703,0.1240212648698134,0.17011992143990248
106,0.02803593171945616,0.028842710103257285,0.1238816975052234,0.17002640012278294
107,0.028068612309167854,0.02888392966898178,0.12371301963084687,0.16993261310893046
108,0.028119798591521483,0.028944058945010898,0.1236254187741724,0.16983850304552198
109,0.028237611479681048,0.02907264842886648,0.12382902520386281,0.1697438545828543
110,0.028350788084052506,0.02919643116569717,0.12400917641753838,0.16964869500636778
111,0.02865166796327331,0.029513585369243797,0.1250052455203055,0.16955240953696293
112,0.028670554390141902,0.029540381426594348,0.12477004543740262,0.1694559629492492
113,0.028683709604553898,0.029561259676868925,0.12449964201965315,0.16935939426301483
114,0.028719217404629793,0.029605218637434615,0.12433182606695142,0.1692626488832748
115,0.02873067436220815,0.02962448902547357,0.1240601848158131,0.1691658314750085
116,0.028777121265115377,0.029680089914643677,0.12394066273010707,0.16906885015997464
117,0.02883768407481694,0.02975050381054338,0.12388188452724579,0.16897168401297138
118,0.028912101267379118,0.029835387223366944,0.12388167904883163,0.1688743126040166
119,0.02901613464289921,0.029950950759171608,0.12400649398292447,0.1687766611743106
120,0.029323328029032435,0.03027633959899796,0.12499455885930215,0.16867806704210897
121,0.029298531536973937,0.030259020207545596,0.1245615936487381,0.16857965699322014
122,0.02946734133164759,0.030441545619116918,0.12495115579769896,0.16848077388548802
123,0.02945014712102963,0.030431871439725706,0.12454928762692805,0.16838202009013864
124,0.029468491208550964,0.0304588442471858,0.12429892779683979,0.16828324345616646
125,0.029551307606826664,0.030552626113889023,0.12432087756424859,0.1681841916942856
126,0.029622302321249665,0.030634388768060086,0.12429198128108139,0.16808487081810658
127,0.02980644230794527,0.03083342381177354,0.12473576333977945,0.1679848726108205
128,0.02988920323547345,0.030927814819291344,0.12475154833915737,0.1678845136441446
129,0.029934808233063163,0.030983834438606767,0.12461090094018154,0.16778390102940893
130,0.029949588643883963,0.03100793712015563,0.12434175507627516,0.16768312693766257
131,0.029998697949167947,0.03106752386231958,0.12421531195222787,0.1675820731817088
132,0.03005263927005069,0.03113212831399431,0.12410857219738496,0.16748073296707144
133,0.03010354696041255,0.031193627363660298,0.12398899449591586,0.16737913986207265
134,0.030182314583129245,0.03128403674120909,0.12398346141536616,0.1672772324835726
135,0.030259046529606353,0.03137237283097995,0.12396803930727605,0.1671750500053012
136,0.03033454100668886,0.03145946042248078,0.12394599467532572,0.16707261840675156
137,0.03043006024976545,0.03156734575907297,0.12400405176165342,0.16696987533132868
138,0.030531660937976674,0.031681559479482306,0.12408471431584135,0.16686678944840871
139,0.030625350369514796,0.03178758592713135,0.12413110292026287,0.16676336647078088
140,0.030723370565994966,0.031898152400254474,0.1241931320995417,0.16665957032277418
141,0.030810845310657645,0.031997851590874246,0.12421068255752374,0.16655542488575334
142,0.030896361084395727,0.03209563718848796,0.1242188050355342,0.16645094087728624
143,0.030982717306260277,0.032194456415882165,0.12422889410293124,0.16634613446307897
144,0.031071552292145126,0.03229603007607245,0.124247515806419,0.16624102350689787
145,0.031166202805160494,0.03240383140230366,0.12428790660731423,0.1661356112872875
146,0.031264217440253136,0.03251530337807875,0.1243400610845013,0.1660298980762305
147,0.03136125263508402,0.03262590946744177,0.12438658140960454,0.16592388602668853
148,0.031456696404829565,0.032734988340474544,0.12442506751401437,0.1658175716194394
149,0.03155134137936275,0.03284334400755987,0.12445870838591865,0.16571094843111223
150,0.03164521337658871,0.03295099173955047,0.12448765889396696,0.16560401432871283
151,0.03173990984457067,0.03305959215718103,0.1245182544493782,0.16549676547322217
152,0.03183617087729492,0.03316991939491361,0.12455338806430388,0.16538919508696143
153,0.031933359926838746,0.03328131515391929,0.12459053399276879,0.1652812941871064
154,0.03202945586124664,0.033391676164327665,0.1246218093984572,0.16517305519514752
155,0.0321232404406903,0.03349973084539066,0.12464255345913047,0.16506447138851363
156,0.032215319134893707,0.03360610579216683,0.12465522938199383,0.16495553465075843
157,0.032308042505884024,0.033713248818898416,0.12466900480084701,0.16484623330590775
158,0.03240307698238487,0.03382289794558908,0.12469028854842445,0.1647365568088543
159,0.032498659079094314,0.03393321267120638,0.12471223111913793,0.16462650806849735
160,0.03259795499078114,0.03404749794500194,0.1247469316571157,0.16451608597941197
161,0.03269404921232188,0.03415853030520592,0.12476784167543624,0.16440531762554844
162,0.03279183262887436,0.034271415272306635,0.12479371482605861,0.16429421565210442
163,0.03288863669940678,0.034383365501739274,0.12481436786686842,0.1641828011221675
164,0.03298496367684103,0.03449490591398421,0.12483176288708708,0.16407109061450426
165,0.033081734610338386,0.03460700317603763,0.12484942398734955,0.163959093746359
166,0.03317886432342109,0.0347195709560135,0.12486702913408423,0.16384681679529495
167,0.03327650661534495,0.03483277357152219,0.12488515605634971,0.16373426301769486
168,0.03337575264420674,0.034947755956990234,0.12490787884886685,0.16362143088086473
169,0.03347617098248066,0.0350640683900836,0.1249335297966104,0.1635083202643533
170,0.03357760727025172,0.0351815494561322,0.12496149624756422,0.16339493191721152
171,0.03367971203551707,0.03529983273406597,0.12499045112945933,0.16328126795757936
172,0.03378154706029423,0.03541793441407514,0.12501690792827239,0.16316733347261428
173,0.03388273252275247,0.03553545632549053,0.12505640089483602,0.16305313434071256
174,0.033969331292079456,0.035637777834705384,0.12506336437095006,0.16293872283784153
175,0.0340640195367946,0.035748679358882776,0.12506652068408824,0.16282407433660911
176,0.034150756369683614,0.0358513346184391,0.12503557646692742,0.16270921785209236
177,0.03424230154001477,0.03595913348552657,0.12498714192990164,0.16259413899449113
178,0.0343331841956802,0.03606633500928811,0.12493059083452888,0.1624788412566135
179,0.03442424493804405,0.0361738092550981,0.12490918153604348,0.16236332483198335
180,0.0345187477905314,0.036284980449826684,0.1248991334874219,0.16224757873332274
181,0.03460718104308384,0.036389842519099026,0.1248659740360095,0.16213162404136594
182,0.034735502762634055,0.03653672411858436,0.12497530743504916,0.16201532839591193
183,0.03488280259525409,0.03670367653150533,0.1251504996493526,0.16189863042155433
184,0.03492680922453456,0.03676203245073113,0.12510385877019706,0.16178187818475528
185,0.03504266982427907,0.03689606780613688,0.12511678879191576,0.16166483387853298
186,0.03513311211764595,0.03700343588472284,0.1250970633050322,0.1615475850682447
187,0.0352369354814777,0.037125013291762,0.12509121984464164,0.16143008936371078
188,0.03537232974720335,0.037280036237613424,0.12520975074369645,0.16131224356083967
189,0.035427181558348335,0.037350305692237566,0.12516629336113155,0.16119431806066067
190,0.03551351150079998,0.03745384433143037,0.1250716994528737,0.16107620990668453
191,0.035603228452730715,0.03756105554712324,0.12493702694158154,0.160957910191233
192,0.03573104076426879,0.0377085699426134,0.12495757124105183,0.16083929525482213
193,0.035836598503737355,0.03783273873021128,0.12497027184958309,0.16072044237422942
194,0.035953033506993845,0.037968476960335534,0.12501941875471528,0.16060131892308516
195,0.03606019341657199,0.03809449424366645,0.12505406639443997,0.16048195853239916
196,0.036177560626276604,0.038231370492092624,0.1251377544264145,0.16036232888460283
197,0.03627680757645478,0.03834921169290184,0.1252063456949574,0.16024248941415822
198,0.036410344724224795,0.038503422808041865,0.12537665565425107,0.16012232456340025
199,0.0365009012774352,0.038612323459827444,0.1254993238731928,0.16000197282913142
200,0.03660778546995619,0.03873862280222458,0.12562941895941357,0.15988137657718593
201,0.03668050983672206,0.038828917500780366,0.1256493165947067,0.15976064509204435
202,0.03674612586945378,0.03891179415524085,0.12553464113800467,0.159639799815339
203,0.036792050652211396,0.03897391927883094,0.12521870771363372,0.15951890659984044
204,0.03692268842020321,0.03912586939164334,0.12498835294545502,0.15939769254641653
205,0.03710859177287993,0.03933653581094574,0.12503953977014184,0.15927598533593781
206,0.03726708934303116,0.03951829930305432,0.12525330672535037,0.15915388453876442
207,0.0373563869981508,0.03962675216065967,0.12540658414220182,0.1590316239986981
208,0.0374466489048711,0.03973620602903355,0.12550161554773354,0.15890920469608819
209,0.03751146833226458,0.03981867397666772,0.12545279622599192,0.1587867120984632
210,0.037617774462943045,0.039945289406677034,0.12539811482445504,0.15866401137045805
211,0.03775397022038032,0.04010385954715757,0.12543573936353727,0.1585410038406299
212,0.037868418825877846,0.04023954554220818,0.1254920745535053,0.1584177573515436
213,0.037985328050476656,0.04037803342697362,0.1255739387773459,0.15829426058239615
214,0.03808248469077498,0.04049566953475789,0.12561498232158053,0.15817057690103706
215,0.03814524987621653,0.04057682287486205,0.12550168974408288,0.15804682095509354
216,0.038248702354653843,0.04070131906535936,0.12536706670558634,0.15792286744470735
217,0.03842077680170602,0.04089893757214174,0.1254335655469457,0.15779850355779357
218,0.038519612871725804,0.04101872253945487,0.12546062062819777,0.15767397677603684
219,0.03864321819440697,0.04116497922425272,0.1255275565723837,0.15754921625248453
220,0.038775849323005304,0.04132095396900365,0.12566183840147582,0.15742420060897216
221,0.03888846840429605,0.041455710667583905,0.1257971786815561,0.15729899899974503
222,0.038967474531823594,0.04155477424269227,0.1258246426120976,0.15717371885320808
223,0.03907593424364926,0.04168535928690807,0.12583833938841352,0.1570482577390064
224,0.039165200685636586,0.041795592019192015,0.12577611444605521,0.15692266327706644
225,0.03927921986045512,0.04193238232648299,0.1257163344093488,0.15679684101072197
226,0.039376037209745134,0.04205097445053329,0.12560336285230383,0.1566708392454546
227,0.039469340080094804,0.04216591647995829,0.1254253686682973,0.15654467649320636
228,0.03955131492051963,0.04226882643452975,0.12514599717639885,0.15641840785939762
229,0.03967936170251037,0.0424210273606784,0.12490976702237531,0.15629190761030995
230,0.03987310897441452,0.04264358290941122,0.1250113374192414,0.15616498110671148
231,0.04004779909191838,0.04284590912322983,0.12520732281870384,0.1560376938281721
232,0.040193750558536086,0.04301761826795813,0.12549553843787695,0.15591013453183422
233,0.04028068882391282,0.043126253431915104,0.1256904839789993,0.1557824864460826
234,0.04036057833250379,0.043227422872258475,0.12576993173956877,0.15565477022938595
235,0.04044230545547295,0.04333073006596887,0.12573963032291327,0.15552698039241125
236,0.04056834997804265,0.043481760829398336,0.12573630303450659,0.15539897613532086
237,0.040648389929408515,0.043583739684738006,0.12561759350126575,0.1552709000968799
238,0.04069522938595493,0.043650269918942594,0.12528181701666263,0.15514285493373495
239,0.04074855782460914,0.04372382329986599,0.12474951357689355,0.15501482223396998
240,0.04093257148226802,0.043937656947834275,0.12466964397825944,0.15488639898475587
241,0.04114425134131143,0.04418132696492112,0.12495267264724574,0.154757510603103
242,0.041352693993594064,0.04442162767127238,0.12522220852348445,0.15462817964535988
243,0.04152129031749014,0.04461916458394691,0.1255899168414516,0.15449853904166982
244,0.04165895627792661,0.04478346186716719,0.1260072562559757,0.15436868682473706
245,0.04183545629987431,0.04498964364097437,0.12658917037096884,0.15423849719153135
246,0.04194258714782319,0.04512151514763722,0.1271257571201378,0.15410817791898326
247,0.0424181789362795,0.04565024248619032,0.12871641685965737,0.15397657666135303
248,0.04221952573996462,0.04545386640837605,0.12934502004039847,0.15384577887564782
249,0.04216045554206368,0.04540777406875999,0.12943336660907007,0.15371534197781633
250,0.04211605754162212,0.04537759396447091,0.12902880448871715,0.15358521681954482
251,0.04207098314061951,0.04534668292755879,0.12813269308630112,0.15345541249760092
252,0.042064929957812226,0.045358034012040416,0.1268638847612759,0.15332582762716285
253,0.042461259662249784,0.045803270339231886,0.1264046839967761,0.15319525229168104
254,0.04236603796494504,0.04571814583082214,0.1253087716336994,0.15306522840833492
255,0.04248067576383278,0.04585895407739042,0.12419159105462863,0.15293512350848737
256,0.043345038133733686,0.04680904360124945,0.12603972717925488,0.1528026432023248
257,0.04288687868214639,0.046330863651216934,0.12538113842724452,0.1526718198458299
258,0.042874694749000956,0.04633397905793797,0.12432738201689846,0.15254126250468653
259,0.04324081568820732,0.046745960804467565,0.12464382138808248,0.15240979364397794
260,0.04345827059918211,0.046997659225252966,0.12490687104458915,0.15227784376048278
261,0.04359577435836572,0.04716403255621348,0.12493919850662875,0.1521456413127631
262,0.04424649481297843,0.04788639100926087,0.12643692134435777,0.15201164133729275
263,0.04517382425412176,0.04890901111077109,0.13014490307006096,0.151875050732298
264,0.04524780969257542,0.04900871432804768,0.13367871417161262,0.15173851202000874
265,0.044642567766804614,0.04837282603660213,0.13511555950542462,0.15160412495241732
266,0.04416777517769668,0.04787749160851293,0.13484147372432823,0.15147152216313153
267,0.04405949754783085,0.04777934913147291,0.13390358055477955,0.15133962715974952
268,0.04407679184049002,0.04781840384949788,0.13266183648705776,0.15120810045350228
269,0.04416761334559229,0.047937982826082116,0.13132526484588422,0.15107668221755086
270,0.044230668074754904,0.048027131727517255,0.1298151519753888,0.1509453870674097
271,0.04423497807456405,0.04805149359918359,0.12796601808748184,0.15081432459996005
272,0.04437463230797554,0.048221754659920395,0.12615335741025382,0.15068299938230903
273,0.044944843303742335,0.04885894433502346,0.12556630284753842,0.15055004509425568
274,0.045291033154574126,0.049251964053282776,0.12557414585994495,0.15041606958853532
275,0.04545114079370466,0.049442215994537166,0.1256580780645097,0.15028161524941294
276,0.045081773955395366,0.04905642153160346,0.12436302515346284,0.15014830272005836
277,0.04518884856317993,0.04918937256276145,0.12364035346139986,0.15001482266051086
278,0.045570868094077906,0.049622967998122804,0.12432667421009536,0.14988045662414543
279,0.04586632192277649,0.049963893814207,0.12477240689934536,0.14974551167461297
280,0.04600413807134614,0.05013423232213486,0.12478714995123177,0.1496104657982665
281,0.04616755025698086,0.05033270196802284,0.12486960664399224,0.14947525095361847
282,0.04617680706894137,0.05036316585076846,0.12453377019336902,0.149340353723528
283,0.04615856500507384,0.050363675161223864,0.12412570345228728,0.1492059572331825
284,0.04619469470479022,0.050423464988735824,0.12386612468652483,0.1490720775080844
285,0.04661166743633112,0.05089893564894804,0.12462603235200465,0.14893777696432522
286,0.04687985414358102,0.05121234720019291,0.12498160813161814,0.14880352017600806
287,0.04710635283068011,0.05148057640040426,0.1252218100868938,0.14866925751267826
288,0.0473648972422443,0.05178401406398132,0.12576495829085016,0.14853458798617974
289,0.04741230305730273,0.05185653519239578,0.12606704922673437,0.14839979255745123
290,0.04730464686409925,0.05175939913366203,0.12572111135275563,0.14826509382219027
291,0.04729901831269651,0.05177387506649679,0.1250007680059661,0.1481301199447159
292,0.047459144578425594,0.05196999680654417,0.12434329810005056,0.14799441958834286
293,0.047655200595478585,0.05220598100413661,0.12449839817290312,0.14785798734469435
294,0.04793877049682896,0.05253834856226871,0.124880091189656,0.14772073894123583
295,0.04834325886595775,0.05300348590100587,0.12557112072726398,0.14758253796562532
296,0.048433745084580926,0.05312429033248985,0.12601241197343852,0.14744445779494075
297,0.0485120849505253,0.053231452253347716,0.12629239475319004,0.14730659615342184
298,0.048578202654186775,0.053324977465492,0.12638009611223688,0.14716895281346873
299,0.048622649267623747,0.05339471453742251,0.12622095898801505,0.14703153559742976
300,0.04867111908218358,0.05346928064230633,0.12582730683079024,0.14689432015169077
301,0.04877438633716631,0.05360449243796719,0.12534055092767718,0.14675718198873647
302,0.048927358171767715,0.053794706685516724,0.12488719737320078,0.14662001666408744
303,0.04916206915336328,0.054075059022426056,0.12478627548135965,0.1464825959549699
304,0.049347894310966915,0.054301733888815484,0.12489903672815873,0.14634500952889073
305,0.049504047021514834,0.05449555179373441,0.12493473236837993,0.14620728016294746
306,0.049651852295955846,0.05467993206392459,0.12494787737289482,0.14606941304488627
307,0.049798156621713975,0.05486258449763109,0.12495599420166072,0.14593145628147242
308,0.04994565320358323,0.05504675024672791,0.12496615277496557,0.14579349097245778
309,0.05009658083451057,0.05523505168813882,0.12498403406327495,0.14565558689483302
310,0.050272867660260644,0.05545173079731426,0.12506414851609018,0.14551769772904802
311,0.051928923658838055,0.05730170725873196,0.1288777363685049,0.14537572277175093
312,0.051871846647355245,0.05726291813499739,0.13217019910438305,0.1452342596335154
313,0.05209438192925664,0.05753286327720855,0.13563484718448998,0.14509244103588206
314,0.052043082240042476,0.057500480190606884,0.13859597631052073,0.14495097803148083
315,0.05744361124719383,0.06349398866263511,0.15442258476377302,0.14479513484116813
316,0.06234239915765656,0.0689435585566933,0.1817627902553465,0.14462681772946376
317,0.06632139584917697,0.07338673431270536,0.218232612267144,0.1444555492366671
318,0.06955800160036098,0.07701558769231799,0.2618166132822996,0.14439215826399912
319,0.072194787505656,0.07999222041791831,0.3099450182219319,0.14528130701121908
320,0.07433342574343031,0.08244455366388079,0.35811781646191704,0.1489634077364608
321,0.07607308464227677,0.08447433424652144,0.40126577233078703,0.15587231788816525
322,0.07749831165603885,0.08616489771936064,0.4362519254346512,0.16442770937871204
323,0.07867161939712178,0.08757412910087432,0.46236495636386304,0.17279771286367496
324,0.07964307283685304,0.08874087339938527,0.4806611848078711,0.17977094775992955
325,0.0804527763189369,0.08970900882047916,0.492912548557656,0.18497130826833852
326,0.08113286004851081,0.0905238610565496,0.5008558908530223,0.188566897109478
327,0.08170906836410555,0.09121841583829379,0.5058815888382233,0.19092342621350367
328,0.08220203049633677,0.09181689094018064,0.5089941458747332,0.19240191373143978
329,0.08262827778047042,0.09233856163453064,0.5108728582883204,0.1932874425728182
330,0.08300105819136881,0.09279880276615005,0.5119556417918631,0.1937854312237018
331,0.08333098874495969,0.0932098956612056,0.5125168218818247,0.19403827173407745
332,0.0836265781325167,0.09358166017168429,0.512726706492828,0.19413821623777178
333,0.08389464545425936,0.09392195337745529,0.5126926033372218,0.19413882490163914
334,0.0841406557404418,0.09423706495171408,0.5124843013251715,0.19407029166911047
335,0.08436898881567724,0.09453203159940309,0.5121485903599575,0.1939517423577895
336,0.0845831547606038,0.0948108876782596,0.5117176793361977,0.19379649474915464
337,0.0847859665849113,0.09507686525956179,0.5112143410259925,0.19361390808618278
338,0.08497967861338307,0.09533255400295076,0.510655093119952,0.19341059898673965
339,0.08516609739573608,0.09558002901896714,0.5100521849842601,0.19319134916886788
340,0.08534667059712489,0.09582095318932515,0.5094148696642411,0.1929596937020986
341,0.08552255824180344,0.09605665908337441,0.5087502408751715,0.19271829631524456
342,0.08569468981379152,0.09628821456135404,0.5080637995972822,0.19246919540131652
343,0.08586381002246399,0.096516475326498,0.507359848918888,0.19221396967857973
344,0.0860305154833642,0.096742127030638,0.5066417768055242,0.19195385304644763
345,0.08619528411772073,0.09696571901501022,0.5059122635579745,0.19168981648071637
346,0.08635849871607695,0.09718769135121649,0.5051734371528702,0.1914226279062225
347,0.08652046582448836,0.09740839651470193,0.5044269914949595,0.1911528969112208
348,0.0866814308817685,0.09762811675740829,0.5036742776073821,0.190881108724107
349,0.08684159035195128,0.09784707803382467,0.5029163746510196,0.19060765038307542
350,0.08700110144841655,0.09806546116470138,0.5021541456459399,0.19033283110153668
351,0.08716008992773167,0.09828341078666235,0.5013882814307402,0.19005689823899546
352,0.0873186563363692,0.09850104252702785,0.5006193354826985,0.18978004989663966
353,0.0874768810174043,0.09871844875592259,0.4998477515801826,0.18950244489188772
354,0.08763482812333827,0.09893570319785527,0.4990738858259766,0.18922421068080886
355,0.08779254883233399,0.09915286462895845,0.4982980242085935,0.18894544966408172
356,0.08795008392599016,0.09936997984120195,0.4975203966216422,0.1886662442140303
357,0.0881074658553925,0.09958708601892868,0.4967411880650253,0.18838666068654777
358,0.08826472039702338,0.09980421264423359,0.4959605475999957,0.1881067526254387
359,0.08842186797994708,0.10002138302460042,0.49517859551174803,0.18782656332321157
360,0.08857892474952667,0.10023861551768717,0.49439542904026645,0.18754612786842131
361,0.08873590341997505,0.10045592451330189,0.4936111269667778,0.18726547478300504
362,0.0888928139576599,0.10067332122070674,0.4928257532850268,0.1869846273320099
363,0.0890496641287615,0.10089081429984365,0.4920393601404054,0.1867036045714307
364,0.08920645993821222,0.10110841036742374,0.49125199018319265,0.18642242218662575
365,0.08936320598150085,0.10132611440268963,0.490463678452849,0.18614109316322314
366,0.08951990572664043,0.10154393007273907,0.48967445388690356,0.18585962832402025
367,0.08967656174016429,0.1017618599933576,0.48888434052927454,0.18557803675866277
368,0.08983317586826217,0.10197990593814545,0.4880933584979274,0.18529632616752706
369,0.08998974938196297,0.10219806900618927,0.4873015247598104,0.18501450313694315
370,0.09014628309350148,0.10241634975649741,0.48650885375145936,0.18473257335947044
371,0.09030277744959113,0.10263474831578788,0.4857153578760005,0.1844505418101966
372,0.09045923260618675,0.10285326446491194,0.48492104790116414,0.1841684128878398
373,0.09061564848841311,0.10307189770814945,0.4841259332780138,0.1838861905276789
374,0.09077202483860383,0.10329064732877057,0.4833300223961739,0.18360387829193608
375,0.09092836125481182,0.10350951243358815,0.4825333227881956,0.1833214794421109
376,0.09108465722168271,0.1037284919886822,0.4817358412931814,0.18303899699686843
377,0.09124091213520724,0.10394758484804746,0.480937584187779,0.18275643377836392
378,0.09139712532256877,0.10416678977656657,0.48013855729103494,0.18247379244931208
379,0.09155329605805881,0.10438610546843444,0.4793387660483119,0.18219107554264724
380,0.09170942357584139,0.10460553056193483,0.47853821559843174,0.18190828548525345
381,0.0918655070801925,0.10482506365129318,0.47773691082738606,0.18162542461694742
382,0.09202154575371502,0.10504470329618461,0.4769348564112826,0.18134249520566204
383,0.09217753876393137,0.10526444802936227,0.47613205685067067,0.18105949945958807
384,0.09233348526857607,0.10548429636277867,0.4753285164979607,0.18077643953688166
385,0.09248938441984603,0.10570424679249842,0.4745242395793087,0.18049331755342296
386,0.09264523536781535,0.10592429780264223,0.47371923021207174,0.18021013558901494
387,0.09280103726318062,0.10614444786855405,0.4729134924187082,0.17992689569233394
388,0.09295678925946954,0.10636469545934515,0.47210703013783717,0.17964359988488116
389,0.09311249051481903,0.10658503903993868,0.47129984723301466,0.17936025016413365
390,0.09326814019340862,0.10680547707271379,0.4704919474996856,0.17907684850605649
391,0.09342373746661696,0.10702600801882835,0.46968333467067214,0.17879339686710136
392,0.09357928151395688,0.10724663033928396,0.4688740124204887,0.17850989718579696
393,0.09373477152383211,0.10746734249578449,0.46806398436871777,0.17822635138400983
394,0.09389020669415184,0.10768814295142848,0.4672532540826315,0.17794276136794385
395,0.09404558623283046,0.1079090301712688,0.4664418250792111,0.17765912902893
396,0.0942009093581954,0.1081300026227652,0.465629700826681,0.1773754562440477
397,0.09435617529932146,0.1083510587761514,0.464816884745655,0.1770917448766125
398,0.09451138329630568,0.10857219710473312,0.46400338020997123,0.17680799677655648
399,0.09466653260049465,0.10879341608513103,0.46318919054727714,0.17652421378072308
400,0.0948216224746736,0.10901471419747902,0.46237431903941406,0.17624039771309344
401,0.09497665219322457,0.1092360899255867,0.4615587689226409,0.1759565503849581
402,0.09513162104225986,0.10945754175707323,0.4607425433877279,0.1756726735950458
403,0.09528652831973533,0.10967906818347797,0.4599256455799464,0.17538876912961698
404,0.09544137333554747,0.10990066770035208,0.4591080785989749,0.17510483876253036
405,0.09559615541161777,0.11012233880733534,0.45828984549873686,0.17482088425528738
406,0.0957508738819657,0.11034408000822064,0.45747094928718457,0.17453690735705946
407,0.0959055280927738,0.11056588981100839,0.45665139292603835,0.17425290980470148
408,0.09606011740244522,0.1107877667279527,0.45583117933048956,0.17396889332275478
409,0.09621464118165554,0.11100970927560141,0.4550103113688744,0.17368485962344193
410,0.09636909881339997,0.11123171597483032,0.4541887918623234,0.17340081040665434
411,0.09652348969303633,0.11145378535087289,0.4533666235843918,0.1731167473599356
412,0.09667781322832486,0.11167591593334641,0.4525438092606723,0.17283267215846057
413,0.09683206883946535,0.11189810625627519,0.4517203515683952,0.1725485864650119
414,0.0969862559591315,0.11212035485811069,0.45089625313601595,0.1722644919299541
415,0.09714037403250367,0.11234266028174976,0.45007151654279326,0.1719803901912067
416,0.09729442251729968,0.11256502107455106,0.4492461443183582,0.1716962828742158
417,0.09744840088380387,0.11278743578834943,0.4484201389422763,0.17141217159192562
418,0.09760230861489516,0.11300990297946925,0.44759350284360233,0.1711280579447497
419,0.09775614520607358,0.11323242120873617,0.4467662384004288,0.17084394352054189
420,0.09790991016548575,0.1134549890414879,0.44593834793942927,0.1705598298945673
421,0.09806360301394935,0.11367760504758377,0.4451098337353966,0.1702757186294747
422,0.09821722328497653,0.11390026780141352,0.4442806980107752,0.16999161127526813
423,0.09837077052479658,0.11412297588190495,0.44345094293518944,0.16970750936928003
424,0.0985242442923774,0.11434572787253092,0.4426205706249666,0.16942341443614456
425,0.09867764415944663,0.11456852236131534,0.44178958314265615,0.16913932798777206
426,0.09883096971051145,0.11479135794083874,0.4409579824965431,0.16885525152332423
427,0.09898422054287798,0.11501423320824258,0.4401257706401585,0.16857118652918984
428,0.09913739626666987,0.1152371467652333,0.4392929494717832,0.16828713447896207
429,0.09929049650484591,0.11546009721808537,0.43845952083394923,0.16800309683341577
430,0.09944352089321715,0.1156830831776438,0.4376254865129345,0.16771907504048686
431,0.09959646908046323,0.11590610325932593,0.43679084823825426,0.16743507053525175
432,0.09974934072814805,0.11612915608312249,0.43595560768214636,0.1671510847399082
433,0.0999021355107345,0.11635224027359813,0.4351197664590525,0.16686711906375712
434,0.10005485311559884,0.11657535445989117,0.4342833261250935,0.16658317490318547
435,0.10020749324304425,0.1167984972757127,0.43344628817754033,0.16629925364165002
436,0.10036005560631348,0.1170216673593452,0.4326086540542786,0.16601535664966213
437,0.10051253993160109,0.11724486335364025,0.43177042513326835,0.16573148528477388
438,0.10066494595806502,0.11746808390601585,0.4309316027319975,0.16544764089156494
439,0.1008172734378372,0.117691327668453,0.43009218810692984,0.16516382480163047
440,0.10096952213603372,0.1179145932974916,0.4292521824529474,0.16488003833357046
441,0.1011216918307643,0.1181378794542258,0.42841158690278536,0.16459628279297966
442,0.10127378231314106,0.11836118480429869,0.4275704025264619,0.16431255947243886
443,0.10142579338728651,0.11858450801789636,0.4267286303307005,0.16402886965150715
444,0.10157772487034106,0.11880784776974139,0.4258862712583463,0.16374521459671526
445,0.10172957659246974,0.1190312027390856,0.42504332618777496,0.16346159556155987
446,0.10188134839686827,0.1192545716097023,0.4241997959322944,0.1631780137864992
447,0.10203304013976858,0.11947795306987787,0.4233556812395395,0.1628944704989497
448,0.10218465169044351,0.11970134581240263,0.42251098279085886,0.1626109669132832
449,0.1023361829312108,0.11992474853456139,0.4216657012006943,0.1623275042308262
450,0.10248763375743677,0.12014815993812297,0.42081983701595155,0.16204408363985906
451,0.1026390040775389,0.12037157872932962,0.4199733907153635,0.1617607063156174
452,0.10279029381298814,0.1205950036188852,0.41912636270884435,0.16147737342029364
453,0.10294150289831028,0.12081843332194332,0.4182787533368353,0.1611940861030403
454,0.10309263128108678,0.12104186655809461,0.4174305628696417,0.16091084549997398
455,0.10324367892195507,0.12126530205135347,0.4165817915067599,0.1606276527341803
456,0.10339464579460794,0.12148873853014402,0.4157324393761953,0.1603445089157207
457,0.10354553188579262,0.12171217472728593,0.414882506533771,0.1600614151416394
458,0.1036963371953088,0.12193560937997902,0.41403199296242543,0.15977837249597204
459,0.1038470617360064,0.12215904122978775,0.41318089857150025,0.15949538204975505
460,0.10399770553378261,0.12238246902262499,0.4123292231960177,0.15921244486103656
461,0.10414826862757794,0.12260589150873512,0.41147696659594635,0.1589295619748879
462,0.10429875106937228,0.1228293074426766,0.4106241284554565,0.15864673442341642
463,0.10444915292417974,0.12305271558330398,0.4097707083821631,0.1583639632257796
464,0.10459947427004315,0.12327611469374938,0.40891670590635776,0.15808124938819995
465,0.10474971519802792,0.12349950354140318,0.4080621204802272,0.15779859390398115
466,0.10489987581221513,0.1237228808978944,0.40720695147706054,0.15751599775352523
467,0.10504913623807806,0.1239452778345077,0.40635030548361906,0.157233363608851
468,0.10519800289568301,0.12416728940243166,0.4054920167470706,0.15695062269580476
469,0.10531328116398907,0.12434971015650464,0.40459597360339766,0.15666374763974125
470,0.10537059347278106,0.1244636779640495,0.40360683044168655,0.15636455112543518
471,0.10532127825711952,0.12445157621931696,0.4024301055853957,0.15603721066075132
472,0.10543021197766621,0.12462635953016299,0.401282762389057,0.1556947187075758
473,0.1052232210947429,0.1244273889136012,0.3998358085731906,0.1553059957206845
474,0.1055149635268801,0.12481788264998117,0.3986932089695939,0.15492846753440415
475,0.10532469329031445,0.12463793950731915,0.3972911273064667,0.1545268226243701
476,0.10523323955515387,0.12457436113190382,0.3957806650258403,0.1541050342438136
477,0.10538324498251214,0.12479658253442362,0.3944395827475052,0.1536982369824439
478,0.1054247043982795,0.1248903354232507,0.3931450012539751,0.153283702997836
479,0.10531072671413566,0.12479960853824566,0.391712103594434,0.1528658777923198
480,0.10533373610828813,0.12487118669064702,0.39029555423039713,0.15245852337568871
481,0.1053044293415379,0.12488076129434318,0.3888460849016885,0.15203945155390952
482,0.10506300982722377,0.12463851771471596,0.3871487283188388,0.15158621009292514
483,0.10543397202990192,0.125122841807646,0.38591008218418205,0.15116955526475054
484,0.10511857250012424,0.12491535463140176,0.3843193300147495,0.1507268674077284
485,0.10500652854847178,0.12470296610661082,0.3826425234347711,0.15027362467749636
486,0.10551497851179249,0.1253506657283168,0.381561627331068,0.14988158774509988
487,0.10527318351476479,0.1254579142051246,0.3801858295259414,0.14946535010517567
488,0.1050628330364488,0.12535849017617232,0.3785639766284281,0.14904360948282125
489,0.10501071096844303,0.12524073329033977,0.3768900391978788,0.14862004524383404
490,0.10511253746749732,0.12528787839676517,0.37538403374909385,0.14817241469084574
491,0.10519625213553332,0.12547811751778823,0.37401438286040434,0.14773395288865765
492,0.10493164828918909,0.12539660433810285,0.37235833561326986,0.1472920679457717
493,0.10447458718436888,0.12481352665242837,0.3702344712424697,0.1468074540633793
494,0.10483154918204336,0.12488476834314469,0.36862399742070984,0.14633555282622407
495,0.10501869021959825,0.12515065640807618,0.3673032425508628,0.14587617503293832
496,0.10516170215824518,0.12551437048995323,0.3661619920586943,0.14546272041718142
497,0.10525498744209953,0.126031784598935,0.3650568267627342,0.14511314049881793
498,0.10560719284042068,0.12701220446488784,0.3642401364122143,0.1448125960332224
499,0.10490431138453638,0.12719700640714118,0.3625102442737186,0.1444419097766805
500,0.10452688802485928,0.12697435239776336,0.36035607387414736,0.14400131429292362
501,0.1041560171432606,0.1263522248638885,0.3578953553417073,0.14347337118073886
502,0.10443482971506216,0.12610605102062705,0.3559655324890731,0.14291164313471247
503,0.10388271769699597,0.12524166364806724,0.3536011998110158,0.14231150097664325
504,0.10468609075952122,0.12537806354303047,0.352325720706082,0.14181922912007808
505,0.10529228702793614,0.12627979247492258,0.35174294961822944,0.14144883712547568
506,0.10446651736498244,0.126234400328852,0.3501266663780043,0.14105735179946624
507,0.10441707641354728,0.1261707444735152,0.348395347764888,0.14069242898336645
508,0.10444650133085279,0.12618500894883486,0.34668335986467047,0.14029417175738534
509,0.10457703969320876,0.12639848390099132,0.345179586670371,0.1398455676693578
510,0.10431138595372463,0.1263358959219003,0.34341107693649464,0.13939021782451905
511,0.10429159216118715,0.12629111879835253,0.3416572840406367,0.13895065267477164
512,0.10432529294611281,0.12632755532499199,0.33998211290256986,0.1385116479640026
513,0.10391043399466043,0.12590708456164454,0.33789245192692857,0.1380291395080817
514,0.10398408040076648,0.12561542894905936,0.33598093282042996,0.13755012694455118
515,0.10439381315899703,0.12585609715646223,0.33460710342920075,0.13711136071606778
516,0.10447161319272087,0.12623068078430735,0.3333360548586686,0.13669687804787678
517,0.10493350466787466,0.12720003613836345,0.3325346593984267,0.13636520390278695
518,0.10435748817255845,0.12751836672987615,0.33094710773059327,0.1360239226024164
519,0.1042525376041977,0.127751321274638,0.3291846834077867,0.13565390864664906
520,0.10393676940012572,0.12764598250075784,0.32706461321626584,0.1352242926274326
521,0.10366294303758834,0.1272527134355933,0.32473141467339656,0.13471924192163628
522,0.10388837725236227,0.12717089904008014,0.3227934779528659,0.13421423725566006
523,0.10418194633722487,0.12748188735195543,0.32128609788136464,0.1337476054788888
524,0.1033674824620778,0.12685146626694782,0.3189029687540512,0.13324671753229517
525,0.10369159448407256,0.12664918773153266,0.31698181026236444,0.13278581244533352
526,0.1040835495390587,0.12695784939590463,0.3155599078441749,0.13236065447376016
527,0.10485354409227357,0.12823331872856458,0.3150153101793365,0.13200321212345786
528,0.10469961948028789,0.12936267322120662,0.3141488072180223,0.13170701519537034
529,0.10406173312191475,0.1297625786327133,0.31238507685142763,0.13140091886937622
530,0.10296550511957822,0.12888020688905588,0.309320283210455,0.1309720156268821
531,0.1020118975528141,0.1268877943526068,0.30534351672173377,0.13036492726383755
532,0.10206001109026291,0.12499341083818613,0.3017870134937127,0.12965871674996476
533,0.10333144543600803,0.12467812659583785,0.3000592935104885,0.1290192836194773
534,0.10327526711743404,0.12464608671661129,0.2984467221183467,0.12846263829157106
535,0.10370248198115853,0.12519597460852802,0.29735676236177877,0.12805787833862078
536,0.1038474377646957,0.125602249063684,0.29631475940376845,0.12775920345440525
537,0.1042341722125438,0.12651347008614258,0.29556857980216933,0.12749819203206605
538,0.1023466050646947,0.12518304745757589,0.29251564158112814,0.12710483960768584
539,0.10337838428747617,0.12513983998470507,0.29069412472509437,0.1267213208844756
540,0.10254320762388537,0.12412702943833576,0.2879498608224852,0.1262414664645778
541,0.10279456930728634,0.12432932163748343,0.2856480772704534,0.12572330254736047
542,0.102339786572028,0.12381496653168435,0.2829275049963815,0.1252080693300407
543,0.10290338522401615,0.12453292574202152,0.28097199538712964,0.12473650174497525
544,0.1022500096456259,0.12377676211788727,0.2783335798650258,0.12423908236755492
545,0.1033820611344374,0.12518259300539225,0.27708234485189215,0.12382696156910475
546,0.1041638072742625,0.12634848692559603,0.27667628710946895,0.12351073656732697
547,0.10273392033317626,0.12581885941951462,0.2744703125639056,0.12315923508267568
548,0.10292705600243729,0.12555946915028662,0.2724188432077819,0.12282533330623707
549,0.10331803828566764,0.12581218726496182,0.27076065887096334,0.12249038079462118
550,0.10290747205011656,0.1256052475873128,0.2686156117980769,0.12207822093215628
551,0.10297479532755745,0.12551643522512235,0.2665585489860922,0.12167087318110988
552,0.10266287903576508,0.1250855216509581,0.2641274009857956,0.12126584665784287
553,0.10300870341490591,0.12510987948535282,0.26212321382581755,0.12085629896012028
554,0.10444462198290047,0.1269123869264866,0.2617636949438331,0.12053048981633645
555,0.1028794618898859,0.12684970654287825,0.25945462051066803,0.12017495633575252
556,0.10236557417232514,0.12619754352496115,0.2565014203876664,0.11979464029275097
557,0.10257944090378217,0.12584050409594522,0.25380140858619477,0.11939816472259412
558,0.10153184837047995,0.12424612742641276,0.2499704636509085,0.11888425803322926
559,0.102444981837489,0.12454975007770341,0.24737274603615653,0.11837058897596248
560,0.1020177869869423,0.12406383342573055,0.24436636440210327,0.11787711229324742
561,0.1017740920277814,0.12379988889544845,0.24117410821319854,0.11738352489296515
562,0.1030582487827766,0.12539331246626603,0.23954886679619833,0.11696929245681287
563,0.10378634923331159,0.12670566304929398,0.2387262982640175,0.1166323271172186
564,0.10396114782557164,0.12826463133679475,0.23796976174067597,0.11635343939285647
565,0.10429601492129649,0.13026583507717351,0.23738174401269602,0.11615217270612267
566,0.10255757096625306,0.1301853369376759,0.2345348394947902,0.11589778635026977
567,0.10083220614218773,0.12803792034095166,0.22961304266831734,0.11550789055181171
568,0.10135989198007672,0.12656897447619625,0.22540740756714306,0.11504063899016348
569,0.1016964411846406,0.12554580882627103,0.2217449589902696,0.11452122904561642
570,0.10223122237100608,0.12520641321740184,0.21884321230383008,0.11401808537154304
571,0.10167387666373255,0.12421547806220888,0.21533087152597485,0.11356733024786465
572,0.10223588826150273,0.12472277008529974,0.21248765629098168,0.11317352745470378
573,0.10217858642983256,0.1246816259275948,0.20954694769179583,0.11279894909273978
574,0.10205503135990864,0.12456133774082363,0.2064230914880047,0.11243094977307608
575,0.1026099895093926,0.12527124903753184,0.2039003951368707,0.11208896881615003
576,0.10275774641498374,0.12575666373804137,0.2014652341103342,0.11176938930898009
577,0.10254375938267542,0.12601334795772356,0.19867659200625495,0.11145780536274374
578,0.10594593499497085,0.13045958777720418,0.19975322184926048,0.111230027064453
579,0.1020562395188794,0.13018553453006526,0.19601163581657322,0.11098270699117424
580,0.09916822166227726,0.12641186700574655,0.18876174966581274,0.1106569239374615
581,0.10132517838446083,0.12530659615338963,0.18402986098038787,0.1103113571197397
582,0.10272193711187166,0.1259445727823305,0.1809260766583287,0.10994675826109053
583,0.10317249519538271,0.12716295349295287,0.17829220252500183,0.10960416879744628
584,0.10156746287189651,0.12644302366126312,0.17362791145491602,0.10931650832861811
585,0.10147594877035651,0.1256383299758128,0.16871495277797602,0.10904804296268002
586,0.10152380935055515,0.12491952475801009,0.16372375475831016,0.10877655981263772
587,0.10126595780185225,0.12399333428184907,0.1582914687698663,0.10850820852692865
588,0.10148007719539252,0.12428593475860603,0.15295317258369712,0.10825962001422747
589,0.1015579854356802,0.12441193011817867,0.14751965596096023,0.10803715934538871
590,0.1015157085537334,0.1243877458571475,0.1418246357656558,0.10783874074264926
591,0.10208362081428607,0.12510991070077115,0.13655793396650018,0.1076633355005499
592,0.10267911126013947,0.12597708864765642,0.13172298157694534,0.10750869534186587
593,0.1021199179366908,0.12618725225706143,0.12595005625274855,0.10737119878685554
594,0.1009095481616939,0.12494115878218318,0.11847763063250119,0.10724591425356601
595,0.10130808228098488,0.12427129389339614,0.1176999671059704,0.10712726011541186
596,0.10142418897066723,0.12444282702300712,0.11754339703097368,0.10700848485941235
597,0.10179320974646724,0.12492349910518165,0.11767652499099569,0.10688779464626186
598,0.10253215574442619,0.1258569090283288,0.11823073968449754,0.10676537178288946
599,0.10188631257377627,0.1259471854243972,0.11719018204220474,0.1066446008649359
600,0.10259971295236464,0.12693899770720518,0.11771227641804702,0.10652393316161306
601,0.10200134530581738,0.12722186898755242,0.11673148370897085,0.1064039169989258
602,0.10102757193308964,0.12633574268004086,0.1153297635325133,0.10628449326785162
603,0.10043411604854184,0.12474721053742292,0.11436883620284698,0.10616543077640855
604,0.10149279176263451,0.12473956347121828,0.11528738275059851,0.10604511009165789
605,0.10102805257446555,0.12419381897745174,0.11447472701803915,0.10592537771642237
606,0.10168596410922787,0.12502604728364686,0.11493123412398057,0.10580499240711726
607,0.1017906160384713,0.12520320030503412,0.11475901671660234,0.10568469021762092
608,0.10190497096008819,0.12554467646826853,0.11459822959128002,0.10556451991069594
609,0.10218269567245432,0.12625070266035654,0.11462004515028751,0.10544439995956663
610,0.10197234995413937,0.12672262717647237,0.11409647135590117,0.10532468887871965
611,0.10171643885301905,0.12690527772084084,0.11352524710404635,0.10520490371248434
612,0.10121069354206079,0.12649079544166122,0.11267961003922565,0.10508521738625336
613,0.10105866543628511,0.125913636120631,0.11223092634875603,0.1049656927396485
614,0.1009566603576156,0.12523482547065068,0.11183895212780971,0.1048466695086226
615,0.10263564419081118,0.12664685922821195,0.11341069450459809,0.10472608698031165
616,0.1022487636645167,0.12760444578197788,0.11269572316968729,0.10460632399365909
617,0.10172538981754412,0.1279384241085513,0.11183497600053989,0.10448727152326578
618,0.10102489351681383,0.12742997054091915,0.11078613469815522,0.10436894793876392
619,0.10013480088460125,0.12584703684798837,0.1095386421553295,0.10425136950701586
620,0.10111151039974316,0.12549042551314177,0.1103314722201705,0.10413196293762751
621,0.10150179749221781,0.1256372063405483,0.11047958122520496,0.10401178545044605
622,0.1020884352653444,0.12652856750256086,0.11083706484257515,0.103891194376397
623,0.10090073890581615,0.12597425003509197,0.10927231250197932,0.1037723804303722
624,0.1007904998411267,0.12530233838454888,0.10887991451034838,0.10365389038352715
625,0.10165813301848055,0.12572036056058172,0.1095403172151153,0.10353474101812926
626,0.10205832791900936,0.12665323428200032,0.10969306382641325,0.10341531892681781
627,0.10148325336500184,0.12689673003162735,0.10879871863020746,0.10329672431267932
628,0.10062950010792435,0.12610667897885033,0.10761311347047585,0.10317909988022249
629,0.1003308855057979,0.12496762549410657,0.10702768192051405,0.10306154893072654
630,0.10029039352304298,0.1238301171559872,0.10671896353330913,0.10294371652966618
631,0.10087827203913943,0.12457406477357913,0.10707498840687613,0.10282498804090286
632,0.10127832193018381,0.12508625841361573,0.10722658591207093,0.10270601154878334
633,0.10107362030296531,0.12493691311134296,0.10673789820441507,0.10258794602181144
634,0.10123339257223811,0.12506389265130916,0.10663553378859321,0.10247023763922077
635,0.10086475966278606,0.12468842638612457,0.10597974840647344,0.10235243189448223
636,0.10064540289378708,0.12437068044338753,0.10548389795530551,0.10223423319906609
637,0.10164219977776875,0.12562056588043674,0.10625753129185371,0.10211429416123749
638,0.10170701170610094,0.1263396184843238,0.10605475164005204,0.10199435713851747
639,0.10106472838966114,0.12628194569174836,0.10511878193137114,0.10187596454325153
640,0.10108354410769618,0.1262634245168885,0.10487259347322633,0.1017578912696136
641,0.10090178962714505,0.12603660626770494,0.10441991008068238,0.10163989138368418
642,0.10126285855145144,0.12627277584914753,0.10452729308886144,0.10152087900135967
643,0.10095041876294776,0.12613772416771427,0.10393964169209234,0.10140260257257931
644,0.10057220908470184,0.12555015578859838,0.10328786910207431,0.10128541110547139
645,0.10033022285291923,0.12467794595587198,0.10277932850156027,0.1011684693898298
646,0.10081267348892745,0.1247384448386274,0.10301234747997721,0.1010502604995432
647,0.100771956752396,0.12470115614435806,0.10270970038299176,0.10093145076712351
648,0.10129646878853642,0.1253634430928644,0.10298071932016943,0.1008118963008419
649,0.10136639690366551,0.12582608865725117,0.10278770691576189,0.10069252624181109
650,0.10145939740565682,0.12641703139744465,0.10261863183415379,0.10057362161006123
651,0.10119691794928978,0.1266954585893546,0.10209264885675677,0.10045526991867118
652,0.10107342053316949,0.12683424841828506,0.10170917580684774,0.10033697479658248
653,0.10092950181205051,0.12680839333530064,0.10130611924246744,0.10021885705941697
654,0.10143667779587115,0.12742423435179887,0.10155500439080696,0.10009988371924969
655,0.10089727964917085,0.12738435476000715,0.10075759081729097,0.09998173437985361
656,0.10097559709968577,0.12745321407695737,0.10057875238863163,0.0998642801212039
657,0.10162913617960467,0.12834223219182722,0.10096929736021079,0.09974595076454798
658,0.10086217843164472,0.12829199157950927,0.09995127893486347,0.09962802037218704
659,0.10016619688074214,0.12738906614930184,0.09900886957447123,0.09951090798127463
660,0.09995481452916713,0.12623390792990272,0.0985488913096129,0.09939399850719266
661,0.1002586767107498,0.12546568825153884,0.09859821203785059,0.09927698942202988
662,0.10188266891193895,0.1267193136449093,0.09993677197044107,0.09915773240289842
663,0.10116233495184611,0.12708771804642546,0.09897498067391418,0.09903895478109406
664,0.10130136527208894,0.12763629391728387,0.09885572019472874,0.09891992240566372
665,0.10133934438603079,0.12823925864447527,0.09863739627053073,0.0988013214014813
666,0.10057724527469551,0.12790610155338233,0.09764560391510646,0.0986836963019846
667,0.09993636106707728,0.12678677258644844,0.09677498846730644,0.09856735379557055
668,0.10029177596448748,0.1261170546086477,0.09687268399313431,0.09845070089524283
669,0.10051102045003028,0.12572794859291306,0.09683639579054372,0.09833387499670389
670,0.10130519592321931,0.12633143134455377,0.0973510542207907,0.09821587253288226
671,0.10146276313613695,0.12713524569969276,0.09725066558931941,0.09809756223698281
672,0.10045629902517268,0.12669575846949632,0.09603528809825312,0.09798033529304821
673,0.09962103630757083,0.12522509082033326,0.09499043578123167,0.09786458823288334
674,0.10063254605589604,0.1250131146160412,0.09570883374698054,0.09774715478801868
675,0.10223611264961316,0.12679566222880614,0.0969817840629436,0.09762794501864372
676,0.10260371779291276,0.1290402659339168,0.09707659484876549,0.09750900089738765
677,0.10116998583893098,0.1295121264434895,0.09546968845539136,0.09739095251180273
678,0.10010273522526615,0.1286636288804521,0.09421651718209002,0.09727338906763039
679,0.09985824234162112,0.1275162560836939,0.09374543578929022,0.09715607201156505
680,0.09872639077757984,0.12496990143355094,0.0924465661809643,0.09704005252438934
681,0.09893081204187078,0.12271095027615099,0.09240363253031712,0.09692548833124673
682,0.1008727088373648,0.1251232394024681,0.09397685249480545,0.0968083071928616
683,0.10057958580320507,0.12488594899955648,0.09345888673808771,0.09669151261681837
684,0.10030645581355584,0.12442463953039938,0.09296201768533648,0.09657510036499072
685,0.10009717417926928,0.12416195724543028,0.09252646558193865,0.09645852884745086
686,0.10067318741796265,0.12487336941050887,0.09281723511203012,0.09634104774904349
687,0.10108445886447384,0.12538356831910502,0.09295372840388806,0.09622250101601124
688,0.1003150341349451,0.12481371850029509,0.092003613307436,0.09610499849850265
689,0.10004320443426241,0.12409376855005057,0.09151553560772019,0.09598808470394074
690,0.1019528418707313,0.12646399793120502,0.09302178941002123,0.09586970292400905
691,0.10169542185535514,0.12761063207058373,0.09254333411352622,0.09575194602978335
692,0.10232069800736668,0.12953277757724127,0.09286790627794289,0.09563279304007546
693,0.10171772354105522,0.13070538387525144,0.09207459115249636,0.09551341751003221
694,0.10026733821858298,0.13007684375838377,0.09052007442197024,0.09539649164603137
695,0.09946242254786958,0.12845019583717887,0.08955807551860154,0.09528195933455685
696,0.10003233458812191,0.127529692064093,0.08983658261894845,0.09516698973096899
697,0.09949352147202377,0.1259398762131389,0.08912071756913957,0.09505206858180539
698,0.09984404533873945,0.12478357869438954,0.08920351058051033,0.09493575155029058
699,0.10121604199903397,0.125542511034153,0.09019302695284681,0.09481720868299519
700,0.10158998271914382,0.1265423079951337,0.09028509102206936,0.0946972608656482
701,0.10113686934491176,0.1269734107745706,0.08964263840539428,0.09457749874412218
702,0.100463784483127,0.12656156459428852,0.0888095313652942,0.09445973916077915
703,0.10127544690054541,0.12714843771726897,0.08929042272371161,0.09434158488721753
704,0.10004300696298205,0.1262020546763786,0.08796938767610565,0.0942248329483015
705,0.10068647733039103,0.12605020712612705,0.08830441166512278,0.09410712295953085
706,0.10064282589719072,0.12583983852508993,0.08803453760165048,0.09398969504590647
707,0.10010158099274308,0.12495312112245847,0.08733120922798092,0.0938733281887098
708,0.10018700681165699,0.12421420338521717,0.08717767004077123,0.09375667383077506
709,0.10089028181146295,0.12507811030502997,0.08755806750383469,0.09363883279474067
710,0.09953905308838536,0.12347236735506363,0.08615485786984271,0.09352337634451255
711,0.09963643242213314,0.12350624447439573,0.0860117762223929,0.09340836400105683
712,0.10084637801964871,0.12499689991646575,0.08682561397576115,0.09329245250099477
713,0.10140244679957164,0.12567598998263665,0.0870700873614683,0.0931759282747337
714,0.10181697284726728,0.12685668305605094,0.08719151252677945,0.09305813746864443
715,0.10173455582863784,0.12792423176347084,0.08688602546497314,0.09293938498835834
716,0.09999495799476278,0.1268245808641374,0.08516998795413903,0.0928222847228411
717,0.10095032119922695,0.1268986608382554,0.08575599052272692,0.09270380424626654
718,0.10084293762492975,0.12683020185170146,0.08543631283296041,0.09258542077324572
719,0.1000322313530683,0.12574764836292462,0.08452337501933121,0.09246864576943324
720,0.10124969757359911,0.12616391780824332,0.08532545171920754,0.09235121704608386
721,0.101668204524012,0.12708710100055556,0.0854469607473053,0.0922335862723711
722,0.10108533363924384,0.1272762048255483,0.08472682538948577,0.0921163638222807
723,0.10130011063698251,0.12771795387026125,0.08467768458408649,0.09199890049872735
724,0.10059288411105148,0.12726869208166208,0.08385861740508481,0.09188194306219326
725,0.10119003255583262,0.1275441529083321,0.08412947413082744,0.09176415404277576
726,0.10323747467124406,0.13034098036316763,0.08559927806829284,0.09164399954279456
727,0.10504426700681607,0.13535950684521356,0.08685673626862304,0.09152156947293491
728,0.1036646068628028,0.13865493291176637,0.08547571207697141,0.09140056556969636
729,0.1007053916589365,0.13827260423762655,0.08280602080105853,0.0912832074080273
730,0.0989646686788138,0.13572093459130954,0.08115644301675956,0.09116762362396774
731,0.09780241847682741,0.1317175443094932,0.07999239138275455,0.09105305020250988
732,0.0993571841162381,0.12962602639519175,0.08105387632007229,0.09093687121713076
733,0.10014463465949058,0.1284956702132075,0.0814809116804338,0.09082034774306066
734,0.10169305197156077,0.1292641203256723,0.08251823386310728,0.09070265558285409
735,0.1009800260128503,0.12913071550712996,0.08171409462796571,0.09058622096245236
736,0.09955384956942911,0.12721024242580534,0.08033884228534506,0.09047116030869765
737,0.10071575457416033,0.1267015591363142,0.0810571055150586,0.09035439869685254
738,0.10196881650779162,0.12771711675939265,0.08184209642404366,0.09023593221227245
739,0.10345829230711684,0.13055162982715712,0.08280939548420554,0.09011545891457724
740,0.10243180010367134,0.13209775946437688,0.08175882044483423,0.08999627917736822
741,0.1005664511508175,0.1313198378493793,0.08004774878997643,0.08987968475893254
742,0.0983198212767924,0.1277483200256103,0.07804879807576845,0.08976591747034804
743,0.09937665802129615,0.12546402466163994,0.07868151734857459,0.08965099695155519
744,0.1011128752842246,0.12530524589568476,0.07984450827890173,0.08953391151485848
745,0.10157634919142387,0.12569857461377823,0.07999218142012325,0.08941619204580611
746,0.099948734489409,0.12406111410918082,0.07849164513494997,0.08930087946342498
747,0.1010087186476865,0.12464598114476642,0.0791043121078166,0.08918553399980127
748,0.10200175514820603,0.12584479260905967,0.0796585919846376,0.08907000506912886
749,0.10150231164320905,0.12604674939243338,0.07904683017171706,0.08895480169078607
750,0.10068548459266002,0.12521522334256782,0.07819366495769307,0.08883920068134533
751,0.1019126166428632,0.12587026176639216,0.0789279598357946,0.08872042491385587
752,0.10222971359630396,0.12689127507491701,0.07895207673353602,0.08860011056501466
753,0.10228522214851767,0.1279571913675274,0.07877444181444827,0.08847951883822414
754,0.10025415666551789,0.12649534758254788,0.07699549620854616,0.0883619356392493
755,0.10117122187634961,0.12613700597665917,0.0774878795180927,0.0882439779492599
756,0.10108936072870404,0.1256518717855796,0.07721193536800697,0.08812623951089704
757,0.10052095390840952,0.1244409705741361,0.0765651001833815,0.08800907365492007
758,0.10047070031455982,0.12370084386931195,0.07631482416200414,0.08789220864386582
759,0.10137134824520673,0.1247805955698535,0.07678451782557177,0.08777505405303163
760,0.10070573821200902,0.1239321499360128,0.07606666547103305,0.08765940155048788
761,0.10045782215211566,0.12359759071493635,0.07566820363234003,0.08754410512815043
762,0.10174689619380135,0.12515239708401676,0.0764258857066575,0.08742648254785487
763,0.10120245759903806,0.12460266515135376,0.07580272612484394,0.08730841178021927
764,0.10262764441647514,0.1261712100732784,0.07665539468454795,0.08718822983176945
765,0.10194112646300404,0.12646612526734838,0.07592631840305036,0.08706912047159626
766,0.10238851901808091,0.1272778835736241,0.0760439420486464,0.08694976334328243
767,0.10303476715141213,0.12885124456913735,0.07630742251768474,0.08682978738082366
768,0.10156581718550856,0.12858753589369265,0.07500547179789434,0.08671179433334467
769,0.10052189061787702,0.12701054181203358,0.0740264957419757,0.08659534106428211
770,0.10067532336408583,0.1255903737620694,0.07393310728036982,0.08647880999437933
771,0.1022911971053678,0.12612162579911443,0.07491008034868474,0.08636045923047654
772,0.10262386377104298,0.1270282826805552,0.07494054290753027,0.08624191407562826
773,0.10121120234970073,0.12616757676871426,0.0736975432356765,0.08612528766561589
774,0.10001835535974628,0.12380795863040829,0.07262248431024847,0.08601001073987581
775,0.10051070685738737,0.1232074388353395,0.07277511285052153,0.08589390986274793
776,0.10251225028466354,0.12562416280517985,0.07401545025398791,0.08577523865607672
777,0.1021477825558564,0.12576438059861048,0.07354110075088957,0.08565675398607514
778,0.10177704160757887,0.12541220762428726,0.07306454033778889,0.0855384665411082
779,0.10272426727667384,0.1261804182631189,0.07353361215565332,0.08541898747096682
780,0.10342324949843101,0.12776399045702533,0.07382028258151316,0.08529869954659927
781,0.10349819858087252,0.12939966057451865,0.07366027625912612,0.08517828181059524
782,0.10087252113383495,0.12778337708633125,0.07158432497265398,0.08506097036280157
783,0.10156371875392935,0.12697334283504663,0.07187166373601767,0.08494299814243282
784,0.10143682356355382,0.12596976018495382,0.07157781247188265,0.08482547427550047
785,0.10206410530613305,0.12569533891556545,0.071815658707754,0.08470757192955251
786,0.10317629129666622,0.12674113999905087,0.07239046990282501,0.08458868986368012
787,0.1039038887779352,0.12863292858305006,0.07268899051583635,0.08446927959778601
788,0.10322624636592449,0.12965313930248107,0.07200314630728868,0.08435080706381039
789,0.10218140875032629,0.12935358437145758,0.07106593534355268,0.08423333529924135
790,0.10246584914966654,0.12935679813832315,0.07105700775622545,0.08411507645616888
791,0.1031176445379517,0.13011076224259974,0.07130155794983291,0.08399575532452729
792,0.10209242743377432,0.1295715587972914,0.07038746023825601,0.08387768569524512
793,0.10194521458870685,0.1288104396657859,0.07008368558898212,0.08375995614007545
794,0.10115693576817554,0.12704537119690837,0.06934140347369874,0.08364303446997241
795,0.104390099511312,0.12917398227837035,0.07135319488163148,0.08352201239906089
796,0.10282450555671303,0.12934960544018653,0.07007638320044324,0.08340260993554645
797,0.10209211463810317,0.12858646575640365,0.06937498199177083,0.08328420444830734
798,0.1012238211682272,0.12671901781866432,0.06858541836836213,0.08316707954271729
799,0.10145832363721745,0.12508842858394711,0.06854545502649621,0.08304997534388599
800,0.1019689197928996,0.12403212736102502,0.06869160915841865,0.08293263752044137
801,0.1024270981280241,0.1244530424804926,0.0688001632136253,0.08281519362641947
802,0.10282462800969774,0.12488687227846386,0.06886588825022316,0.08269747430217833
803,0.10311266878020348,0.1251858044921694,0.06885639688841089,0.08257925317467699
804,0.1033063381000278,0.1255551951550542,0.06878263530177657,0.08246044568801648
805,0.10341256280564465,0.12600114785283617,0.0686500639757739,0.08234120977438747
806,0.10324018226353111,0.1261853897988128,0.06833306779004579,0.08222213604657376
807,0.10305030861327936,0.1260872396407076,0.06800613403589584,0.08210357703435468
808,0.10258369429145373,0.12537224286521864,0.06749864433806485,0.08198600123239319
809,0.10250867728890624,0.12451563152319492,0.06725095934307349,0.08186881108214875
810,0.10289182602683337,0.12455632633940791,0.06730399570008377,0.08175123082605615
811,0.10302943553790188,0.12467082134706094,0.06719536864316253,0.08163342533579128
812,0.10331462192401063,0.12496257663797697,0.06718230279891074,0.08151518847840099
813,0.10361949885384085,0.12527637239213135,0.06718018575485403,0.08139644533698609
814,0.10376988134447006,0.12567826343562155,0.06707619656794253,0.08127726704645241
815,0.10365948659968206,0.1258899362871787,0.06680347358916179,0.08115808440499658
816,0.10347291277077586,0.12581928492539707,0.06648296267385936,0.08103922797581237
817,0.10316475853686681,0.12531979888526573,0.06608644473165459,0.08092089602445661
818,0.10293727221809977,0.12448940714519151,0.06574415171509299,0.08080281223509833
819,0.10292986919572636,0.1241044663766059,0.06554417809946295,0.08068450276242387
820,0.10310545140507167,0.12425946904824693,0.0654610986537067,0.08056569274143725
821,0.10336192564190741,0.12451091042808558,0.065428695976242,0.08044640303410441
822,0.10366881984870628,0.12482165261782951,0.06542690592412438,0.08032677305104609
823,0.10383787524932571,0.12496492974719269,0.06533672842011291,0.08020713928165538
824,0.10388884313847078,0.12496499879001471,0.0651715983733062,0.08008773990008679
825,0.10382445890594437,0.12482576913941032,0.06493430489884054,0.07996872950032191
826,0.1037695037541346,0.1246977687606093,0.06470374420754868,0.07985004982969811
827,0.10376518519348822,0.1246307009332372,0.06450563795862728,0.07973154722132883
828,0.10379297780344096,0.12460220395997927,0.06432817956573379,0.07961305627454783
829,0.10385146623490485,0.1246103335657038,0.0641702220753861,0.07949441833235522
830,0.10392343924280191,0.12463411293034957,0.064020815539018,0.07937556437982701
831,0.10396356455734061,0.12461898574656392,0.06385188723144847,0.07925656292753507
832,0.10401913005786903,0.12462160762967886,0.06369251513410808,0.079137481539547
833,0.1040441845272236,0.12458693006645122,0.0635144480511527,0.07901845402282517
834,0.10408245956402137,0.12456744709155626,0.06334451063706685,0.07889954475448685
835,0.10411105650147746,0.12453583759410837,0.06316877134903619,0.0787807953273616
836,0.10413608195313082,0.12449947773591309,0.06299109142705259,0.07866217964053882
837,0.10416333902590202,0.12446533939548904,0.06281511407352815,0.07854361424743055
838,0.104203618509299,0.12444628086633348,0.06264738222661993,0.07842498146655051
839,0.10423924041117151,0.12442114524684549,0.06247722331090416,0.07830620272349309
840,0.10427658548586938,0.12439753050242895,0.06230844404330693,0.07818724613387722
841,0.10431978315956977,0.12438034075503937,0.062143424238350134,0.07806813850487172
842,0.10436383253287607,0.12436359706948306,0.061979096192638965,0.07794895906535608
843,0.10441288729667948,0.12435225792579722,0.06181789138855571,0.07782979408661915
844,0.10444247451634019,0.12431718663146174,0.061645330064322226,0.07771073333128527
845,0.10451511228434182,0.12433281332192048,0.06149835682066677,0.07759174932740712
846,0.10456358831163728,0.12431911835841793,0.06133725108133919,0.07747284752657656
847,0.10459570237463624,0.12428544110411406,0.06116676218650445,0.07735400176891304
848,0.10464036620683208,0.12426616488137668,0.061003869303038714,0.07723515478103982
849,0.10464101562736446,0.12419410761424114,0.06081560018832145,0.07711633040323412
850,0.10467134145058213,0.12415682376307467,0.06064497510898186,0.07699748843878212
851,0.10472750912740676,0.12414968235426045,0.06048956103718362,0.07687860603204284
852,0.1047871534275255,0.12414609491848713,0.060336283487835506,0.07675969003043812
853,0.10515628768574072,0.12450837757084694,0.060360771472603034,0.07664039795388178
854,0.10561312557931117,0.12497316706560263,0.06043388697654076,0.07652063479928678
855,0.10557189042170774,0.12484746512340696,0.06022086311664225,0.07640096570188568
856,0.10555878161810259,0.12475462981401543,0.060024502754289645,0.0762813561396381
857,0.1055136027336893,0.12462350227202827,0.05981049273288895,0.07616183883258834
858,0.10550929165595878,0.12454051398150463,0.05962039268256427,0.07604236426902296
859,0.10542713227497348,0.12436572523632461,0.05938714012810077,0.07592301881829916
860,0.10565658549885809,0.12455824107149338,0.059329853510601625,0.07580344988038508
861,0.1061533585557469,0.12506476995019583,0.05942145597739252,0.07568335675565563
862,0.10591012615531442,0.12476314485360857,0.05909792704063867,0.0755635792397787
863,0.10609759529163287,0.12483872438219502,0.05901568116748232,0.07544363299900901
864,0.10583083608839763,0.12444381154124,0.05868097865263109,0.07532403418544353
865,0.10583854769356185,0.12437152257565973,0.05849986604595124,0.07520447476499334
866,0.10632514348132474,0.12486145193474835,0.05858319650503228,0.07508441662098
867,0.1058905552214731,0.12426876398301458,0.05815849958405823,0.07496490284700265
868,0.10616957879807119,0.12451364024635858,0.05812728536351058,0.0748451290051936
869,0.10626774172748134,0.12454532104775669,0.05799638211976422,0.07472529827214697
870,0.10639821713835562,0.1246140380519483,0.05788308397029487,0.07460537040445728
871,0.10680885076691982,0.12501008157093854,0.0579217559769567,0.07448502529893859
872,0.10716483685106482,0.12535064547081823,0.05792924611799225,0.07436432361153598
873,0.10750313909589293,0.12599968763131286,0.05792587431046975,0.0742432974079396
874,0.1070996689183623,0.12608965622257817,0.057522839686168684,0.07412282046490153
875,0.10662574534792035,0.1255390265686118,0.05708467040207145,0.07400302411571638
876,0.10671285082884231,0.12500319258319315,0.056948973014499166,0.07388331366496692
877,0.1071143137420345,0.12484833166623503,0.056980771546023164,0.07376333826900996
878,0.10694819661146619,0.12456407344586452,0.056710289789319905,0.07364370366893663
879,0.1066525977057104,0.12413218933548623,0.056372682638307865,0.07352450730912531
880,0.10781028420936614,0.1253903577542063,0.056802504783989904,0.07340408566739673
881,0.10745818965515182,0.12528048134527917,0.05643385904600487,0.07328411929964557
882,0.10785804517182274,0.12554413150505198,0.05646115881900305,0.07316378958118008
883,0.10777691952439539,0.1256214956674642,0.056235916461901105,0.07304365975751786
884,0.1076221305980871,0.12542655587677562,0.055973123435415606,0.07292381820391208
885,0.10724703915123146,0.12470464085546537,0.055597667771706806,0.0728044884963339
886,0.1079015108825281,0.12494411864192123,0.05575672057514672,0.07268450230113332
887,0.10936858807737714,0.12654860865542872,0.056331738790190315,0.07256294421192268
888,0.10844955748091772,0.12693870261031304,0.0556750815389405,0.07244246135726215
889,0.10780966208501419,0.1264946684242874,0.055166494683407404,0.07232274392076402
890,0.10815529908246344,0.12635506402785107,0.0551641458793523,0.0722027075903679
891,0.10836834969581129,0.1263656989831114,0.055093189541501504,0.07208252417304412
892,0.10910352183651068,0.12712850942184598,0.05528666642225039,0.0719616573661396
893,0.10820497451000938,0.12675944756275553,0.05465180223646681,0.07184197433243898
894,0.10841669260125099,0.12653768553752187,0.0545804732512333,0.07172228654685239
895,0.10860057964540366,0.12643008256160737,0.05449450558429445,0.0716026144618079
896,0.10808447871634873,0.12563146933715766,0.05405810744110422,0.07148366281372542
897,0.10911231572063157,0.12591598537730536,0.05439474613228991,0.07136365566741545
898,0.11004870357009272,0.12717507383326088,0.054681397467906054,0.07124264814384793
899,0.10990945694588745,0.1281724483854339,0.05443124015392602,0.07112180158501744
900,0.10936977927584794,0.12844950095595611,0.05398463456030892,0.07100156729076043
901,0.10858653359608707,0.12772825941798166,0.053421153778589754,0.0708822557748776
902,0.10965356791936931,0.12812682719942742,0.05376951075378221,0.07076189006675693
903,0.10962700184449939,0.12839316101310733,0.05357928497562463,0.07064171828081144
904,0.10938524330567231,0.12828174349261276,0.05328519617041219,0.07052199108301566
905,0.11088578274801313,0.12978025808683272,0.05383863246768297,0.07040077593930637
906,0.11016632825977264,0.13035284472470832,0.05331063658090287,0.07028045635855729
907,0.10912575576805511,0.129635582228976,0.05263181289388706,0.07016137960891242
908,0.10983258883104202,0.1296195510479196,0.052798580748621204,0.07004169275828019
909,0.10945091568307946,0.1290644367000889,0.05244090084450046,0.0699226262776315
910,0.10913639297985879,0.12804798861287392,0.05211793280518845,0.0698040885799929
911,0.10897671265800635,0.1267466971679653,0.05187063900362801,0.06968585670679876
912,0.10925327575517697,0.12565470235366347,0.05183117604859449,0.06956742333158697
913,0.10951499540311918,0.12475385319829371,0.05178388213562535,0.06944880009567417
914,0.10987500878645542,0.12440021504274609,0.05178226856186212,0.0693298808501644
915,0.11036071562536885,0.12484153814139874,0.05183854793702612,0.0692105217430509
916,0.11071688890471866,0.12513413404984253,0.05183233628504039,0.06909084207874994
917,0.1100463308869343,0.12439996408830688,0.05134585304434816,0.06897193693577981
918,0.11130919224902908,0.12558070975580252,0.05176213123490707,0.0688517478570001
919,0.11113035627729813,0.12584744193918454,0.051504929424953036,0.06873191395492009
920,0.11006516149175857,0.12480274945349677,0.0508399165570376,0.06861346893014458
921,0.11128941224529575,0.1252234171221472,0.051234662903619395,0.06849396049332028
922,0.11124196200493891,0.1252811506405234,0.051040763184751314,0.06837470671660413
923,0.11211310714603674,0.12620530408042832,0.05126786832826966,0.06825465593031832
924,0.11150843982806793,0.126337028153842,0.05081890618513627,0.06813534587035451
925,0.11114409267007452,0.12594652346546895,0.050482014309151724,0.06801652336540827
926,0.11120682785712906,0.12551304618052983,0.05034055363008051,0.06789777644622441
927,0.11110205545421635,0.12484876828554595,0.050123659254166154,0.067779315496876
928,0.11158245529039822,0.12475971740934987,0.0501709772773144,0.06766049970082011
929,0.11232344381505564,0.12547291137258973,0.050333336504928265,0.06754099882825845
930,0.11362091555876445,0.1272770281363277,0.05074122661914072,0.06742015463497643
931,0.11261581027378126,0.12784031020452283,0.05011894864170753,0.06730035177968154
932,0.112898489839881,0.12859979125681123,0.05007304098519049,0.0671801752367932
933,0.11251067993439079,0.12880812057668564,0.0497302397620186,0.06706032839516414
934,0.11198217350421125,0.12831027368405887,0.049328158493650666,0.06694099401727809
935,0.11156618231651794,0.1272337343798749,0.048978946212306126,0.06682212185537484
936,0.11366058567907895,0.12836546051960424,0.049730572013733446,0.06670113101486137
937,0.11311930589404279,0.1287764605352415,0.049324119432269456,0.06658091230324781
938,0.11287871586682012,0.1288008984134232,0.049051259183474194,0.0664611971560845
939,0.1120114656233839,0.12774515017828209,0.048508507670256676,0.06634267786344011
940,0.11231480512799834,0.12690486028660553,0.04847515872600354,0.06622411087579706
941,0.11296191770347429,0.12665909957660845,0.04858921303670244,0.06610510329488878
942,0.11291411406778304,0.12623910088507717,0.0484031657832892,0.06598635205750744
943,0.11265754464835076,0.12541452133562853,0.04812856468126406,0.0658680651263987
944,0.11343424951675356,0.12532305124045523,0.04829524186609759,0.06574917551545956
945,0.11406465292812083,0.12580063964040109,0.04839694257100966,0.06562985309131145
946,0.11402581624465226,0.12610967062454642,0.0482137522665996,0.06551077975403836
947,0.1147915618082319,0.12713338980317843,0.0483706156110874,0.06539106404642704
948,0.11426783588189075,0.12745455100027897,0.047983322845351534,0.06527199653461069
949,0.11417598875080555,0.1275481146923842,0.04777974605854881,0.06515310477025589
950,0.11442001162333432,0.1277824032200024,0.0477173155916026,0.06503408374751583
951,0.11442475490992661,0.12789506375676904,0.04755493890053436,0.06491527555443806
952,0.11520420820893106,0.12873255962547986,0.04771412280002011,0.06479596259956667
953,0.11677537166494376,0.13115590825124304,0.04819731665087803,0.06467536481484537
954,0.11753692297394491,0.13427673122424638,0.048341222485217834,0.06455428864112114
955,0.1161836636481085,0.1357891632661944,0.047615593730953185,0.06443480984759106
956,0.114586828681636,0.13543244668095555,0.046796802199622976,0.0643170725740346
957,0.11413552539942703,0.13445678804947386,0.04645166287264302,0.06419986290991306
958,0.11461609069839249,0.13387613759343228,0.0464873399191826,0.06408224947015043
959,0.113597892203925,0.13206455061177835,0.045916203005508326,0.06396579981855678
960,0.11371800646085647,0.13025821528452514,0.04580837583933557,0.06384933898913996
961,0.11489655028992395,0.1296006572701994,0.04612513635264799,0.06373175481182619
962,0.1158346382809508,0.1298263414309521,0.04634105066305726,0.06361327797709429
963,0.11548490169850258,0.12954037275522817,0.04604019006328711,0.06349523313481326
964,0.11605875963789301,0.1297390675749231,0.04610813943131494,0.0633766945752738
965,0.11526782372006321,0.12894881663865085,0.045633838285623236,0.06325908217001587
966,0.11420523085274002,0.12688015951476178,0.04505637554272567,0.06314272120223294
967,0.1152012261353762,0.12575112032538216,0.0452935285472291,0.06302558710212083
968,0.11599937683998528,0.12534605643783153,0.045449903921371076,0.06290795350566086
969,0.11644365195785703,0.1252828075250714,0.04546580615676733,0.06279021226539501
970,0.11779886721807332,0.12653578854795158,0.045835156748771144,0.0626714316383626
971,0.11793849397524285,0.1277976488816198,0.045728105980320045,0.06255279883732194
972,0.11821035274506837,0.12920881318909133,0.04567209019020206,0.06243413563982521
973,0.11707964162601862,0.12927031846063855,0.04507552583824004,0.06231684486207028
974,0.11652717283145198,0.12860351382956325,0.044705850110537765,0.0622004053441584
975,0.11606077661790037,0.12730295111578868,0.044371878174350704,0.06208482364218326
976,0.11733714197103712,0.12722629170007296,0.044704245297972366,0.061968413177142814
977,0.11866606407203627,0.12842526852342862,0.045052026982957245,0.061851071553995524
978,0.11848866565585978,0.1292943453687728,0.04482502693036055,0.06173413279402668
979,0.11703311276807364,0.128476788318101,0.044117342729408524,0.06161866142679793
980,0.11773707990027371,0.12826546109080642,0.04422709330206101,0.06150236710896593
981,0.11679395014405804,0.12691390046129938,0.04371821214335084,0.061386795381329406
982,0.11729979830180716,0.12595848442024563,0.04375441613054411,0.06127053488327676
983,0.11840647966832102,0.12603243681652654,0.04401267258953134,0.06115309548635645
984,0.11907876930979343,0.12667267454746378,0.04410602602383832,0.06103505809307896
985,0.11906117233749021,0.12714927955856647,0.0439427076977106,0.06091724054006314
986,0.12018923714973785,0.12866751831555429,0.04420141922109642,0.06079857027365787
987,0.11946692870685066,0.1292772323717807,0.04377847468854675,0.060680851906066535
988,0.11919353609124678,0.12945283691224715,0.043523395146620986,0.06056357899394253
989,0.1180475149522405,0.12828058878803902,0.04295290313006061,0.06044757739607027
990,0.11852645460136414,0.12746750006515978,0.0429766987104452,0.06033128510106774
991,0.12025882050569689,0.12832422585756878,0.043452248158545606,0.060213574044028134
992,0.121800324605124,0.13064487388331386,0.0438529411656581,0.06009476480185119
993,0.12247162274607758,0.13351465622492115,0.04393599898269587,0.059975806175439426
994,0.12067547804907466,0.13435671591080459,0.043134839497385696,0.059859091910050545
995,0.12019384927044037,0.13454620502000547,0.042809297285166054,0.05974323434196064
996,0.11964063794512908,0.13401101179356315,0.04246103142587529,0.05962815275311163
997,0.12000417465179512,0.1337070665743461,0.042440060089903565,0.059512859295046745
998,0.12158853587127547,0.13490124401370018,0.042848877380317264,0.05939617045232501
999,0.12256922226730682,0.13696147921436927,0.04304022572906223,0.05927871999903927
1000,0.12313752688957358,0.13945611953254647,0.04308398709360598,0.05916095494875454
1001,0.12304634629426536,0.14169984998133153,0.042896180136871256,0.05904350845580729
1002,0.12194131013577868,0.14264514823992128,0.042357285672820016,0.05892729914886318
1003,0.12123151643697766,0.14270432072845435,0.04196040746553717,0.058811890820751556
1004,0.12015707230156383,0.14150517573445015,0.041441438365795336,0.05869761800271939
1005,0.11900713278164222,0.13897488702206354,0.04090125780241333,0.058584604624706736
1006,0.11912156490017813,0.13641787747989975,0.0407988389793939,0.0584717458226376
1007,0.11990377548970112,0.13451899501840522,0.04092434547018404,0.05835851998217732
1008,0.12113105475996001,0.13373076441252663,0.04119891310021864,0.05824460078207888
1009,0.12108842051845738,0.13274649377385458,0.04103916101474059,0.058131203487884524
1010,0.12197007350395156,0.13251004533010963,0.04119206094452572,0.05801735612615559
1011,0.12132793460343273,0.13146007931144152,0.04082934628047163,0.057904274167665915
1012,0.12410627971353042,0.13308881595932653,0.041616390989756835,0.05778861847319016
1013,0.12319550372314124,0.1336267728954622,0.04116150069573571,0.05767388735592875
1014,0.12305384596514088,0.13386077178732766,0.04096671070728653,0.05755957652867169
1015,0.12173461238842576,0.1325951177302364,0.04038275119765561,0.05744695176172936
1016,0.12185271641482236,0.13129402919560898,0.040279433129023316,0.057334709644984216
1017,0.12190705886221077,0.12989366727018556,0.040155963841336496,0.057222813785027866
1018,0.1221203273771597,0.12855524156718495,0.040085383291766974,0.05711098657334928
1019,0.12390304200239029,0.12886510065568496,0.04052796895103316,0.05699771469805641
1020,0.12302991314820586,0.1281328516096934,0.04009880854758352,0.056885447494891384
1021,0.1247118691393808,0.12893853459650148,0.04050245589917494,0.056771945745014395
1022,0.12493749690018603,0.1298078511895036,0.04042895397085886,0.056658644575845976
1023,0.1247501289025457,0.13032413190644612,0.04022170204564999,0.05654595565770103
1024,0.1246895642636043,0.13061632362096323,0.04005656124878334,0.05643370171392115
1025,0.12423944977025196,0.1302939015866303,0.03976763540638635,0.0563220838310566
1026,0.12456656494167517,0.13013833434061933,0.03972914569649266,0.056210207077705486
1027,0.1243259898029331,0.1295807719127512,0.03951016275670022,0.056098406057033104
1028,0.12435070617315327,0.12888751025632025,0.03937697097845123,0.05598635489114817
1029,0.1255174435169909,0.12919847096802226,0.03960492311867892,0.05587305105256791
1030,0.1261270091231614,0.12943720993677857,0.03949176051059622,0.05575958622436426
1031,0.12466668587173632,0.1274503082191044,0.03870160751564761,0.055648077196449895
1032,0.12290489883685658,0.12467265376347912,0.03836681436414717,0.05553738104746915
1033,0.12218504806817784,0.12134929413091228,0.03800802939182374,0.055427701496753044
1034,0.12440606528985526,0.12339634887018829,0.0385638083323503,0.055316496466402486
1035,0.12437702515607439,0.12320627164267509,0.03841795708678881,0.05520582887412313
1036,0.12456034175609434,0.12322554470507266,0.03833798206792537,0.05509546968314825
1037,0.1258025275451812,0.12428899917029528,0.03858254450781009,0.05498438425067256
1038,0.12677277541602014,0.12428613913314573,0.03849511155027055,0.054873407226285094
1039,0.12601421150683265,0.12241422683108406,0.037830573458870476,0.05476411994112257
1040,0.12574354321698955,0.12273084338987121,0.03784515041438518,0.05465454795187316
1041,0.1253502857263831,0.12244595166327167,0.03767434509868995,0.05454527041729259
1042,0.12513731012579818,0.12245945981610289,0.03759599396866031,0.0544361032776479
1043,0.12527047265733965,0.12263535793451955,0.03756757964794902,0.05432699415211713
1044,0.12532808382900673,0.12239661290112865,0.03741228415359766,0.05421838243694176
1045,0.12527145049178243,0.12211987286649556,0.0372461325188061,0.05411032553551103
1046,0.12368959244675826,0.12046601441352098,0.03666169403394021,0.05400401384273935
1047,0.12424859013336899,0.12111425081907326,0.0367798066797327,0.05389735422305618
1048,0.1240212530707253,0.12072956726088721,0.03658371864274213,0.05379119123866838
1049,0.12347175086307086,0.12003259122000676,0.036293960838829006,0.05368574190935584
1050,0.1267083666857553,0.12301336434633643,0.037115231941805465,0.053577749648441246
1051,0.12720682660842353,0.12166949757937491,0.03662877468908251,0.05347101035664789
1052,0.1273820621338834,0.12118850532907915,0.03640442211563948,0.05336475452053526
1053,0.12627716802105224,0.11978339607905646,0.03590436054883089,0.05325974406540562
1054,0.12406259848430184,0.11854753265731037,0.03545802008050426,0.053155755144621404
1055,0.1233445377779489,0.11892606854185075,0.03549622709730348,0.053051309801685105
1056,0.12306295137109917,0.11849344291235835,0.03529239271051933,0.05294710365082445
1057,0.12472741887861075,0.11993313493447605,0.035646071928929476,0.052841529497370636
1058,0.1245614449570605,0.11960786538453663,0.03547375664377994,0.05273622399582527
1059,0.1250992689672804,0.1199569482231198,0.03550182556549867,0.052630692351883376
1060,0.12499051633640193,0.11958898807340551,0.035317672352629864,0.05252563881766823
1061,0.1248694203771045,0.11939947718537675,0.03518698298776499,0.05242093072349283
1062,0.1254178367290992,0.11975498576873922,0.03521707180853423,0.05231607053820041
1063,0.12577109730848926,0.11952422320047246,0.035074568281895584,0.0522115298657406
1064,0.12689809125759516,0.12009234037990969,0.03516653110875881,0.052106568910208415
1065,0.12731636397322932,0.11924795305590051,0.03484482134532584,0.05200239662060679
1066,0.12627137194341229,0.11768998813464172,0.034316823774123664,0.05189962032701067
1067,0.12558667620909433,0.11786698120762519,0.03429679854769533,0.051796707485035336
1068,0.12469661208151073,0.1175070685213424,0.03412083881501108,0.051694102031020935
1069,0.12380951983937714,0.11705843979805237,0.03392005718453663,0.05159185117960893
1070,0.12388113436415257,0.11696226909144836,0.03382214019302159,0.051489626898899986
1071,0.12356240740272552,0.11649712221722908,0.0336179712223964,0.05138776004231933
1072,0.12439715479878939,0.1171186817443535,0.033727606653431136,0.051285341489404224
1073,0.12466549403435502,0.11720399211785934,0.033682082773618255,0.051182895727372245
1074,0.12395565273045858,0.11636954868148536,0.033372774229056754,0.05108126410067448
1075,0.12473033738861267,0.1169294174343599,0.033464207514073696,0.05097922346002694
1076,0.12426934032571423,0.11632916010969077,0.033223588322396795,0.050877739366644574
1077,0.12411163596844982,0.11601434273339525,0.03306568663027328,0.050776497019098844
1078,0.12484379229539046,0.11653100383306232,0.03314514399322391,0.05067472085151054
1079,0.1248905990789975,0.11640583176502639,0.03304182631989892,0.0505729598855909
1080,0.12414710500831258,0.11554500603678051,0.03273064873425756,0.05047188959173802
1081,0.12385372227271349,0.11510544654397516,0.032540333064158315,0.05037120097756371
1082,0.12396058295003262,0.11503833975693738,0.03245608044948874,0.05027063186889673
1083,0.12319475597647706,0.11416220337010757,0.032144311729440746,0.0501709418529235
1084,0.12439912047139123,0.11511242444745969,0.03234734988398737,0.0500705724670604
1085,0.12505802844276753,0.11555367346504396,0.0324061214306862,0.049969993442539454
1086,0.12572140186125963,0.11594251692816644,0.03244954134958983,0.04986926081849542
1087,0.12551789432269153,0.11497230740274728,0.032112777950851296,0.04976954442741559
1088,0.125051411470989,0.11456076927219187,0.03193348538280037,0.04967032377034528
1089,0.12454551247424667,0.11435571371049967,0.0318124619757093,0.04957136887277879
1090,0.12511459436975117,0.11475652594557673,0.031860162310482165,0.049472098093610764
1091,0.12488800888750272,0.11427465682778302,0.03166282582125743,0.04937322205309588
1092,0.12422389110429197,0.11360379812558022,0.03141424729316857,0.04927486573658396
1093,0.12444703532039525,0.11364056716191717,0.03136228434814786,0.049176399253730865
1094,0.12408743052168437,0.11314485371837005,0.03116382061276687,0.049078288688735434
1095,0.12384618794820107,0.11275840053735407,0.030996416922229934,0.04898046276085704
1096,0.1244553099730995,0.11314605545508069,0.031042220436626716,0.04888228303162295
1097,0.12476318763707779,0.11325763922380098,0.031011987446730862,0.048784023404260066
1098,0.12434291994464582,0.11270784798040985,0.030800992795385576,0.04868628671883131
1099,0.12435128360944522,0.11254753108703708,0.030697249088826945,0.048588756149907424
1100,0.12439184885003282,0.11241605607596533,0.03060175205401164,0.0484914212190579
1101,0.12515884908643635,0.11293993828172218,0.03068468370025041,0.04839372338414243
1102,0.12490939884538277,0.11240192759065855,0.030479050767290256,0.048296582751942825
1103,0.12451684479622134,0.11202271369911683,0.03031749315070648,0.04819985245482703
1104,0.12429462652053841,0.11165474185245615,0.030159827876431587,0.048103504768611624
1105,0.12442132089418491,0.11160059435832423,0.030087596287112175,0.048007248668461705
1106,0.12429881079198626,0.11132294442788587,0.029955545181642014,0.04791126486803584
1107,0.12446568388050207,0.11130470617919887,0.029893809963799187,0.04781533411743154
1108,0.12442527079538131,0.11110069607761726,0.029782500077503844,0.047719638048213095
1109,0.12443366071937721,0.11094024484840859,0.029683333768835127,0.047624169044242985
1110,0.12441463786376526,0.11075527901674871,0.02957802482367211,0.04752897514088105
1111,0.12445133404195617,0.11061986224247347,0.029486348467688998,0.047434030042501074
1112,0.12449128611175513,0.11048721132664048,0.029395752508747524,0.04733933522913103
1113,0.12455453126091802,0.11037508711959845,0.029310955666972966,0.04724486632596188
1114,0.12463646882666256,0.11027928882139779,0.029230819319031473,0.047150595088484376
1115,0.12473342452519437,0.1101964531210648,0.02915443623879528,0.04705649148516024
1116,0.12484244089797349,0.11012389071153007,0.029081083257568762,0.046962525823629545
1117,0.12496114018396975,0.11005945474090449,0.029010185499664057,0.046868671918704655
1118,0.1250876093887322,0.11000143167826038,0.028941284716234174,0.04677491090433672
1119,0.12530791857036352,0.10994845247451517,0.028874011037095956,0.04668123370557874
1120,0.12566592029317858,0.1098994217931744,0.028808062158450984,0.04658764064588349
1121,0.1261656128334208,0.10985346299694145,0.028743190403533646,0.04649413904240973
1122,0.12681019614964595,0.10980987493785563,0.028679195319478254,0.04640074061823067
1123,0.12760222967778903,0.10976809747849095,0.02861591810738507,0.046307459304443105
1124,0.12854375906405244,0.10972768370165516,0.028553235465495905,0.04621430877153815
1125,0.12963641783290178,0.10968827740599692,0.028491052565764945,0.04612129952244692
1126,0.13088150887215272,0.10964959488334661,0.028429296326244725,0.046028436484850964
1127,0.13228006965846342,0.10961141021991094,0.028367910044718718,0.04593571833890099
1128,0.13383292431938004,0.1095735435065024,0.02830684965464162,0.04584313898834165
1129,0.13554072490518224,0.10953585143206693,0.028246081249688318,0.045750690414567585
1130,0.13740398360103004,0.10949821980616598,0.028185579344895913,0.04565836556540881
1131,0.13942309703142441,0.10946055762497486,0.028125325457731973,0.04556616022499607
1132,0.14159836328945558,0.10942279236263909,0.02806530679820442,0.045474073579528776
1133,0.143929991867712,0.10938486623158811,0.028005515024256862,0.04538210783957919
1134,0.1464181062889235,0.10934673320847224,0.027945945103910044,0.045290267502006015
1135,0.14906273894955796,0.10930835666578267,0.0278865943406805,0.045198558697130145
1136,0.15186381751607392,0.10926970748361359,0.027827461595767704,0.04510698879559728
1137,0.15482114216532608,0.1092307625428738,0.027768546708294352,0.045015566233345315
1138,0.15793435304551037,0.1091915035221119,0.027709850090152685,0.04492430042698439
1139,0.16120288755202014,0.10915191593635469,0.027651372459800996,0.044833201677639795
1140,0.16462592735544265,0.10911198836905779,0.027593114677806996,0.04474228104327184
1141,0.16820233557069472,0.10907171185825702,0.02753507765179973,0.0446515502477164
1142,0.17193058499428934,0.10903107940590624,0.02747726228585824,0.04456102176249048
1143,0.17580867893267857,0.10899008558565312,0.027419669456676038,0.04447070923921087
1144,0.17983406676573604,0.10894872622929051,0.027362300004867206,0.044380628491554094
1145,0.1840035569992004,0.10890699817609441,0.027305154734207207,0.044290799232604705
1146,0.18831323111879483,0.10886489907243256,0.02724823441459429,0.0442012477689962
1147,0.19275836202515836,0.10882242721155849,0.027191539786409414,0.04411201083584788
1148,0.19733334116040138,0.10877958140553139,0.027135071565082856,0.04402314072208715
1149,0.20203161859327848,0.1087363608828178,0.027078830445315814,0.04393471178041221
1150,0.20684566027458642,0.10869276520642433,0.027022817104748305,0.043846828338167734
1151,0.21176692637996603,0.1086487942084439,0.026967032207036893,0.04375963392622691
1152,0.21678587410933184,0.10860444793772298,0.026911476404383836,0.043673321627254506
1153,0.22189198751332248,0.10855972661801909,0.026856150339588856,0.04358814521969423
1154,0.2270738358904404,0.10851463061454371,0.02680105464770012,0.043504430668345764
1155,0.23231916108862652,0.10846916040720948,0.02674618995733571,0.04342258739603415
1156,0.23761499271726547,0.10842331656923662,0.026691556891737685,0.04334311867311321
1157,0.2429477889123032,0.10837709975004386,0.026637156069610923,0.0432666303912463
1158,0.24830359899095764,0.10833051066156427,0.026582988105789556,0.04319383745295413
1159,0.2536682431780681,0.10828355006729938,0.02652905361176596,0.04312556701545093
1160,0.2590275036704951,0.10823621877356204,0.02647535319611023,0.04306275788141558
1161,0.2643673206993614,0.108188517622469,0.02642188746480272,0.04300645543375154
1162,0.26967398699799205,0.10814044748633249,0.0263686570214976,0.04295780166678091
1163,0.2749343342023715,0.10809200926316964,0.0263156624677317,0.04291802007026034
1164,0.2801359051860769,0.10804320387310595,0.026262904403090107,0.04288839536885979
1165,0.2852671071194064,0.10799403225549337,0.026210383425337564,0.04287024839778963
1166,0.29031734107586266,0.10794449536659918,0.026158100130522704,0.04286490669018802
1167,0.2952771052056101,0.10789459417775178,0.026106055113061077,0.042873671644841016
1168,0.30013806976561624,0.10784432967385113,0.026054248965801215,0.04289778341211577
1169,0.3048931235526435,0.10779370285217096,0.026002682280077523,0.04293838485886903
1170,0.309536392450675,0.10774271472139423,0.025951355645752655,0.04299648612794271
1171,0.31406323181693724,0.10769136630083465,0.025900269651251768,0.04307293137674217
1172,0.3184701952476213,0.10763965861980734,0.0258494248835903,0.043168369250438716
1173,0.32275498286280424,0.10758759271711833,0.025798821928396755,0.04328322851463632
1174,0.326916372625802,0.10753516964064928,0.025748461369931516,0.043417700045006516
1175,0.33095413837705523,0.1074823904470181,0.025698343791102682,0.04357172606155929
1176,0.3348689582406553,0.10742925620130024,0.025648469773479485,0.043744997124898044
1177,0.3386623168847542,0.10737576797679851,0.02559883989730391,0.04393695700875276
1178,0.3423364048213746,0.10732192685485172,0.025549454741500964,0.04414681515789589
1179,0.3458940175529945,0.10726773392467402,0.025500314883687827,0.04437356606345799
1180,0.349338456946933,0.10721319028321911,0.025451420900182306,0.044616014565463255
1181,0.35267343677399515,0.10715829703506415,0.02540277336601063,0.04487280584587976
1182,0.3559029939096993,0.10710305529230926,0.025354372854914906,0.045142458717685824
1183,0.35903140628364755,0.10704746617448972,0.02530621993936025,0.045423400751023996
1184,0.36206311828850013,0.10699153080849802,0.025258315190541798,0.045714003802951125
1185,0.36500267403280695,0.10693525032851402,0.025210659178391537,0.04601261862213569
1186,0.36785465854550436,0.10687862587594125,0.0251632524715852,0.04631760736845444
1187,0.3706236468146083,0.1068216585993486,0.025116095637549074,0.046627373101072005
1188,0.37331416036632,0.10676434965441553,0.02506918924246696,0.046940385527552385
1189,0.3759306309594033,0.10670670020388084,0.025022533851287127,0.04725520255208239
1190,0.3784773708781752,0.10664871141749395,0.02497613002772943,0.047570487396621855
1191,0.38095854925012235,0.10659038447196786,0.024929978334292512,0.04788502128176249
1192,0.3833781737852773,0.10653172055093403,0.024884079332261198,0.048197711835165774
1193,0.38574007732852145,0.10647272084489834,0.024838433581713934,0.048507597539426066
1194,0.3880479086278667,0.10641338655119797,0.024793041641530483,0.04881384863636077
1195,0.390305126746957,0.10635371887395921,0.02474790406939971,0.04911576497229402
1196,0.3925149985846569,0.10629371902405571,0.0247030214218276,0.0494127713023188
1197,0.3946805990053649,0.1062333882190672,0.02465839425414531,0.04970441057570904
1198,0.39680481312795607,0.10617272768323872,0.024614023120517563,0.04999033570529818
1199,0.3988903403669049,0.10611173864743983,0.024569908573951037,0.05027030028662112
