,total_score_hist,u_hist,speed_hist
0,0.0,1.2474040353690445,1.0
1,0.0,1.2474040353690445,1.049480807073809
2,0.0,1.2474040353690445,1.0890654527328563
3,0.0,1.2474040353690445,1.120733169260094
4,0.0,1.2474040353690445,1.1460673424818841
