,total_score_hist,u_hist,speed_hist
0,0.0,1.33,1.0
1,0.0,1.33,1.066
2,0.0,1.33,1.1188000000000002
3,0.0,1.33,1.1610400000000003
4,0.0,1.33,1.1948320000000003
