,total_score_hist,u_hist,speed_hist
0,0.0,1.33,1.0
1,0.0,1.33,1.066
2,0.0,1.0760283420724477,1.1188000000000002
3,0.0,1.1709918347727746,1.11024566841449
4,0.0,1.33,1.122394901686147
